group	x	y	clickSelects
4917	-1325419200	9.9	858922
4917	-1322740800	10.9	858922
4917	-1320235200	9.6	858922
4917	-1317556800	8.3	858922
4917	-1314964800	8.3	858922
4919	-2208945600	12.3	859310
4919	-2206267200	11.9	859310
5046	-2177409600	14.8	879120
5046	-2174731200	15.5	879120
5046	-2172312000	14.8	879120
5046	-2169633600	11.6	879120
5046	-2167041600	6.3	879120
5046	-2164363200	2.3	879120
5046	-2161771200	1.3	879120
5046	-2159092800	4.3	879120
5046	-2156414400	6.7	879120
5046	-2153822400	8.5	879120
5046	-2151144000	10.2	879120
5046	-2148552000	15	879120
5046	-2145873600	11.2	879120
5046	-2143195200	10.9	879120
5046	-2140776000	12.3	879120
5046	-2138097600	7.8	879120
5046	-2135505600	5.5	879120
5046	-2132827200	2.3	879120
5046	-2130235200	0.5	879120
5046	-2127556800	3.4	879120
5046	-2124878400	5.4	879120
5046	-2122286400	8.8	879120
5046	-2119608000	11.7	879120
5046	-2117016000	13.7	879120
5046	-2114337600	13.9	879120
5046	-2111659200	12.8	879120
5046	-2109240000	11.5	879120
5046	-2106561600	8.7	879120
5046	-2103969600	6.1	879120
5046	-2101291200	1.4	879120
5046	-2098699200	1.9	879120
5046	-2096020800	3.1	879120
5046	-2093342400	5.4	879120
5046	-2090750400	7.7	879120
5046	-2088072000	11.8	879120
5046	-2085480000	14.2	879120
5046	-2082801600	16.6	879120
5046	-2080123200	14.3	879120
5046	-2077617600	12.9	879120
5046	-2074939200	9.6	879120
5046	-2072347200	6.1	879120
5046	-2069668800	2.8	879120
5046	-2067076800	-1.6	879120
5046	-2064398400	3.5	879120
5046	-2061720000	5.8	879120
5046	-2059128000	8.7	879120
5046	-2056449600	11.6	879120
5046	-2053857600	12.7	879120
5046	-2051179200	14.7	879120
5046	-2048500800	12	879120
5046	-2046081600	11.6	879120
5046	-2043403200	9.5	879120
5046	-2040811200	3.2	879120
5046	-2038132800	2.2	879120
5046	-2035540800	0.7	879120
5046	-2032862400	3	879120
5046	-2030184000	5.9	879120
5046	-2027592000	7.8	879120
5046	-2024913600	12.7	879120
5046	-2022321600	12.4	879120
5046	-2019643200	15.7	879120
5046	-2016964800	14.1	879120
5046	-2014545600	10.9	879120
5046	-2011867200	7.7	879120
5046	-2009275200	1.7	879120
5046	-2006596800	-1.5	879120
5046	-2004004800	0.1	879120
5046	-2001326400	4.4	879120
5046	-1998648000	7	879120
5046	-1996056000	10.2	879120
5046	-1993377600	12.9	879120
5046	-1990785600	12.3	879120
5046	-1988107200	15.4	879120
5046	-1985428800	15.3	879120
5046	-1983009600	12.4	879120
5046	-1980331200	9.1	879120
5046	-1977739200	5.1	879120
5046	-1975060800	-0.5	879120
5046	-1972468800	1.1	879120
5046	-1969790400	3	879120
5046	-1967112000	5	879120
5046	-1964520000	8.4	879120
5046	-1961841600	12.2	879120
5046	-1959249600	10.9	879120
5046	-1956571200	14.1	879120
5046	-1953892800	15	879120
5046	-1951387200	13	879120
5046	-1948708800	8.2	879120
5046	-1946116800	5.9	879120
5046	-1943438400	4.3	879120
5046	-1940846400	2.7	879120
5046	-1938168000	4	879120
5046	-1935489600	7.6	879120
5046	-1932897600	7.9	879120
5046	-1930219200	10.4	879120
5046	-1927627200	12.4	879120
5046	-1924948800	14.7	879120
5046	-1922270400	14.8	879120
5046	-1919851200	12.9	879120
5046	-1917172800	10.6	879120
5046	-1914580800	6	879120
5046	-1911902400	2.4	879120
5046	-1909310400	4	879120
5046	-1906632000	3.7	879120
5046	-1903953600	6.2	879120
5046	-1901361600	10.4	879120
5046	-1898683200	11.8	879120
5046	-1896091200	12.1	879120
5046	-1893412800	13.8	879120
5046	-1890734400	13	879120
5046	-1888315200	11.2	879120
5046	-1885636800	6.1	879120
5046	-1883044800	5.4	879120
5046	-1880366400	1.3	879120
5046	-1877774400	1.2	879120
5046	-1875096000	4	879120
5046	-1872417600	7.6	879120
5046	-1869825600	10.5	879120
5046	-1867147200	12.7	879120
5046	-1864555200	15	879120
5046	-1861876800	15	879120
5046	-1859198400	13.6	879120
5046	-1856779200	13.1	879120
5046	-1854100800	8.1	879120
5046	-1851508800	5	879120
5046	-1848830400	4	879120
5046	-1846238400	4.3	879120
5046	-1843560000	3.3	879120
5046	-1840881600	5.7	879120
5046	-1838289600	9	879120
5046	-1835611200	10.1	879120
5046	-1833019200	13.7	879120
5046	-1830340800	15.4	879120
5046	-1827662400	12.8	879120
5046	-1825156800	11	879120
5046	-1822478400	8.6	879120
5046	-1819886400	4.1	879120
5046	-1817208000	2	879120
5046	-1814616000	3.1	879120
5046	-1811937600	1.5	879120
5046	-1809259200	6.9	879120
5046	-1806667200	11.1	879120
5046	-1803988800	10.6	879120
5046	-1801396800	13.5	879120
5046	-1798718400	16.6	879120
5046	-1796040000	15	879120
5046	-1793620800	13	879120
5046	-1790942400	8.8	879120
5046	-1788350400	4.2	879120
5046	-1785672000	-0.1	879120
5046	-1783080000	1.6	879120
5046	-1780401600	3	879120
5046	-1777723200	8.3	879120
5046	-1775131200	9.4	879120
5046	-1772452800	12.9	879120
5046	-1769860800	14.4	879120
5046	-1767182400	14.1	879120
5046	-1764504000	15.2	879120
5046	-1762084800	14	879120
5046	-1759406400	8.8	879120
5046	-1756814400	5.4	879120
5046	-1754136000	-0.2	879120
5046	-1751544000	0.5	879120
5046	-1748865600	2.4	879120
5046	-1746187200	4.6	879120
5046	-1743595200	8.9	879120
5046	-1740916800	9.6	879120
5046	-1738324800	13.2	879120
5046	-1735646400	14	879120
5046	-1732968000	14	879120
5046	-1730548800	14.4	879120
5046	-1727870400	6.9	879120
5046	-1725278400	2.8	879120
5046	-1722600000	0.6	879120
5046	-1720008000	3.4	879120
5046	-1717329600	3.7	879120
5046	-1714651200	7.5	879120
5046	-1712059200	10.4	879120
5046	-1709380800	12.6	879120
5046	-1706788800	14.2	879120
5046	-1704110400	15	879120
5046	-1701432000	15.6	879120
5046	-1698926400	12	879120
5046	-1696248000	8.7	879120
5046	-1693656000	6.3	879120
5046	-1690977600	2	879120
5046	-1688385600	1.9	879120
5046	-1685707200	4.6	879120
5046	-1683028800	6.7	879120
5046	-1680436800	10.1	879120
5046	-1677758400	11.2	879120
5046	-1675166400	13.5	879120
5046	-1672488000	15	879120
5046	-1669809600	15.3	879120
5046	-1667390400	12.7	879120
5046	-1664712000	9.5	879120
5046	-1662120000	6.5	879120
5046	-1659441600	2.6	879120
5046	-1656849600	4.3	879120
5046	-1654171200	3.7	879120
5046	-1651492800	6.3	879120
5046	-1648900800	10.9	879120
5046	-1646222400	14	879120
5046	-1643630400	13.6	879120
5046	-1640952000	14.8	879120
5046	-1638273600	15.7	879120
5046	-1635854400	11.6	879120
5046	-1633176000	9.1	879120
5046	-1630584000	2.8	879120
5046	-1627905600	2.6	879120
5046	-1625313600	0.4	879120
5046	-1622635200	0.8	879120
5046	-1619956800	4.9	879120
5046	-1617364800	10.5	879120
5046	-1614686400	11	879120
5046	-1612094400	14.4	879120
5046	-1609416000	15.5	879120
5046	-1606737600	14.5	879120
5046	-1604318400	14.9	879120
5046	-1601640000	7.5	879120
5046	-1599048000	5	879120
5046	-1596369600	3	879120
5046	-1593777600	2.4	879120
5046	-1591099200	4.9	879120
5046	-1588420800	5.4	879120
5046	-1585828800	9	879120
5046	-1583150400	10.3	879120
5046	-1580558400	14.3	879120
5046	-1577880000	15.4	879120
5046	-1575201600	15	879120
5046	-1572696000	11.4	879120
5046	-1570017600	9.8	879120
5046	-1567425600	5	879120
5046	-1564747200	3	879120
5046	-1562155200	2.1	879120
5046	-1559476800	5.9	879120
5046	-1556798400	7.4	879120
5046	-1554206400	7.6	879120
5046	-1551528000	11.5	879120
5046	-1548936000	13.4	879120
5046	-1546257600	14.5	879120
5046	-1543579200	13.4	879120
5046	-1541160000	12.6	879120
5046	-1538481600	9.3	879120
5046	-1535889600	3.5	879120
5046	-1533211200	2.9	879120
5046	-1530619200	2.7	879120
5046	-1527940800	2.6	879120
5046	-1525262400	6.4	879120
5046	-1522670400	10.1	879120
5046	-1519992000	12.8	879120
5046	-1517400000	13.3	879120
5046	-1514721600	15	879120
5046	-1512043200	14.3	879120
5046	-1509624000	11.6	879120
5046	-1506945600	9.5	879120
5046	-1504353600	6.1	879120
5046	-1501675200	0.8	879120
5046	-1499083200	3.1	879120
5046	-1496404800	4.4	879120
5046	-1493726400	7.6	879120
5046	-1491134400	8.8	879120
5046	-1488456000	13.4	879120
5046	-1485864000	15.5	879120
5046	-1483185600	15.2	879120
5046	-1480507200	14.8	879120
5046	-1478088000	10.7	879120
5046	-1475409600	8	879120
5046	-1472817600	7.5	879120
5046	-1470139200	1.6	879120
5046	-1467547200	-1.5	879120
5046	-1464868800	1	879120
5046	-1462190400	6	879120
5046	-1459598400	7.3	879120
5046	-1456920000	11.7	879120
5046	-1454328000	12.5	879120
5046	-1451649600	16	879120
5046	-1448971200	13.3	879120
5046	-1446465600	12.4	879120
5046	-1443787200	8.8	879120
5046	-1441195200	6.2	879120
5046	-1438516800	3.1	879120
5046	-1435924800	0.9	879120
5046	-1433246400	4.6	879120
5046	-1430568000	7.2	879120
5046	-1427976000	11.1	879120
5046	-1425297600	12.1	879120
5046	-1422705600	14.2	879120
5046	-1420027200	14	879120
5046	-1417348800	14.7	879120
5046	-1414929600	12.6	879120
5046	-1412251200	9.2	879120
5046	-1409659200	5.8	879120
5046	-1406980800	3.1	879120
5046	-1404388800	2.2	879120
5046	-1401710400	4.3	879120
5046	-1399032000	3.7	879120
5046	-1396440000	9.6	879120
5046	-1393761600	12.4	879120
5046	-1391169600	15.3	879120
5046	-1388491200	13.5	879120
5046	-1385812800	15.5	879120
5046	-1383393600	11	879120
5046	-1380715200	7.3	879120
5046	-1378123200	5.8	879120
5046	-1375444800	0.8	879120
5046	-1372852800	-1	879120
5046	-1370174400	3.4	879120
5046	-1367496000	5.3	879120
5046	-1364904000	8	879120
5046	-1362225600	11.9	879120
5046	-1359633600	14.8	879120
5046	-1356955200	14.3	879120
5046	-1354276800	14.9	879120
5046	-1351857600	13.4	879120
5046	-1349179200	10.8	879120
5046	-1346587200	5.2	879120
5046	-1343908800	0.9	879120
5046	-1341316800	1.3	879120
5046	-1338638400	4.5	879120
5046	-1335960000	5	879120
5046	-1333368000	9.1	879120
5046	-1330689600	11.4	879120
5046	-1328097600	13.2	879120
5046	-1325419200	13.4	879120
5046	-1322740800	14.1	879120
5046	-1320235200	11.7	879120
5046	-1317556800	8.8	879120
5046	-1314964800	4.5	879120
5046	-1312286400	2.4	879120
5046	-1309694400	1.6	879120
5046	-1307016000	5	879120
5046	-1304337600	9	879120
5046	-1301745600	10.2	879120
5046	-1299067200	11.2	879120
5046	-1296475200	12.4	879120
5046	-1293796800	15	879120
5046	-1291118400	14.1	879120
5046	-1288699200	13.1	879120
5046	-1286020800	9.6	879120
5046	-1283428800	5	879120
5046	-1280750400	2.3	879120
5046	-1278158400	3.2	879120
5046	-1275480000	3.9	879120
5046	-1272801600	5.9	879120
5046	-1270209600	9.5	879120
5046	-1267531200	11.5	879120
5046	-1264939200	11.7	879120
5046	-1262260800	14.5	879120
5046	-1259582400	14.8	879120
5046	-1257163200	9.9	879120
5046	-1254484800	9.2	879120
5046	-1251892800	3.3	879120
5046	-1249214400	-0.3	879120
5046	-1246622400	-0.6	879120
5046	-1243944000	0.3	879120
5046	-1241265600	7.2	879120
5047	-1230724800	14.5	879250
5047	-1228046400	12.9	879250
5047	-1225627200	10.9	879250
5047	-1222948800	8.4	879250
5047	-1220356800	5	879250
5047	-1217678400	1.8	879250
5047	-1215086400	1.3	879250
5047	-1212408000	4.5	879250
5047	-1209729600	4.9	879250
5047	-1207137600	8.2	879250
5047	-1204459200	9.5	879250
5047	-1201867200	11.7	879250
5047	-1199188800	12.5	879250
5047	-1196510400	13.1	879250
5047	-1194004800	10.9	879250
5047	-1191326400	6.7	879250
5047	-1188734400	5.3	879250
5047	-1186056000	-0.6	879250
5047	-1183464000	-0.2	879250
5047	-1180785600	2.9	879250
5047	-1178107200	5.7	879250
5047	-1175515200	10	879250
5047	-1172836800	10.6	879250
5047	-1170244800	11.2	879250
5047	-1167566400	12.5	879250
5047	-1164888000	11.9	879250
5047	-1162468800	10.9	879250
5047	-1159790400	8.3	879250
5047	-1157198400	3.3	879250
5047	-1154520000	2.1	879250
5047	-1151928000	2.2	879250
5047	-1149249600	3.3	879250
5047	-1146571200	6.2	879250
5047	-1143979200	7.6	879250
5047	-1141300800	8.8	879250
5047	-1138708800	10.3	879250
5047	-1136030400	13.6	879250
5047	-1133352000	10.8	879250
5047	-1130932800	9.7	879250
5047	-1128254400	8.1	879250
5047	-1125662400	3.5	879250
5047	-1122984000	-0.7	879250
5047	-1120392000	1.6	879250
5047	-1117713600	3.9	879250
5047	-1115035200	6.6	879250
5048	123595200	11	879340
5048	126273600	10.4	879340
5048	128952000	10.5	879340
5048	131371200	8.5	879340
5048	134049600	6	879340
5048	136641600	1	879340
5048	139320000	-0.4	879340
5048	141912000	-0.9	879340
5048	144590400	0.7	879340
5048	147268800	4	879340
5048	149860800	6.6	879340
5048	152539200	8.3	879340
5048	155131200	9.8	879340
5048	157809600	11.1	879340
5048	160488000	9.4	879340
5048	162907200	8.7	879340
5048	165585600	5.4	879340
5048	168177600	3.5	879340
5048	170856000	0.4	879340
5048	173448000	-0.8	879340
5048	176126400	0.4	879340
5048	178804800	3.7	879340
5048	181396800	6	879340
5048	184075200	7.9	879340
5048	186667200	8.7	879340
5048	189345600	9	879340
5048	192024000	10.6	879340
5048	194529600	6.2	879340
5048	197208000	5.4	879340
5048	199800000	3.5	879340
5048	202478400	-1.6	879340
5048	205070400	-0.1	879340
5048	207748800	1.3	879340
5048	210427200	3	879340
5048	213019200	5.6	879340
5048	215697600	7.4	879340
5048	218289600	7.6	879340
5048	220968000	10.2	879340
5048	223646400	9.9	879340
5048	226065600	8.1	879340
5048	228744000	5.5	879340
5048	231336000	2.8	879340
5048	234014400	0.3	879340
5048	236606400	-1	879340
5048	239284800	-0.6	879340
5048	241963200	2.2	879340
5048	244555200	6.1	879340
5048	247233600	8.2	879340
5048	249825600	11.5	879340
5048	252504000	11.2	879340
5048	255182400	10.7	879340
5048	257601600	8.8	879340
5048	260280000	6.2	879340
5048	262872000	3.1	879340
5048	265550400	1.3	879340
5048	268142400	-0.4	879340
5048	270820800	1.5	879340
5048	273499200	3.9	879340
5048	276091200	5.9	879340
5048	278769600	7.5	879340
5048	281361600	10.3	879340
5048	284040000	11.3	879340
5048	286718400	11	879340
5048	289137600	8.8	879340
5048	291816000	7.1	879340
5048	294408000	2.5	879340
5048	297086400	1.2	879340
5048	299678400	0.9	879340
5048	302356800	0.3	879340
5048	305035200	2.8	879340
5048	307627200	5.4	879340
5048	310305600	7	879340
5048	312897600	11.1	879340
5048	315576000	10.7	879340
5048	318254400	9.8	879340
5048	320760000	8	879340
5048	323438400	3.7	879340
5048	326030400	2.2	879340
5048	328708800	0.2	879340
5048	331300800	0.2	879340
5048	333979200	1.6	879340
5048	336657600	3.5	879340
5048	339249600	6.2	879340
5048	341928000	7.1	879340
5048	344520000	9.9	879340
5048	347198400	10.9	879340
5048	349876800	10.4	879340
5048	352296000	7.2	879340
5048	354974400	5.4	879340
5048	357566400	2.9	879340
5048	360244800	-0.2	879340
5048	362836800	0.6	879340
5048	365515200	1.6	879340
5048	368193600	3.2	879340
5048	370785600	7.1	879340
5048	373464000	8.4	879340
5048	376056000	10.3	879340
5048	378734400	12.2	879340
5048	381412800	10.9	879340
5048	383832000	8.1	879340
5048	386510400	6.8	879340
5048	389102400	4.3	879340
5048	391780800	-0.5	879340
5048	394372800	-1.5	879340
5048	397051200	0.3	879340
5048	399729600	3.1	879340
5048	402321600	5.6	879340
5048	4.05e+08	7.9	879340
5048	407592000	10	879340
5048	410270400	11.3	879340
5048	412948800	9.2	879340
5048	415368000	8.1	879340
5048	418046400	6.1	879340
5048	420638400	2.8	879340
5048	423316800	-0.6	879340
5049	-2966328000	11.5	879380
5049	-2963649600	11.5	879380
5049	-2961144000	8.5	879380
5049	-2958465600	6.8	879380
5049	-2955873600	7.4	879380
5049	-2953195200	4.3	879380
5049	-2950603200	3	879380
5049	-2947924800	8	879380
5049	-2945246400	6.3	879380
5049	-2942654400	7.3	879380
5049	-2939976000	10.2	879380
5049	-2937384000	15.8	879380
9239	-1309694400	4.8	858922
9239	-1307016000	5.9	858922
9239	-1304337600	6.5	858922
9239	-1301745600	8.1	858922
9239	-1299067200	7.8	858922
9239	-1296475200	8.5	858922
9239	-1293796800	10.9	858922
9239	-1291118400	10.4	858922
9239	-1288699200	10	858922
9239	-1286020800	8.8	858922
9239	-1283428800	7.3	858922
9241	-2201169600	9.2	859310
9241	-2198577600	6.3	859310
9241	-2195899200	4.3	859310
9241	-2193307200	1.7	859310
9241	-2190628800	3	859310
9241	-2187950400	7.9	859310
9241	-2185358400	6.8	859310
9241	-2182680000	7.6	859310
9241	-2180088000	10.3	859310
9241	-2177409600	13.3	859310
9241	-2174731200	12	859310
9241	-2172312000	10.4	859310
9241	-2169633600	8.7	859310
9241	-2167041600	5.8	859310
9241	-2164363200	3.5	859310
9241	-2161771200	2.1	859310
9241	-2159092800	2.9	859310
9241	-2156414400	4.4	859310
9241	-2153822400	7	859310
9241	-2151144000	8.7	859310
9241	-2148552000	11.4	859310
9241	-2145873600	10.8	859310
9241	-2143195200	10	859310
9241	-2140776000	9.6	859310
9241	-2138097600	8.6	859310
9241	-2135505600	4.4	859310
9241	-2132827200	2	859310
9241	-2130235200	1	859310
9241	-2127556800	1.8	859310
9241	-2124878400	2.6	859310
9241	-2122286400	5.4	859310
9241	-2119608000	7.5	859310
9241	-2117016000	10.5	859310
9241	-2114337600	11.2	859310
9241	-2111659200	10.9	859310
9241	-2109240000	9	859310
9241	-2106561600	7.3	859310
9241	-2103969600	5.6	859310
9241	-2101291200	2.5	859310
9241	-2098699200	2.6	859310
9241	-2096020800	3.1	859310
9241	-2093342400	4.5	859310
9241	-2090750400	6.7	859310
9241	-2088072000	9.3	859310
9241	-2085480000	10.7	859310
9241	-2082801600	12.8	859310
9241	-2080123200	11.8	859310
9241	-2077617600	9.7	859310
9241	-2074939200	8	859310
9241	-2072347200	4.3	859310
9241	-2069668800	3.8	859310
9241	-2067076800	0.8	859310
9241	-2064398400	2.9	859310
9241	-2061720000	4.1	859310
9241	-2059128000	5.9	859310
9241	-2056449600	8.4	859310
9241	-2053857600	10.1	859310
9241	-2051179200	11.8	859310
9241	-2048500800	10	859310
9241	-2046081600	9.6	859310
9241	-2043403200	7.4	859310
9241	-2040811200	5	859310
9241	-2038132800	2.2	859310
9241	-2035540800	1.4	859310
9241	-2032862400	1.8	859310
9241	-2030184000	3.6	859310
9241	-2027592000	5.6	859310
9241	-2024913600	8.4	859310
9241	-2022321600	9.6	859310
9241	-2019643200	11.8	859310
9241	-2016964800	11.4	859310
9241	-2014545600	8.7	859310
9241	-2011867200	6.5	859310
9241	-2009275200	2.2	859310
9241	-2006596800	1.8	859310
9241	-2004004800	1.2	859310
9241	-2001326400	3.3	859310
9241	-1998648000	5.1	859310
9241	-1996056000	7.6	859310
9241	-1993377600	9.8	859310
9241	-1990785600	9.6	859310
9241	-1988107200	11.3	859310
9241	-1985428800	11.8	859310
9241	-1983009600	9.9	859310
9241	-1980331200	8	859310
9241	-1977739200	5	859310
9241	-1975060800	2.5	859310
9241	-1972468800	2.6	859310
9241	-1969790400	8.6	859310
9241	-1967112000	13.8	859310
9241	-1964520000	7	859310
9241	-1961841600	9.5	859310
9241	-1959249600	9.4	859310
9241	-1956571200	12.2	859310
9241	-1953892800	13	859310
9241	-1951387200	11	859310
9241	-1948708800	7.6	859310
9241	-1946116800	6.4	859310
9241	-1943438400	5	859310
9241	-1940846400	3.1	859310
9241	-1938168000	3.8	859310
9241	-1935489600	5.7	859310
9241	-1932897600	6.6	859310
9241	-1930219200	8.5	859310
9241	-1927627200	10.4	859310
9241	-1924948800	12.2	859310
9241	-1922270400	12	859310
9241	-1919851200	10.9	859310
9241	-1917172800	9	859310
9241	-1914580800	5.8	859310
9241	-1911902400	3.4	859310
9241	-1909310400	3.5	859310
9241	-1906632000	3.4	859310
9241	-1903953600	4.9	859310
9241	-1901361600	7.9	859310
9241	-1898683200	9.5	859310
9241	-1896091200	9.9	859310
9241	-1893412800	10.7	859310
9241	-1890734400	11.5	859310
9241	-1888315200	10.5	859310
9241	-1885636800	7.1	859310
9241	-1883044800	5.6	859310
9241	-1880366400	2.6	859310
9241	-1877774400	2.6	859310
9241	-1875096000	3.3	859310
9241	-1872417600	5.4	859310
9241	-1869825600	8.3	859310
9241	-1867147200	10.4	859310
9353	-1228046400	14.9	879120
9353	-1225627200	12.7	879120
9353	-1222948800	8.9	879120
9353	-1220356800	4.9	879120
9353	-1217678400	2.7	879120
9353	-1215086400	1.4	879120
9353	-1212408000	5.3	879120
9353	-1209729600	6.5	879120
9353	-1207137600	9.6	879120
9353	-1204459200	10.9	879120
9353	-1201867200	14.2	879120
9353	-1199188800	14.9	879120
9353	-1196510400	14.5	879120
9353	-1194004800	12.3	879120
9353	-1191326400	7.5	879120
9353	-1188734400	6.1	879120
9353	-1186056000	-0.7	879120
9353	-1183464000	1.2	879120
9353	-1180785600	3.1	879120
9353	-1178107200	7.5	879120
9353	-1175515200	12.3	879120
9353	-1172836800	13.4	879120
9353	-1170244800	14.2	879120
9353	-1167566400	15.2	879120
9353	-1164888000	14.5	879120
9353	-1162468800	13.1	879120
9353	-1159790400	10.5	879120
9353	-1157198400	5.4	879120
9353	-1154520000	2.6	879120
9353	-1151928000	2	879120
9353	-1149249600	3.9	879120
9353	-1146571200	7.6	879120
9353	-1143979200	9.1	879120
9353	-1141300800	10.4	879120
9353	-1138708800	11.5	879120
9353	-1136030400	16.7	879120
9353	-1133352000	11.2	879120
9353	-1130932800	11	879120
9353	-1128254400	8.7	879120
9353	-1125662400	4.5	879120
9353	-1122984000	-0.7	879120
9353	-1120392000	2.8	879120
9353	-1117713600	4.8	879120
9353	-1115035200	6.9	879120
9353	-1112443200	11.4	879120
9353	-1109764800	11.4	879120
9353	-1107172800	13.5	879120
9353	-1104494400	13.6	879120
9353	-1101816000	13.3	879120
9353	-1099396800	13.9	879120
9353	-1096718400	8.4	879120
9353	-1094126400	5.6	879120
9353	-1091448000	2.7	879120
9353	-1088856000	-0.6	879120
9353	-1086177600	2.4	879120
9353	-1083499200	5	879120
9353	-1080907200	8.2	879120
9353	-1078228800	11.8	879120
9353	-1075636800	12.4	879120
9353	-1072958400	13.5	879120
9353	-1070280000	14.8	879120
9353	-1067774400	11.1	879120
9354	-1238673600	7.9	879140
9354	-1235995200	13.3	879140
9354	-1233403200	14.4	879140
9355	-1109764800	9.9	879250
9355	-1107172800	11.7	879250
9355	-1104494400	12.6	879250
9355	-1101816000	11.6	879250
9355	-1099396800	11.2	879250
9355	-1096718400	7.3	879250
9355	-1094126400	4.9	879250
9355	-1091448000	1.3	879250
9355	-1088856000	-0.2	879250
9355	-1086177600	3.2	879250
9355	-1083499200	4.2	879250
9355	-1080907200	7.7	879250
9355	-1078228800	9.9	879250
9356	428587200	1.9	879340
9356	431265600	3.8	879340
9356	433857600	6.6	879340
9356	436536000	9	879340
9356	439128000	10.9	879340
9356	441806400	10.2	879340
9356	444484800	9.4	879340
9356	446990400	7.8	879340
9356	449668800	5.6	879340
9356	452260800	-0.8	879340
9356	454939200	-1.7	879340
9356	457531200	-3.8	879340
9356	460209600	0.8	879340
9356	462888000	4	879340
9356	465480000	5.4	879340
9356	468158400	9.3	879340
9356	470750400	10.1	879340
9356	473428800	12.2	879340
9356	476107200	11.2	879340
9356	478526400	6.7	879340
9356	481204800	4.9	879340
9356	483796800	2	879340
9356	486475200	0	879340
9356	489067200	1.1	879340
9356	491745600	2.5	879340
9356	494424000	3.6	879340
9356	497016000	6.1	879340
9356	499694400	9.4	879340
9356	502286400	10.3	879340
9356	504964800	10.9	879340
9356	507643200	9.2	879340
9356	510062400	7.5	879340
9356	512740800	4.1	879340
9356	515332800	0	879340
9356	518011200	-0.6	879340
9356	520603200	-0.1	879340
9356	523281600	1.9	879340
9356	525960000	3.1	879340
9356	528552000	6.3	879340
9356	531230400	7.5	879340
9356	533822400	10.2	879340
9356	536500800	10.5	879340
9356	539179200	10.1	879340
9356	541598400	8.1	879340
9356	544276800	5.4	879340
9356	546868800	3.7	879340
9356	549547200	1.1	879340
9356	552139200	-0.5	879340
9356	554817600	0.1	879340
9356	557496000	3.1	879340
9356	560088000	6.9	879340
9356	562766400	9.3	879340
9356	565358400	10.2	879340
9356	568036800	10.2	879340
9356	570715200	10.8	879340
9356	573220800	9.5	879340
9356	575899200	5	879340
9356	578491200	3.4	879340
9356	581169600	1.4	879340
9356	583761600	-0.1	879340
9356	586440000	0.1	879340
9356	589118400	4.1	879340
9356	591710400	5.2	879340
9356	594388800	8.7	879340
9356	596980800	9.3	879340
9356	599659200	10.8	879340
9356	602337600	11.1	879340
9356	604756800	8.3	879340
9356	607435200	5.1	879340
9356	610027200	2.9	879340
9356	612705600	0	879340
9356	615297600	1.2	879340
9356	617976000	1.8	879340
9356	620654400	3	879340
9356	623246400	7.1	879340
9356	625924800	8.8	879340
9356	628516800	10.1	879340
9356	631195200	10.3	879340
9356	633873600	11.6	879340
9356	636292800	8.7	879340
9356	638971200	4	879340
9356	641563200	4.1	879340
9356	644241600	0.8	879340
9356	646833600	0.9	879340
9356	649512000	1.3	879340
9356	652190400	3.4	879340
9356	654782400	6.4	879340
9356	657460800	7.4	879340
9356	660052800	9.2	879340
9357	-2903169600	14	879380
9357	-2900491200	12.1	879380
9357	-2898072000	10	879380
9357	-2895393600	6.7	879380
9357	-2892801600	3.4	879380
9357	-2890123200	-6.5	879380
9357	-2887531200	3.5	879380
9357	-2884852800	2.8	879380
9357	-2882174400	4.7	879380
9357	-2879582400	7.6	879380
9357	-2876904000	10.2	879380
9357	-2874312000	10.6	879380
12832	-1278158400	5.8	858922
12832	-1275480000	5.6	858922
12832	-1272801600	5.3	858922
12832	-1270209600	6.4	858922
12832	-1267531200	7.4	858922
12832	-1264939200	8.6	858922
12832	-1262260800	10.3	858922
12832	-1259582400	11.8	858922
12832	-1257163200	9.7	858922
12832	-1254484800	9.6	858922
12832	-1251892800	7.8	858922
12832	-1249214400	5.2	858922
12832	-1246622400	4.2	858922
12832	-1243944000	4.5	858922
12832	-1241265600	6.5	858922
12832	-1238673600	7.3	858922
12832	-1235995200	9.5	858922
12832	-1233403200	10	858922
12832	-1230724800	11.3	858922
12832	-1228046400	11.9	858922
12832	-1225627200	11.1	858922
12832	-1222948800	9.7	858922
12832	-1220356800	7.6	858922
12832	-1217678400	7.1	858922
12832	-1215086400	5.7	858922
12832	-1212408000	5.6	858922
12832	-1209729600	5.5	858922
12832	-1207137600	6.7	858922
12832	-1204459200	7.8	858922
12832	-1201867200	9.6	858922
12832	-1199188800	10.4	858922
12832	-1196510400	10.6	858922
12832	-1194004800	10.6	858922
12832	-1191326400	8.8	858922
12832	-1188734400	8.1	858922
12832	-1186056000	6.6	858922
12832	-1183464000	5.9	858922
12832	-1180785600	6.5	858922
12832	-1178107200	6.3	858922
12832	-1175515200	7.5	858922
12832	-1172836800	8.6	858922
12832	-1170244800	9.5	858922
12832	-1167566400	11.6	858922
12832	-1164888000	10.8	858922
12832	-1162468800	9.8	858922
12832	-1159790400	9.6	858922
12832	-1157198400	8.2	858922
12832	-1154520000	6.8	858922
12832	-1151928000	6.3	858922
12832	-1149249600	6.4	858922
12832	-1146571200	7	858922
12832	-1143979200	7.4	858922
12832	-1141300800	8.3	858922
12832	-1138708800	10.8	858922
12832	-1136030400	11.6	858922
12832	-1133352000	11.6	858922
12832	-1130932800	10.4	858922
12832	-1128254400	10.1	858922
12832	-1125662400	7.6	858922
12832	-1122984000	5.7	858922
12832	-1120392000	6	858922
12832	-1117713600	6.3	858922
12832	-1115035200	8.5	858922
12832	-1112443200	7.9	858922
12832	-1109764800	9.5	858922
12832	-1107172800	10.8	858922
12832	-1104494400	12	858922
12832	-1101816000	11.4	858922
12832	-1099396800	10.4	858922
12832	-1096718400	9.8	858922
12832	-1094126400	9.4	858922
12832	-1091448000	6.6	858922
12832	-1088856000	5.5	858922
12832	-1086177600	6.6	858922
12832	-1083499200	5.9	858922
12832	-1080907200	8.3	858922
12832	-1078228800	7.9	858922
12832	-1075636800	8.3	858922
12832	-1072958400	9.7	858922
12832	-1070280000	11.2	858922
12832	-1067774400	10.5	858922
12832	-1065096000	9.7	858922
12832	-1062504000	7	858922
12832	-1059825600	6.6	858922
12832	-1057233600	6.6	858922
12832	-1054555200	7	858922
12832	-1051876800	6.3	858922
12832	-1049284800	7.6	858922
12832	-1046606400	10	858922
12832	-1044014400	9.4	858922
12832	-1041336000	11.3	858922
12832	-1038657600	10.8	858922
12832	-1036238400	9.4	858922
12832	-1033560000	9.2	858922
12832	-1030968000	7.5	858922
12832	-1028289600	6.9	858922
12832	-1025697600	6.2	858922
12832	-1023019200	6.1	858922
12832	-1020340800	7.2	858922
12832	-1017748800	8.5	858922
12832	-1015070400	8.4	858922
12832	-1012478400	10.4	858922
12832	-1009800000	9.9	858922
12832	-1007121600	11.3	858922
12832	-1004702400	10.4	858922
12832	-1002024000	9.3	858922
12832	-999432000	8	858922
12832	-996753600	6.9	858922
12832	-994161600	6.3	858922
12832	-991483200	6	858922
12832	-988804800	7.1	858922
12832	-986212800	6.4	858922
12832	-983534400	9.8	858922
12832	-980942400	10.2	858922
12833	-1856779200	10.1	859310
12833	-1854100800	8	859310
12833	-1851508800	6.4	859310
12833	-1848830400	5.7	859310
12833	-1846238400	4.6	859310
12833	-1843560000	3.4	859310
12833	-1840881600	4.6	859310
12833	-1838289600	6.6	859310
12833	-1835611200	8.2	859310
12833	-1833019200	11.1	859310
12833	-1830340800	11.6	859310
12833	-1827662400	10.1	859310
12833	-1825156800	9.2	859310
12833	-1822478400	8	859310
12833	-1819886400	4.6	859310
12833	-1817208000	3.8	859310
12833	-1814616000	3.6	859310
12833	-1811937600	2.3	859310
12833	-1809259200	4.4	859310
12833	-1806667200	7.4	859310
12833	-1803988800	7	859310
12833	-1801396800	9.9	859310
12833	-1798718400	12.2	859310
12833	-1796040000	11.7	859310
12833	-1793620800	9.7	859310
12833	-1790942400	7.4	859310
12833	-1788350400	4.1	859310
12833	-1785672000	2.5	859310
12833	-1783080000	2.7	859310
12833	-1780401600	2.6	859310
12833	-1777723200	5.6	859310
12833	-1775131200	6.7	859310
12932	-1062504000	1.3	879120
12932	-1059825600	-0.8	879120
12932	-1057233600	1.6	879120
12932	-1054555200	2.5	879120
12932	-1051876800	4.7	879120
12933	-1070280000	13.2	879250
12933	-1067774400	9.8	879250
12933	-1065096000	7.7	879250
12933	-1062504000	0.5	879250
12933	-1059825600	0.2	879250
12933	-1057233600	1.1	879250
12933	-1054555200	2.9	879250
12933	-1051876800	5.3	879250
12933	-1049284800	7.7	879250
12933	-1046606400	12.1	879250
12933	-1044014400	11	879250
12933	-1041336000	13.4	879250
12933	-1038657600	10.8	879250
12933	-1036238400	9.2	879250
12933	-1033560000	7.8	879250
12933	-1030968000	2.4	879250
12933	-1028289600	-0.7	879250
12933	-1025697600	-1.1	879250
12933	-1023019200	1.1	879250
12933	-1020340800	5.8	879250
12933	-1017748800	8.9	879250
12933	-1015070400	10.2	879250
12933	-1012478400	12.4	879250
12933	-1009800000	11.6	879250
12933	-1007121600	12.8	879250
12933	-1004702400	9.6	879250
12933	-1002024000	7.9	879250
12933	-999432000	4.9	879250
12933	-996753600	1.4	879250
12933	-994161600	0.9	879250
12933	-991483200	2.4	879250
12933	-988804800	4.2	879250
12933	-986212800	8.6	879250
12933	-983534400	9.4	879250
12933	-980942400	11.7	879250
12933	-978264000	11.6	879250
12933	-975585600	11.6	879250
12933	-973166400	9.6	879250
12933	-970488000	7.1	879250
12933	-967896000	1.8	879250
12933	-965217600	0.1	879250
12933	-962625600	0.8	879250
12933	-959947200	-0.1	879250
12933	-957268800	5.1	879250
12933	-954676800	7.9	879250
12933	-951998400	8.8	879250
12933	-949406400	12.4	879250
12933	-946728000	12.7	879250
12933	-944049600	13.5	879250
12933	-941544000	10.6	879250
12933	-938865600	6.6	879250
12933	-936273600	2.7	879250
12933	-933595200	-0.1	879250
12933	-931003200	0.8	879250
12933	-928324800	3.7	879250
12933	-925646400	5.1	879250
12933	-923054400	8.4	879250
12933	-920376000	10.6	879250
12933	-917784000	10.4	879250
12933	-915105600	13.9	879250
12933	-912427200	12.7	879250
12933	-910008000	11.8	879250
12933	-907329600	5.1	879250
12933	-904737600	2.8	879250
12933	-902059200	2.3	879250
12933	-899467200	2.7	879250
12933	-896788800	4.2	879250
12933	-894110400	5	879250
12933	-891518400	9	879250
12933	-888840000	8.7	879250
12933	-886248000	11.9	879250
12933	-883569600	12.9	879250
12933	-880891200	13.2	879250
12933	-878472000	8.6	879250
12933	-875793600	7.6	879250
12933	-873201600	3.3	879250
12933	-870523200	1.2	879250
12933	-867931200	1.2	879250
12933	-865252800	2.5	879250
12933	-862574400	5.3	879250
12933	-859982400	8.6	879250
12933	-857304000	11.1	879250
12933	-854712000	13.8	879250
12933	-852033600	13.3	879250
12933	-849355200	13.5	879250
12933	-846936000	10.6	879250
12933	-844257600	8.9	879250
12933	-841665600	4.9	879250
12933	-838987200	2.1	879250
12933	-836395200	1.3	879250
12933	-833716800	2.6	879250
12933	-831038400	5.8	879250
12933	-828446400	8.8	879250
12933	-825768000	9.8	879250
12933	-823176000	13.4	879250
12933	-820497600	12.7	879250
12933	-817819200	13	879250
12933	-815313600	12.1	879250
12933	-812635200	8.3	879250
12933	-810043200	5	879250
12933	-807364800	-2	879250
12933	-804772800	1.6	879250
12933	-802094400	2.1	879250
12933	-799416000	4.4	879250
12933	-796824000	7.8	879250
12933	-794145600	10	879250
12933	-791553600	12.9	879250
12933	-788875200	15.1	879250
12933	-786196800	14.1	879250
12933	-783777600	11.4	879250
12933	-781099200	6.9	879250
12933	-778507200	4.3	879250
12933	-775828800	1.4	879250
12933	-773236800	0.5	879250
12933	-770558400	3.6	879250
12933	-767880000	5.5	879250
12933	-765288000	8.9	879250
12933	-762609600	9.6	879250
12933	-760017600	12.8	879250
12933	-757339200	12.9	879250
12933	-754660800	11.2	879250
12933	-752241600	10.4	879250
12933	-749563200	8.7	879250
12933	-746971200	3.9	879250
12933	-744292800	1.2	879250
12933	-741700800	1.7	879250
12933	-739022400	1.5	879250
12933	-736344000	5	879250
12933	-733752000	8.3	879250
12933	-731073600	8.4	879250
12933	-728481600	9.9	879250
12933	-725803200	10.2	879250
12933	-723124800	12.4	879250
12933	-720705600	10.3	879250
12933	-718027200	7.8	879250
12933	-715435200	2.6	879250
12933	-712756800	1.7	879250
12933	-710164800	2.1	879250
12933	-707486400	4	879250
12933	-704808000	5.4	879250
12933	-702216000	9.1	879250
12933	-699537600	11.2	879250
12933	-696945600	10.4	879250
12933	-694267200	12.7	879250
12933	-691588800	12.6	879250
12933	-689083200	8.1	879250
12933	-686404800	8.9	879250
12933	-683812800	4.2	879250
12933	-681134400	1.8	879250
12933	-678542400	-0.9	879250
12933	-675864000	-0.9	879250
12933	-673185600	2.6	879250
12933	-670593600	8.4	879250
12933	-667915200	10	879250
12933	-665323200	11.1	879250
12934	667828800	7.9	879340
12934	670507200	5.8	879340
12934	673099200	3.5	879340
12934	675777600	5.6	879340
12935	-2776939200	12.6	879380
12935	-2774260800	12.3	879380
12935	-2771841600	8	879380
12935	-2769163200	7.2	879380
15945	-1762084800	11.2	859310
15945	-1759406400	8.2	859310
15945	-1756814400	5.9	859310
15945	-1754136000	3.2	859310
15945	-1751544000	3.4	859310
15945	-1748865600	3.3	859310
15945	-1746187200	3.9	859310
15945	-1743595200	6.1	859310
15945	-1740916800	6.8	859310
15945	-1738324800	9.9	859310
15945	-1735646400	11.2	859310
15945	-1732968000	11.2	859310
15945	-1730548800	11.2	859310
15945	-1727870400	6.1	859310
15945	-1725278400	3.9	859310
15945	-1722600000	2.3	859310
15945	-1720008000	2.8	859310
15945	-1717329600	2.4	859310
15945	-1714651200	4.9	859310
15945	-1712059200	7	859310
15945	-1709380800	8.9	859310
15945	-1706788800	10.7	859310
15945	-1704110400	12.2	859310
15945	-1701432000	12.5	859310
15945	-1698926400	10	859310
15945	-1696248000	8	859310
15945	-1693656000	6.3	859310
15945	-1690977600	3.9	859310
15945	-1688385600	2.8	859310
15945	-1685707200	3.9	859310
15945	-1683028800	5.5	859310
15945	-1680436800	6.6	859310
15945	-1677758400	8.1	859310
15945	-1675166400	10.1	859310
15945	-1672488000	10.9	859310
15945	-1669809600	12	859310
15945	-1667390400	10.4	859310
15945	-1664712000	9	859310
15945	-1662120000	7.5	859310
15945	-1659441600	4.9	859310
15945	-1656849600	4.4	859310
15945	-1654171200	4.6	859310
15945	-1651492800	5.7	859310
15945	-1648900800	8.7	859310
15945	-1646222400	10.4	859310
15945	-1643630400	11	859310
15945	-1640952000	11.5	859310
15945	-1638273600	12.2	859310
15945	-1635854400	10.1	859310
15945	-1633176000	7.5	859310
15945	-1630584000	4.4	859310
15945	-1627905600	3.4	859310
15945	-1625313600	1.8	859310
15945	-1622635200	2.2	859310
15945	-1619956800	3.4	859310
15945	-1617364800	6.8	859310
15945	-1614686400	7.4	859310
15945	-1612094400	10.9	859310
15945	-1609416000	12.5	859310
16041	-1046606400	14.4	879120
16041	-1044014400	14.7	879120
16042	681048000	1.5	879340
16042	683726400	3.3	879340
16043	-2761300800	2.2	879380
16043	-2758622400	4.2	879380
16043	-2755944000	6.1	879380
16043	-2753352000	7.5	879380
16043	-2750673600	10.1	879380
16043	-2748081600	12.5	879380
16043	-2745403200	12.6	879380
16043	-2742724800	12.4	879380
16043	-2740305600	9.2	879380
16043	-2737627200	7.5	879380
16043	-2735035200	5.1	879380
16043	-2732356800	4	879380
16043	-2729764800	2.5	879380
16043	-2727086400	3.7	879380
16043	-2724408000	6.7	879380
16043	-2721816000	10.7	879380
16043	-2719137600	9.2	879380
16043	-2716545600	10.9	879380
16043	-2713867200	12.9	879380
16043	-2711188800	11.4	879380
16043	-2708683200	8.8	879380
16043	-2706004800	4.5	879380
16043	-2703412800	3.5	879380
16043	-2700734400	-1.6	879380
16043	-2698142400	1	879380
16043	-2695464000	1.2	879380
18681	-938865600	9.4	858922
18681	-936273600	7.5	858922
18681	-933595200	7.6	858922
18681	-931003200	7.2	858922
18681	-928324800	6.7	858922
18681	-925646400	7.2	858922
18681	-923054400	8.5	858922
18681	-920376000	8.3	858922
18681	-917784000	9.3	858922
18681	-915105600	11.9	858922
18681	-912427200	11.5	858922
18681	-910008000	13.1	858922
18681	-907329600	8.4	858922
18681	-904737600	7.2	858922
18681	-902059200	7.4	858922
18681	-899467200	8.2	858922
18681	-896788800	7	858922
18681	-894110400	6.8	858922
18681	-891518400	8.3	858922
18681	-888840000	8.8	858922
18681	-886248000	10.2	858922
18681	-883569600	10.9	858922
18681	-880891200	10.9	858922
18681	-878472000	9.3	858922
18681	-875793600	9.8	858922
18681	-873201600	8.4	858922
18681	-870523200	7.2	858922
18681	-867931200	6.2	858922
18681	-865252800	6.3	858922
18681	-862574400	7.5	858922
18681	-859982400	8.3	858922
18681	-857304000	9.7	858922
18681	-854712000	11.4	858922
18681	-852033600	11.8	858922
18681	-849355200	12.5	858922
18681	-846936000	11.2	858922
18681	-844257600	11.3	858922
18681	-841665600	9.3	858922
18681	-838987200	7.4	858922
18681	-836395200	7.3	858922
18681	-833716800	6.8	858922
18681	-831038400	7.2	858922
18681	-828446400	7.7	858922
18681	-825768000	8.6	858922
18681	-823176000	11.2	858922
18681	-820497600	11.9	858922
18681	-817819200	12.3	858922
18681	-815313600	12	858922
18681	-812635200	11.2	858922
18681	-810043200	9.1	858922
18681	-807364800	6.4	858922
18681	-804772800	7.3	858922
18681	-802094400	6.5	858922
18681	-799416000	7	858922
18681	-796824000	7.9	858922
18681	-794145600	9.4	858922
18681	-791553600	10.9	858922
18681	-788875200	13.3	858922
18681	-786196800	13.9	858922
18681	-783777600	11.7	858922
18681	-781099200	10.5	858922
18681	-778507200	8.5	858922
18681	-775828800	7.4	858922
18681	-773236800	6.3	858922
18681	-770558400	7.2	858922
18681	-767880000	7.8	858922
18681	-765288000	7.9	858922
18681	-762609600	9.1	858922
18681	-760017600	10.5	858922
18681	-757339200	11.1	858922
18681	-754660800	10.7	858922
18681	-752241600	11.2	858922
18681	-749563200	10.6	858922
18681	-746971200	8.7	858922
18681	-744292800	7.8	858922
18681	-741700800	7.3	858922
18681	-739022400	6	858922
18681	-736344000	8	858922
18681	-733752000	7.3	858922
18681	-731073600	8.8	858922
18681	-728481600	10.2	858922
18681	-725803200	10.4	858922
18681	-723124800	11.2	858922
18681	-720705600	11.4	858922
18681	-718027200	9.4	858922
18681	-715435200	8.4	858922
18681	-712756800	8.5	858922
18681	-710164800	7	858922
18681	-707486400	6.3	858922
18681	-704808000	6.5	858922
18681	-702216000	7.5	858922
18681	-699537600	10	858922
18681	-696945600	9.4	858922
18681	-694267200	11.7	858922
18681	-691588800	10.5	858922
18681	-689083200	10.2	858922
18681	-686404800	9.4	858922
18681	-683812800	8.8	858922
18681	-681134400	6.8	858922
18681	-678542400	5.2	858922
18681	-675864000	5.5	858922
18681	-673185600	7.5	858922
18681	-670593600	7.8	858922
18681	-667915200	8.6	858922
18681	-665323200	9.8	858922
18681	-662644800	11	858922
18683	-1588420800	4.5	859310
18683	-1585828800	6.9	859310
18683	-1583150400	7.6	859310
18683	-1580558400	10.7	859310
18683	-1577880000	11.8	859310
18683	-1575201600	12	859310
18683	-1572696000	9.2	859310
18683	-1570017600	8.6	859310
18683	-1567425600	4.8	859310
18683	-1564747200	4	859310
18683	-1562155200	3.1	859310
18683	-1559476800	4.2	859310
18683	-1556798400	4.9	859310
18683	-1554206400	5.5	859310
18683	-1551528000	8.1	859310
18683	-1548936000	10.1	859310
18683	-1546257600	11.5	859310
18683	-1543579200	10.8	859310
18683	-1541160000	10.6	859310
18683	-1538481600	8.4	859310
18683	-1535889600	3.9	859310
18683	-1533211200	3.6	859310
18683	-1530619200	3.2	859310
18683	-1527940800	1.8	859310
18683	-1525262400	4	859310
18683	-1522670400	6.8	859310
18683	-1519992000	8.7	859310
18683	-1517400000	9.9	859310
18683	-1514721600	10.7	859310
18683	-1512043200	10.8	859310
18683	-1509624000	9.2	859310
18683	-1506945600	7.5	859310
18683	-1504353600	5.7	859310
18683	-1501675200	3.3	859310
18683	-1499083200	3.6	859310
18683	-1496404800	3.5	859310
18683	-1493726400	4.6	859310
18683	-1491134400	6.3	859310
18683	-1488456000	9	859310
18683	-1485864000	11.2	859310
18683	-1483185600	11.7	859310
18771	-1017748800	8.2	879120
18771	-1015070400	10	879120
18771	-1012478400	13.6	879120
18771	-1009800000	11.2	879120
18771	-1007121600	12.7	879120
18771	-1004702400	10	879120
18771	-1002024000	8.7	879120
18771	-999432000	5.5	879120
18771	-996753600	2.4	879120
18771	-994161600	1.6	879120
18771	-991483200	2.1	879120
18771	-988804800	4	879120
18771	-986212800	9.3	879120
18772	-2690193600	8.7	879380
18772	-2687515200	11.2	879380
18772	-2684923200	13.1	879380
21122	-449755200	7.7	858922
21122	-447076800	9.2	858922
21122	-444484800	9.3	858922
21122	-441806400	10.3	858922
21122	-439128000	10.8	858922
21123	-1478088000	9.1	859310
21123	-1475409600	7	859310
21123	-1472817600	6.2	859310
21123	-1470139200	2.6	859310
21123	-1467547200	0.6	859310
21123	-1464868800	1.7	859310
21123	-1462190400	3.5	859310
21123	-1459598400	5	859310
21123	-1456920000	7.5	859310
21123	-1454328000	9.3	859310
21123	-1451649600	12.4	859310
21123	-1448971200	10.5	859310
21123	-1446465600	9.8	859310
21123	-1443787200	7.6	859310
21123	-1441195200	5.6	859310
21123	-1438516800	3.4	859310
21123	-1435924800	2.3	859310
21214	-980942400	13.1	879120
21214	-978264000	12.8	879120
21214	-975585600	12	879120
21214	-973166400	9.8	879120
21214	-970488000	9.6	879120
21214	-967896000	1.4	879120
21214	-965217600	-0.4	879120
21214	-962625600	0.6	879120
21214	-959947200	0.1	879120
21214	-957268800	6.2	879120
21214	-954676800	8.5	879120
21214	-951998400	9.7	879120
21214	-949406400	13.3	879120
21214	-946728000	14.3	879120
21214	-944049600	14.2	879120
21214	-941544000	11.9	879120
21214	-938865600	8	879120
21214	-936273600	4.3	879120
21214	-933595200	1.2	879120
21214	-931003200	2.7	879120
21214	-928324800	4.8	879120
21214	-925646400	6.5	879120
21214	-923054400	9.7	879120
21214	-920376000	12.7	879120
21214	-917784000	11.9	879120
21214	-915105600	15.5	879120
21214	-912427200	14	879120
21214	-910008000	12.4	879120
21214	-907329600	6.1	879120
21214	-904737600	3.6	879120
21214	-902059200	4.2	879120
21214	-899467200	3.4	879120
21214	-896788800	4.7	879120
21214	-894110400	6.3	879120
21214	-891518400	10.2	879120
21214	-888840000	10.4	879120
21214	-886248000	13.1	879120
21214	-883569600	14.6	879120
21214	-880891200	15.3	879120
21214	-878472000	9.5	879120
21214	-875793600	8.9	879120
21214	-873201600	4.4	879120
21214	-870523200	2.7	879120
21214	-867931200	3	879120
21214	-865252800	3.6	879120
21214	-862574400	6.5	879120
21214	-859982400	10.2	879120
21214	-857304000	12	879120
21214	-854712000	15.5	879120
21214	-852033600	14.3	879120
21214	-849355200	15.3	879120
21214	-846936000	11.7	879120
21214	-844257600	10.4	879120
21214	-841665600	6.8	879120
21214	-838987200	3.7	879120
21214	-836395200	3.1	879120
21214	-833716800	3.4	879120
21214	-831038400	7.1	879120
21214	-828446400	10.7	879120
21214	-825768000	11.4	879120
21214	-823176000	16	879120
21214	-820497600	14.3	879120
21214	-817819200	14.6	879120
21214	-815313600	13.8	879120
21214	-812635200	9.7	879120
21214	-810043200	6.7	879120
21214	-807364800	-0.1	879120
21214	-804772800	3.2	879120
21214	-802094400	2.9	879120
21214	-799416000	5.9	879120
21214	-796824000	8.9	879120
21214	-794145600	12.2	879120
21214	-791553600	14.5	879120
21214	-788875200	15.6	879120
21214	-786196800	15	879120
21214	-783777600	13	879120
21214	-781099200	8.6	879120
21214	-778507200	5.5	879120
21214	-775828800	1.8	879120
21214	-773236800	2.2	879120
21214	-770558400	5	879120
21214	-767880000	6.7	879120
21214	-765288000	11.2	879120
21214	-762609600	11	879120
21214	-760017600	14.5	879120
21214	-757339200	15.3	879120
21214	-754660800	12.7	879120
21214	-752241600	11.8	879120
21214	-749563200	9.9	879120
21214	-746971200	5.6	879120
21214	-744292800	2.2	879120
21214	-741700800	2.8	879120
21214	-739022400	2.2	879120
21214	-736344000	5.7	879120
21214	-733752000	10.2	879120
21214	-731073600	10.4	879120
21214	-728481600	12.7	879120
21214	-725803200	11.3	879120
21214	-723124800	14.1	879120
21214	-720705600	12.3	879120
21214	-718027200	8.8	879120
21214	-715435200	4.1	879120
21214	-712756800	2.9	879120
21214	-710164800	3.1	879120
21214	-707486400	5	879120
21214	-704808000	6.9	879120
21214	-702216000	10.3	879120
21214	-699537600	13.6	879120
21214	-696945600	12.2	879120
21214	-694267200	13.5	879120
21214	-691588800	13.6	879120
21214	-689083200	9.9	879120
21214	-686404800	10.2	879120
21214	-683812800	5.5	879120
21214	-681134400	3.5	879120
21214	-678542400	0.3	879120
21214	-675864000	0.6	879120
21214	-673185600	5.2	879120
21214	-670593600	9.1	879120
21214	-667915200	11.8	879120
21214	-665323200	13	879120
21214	-662644800	15.1	879120
21214	-659966400	12.5	879120
21214	-657547200	11	879120
21214	-654868800	8.8	879120
21214	-652276800	3.8	879120
21214	-649598400	2.6	879120
21214	-647006400	3	879120
21214	-644328000	4.8	879120
21214	-641649600	7.9	879120
21214	-639057600	11	879120
21214	-636379200	12.5	879120
21214	-633787200	12.1	879120
21214	-631108800	12.9	879120
21214	-628430400	15.1	879120
21214	-626011200	13	879120
21214	-623332800	8.3	879120
21214	-620740800	2.4	879120
21214	-618062400	3	879120
21214	-615470400	4.4	879120
21214	-612792000	1.9	879120
21214	-610113600	4.9	879120
21214	-607521600	8.6	879120
21214	-604843200	10	879120
21214	-602251200	12.8	879120
21214	-599572800	13.3	879120
21214	-596894400	13.2	879120
21214	-594475200	11	879120
21214	-591796800	10.4	879120
21214	-589204800	4.2	879120
21214	-586526400	-0.6	879120
21214	-583934400	1.5	879120
21214	-581256000	5.4	879120
21214	-578577600	4	879120
21214	-575985600	7.7	879120
21214	-573307200	10	879120
21214	-570715200	15.5	879120
21214	-568036800	14.9	879120
21214	-565358400	14.9	879120
21214	-562852800	10.7	879120
21214	-560174400	8.6	879120
21214	-557582400	4.2	879120
21214	-554904000	2.4	879120
21214	-552312000	3.9	879120
21214	-549633600	4.8	879120
21214	-546955200	7.8	879120
21214	-544363200	10.2	879120
21214	-541684800	13.7	879120
21214	-539092800	14.7	879120
21214	-536414400	13.9	879120
21214	-533736000	15.5	879120
21214	-531316800	12.9	879120
21214	-528638400	7.8	879120
21214	-526046400	5.3	879120
21214	-523368000	2.4	879120
21214	-520776000	1.1	879120
21214	-518097600	4.6	879120
21214	-515419200	5.5	879120
21214	-512827200	9.4	879120
21214	-510148800	11.7	879120
21214	-507556800	15	879120
21214	-504878400	13.8	879120
21214	-502200000	14	879120
21214	-499780800	12.9	879120
21214	-497102400	8.3	879120
21214	-494510400	4.5	879120
21214	-491832000	0.8	879120
21214	-489240000	1.8	879120
21214	-486561600	3.9	879120
21214	-483883200	5.5	879120
21214	-481291200	10.3	879120
21214	-478612800	12.3	879120
21214	-476020800	12	879120
21214	-473342400	14.3	879120
21214	-470664000	13.2	879120
21214	-468244800	12.5	879120
21214	-465566400	8.4	879120
21214	-462974400	5	879120
21214	-460296000	0.1	879120
21214	-457704000	1.4	879120
21214	-455025600	3.5	879120
21214	-452347200	6.1	879120
21214	-449755200	10.7	879120
21214	-447076800	13.7	879120
21214	-444484800	12.1	879120
21214	-441806400	11.7	879120
21214	-439128000	12.9	879120
21214	-436622400	11.7	879120
21214	-433944000	7.7	879120
21214	-431352000	4.6	879120
21214	-428673600	4.4	879120
21214	-426081600	3.4	879120
21214	-423403200	4.4	879120
21214	-420724800	6	879120
21214	-418132800	10.2	879120
21214	-415454400	14.2	879120
21214	-412862400	14.2	879120
21214	-410184000	13.7	879120
21214	-407505600	15.5	879120
21214	-405086400	13.7	879120
21214	-402408000	9.4	879120
21214	-399816000	3.7	879120
21214	-397137600	1.8	879120
21214	-394545600	2.2	879120
21214	-391867200	2	879120
21214	-389188800	5.9	879120
21214	-386596800	7.9	879120
21214	-383918400	12.3	879120
21214	-381326400	12.5	879120
21214	-378648000	15.4	879120
21214	-375969600	11.4	879120
21214	-373550400	13.1	879120
21214	-370872000	9.3	879120
21214	-368280000	3.7	879120
21214	-365601600	1.1	879120
21214	-363009600	2.6	879120
21215	-1041336000	15.1	879140
21215	-1038657600	14.6	879140
21215	-1036238400	11.7	879140
21215	-1033560000	10.3	879140
21215	-1030968000	5.1	879140
21215	-1028289600	4.2	879140
21215	-1025697600	2.4	879140
21215	-1023019200	2.8	879140
21215	-1020340800	7.2	879140
21216	-554904000	1.3	879250
21216	-552312000	2.7	879250
21216	-549633600	4.1	879250
21217	702129600	6	879340
21217	704721600	2.1	879340
21218	-1230724800	10.5	879380
21218	-1228046400	9.3	879380
21218	-1225627200	7.9	879380
21218	-1222948800	5.8	879380
21218	-1220356800	4.6	879380
21218	-1217678400	2.3	879380
21218	-1215086400	0.8	879380
21218	-1212408000	3.2	879380
21218	-1209729600	3.2	879380
21218	-1207137600	5.2	879380
21218	-1204459200	6.8	879380
21218	-1201867200	8.6	879380
21218	-1199188800	9.1	879380
21218	-1196510400	8.9	879380
21218	-1194004800	7.1	879380
21218	-1191326400	4.7	879380
21218	-1188734400	3.4	879380
21218	-1186056000	0	879380
21218	-1183464000	-0.6	879380
21218	-1180785600	2.2	879380
21218	-1178107200	4.5	879380
21218	-1175515200	6.4	879380
21218	-1172836800	6.7	879380
21218	-1170244800	8	879380
21218	-1167566400	9.7	879380
21218	-1164888000	8.7	879380
21218	-1162468800	8.6	879380
21218	-1159790400	6	879380
21218	-1157198400	4.4	879380
21218	-1154520000	1.8	879380
21218	-1151928000	2.2	879380
21218	-1149249600	2.3	879380
21218	-1146571200	5.3	879380
21218	-1143979200	5.2	879380
21218	-1141300800	5.5	879380
21218	-1138708800	7.2	879380
21218	-1136030400	10.7	879380
21218	-1133352000	7.7	879380
21218	-1130932800	6.8	879380
21218	-1128254400	6.7	879380
21218	-1125662400	3.3	879380
21218	-1122984000	0.8	879380
21218	-1120392000	1.6	879380
21218	-1117713600	3.9	879380
21218	-1115035200	4.4	879380
21218	-1112443200	8	879380
21218	-1109764800	8.1	879380
21218	-1107172800	7.1	879380
21218	-1104494400	9	879380
21218	-1101816000	8	879380
21218	-1099396800	7.3	879380
21218	-1096718400	4.6	879380
21218	-1094126400	3.9	879380
21218	-1091448000	2	879380
21218	-1088856000	-0.4	879380
21218	-1086177600	2.1	879380
21218	-1083499200	2.5	879380
21218	-1080907200	6.1	879380
21218	-1078228800	6.9	879380
21218	-1075636800	8.2	879380
21218	-1072958400	9.6	879380
21218	-1070280000	9.8	879380
21218	-1067774400	7.2	879380
21218	-1065096000	6.8	879380
21218	-1062504000	0.3	879380
21218	-1059825600	2.2	879380
21218	-1057233600	2.7	879380
21218	-1054555200	2.8	879380
21218	-1051876800	4.2	879380
21218	-1049284800	5.7	879380
21218	-1046606400	9	879380
21218	-1044014400	8.8	879380
21218	-1041336000	10	879380
21218	-1038657600	7.4	879380
21218	-1036238400	6.6	879380
21218	-1033560000	6.2	879380
21218	-1030968000	3.3	879380
21218	-1028289600	0.4	879380
21218	-1025697600	-0.1	879380
21218	-1023019200	0.9	879380
21218	-1020340800	4.6	879380
21218	-1017748800	5.6	879380
21218	-1015070400	7.2	879380
21218	-1012478400	8.8	879380
21218	-1009800000	8	879380
21218	-1007121600	8.4	879380
21218	-1004702400	7.2	879380
21218	-1002024000	6.2	879380
21218	-999432000	4.3	879380
21218	-996753600	1	879380
21218	-994161600	1	879380
21218	-991483200	1.4	879380
21218	-988804800	1.5	879380
21218	-986212800	5.8	879380
21218	-983534400	6.7	879380
21218	-980942400	8.9	879380
21218	-978264000	8.9	879380
21218	-975585600	7.9	879380
21218	-973166400	7.3	879380
21218	-970488000	5.7	879380
21218	-967896000	2.5	879380
21218	-965217600	0.3	879380
21218	-962625600	1.7	879380
21218	-959947200	-0.8	879380
21218	-957268800	3.4	879380
21218	-954676800	5.5	879380
21218	-951998400	5	879380
21218	-949406400	9.4	879380
21218	-946728000	8.9	879380
21218	-944049600	11.4	879380
21218	-941544000	7.9	879380
21218	-938865600	3.8	879380
21218	-936273600	3	879380
21218	-933595200	1.2	879380
21218	-931003200	2.3	879380
21218	-928324800	3.6	879380
21218	-925646400	3.9	879380
21218	-923054400	6.3	879380
21218	-920376000	7.8	879380
21218	-917784000	6.3	879380
21218	-915105600	9.7	879380
21218	-912427200	8.8	879380
21218	-910008000	8.8	879380
21218	-907329600	2.9	879380
21218	-904737600	3.2	879380
21218	-902059200	2.9	879380
21218	-899467200	2.9	879380
21218	-896788800	2.4	879380
21218	-894110400	3.2	879380
21218	-891518400	5.4	879380
21218	-888840000	7.3	879380
21218	-886248000	9.6	879380
21218	-883569600	9.1	879380
21218	-880891200	9.8	879380
21218	-878472000	6.2	879380
21218	-875793600	5.9	879380
21218	-873201600	3.5	879380
21218	-870523200	1.9	879380
21218	-867931200	2.5	879380
21218	-865252800	1.6	879380
21218	-862574400	3.8	879380
21218	-859982400	6.4	879380
21218	-857304000	8.2	879380
21218	-854712000	10.4	879380
21218	-852033600	9.2	879380
21218	-849355200	9.1	879380
21218	-846936000	7.5	879380
21218	-844257600	7.5	879380
21218	-841665600	3.7	879380
21218	-838987200	4.2	879380
21218	-836395200	3.7	879380
21218	-833716800	2.4	879380
21218	-831038400	4.5	879380
21218	-828446400	6.4	879380
21218	-825768000	5.7	879380
21218	-823176000	9.3	879380
21218	-820497600	9.6	879380
21218	-817819200	9.2	879380
21218	-815313600	9.3	879380
21218	-812635200	6.5	879380
21218	-810043200	3.8	879380
21218	-807364800	-0.2	879380
21218	-804772800	1.7	879380
21218	-802094400	1.8	879380
21218	-799416000	3.8	879380
21218	-796824000	7	879380
21218	-794145600	7.8	879380
21218	-791553600	9.1	879380
21218	-788875200	10.7	879380
21218	-786196800	10.6	879380
21218	-783777600	8.2	879380
21218	-781099200	5.2	879380
21218	-778507200	4.5	879380
21218	-775828800	2.4	879380
21218	-773236800	1.6	879380
21218	-770558400	3.3	879380
21218	-767880000	4.2	879380
21218	-765288000	5.9	879380
21218	-762609600	5.9	879380
21218	-760017600	10.2	879380
21218	-757339200	9.8	879380
21218	-754660800	8.1	879380
21218	-752241600	8.6	879380
21218	-749563200	6.6	879380
21218	-746971200	3.5	879380
21218	-744292800	3.1	879380
21218	-741700800	1.7	879380
21218	-739022400	1	879380
21218	-736344000	3.6	879380
21218	-733752000	5.2	879380
21218	-731073600	5.8	879380
21218	-728481600	6.6	879380
21218	-725803200	7.3	879380
21218	-723124800	9.3	879380
21218	-720705600	8.5	879380
21218	-718027200	5.2	879380
21218	-715435200	2.5	879380
21218	-712756800	0.6	879380
21218	-710164800	2.9	879380
21218	-707486400	3.3	879380
21218	-704808000	3.8	879380
21218	-702216000	7.1	879380
21218	-699537600	9.1	879380
21218	-696945600	7	879380
21218	-694267200	9.3	879380
21218	-691588800	8.1	879380
21218	-689083200	6.6	879380
21218	-686404800	6.1	879380
21218	-683812800	3.3	879380
21218	-681134400	2.3	879380
21218	-678542400	-0.6	879380
21218	-675864000	-0.5	879380
21218	-673185600	3.4	879380
21218	-670593600	6.3	879380
21218	-667915200	5.9	879380
21218	-665323200	8.6	879380
21218	-662644800	9.1	879380
21218	-659966400	8.9	879380
21218	-657547200	7.1	879380
21218	-654868800	5.4	879380
21218	-652276800	2.6	879380
21218	-649598400	1.5	879380
21218	-647006400	2.3	879380
21218	-644328000	2.4	879380
21218	-641649600	4.4	879380
21218	-639057600	7.1	879380
21218	-636379200	6.9	879380
21218	-633787200	8.3	879380
21218	-631108800	8.1	879380
21218	-628430400	9.5	879380
21218	-626011200	8.4	879380
21218	-623332800	4.6	879380
21218	-620740800	1.3	879380
21218	-618062400	0.7	879380
21218	-615470400	1.6	879380
21218	-612792000	-0.2	879380
21218	-610113600	3	879380
21218	-607521600	6.4	879380
21218	-604843200	6.8	879380
21218	-602251200	9	879380
21218	-599572800	8.5	879380
21218	-596894400	9.2	879380
21218	-594475200	8.5	879380
21218	-591796800	8.6	879380
21218	-589204800	3.1	879380
21218	-586526400	-0.5	879380
21218	-583934400	1.7	879380
21218	-581256000	3.2	879380
21218	-578577600	3.1	879380
21218	-575985600	5.6	879380
21218	-573307200	7.6	879380
21218	-570715200	11.2	879380
21218	-568036800	9.9	879380
21218	-565358400	9.4	879380
21218	-562852800	6.6	879380
21218	-560174400	5.8	879380
21218	-557582400	1.7	879380
21218	-554904000	2.6	879380
21218	-552312000	2.3	879380
21218	-549633600	3.7	879380
21218	-546955200	5.8	879380
21218	-544363200	7	879380
21218	-541684800	8	879380
21218	-539092800	8.8	879380
21218	-536414400	8.7	879380
21218	-533736000	9.8	879380
21218	-531316800	7.9	879380
21218	-528638400	4.7	879380
21218	-526046400	3.3	879380
21218	-523368000	2.5	879380
21218	-520776000	2	879380
21218	-518097600	4.1	879380
21218	-515419200	4.9	879380
21218	-512827200	6	879380
21218	-510148800	7.8	879380
21218	-507556800	10.5	879380
21218	-504878400	8.1	879380
21218	-502200000	9.8	879380
21218	-499780800	7.3	879380
21218	-497102400	6.3	879380
23383	-433944000	9.3	858922
23383	-431352000	8.3	858922
23383	-428673600	7.4	858922
23383	-426081600	7	858922
23383	-423403200	6.3	858922
23383	-420724800	6.3	858922
23383	-418132800	7.7	858922
23383	-415454400	9.3	858922
23383	-412862400	10.5	858922
23385	-1430568000	4.6	859310
23385	-1427976000	7.2	859310
23385	-1425297600	8.3	859310
23468	-347112000	13.6	879120
23468	-344433600	14.7	879120
23468	-342014400	12	879120
23468	-339336000	5.4	879120
23468	-336744000	4.5	879120
23468	-334065600	1.7	879120
23468	-331473600	0.8	879120
23468	-328795200	3.7	879120
23468	-326116800	6.4	879120
23468	-323524800	7.4	879120
23468	-320846400	11.6	879120
23468	-318254400	13.5	879120
23468	-315576000	15.6	879120
23468	-312897600	15	879120
23468	-310392000	13	879120
23468	-307713600	9.1	879120
23468	-305121600	5.8	879120
23468	-302443200	1.2	879120
23468	-299851200	3.2	879120
23468	-297172800	5	879120
23468	-294494400	6.5	879120
23468	-291902400	9.4	879120
23468	-289224000	12.9	879120
23468	-286632000	12.6	879120
23469	-544363200	9.9	879250
23469	-541684800	11.6	879250
23469	-539092800	13.7	879250
23469	-536414400	11.4	879250
23469	-533736000	12.8	879250
23469	-531316800	11.5	879250
23469	-528638400	7	879250
23469	-526046400	3.9	879250
23469	-523368000	1.7	879250
23469	-520776000	0.5	879250
23469	-518097600	4.2	879250
23469	-515419200	5	879250
23469	-512827200	8.4	879250
23469	-510148800	10.6	879250
23469	-507556800	13.6	879250
23469	-504878400	12.6	879250
23469	-502200000	12.5	879250
23469	-499780800	11.3	879250
23470	715348800	3.4	879340
23470	717940800	4.7	879340
23471	-491832000	3.8	879380
23471	-489240000	1.5	879380
23471	-486561600	1.7	879380
23471	-483883200	3	879380
23471	-481291200	7.4	879380
23471	-478612800	8.2	879380
23471	-476020800	8.9	879380
23471	-473342400	10.2	879380
23471	-470664000	9.3	879380
23471	-468244800	7.9	879380
23471	-465566400	6.5	879380
23471	-462974400	5	879380
25432	-352382400	9.6	858922
25432	-349790400	10.5	858922
25432	-347112000	12.8	858922
25434	-1420027200	11	859310
25434	-1417348800	11.2	859310
25434	-1414929600	10.3	859310
25434	-1412251200	7.6	859310
25434	-1409659200	5.6	859310
25434	-1406980800	3.5	859310
25434	-1404388800	2.8	859310
25434	-1401710400	2.5	859310
25434	-1399032000	2.1	859310
25434	-1396440000	6	859310
25434	-1393761600	8.5	859310
25434	-1391169600	10.3	859310
25434	-1388491200	10.3	859310
25434	-1385812800	11.8	859310
25434	-1383393600	8.8	859310
25434	-1380715200	6.5	859310
25434	-1378123200	5.5	859310
25434	-1375444800	3.7	859310
25434	-1372852800	2.1	859310
25434	-1370174400	3.2	859310
25434	-1367496000	4	859310
25434	-1364904000	4.8	859310
25434	-1362225600	7.8	859310
25434	-1359633600	10.7	859310
25434	-1356955200	11.1	859310
25434	-1354276800	10.7	859310
25434	-1351857600	10.2	859310
25434	-1349179200	8.2	859310
25434	-1346587200	5.3	859310
25434	-1343908800	3	859310
25434	-1341316800	2.6	859310
25434	-1338638400	2.6	859310
25434	-1335960000	3.3	859310
25434	-1333368000	5.9	859310
25434	-1330689600	8	859310
25434	-1328097600	10	859310
25434	-1325419200	10	859310
25434	-1322740800	10.7	859310
25434	-1320235200	9.4	859310
25434	-1317556800	7.2	859310
25434	-1314964800	5.1	859310
25434	-1312286400	3.1	859310
25434	-1309694400	2.2	859310
25434	-1307016000	3.8	859310
25434	-1304337600	5.6	859310
25434	-1301745600	7.2	859310
25434	-1299067200	8.3	859310
25434	-1296475200	9.2	859310
25434	-1293796800	11	859310
25434	-1291118400	11.6	859310
25434	-1288699200	10	859310
25434	-1286020800	7.8	859310
25434	-1283428800	5.3	859310
25434	-1280750400	4.2	859310
25434	-1278158400	3.4	859310
25434	-1275480000	3.1	859310
25434	-1272801600	4.4	859310
25434	-1270209600	6.5	859310
25434	-1267531200	7.8	859310
25434	-1264939200	7.6	859310
25434	-1262260800	10.4	859310
25434	-1259582400	11.3	859310
25434	-1257163200	8.5	859310
25434	-1254484800	8.2	859310
25434	-1251892800	5	859310
25434	-1249214400	2.2	859310
25434	-1246622400	0.9	859310
25434	-1243944000	1.5	859310
25434	-1241265600	5	859310
25434	-1238673600	5.9	859310
25434	-1235995200	9.2	859310
25434	-1233403200	8.7	859310
25434	-1230724800	12.3	859310
25434	-1228046400	9.2	859310
25434	-1225627200	9.3	859310
25434	-1222948800	8.1	859310
25434	-1220356800	6	859310
25434	-1217678400	4.3	859310
25434	-1215086400	2.8	859310
25434	-1212408000	4.3	859310
25434	-1209729600	4.5	859310
25434	-1207137600	6.3	859310
25434	-1204459200	8.5	859310
25434	-1201867200	10.8	859310
25434	-1199188800	11.7	859310
25434	-1196510400	11.8	859310
25434	-1194004800	10	859310
25434	-1191326400	6.5	859310
25434	-1188734400	6	859310
25434	-1186056000	4.1	859310
25434	-1183464000	2	859310
25434	-1180785600	3.3	859310
25434	-1178107200	4.7	859310
25434	-1175515200	7.5	859310
25434	-1172836800	8.4	859310
25434	-1170244800	9.8	859310
25434	-1167566400	11.3	859310
25434	-1164888000	11.2	859310
25434	-1162468800	9.9	859310
25434	-1159790400	8.1	859310
25434	-1157198400	5.4	859310
25434	-1154520000	3.5	859310
25434	-1151928000	2.9	859310
25434	-1149249600	3.8	859310
25434	-1146571200	4.9	859310
25434	-1143979200	6.1	859310
25434	-1141300800	7	859310
25434	-1138708800	8.7	859310
25434	-1136030400	12	859310
25434	-1133352000	9.6	859310
25434	-1130932800	9	859310
25434	-1128254400	7.5	859310
25434	-1125662400	4.7	859310
25434	-1122984000	3	859310
25434	-1120392000	2.6	859310
25434	-1117713600	3.8	859310
25434	-1115035200	5.7	859310
25516	-281275200	14	879120
25516	-278856000	10.3	879120
25516	-276177600	6.9	879120
25516	-273585600	0.5	879120
25516	-270907200	0.7	879120
25516	-268315200	0.2	879120
25516	-265636800	3.5	879120
25516	-262958400	5.8	879120
25516	-260366400	10	879120
25516	-257688000	12.1	879120
25516	-255096000	15	879120
25516	-252417600	14.9	879120
25516	-249739200	13.9	879120
25516	-247320000	13.4	879120
25516	-244641600	8.7	879120
25517	-494510400	3.4	879250
25517	-491832000	-0.2	879250
25517	-489240000	0.7	879250
25517	-486561600	2.9	879250
25517	-483883200	4.7	879250
25517	-481291200	9.4	879250
25517	-478612800	10.3	879250
25517	-476020800	10.9	879250
25517	-473342400	12.9	879250
25517	-470664000	11.9	879250
25517	-468244800	10.9	879250
25517	-465566400	7.9	879250
25517	-462974400	4.2	879250
25517	-460296000	0.9	879250
25517	-457704000	-0.2	879250
25517	-455025600	2.6	879250
25517	-452347200	5.7	879250
25517	-449755200	9.9	879250
25517	-447076800	11.9	879250
25517	-444484800	10.2	879250
25517	-441806400	11.3	879250
25517	-439128000	11.6	879250
25517	-436622400	9.9	879250
25517	-433944000	7.6	879250
25517	-431352000	4.4	879250
25517	-428673600	3.2	879250
25517	-426081600	2.5	879250
25517	-423403200	3.9	879250
25517	-420724800	5.1	879250
25517	-418132800	9.3	879250
25517	-415454400	12.7	879250
25517	-412862400	12.9	879250
25517	-410184000	11.8	879250
25517	-407505600	14.5	879250
25517	-405086400	12.4	879250
25517	-402408000	9	879250
25517	-399816000	2.6	879250
25517	-397137600	0.9	879250
25517	-394545600	1.3	879250
25517	-391867200	2.1	879250
25517	-389188800	5.2	879250
25517	-386596800	7	879250
25517	-383918400	10.8	879250
25517	-381326400	11.1	879250
25517	-378648000	13.8	879250
25517	-375969600	10.6	879250
25517	-373550400	11	879250
25517	-370872000	8.2	879250
25517	-368280000	2.5	879250
25517	-365601600	-0.1	879250
25518	730987200	9	879340
25518	733665600	5.1	879340
25518	736257600	4.5	879340
25518	738936000	-1.9	879340
25518	741528000	8.7	879340
25518	744206400	3.1	879340
25518	746884800	3.4	879340
25518	749476800	8.2	879340
25518	752155200	9.2	879340
25518	754747200	9.9	879340
25519	-455025600	2.1	879380
25519	-452347200	4.7	879380
25519	-449755200	7.2	879380
25519	-447076800	7.6	879380
25519	-444484800	7.9	879380
25519	-441806400	9	879380
25519	-439128000	9.1	879380
25519	-436622400	8	879380
25519	-433944000	7	879380
25519	-431352000	5.4	879380
25519	-428673600	4.5	879380
25519	-426081600	2.1	879380
25519	-423403200	3.8	879380
25519	-420724800	4.1	879380
25519	-418132800	7	879380
25519	-415454400	9.6	879380
25519	-412862400	8.5	879380
25519	-410184000	7.5	879380
25519	-407505600	10.6	879380
25519	-405086400	9.3	879380
25519	-402408000	7.5	879380
25519	-399816000	3.6	879380
25519	-397137600	0.9	879380
25519	-394545600	0.9	879380
25519	-391867200	1.6	879380
25519	-389188800	4.1	879380
25519	-386596800	3.5	879380
25519	-383918400	8.8	879380
25519	-381326400	8.2	879380
25519	-378648000	9.7	879380
25519	-375969600	7.1	879380
25519	-373550400	8.7	879380
25519	-370872000	5.8	879380
25519	-368280000	2.2	879380
25519	-365601600	0.6	879380
25519	-363009600	0.8	879380
25519	-360331200	1.4	879380
25519	-357652800	3.6	879380
25519	-355060800	6.8	879380
25519	-352382400	7.3	879380
25519	-349790400	6.7	879380
25519	-347112000	8.6	879380
25519	-344433600	8	879380
25519	-342014400	7.6	879380
25519	-339336000	1.8	879380
25519	-336744000	1.7	879380
25519	-334065600	1.5	879380
25519	-331473600	0.9	879380
25519	-328795200	1.8	879380
25519	-326116800	3.9	879380
25519	-323524800	5.2	879380
25519	-320846400	6.6	879380
25519	-318254400	8.4	879380
25519	-315576000	9.7	879380
25519	-312897600	10	879380
25519	-310392000	9.5	879380
25519	-307713600	5	879380
25519	-305121600	3.7	879380
25519	-302443200	0.5	879380
25519	-299851200	1.8	879380
25519	-297172800	2.2	879380
25519	-294494400	5.1	879380
25519	-291902400	6.1	879380
25519	-289224000	6.8	879380
25519	-286632000	6.8	879380
25519	-283953600	9.1	879380
25519	-281275200	8.5	879380
25519	-278856000	6.4	879380
25519	-276177600	4.1	879380
25519	-273585600	2.8	879380
25519	-270907200	0.9	879380
25519	-268315200	0.7	879380
25519	-265636800	1.5	879380
25519	-262958400	3.7	879380
25519	-260366400	6.2	879380
25519	-257688000	6.8	879380
25519	-255096000	7.8	879380
25519	-252417600	9.8	879380
25519	-249739200	9.1	879380
25519	-247320000	7.4	879380
25519	-244641600	6.5	879380
25519	-242049600	4.1	879380
25519	-239371200	3.1	879380
25519	-236779200	3.2	879380
25519	-234100800	1.9	879380
25519	-231422400	5.3	879380
25519	-228830400	8.2	879380
25519	-226152000	6.9	879380
25519	-223560000	9.2	879380
25519	-220881600	8.1	879380
25519	-218203200	10.8	879380
25519	-215784000	6.7	879380
25519	-213105600	3.4	879380
25519	-210513600	3.6	879380
25519	-207835200	2.7	879380
25519	-205243200	1.6	879380
25519	-202564800	0.8	879380
25519	-199886400	2.6	879380
25519	-197294400	5.5	879380
25519	-194616000	7.7	879380
25519	-192024000	10.4	879380
25519	-189345600	10.1	879380
25519	-186667200	9.4	879380
25519	-184161600	7.6	879380
25519	-181483200	6	879380
25519	-178891200	2.7	879380
25519	-176212800	-0.6	879380
25519	-173620800	1.9	879380
25519	-170942400	1.2	879380
25519	-168264000	3.4	879380
25519	-165672000	7.6	879380
25519	-162993600	7	879380
25519	-160401600	8.9	879380
25519	-157723200	10.2	879380
25519	-155044800	9.9	879380
25519	-152625600	9.8	879380
25519	-149947200	4.8	879380
25519	-147355200	3	879380
25519	-144676800	2	879380
25519	-142084800	2.1	879380
25519	-139406400	2.7	879380
25519	-136728000	4	879380
25519	-134136000	4.7	879380
25519	-131457600	8.1	879380
25519	-128865600	6.8	879380
25519	-126187200	9.3	879380
25519	-123508800	7.6	879380
25519	-121089600	8	879380
25519	-118411200	6.5	879380
25519	-115819200	3.9	879380
25519	-113140800	1.7	879380
25519	-110548800	-0.3	879380
25519	-107870400	3.1	879380
25519	-105192000	2.7	879380
25519	-102600000	5.7	879380
25519	-99921600	7.9	879380
25519	-97329600	8.8	879380
25519	-94651200	9.1	879380
25519	-91972800	9.5	879380
25519	-89553600	7.6	879380
25519	-86875200	5.7	879380
25519	-84283200	3.1	879380
25519	-81604800	2.6	879380
25519	-79012800	1.9	879380
25519	-76334400	1.3	879380
27316	-328795200	5.5	858922
27316	-326116800	5.9	858922
27318	-1109764800	9.3	859310
27318	-1107172800	10.2	859310
27318	-1104494400	11.4	859310
27318	-1101816000	10.8	859310
27318	-1099396800	10	859310
27318	-1096718400	7.4	859310
27318	-1094126400	5	859310
27318	-1091448000	3.2	859310
27318	-1088856000	2.3	859310
27318	-1086177600	3.2	859310
27318	-1083499200	3.7	859310
27318	-1080907200	6.2	859310
27318	-1078228800	8.3	859310
27318	-1075636800	9.3	859310
27318	-1072958400	11.1	859310
27318	-1070280000	11.5	859310
27318	-1067774400	9.3	859310
27318	-1065096000	7.3	859310
27318	-1062504000	3.2	859310
27318	-1059825600	5.6	859310
27318	-1057233600	5.7	859310
27318	-1054555200	5.9	859310
27318	-1051876800	7.8	859310
27318	-1049284800	9.6	859310
27318	-1046606400	13.1	859310
27318	-1044014400	12.6	859310
27318	-1041336000	11.8	859310
27318	-1038657600	10.1	859310
27318	-1036238400	9	859310
27318	-1033560000	7.5	859310
27318	-1030968000	4.4	859310
27318	-1028289600	2.6	859310
27318	-1025697600	1.6	859310
27318	-1023019200	1.6	859310
27318	-1020340800	4.9	859310
27318	-1017748800	6.7	859310
27318	-1015070400	8.8	859310
27318	-1012478400	10.7	859310
27318	-1009800000	10.8	859310
27318	-1007121600	10.9	859310
27318	-1004702400	9	859310
27318	-1002024000	7.9	859310
27318	-999432000	6	859310
27318	-996753600	3.6	859310
27318	-994161600	2.4	859310
27318	-991483200	2.8	859310
27318	-988804800	3.8	859310
27318	-986212800	6.8	859310
27318	-983534400	8.1	859310
27318	-980942400	10.5	859310
27318	-978264000	10.9	859310
27318	-975585600	10.8	859310
27318	-973166400	9.4	859310
27318	-970488000	7.4	859310
27318	-967896000	4.3	859310
27318	-965217600	3.1	859310
27318	-962625600	2.5	859310
27318	-959947200	1.6	859310
27318	-957268800	4.3	859310
27318	-954676800	6.8	859310
27318	-951998400	7.6	859310
27318	-949406400	10.4	859310
27318	-946728000	11.3	859310
27318	-944049600	12.1	859310
27318	-941544000	10.3	859310
27318	-938865600	6.7	859310
27318	-936273600	4.4	859310
27318	-933595200	2.7	859310
27318	-931003200	2.8	859310
27318	-928324800	3.7	859310
27318	-925646400	4.6	859310
27318	-923054400	7.2	859310
27318	-920376000	9.6	859310
27318	-917784000	9.7	859310
27318	-915105600	12	859310
27318	-912427200	11.5	859310
27318	-910008000	11.5	859310
27318	-907329600	6.3	859310
27318	-904737600	4.8	859310
27318	-902059200	4.1	859310
27318	-899467200	3.9	859310
27318	-896788800	4	859310
27318	-894110400	5	859310
27318	-891518400	7.3	859310
27318	-888840000	8.3	859310
27318	-886248000	11.2	859310
27318	-883569600	11.9	859310
27318	-880891200	11.9	859310
27318	-878472000	8.6	859310
27318	-875793600	7.8	859310
27318	-873201600	5.2	859310
27318	-870523200	4.1	859310
27318	-867931200	3.5	859310
27318	-865252800	3.1	859310
27318	-862574400	4.6	859310
27318	-859982400	7.1	859310
27318	-857304000	9.5	859310
27318	-854712000	11.9	859310
27318	-852033600	11.7	859310
27318	-849355200	12	859310
27318	-846936000	10.4	859310
27318	-844257600	9.2	859310
27318	-841665600	6.3	859310
27318	-838987200	4	859310
27318	-836395200	3.7	859310
27318	-833716800	3.4	859310
27318	-831038400	5.3	859310
27318	-828446400	7.4	859310
27318	-825768000	8.9	859310
27318	-823176000	11.3	859310
27318	-820497600	11.4	859310
27318	-817819200	11.4	859310
27318	-815313600	11.2	859310
27318	-812635200	8.5	859310
27318	-810043200	5.7	859310
27318	-807364800	2.8	859310
27318	-804772800	3	859310
27318	-802094400	3	859310
27318	-799416000	4.4	859310
27318	-796824000	6.8	859310
27318	-794145600	9.1	859310
27318	-791553600	11.2	859310
27318	-788875200	12.7	859310
27318	-786196800	12.6	859310
27318	-783777600	10.3	859310
27318	-781099200	7.2	859310
27318	-778507200	5.6	859310
27318	-775828800	3.7	859310
27318	-773236800	2.1	859310
27318	-770558400	3.3	859310
27318	-767880000	4.9	859310
27318	-765288000	7.2	859310
27318	-762609600	8.3	859310
27318	-760017600	11.2	859310
27318	-757339200	12.1	859310
27318	-754660800	10.9	859310
27318	-752241600	10.1	859310
27318	-749563200	9	859310
27318	-746971200	5.8	859310
27318	-744292800	4.2	859310
27318	-741700800	3.6	859310
27318	-739022400	2.4	859310
27318	-736344000	4.3	859310
27318	-733752000	6.5	859310
27318	-731073600	7.5	859310
27318	-728481600	9.2	859310
27318	-725803200	9.5	859310
27318	-723124800	11	859310
27318	-720705600	9.8	859310
27318	-718027200	7.2	859310
27318	-715435200	4.4	859310
27318	-712756800	3.4	859310
27318	-710164800	3	859310
27318	-707486400	3.8	859310
27318	-704808000	5.7	859310
27318	-702216000	8.5	859310
27318	-699537600	11.1	859310
27318	-696945600	10.6	859310
27318	-694267200	12.9	859310
27318	-691588800	11.6	859310
27318	-689083200	8.9	859310
27318	-686404800	8.5	859310
27318	-683812800	5.4	859310
27318	-681134400	3.9	859310
27318	-678542400	2.1	859310
27318	-675864000	2.1	859310
27318	-673185600	5.1	859310
27318	-670593600	7.6	859310
27318	-667915200	8.9	859310
27318	-665323200	10.4	859310
27318	-662644800	12.2	859310
27318	-659966400	10.6	859310
27318	-657547200	9.3	859310
27318	-654868800	7.7	859310
27318	-652276800	4.6	859310
27318	-649598400	3.3	859310
27318	-647006400	3	859310
27318	-644328000	3.3	859310
27318	-641649600	5.2	859310
27318	-639057600	7.9	859310
27318	-636379200	9.3	859310
27318	-633787200	10.2	859310
27318	-631108800	10.4	859310
27318	-628430400	11.6	859310
27318	-626011200	10.3	859310
27318	-623332800	6.7	859310
27318	-620740800	3.3	859310
27318	-618062400	3	859310
27318	-615470400	3.2	859310
27318	-612792000	2.1	859310
27318	-610113600	4	859310
27318	-607521600	6.5	859310
27318	-604843200	7.9	859310
27318	-602251200	10.3	859310
27318	-599572800	10	859310
27318	-596894400	10.6	859310
27318	-594475200	9	859310
27318	-591796800	8.3	859310
27318	-589204800	5	859310
27318	-586526400	1.8	859310
27318	-583934400	2.2	859310
27318	-581256000	3.3	859310
27318	-578577600	3.5	859310
27318	-575985600	5.7	859310
27318	-573307200	7.8	859310
27318	-570715200	11.6	859310
27318	-568036800	11.4	859310
27318	-565358400	10.9	859310
27318	-562852800	8.3	859310
27318	-560174400	7.5	859310
27318	-557582400	4.7	859310
27318	-554904000	4.4	859310
27318	-552312000	3.6	859310
27318	-549633600	4.4	859310
27318	-546955200	6.4	859310
27318	-544363200	8.2	859310
27318	-541684800	10.3	859310
27318	-539092800	11.7	859310
27318	-536414400	12	859310
27318	-533736000	12.4	859310
27318	-531316800	11	859310
27318	-528638400	5.3	859310
27318	-526046400	5.1	859310
27318	-523368000	3.5	859310
27318	-520776000	2.8	859310
27318	-518097600	4.2	859310
27318	-515419200	4.8	859310
27318	-512827200	7.7	859310
27318	-510148800	9.6	859310
27318	-507556800	12.3	859310
27318	-504878400	11.4	859310
27318	-502200000	11.5	859310
27318	-499780800	10.3	859310
27318	-497102400	7.7	859310
27318	-494510400	5.3	859310
27318	-491832000	3.7	859310
27318	-489240000	2.9	859310
27318	-486561600	3.3	859310
27318	-483883200	4.4	859310
27318	-481291200	8.2	859310
27318	-478612800	9.5	859310
27318	-476020800	10.8	859310
27318	-473342400	12	859310
27318	-470664000	11.7	859310
27318	-468244800	10.8	859310
27318	-465566400	8.1	859310
27318	-462974400	5.7	859310
27318	-460296000	3	859310
27318	-457704000	2.7	859310
27318	-455025600	3	859310
27318	-452347200	5	859310
27318	-449755200	8.3	859310
27318	-447076800	10.4	859310
27318	-444484800	9.8	859310
27318	-441806400	10.6	859310
27318	-439128000	11.7	859310
27318	-436622400	10.2	859310
27318	-433944000	8.2	859310
27318	-431352000	5.9	859310
27318	-428673600	4.5	859310
27318	-426081600	3.5	859310
27318	-423403200	4.4	859310
27318	-420724800	5	859310
27318	-418132800	8	859310
27318	-415454400	10.9	859310
27318	-412862400	11.9	859310
27318	-410184000	11.4	859310
27318	-407505600	13.1	859310
27318	-405086400	11.5	859310
27318	-402408000	9.2	859310
27318	-399816000	4.9	859310
27318	-397137600	3.2	859310
27318	-394545600	2.9	859310
27318	-391867200	3.3	859310
27318	-389188800	5.1	859310
27318	-386596800	6.5	859310
27318	-383918400	9.1	859310
27318	-381326400	10.8	859310
27318	-378648000	12.9	859310
27318	-375969600	11.3	859310
27318	-373550400	11.1	859310
27318	-370872000	9	859310
27318	-368280000	5.6	859310
27318	-365601600	2.9	859310
27318	-363009600	3.4	859310
27318	-360331200	3.5	859310
27318	-357652800	5	859310
27318	-355060800	8.5	859310
27318	-352382400	10.2	859310
27318	-349790400	10.5	859310
27318	-347112000	12.2	859310
27395	-152625600	12.7	879120
27395	-149947200	7.4	879120
27395	-147355200	2.5	879120
27395	-144676800	1.7	879120
27395	-142084800	-1.5	879120
27395	-139406400	3.9	879120
27395	-136728000	6.8	879120
27395	-134136000	9.4	879120
27395	-131457600	12.7	879120
27396	-363009600	3.6	879140
27396	-360331200	4.3	879140
27396	-357652800	6.3	879140
27396	-355060800	11.9	879140
27396	-352382400	12.2	879140
27396	-349790400	13.5	879140
27397	-347112000	12.8	879250
27397	-344433600	12.8	879250
27397	-342014400	11.1	879250
27397	-339336000	4.2	879250
27397	-336744000	3.8	879250
27397	-334065600	1.5	879250
27398	760104000	10	879340
27398	762523200	8.7	879340
27399	-65793600	9.3	879380
27399	-63115200	9.1	879380
27399	-60436800	8.4	879380
27399	-57931200	7.5	879380
27399	-55252800	6.5	879380
27399	-52660800	4.3	879380
27399	-49982400	3.1	879380
27399	-47390400	2.7	879380
27399	-44712000	3.5	879380
27399	-42033600	4.2	879380
27399	-39441600	5.9	879380
27399	-36763200	7.6	879380
27399	-34171200	8.7	879380
27399	-31492800	8.5	879380
27399	-28814400	8.7	879380
27399	-26395200	8	879380
27399	-23716800	6.1	879380
27399	-21124800	2.5	879380
27399	-18446400	1.3	879380
27399	-15854400	0.9	879380
27399	-13176000	2.7	879380
27399	-10497600	4.2	879380
27399	-7905600	4	879380
27399	-5227200	7.9	879380
27399	-2635200	9.5	879380
27399	43200	9.9	879380
27399	2721600	9.8	879380
27399	5140800	7.4	879380
27399	7819200	5.4	879380
27399	10411200	1.8	879380
27399	13089600	2.5	879380
27399	15681600	1.9	879380
27399	18360000	2.2	879380
27399	21038400	5.5	879380
27399	23630400	6.2	879380
27399	26308800	8.3	879380
27399	28900800	8.4	879380
27399	31579200	8	879380
27399	34257600	7.9	879380
27399	36676800	6.8	879380
27399	39355200	6.4	879380
27399	41947200	1.8	879380
27399	44625600	2.4	879380
27399	47217600	1.3	879380
27399	49896000	2.6	879380
27399	52574400	4.1	879380
27399	55166400	6.6	879380
27399	57844800	7.4	879380
27399	60436800	7.2	879380
27399	63115200	9.1	879380
27399	65793600	8.1	879380
27399	68299200	6.7	879380
27399	70977600	6.8	879380
27399	73569600	1.6	879380
27399	76248000	1.4	879380
27399	78840000	1.4	879380
27399	81518400	1.3	879380
27399	84196800	3.6	879380
27399	86788800	5	879380
27399	89467200	8.8	879380
27399	92059200	10.7	879380
27399	94737600	8.8	879380
27399	97416000	8.9	879380
27399	99835200	8.6	879380
27399	102513600	4.2	879380
27399	105105600	3.6	879380
27399	107784000	-0.1	879380
27399	110376000	-0.9	879380
27399	113054400	3.2	879380
27399	115732800	4.5	879380
27399	118324800	6.9	879380
27399	121003200	7.5	879380
27399	123595200	8.5	879380
27399	126273600	8.7	879380
27399	128952000	10	879380
27399	131371200	8.7	879380
27399	134049600	6	879380
27399	136641600	3.3	879380
27399	139320000	1.7	879380
27399	141912000	2.1	879380
27399	144590400	2.4	879380
27399	147268800	4.6	879380
27399	149860800	6.4	879380
27399	152539200	7.8	879380
27399	155131200	9.7	879380
27399	157809600	10	879380
27399	160488000	8.3	879380
27399	162907200	8.3	879380
27399	165585600	5.7	879380
27399	168177600	4.7	879380
27399	170856000	2.4	879380
27399	173448000	-0.5	879380
27399	176126400	1.6	879380
27399	178804800	4.1	879380
27399	181396800	6.5	879380
27399	184075200	6.9	879380
27399	186667200	7.5	879380
27399	189345600	8.4	879380
27399	192024000	10.1	879380
27399	194529600	6.6	879380
27399	197208000	5.5	879380
27399	199800000	3.4	879380
27399	202478400	0.6	879380
27399	205070400	1.1	879380
27399	207748800	2.1	879380
27399	210427200	3.4	879380
27399	213019200	6.1	879380
27399	215697600	8.2	879380
27399	218289600	7.2	879380
27399	220968000	9.9	879380
27399	223646400	9.3	879380
27399	226065600	7.8	879380
27399	228744000	6.1	879380
27399	231336000	4.3	879380
27399	234014400	2.2	879380
27399	236606400	-0.7	879380
27399	239284800	1.5	879380
27399	241963200	2.5	879380
27399	244555200	5.9	879380
27399	247233600	8.4	879380
27399	249825600	11	879380
27399	252504000	9.8	879380
27399	255182400	10.1	879380
27399	257601600	8.6	879380
27399	260280000	5.6	879380
27399	262872000	4	879380
27399	265550400	2.5	879380
27399	268142400	2.5	879380
27399	270820800	0.4	879380
27399	273499200	5.5	879380
27399	276091200	5.9	879380
27399	278769600	7.6	879380
27399	281361600	9.2	879380
27399	284040000	11.2	879380
27399	286718400	10	879380
27399	289137600	8.9	879380
27399	291816000	7.5	879380
27399	294408000	2.7	879380
27399	297086400	3.5	879380
27399	299678400	1.4	879380
27399	302356800	3.7	879380
27399	305035200	3.9	879380
27399	307627200	5.1	879380
27399	310305600	6.8	879380
27399	312897600	9.8	879380
27399	315576000	9.5	879380
27399	318254400	9	879380
27399	320760000	7.8	879380
27399	323438400	3.8	879380
27399	326030400	3.5	879380
27399	328708800	1.7	879380
27399	331300800	0.1	879380
27399	333979200	2.3	879380
27399	336657600	4.3	879380
27399	339249600	6.6	879380
27399	341928000	6.4	879380
27399	344520000	9.2	879380
27399	347198400	10	879380
27399	349876800	9.6	879380
27399	352296000	7	879380
27399	354974400	5.6	879380
27399	357566400	3.5	879380
27399	360244800	2.2	879380
27399	362836800	2.2	879380
27399	365515200	2.2	879380
27399	368193600	3.5	879380
27399	370785600	6.7	879380
27399	373464000	8.2	879380
27399	376056000	8.7	879380
27399	378734400	11.4	879380
27399	381412800	10.2	879380
27399	383832000	8.4	879380
27399	386510400	6.5	879380
27399	389102400	4.7	879380
27399	391780800	1.5	879380
27399	394372800	1.1	879380
27399	397051200	1	879380
27399	399729600	3.7	879380
27399	402321600	4.7	879380
27399	4.05e+08	7.1	879380
27399	407592000	9.6	879380
27399	410270400	10.4	879380
27399	412948800	8.1	879380
27399	415368000	7.4	879380
27399	418046400	5.9	879380
27399	420638400	3.1	879380
27399	423316800	0.7	879380
27399	425908800	2.3	879380
27399	428587200	3.2	879380
27399	431265600	4.1	879380
27399	433857600	6.1	879380
27399	436536000	8.8	879380
27399	439128000	9.7	879380
27399	441806400	8.7	879380
27399	444484800	9.3	879380
27399	446990400	8.4	879380
27399	449668800	6.1	879380
27399	452260800	0.3	879380
27399	454939200	1	879380
27399	457531200	0.1	879380
27399	460209600	2.5	879380
27399	462888000	4.9	879380
27399	465480000	5.8	879380
27399	468158400	8.5	879380
27399	470750400	10.4	879380
27399	473428800	11.6	879380
27399	476107200	10.4	879380
27399	478526400	6.2	879380
27399	481204800	5.4	879380
27399	483796800	2.3	879380
27399	486475200	1.5	879380
27399	489067200	2.2	879380
27399	491745600	3.6	879380
27399	494424000	5.2	879380
27399	497016000	7.1	879380
27399	499694400	9	879380
27399	502286400	9.1	879380
27399	504964800	9.7	879380
27399	507643200	8.7	879380
27399	510062400	7.8	879380
27399	512740800	4.2	879380
27399	515332800	1.3	879380
27399	518011200	1	879380
27399	520603200	2.6	879380
27399	523281600	3.4	879380
27399	525960000	3.9	879380
27399	528552000	7.8	879380
27399	531230400	7	879380
27399	533822400	9.1	879380
27399	536500800	10	879380
27399	539179200	10.3	879380
27399	541598400	8	879380
27399	544276800	6.1	879380
27399	546868800	4.9	879380
27399	549547200	2.2	879380
27399	552139200	0.5	879380
27399	554817600	1.9	879380
27399	557496000	3.6	879380
27399	560088000	6.8	879380
27399	562766400	9.1	879380
29047	-192024000	10.8	858922
29047	-189345600	12.3	858922
29047	-186667200	10.9	858922
29049	-336744000	4.4	859310
29049	-334065600	3.2	859310
29049	-331473600	2.3	859310
29049	-328795200	3.7	859310
29049	-326116800	4.6	859310
29112	-328795200	3.3	879250
29112	-326116800	5.8	879250
29112	-323524800	7	879250
29112	-320846400	10.3	879250
29113	578491200	4.9	879380
29113	581169600	3.5	879380
30620	-107870400	6.9	858922
30620	-105192000	7.5	858922
30620	-102600000	7.4	858922
30620	-99921600	9.8	858922
30620	-97329600	10.4	858922
30620	-94651200	11.9	858922
30620	-91972800	11.9	858922
30620	-89553600	11.7	858922
30620	-86875200	11	858922
30620	-84283200	9	858922
30620	-81604800	6.9	858922
30620	-79012800	6.7	858922
30620	-76334400	7.3	858922
30620	-73656000	7.4	858922
30620	-71064000	10	858922
30620	-68385600	10.3	858922
30620	-65793600	10.5	858922
30620	-63115200	11.4	858922
30620	-60436800	11.3	858922
30620	-57931200	11.3	858922
30620	-55252800	10.8	858922
30620	-52660800	10.6	858922
30620	-49982400	9.4	858922
30620	-47390400	8.9	858922
30620	-44712000	8.7	858922
30620	-42033600	8.1	858922
30620	-39441600	7.7	858922
30620	-36763200	8.8	858922
30620	-34171200	10	858922
30620	-31492800	10.8	858922
30620	-28814400	10.4	858922
30620	-26395200	11.7	858922
30620	-23716800	10.3	858922
30620	-21124800	8.9	858922
30622	-320846400	8.9	859310
30622	-318254400	10.9	859310
30622	-315576000	15.1	859310
30622	-312897600	13.6	859310
30622	-310392000	13	859310
30622	-307713600	7.6	859310
30622	-305121600	6.2	859310
30622	-302443200	3.5	859310
30622	-299851200	2.4	859310
30622	-297172800	3.8	859310
30622	-294494400	6.1	859310
30622	-291902400	8.1	859310
30622	-289224000	9.8	859310
30622	-286632000	10	859310
30622	-283953600	11.3	859310
30622	-281275200	12.4	859310
30622	-278856000	9.9	859310
30622	-276177600	7	859310
30622	-273585600	5.5	859310
30622	-270907200	3.5	859310
30622	-268315200	2.2	859310
30622	-265636800	3.3	859310
30622	-262958400	4.2	859310
30622	-260366400	5	859310
30622	-257688000	9.3	859310
30622	-255096000	12.5	859310
30622	-252417600	13.7	859310
30622	-249739200	14.3	859310
30622	-247320000	10.1	859310
30622	-244641600	10.2	859310
30622	-242049600	8.3	859310
30622	-239371200	5.4	859310
30622	-236779200	5.2	859310
30622	-234100800	5.2	859310
30622	-231422400	6.7	859310
30622	-228830400	10.7	859310
30622	-226152000	11.9	859310
30622	-223560000	13.6	859310
30622	-220881600	12.8	859310
30622	-218203200	15.1	859310
30622	-215784000	13.5	859310
30622	-213105600	9.9	859310
30622	-210513600	7.7	859310
30622	-207835200	6.7	859310
30622	-205243200	3.6	859310
30622	-202564800	2.9	859310
30622	-199886400	4.2	859310
30622	-197294400	7.5	859310
30622	-194616000	9.4	859310
30622	-192024000	13	859310
30622	-189345600	13.2	859310
30622	-186667200	12.7	859310
30622	-184161600	11.1	859310
30622	-181483200	7.8	859310
30622	-178891200	3.8	859310
30622	-176212800	1.1	859310
30622	-173620800	2.6	859310
30622	-170942400	2.9	859310
30622	-168264000	4.8	859310
30622	-165672000	7.3	859310
30622	-162993600	8.1	859310
30622	-160401600	10.7	859310
30622	-157723200	12.2	859310
30622	-155044800	11.6	859310
30681	-107870400	3.3	879120
30681	-105192000	6	879120
30682	778420800	3.6	879340
30682	781012800	5.4	879340
30682	783691200	0	879340
30683	586440000	1.4	879380
30683	589118400	5.4	879380
30683	591710400	7.3	879380
30683	594388800	8.9	879380
32035	-7905600	7.2	858922
32035	-5227200	8.7	858922
32035	-2635200	10.9	858922
32035	43200	12.3	858922
32035	2721600	11.7	858922
32035	5140800	11.2	858922
32035	7819200	9.7	858922
32035	10411200	7.6	858922
32035	13089600	7.1	858922
32035	15681600	6.2	858922
32035	18360000	5.9	858922
32035	21038400	6.6	858922
32035	23630400	8.3	858922
32035	26308800	9.3	858922
32035	28900800	9.6	858922
32037	-149947200	7.4	859310
32037	-147355200	4.3	859310
32037	-144676800	3.7	859310
32037	-142084800	2.4	859310
32037	-139406400	3.2	859310
32037	-136728000	4.5	859310
32037	-134136000	5.9	859310
32037	-131457600	9	859310
32037	-128865600	9.7	859310
32037	-126187200	11.8	859310
32037	-123508800	10.1	859310
32037	-121089600	10.3	859310
32037	-118411200	8.3	859310
32037	-115819200	5.5	859310
32037	-113140800	3.2	859310
32037	-110548800	1.4	859310
32037	-107870400	3.5	859310
32037	-105192000	4.3	859310
32037	-102600000	7.1	859310
32037	-99921600	9.2	859310
32037	-97329600	11	859310
32037	-94651200	12.4	859310
32037	-91972800	12.2	859310
32037	-89553600	10.7	859310
32037	-86875200	8.8	859310
32037	-84283200	4.6	859310
32037	-81604800	3.7	859310
32037	-79012800	3.4	859310
32037	-76334400	3.6	859310
32037	-73656000	4.5	859310
32037	-71064000	6.5	859310
32037	-68385600	9	859310
32037	-65793600	11.5	859310
32037	-63115200	12.5	859310
32037	-60436800	11	859310
32037	-57931200	10.2	859310
32037	-55252800	8.4	859310
32037	-52660800	6.5	859310
32037	-49982400	4.6	859310
32037	-47390400	4.6	859310
32037	-44712000	4.8	859310
32037	-42033600	5.6	859310
32037	-39441600	7.5	859310
32037	-36763200	9.5	859310
32037	-34171200	10.6	859310
32037	-31492800	11	859310
32037	-28814400	11.4	859310
32037	-26395200	10.5	859310
32037	-23716800	8.6	859310
32037	-21124800	5.2	859310
32037	-18446400	3.8	859310
32037	-15854400	2.9	859310
32037	-13176000	4.2	859310
32037	-10497600	5.4	859310
32037	-7905600	6.4	859310
32099	-63115200	14.9	879120
32099	-60436800	13	879120
32099	-57931200	10.1	879120
32099	-55252800	9.4	879120
32099	-52660800	6.9	879120
32099	-49982400	3.5	879120
32099	-47390400	4.5	879120
32099	-44712000	5.6	879120
32099	-42033600	6	879120
32099	-39441600	9.1	879120
32099	-36763200	12.8	879120
32099	-34171200	11.5	879120
32099	-31492800	13.6	879120
32099	-28814400	13.3	879120
32099	-26395200	12.3	879120
32099	-23716800	8.3	879120
32099	-21124800	3.3	879120
32099	-18446400	2.1	879120
32099	-15854400	1.3	879120
32100	-305121600	5	879250
32100	-302443200	1.8	879250
32100	-299851200	2.5	879250
32100	-297172800	4.2	879250
32100	-294494400	6.3	879250
32100	-291902400	8.6	879250
32100	-289224000	11	879250
32100	-286632000	11.3	879250
32100	-283953600	11.1	879250
32100	-281275200	11.4	879250
32100	-278856000	9	879250
32100	-276177600	5.8	879250
32100	-273585600	4.5	879250
32100	-270907200	-0.5	879250
32100	-268315200	-1.9	879250
32100	-265636800	2.7	879250
32100	-262958400	4.7	879250
32100	-260366400	8.2	879250
32100	-257688000	10.3	879250
32100	-255096000	12.2	879250
32100	-252417600	13.3	879250
32100	-249739200	13.3	879250
32100	-247320000	10.8	879250
32100	-244641600	7.1	879250
32100	-242049600	4.2	879250
32100	-239371200	1.5	879250
32100	-236779200	3	879250
32100	-234100800	2.7	879250
32100	-231422400	6.3	879250
32100	-228830400	10.2	879250
32100	-226152000	10.4	879250
32100	-223560000	13	879250
32100	-220881600	12.2	879250
32100	-218203200	14.6	879250
32100	-215784000	10	879250
32100	-213105600	5.4	879250
32100	-210513600	3.7	879250
32100	-207835200	2.5	879250
32100	-205243200	0.9	879250
32100	-202564800	1.8	879250
32100	-199886400	3.6	879250
32100	-197294400	7.9	879250
32100	-194616000	9.8	879250
32100	-192024000	13.9	879250
32100	-189345600	13.8	879250
32100	-186667200	12.8	879250
32100	-184161600	10.2	879250
32100	-181483200	7	879250
32100	-178891200	2.4	879250
32100	-176212800	-1.4	879250
32100	-173620800	1.8	879250
32100	-170942400	2.4	879250
32100	-168264000	4.5	879250
32100	-165672000	9.6	879250
32100	-162993600	10.4	879250
32100	-160401600	12.5	879250
32100	-157723200	13.3	879250
32100	-155044800	11.9	879250
32100	-152625600	11.8	879250
32100	-149947200	6.6	879250
32100	-147355200	2.1	879250
32100	-144676800	1.7	879250
32100	-142084800	-0.5	879250
32100	-139406400	3	879250
32100	-136728000	5.2	879250
32100	-134136000	7.8	879250
32100	-131457600	11.3	879250
32100	-128865600	11	879250
32100	-126187200	13.5	879250
32100	-123508800	10.9	879250
32100	-121089600	11.4	879250
32100	-118411200	8.3	879250
32100	-115819200	4.6	879250
32100	-113140800	0.6	879250
32100	-110548800	-1.8	879250
32100	-107870400	2.6	879250
32100	-105192000	5	879250
32100	-102600000	7.1	879250
32100	-99921600	11.4	879250
32100	-97329600	12.4	879250
32100	-94651200	12.3	879250
32100	-91972800	12	879250
32100	-89553600	10.4	879250
32100	-86875200	8.5	879250
32100	-84283200	3.8	879250
32100	-81604800	1.9	879250
32100	-79012800	1.6	879250
32100	-76334400	2.6	879250
32100	-73656000	5	879250
32100	-71064000	7.9	879250
32100	-68385600	12	879250
32100	-65793600	13.1	879250
32100	-63115200	14	879250
32100	-60436800	12	879250
32100	-57931200	11.1	879250
32100	-55252800	8.6	879250
32100	-52660800	6.4	879250
32100	-49982400	3.2	879250
32100	-47390400	3.4	879250
32100	-44712000	4.9	879250
32100	-42033600	5.1	879250
32100	-39441600	8.3	879250
32100	-36763200	11.3	879250
32100	-34171200	11.3	879250
32100	-31492800	12.6	879250
32100	-28814400	12.7	879250
32100	-26395200	11.1	879250
32100	-23716800	8.3	879250
32100	-21124800	2.9	879250
32100	-18446400	2.1	879250
32100	-15854400	0.7	879250
32100	-13176000	3.8	879250
32100	-10497600	5.6	879250
32100	-7905600	7.2	879250
32100	-5227200	10.8	879250
32100	-2635200	13.3	879250
32100	43200	13.3	879250
32100	2721600	13.1	879250
32100	5140800	10	879250
32100	7819200	7.3	879250
32100	10411200	3.1	879250
32100	13089600	2.3	879250
32100	15681600	2.1	879250
32100	18360000	2.2	879250
32100	21038400	6.4	879250
32100	23630400	8.5	879250
32100	26308800	11.6	879250
32100	28900800	11.5	879250
32100	31579200	11.1	879250
32100	34257600	10.9	879250
32100	36676800	10.2	879250
32100	39355200	7.3	879250
32100	41947200	3	879250
32100	44625600	-0.7	879250
32100	47217600	-0.2	879250
32100	49896000	4	879250
32100	52574400	6.4	879250
32100	55166400	9	879250
32100	57844800	10.4	879250
32100	60436800	10.4	879250
32100	63115200	13.3	879250
32100	65793600	11.6	879250
32100	68299200	9.2	879250
32100	70977600	8.7	879250
32100	73569600	2.4	879250
32100	76248000	0.6	879250
32100	78840000	1.2	879250
32100	81518400	0.8	879250
32100	84196800	4	879250
32100	86788800	6.8	879250
32100	89467200	12.5	879250
32100	92059200	13.9	879250
32100	94737600	10.9	879250
32100	97416000	13.4	879250
32100	99835200	11.7	879250
32100	102513600	6.3	879250
32100	105105600	3.3	879250
32100	107784000	0.9	879250
32100	110376000	-1.3	879250
32100	113054400	3.6	879250
32100	115732800	6.4	879250
32100	118324800	8.7	879250
32100	121003200	10.4	879250
32100	123595200	12.7	879250
32100	126273600	12.1	879250
32100	128952000	12.5	879250
32100	131371200	11.3	879250
32100	134049600	8.1	879250
32100	136641600	2	879250
32100	139320000	0.9	879250
32100	141912000	0.3	879250
32100	144590400	2.8	879250
32100	147268800	5.9	879250
32100	149860800	9	879250
32100	152539200	10.9	879250
32100	155131200	13.1	879250
32100	157809600	14.7	879250
32100	160488000	12.7	879250
32100	162907200	8.6	879250
32100	165585600	7.4	879250
32100	168177600	4.6	879250
32100	170856000	1.5	879250
32100	173448000	0	879250
32100	176126400	2.6	879250
32100	178804800	5.6	879250
32100	181396800	9.2	879250
32100	184075200	10.7	879250
32100	186667200	11.2	879250
32100	189345600	11.9	879250
32100	192024000	14	879250
32100	194529600	9	879250
32100	197208000	7	879250
32100	199800000	5.2	879250
32100	202478400	0.1	879250
32100	205070400	1.2	879250
32100	207748800	2.9	879250
32100	210427200	5.1	879250
32100	213019200	7.4	879250
32100	215697600	10	879250
32100	218289600	9.9	879250
32100	220968000	13.1	879250
32100	223646400	12.5	879250
32100	226065600	10.5	879250
32100	228744000	7.6	879250
32100	231336000	4.1	879250
32100	234014400	1.7	879250
32100	236606400	0.2	879250
32100	239284800	2.2	879250
32100	241963200	4.6	879250
32100	244555200	8.7	879250
32100	247233600	10.5	879250
32100	249825600	14	879250
32100	252504000	13.7	879250
32100	255182400	14.3	879250
32100	257601600	10.9	879250
32100	260280000	8.5	879250
32100	262872000	4.3	879250
32100	265550400	2.3	879250
32100	268142400	1.4	879250
32100	270820800	3.2	879250
32100	273499200	6.3	879250
32100	276091200	7.9	879250
32100	278769600	10	879250
32100	281361600	13.4	879250
32100	284040000	15.4	879250
32100	286718400	14.3	879250
32100	289137600	11	879250
32100	291816000	9.7	879250
32100	294408000	3.7	879250
32100	297086400	3	879250
32100	299678400	2.6	879250
32101	610027200	4.9	879380
32101	612705600	2.1	879380
33320	63115200	10.6	858922
33320	65793600	10.6	858922
33320	68299200	10.2	858922
33320	70977600	10.2	858922
33320	73569600	6.5	858922
33320	76248000	5.6	858922
33320	78840000	4.9	858922
33320	81518400	6	858922
33320	84196800	6.4	858922
33320	86788800	7.1	858922
33320	89467200	9.9	858922
33320	92059200	10.7	858922
33320	94737600	10	858922
33320	97416000	10.8	858922
33320	99835200	11.1	858922
33320	102513600	9.4	858922
33320	105105600	8.1	858922
33320	107784000	6.9	858922
33320	110376000	5.5	858922
33320	113054400	6.8	858922
33320	115732800	7.2	858922
33320	118324800	8.8	858922
33320	121003200	9.6	858922
33320	123595200	10.1	858922
33320	126273600	10.5	858922
33320	128952000	13.3	858922
33320	131371200	10.8	858922
33322	43200	12	859310
33322	2721600	11.9	859310
33322	5140800	10.4	859310
33322	7819200	8.2	859310
33322	10411200	4.5	859310
33322	13089600	4	859310
33322	15681600	3.3	859310
33322	18360000	3.1	859310
33322	21038400	5.7	859310
33322	23630400	7.4	859310
33322	26308800	9.7	859310
33322	28900800	10.9	859310
33322	31579200	10.3	859310
33322	34257600	10.4	859310
33322	36676800	10	859310
33322	39355200	7.9	859310
33322	41947200	5	859310
33322	44625600	3.4	859310
33322	47217600	2.4	859310
33322	49896000	4.2	859310
33322	52574400	5	859310
33322	55166400	6.9	859310
33322	57844800	8.2	859310
33322	60436800	9.6	859310
33322	63115200	11	859310
33322	65793600	10.2	859310
33322	68299200	9	859310
33322	70977600	7.8	859310
33322	73569600	4	859310
33322	76248000	2.7	859310
33322	78840000	2.1	859310
33322	81518400	1.8	859310
33322	84196800	3.8	859310
33322	86788800	5.4	859310
33322	89467200	9.1	859310
33322	92059200	11.2	859310
33322	94737600	10.9	859310
33322	97416000	11.2	859310
33322	99835200	10.1	859310
33322	102513600	6.4	859310
33322	105105600	4.8	859310
33322	107784000	2.7	859310
33322	110376000	1.6	859310
33322	113054400	3.3	859310
33322	115732800	4.7	859310
33322	118324800	7.7	859310
33322	121003200	8.2	859310
33322	123595200	10.5	859310
33322	126273600	11	859310
33322	128952000	11.2	859310
33322	131371200	10.3	859310
33322	134049600	7.6	859310
33322	136641600	4.6	859310
33322	139320000	3.4	859310
33322	141912000	2.6	859310
33322	144590400	2.8	859310
33322	147268800	4.7	859310
33322	149860800	6.8	859310
33322	152539200	8.5	859310
33322	155131200	9.9	859310
33322	157809600	11.7	859310
33322	160488000	10.9	859310
33322	162907200	10.1	859310
33322	165585600	7.8	859310
33322	168177600	6.1	859310
33322	170856000	3.7	859310
33322	173448000	2.5	859310
33322	176126400	2.8	859310
33322	178804800	4.7	859310
33322	181396800	6.7	859310
33322	184075200	8.4	859310
33322	186667200	9	859310
33322	189345600	10.1	859310
33322	192024000	11.1	859310
33322	194529600	8.7	859310
33322	197208000	8.1	859310
33322	199800000	6.2	859310
33322	202478400	2.1	859310
33322	205070400	2.3	859310
33322	207748800	3.2	859310
33322	210427200	4.2	859310
33322	213019200	5.6	859310
33322	215697600	7.8	859310
33322	218289600	8.4	859310
33322	220968000	10.8	859310
33322	223646400	11.4	859310
33322	226065600	10.3	859310
33322	228744000	8.1	859310
33322	231336000	5.4	859310
33322	234014400	3.7	859310
33322	236606400	2.1	859310
33322	239284800	2.8	859310
33322	241963200	4.2	859310
33322	244555200	6.7	859310
33322	247233600	9.1	859310
33322	249825600	11.7	859310
33370	41947200	3.1	879120
33370	44625600	0.2	879120
33370	47217600	1.1	879120
33370	49896000	5	879120
33370	52574400	7.9	879120
33370	55166400	10	879120
33370	57844800	13.1	879120
33370	60436800	11.6	879120
33370	63115200	14.8	879120
33370	65793600	12.6	879120
33370	68299200	10.6	879120
33370	70977600	10.4	879120
33370	73569600	2.7	879120
33370	76248000	0.2	879120
33370	78840000	1.1	879120
33371	305035200	5	879250
33371	307627200	7.6	879250
33371	310305600	9.6	879250
33371	312897600	12.9	879250
33371	315576000	14.2	879250
33371	318254400	12.7	879250
33371	320760000	11.2	879250
33371	323438400	5.2	879250
33371	326030400	4.1	879250
33371	328708800	1.6	879250
33371	331300800	1.5	879250
33371	333979200	3.3	879250
33371	336657600	4.8	879250
33371	339249600	9.1	879250
33371	341928000	9.7	879250
33371	344520000	12.7	879250
33371	347198400	13.5	879250
33371	349876800	13.2	879250
33371	352296000	9.8	879250
33371	354974400	7.8	879250
33371	357566400	4	879250
33371	360244800	1.7	879250
33371	362836800	2.6	879250
33371	365515200	4	879250
33371	368193600	5.6	879250
33371	370785600	9.7	879250
33371	373464000	11.6	879250
33371	376056000	12.7	879250
33371	378734400	15.7	879250
33371	381412800	13.9	879250
33371	383832000	11.3	879250
33371	386510400	8.9	879250
33371	389102400	6.2	879250
33371	391780800	0.1	879250
33371	394372800	-2.7	879250
33371	397051200	2.1	879250
33371	399729600	5.4	879250
33371	402321600	7.6	879250
33371	4.05e+08	10.8	879250
33371	407592000	13.6	879250
33371	410270400	14.5	879250
33371	412948800	12.2	879250
33371	415368000	10.8	879250
33371	418046400	8.3	879250
33371	420638400	4.2	879250
33371	423316800	1.9	879250
33371	425908800	2.5	879250
33371	428587200	4.6	879250
33371	431265600	5.9	879250
33371	433857600	8.8	879250
33371	436536000	12	879250
33371	439128000	14.5	879250
33371	441806400	13	879250
33371	444484800	12.1	879250
33371	446990400	11	879250
33371	449668800	8.1	879250
33371	452260800	-0.2	879250
33371	454939200	-1.1	879250
33371	457531200	-2.7	879250
33371	460209600	1.9	879250
33371	462888000	6.2	879250
33371	465480000	7.8	879250
33371	468158400	12	879250
33371	470750400	13.9	879250
33371	473428800	15.4	879250
33371	476107200	15.1	879250
33371	478526400	9.7	879250
33371	481204800	7.1	879250
33371	483796800	3.3	879250
33371	486475200	2.5	879250
33371	489067200	2.8	879250
33371	491745600	4.9	879250
33371	494424000	6.5	879250
33371	497016000	7.8	879250
33371	499694400	12.2	879250
33371	502286400	13.6	879250
33371	504964800	14.5	879250
33371	507643200	12.1	879250
33371	510062400	10	879250
33371	512740800	6.5	879250
33371	515332800	3	879250
33371	518011200	1.3	879250
33371	520603200	2.3	879250
33371	523281600	4	879250
33371	525960000	5.9	879250
33371	528552000	9.8	879250
33371	531230400	10.5	879250
33371	533822400	13.4	879250
33371	536500800	14.1	879250
33371	539179200	13.3	879250
33371	541598400	11.8	879250
33371	544276800	8.6	879250
33371	546868800	5.1	879250
33371	549547200	3	879250
33371	552139200	1.6	879250
33371	554817600	2.1	879250
33371	557496000	5.1	879250
33371	560088000	9.4	879250
33371	562766400	13	879250
33371	565358400	13.7	879250
33371	568036800	12.9	879250
33371	570715200	14.4	879250
33371	573220800	12.8	879250
33371	575899200	7.1	879250
33371	578491200	5.7	879250
33371	581169600	3	879250
33371	583761600	0.3	879250
33371	586440000	2.3	879250
33371	589118400	6.7	879250
33371	591710400	7.5	879250
33371	594388800	11.8	879250
33371	596980800	12.5	879250
33371	599659200	13.6	879250
33371	602337600	14.1	879250
33371	604756800	11.8	879250
33371	607435200	7.7	879250
33371	610027200	5.4	879250
33371	612705600	2.2	879250
33371	615297600	1.6	879250
33371	617976000	3.5	879250
33371	620654400	5.4	879250
33371	623246400	9.8	879250
33371	625924800	12.8	879250
33371	628516800	13.4	879250
33371	631195200	13.7	879250
33371	633873600	15.2	879250
33371	636292800	11.5	879250
33371	638971200	6.2	879250
33371	641563200	5.6	879250
33371	644241600	2.9	879250
33371	646833600	3.3	879250
33371	649512000	3.4	879250
33371	652190400	5.7	879250
33371	654782400	9.3	879250
33371	657460800	10.3	879250
33371	660052800	11.8	879250
33371	662731200	14.3	879250
33371	665409600	15.2	879250
33371	667828800	10.1	879250
33371	670507200	7.6	879250
33371	673099200	6.2	879250
33371	675777600	5	879250
33371	678369600	0.7	879250
33371	681048000	3.2	879250
33371	683726400	5.7	879250
33371	686318400	8	879250
33371	688996800	10.7	879250
33371	691588800	10.4	879250
33371	694267200	15.5	879250
33371	696945600	12.2	879250
33371	699451200	10.4	879250
33371	702129600	13.3	879250
33371	704721600	3	879250
33371	707400000	0	879250
33371	709992000	-1.4	879250
33371	712670400	3.3	879250
33371	715348800	5.7	879250
33371	717940800	8	879250
33371	720619200	10.1	879250
33371	723211200	13.5	879250
33371	725889600	13.1	879250
33371	728568000	13.3	879250
33371	730987200	11.2	879250
33371	733665600	6.5	879250
33371	736257600	3.3	879250
33371	738936000	-0.7	879250
33371	741528000	3.1	879250
33371	744206400	5	879250
33371	746884800	7.3	879250
33371	749476800	8	879250
33371	752155200	12.1	879250
33371	754747200	12.3	879250
33371	757425600	14.8	879250
33371	760104000	12.5	879250
33371	762523200	11	879250
33371	765201600	8.4	879250
33371	767793600	2.6	879250
33371	770472000	0.5	879250
33371	773064000	0.6	879250
33371	775742400	4.4	879250
33371	778420800	5	879250
33371	781012800	5.4	879250
33371	783691200	11.4	879250
33371	786283200	12.5	879250
33371	788961600	13.8	879250
33371	791640000	13.4	879250
33371	794059200	10.3	879250
33371	796737600	8.8	879250
33371	799329600	5.3	879250
33371	802008000	0.6	879250
33371	804600000	-0.7	879250
33371	807278400	-0.4	879250
33371	809956800	5.3	879250
33371	812548800	8.9	879250
33371	815227200	11.7	879250
33371	817819200	13.7	879250
33371	820497600	12.4	879250
33371	823176000	12	879250
33371	825681600	10.6	879250
33371	828360000	7.3	879250
33371	830952000	6.8	879250
33371	833630400	2.5	879250
33371	836222400	2.5	879250
33371	838900800	3.4	879250
33371	841579200	7	879250
33371	844171200	8.1	879250
33371	846849600	11.5	879250
33371	849441600	12.8	879250
33371	852120000	14.1	879250
33371	854798400	11.4	879250
33371	857217600	11.3	879250
33371	859896000	7.3	879250
33371	862488000	3.5	879250
33371	865166400	2	879250
33371	867758400	0.4	879250
33371	870436800	3.3	879250
33371	873115200	4.7	879250
33371	875707200	7.9	879250
33371	878385600	10.7	879250
33371	880977600	11.5	879250
33371	883656000	13.4	879250
33371	886334400	14.4	879250
33371	888753600	12.1	879250
33371	891432000	9	879250
33371	894024000	5.5	879250
33371	896702400	3.8	879250
33371	899294400	4.6	879250
33371	901972800	5	879250
33371	904651200	5.6	879250
33371	907243200	9.1	879250
33371	909921600	11.7	879250
33371	912513600	12.5	879250
33371	915192000	14	879250
33371	917870400	12.9	879250
33371	920289600	10.1	879250
33371	922968000	8	879250
33371	925560000	4.7	879250
33371	928238400	-0.2	879250
33371	930830400	1.4	879250
33371	933508800	2.9	879250
33371	936187200	4.7	879250
33371	938779200	9.5	879250
33371	941457600	12.7	879250
33371	944049600	12.6	879250
33371	946728000	13.5	879250
33371	949406400	11.8	879250
33371	951912000	9.8	879250
33371	954590400	7.7	879250
33371	957182400	4.7	879250
33371	959860800	1.4	879250
33371	962452800	0.7	879250
33371	965131200	2.7	879250
33371	967809600	2.6	879250
33371	970401600	7.6	879250
33371	973080000	10.4	879250
33371	975672000	10.9	879250
33371	978350400	12.9	879250
33371	981028800	12.3	879250
33371	983448000	9.3	879250
33371	986126400	7.8	879250
33371	988718400	3.9	879250
33371	991396800	1.9	879250
33371	993988800	-1.3	879250
33371	996667200	1.9	879250
33371	999345600	5.6	879250
33371	1001937600	9	879250
33371	1004616000	10.4	879250
33371	1007208000	13.5	879250
33371	1009886400	13.1	879250
33371	1012564800	13.6	879250
33371	1014984000	8.3	879250
33371	1017662400	7.1	879250
33371	1020254400	0.9	879250
33371	1022932800	-0.7	879250
33371	1025524800	0.5	879250
33371	1028203200	1.6	879250
33371	1030881600	5.6	879250
33371	1033473600	7.1	879250
33371	1036152000	9.5	879250
33371	1038744000	13.5	879250
33371	1041422400	12.8	879250
33371	1044100800	12.9	879250
33371	1046520000	10.5	879250
33371	1049198400	7	879250
33371	1051790400	5.7	879250
33371	1054468800	1.2	879250
33371	1057060800	4.2	879250
33371	1059739200	4.2	879250
33371	1062417600	5.3	879250
33371	1065009600	7.4	879250
33371	1067688000	9.7	879250
33371	1070280000	11.5	879250
33371	1072958400	15	879250
33371	1075636800	15.1	879250
33371	1078142400	11.5	879250
33371	1080820800	7.6	879250
33371	1083412800	4.4	879250
33371	1086091200	4.4	879250
33371	1088683200	0.9	879250
33371	1091361600	3.6	879250
33371	1094040000	5.9	879250
33371	1096632000	7.9	879250
33371	1099310400	11.4	879250
33371	1101902400	13.2	879250
33371	1104580800	12.9	879250
33371	1107259200	15.2	879250
33371	1109678400	10.1	879250
33371	1112356800	10.1	879250
33371	1114948800	2.8	879250
33371	1117627200	-1.1	879250
33371	1120219200	1.6	879250
33371	1122897600	2.6	879250
33371	1125576000	6.9	879250
33371	1128168000	8	879250
33371	1130846400	10.7	879250
33371	1133438400	12.1	879250
33371	1136116800	14	879250
33371	1138795200	12.7	879250
33371	1141214400	11.1	879250
33371	1143892800	7.2	879250
33371	1146484800	5.8	879250
33371	1149163200	0.6	879250
33371	1151755200	1.6	879250
33371	1154433600	3	879250
33371	1157112000	5	879250
33371	1159704000	8.9	879250
33371	1162382400	10.7	879250
33371	1164974400	12.4	879250
33371	1167652800	12.7	879250
33371	1170331200	12.1	879250
33371	1172750400	10.6	879250
33371	1175428800	7.6	879250
33371	1178020800	3.4	879250
33371	1180699200	-2.3	879250
33371	1183291200	0.5	879250
33371	1185969600	3.3	879250
33371	1188648000	6.3	879250
33371	1191240000	8	879250
33371	1193918400	9.6	879250
33371	1196510400	13	879250
33371	1199188800	14.3	879250
33371	1201867200	14.5	879250
33371	1204372800	12.2	879250
33371	1207051200	6.9	879250
33371	1209643200	3.6	879250
33371	1212321600	1.4	879250
33371	1214913600	1.4	879250
33371	1217592000	0.7	879250
33371	1220270400	6.6	879250
33371	1222862400	8.8	879250
33371	1225540800	11.1	879250
33371	1228132800	14.5	879250
33371	1230811200	14	879250
33371	1233489600	12.8	879250
33371	1235908800	10.9	879250
33371	1238587200	7.3	879250
33371	1241179200	3.9	879250
33371	1243857600	3.3	879250
33371	1246449600	2	879250
33371	1249128000	3.1	879250
33371	1251806400	5.8	879250
33371	1254398400	6.9	879250
33371	1257076800	7.3	879250
33371	1259668800	12.3	879250
33371	1262347200	13.2	879250
33371	1265025600	10.8	879250
33371	1267444800	10.7	879250
33371	1270123200	7.4	879250
33371	1272715200	5.2	879250
33371	1275393600	0.7	879250
33371	1277985600	1.3	879250
33371	1280664000	2.9	879250
33371	1283342400	5.8	879250
33371	1285934400	9.1	879250
33371	1288612800	10.9	879250
33371	1291204800	11.6	879250
33371	1293883200	13.3	879250
33371	1296561600	13.5	879250
33371	1298980800	10.9	879250
33371	1301659200	7.4	879250
33371	1304251200	5.3	879250
33371	1306929600	1.6	879250
33371	1309521600	1.5	879250
33371	1312200000	2.2	879250
33371	1314878400	5.2	879250
33371	1317470400	8.9	879250
33371	1320148800	11.2	879250
33371	1322740800	14.5	879250
33371	1325419200	15	879250
33371	1328097600	10.6	879250
33371	1330603200	11.5	879250
33371	1333281600	6.7	879250
33371	1335873600	3.8	879250
33371	1338552000	1.4	879250
33371	1341144000	1.9	879250
33371	1343822400	4.5	879250
33371	1346500800	6.5	879250
33371	1349092800	8.5	879250
33371	1351771200	11.5	879250
33371	1354363200	10.5	879250
33371	1357041600	15.7	879250
33371	1359720000	13.1	879250
33371	1362139200	10.9	879250
33371	1364817600	9.7	879250
33371	1367409600	5.1	879250
33371	1370088000	3.8	879250
33371	1372680000	3.3	879250
33371	1375358400	2.1	879250
33371	1378036800	4.7	879250
33371	1380628800	8.8	879250
33371	1383307200	10.2	879250
33371	1385899200	11.8	879250
33371	1388577600	11.5	879250
33371	1391256000	12.7	879250
33371	1393675200	10.3	879250
33371	1396353600	7.4	879250
33371	1398945600	4.8	879250
33371	1401624000	1.9	879250
33371	1404216000	1.7	879250
33371	1406894400	4	879250
33371	1409572800	5.6	879250
33371	1412164800	8.2	879250
33371	1414843200	10.9	879250
33371	1417435200	12.2	879250
33371	1420113600	12.7	879250
33371	1422792000	13	879250
33371	1425211200	12.1	879250
33371	1427889600	7.7	879250
33371	1430481600	5.5	879250
34525	255182400	12.4	859310
34525	257601600	10.5	859310
34525	260280000	8.6	859310
34525	262872000	6	859310
34525	265550400	4.1	859310
34525	268142400	2.7	859310
34525	270820800	3.5	859310
34525	273499200	5.2	859310
34525	276091200	6.8	859310
34525	278769600	8.5	859310
34525	281361600	11.2	859310
34525	284040000	12.4	859310
34525	286718400	12.2	859310
34525	289137600	10.3	859310
34525	291816000	9.3	859310
34525	294408000	5.7	859310
34525	297086400	4.5	859310
34525	299678400	3.6	859310
34525	302356800	3.3	859310
34525	305035200	4	859310
34525	307627200	6.3	859310
34525	310305600	7.7	859310
34525	312897600	10.8	859310
34525	315576000	13.5	859310
34525	318254400	11	859310
34525	320760000	9.8	859310
34525	323438400	6	859310
34525	326030400	5	859310
34525	328708800	3.6	859310
34525	331300800	2.4	859310
34525	333979200	3.3	859310
34525	336657600	4.8	859310
34525	339249600	7.4	859310
34525	341928000	7.9	859310
34525	344520000	10.4	859310
34525	347198400	11.8	859310
34525	349876800	11.8	859310
34525	352296000	9.5	859310
34525	354974400	8.2	859310
34525	357566400	5.9	859310
34525	360244800	3.9	859310
34525	362836800	3	859310
34525	365515200	3.9	859310
34525	368193600	4.8	859310
34525	370785600	7.3	859310
34525	373464000	9.4	859310
34525	376056000	10.8	859310
34525	378734400	13.1	859310
34525	381412800	12.3	859310
34525	383832000	11	859310
34525	386510400	9	859310
34525	389102400	6.4	859310
34525	391780800	3.7	859310
34525	394372800	2.1	859310
34525	397051200	2.9	859310
34525	399729600	4.7	859310
34525	402321600	6.5	859310
34525	4.05e+08	8.9	859310
34525	407592000	11.5	859310
34525	410270400	12.5	859310
34525	412948800	11	859310
34525	415368000	9.9	859310
34525	418046400	7.8	859310
34525	420638400	5.6	859310
34525	423316800	3.6	859310
34525	425908800	3.2	859310
34525	428587200	3.8	859310
34525	431265600	5.2	859310
34525	433857600	7	859310
34525	436536000	9.6	859310
34525	439128000	11.2	859310
34525	441806400	10.8	859310
34525	444484800	10.8	859310
34525	446990400	9.9	859310
34525	449668800	7.7	859310
34525	452260800	3.2	859310
34525	454939200	2.3	859310
34525	457531200	1	859310
34525	460209600	2.2	859310
34525	462888000	4.7	859310
34525	465480000	6.2	859310
34525	468158400	9	859310
34525	470750400	10.7	859310
34525	473428800	13.6	859310
34525	476107200	13.3	859310
34525	478526400	9.6	859310
34525	481204800	7	859310
34525	483796800	4.7	859310
34525	486475200	3.8	859310
34525	489067200	3.5	859310
34525	491745600	4.2	859310
34525	494424000	5	859310
34525	497016000	6.8	859310
34525	499694400	9.4	859310
34525	502286400	11.9	859310
34525	504964800	11.7	859310
34525	507643200	10.4	859310
34525	510062400	9.3	859310
34525	512740800	7.2	859310
34525	515332800	4	859310
34525	518011200	2.1	859310
34525	520603200	2.2	859310
34525	523281600	2.7	859310
34525	525960000	3.6	859310
34525	528552000	6.9	859310
34525	531230400	8.2	859310
34525	533822400	10.7	859310
34525	536500800	11.2	859310
34525	539179200	11.2	859310
34525	541598400	10.5	859310
34525	544276800	8	859310
34525	546868800	6.4	859310
34525	549547200	4.5	859310
34525	552139200	3	859310
34525	554817600	2.9	859310
34525	557496000	4.6	859310
34525	560088000	7.4	859310
34525	562766400	10.2	859310
34525	565358400	11.2	859310
34525	568036800	10.7	859310
34525	570715200	11.9	859310
34525	573220800	10.8	859310
34525	575899200	7	859310
34525	578491200	6.2	859310
34525	581169600	4.1	859310
34525	583761600	2.7	859310
34525	586440000	2.9	859310
34525	589118400	4.8	859310
34525	591710400	6.3	859310
34525	594388800	8.8	859310
34525	596980800	10	859310
34569	84196800	5.1	879120
34569	86788800	7.4	879120
34569	89467200	13.3	879120
34569	92059200	15.9	879120
34569	94737600	12.7	879120
34569	97416000	13.8	879120
34570	804600000	-5.5	879340
34570	807278400	-5.7	879340
34571	652190400	3.3	879380
34571	654782400	6.3	879380
34571	657460800	6.7	879380
34571	660052800	8.3	879380
34571	662731200	10.6	879380
34571	665409600	8.9	879380
34571	667828800	7.4	879380
34571	670507200	6	879380
34571	673099200	1.1	879380
34571	675777600	0.9	879380
34571	678369600	0.6	879380
34571	681048000	2.1	879380
34571	683726400	3.9	879380
34571	686318400	5.5	879380
34571	688996800	7.7	879380
34571	691588800	7.3	879380
34571	694267200	11.4	879380
34571	696945600	7.9	879380
34571	699451200	6.3	879380
34571	702129600	5.5	879380
34571	704721600	1.9	879380
34571	707400000	-0.1	879380
34571	709992000	1.2	879380
34571	712670400	3.1	879380
34571	715348800	4.2	879380
34571	717940800	6	879380
34571	720619200	8.8	879380
34571	723211200	10.3	879380
34571	725889600	9.6	879380
34571	728568000	10.4	879380
34571	730987200	8.5	879380
34571	733665600	5.2	879380
34571	736257600	6.2	879380
34571	738936000	0.5	879380
34571	741528000	2.4	879380
34571	744206400	3.5	879380
34571	746884800	4.6	879380
34571	749476800	7.4	879380
34571	752155200	9.6	879380
34571	754747200	8.3	879380
34571	757425600	11	879380
34571	760104000	9	879380
34571	762523200	8.5	879380
34571	765201600	5.9	879380
34571	767793600	2	879380
34571	770472000	0.9	879380
34571	773064000	-0.1	879380
34571	775742400	4.1	879380
34571	778420800	4	879380
34571	781012800	5.5	879380
34571	783691200	9.3	879380
34571	786283200	9.8	879380
34571	788961600	11.1	879380
34571	791640000	9.7	879380
34571	794059200	6.3	879380
34571	796737600	7.5	879380
34571	799329600	4.8	879380
34571	802008000	0.5	879380
34571	804600000	-1.9	879380
34571	807278400	2.4	879380
34571	809956800	3.1	879380
34571	812548800	6.9	879380
34571	815227200	7.9	879380
34571	817819200	9.7	879380
34571	820497600	8.9	879380
34571	823176000	9.2	879380
34571	825681600	8.3	879380
34571	828360000	5.4	879380
34571	830952000	5.3	879380
34571	833630400	1.8	879380
34571	836222400	2.9	879380
34571	838900800	3.3	879380
34571	841579200	6	879380
34571	844171200	6.3	879380
34571	846849600	8.1	879380
34571	849441600	9.2	879380
34571	852120000	10.4	879380
34571	854798400	8.1	879380
34571	857217600	8.7	879380
34571	859896000	5.1	879380
34571	862488000	3.5	879380
34571	865166400	2.1	879380
34571	867758400	0.8	879380
34571	870436800	2.8	879380
34571	873115200	2.8	879380
34571	875707200	4.8	879380
34571	878385600	7.7	879380
34571	880977600	8	879380
34571	883656000	9.5	879380
34571	886334400	9.2	879380
34571	888753600	9.4	879380
34571	891432000	7.6	879380
34571	894024000	5.1	879380
34571	896702400	4.7	879380
34571	899294400	3.8	879380
34571	901972800	3	879380
34571	904651200	4	879380
34571	907243200	6.3	879380
34571	909921600	7.9	879380
34571	912513600	8.3	879380
34571	915192000	9.8	879380
34571	917870400	9.9	879380
34571	920289600	8.4	879380
34571	922968000	7.7	879380
34571	925560000	4.8	879380
34571	928238400	2.5	879380
34571	930830400	3.4	879380
34571	933508800	2.3	879380
34571	936187200	3.5	879380
34571	938779200	6.5	879380
34571	941457600	9.3	879380
34571	944049600	8.5	879380
34571	946728000	8.6	879380
34571	949406400	9.4	879380
34571	951912000	7.6	879380
34571	954590400	6.4	879380
34571	957182400	4.6	879380
34571	959860800	1.9	879380
34571	962452800	2.6	879380
34571	965131200	2.9	879380
34571	967809600	1.8	879380
34571	970401600	5.6	879380
34571	973080000	6.6	879380
34571	975672000	7.4	879380
34571	978350400	9.1	879380
34571	981028800	8.2	879380
34571	983448000	7.4	879380
35594	147268800	6.6	858922
35594	149860800	6.8	858922
35642	817819200	10.4	879340
35642	820497600	9.4	879340
35642	823176000	9.3	879340
35642	825681600	8.1	879340
35642	828360000	4.6	879340
35643	988718400	4.6	879380
35643	991396800	2.2	879380
35643	993988800	0.4	879380
35643	996667200	3.1	879380
35643	999345600	4.5	879380
35643	1001937600	7	879380
35643	1004616000	7.2	879380
35643	1007208000	9.5	879380
35643	1009886400	9.4	879380
35643	1012564800	10	879380
35643	1014984000	6.2	879380
36612	155131200	9.1	858922
36612	157809600	10.5	858922
36612	160488000	10.4	858922
36612	162907200	11.2	858922
36612	165585600	9	858922
36612	168177600	7.9	858922
36612	170856000	7.6	858922
36612	173448000	7.2	858922
36612	176126400	8.4	858922
36612	178804800	7.6	858922
36612	181396800	7.4	858922
36612	184075200	8.4	858922
36612	186667200	8.9	858922
36612	189345600	10.2	858922
36612	192024000	11.5	858922
36612	194529600	9.4	858922
36612	197208000	9.3	858922
36612	199800000	8.4	858922
36612	202478400	7	858922
36655	157809600	16	879120
36655	160488000	14.3	879120
36655	162907200	12.5	879120
36656	1020254400	1.7	879380
36656	1022932800	0.4	879380
36656	1025524800	1.7	879380
36656	1028203200	3	879380
36656	1030881600	4.6	879380
36656	1033473600	4.5	879380
36656	1036152000	6.5	879380
36656	1038744000	10.1	879380
36656	1041422400	8.9	879380
36656	1044100800	9.8	879380
36656	1046520000	8	879380
36656	1049198400	6.8	879380
36656	1051790400	5.5	879380
36656	1054468800	1.2	879380
36656	1057060800	3.6	879380
36656	1059739200	3.8	879380
36656	1062417600	4.7	879380
36656	1065009600	5.6	879380
36656	1067688000	6.2	879380
36656	1070280000	8.1	879380
36656	1072958400	10.3	879380
36656	1075636800	11.6	879380
36656	1078142400	9.2	879380
36656	1080820800	6.3	879380
36656	1083412800	4.5	879380
36656	1086091200	3.9	879380
36656	1088683200	2.3	879380
36656	1091361600	3.1	879380
36656	1094040000	3.3	879380
36656	1096632000	6.2	879380
36656	1099310400	8.8	879380
36656	1101902400	9.8	879380
36656	1104580800	9.2	879380
36656	1107259200	12.2	879380
36656	1109678400	8	879380
36656	1112356800	5.7	879380
36656	1114948800	3.5	879380
36656	1117627200	0.9	879380
37549	241963200	7.2	858922
37549	244555200	7.5	858922
37549	247233600	8.4	858922
37549	249825600	10	858922
37549	252504000	10.5	858922
37549	255182400	11.1	858922
37549	257601600	10.3	858922
37549	260280000	9.6	858922
37549	262872000	9.2	858922
37549	265550400	6.7	858922
37549	268142400	7.5	858922
37588	838900800	2.1	879340
37588	841579200	4.6	879340
37588	844171200	5.5	879340
37588	846849600	8.2	879340
37588	849441600	10.1	879340
37588	852120000	10.5	879340
37589	1122897600	2.9	879380
37589	1125576000	5.9	879380
37589	1128168000	6.1	879380
37589	1130846400	8	879380
37589	1133438400	8.2	879380
37589	1136116800	10.2	879380
38413	286718400	12.4	858922
38413	289137600	11.8	858922
38413	291816000	10.7	858922
38413	294408000	9.6	858922
38413	297086400	7.7	858922
38413	299678400	7.4	858922
38413	302356800	6.5	858922
38413	305035200	6.9	858922
38413	307627200	6.8	858922
38413	310305600	8.6	858922
38413	312897600	10.3	858922
38413	315576000	12.1	858922
38413	318254400	11.9	858922
38413	320760000	12.1	858922
38413	323438400	8.5	858922
38413	326030400	9.2	858922
38413	328708800	7.1	858922
38413	331300800	6.8	858922
38413	333979200	7.6	858922
38413	336657600	7.5	858922
38413	339249600	8.3	858922
38413	341928000	8.6	858922
38413	344520000	9.9	858922
38413	347198400	11	858922
38413	349876800	10.9	858922
38413	352296000	11.2	858922
38413	354974400	10.4	858922
38451	360244800	2.8	879120
38451	362836800	4	879120
38451	365515200	4.2	879120
38452	857217600	8.7	879340
38452	859896000	4.9	879340
38452	862488000	1.1	879340
38453	1141214400	9.2	879380
38453	1143892800	6	879380
38453	1146484800	5.6	879380
38453	1149163200	2.5	879380
38453	1151755200	2.5	879380
39198	360244800	7.5	858922
39198	362836800	7.8	858922
39198	365515200	7.6	858922
39198	368193600	6.7	858922
39198	370785600	8.2	858922
39198	373464000	8.2	858922
39198	376056000	9.3	858922
39198	378734400	11.3	858922
39198	381412800	10.7	858922
39198	383832000	10.5	858922
39198	386510400	9.8	858922
39198	389102400	9.6	858922
39198	391780800	5.3	858922
39198	394372800	4.9	858922
39198	397051200	7	858922
39198	399729600	8.5	858922
39198	402321600	9.4	858922
39198	4.05e+08	6.7	858922
39198	407592000	11.2	858922
39198	410270400	12.5	858922
39198	412948800	11.7	858922
39198	415368000	11.5	858922
39198	418046400	10.8	858922
39198	420638400	9.2	858922
39198	423316800	7.3	858922
39198	425908800	6.6	858922
39198	428587200	7.4	858922
39198	431265600	7.1	858922
39198	433857600	7.7	858922
39198	436536000	9.3	858922
39198	439128000	10.7	858922
39198	441806400	11.1	858922
39198	444484800	10.2	858922
39198	446990400	11.3	858922
39198	449668800	8.9	858922
39198	452260800	5.2	858922
39198	454939200	5.2	858922
39198	457531200	5.7	858922
39198	460209600	5.9	858922
39198	462888000	8	858922
39198	465480000	7.9	858922
39198	468158400	8.6	858922
39198	470750400	10	858922
39198	473428800	11.5	858922
39198	476107200	10.9	858922
39198	478526400	10.1	858922
39198	481204800	9.8	858922
39198	483796800	8.3	858922
39198	486475200	9.3	858922
39198	489067200	7.3	858922
39198	491745600	6	858922
39198	494424000	6.2	858922
39198	497016000	8.2	858922
39198	499694400	9.8	858922
39198	502286400	10.2	858922
39198	504964800	11.2	858922
39198	507643200	11.3	858922
39198	510062400	10.6	858922
39198	512740800	9	858922
39198	515332800	8.9	858922
39198	518011200	6.2	858922
39198	520603200	6.5	858922
39198	523281600	5.5	858922
39198	525960000	6.3	858922
39198	528552000	8.5	858922
39198	531230400	8.6	858922
39198	533822400	10.4	858922
39198	536500800	11.4	858922
39198	539179200	11.7	858922
39198	541598400	11.6	858922
39198	544276800	10.5	858922
39198	546868800	8.3	858922
39198	549547200	7.7	858922
39198	552139200	6.3	858922
39198	554817600	6.8	858922
39198	557496000	7.1	858922
39198	560088000	9.2	858922
39198	562766400	10.3	858922
39198	565358400	10.6	858922
39198	568036800	11	858922
39198	570715200	11.6	858922
39198	573220800	10.8	858922
39198	575899200	9.5	858922
39198	578491200	8.2	858922
39198	581169600	7.1	858922
39198	583761600	5.9	858922
39198	586440000	5.9	858922
39198	589118400	6.9	858922
39198	591710400	7.2	858922
39233	370785600	11	879120
39233	373464000	12.3	879120
39234	1157112000	3.3	879380
39234	1159704000	7.4	879380
39234	1162382400	7.2	879380
39234	1164974400	8.9	879380
39972	378734400	17.2	879120
39972	381412800	15.1	879120
39972	383832000	12.7	879120
39972	386510400	10	879120
39972	389102400	6.1	879120
39972	391780800	0.5	879120
39973	875707200	6	879340
39973	878385600	8.6	879340
39974	1170331200	8.1	879380
39974	1172750400	7.8	879380
39974	1175428800	5.1	879380
39974	1178020800	3.2	879380
39974	1180699200	2.4	879380
40631	631195200	10.3	858922
40631	633873600	12.4	858922
40631	636292800	11.3	858922
40631	638971200	8.4	858922
40631	641563200	8.4	858922
40631	644241600	7.4	858922
40631	646833600	6.9	858922
40631	649512000	6.1	858922
40631	652190400	7.5	858922
40665	397051200	2.8	879120
40665	399729600	5.7	879120
40665	402321600	8.1	879120
40665	4.05e+08	11.9	879120
40665	407592000	15.5	879120
40665	410270400	17.5	879120
40665	412948800	13.7	879120
40665	415368000	11.7	879120
40665	418046400	8.9	879120
40665	420638400	3.9	879120
40665	423316800	1.7	879120
40665	425908800	2.7	879120
40665	428587200	4.5	879120
40665	431265600	6.6	879120
40665	433857600	10.1	879120
40665	436536000	13.9	879120
40665	439128000	15.8	879120
40665	441806400	16	879120
40666	883656000	10.9	879340
40666	886334400	11.6	879340
40666	888753600	9.2	879340
40666	891432000	6.8	879340
40667	1185969600	3.8	879380
40667	1188648000	5.3	879380
41300	446990400	12.3	879120
41300	449668800	8.7	879120
41300	452260800	0.9	879120
41300	454939200	-0.7	879120
41300	457531200	-2.6	879120
41300	460209600	2.7	879120
41300	462888000	7.4	879120
41300	465480000	9.8	879120
41300	468158400	13	879120
41301	1193918400	6	879380
41301	1196510400	8.7	879380
41877	1201867200	10.5	879380
41877	1204372800	9	879380
41877	1207051200	4.9	879380
41877	1209643200	3.8	879380
41877	1212321600	2.7	879380
41877	1214913600	2.3	879380
41877	1217592000	1.6	879380
41877	1220270400	6.5	879380
41877	1222862400	6.9	879380
41877	1225540800	7.5	879380
41877	1228132800	9.4	879380
42434	486475200	2.2	879120
42434	489067200	2.7	879120
42434	491745600	5	879120
42434	494424000	7.2	879120
42434	497016000	9.4	879120
42434	499694400	13.2	879120
42434	502286400	15.8	879120
42434	504964800	15.9	879120
42434	507643200	15.3	879120
42434	510062400	12	879120
42434	512740800	8.4	879120
42434	515332800	3.9	879120
42434	518011200	2	879120
42434	520603200	2.7	879120
42434	523281600	2.9	879120
42435	1233489600	8.7	879380
42435	1235908800	8.5	879380
42435	1238587200	5.9	879380
42435	1241179200	3.1	879380
42435	1243857600	2.8	879380
42435	1246449600	2	879380
42435	1249128000	2.3	879380
42435	1251806400	4.7	879380
42435	1254398400	5.1	879380
42435	1257076800	4.5	879380
42435	1259668800	8.8	879380
42435	1262347200	8.9	879380
42435	1265025600	7.7	879380
42435	1267444800	7.8	879380
42435	1270123200	6.7	879380
42435	1272715200	5.4	879380
42435	1275393600	2.5	879380
42435	1277985600	2.3	879380
42435	1280664000	3.2	879380
42435	1283342400	4.4	879380
42435	1285934400	7.1	879380
42435	1288612800	8.9	879380
42435	1291204800	6.6	879380
42435	1293883200	8.8	879380
42435	1296561600	10.1	879380
42435	1298980800	8.8	879380
42435	1301659200	5	879380
42435	1304251200	4.6	879380
42435	1306929600	2.7	879380
42435	1309521600	2.1	879380
42435	1312200000	1.5	879380
42435	1314878400	3.7	879380
42435	1317470400	6.6	879380
42435	1320148800	7.9	879380
42435	1322740800	10.3	879380
42435	1325419200	10.5	879380
42435	1328097600	6.7	879380
42435	1330603200	8.9	879380
42435	1333281600	5.7	879380
42435	1335873600	3.6	879380
42435	1338552000	0.8	879380
42435	1341144000	1.8	879380
42435	1343822400	4.5	879380
42435	1346500800	5.2	879380
42435	1349092800	5.3	879380
42435	1351771200	7.7	879380
42435	1354363200	7	879380
42435	1357041600	10.3	879380
42435	1359720000	8.9	879380
42435	1362139200	8.9	879380
42435	1364817600	8.2	879380
42435	1367409600	3.9	879380
42435	1370088000	3	879380
42435	1372680000	3.3	879380
42435	1375358400	1.6	879380
42435	1378036800	3.9	879380
42435	1380628800	6.2	879380
42435	1383307200	6.3	879380
42435	1385899200	6.8	879380
42435	1388577600	7.5	879380
42435	1391256000	8.4	879380
42435	1393675200	6.2	879380
42435	1396353600	6.2	879380
42435	1398945600	4.9	879380
42435	1401624000	3	879380
42435	1404216000	2.8	879380
42435	1406894400	3.2	879380
42435	1409572800	4	879380
42435	1412164800	6	879380
42435	1414843200	6.1	879380
42435	1417435200	7.8	879380
42435	1420113600	9.3	879380
42435	1422792000	8.9	879380
42435	1425211200	9	879380
42435	1427889600	6.3	879380
42435	1430481600	3.8	879380
42956	528552000	10.2	879120
42956	531230400	12	879120
42956	533822400	15.5	879120
42956	536500800	16.4	879120
42956	539179200	15	879120
42956	541598400	13.2	879120
42956	544276800	9.7	879120
42956	546868800	5.3	879120
42956	549547200	2.2	879120
42956	552139200	1.7	879120
42956	554817600	2.7	879120
42956	557496000	5.3	879120
42956	560088000	10.9	879120
42956	562766400	16	879120
42956	565358400	14.9	879120
42956	568036800	14.3	879120
42956	570715200	14.6	879120
42956	573220800	14.5	879120
42956	575899200	6.9	879120
42956	578491200	5.6	879120
42956	581169600	3.4	879120
42956	583761600	1.6	879120
42956	586440000	2.1	879120
42956	589118400	7	879120
42956	591710400	8	879120
42956	594388800	13.7	879120
42956	596980800	14.1	879120
42956	599659200	14.1	879120
42956	602337600	15.7	879120
42956	604756800	12.3	879120
42956	607435200	5.7	879120
43437	612705600	3.1	879120
43437	615297600	3.6	879120
43437	617976000	3.9	879120
43437	620654400	6.5	879120
43437	623246400	11.1	879120
43437	625924800	14.5	879120
43437	628516800	15.5	879120
43437	631195200	15.1	879120
43437	633873600	17.1	879120
43437	636292800	12.6	879120
43437	638971200	6.2	879120
43437	641563200	5.3	879120
43437	644241600	3.1	879120
43883	649512000	4.7	879120
43883	652190400	6.5	879120
43883	654782400	11	879120
43883	657460800	12.1	879120
43883	660052800	14.3	879120
43883	662731200	22.9	879120
43883	665409600	13.3	879120
