group	x	y	clickSelects
2729	-794145600	-9.8	715050
2729	-791553600	-11.8	715050
2729	-788875200	-12.7	715050
2729	-786196800	-12.5	715050
2729	-783777600	-6.4	715050
2729	-781099200	-3	715050
2729	-778507200	5.9	715050
2729	-775828800	8.3	715050
2729	-773236800	10.6	715050
2729	-770558400	9.8	715050
2729	-767880000	4.7	715050
2729	-765288000	-0.4	715050
2729	-762609600	-17.5	715050
2729	-760017600	-18.2	715050
2729	-757339200	-18.1	715050
2729	-754660800	-11.9	715050
2729	-752241600	-9.7	715050
2729	-749563200	-1	715050
2729	-746971200	6.8	715050
2729	-744292800	12.5	715050
2729	-741700800	11.9	715050
2729	-739022400	9.8	715050
2729	-736344000	4.9	715050
2729	-733752000	-1.7	715050
2729	-731073600	-13.8	715050
2729	-728481600	-26.7	715050
2729	-725803200	-25	715050
2729	-723124800	-17.7	715050
2729	-720705600	-4.3	715050
2729	-718027200	-0.8	715050
2729	-715435200	5.6	715050
2729	-712756800	9.4	715050
2729	-710164800	12.2	715050
2729	-707486400	8.9	715050
2729	-704808000	5.9	715050
2729	-702216000	-1.7	715050
2729	-699537600	-6.4	715050
2729	-696945600	-14.4	715050
2729	-694267200	-15.4	715050
2729	-691588800	-20.6	715050
2729	-689083200	-14.5	715050
2729	-686404800	-5.6	715050
2729	-683812800	6.1	715050
2729	-681134400	11.1	715050
2729	-678542400	12.1	715050
2729	-675864000	9.9	715050
2729	-673185600	4.8	715050
2729	-670593600	0.1	715050
2729	-667915200	-12.4	715050
2729	-665323200	-24	715050
2729	-662644800	-15.9	715050
2729	-659966400	-21.6	715050
2729	-657547200	-5.4	715050
2729	-654868800	0.7	715050
2729	-652276800	4.9	715050
2729	-649598400	7.7	715050
2729	-647006400	11.8	715050
2729	-644328000	9.8	715050
2729	-641649600	6.7	715050
2729	-639057600	-1.6	715050
2729	-636379200	-8.4	715050
2729	-633787200	-23.5	715050
2729	-631108800	-20.6	715050
2729	-628430400	-22.7	715050
2729	-626011200	-9.9	715050
2729	-623332800	-4.6	715050
2729	-620740800	4.9	715050
2729	-618062400	12.4	715050
2729	-615470400	11.1	715050
2729	-612792000	11.4	715050
2729	-610113600	6	715050
2729	-607521600	-4.2	715050
2729	-604843200	-19.5	715050
2729	-602251200	-18	715050
2729	-599572800	-24.5	715050
2729	-596894400	-20.6	715050
2729	-594475200	-14.1	715050
2729	-591796800	1.5	715050
2729	-589204800	6.6	715050
2729	-586526400	10.1	715050
2729	-583934400	14.5	715050
2729	-581256000	11.4	715050
2729	-578577600	7.8	715050
2729	-575985600	-6.3	715050
2729	-573307200	-14.7	715050
2729	-570715200	-23.5	715050
2729	-568036800	-27.4	715050
2729	-565358400	-15.4	715050
2729	-562852800	-9.6	715050
2729	-560174400	-1.1	715050
2729	-557582400	3.6	715050
2729	-554904000	9.6	715050
2729	-552312000	12.7	715050
2729	-549633600	10.5	715050
2729	-546955200	5.6	715050
2729	-544363200	0.8	715050
2729	-541684800	-3.6	715050
2729	-539092800	-15.4	715050
2729	-536414400	-26.8	715050
2729	-533736000	-10.9	715050
2729	-531316800	-11.8	715050
2729	-528638400	0.8	715050
2729	-526046400	6.4	715050
2729	-523368000	12.4	715050
2729	-520776000	13.3	715050
2729	-518097600	10.7	715050
2729	-515419200	4.7	715050
2729	-512827200	-1.9	715050
2729	-510148800	-15.3	715050
2729	-507556800	-14.3	715050
2729	-504878400	-19.4	715050
2729	-502200000	-19	715050
2729	-499780800	-9	715050
2729	-497102400	-6	715050
2729	-494510400	5.4	715050
2729	-491832000	10.2	715050
2729	-489240000	10.6	715050
2729	-486561600	10.7	715050
2729	-483883200	5.2	715050
2729	-481291200	1.1	715050
2729	-478612800	-6.2	715050
2729	-476020800	-21.3	715050
2729	-473342400	-15.4	715050
2729	-470664000	-14	715050
2729	-468244800	-11.8	715050
2729	-465566400	-3	715050
2729	-462974400	3.3	715050
2729	-460296000	8.3	715050
2729	-457704000	12.4	715050
2729	-455025600	8.7	715050
2729	-452347200	4.5	715050
2729	-449755200	-4.3	715050
2729	-447076800	-22.4	715050
2729	-444484800	-26.5	715050
2729	-441806400	-24.3	715050
2729	-439128000	-19.1	715050
2729	-436622400	-11.9	715050
2729	-433944000	0.3	715050
2729	-431352000	5.6	715050
2729	-428673600	8.4	715050
2729	-426081600	12.8	715050
2729	-423403200	10.5	715050
2729	-420724800	4.9	715050
2729	-418132800	-4.1	715050
2729	-415454400	-5.4	715050
2729	-412862400	-23.4	715050
2729	-410184000	-22.8	715050
2729	-407505600	-16	715050
2729	-405086400	-8.6	715050
2729	-402408000	-1.3	715050
2729	-399816000	6.1	715050
2729	-397137600	12.5	715050
2729	-394545600	11.4	715050
2729	-391867200	12.8	715050
2729	-389188800	9.2	715050
2729	-386596800	-0.9	715050
2729	-383918400	-7.8	715050
2729	-381326400	-21.5	715050
2729	-378648000	-16.8	715050
2729	-375969600	-16.7	715050
2729	-373550400	-10.6	715050
2729	-370872000	1.8	715050
2729	-368280000	6.6	715050
2729	-365601600	12.6	715050
2729	-363009600	13.5	715050
2729	-360331200	9.9	715050
2729	-357652800	4.9	715050
2729	-355060800	-5.3	715050
2729	-352382400	-11.9	715050
2729	-349790400	-19.6	715050
2729	-347112000	-28.8	715050
2729	-344433600	-13.7	715050
2729	-342014400	-13	715050
2729	-339336000	-1.3	715050
2729	-336744000	5.6	715050
2729	-334065600	12.6	715050
2729	-331473600	10.9	715050
2729	-328795200	10	715050
2729	-326116800	6.2	715050
2729	-323524800	-3	715050
2729	-320846400	-9.9	715050
2729	-318254400	-14	715050
2729	-315576000	-20.1	715050
2729	-312897600	-13.8	715050
2729	-310392000	-11.1	715050
2729	-307713600	-0.9	715050
2729	-305121600	6.7	715050
2729	-302443200	9.6	715050
2729	-299851200	11.5	715050
2729	-297172800	10.6	715050
2729	-294494400	6.3	715050
2729	-291902400	-0.9	715050
2729	-289224000	-14	715050
2729	-286632000	-12.3	715050
2729	-283953600	-18.9	715050
2729	-281275200	-15.6	715050
2729	-278856000	-11.5	715050
2729	-276177600	-1.7	715050
2729	-273585600	5.7	715050
2729	-270907200	9.4	715050
2729	-268315200	12.9	715050
2729	-265636800	10.2	715050
2729	-262958400	5.6	715050
2729	-260366400	-4.6	715050
2729	-257688000	-16.3	715050
2729	-255096000	-27.1	715050
2729	-252417600	-17.4	715050
2729	-249739200	-16.6	715050
2729	-247320000	-12.1	715050
2729	-244641600	-0.2	715050
2729	-242049600	4.6	715050
2729	-239371200	9.6	715050
2729	-236779200	13.5	715050
2729	-234100800	11.8	715050
2729	-231422400	5.1	715050
2729	-228830400	1.3	715050
2729	-226152000	-9.6	715050
2729	-223560000	-18.6	715050
2729	-220881600	-16.8	715050
2729	-218203200	-12.1	715050
2729	-215784000	-11.2	715050
2729	-213105600	-2.4	715050
2729	-210513600	6.4	715050
2729	-207835200	8.4	715050
2729	-205243200	12.7	715050
2729	-202564800	12.2	715050
2729	-199886400	7.6	715050
2729	-197294400	1	715050
2729	-194616000	-19.6	715050
2729	-192024000	-14.5	715050
2948	-473342400	-21.3	719491
2948	-470664000	-24.5	719491
2948	-468244800	-15.8	719491
2948	-465566400	-1.4	719491
2948	-462974400	6.3	719491
2948	-460296000	11.9	719491
2948	-457704000	16.2	719491
2948	-455025600	10.8	719491
2957	-875793600	1	719640
2957	-873201600	9.5	719640
2957	-870523200	12.4	719640
2957	-867931200	13.4	719640
2957	-865252800	13.5	719640
2957	-862574400	10	719640
2957	-859982400	3.3	719640
2957	-857304000	-14.7	719640
2957	-854712000	-24.1	719640
2957	-852033600	-21.3	719640
2957	-849355200	-11.7	719640
2957	-846936000	-10	719640
2957	-844257600	1.5	719640
2957	-841665600	6.6	719640
2957	-838987200	12.3	719640
2957	-836395200	13.3	719640
2957	-833716800	11.8	719640
2957	-831038400	8.4	719640
2957	-828446400	0.9	719640
2957	-825768000	-3.2	719640
2957	-823176000	-3.9	719640
2957	-820497600	-8.3	719640
2957	-817819200	-9.5	719640
2957	-815313600	-6.2	719640
2957	-812635200	0.5	719640
2957	-810043200	7.4	719640
2957	-807364800	13.4	719640
2957	-804772800	14.5	719640
2957	-802094400	12.3	719640
2957	-799416000	8.8	719640
2957	-796824000	2.9	719640
2957	-794145600	-7.2	719640
2957	-791553600	-10.7	719640
2957	-788875200	-10.6	719640
2957	-786196800	-10.1	719640
2957	-783777600	-4.3	719640
2957	-781099200	-3.1	719640
2957	-778507200	7.6	719640
2957	-775828800	10.5	719640
2957	-773236800	12.1	719640
2957	-770558400	12.7	719640
2957	-767880000	6.4	719640
2957	-765288000	1.8	719640
2957	-762609600	-15.3	719640
2957	-760017600	-14.4	719640
2957	-757339200	-14.1	719640
2957	-754660800	-10.1	719640
2957	-752241600	-5.5	719640
2957	-749563200	0.3	719640
2957	-746971200	9.3	719640
2957	-744292800	15.7	719640
2957	-741700800	13.4	719640
2957	-739022400	11.6	719640
2957	-736344000	7.3	719640
2957	-733752000	0.9	719640
2957	-731073600	-11.3	719640
2957	-728481600	-22.9	719640
2957	-725803200	-22.6	719640
2957	-723124800	-16.3	719640
2957	-720705600	-1.7	719640
2957	-718027200	0.5	719640
2957	-715435200	8.2	719640
2957	-712756800	11.5	719640
2957	-710164800	15.2	719640
2957	-707486400	10.7	719640
2957	-704808000	7.7	719640
2957	-702216000	2.7	719640
2957	-699537600	-2.9	719640
2957	-696945600	-8	719640
2957	-694267200	-10	719640
2957	-691588800	-19.8	719640
2957	-689083200	-11.9	719640
2957	-686404800	-4.9	719640
2957	-683812800	7.8	719640
2957	-681134400	13.6	719640
2957	-678542400	14.4	719640
2957	-675864000	11.6	719640
2957	-673185600	6.3	719640
2957	-670593600	2.1	719640
2957	-667915200	-11.6	719640
2957	-665323200	-23.4	719640
2957	-662644800	-14.2	719640
2957	-659966400	-20.9	719640
2957	-657547200	-4	719640
2957	-654868800	1.9	719640
2957	-652276800	6.6	719640
2957	-649598400	9.3	719640
2957	-647006400	13.2	719640
2957	-644328000	11.5	719640
2957	-641649600	8.9	719640
2957	-639057600	0.4	719640
2957	-636379200	-2.9	719640
2957	-633787200	-19.1	719640
2957	-631108800	-22.1	719640
2957	-628430400	-20.5	719640
2957	-626011200	-6.9	719640
2957	-623332800	-3	719640
2957	-620740800	6.2	719640
2957	-618062400	14.9	719640
2957	-615470400	12.9	719640
2957	-612792000	12.8	719640
2957	-610113600	8.6	719640
2957	-607521600	-1.7	719640
2957	-604843200	-17.3	719640
2957	-602251200	-14.9	719640
2957	-599572800	-23.2	719640
2957	-596894400	-18.6	719640
2957	-594475200	-12.8	719640
2957	-591796800	1.8	719640
2957	-589204800	7.8	719640
2957	-586526400	11.8	719640
2957	-583934400	16.6	719640
2957	-581256000	13.8	719640
2957	-578577600	10.3	719640
2957	-575985600	-3.4	719640
2957	-573307200	-9.5	719640
2957	-570715200	-20.1	719640
2957	-568036800	-26.5	719640
2957	-565358400	-11.2	719640
2957	-562852800	-7.8	719640
2957	-560174400	-0.7	719640
2957	-557582400	5.8	719640
2957	-554904000	11.6	719640
2957	-552312000	14.6	719640
2957	-549633600	12.6	719640
2957	-546955200	7.2	719640
2957	-544363200	3.6	719640
2957	-541684800	-0.9	719640
2957	-539092800	-9.1	719640
2957	-536414400	-25.5	719640
2957	-533736000	-7.4	719640
2957	-531316800	-8.8	719640
2957	-528638400	2.4	719640
2957	-526046400	9.5	719640
2957	-523368000	13.5	719640
2957	-520776000	14.8	719640
2957	-518097600	12.7	719640
2957	-515419200	6.9	719640
2957	-512827200	0.7	719640
2957	-510148800	-9.4	719640
2957	-507556800	-9.8	719640
2957	-504878400	-20.3	719640
2957	-502200000	-15.9	719640
2957	-499780800	-6.3	719640
2957	-497102400	-4.9	719640
2957	-494510400	7.4	719640
2957	-491832000	12.9	719640
2957	-489240000	13.1	719640
2957	-486561600	13.9	719640
2957	-483883200	7.8	719640
2957	-481291200	2.6	719640
2957	-478612800	-3.3	719640
2957	-476020800	-15.8	719640
2957	-473342400	-10.2	719640
2957	-470664000	-12.7	719640
2957	-468244800	-9.9	719640
2957	-465566400	-0.7	719640
2957	-462974400	4.9	719640
2957	-460296000	10.8	719640
2957	-457704000	15.8	719640
2957	-455025600	11	719640
2957	-452347200	7.2	719640
2957	-449755200	-0.7	719640
2957	-447076800	-18.6	719640
2957	-444484800	-22.9	719640
2957	-441806400	-22.2	719640
2957	-439128000	-17.6	719640
2957	-436622400	-9.7	719640
2957	-433944000	0.9	719640
2957	-431352000	7.4	719640
2957	-428673600	10.5	719640
2957	-426081600	14.9	719640
2957	-423403200	13.1	719640
2957	-420724800	6.8	719640
2957	-418132800	-2.8	719640
2957	-415454400	-3.2	719640
2957	-412862400	-21.2	719640
2957	-410184000	-20	719640
2957	-407505600	-13.9	719640
2957	-405086400	-4.8	719640
2957	-402408000	0.3	719640
2957	-399816000	7.8	719640
2957	-397137600	13.8	719640
2957	-394545600	13.5	719640
2957	-391867200	15.4	719640
2957	-389188800	11.2	719640
2957	-386596800	1.4	719640
2957	-383918400	-3	719640
2957	-381326400	-15.2	719640
2957	-378648000	-11.4	719640
2957	-375969600	-16.5	719640
2957	-373550400	-6.4	719640
2957	-370872000	3.4	719640
2957	-368280000	8.6	719640
2957	-365601600	16	719640
2957	-363009600	16.7	719640
2957	-360331200	11.7	719640
2957	-357652800	6	719640
2957	-355060800	-1.7	719640
2957	-352382400	-8	719640
2957	-349790400	-15.5	719640
2957	-347112000	-27.9	719640
2957	-344433600	-10.6	719640
2957	-342014400	-10.6	719640
2957	-339336000	-0.6	719640
2957	-336744000	6.6	719640
2957	-334065600	13.7	719640
2957	-331473600	13.3	719640
2957	-328795200	10.8	719640
2957	-326116800	7.3	719640
2957	-323524800	-1.2	719640
2957	-320846400	-7.1	719640
2957	-318254400	-7.6	719640
2957	-315576000	-16.1	719640
2957	-312897600	-10.4	719640
2957	-310392000	-9.7	719640
2957	-307713600	2.1	719640
2957	-305121600	7.9	719640
2957	-302443200	11.2	719640
2957	-299851200	13.4	719640
2957	-297172800	12.1	719640
2957	-294494400	7.7	719640
2957	-291902400	1.3	719640
2957	-289224000	-8	719640
2957	-286632000	-8.3	719640
2957	-283953600	-13.3	719640
2957	-281275200	-12	719640
2957	-278856000	-8.3	719640
2957	-276177600	-0.4	719640
2957	-273585600	6.5	719640
2957	-270907200	11.1	719640
2957	-268315200	15.1	719640
2957	-265636800	12.4	719640
2957	-262958400	6.9	719640
2957	-260366400	-1.2	719640
2957	-257688000	-12.3	719640
2957	-255096000	-24.4	719640
2957	-252417600	-16.1	719640
2957	-249739200	-13.2	719640
2957	-247320000	-10.2	719640
2957	-244641600	0.5	719640
2957	-242049600	5.9	719640
2957	-239371200	10.8	719640
2957	-236779200	14.5	719640
2957	-234100800	13.3	719640
2957	-231422400	6.5	719640
2957	-228830400	2.9	719640
2957	-226152000	-5.7	719640
2957	-223560000	-13.6	719640
2957	-220881600	-14	719640
2957	-218203200	-8.6	719640
2957	-215784000	-9.4	719640
2957	-213105600	-1.6	719640
2957	-210513600	7.3	719640
2957	-207835200	9.8	719640
2957	-205243200	14.2	719640
2957	-202564800	14.6	719640
2957	-199886400	9.4	719640
2957	-197294400	3	719640
2957	-194616000	-16.3	719640
2957	-192024000	-10.1	719640
2957	-189345600	-15.7	719640
2957	-186667200	-5.8	719640
2957	-184161600	-14.5	719640
2957	-181483200	-0.7	719640
2957	-178891200	4.4	719640
2957	-176212800	13.3	719640
2957	-173620800	12.9	719640
2957	-170942400	11.6	719640
2957	-168264000	7.4	719640
2957	-165672000	2.2	719640
2957	-162993600	-9.1	719640
2957	-160401600	-24.4	719640
2957	-157723200	-19	719640
2957	-155044800	-18.6	719640
2957	-152625600	-2.5	719640
2957	-149947200	0.6	719640
2957	-147355200	5.2	719640
2957	-144676800	10	719640
2957	-142084800	14.5	719640
2957	-139406400	13.1	719640
2957	-136728000	9.3	719640
2957	-134136000	0.8	719640
2957	-131457600	-12.1	719640
2957	-128865600	-14.8	719640
2957	-126187200	-31.5	719640
2957	-123508800	-11.5	719640
2957	-121089600	-8.8	719640
2957	-118411200	-0.2	719640
2957	-115819200	5.4	719640
2957	-113140800	12.4	719640
2957	-110548800	15.3	719640
2957	-107870400	11.4	719640
2957	-105192000	7.8	719640
2957	-102600000	-1.3	719640
2957	-99921600	-13.7	719640
2957	-97329600	-16.8	719640
2957	-94651200	-19.7	719640
2957	-91972800	-12.2	719640
2957	-89553600	-12.8	719640
2957	-86875200	-1.9	719640
2957	-84283200	6.4	719640
2957	-81604800	14.2	719640
2957	-79012800	12.9	719640
2957	-76334400	13.8	719640
2957	-73656000	8.6	719640
2957	-71064000	1.5	719640
2957	-68385600	-6.3	719640
2957	-65793600	-14.9	719640
2957	-63115200	-19.7	719640
2957	-60436800	-10.5	719640
2957	-57931200	-3.2	719640
2957	-55252800	0.1	719640
2957	-52660800	7.7	719640
2957	-49982400	11.7	719640
2957	-47390400	14.7	719640
2957	-44712000	12.7	719640
2957	-42033600	6.5	719640
2957	-39441600	-0.5	719640
2957	-36763200	-8	719640
2957	-34171200	-23.7	719640
2957	-31492800	-32.3	719640
2957	-28814400	-15	719640
2957	-26395200	-5.8	719640
2957	-23716800	2.1	719640
2957	-21124800	7.8	719640
2957	-18446400	15.6	719640
2957	-15854400	12.6	719640
2957	-13176000	8.8	719640
2957	-10497600	7.3	719640
2957	-7905600	2.6	719640
2957	-5227200	-8.4	719640
2957	-2635200	-8.2	719640
2957	43200	-18	719640
2957	2721600	-5.7	719640
2957	5140800	-2	719640
2957	7819200	1	719640
2957	10411200	6.7	719640
2957	13089600	10.6	719640
2957	15681600	12.5	719640
2957	18360000	11.1	719640
2957	21038400	6.1	719640
2957	23630400	-1.6	719640
2957	26308800	-9.7	719640
2957	28900800	-17.8	719640
2957	31579200	-28.4	719640
2957	34257600	-9.6	719640
2957	36676800	-10.1	719640
2957	39355200	0	719640
2957	41947200	5.2	719640
2957	44625600	11.9	719640
2957	47217600	15.8	719640
2957	49896000	12.9	719640
2957	52574400	6.4	719640
2957	55166400	-0.6	719640
2957	57844800	-10.3	719640
2957	60436800	-19.8	719640
2957	63115200	-28.2	719640
2957	65793600	-21.4	719640
2957	68299200	-10.8	719640
2957	70977600	-5.1	719640
2957	73569600	6	719640
2957	76248000	11.1	719640
2957	78840000	13.8	719640
2957	81518400	12.5	719640
2957	84196800	5.3	719640
2957	86788800	-0.4	719640
2957	89467200	-6.3	719640
2957	92059200	-17.1	719640
2957	94737600	-22.8	719640
2957	97416000	-16.3	719640
2957	99835200	-5.3	719640
2957	102513600	1.3	719640
2957	105105600	6.1	719640
2957	107784000	10.7	719640
2957	110376000	13.2	719640
2957	113054400	10.2	719640
2957	115732800	7	719640
2957	118324800	0.2	719640
2957	121003200	-19.3	719640
2957	123595200	-16.9	719640
2957	126273600	-28.5	719640
2957	128952000	-13.6	719640
2957	131371200	-11.8	719640
2957	134049600	0.4	719640
2957	136641600	6.4	719640
2957	139320000	10.1	719640
2957	141912000	12.4	719640
2957	144590400	11.4	719640
2957	147268800	7.8	719640
2957	149860800	1.7	719640
2957	152539200	-4.3	719640
2957	155131200	-8.8	719640
2957	157809600	-20.4	719640
2957	160488000	-17	719640
2957	162907200	-9.3	719640
2957	165585600	-0.1	719640
2957	168177600	6.7	719640
2957	170856000	10.1	719640
2957	173448000	13.6	719640
2957	176126400	10.9	719640
2957	178804800	8.5	719640
2957	181396800	-0.7	719640
2957	184075200	-14.4	719640
2957	186667200	-21.2	719640
2957	189345600	-15.2	719640
2957	192024000	-17	719640
2957	194529600	-7.3	719640
2957	197208000	1.2	719640
2957	199800000	5.5	719640
2957	202478400	11.7	719640
2957	205070400	13.3	719640
2957	207748800	12.7	719640
2957	210427200	8	719640
2957	213019200	1.7	719640
2957	215697600	-0.3	719640
2957	218289600	-11	719640
2957	220968000	-7.7	719640
2957	223646400	-2.7	719640
2957	226065600	-6.4	719640
2957	228744000	2.3	719640
2957	231336000	6.4	719640
2957	234014400	11.2	719640
2957	236606400	13.3	719640
2957	239284800	15.1	719640
2957	241963200	7.1	719640
2957	244555200	2.4	719640
2957	247233600	-13.6	719640
2957	249825600	-25.9	719640
2957	252504000	-17.6	719640
2957	255182400	-9.7	719640
2957	257601600	-5.9	719640
2957	260280000	1.1	719640
2957	262872000	6.6	719640
2957	265550400	11.6	719640
2957	268142400	14	719640
2957	270820800	13.2	719640
2957	273499200	7.6	719640
2957	276091200	3.8	719640
2957	278769600	-9.7	719640
2957	281361600	-13.2	719640
2957	284040000	-21.6	719640
2957	286718400	-27.7	719640
2957	289137600	-4.3	719640
2957	291816000	1	719640
2957	294408000	6.6	719640
2957	297086400	11.1	719640
2957	299678400	13.7	719640
2957	302356800	13.9	719640
2957	305035200	8.4	719640
2957	307627200	3.6	719640
2957	310305600	-3.3	719640
2957	312897600	-15.4	719640
2957	315576000	-20.8	719640
2957	318254400	-8.1	719640
2957	320760000	-6.1	719640
2957	323438400	3.2	719640
2957	326030400	7.3	719640
2957	328708800	13.6	719640
2957	331300800	14	719640
2957	333979200	11.5	719640
2957	336657600	6	719640
2957	339249600	3.7	719640
2957	341928000	-2.9	719640
2957	344520000	-27.2	719640
2957	347198400	-3.8	719640
2957	349876800	-11.1	719640
2957	352296000	-2	719640
2957	354974400	-2.1	719640
2957	357566400	8.9	719640
2957	360244800	10.7	719640
2957	362836800	14.5	719640
2957	365515200	13	719640
2957	368193600	6.7	719640
2957	370785600	1.9	719640
2957	373464000	-4.5	719640
2957	376056000	-15.8	719640
2957	378734400	-30.9	719640
2957	381412800	-17.9	719640
2957	383832000	-9.4	719640
2957	386510400	-2.1	719640
2957	389102400	5.4	719640
2957	391780800	12.8	719640
2957	394372800	15	719640
2957	397051200	11.5	719640
2957	399729600	8.8	719640
2957	402321600	-1.5	719640
2957	4.05e+08	-11	719640
2957	407592000	-12	719640
2957	410270400	-19	719640
2957	412948800	-11.5	719640
2957	415368000	-7.4	719640
2957	418046400	2.3	719640
2957	420638400	8	719640
2957	423316800	13.1	719640
2957	425908800	13.7	719640
2957	428587200	11.6	719640
2957	431265600	4.8	719640
2957	433857600	0.5	719640
2957	436536000	-8.9	719640
2957	439128000	-23.7	719640
2957	441806400	-12.5	719640
2957	444484800	-6.3	719640
2957	446990400	0.1	719640
2957	449668800	2.6	719640
2957	452260800	6.8	719640
2957	454939200	11.3	719640
2957	457531200	12.5	719640
2957	460209600	11.9	719640
2957	462888000	6.4	719640
2957	465480000	-1.6	719640
2957	468158400	-10.3	719640
2957	470750400	-17.7	719640
2957	473428800	-4.3	719640
2957	476107200	-17.6	719640
2957	478526400	-5.9	719640
2957	481204800	-0.9	719640
2957	483796800	6.2	719640
2957	486475200	9.7	719640
2957	489067200	13.9	719640
2957	491745600	11.2	719640
2957	494424000	7	719640
2957	497016000	-2.3	719640
2957	499694400	-17.8	719640
2957	502286400	-6.4	719640
2957	504964800	-7.5	719640
2957	507643200	-12.3	719640
2957	510062400	-7.3	719640
2957	512740800	-4.4	719640
2957	515332800	5.5	719640
2957	518011200	11.4	719640
2957	520603200	14.3	719640
2957	523281600	11.2	719640
2957	525960000	6.7	719640
2957	528552000	2.6	719640
2957	531230400	-10.8	719640
2957	533822400	-4.8	719640
2957	536500800	-8.8	719640
2957	539179200	-6.7	719640
2957	541598400	-9.9	719640
2957	544276800	1.4	719640
2957	546868800	6.5	719640
2957	549547200	10.5	719640
2957	552139200	15	719640
2957	554817600	11.7	719640
2957	557496000	8.1	719640
2957	560088000	3.1	719640
2957	562766400	-3.1	719640
2957	565358400	-9.4	719640
2957	568036800	-18.2	719640
2957	570715200	-9.6	719640
2957	573220800	-2.9	719640
2957	575899200	2	719640
2957	578491200	7.1	719640
2957	581169600	11.8	719640
2957	583761600	12.6	719640
2957	586440000	12.1	719640
2957	589118400	6.2	719640
2957	591710400	1.2	719640
2957	594388800	-7.4	719640
2957	596980800	-10.2	719640
2957	599659200	-20.8	719640
2957	602337600	-17.4	719640
2957	604756800	-11.8	719640
2957	607435200	3.2	719640
2957	610027200	9.1	719640
2957	612705600	12.6	719640
2957	615297600	16	719640
2957	617976000	15.1	719640
2957	620654400	8.7	719640
2957	623246400	-0.1	719640
2957	625924800	-11.9	719640
2957	628516800	-6.2	719640
2957	631195200	-17.6	719640
2957	633873600	-20.3	719640
2957	636292800	-3.4	719640
2957	638971200	2.7	719640
2957	641563200	8.3	719640
2957	644241600	11.8	719640
2957	646833600	15	719640
2957	649512000	14	719640
2957	652190400	9.3	719640
2957	654782400	-1.1	719640
2957	657460800	-18.7	719640
2957	660052800	-17	719640
2957	662731200	-18.2	719640
2957	665409600	-7.3	719640
2957	667828800	-7.1	719640
2957	670507200	2.6	719640
2957	673099200	8.3	719640
2957	675777600	12.7	719640
2957	678369600	13.4	719640
2957	681048000	11.7	719640
2957	683726400	8.4	719640
2957	686318400	-1.7	719640
2957	688996800	-8.7	719640
2957	691588800	-10.8	719640
2957	694267200	-7.8	719640
2957	696945600	-11.7	719640
2957	699451200	-3.3	719640
2957	702129600	0.2	719640
2957	704721600	5.8	719640
2957	707400000	12.3	719640
2957	709992000	14.2	719640
2957	712670400	12.3	719640
2957	715348800	2.8	719640
2957	717940800	-1.6	719640
2957	720619200	-4.4	719640
2957	723211200	-18.1	719640
2957	725889600	-17.3	719640
2957	728568000	-11.6	719640
2957	730987200	-4.7	719640
2957	733665600	3.6	719640
2957	736257600	9.5	719640
2957	738936000	12.7	719640
2957	741528000	14.4	719640
2957	744206400	12.7	719640
2957	746884800	8.5	719640
2957	749476800	2.5	719640
2957	752155200	-5.9	719640
2957	754747200	-7.7	719640
2957	757425600	-16.6	719640
2957	760104000	-22	719640
2957	762523200	-2.9	719640
2957	765201600	3.7	719640
2957	767793600	7.6	719640
2957	770472000	12.5	719640
2957	773064000	15.5	719640
2957	775742400	16.8	719640
2957	778420800	6.9	719640
2957	781012800	1.9	719640
2957	783691200	-12.4	719640
2957	786283200	-14.5	719640
2957	788961600	-14.6	719640
2957	791640000	-11.8	719640
2957	794059200	-10.1	719640
2957	796737600	3.3	719640
2957	799329600	9.9	719640
2957	802008000	13.6	719640
2957	804600000	15	719640
2957	807278400	11.6	719640
2957	809956800	10.5	719640
2957	812548800	1.1	719640
2957	815227200	-11.5	719640
2957	817819200	-15.6	719640
2959	-1417348800	-28.6	719650
2959	-1414929600	-15	719650
2959	-1412251200	-2.4	719650
2959	-1409659200	8.6	719650
2959	-1406980800	14.1	719650
2959	-1404388800	14.6	719650
2960	-2303553600	-31.8	719660
2960	-2300875200	-26	719660
2960	-2298456000	-15	719660
2960	-2295777600	-2.2	719660
2960	-2293185600	7.6	719660
2960	-2290507200	13.6	719660
2960	-2287915200	13.8	719660
2960	-2285236800	11.2	719660
2960	-2282558400	1.6	719660
2960	-2279966400	-8.2	719660
2960	-2277288000	-24.5	719660
2960	-2274696000	-22.1	719660
2960	-2272017600	-32	719660
2960	-2269339200	-26.1	719660
2960	-2266920000	-14.4	719660
2960	-2264241600	-2.6	719660
2960	-2261649600	7.1	719660
2960	-2258971200	12.8	719660
2960	-2256379200	13.8	719660
2960	-2253700800	10.3	719660
2960	-2251022400	3.7	719660
2960	-2248430400	-6.2	719660
2960	-2245752000	-29.7	719660
2960	-2243160000	-24	719660
2960	-2240481600	-33.3	719660
2960	-2237803200	-24.2	719660
2960	-2235384000	-13.9	719660
2960	-2232705600	-3	719660
2960	-2230113600	7	719660
2960	-2227435200	12.7	719660
2960	-2224843200	13.8	719660
2960	-2222164800	10.3	719660
2960	-2219486400	3.6	719660
2960	-2216894400	-6.2	719660
2960	-2214216000	-20.1	719660
2960	-2211624000	-24.2	719660
2960	-2208945600	-32.1	719660
2960	-2206267200	-25.8	719660
2960	-2203848000	-14.2	719660
2960	-2201169600	-2.8	719660
2960	-2198577600	6.6	719660
2960	-2195899200	12.7	719660
2960	-2193307200	13.9	719660
2960	-2190628800	10.4	719660
2960	-2187950400	3.3	719660
2960	-2185358400	-8.1	719660
2960	-2182680000	-27.3	719660
2960	-2180088000	-25.9	719660
2960	-2177409600	-28.2	719660
2960	-2174731200	-29.3	719660
2960	-2172312000	-12.1	719660
2960	-2169633600	-5.3	719660
2960	-2167041600	5.6	719660
2960	-2164363200	13.1	719660
2960	-2161771200	15.5	719660
2960	-2159092800	11.4	719660
2960	-2156414400	6.8	719660
2960	-2153822400	-2.5	719660
2960	-2151144000	-16.8	719660
2960	-2148552000	-22.8	719660
2960	-2145873600	-27.4	719660
2960	-2143195200	-22.8	719660
2960	-2140776000	-22.6	719660
2960	-2138097600	-3.5	719660
2960	-2135505600	7	719660
2960	-2132827200	13.6	719660
2960	-2130235200	15.8	719660
2960	-2127556800	12.2	719660
2960	-2124878400	5.2	719660
2960	-2122286400	-1.7	719660
2960	-2119608000	-22.1	719660
2960	-2117016000	-31.1	719660
2960	-2114337600	-33.3	719660
2960	-2111659200	-23.5	719660
2960	-2109240000	-14.8	719660
2960	-2106561600	-5.1	719660
2960	-2103969600	5.6	719660
2960	-2101291200	14.1	719660
2960	-2098699200	15	719660
2960	-2096020800	13.1	719660
2960	-2093342400	5	719660
2960	-2090750400	-6.5	719660
2960	-2088072000	-20.5	719660
2960	-2085480000	-18.3	719660
2960	-2082801600	-30.6	719660
2960	-2080123200	-32.6	719660
2960	-2077617600	-20.1	719660
2960	-2074939200	0.6	719660
2960	-2072347200	6.5	719660
2960	-2069668800	11.7	719660
2960	-2067076800	13.4	719660
2960	-2064398400	11.1	719660
2960	-2061720000	2	719660
2960	-2059128000	-2.3	719660
2960	-2056449600	-18.6	719660
2960	-2053857600	-18	719660
2960	-2051179200	-31.4	719660
2960	-2048500800	-21.7	719660
2960	-2046081600	-11.5	719660
2960	-2043403200	0.1	719660
2960	-2040811200	8.8	719660
2960	-2038132800	14.4	719660
2960	-2035540800	14.4	719660
2960	-2032862400	12.2	719660
2960	-2030184000	3.4	719660
2960	-2027592000	-5	719660
2960	-2024913600	-12.5	719660
2960	-2022321600	-24.9	719660
2960	-2019643200	-37.4	719660
2960	-2016964800	-24	719660
2960	-2014545600	-11.6	719660
2960	-2011867200	-2.7	719660
2960	-2009275200	7.8	719660
2960	-2006596800	14.6	719660
2960	-2004004800	14.7	719660
2960	-2001326400	11.4	719660
2960	-1998648000	5.5	719660
2960	-1996056000	-1.5	719660
2960	-1993377600	-17.6	719660
2960	-1990785600	-31.1	719660
2960	-1988107200	-31.5	719660
2960	-1985428800	-33.3	719660
2960	-1983009600	-20	719660
2960	-1980331200	-1.5	719660
2960	-1977739200	10	719660
2960	-1975060800	13.2	719660
2960	-1972468800	14.1	719660
2960	-1969790400	11.6	719660
2960	-1967112000	5	719660
2960	-1964520000	-4	719660
2960	-1961841600	-18.4	719660
2960	-1959249600	-21.8	719660
2960	-1956571200	-26.5	719660
2960	-1953892800	-23.8	719660
2960	-1951387200	-17.7	719660
2960	-1948708800	-2	719660
2960	-1946116800	8	719660
2960	-1943438400	13.7	719660
2960	-1940846400	14.1	719660
2960	-1938168000	11.2	719660
2960	-1935489600	2.9	719660
2960	-1932897600	-9.2	719660
2960	-1930219200	-18.3	719660
2960	-1927627200	-23.3	719660
2960	-1924948800	-42.4	719660
2960	-1922270400	-32.4	719660
2960	-1919851200	-11.5	719660
2960	-1917172800	-6.1	719660
2960	-1914580800	7.1	719660
2960	-1911902400	12.7	719660
2960	-1909310400	15	719660
2960	-1906632000	11.1	719660
2960	-1903953600	3.6	719660
2960	-1901361600	-4.8	719660
2960	-1898683200	-23.6	719660
2960	-1896091200	-26	719660
2960	-1893412800	-30.2	719660
2960	-1890734400	-31.7	719660
2960	-1888315200	-15.2	719660
2960	-1885636800	-4.1	719660
2960	-1883044800	6.7	719660
2960	-1880366400	13.1	719660
2960	-1877774400	15.2	719660
2960	-1875096000	9.8	719660
2960	-1872417600	6	719660
2960	-1869825600	-4.2	719660
2960	-1867147200	-17.6	719660
2960	-1864555200	-28.1	719660
2960	-1861876800	-38	719660
2960	-1859198400	-21.9	719660
2960	-1856779200	-16.3	719660
2960	-1854100800	-5.3	719660
2960	-1851508800	7	719660
2960	-1848830400	12.8	719660
2960	-1846238400	14.8	719660
2960	-1843560000	11	719660
2960	-1840881600	5.4	719660
2960	-1838289600	-1.8	719660
2960	-1835611200	-21.1	719660
2960	-1833019200	-22.5	719660
2960	-1830340800	-28.2	719660
2960	-1827662400	-15.9	719660
2960	-1825156800	-11.5	719660
2960	-1822478400	-1.3	719660
2960	-1819886400	8.5	719660
2960	-1817208000	10.8	719660
2960	-1814616000	13.2	719660
2960	-1811937600	10.5	719660
2961	-102600000	-5.1	719670
2961	-99921600	-17.4	719670
2961	-97329600	-23	719670
2961	-94651200	-25.1	719670
2961	-91972800	-20.1	719670
2961	-89553600	-15.4	719670
2961	-86875200	-5.2	719670
2961	-84283200	4.5	719670
2961	-81604800	11.8	719670
2961	-79012800	10.9	719670
2961	-76334400	10.9	719670
2961	-73656000	6.4	719670
2961	-71064000	-3.5	719670
2961	-68385600	-10	719670
2961	-65793600	-19.2	719670
2961	-63115200	-22.5	719670
2961	-60436800	-14.6	719670
2961	-57931200	-6.9	719670
2961	-55252800	-2.4	719670
2961	-52660800	5.9	719670
2961	-49982400	10.8	719670
2961	-47390400	12.4	719670
2961	-44712000	10.8	719670
2961	-42033600	4.4	719670
2961	-39441600	-5.3	719670
2961	-36763200	-13.1	719670
2961	-34171200	-25.9	719670
2961	-31492800	-33.2	719670
2961	-28814400	-20.9	719670
2961	-26395200	-10	719670
2961	-23716800	0.2	719670
2961	-21124800	5.5	719670
2961	-18446400	12.6	719670
2961	-15854400	11.1	719670
2961	-13176000	6.6	719670
2961	-10497600	5.8	719670
2961	-7905600	0.6	719670
2961	-5227200	-13.7	719670
2961	-2635200	-12.1	719670
2961	43200	-24.3	719670
2961	2721600	-10.1	719670
2961	5140800	-5.5	719670
2961	7819200	-1.6	719670
2961	10411200	4.7	719670
2961	13089600	8.9	719670
2961	15681600	11.2	719670
2961	18360000	9.6	719670
2961	21038400	3	719670
2961	23630400	-6.3	719670
2961	26308800	-12.3	719670
2961	28900800	-24.8	719670
2961	31579200	-31.7	719670
2961	34257600	-13.9	719670
2961	36676800	-16.6	719670
2961	39355200	-2.9	719670
2961	41947200	3.8	719670
2961	44625600	10.5	719670
2961	47217600	13.1	719670
2961	49896000	10.9	719670
2961	52574400	4.8	719670
2961	55166400	-3.9	719670
2961	57844800	-16.4	719670
2961	60436800	-23.4	719670
2961	63115200	-30.1	719670
2961	65793600	-26.5	719670
2961	68299200	-18.3	719670
2961	70977600	-8.1	719670
2961	73569600	4.4	719670
2961	76248000	9.4	719670
2961	78840000	12.5	719670
2961	81518400	11.1	719670
2961	84196800	2.3	719670
2961	86788800	-3.6	719670
2961	89467200	-14	719670
2961	92059200	-22.2	719670
2961	94737600	-29.9	719670
2961	97416000	-21.2	719670
2961	99835200	-11.3	719670
2961	102513600	-0.5	719670
2961	105105600	4.1	719670
2961	107784000	9.2	719670
2961	110376000	11.9	719670
2961	113054400	8.7	719670
2961	115732800	4.5	719670
2961	118324800	-3.3	719670
2961	121003200	-20.9	719670
2961	123595200	-22.1	719670
2961	126273600	-28.7	719670
2961	128952000	-21.5	719670
2961	131371200	-15.8	719670
2961	134049600	-1.8	719670
2961	136641600	4.8	719670
2961	139320000	9.3	719670
2961	141912000	12	719670
2961	144590400	10.4	719670
2961	147268800	5.6	719670
2961	149860800	-2.2	719670
2961	152539200	-9.7	719670
2961	155131200	-17.8	719670
2961	157809600	-24.6	719670
2961	160488000	-19.6	719670
2961	162907200	-13.3	719670
2961	165585600	-2.6	719670
2961	168177600	5.3	719670
2961	170856000	9.7	719670
2961	173448000	12.7	719670
2961	176126400	10.1	719670
2961	178804800	6.2	719670
2961	181396800	-4.2	719670
2961	184075200	-19.8	719670
2961	186667200	-25.2	719670
2961	189345600	-20	719670
2961	192024000	-22.3	719670
2961	194529600	-11.9	719670
2961	197208000	-0.8	719670
2961	199800000	4.2	719670
2961	202478400	10.3	719670
2961	205070400	12.4	719670
2961	207748800	11.1	719670
2961	210427200	6.1	719670
2961	213019200	-2.1	719670
2961	215697600	-2.8	719670
2961	218289600	-15.7	719670
2961	220968000	-12.5	719670
2961	223646400	-6.7	719670
2961	226065600	-10.6	719670
2961	228744000	-0.6	719670
2961	231336000	5.3	719670
2961	234014400	10.1	719670
2961	236606400	11.1	719670
2961	239284800	13.2	719670
2961	241963200	5.1	719670
2961	244555200	-1.6	719670
2961	247233600	-19.5	719670
2961	249825600	-29.6	719670
2961	252504000	-22	719670
2961	255182400	-12.9	719670
2961	257601600	-9.8	719670
2961	260280000	-1.6	719670
2961	262872000	5.4	719670
2961	265550400	10	719670
2961	268142400	13	719670
2961	270820800	11.5	719670
2961	273499200	6	719670
2961	276091200	-0.1	719670
2961	278769600	-13.3	719670
2961	281361600	-18.5	719670
2961	284040000	-22.6	719670
2961	286718400	-31.4	719670
2961	289137600	-8.4	719670
2961	291816000	-1.1	719670
2961	294408000	5.6	719670
2961	297086400	10.2	719670
2961	299678400	12.9	719670
2961	302356800	12.8	719670
2961	305035200	6.3	719670
2961	307627200	0.9	719670
2961	310305600	-6.2	719670
2961	312897600	-25.2	719670
2961	315576000	-21.5	719670
2961	318254400	-10.7	719670
2961	320760000	-10.4	719670
2961	323438400	1.6	719670
2961	326030400	6.5	719670
2961	328708800	11.5	719670
2961	331300800	13.5	719670
2961	333979200	9.7	719670
2961	336657600	4.1	719670
2961	339249600	0.9	719670
2961	341928000	-8.6	719670
2961	344520000	-33.6	719670
2961	347198400	-5.5	719670
2961	349876800	-13.7	719670
2961	352296000	-4.7	719670
2961	354974400	-4.1	719670
2961	357566400	7.1	719670
2961	360244800	8.9	719670
2961	362836800	12.6	719670
2961	365515200	11.5	719670
2961	368193600	4.6	719670
2961	370785600	-2.5	719670
2961	373464000	-10.5	719670
2961	376056000	-20.5	719670
2961	378734400	-32.1	719670
2961	381412800	-23.7	719670
2961	383832000	-14.5	719670
2961	386510400	-5.4	719670
2961	389102400	3.5	719670
2961	391780800	10.5	719670
2961	394372800	13.3	719670
2961	397051200	10	719670
2961	399729600	6.1	719670
2961	402321600	-6.2	719670
2961	4.05e+08	-14.9	719670
2961	407592000	-18	719670
2961	410270400	-25	719670
2961	412948800	-16.8	719670
2961	415368000	-12.7	719670
2961	418046400	0.2	719670
2961	420638400	6.1	719670
2961	423316800	11.6	719670
2961	425908800	12.4	719670
2961	428587200	10	719670
2961	431265600	1.7	719670
2961	433857600	-2.6	719670
2961	436536000	-12.4	719670
2961	439128000	-25.5	719670
2961	441806400	-18.5	719670
2961	444484800	-15.8	719670
2961	446990400	-4.2	719670
2961	449668800	0	719670
2961	452260800	4.6	719670
2961	454939200	9.6	719670
2961	457531200	11.1	719670
2961	460209600	9.9	719670
2961	462888000	4.7	719670
2961	465480000	-4.1	719670
2961	468158400	-17.7	719670
2961	470750400	-19.7	719670
2961	473428800	-8.5	719670
2961	476107200	-22.8	719670
2961	478526400	-10.8	719670
2961	481204800	-4.4	719670
2961	483796800	4.4	719670
2961	486475200	9	719670
2961	489067200	13	719670
2961	491745600	9.6	719670
2961	494424000	4.4	719670
2961	497016000	-7.3	719670
2961	499694400	-20.1	719670
2961	502286400	-11.4	719670
2961	504964800	-15.7	719670
2961	507643200	-15	719670
2961	510062400	-15	719670
2961	512740800	-8.5	719670
2961	515332800	3.8	719670
2961	518011200	9.8	719670
2961	520603200	13	719670
2961	523281600	9.5	719670
2961	525960000	4.4	719670
2961	528552000	-0.9	719670
2961	531230400	-14.5	719670
2961	533822400	-9.6	719670
2961	536500800	-12.7	719670
2961	539179200	-11.7	719670
2961	541598400	-14.2	719670
2961	544276800	-1	719670
2961	546868800	5.1	719670
2961	549547200	10.3	719670
2961	552139200	14	719670
2962	-1985428800	-19.2	719671
2962	-1983009600	-12.7	719671
2962	-1980331200	-1.3	719671
2962	-1977739200	8.6	719671
2962	-1975060800	10.4	719671
2962	-1972468800	12.2	719671
2962	-1969790400	10.4	719671
2962	-1967112000	6.7	719671
2962	-1964520000	3	719671
2962	-1961841600	-5.7	719671
2962	-1959249600	-10.3	719671
7657	-186667200	-8.8	715050
7657	-184161600	-15.3	715050
7657	-181483200	-1.1	715050
7657	-178891200	3.3	715050
7657	-176212800	11.7	715050
7657	-173620800	12	715050
7657	-170942400	9.8	715050
7657	-168264000	6.4	715050
7657	-165672000	-0.2	715050
7657	-162993600	-12.6	715050
7657	-160401600	-27.2	715050
7657	-157723200	-22.7	715050
7657	-155044800	-20.2	715050
7657	-152625600	-2.4	715050
7657	-149947200	0.4	715050
7657	-147355200	4.6	715050
7657	-144676800	8.7	715050
7657	-142084800	12.4	715050
7657	-139406400	10.6	715050
7657	-136728000	8.5	715050
7657	-134136000	-2	715050
7657	-131457600	-16.2	715050
7657	-128865600	-19.7	715050
7657	-126187200	-34.4	715050
7657	-123508800	-16.2	715050
7657	-121089600	-12	715050
7657	-118411200	-0.2	715050
7657	-115819200	4.8	715050
7657	-113140800	11.2	715050
7657	-110548800	13.8	715050
7657	-107870400	9.9	715050
7657	-105192000	6.7	715050
7657	-102600000	-3.9	715050
7657	-99921600	-16.8	715050
7657	-97329600	-18.9	715050
7657	-94651200	-22.3	715050
7657	-91972800	-17.2	715050
7657	-89553600	-13	715050
7657	-86875200	-1.2	715050
7657	-84283200	6.1	715050
7657	-81604800	12.6	715050
7657	-79012800	11.6	715050
7657	-76334400	11.3	715050
7657	-73656000	6.8	715050
7657	-71064000	0	715050
7657	-68385600	-8.3	715050
7657	-65793600	-18.8	715050
7657	-63115200	-19.8	715050
7657	-60436800	-11.3	715050
7657	-57931200	-5.9	715050
7657	-55252800	-1.3	715050
7657	-52660800	5.9	715050
7657	-49982400	10.3	715050
7657	-47390400	13	715050
7657	-44712000	11.4	715050
7657	-42033600	5.7	715050
7657	-39441600	-2.9	715050
7657	-36763200	-12.7	715050
7657	-34171200	-27.9	715050
7657	-31492800	-33.2	715050
7657	-28814400	-19.5	715050
7657	-26395200	-7.6	715050
7657	-23716800	0.9	715050
7657	-21124800	6.3	715050
7657	-18446400	13.6	715050
7657	-15854400	11.7	715050
7657	-13176000	7.8	715050
7657	-10497600	6.2	715050
7657	-7905600	0.8	715050
7657	-5227200	-11.5	715050
7657	-2635200	-14.1	715050
7657	43200	-20.5	715050
7657	2721600	-7.9	715050
7657	5140800	-5.6	715050
7657	7819200	0	715050
7657	10411200	5.4	715050
7657	13089600	8.5	715050
7657	15681600	10.4	715050
7657	18360000	9.5	715050
7657	21038400	5.1	715050
7657	23630400	-4	715050
7657	26308800	-12.2	715050
7657	28900800	-22.7	715050
7657	31579200	-29.1	715050
7657	34257600	-12.3	715050
7657	36676800	-13.1	715050
7657	39355200	-0.8	715050
7657	41947200	3.8	715050
7862	878385600	-4.8	719640
7862	880977600	-6.8	719640
7862	883656000	-19.4	719640
7862	886334400	-7.2	719640
7862	888753600	-6.4	719640
7862	891432000	2.8	719640
7862	894024000	9.3	719640
7862	896702400	14.1	719640
7862	899294400	14.8	719640
7862	901972800	11.9	719640
7862	904651200	7.1	719640
7862	907243200	0.2	719640
7862	909921600	-8.3	719640
7862	912513600	-15.6	719640
7862	915192000	-19.8	719640
7862	917870400	-16.7	719640
7862	920289600	-5.6	719640
7862	922968000	1.1	719640
7862	925560000	5.4	719640
7862	928238400	13	719640
7862	930830400	14.6	719640
7862	933508800	13.8	719640
7862	936187200	7.7	719640
7862	938779200	2.3	719640
7862	941457600	-8.2	719640
7862	944049600	-8.9	719640
7862	946728000	-16.6	719640
7862	949406400	-7.2	719640
7862	951912000	-3.2	719640
7862	954590400	0.8	719640
7862	957182400	5.7	719640
7862	959860800	12.3	719640
7862	962452800	13.4	719640
7862	965131200	11	719640
7862	967809600	6.5	719640
7862	970401600	0.9	719640
7862	973080000	-4.6	719640
7862	975672000	-12.9	719640
7862	978350400	-5.2	719640
7862	981028800	-12.3	719640
7862	983448000	-6.6	719640
7862	986126400	1.2	719640
7862	988718400	5.4	719640
7862	991396800	12.4	719640
7862	993988800	13.6	719640
7862	996667200	13.5	719640
7862	999345600	7.8	719640
7862	1001937600	-0.3	719640
7862	1004616000	-8.9	719640
7862	1007208000	-17	719640
7862	1009886400	-11.8	719640
7862	1012564800	-11	719640
7862	1014984000	-11.6	719640
7862	1017662400	-3.8	719640
7862	1020254400	6.4	719640
7862	1022932800	12.2	719640
7862	1025524800	13.8	719640
7862	1028203200	12.2	719640
7862	1030881600	7.7	719640
7862	1033473600	3.8	719640
7862	1036152000	-1.3	719640
7862	1038744000	-9	719640
7862	1041422400	-13.6	719640
7862	1044100800	-8.9	719640
7862	1046520000	-8.8	719640
7862	1049198400	0.9	719640
7862	1051790400	6.3	719640
7862	1054468800	11.6	719640
7862	1057060800	15.3	719640
7862	1059739200	12.2	719640
7862	1062417600	6.1	719640
7862	1065009600	3.1	719640
7862	1067688000	-10.6	719640
7862	1070280000	-10.9	719640
7862	1072958400	-22.3	719640
7862	1075636800	-5.5	719640
7862	1078142400	-6.1	719640
7862	1080820800	2.5	719640
7862	1083412800	9.2	719640
7862	1086091200	16.5	719640
7862	1088683200	15.7	719640
7862	1091361600	14.8	719640
7862	1094040000	5.8	719640
7862	1096632000	0.8	719640
7862	1099310400	-5.7	719640
7862	1101902400	-10.3	719640
7862	1104580800	-19	719640
7862	1107259200	-10.1	719640
7862	1109678400	-1.8	719640
7862	1112356800	2.9	719640
7862	1114948800	9.7	719640
7862	1117627200	12.9	719640
7862	1120219200	13.7	719640
7862	1122897600	13.2	719640
7862	1125576000	8.1	719640
7862	1128168000	0.8	719640
7862	1130846400	-7.2	719640
7862	1133438400	-7.3	719640
7862	1136116800	-16.9	719640
7862	1138795200	-11.1	719640
7862	1141214400	-11.1	719640
7862	1143892800	0.7	719640
7862	1146484800	6.8	719640
7862	1149163200	12.3	719640
7862	1151755200	14.2	719640
7862	1154433600	11.5	719640
7862	1157112000	8.2	719640
7862	1159704000	1.5	719640
7862	1162382400	-20.5	719640
7862	1164974400	-8.4	719640
7862	1167652800	-11.1	719640
7862	1170331200	-17.5	719640
7862	1172750400	-12.6	719640
7862	1175428800	0.9	719640
7862	1178020800	7.6	719640
7862	1180699200	13.3	719640
7862	1183291200	14.7	719640
7862	1185969600	13	719640
7862	1188648000	7.8	719640
7862	1191240000	0.7	719640
7862	1193918400	-5.7	719640
7862	1196510400	-16.2	719640
7862	1199188800	-17.5	719640
7862	1201867200	-14.9	719640
7862	1204372800	-5.6	719640
7862	1207051200	0.8	719640
7862	1209643200	8.1	719640
7862	1212321600	10.5	719640
7862	1214913600	12.4	719640
7862	1217592000	12	719640
7862	1220270400	7.6	719640
7862	1222862400	0.2	719640
7862	1225540800	-7.8	719640
7862	1228132800	-19.9	719640
7862	1230811200	-18.4	719640
7862	1233489600	-15.9	719640
7862	1235908800	-9.9	719640
7862	1238587200	0.8	719640
7862	1241179200	7.3	719640
7862	1243857600	13.3	719640
7862	1246449600	16.7	719640
7862	1249128000	12.9	719640
7862	1251806400	7.9	719640
7862	1254398400	0.7	719640
7862	1257076800	-7.8	719640
7862	1259668800	-12.4	719640
7862	1262347200	-13.6	719640
7862	1265025600	-6	719640
7862	1267444800	-3.1	719640
7862	1270123200	2.7	719640
7862	1272715200	8.6	719640
7862	1275393600	12.3	719640
7862	1277985600	14.2	719640
7862	1280664000	13.8	719640
7862	1283342400	7	719640
7862	1285934400	1.3	719640
7862	1288612800	-5.5	719640
7862	1291204800	-19.2	719640
7862	1293883200	-14.3	719640
7862	1296561600	-14	719640
7862	1298980800	-11.1	719640
7862	1301659200	1	719640
7862	1304251200	8.4	719640
7862	1306929600	12.7	719640
7862	1309521600	13.9	719640
7862	1312200000	11	719640
7862	1314878400	7.2	719640
7862	1317470400	1.5	719640
7862	1320148800	-12.7	719640
7862	1322740800	-6.3	719640
7862	1325419200	-17.8	719640
7862	1328097600	-5.4	719640
7862	1330603200	-6.4	719640
7862	1333281600	3	719640
7862	1335873600	6.7	719640
7862	1338552000	11.5	719640
7862	1341144000	13.5	719640
7862	1343822400	12.9	719640
7862	1346500800	8.8	719640
7862	1349092800	-2.3	719640
7862	1351771200	-14.2	719640
7862	1354363200	-21.8	719640
7862	1357041600	-13.3	719640
7862	1359720000	-6.5	719640
7862	1362139200	-10	719640
7862	1364817600	-3.7	719640
7862	1367409600	8.5	719640
7862	1370088000	14.8	719640
7862	1372680000	15.3	719640
7862	1375358400	15.1	719640
7862	1378036800	9.3	719640
7862	1380628800	2.8	719640
7862	1383307200	-10.9	719640
7862	1385899200	-18.9	719640
7862	1388577600	-6.1	719640
7862	1391256000	-17.4	719640
7862	1393675200	-9.6	719640
7862	1396353600	1.3	719640
7862	1398945600	9.3	719640
7862	1401624000	11.3	719640
7862	1404216000	14.8	719640
7862	1406894400	13.4	719640
7862	1409572800	7.9	719640
7862	1412164800	1.4	719640
7862	1414843200	-7.8	719640
7862	1417435200	-9.6	719640
7862	1420113600	-11.9	719640
7862	1422792000	-12.4	719640
7862	1425211200	-3.7	719640
7862	1427889600	2.9	719640
7862	1430481600	11.8	719640
7864	-1399032000	6.8	719650
7864	-1396440000	-0.9	719650
7864	-1393761600	-9.8	719650
7864	-1391169600	-15.8	719650
7864	-1388491200	-10.6	719650
7864	-1385812800	-17.8	719650
7864	-1383393600	-3.8	719650
7864	-1380715200	2.2	719650
7864	-1378123200	8.6	719650
7864	-1375444800	13.8	719650
7864	-1372852800	14.7	719650
7864	-1370174400	12.3	719650
7864	-1367496000	6.2	719650
7865	-1806667200	-2.2	719660
7865	-1803988800	-17.5	719660
7865	-1801396800	-25.3	719660
7865	-1798718400	-36.3	719660
7865	-1796040000	-22.5	719660
7866	562766400	-9.9	719670
7866	565358400	-16.5	719670
7866	568036800	-21	719670
7866	570715200	-15.1	719670
7866	573220800	-6.8	719670
7866	575899200	0.1	719670
7866	578491200	5.5	719670
7866	581169600	10.9	719670
7866	583761600	12	719670
7866	586440000	11.1	719670
7866	589118400	4.5	719670
7866	591710400	-2.7	719670
7866	594388800	-14.6	719670
7866	596980800	-14.9	719670
7866	599659200	-27.8	719670
7866	602337600	-19.2	719670
7866	604756800	-16.7	719670
7866	607435200	-0.2	719670
7866	610027200	6.5	719670
7866	612705600	11.4	719670
7866	615297600	14.9	719670
7866	617976000	12.4	719670
7866	620654400	6.8	719670
7866	623246400	-3.8	719670
7866	625924800	-19.9	719670
7866	628516800	-11.6	719670
7866	631195200	-22.7	719670
7866	633873600	-26.1	719670
7866	636292800	-8.1	719670
7866	638971200	1.1	719670
7866	641563200	7.3	719670
7866	644241600	11.5	719670
7866	646833600	13.5	719670
7866	649512000	12.3	719670
7866	652190400	6.4	719670
7866	654782400	-5.5	719670
7866	657460800	-24	719670
7866	660052800	-20.7	719670
7866	662731200	-23.5	719670
7866	665409600	-16.3	719670
7866	667828800	-10.5	719670
7866	670507200	-0.4	719670
7866	673099200	7.3	719670
7866	675777600	11.2	719670
7866	678369600	11.8	719670
7866	681048000	9.3	719670
7866	683726400	7.4	719670
7866	686318400	-5.1	719670
7866	688996800	-15.6	719670
7866	691588800	-17.7	719670
7866	694267200	-16.4	719670
7866	696945600	-17.9	719670
7866	699451200	-7.6	719670
7866	702129600	-2.2	719670
7866	704721600	3.9	719670
7866	707400000	10.9	719670
7866	709992000	13.1	719670
7866	712670400	10.7	719670
7866	715348800	-0.6	719670
7866	717940800	-5.9	719670
7866	720619200	-9.8	719670
7866	723211200	-22.6	719670
7866	725889600	-21	719670
7866	728568000	-15.1	719670
7866	730987200	-10.4	719670
7866	733665600	0.9	719670
7866	736257600	7.2	719670
7866	738936000	11	719670
7866	741528000	13.7	719670
7866	744206400	11.1	719670
7866	746884800	5.9	719670
7866	749476800	-0.4	719670
7866	752155200	-12.3	719670
7866	754747200	-16.4	719670
7866	757425600	-20.9	719670
7866	760104000	-23.9	719670
7866	762523200	-8.3	719670
7866	765201600	2.1	719670
7866	767793600	5.9	719670
7866	770472000	11.5	719670
7866	773064000	13.1	719670
7866	775742400	13.4	719670
7866	778420800	5.2	719670
7866	781012800	-3.4	719670
7866	783691200	-16.9	719670
7866	786283200	-19.7	719670
7866	788961600	-20.1	719670
7866	791640000	-15.6	719670
7866	794059200	-14.4	719670
7866	796737600	0.9	719670
7866	799329600	7.7	719670
7866	802008000	12.6	719670
7866	804600000	13	719670
7866	807278400	10.3	719670
7866	809956800	9.4	719670
7866	812548800	-1.7	719670
7866	815227200	-17.7	719670
7866	817819200	-21.2	719670
7866	820497600	-31.9	719670
7866	823176000	-13.9	719670
7866	825681600	-11.7	719670
7866	828360000	-2.2	719670
7866	830952000	5	719670
7866	833630400	10.1	719670
7866	836222400	11.9	719670
7866	838900800	9.5	719670
7866	841579200	3.7	719670
7866	844171200	-8.3	719670
7866	846849600	-17.4	719670
7866	849441600	-24.8	719670
7866	852120000	-24.2	719670
7866	854798400	-9.4	719670
7866	857217600	-14.6	719670
7866	859896000	-0.6	719670
7866	862488000	5.9	719670
7866	865166400	11.9	719670
7866	867758400	13.6	719670
7866	870436800	11.9	719670
7866	873115200	6.9	719670
7866	875707200	-7.2	719670
7866	878385600	-8.2	719670
7866	880977600	-14.3	719670
7866	883656000	-24.1	719670
7866	886334400	-12.3	719670
7866	888753600	-11	719670
7866	891432000	0.7	719670
7866	894024000	6.9	719670
7866	896702400	12.2	719670
7866	899294400	13.8	719670
7866	901972800	9.8	719670
7866	904651200	4.8	719670
7866	907243200	-3.4	719670
7866	909921600	-13.7	719670
7866	912513600	-21.6	719670
7866	915192000	-25.9	719670
7866	917870400	-24.7	719670
7866	920289600	-11.3	719670
7866	922968000	-2	719670
7866	925560000	3.9	719670
7866	928238400	11.3	719670
7866	930830400	13.3	719670
7866	933508800	11.9	719670
7866	936187200	5.4	719670
7866	938779200	-2.9	719670
7866	941457600	-15.7	719670
7866	944049600	-16.4	719670
7866	946728000	-19.5	719670
7866	949406400	-10.5	719670
7866	951912000	-6.1	719670
7866	954590400	-1.3	719670
7866	957182400	3.7	719670
7866	959860800	11.5	719670
7866	962452800	12.5	719670
7866	965131200	9.2	719670
7866	967809600	4	719670
7866	970401600	-2.3	719670
7866	973080000	-9.5	719670
7866	975672000	-18.3	719670
7866	978350400	-9.1	719670
7866	981028800	-13.9	719670
7866	983448000	-10	719670
7866	986126400	-0.6	719670
7866	988718400	4.3	719670
7866	991396800	11.6	719670
7866	993988800	13.2	719670
7866	996667200	12.3	719670
7867	-1924948800	-30	719671
7867	-1922270400	-22	719671
7867	-1919851200	-7.8	719671
7867	-1917172800	-3.5	719671
7867	-1914580800	6	719671
7867	-1911902400	9.9	719671
7867	-1909310400	11.7	719671
7867	-1906632000	10	719671
7867	-1903953600	6.7	719671
7867	-1901361600	-0.1	719671
7867	-1898683200	-16.3	719671
7867	-1896091200	-14.9	719671
7867	-1893412800	-14.5	719671
7867	-1890734400	-20.9	719671
7867	-1888315200	-7.7	719671
7867	-1885636800	-2.5	719671
7867	-1883044800	5.4	719671
7867	-1880366400	9.1	719671
7867	-1877774400	11.7	719671
7867	-1875096000	10.6	719671
7867	-1872417600	8.4	719671
7867	-1869825600	2.2	719671
7867	-1867147200	-9.5	719671
7867	-1864555200	-18.6	719671
7867	-1861876800	-23.5	719671
7867	-1859198400	-14.7	719671
7867	-1856779200	-11.6	719671
7867	-1854100800	-4.6	719671
7867	-1851508800	4.5	719671
7867	-1848830400	9.5	719671
11515	47217600	13.6	715050
11515	49896000	11	715050
11515	52574400	5.1	715050
11515	55166400	-2.6	715050
11515	57844800	-13.9	715050
11515	60436800	-23	715050
11515	63115200	-30.4	715050
11515	65793600	-23.1	715050
11515	68299200	-12.7	715050
11515	70977600	-5.1	715050
11515	73569600	5.2	715050
11515	76248000	9.6	715050
11515	78840000	13.8	715050
11515	81518400	11.4	715050
11515	84196800	4.1	715050
11515	86788800	-2.4	715050
11515	89467200	-12	715050
11515	92059200	-21.6	715050
11515	94737600	-26.6	715050
11515	97416000	-19	715050
11515	99835200	-7.6	715050
11515	102513600	0.8	715050
11515	105105600	5.1	715050
11515	107784000	8.9	715050
11515	110376000	11.7	715050
11515	113054400	9	715050
11515	115732800	5.7	715050
11515	118324800	-1.4	715050
11515	121003200	-20.1	715050
11515	123595200	-21.9	715050
11515	126273600	-28.9	715050
11515	128952000	-16.3	715050
11515	131371200	-12.6	715050
11515	134049600	-0.2	715050
11515	136641600	6.5	715050
11515	139320000	9.2	715050
11515	141912000	11.5	715050
11515	144590400	10.8	715050
11515	147268800	6.7	715050
11515	149860800	-0.1	715050
11515	152539200	-9.8	715050
11515	155131200	-13.3	715050
11515	157809600	-21.3	715050
11515	160488000	-18.6	715050
11515	162907200	-11	715050
11515	165585600	-0.9	715050
11515	168177600	5.2	715050
11515	170856000	9	715050
11515	173448000	12.7	715050
11515	176126400	10.2	715050
11515	178804800	7.3	715050
11515	181396800	-1.7	715050
11515	184075200	-18.5	715050
11515	186667200	-25.4	715050
11515	189345600	-19.7	715050
11515	192024000	-19.4	715050
11515	194529600	-9.8	715050
11515	197208000	0.9	715050
11515	199800000	4.7	715050
11515	202478400	10.9	715050
11515	205070400	12.3	715050
11515	207748800	11.2	715050
11515	210427200	6.2	715050
11515	213019200	0.1	715050
11515	215697600	-2.6	715050
11515	218289600	-14.3	715050
11515	220968000	-10.3	715050
11515	223646400	-5.9	715050
11515	226065600	-7	715050
11515	228744000	1.4	715050
11515	231336000	5.2	715050
11515	234014400	10.1	715050
11515	236606400	12.9	715050
11515	239284800	14	715050
11515	241963200	6.2	715050
11515	244555200	0.6	715050
11515	247233600	-16.2	715050
11515	249825600	-30	715050
11515	252504000	-22.1	715050
11515	255182400	-14.3	715050
11515	257601600	-7.3	715050
11515	260280000	0.4	715050
11515	262872000	5.7	715050
11515	265550400	10.2	715050
11515	268142400	12.2	715050
11515	270820800	11.9	715050
11515	273499200	7.6	715050
11515	276091200	2.5	715050
11515	278769600	-11.2	715050
11515	281361600	-14.5	715050
11515	284040000	-23.3	715050
11515	286718400	-26.4	715050
11515	289137600	-3.7	715050
11515	291816000	1	715050
11515	294408000	5.9	715050
11515	297086400	10.2	715050
11515	299678400	12.9	715050
11515	302356800	12.6	715050
11515	305035200	6.6	715050
11515	307627200	2.6	715050
11515	310305600	-6.7	715050
11515	312897600	-20.5	715050
11515	315576000	-19.4	715050
11515	318254400	-7.7	715050
11515	320760000	-7.5	715050
11515	323438400	1.7	715050
11515	326030400	5.8	715050
11515	328708800	11.5	715050
11515	331300800	12.7	715050
11515	333979200	10.4	715050
11515	336657600	5.6	715050
11515	339249600	2	715050
11515	341928000	-7.6	715050
11515	344520000	-28.5	715050
11515	347198400	-6.3	715050
11515	349876800	-11.6	715050
11515	352296000	-2.7	715050
11515	354974400	-1.6	715050
11515	357566400	7.8	715050
11515	360244800	9.3	715050
11515	362836800	13.1	715050
11703	-433944000	-1.1	719491
11703	-431352000	8.3	719491
11703	-428673600	12.2	719491
11703	-426081600	15	719491
11703	-423403200	12.6	719491
11703	-420724800	5.5	719491
11703	-418132800	-6.3	719491
11703	-415454400	-12.3	719491
11703	-412862400	-32.2	719491
11703	-410184000	-28.6	719491
11703	-407505600	-22.2	719491
11703	-405086400	-9.6	719491
11703	-402408000	-1	719491
11703	-399816000	8	719491
11703	-397137600	13.9	719491
11703	-394545600	13.9	719491
11703	-391867200	14.8	719491
11703	-389188800	8.1	719491
11703	-386596800	-3.2	719491
11703	-383918400	-11.1	719491
11703	-381326400	-27.9	719491
11703	-378648000	-18.3	719491
11703	-375969600	-25.2	719491
11703	-373550400	-12.4	719491
11703	-370872000	2	719491
11703	-368280000	8.5	719491
11703	-365601600	15.6	719491
11703	-363009600	16.4	719491
11703	-360331200	12.7	719491
11703	-357652800	5.4	719491
11703	-355060800	-7.1	719491
11703	-352382400	-14.4	719491
11703	-349790400	-24.2	719491
11703	-347112000	-38.3	719491
11703	-344433600	-21	719491
11703	-342014400	-16.8	719491
11703	-339336000	-2.4	719491
11703	-336744000	6.7	719491
11703	-334065600	13.4	719491
11703	-331473600	13.5	719491
11703	-328795200	10	719491
11703	-326116800	6.5	719491
11703	-323524800	-6.2	719491
11703	-320846400	-15.8	719491
11703	-318254400	-22.9	719491
11703	-315576000	-25.7	719491
11703	-312897600	-16.9	719491
11703	-310392000	-14.3	719491
11703	-307713600	1	719491
11703	-305121600	9.3	719491
11703	-302443200	12.3	719491
11703	-299851200	14.1	719491
11703	-297172800	12.1	719491
11703	-294494400	7.4	719491
11703	-291902400	-1.5	719491
11703	-289224000	-15.6	719491
11703	-286632000	-17.9	719491
11703	-283953600	-22.6	719491
11703	-281275200	-21.4	719491
11703	-278856000	-13.9	719491
11703	-276177600	-2.2	719491
11703	-273585600	7.6	719491
11703	-270907200	13	719491
11703	-268315200	15.1	719491
11703	-265636800	12.3	719491
11703	-262958400	6.6	719491
11703	-260366400	-5	719491
11703	-257688000	-22.2	719491
11703	-255096000	-34	719491
11703	-252417600	-27.2	719491
11703	-249739200	-19.3	719491
11703	-247320000	-16	719491
11703	-244641600	-0.2	719491
11703	-242049600	6.9	719491
11703	-239371200	12.1	719491
11703	-236779200	15.3	719491
11703	-234100800	13.4	719491
11703	-231422400	5.2	719491
11703	-228830400	0.6	719491
11703	-226152000	-11.4	719491
11703	-223560000	-24	719491
11703	-220881600	-20.9	719491
11703	-218203200	-16	719491
11703	-215784000	-14.3	719491
11703	-213105600	-1.2	719491
11713	1001937600	-3.8	719670
11713	1004616000	-14.3	719670
11713	1007208000	-22	719670
11714	-1840881600	7.2	719671
11714	-1838289600	3	719671
11714	-1835611200	-9.9	719671
11714	-1833019200	-9	719671
11714	-1830340800	-19	719671
11714	-1827662400	-9.2	719671
11714	-1825156800	-7.3	719671
11714	-1822478400	0.9	719671
11714	-1819886400	7.1	719671
11714	-1817208000	8.4	719671
11714	-1814616000	12.9	719671
11714	-1811937600	9.8	719671
11714	-1809259200	7.9	719671
11714	-1806667200	2.8	719671
11714	-1803988800	-5.1	719671
11714	-1801396800	-9.6	719671
11714	-1798718400	-20.9	719671
11714	-1796040000	-11.9	719671
14828	368193600	5	715050
14828	370785600	0.5	715050
14828	373464000	-7.7	715050
14828	376056000	-22.2	715050
14998	-207835200	10.8	719491
14998	-205243200	14.6	719491
14998	-202564800	13.4	719491
14998	-199886400	7.3	719491
14998	-197294400	0.8	719491
14998	-194616000	-23.1	719491
14998	-192024000	-17.8	719491
14998	-189345600	-28.2	719491
14998	-186667200	-16.5	719491
14998	-184161600	-20.8	719491
14998	-181483200	-2	719491
14998	-178891200	3.5	719491
14998	-176212800	13.8	719491
14998	-173620800	13.7	719491
14998	-170942400	12.1	719491
14998	-168264000	7	719491
14998	-165672000	0.5	719491
14998	-162993600	-17.5	719491
14998	-160401600	-38.8	719491
14998	-157723200	-31.3	719491
14998	-155044800	-27	719491
14998	-152625600	-6.7	719491
14998	-149947200	0.5	719491
14998	-147355200	6.2	719491
14998	-144676800	11.6	719491
14998	-142084800	15.4	719491
14998	-139406400	12	719491
14998	-136728000	6.8	719491
14998	-134136000	-4.6	719491
14998	-131457600	-21.6	719491
14998	-128865600	-22	719491
15007	-1351857600	-7.5	719650
15007	-1349179200	-5.4	719650
15007	-1346587200	7.2	719650
15007	-1343908800	13.9	719650
15007	-1341316800	16.7	719650
15007	-1338638400	13.6	719650
15007	-1335960000	5.6	719650
15007	-1333368000	-3.5	719650
15007	-1330689600	-25.5	719650
15008	-1783080000	13.7	719660
15008	-1780401600	10.5	719660
15008	-1777723200	4.7	719660
15008	-1775131200	-5.8	719660
15008	-1772452800	-16.4	719660
15008	-1769860800	-23	719660
15008	-1767182400	-31.3	719660
15008	-1764504000	-19.1	719660
15008	-1762084800	-13.7	719660
15008	-1759406400	-3.7	719660
15008	-1756814400	7.2	719660
15008	-1754136000	13.1	719660
15008	-1751544000	12.3	719660
15008	-1748865600	12	719660
15008	-1746187200	3.6	719660
15008	-1743595200	-0.2	719660
15008	-1740916800	-14.4	719660
15008	-1738324800	-24.4	719660
15008	-1735646400	-18.9	719660
15008	-1732968000	-25	719660
15008	-1730548800	-10.1	719660
15008	-1727870400	2.7	719660
15008	-1725278400	7.9	719660
15008	-1722600000	14.3	719660
15008	-1720008000	16.2	719660
15008	-1717329600	12.4	719660
15008	-1714651200	6.6	719660
15008	-1712059200	-6.8	719660
15008	-1709380800	-13.7	719660
15008	-1706788800	-21.9	719660
15008	-1704110400	-34	719660
15008	-1701432000	-26.5	719660
15008	-1698926400	-20	719660
15008	-1696248000	1.7	719660
15008	-1693656000	8.7	719660
15008	-1690977600	13.9	719660
15008	-1688385600	14.6	719660
15008	-1685707200	11.7	719660
15008	-1683028800	6.1	719660
15008	-1680436800	-1.7	719660
15008	-1677758400	-14.9	719660
15008	-1675166400	-29.2	719660
15008	-1672488000	-32.5	719660
15008	-1669809600	-25.6	719660
15008	-1667390400	-14.9	719660
15008	-1664712000	-1.3	719660
15008	-1662120000	5.4	719660
15008	-1659441600	11	719660
15008	-1656849600	12.9	719660
15008	-1654171200	12.5	719660
15008	-1651492800	6.9	719660
15008	-1648900800	-4.2	719660
15008	-1646222400	-21	719660
15008	-1643630400	-46.8	719660
15008	-1640952000	-26.1	719660
15008	-1638273600	-27.8	719660
15008	-1635854400	-21.6	719660
15008	-1633176000	-3	719660
15008	-1630584000	6.3	719660
15008	-1627905600	11.6	719660
15008	-1625313600	15.2	719660
15008	-1622635200	11	719660
15008	-1619956800	6.9	719660
15008	-1617364800	-5.5	719660
15008	-1614686400	-16.3	719660
15008	-1612094400	-24.3	719660
15008	-1609416000	-27.8	719660
15008	-1606737600	-25.6	719660
15008	-1604318400	-21.9	719660
15008	-1601640000	-1.2	719660
15008	-1599048000	5.7	719660
15008	-1596369600	10.5	719660
15008	-1593777600	14.8	719660
15008	-1591099200	13	719660
15008	-1588420800	6.1	719660
15008	-1585828800	-8	719660
15008	-1583150400	-23.7	719660
15008	-1580558400	-27.6	719660
15008	-1577880000	-34.6	719660
15008	-1575201600	-18.2	719660
15008	-1572696000	-18.3	719660
15008	-1570017600	-6.2	719660
15008	-1567425600	4.6	719660
15008	-1564747200	13.4	719660
15008	-1562155200	15.5	719660
15008	-1559476800	11.1	719660
15008	-1556798400	4.6	719660
15008	-1554206400	-7.7	719660
15008	-1551528000	-15.8	719660
15008	-1548936000	-27	719660
15008	-1546257600	-32.7	719660
15008	-1543579200	-26.9	719660
15008	-1541160000	-17.3	719660
15008	-1538481600	-2.2	719660
15008	-1535889600	6.7	719660
15008	-1533211200	14	719660
15008	-1530619200	15.2	719660
15008	-1527940800	12.6	719660
15008	-1525262400	3.3	719660
15008	-1522670400	-4	719660
15008	-1519992000	-23.6	719660
15008	-1517400000	-23.3	719660
15008	-1514721600	-23.3	719660
15008	-1512043200	-30.4	719660
15008	-1509624000	-20.9	719660
15008	-1506945600	-2.4	719660
15008	-1504353600	5.4	719660
15008	-1501675200	11.4	719660
15008	-1499083200	12	719660
15008	-1496404800	10.3	719660
15008	-1493726400	2.1	719660
15008	-1491134400	-1.9	719660
15008	-1488456000	-14.7	719660
15008	-1485864000	-27.5	719660
15008	-1483185600	-32.7	719660
15008	-1480507200	-21.1	719660
15008	-1478088000	-19.3	719660
15008	-1475409600	-1.8	719660
15008	-1472817600	7	719660
15008	-1470139200	14.7	719660
15008	-1467547200	15.6	719660
15008	-1464868800	14	719660
15008	-1462190400	5.7	719660
15008	-1459598400	-0.1	719660
15008	-1456920000	-11	719660
15008	-1454328000	-28.4	719660
15008	-1451649600	-23.4	719660
15008	-1448971200	-23.6	719660
15008	-1446465600	-10.9	719660
15008	-1443787200	-8.5	719660
15008	-1441195200	7.6	719660
15008	-1438516800	12.4	719660
15008	-1435924800	13.1	719660
15008	-1433246400	11	719660
15008	-1430568000	3.8	719660
15008	-1427976000	-6.2	719660
15008	-1425297600	-16.6	719660
15008	-1422705600	-30.5	719660
15008	-1420027200	-39.3	719660
15008	-1417348800	-31.5	719660
15008	-1414929600	-16	719660
15008	-1412251200	-2.8	719660
15008	-1409659200	8.1	719660
15008	-1406980800	13.3	719660
15008	-1404388800	13.6	719660
15008	-1401710400	11.7	719660
15008	-1399032000	5.6	719660
15008	-1396440000	-1	719660
15008	-1393761600	-12	719660
15008	-1391169600	-21	719660
15008	-1388491200	-13.9	719660
15008	-1385812800	-22.5	719660
15008	-1383393600	-8.6	719660
15008	-1380715200	-0.4	719660
15008	-1378123200	7.8	719660
15008	-1375444800	12.5	719660
15008	-1372852800	14	719660
15008	-1370174400	11.9	719660
15008	-1367496000	5.1	719660
15008	-1364904000	-2.9	719660
15008	-1362225600	-15.6	719660
15008	-1359633600	-25.1	719660
15008	-1356955200	-31.2	719660
15008	-1354276800	-23.5	719660
15008	-1351857600	-13.7	719660
15008	-1349179200	-8.6	719660
15008	-1346587200	6.4	719660
15008	-1343908800	14.1	719660
15009	-1788350400	4.7	719671
15009	-1785672000	12	719671
15009	-1783080000	11.8	719671
15009	-1780401600	10.5	719671
15009	-1777723200	8	719671
15009	-1775131200	-0.3	719671
15009	-1772452800	-6.3	719671
15009	-1769860800	-8.3	719671
15009	-1767182400	-22.7	719671
15009	-1764504000	-11.7	719671
15009	-1762084800	-7.2	719671
15009	-1759406400	-0.7	719671
15009	-1756814400	5.2	719671
15009	-1754136000	10.4	719671
15009	-1751544000	10.3	719671
15009	-1748865600	10.3	719671
15009	-1746187200	5.9	719671
15009	-1743595200	3.4	719671
15009	-1740916800	-6.3	719671
15009	-1738324800	-16.7	719671
15009	-1735646400	-13.1	719671
15009	-1732968000	-16.3	719671
15009	-1730548800	-2.5	719671
15009	-1727870400	2.4	719671
15009	-1725278400	7.3	719671
15009	-1722600000	11.6	719671
15009	-1720008000	16.2	719671
15009	-1717329600	12.1	719671
15009	-1714651200	8.9	719671
15009	-1712059200	-1.2	719671
15009	-1709380800	-8	719671
15009	-1706788800	-12.7	719671
15009	-1704110400	-24.3	719671
15009	-1701432000	-13.1	719671
15009	-1698926400	-14.8	719671
15009	-1696248000	1.6	719671
15009	-1693656000	5.3	719671
15009	-1690977600	10.7	719671
15009	-1688385600	12.2	719671
15009	-1685707200	11.1	719671
15009	-1683028800	8.1	719671
15009	-1680436800	3.3	719671
15009	-1677758400	-6.6	719671
15009	-1675166400	-19.2	719671
15009	-1672488000	-18	719671
15009	-1669809600	-15.6	719671
15009	-1667390400	-8.9	719671
15009	-1664712000	-1.6	719671
15009	-1662120000	5.1	719671
15009	-1659441600	9.5	719671
15009	-1656849600	10.2	719671
15009	-1654171200	11	719671
15009	-1651492800	7.6	719671
15009	-1648900800	0.3	719671
15009	-1646222400	-5.8	719671
15009	-1643630400	-34.9	719671
15009	-1640952000	-18.7	719671
15009	-1638273600	-17.9	719671
15009	-1635854400	-15.5	719671
15009	-1633176000	-3	719671
15009	-1630584000	3.5	719671
15009	-1627905600	9.7	719671
15009	-1625313600	13.8	719671
15009	-1622635200	10.2	719671
15009	-1619956800	8.3	719671
15009	-1617364800	-0.2	719671
15009	-1614686400	-5.7	719671
15009	-1612094400	-12.8	719671
15009	-1609416000	-14.1	719671
15009	-1606737600	-18.2	719671
15009	-1604318400	-15.7	719671
15009	-1601640000	0.8	719671
15009	-1599048000	4.1	719671
15009	-1596369600	9.4	719671
15009	-1593777600	12.3	719671
15009	-1591099200	12.1	719671
15009	-1588420800	8.1	719671
15009	-1585828800	-2.5	719671
15009	-1583150400	-12.3	719671
15009	-1580558400	-17.4	719671
15009	-1577880000	-22.9	719671
15009	-1575201600	-8.3	719671
15009	-1572696000	-11	719671
15009	-1570017600	-5.8	719671
15009	-1567425600	3.3	719671
15009	-1564747200	10.3	719671
15009	-1562155200	13.9	719671
15009	-1559476800	10.6	719671
15009	-1556798400	5.4	719671
15009	-1554206400	-1.4	719671
15009	-1551528000	-6.7	719671
15009	-1548936000	-16.5	719671
15009	-1546257600	-22.5	719671
15009	-1543579200	-15.5	719671
15009	-1541160000	-10.9	719671
15009	-1538481600	0.3	719671
15009	-1535889600	5.6	719671
15009	-1533211200	10.9	719671
15009	-1530619200	11.6	719671
15009	-1527940800	11.2	719671
15009	-1525262400	6.6	719671
15009	-1522670400	1.8	719671
15009	-1519992000	-13.4	719671
15009	-1517400000	-8.7	719671
15009	-1514721600	-12.3	719671
15009	-1512043200	-20.8	719671
15009	-1509624000	-11.7	719671
15009	-1506945600	-0.3	719671
15009	-1504353600	5	719671
15009	-1501675200	10.5	719671
15009	-1499083200	13.2	719671
15009	-1496404800	10.3	719671
15009	-1493726400	6.5	719671
15009	-1491134400	1.4	719671
15009	-1488456000	-6.5	719671
15009	-1485864000	-23.4	719671
15009	-1483185600	-24.6	719671
15009	-1480507200	-10.3	719671
15009	-1478088000	-10.2	719671
15009	-1475409600	0.3	719671
15009	-1472817600	6.5	719671
15009	-1470139200	12.5	719671
15009	-1467547200	16.2	719671
15009	-1464868800	18.7	719671
15009	-1462190400	8	719671
15009	-1459598400	1.8	719671
15009	-1456920000	-4.6	719671
15009	-1454328000	-14.3	719671
15009	-1451649600	-20.2	719671
15009	-1448971200	-10.9	719671
15009	-1446465600	-4.2	719671
15009	-1443787200	-2.2	719671
15009	-1441195200	5.7	719671
15009	-1438516800	10.9	719671
15009	-1435924800	11.4	719671
15009	-1433246400	11.8	719671
15009	-1430568000	5.5	719671
15009	-1427976000	0.9	719671
15009	-1425297600	-5.4	719671
15009	-1422705600	-20	719671
15009	-1420027200	-26.2	719671
15009	-1417348800	-21.7	719671
15009	-1414929600	-8.2	719671
15009	-1412251200	-0.9	719671
15009	-1409659200	6.6	719671
15009	-1406980800	10	719671
15009	-1404388800	13.2	719671
15009	-1401710400	11.7	719671
15009	-1399032000	8	719671
15009	-1396440000	2.5	719671
15009	-1393761600	-2.9	719671
15009	-1391169600	-6.7	719671
15009	-1388491200	-5.6	719671
15009	-1385812800	-11.1	719671
15009	-1383393600	-0.9	719671
15009	-1380715200	2.6	719671
15009	-1378123200	6.4	719671
15009	-1375444800	12.5	719671
15009	-1372852800	13	719671
15009	-1370174400	12.9	719671
15009	-1367496000	7.3	719671
15009	-1364904000	3.1	719671
15009	-1362225600	-8.5	719671
15009	-1359633600	-12.6	719671
15009	-1356955200	-22.7	719671
15009	-1354276800	-14.4	719671
15009	-1351857600	-7.4	719671
15009	-1349179200	-5.9	719671
15009	-1346587200	3.8	719671
15009	-1343908800	10.7	719671
15009	-1341316800	14.9	719671
15009	-1338638400	13.1	719671
15009	-1335960000	5	719671
17863	-123508800	-20.3	719491
17863	-121089600	-14.6	719491
17863	-118411200	-1.5	719491
17863	-115819200	6.3	719491
17863	-113140800	13.7	719491
17863	-110548800	15.7	719491
17863	-107870400	10.9	719491
17863	-105192000	7.1	719491
17863	-102600000	-4.7	719491
17863	-99921600	-22.5	719491
17863	-97329600	-28.5	719491
17863	-94651200	-31.2	719491
17863	-91972800	-23.3	719491
17863	-89553600	-17.5	719491
17863	-86875200	-3.2	719491
17863	-84283200	6.3	719491
17863	-81604800	13.3	719491
17863	-79012800	13.8	719491
17863	-76334400	13.9	719491
17863	-73656000	7.9	719491
17863	-71064000	-1.7	719491
17863	-68385600	-12.8	719491
17863	-65793600	-22.6	719491
17863	-63115200	-29.1	719491
17863	-60436800	-18.9	719491
17863	-57931200	-5	719491
17863	-55252800	-0.1	719491
17863	-52660800	8	719491
17863	-49982400	13.2	719491
17863	-47390400	15.1	719491
17863	-44712000	12.4	719491
17863	-42033600	5.6	719491
17863	-39441600	-3.7	719491
17863	-36763200	-13.2	719491
17863	-34171200	-32.8	719491
17863	-31492800	-40.9	719491
17863	-28814400	-23.1	719491
17863	-26395200	-11.9	719491
17863	-23716800	3	719491
17863	-21124800	7.3	719491
17863	-18446400	15.3	719491
17863	-15854400	13.4	719491
17863	-13176000	8.4	719491
17863	-10497600	6.8	719491
17863	-7905600	-0.8	719491
17863	-5227200	-15.1	719491
17863	-2635200	-18.3	719491
17863	43200	-29.6	719491
17863	2721600	-17.8	719491
17863	5140800	-5.7	719491
17863	7819200	0.8	719491
17863	10411200	7.5	719491
17863	13089600	11.6	719491
17863	15681600	14.1	719491
17863	18360000	11.4	719491
17863	21038400	4.8	719491
17863	23630400	-5.1	719491
17863	26308800	-14.4	719491
17863	28900800	-25.8	719491
17863	31579200	-39.6	719491
17863	34257600	-20.3	719491
17863	36676800	-16.6	719491
17863	39355200	-0.5	719491
17863	41947200	7.1	719491
17863	44625600	12.9	719491
17863	47217600	15.5	719491
17863	49896000	12.3	719491
17863	52574400	5.8	719491
17863	55166400	-5.1	719491
17863	57844800	-16.7	719491
17863	60436800	-30.2	719491
17863	63115200	-37.1	719491
17863	65793600	-30.3	719491
17863	68299200	-17.5	719491
17863	70977600	-6.9	719491
17863	73569600	6.7	719491
17863	76248000	12.7	719491
17863	78840000	14.9	719491
17863	81518400	13.4	719491
17863	84196800	4.1	719491
17863	86788800	-5.4	719491
17863	89467200	-14.3	719491
17863	92059200	-27.9	719491
17863	94737600	-34.9	719491
17863	97416000	-26.3	719491
17863	99835200	-12.1	719491
17863	102513600	1.3	719491
17863	105105600	7.1	719491
17863	107784000	12.1	719491
17863	110376000	14.5	719491
17863	113054400	11.3	719491
17863	115732800	5.7	719491
17863	118324800	-3.6	719491
17863	121003200	-27	719491
17863	123595200	-26	719491
17863	126273600	-37.1	719491
17863	128952000	-24.3	719491
17863	131371200	-17.7	719491
17863	134049600	-0.9	719491
17863	136641600	6.3	719491
17863	139320000	11.5	719491
17863	141912000	14.5	719491
17863	144590400	11.9	719491
17863	147268800	6.3	719491
17863	149860800	-2.3	719491
17863	152539200	-11.6	719491
17863	155131200	-17.6	719491
17863	157809600	-30.7	719491
17863	160488000	-26.3	719491
17863	162907200	-12.1	719491
17863	165585600	-0.1	719491
17863	168177600	8.3	719491
17863	170856000	13.5	719491
17863	173448000	15.3	719491
17863	176126400	11.6	719491
17863	178804800	7.1	719491
17863	181396800	-3.4	719491
17863	184075200	-23.4	719491
17863	186667200	-32.5	719491
17863	189345600	-27.5	719491
17863	192024000	-25.4	719491
17863	194529600	-13.6	719491
17863	197208000	1	719491
17863	199800000	7	719491
17863	202478400	13.1	719491
17863	205070400	15.6	719491
17863	207748800	13.4	719491
17863	210427200	7.9	719491
17863	213019200	-2.2	719491
17863	215697600	-6.4	719491
17863	218289600	-21.5	719491
17863	220968000	-16.7	719491
17863	223646400	-10.7	719491
17863	226065600	-10.4	719491
17863	228744000	0.8	719491
17863	231336000	8.1	719491
17863	234014400	13.3	719491
17863	236606400	14.1	719491
17863	239284800	15.2	719491
17863	241963200	6.7	719491
17863	244555200	-0.7	719491
17863	247233600	-22.2	719491
17863	249825600	-34	719491
17863	252504000	-25.3	719491
17863	255182400	-17.3	719491
17863	257601600	-9.5	719491
17863	260280000	0.2	719491
17863	262872000	8.2	719491
17863	265550400	12.6	719491
17863	268142400	15.8	719491
17863	270820800	13.6	719491
17863	273499200	8.3	719491
17863	276091200	-1.7	719491
17863	278769600	-16.3	719491
17863	281361600	-21.5	719491
17863	284040000	-31.3	719491
17863	286718400	-38.1	719491
17863	289137600	-8.8	719491
17863	291816000	-0.5	719491
17863	294408000	7.6	719491
17863	297086400	12.2	719491
17863	299678400	15.5	719491
17863	302356800	14.1	719491
17863	305035200	8.2	719491
17863	307627200	1	719491
17863	310305600	-9.3	719491
17863	312897600	-26	719491
17863	315576000	-30.3	719491
17863	318254400	-15.5	719491
17863	320760000	-9.6	719491
17863	323438400	3.8	719491
17863	326030400	9.3	719491
17863	328708800	14.3	719491
17863	331300800	15.1	719491
17863	333979200	11.5	719491
17863	336657600	4.9	719491
17863	339249600	1.8	719491
17863	341928000	-9.9	719491
17863	344520000	-38.9	719491
17863	347198400	-9	719491
17863	349876800	-18.3	719491
17863	352296000	-5.4	719491
17863	354974400	-2.3	719491
17863	357566400	10.5	719491
17863	360244800	11.6	719491
17863	362836800	14.7	719491
17863	365515200	12.5	719491
17863	368193600	5.8	719491
17863	370785600	-0.5	719491
17863	373464000	-8.9	719491
17863	376056000	-24.5	719491
17863	378734400	-40.2	719491
17863	381412800	-24.6	719491
17863	383832000	-15.4	719491
17863	386510400	-1.9	719491
17863	389102400	6.3	719491
17863	391780800	13.7	719491
17863	394372800	16.1	719491
17863	397051200	12	719491
17863	399729600	7.2	719491
17863	402321600	-5.2	719491
17863	4.05e+08	-19.2	719491
17863	407592000	-20.6	719491
17863	410270400	-28.6	719491
17863	412948800	-20.1	719491
17863	415368000	-13.5	719491
17863	418046400	2.2	719491
17863	420638400	8.1	719491
17863	423316800	13.9	719491
17863	425908800	15.2	719491
17863	428587200	11.7	719491
17863	431265600	3.8	719491
17863	433857600	-1.8	719491
17863	436536000	-12.5	719491
17863	439128000	-34.8	719491
17863	441806400	-24.3	719491
17863	444484800	-18.7	719491
17863	446990400	-4.9	719491
17863	449668800	2.4	719491
17863	452260800	7.5	719491
17863	454939200	13.7	719491
17863	457531200	14.2	719491
17863	460209600	11.7	719491
17863	462888000	6.7	719491
17863	465480000	-3.5	719491
17863	468158400	-16.7	719491
17863	470750400	-25.8	719491
17863	473428800	-12.5	719491
17863	476107200	-26.7	719491
17863	478526400	-10.2	719491
17863	481204800	-2.3	719491
17863	483796800	7.3	719491
17863	486475200	11.5	719491
17863	489067200	15	719491
17863	491745600	11.2	719491
17863	494424000	5.5	719491
17863	497016000	-5.3	719491
17863	499694400	-24.6	719491
17863	502286400	-15	719491
17863	504964800	-17.2	719491
17863	507643200	-19.6	719491
17863	510062400	-12.2	719491
17863	512740800	-5.7	719491
17863	515332800	6.1	719491
17863	518011200	12.7	719491
17863	520603200	16.1	719491
17863	523281600	11.3	719491
17863	525960000	6.6	719491
17863	528552000	-1.1	719491
17863	531230400	-20.5	719491
17863	533822400	-19.4	719491
17863	536500800	-18.4	719491
17863	539179200	-15.6	719491
17863	541598400	-14.1	719491
17863	544276800	1.2	719491
17863	546868800	7.9	719491
17863	549547200	13.4	719491
17863	552139200	15.9	719491
17863	554817600	12.7	719491
17863	557496000	6.8	719491
17863	560088000	0.6	719491
17863	562766400	-10.1	719491
17863	565358400	-20.2	719491
17863	568036800	-28.1	719491
17863	570715200	-18.9	719491
17863	573220800	-6.2	719491
17863	575899200	2.3	719491
17863	578491200	9.2	719491
17863	581169600	13.9	719491
17863	583761600	14.9	719491
17863	586440000	13.2	719491
17863	589118400	6.3	719491
17863	591710400	-2.4	719491
17863	594388800	-13.8	719491
17863	596980800	-19.1	719491
17863	599659200	-31.2	719491
17863	602337600	-24.5	719491
17863	604756800	-16.7	719491
17863	607435200	2.1	719491
17863	610027200	9.2	719491
17863	612705600	13.8	719491
17863	615297600	17.2	719491
17863	617976000	15.1	719491
17863	620654400	7	719491
17863	623246400	-3.7	719491
17863	625924800	-21.6	719491
17863	628516800	-18.1	719491
17863	631195200	-30.5	719491
17863	633873600	-28.5	719491
17863	636292800	-8.2	719491
17863	638971200	2.4	719491
17863	641563200	10.1	719491
17863	644241600	14.2	719491
17863	646833600	15.9	719491
17863	649512000	14.1	719491
17863	652190400	7.8	719491
17863	654782400	-3.4	719491
17863	657460800	-26.1	719491
17863	660052800	-28.4	719491
17863	662731200	-28.4	719491
17863	665409600	-16.9	719491
17863	667828800	-11.3	719491
17863	670507200	1.8	719491
17863	673099200	9	719491
17863	675777600	14.4	719491
17863	678369600	15.3	719491
17863	681048000	11.3	719491
17863	683726400	8.2	719491
17863	686318400	-4.9	719491
17863	688996800	-15.2	719491
17863	691588800	-23.2	719491
17863	694267200	-20.7	719491
17863	696945600	-19.4	719491
17863	699451200	-5.8	719491
17863	702129600	-0.7	719491
17863	704721600	6	719491
17863	707400000	13.3	719491
17863	709992000	15.5	719491
17863	712670400	12.4	719491
17863	715348800	0.8	719491
17863	717940800	-6.8	719491
17863	720619200	-10.4	719491
17863	723211200	-27.7	719491
17863	725889600	-26.4	719491
17863	728568000	-18.8	719491
17863	730987200	-9.8	719491
17863	733665600	2.2	719491
17863	736257600	9.4	719491
17863	738936000	13.9	719491
17863	741528000	16	719491
17863	744206400	12.9	719491
17863	746884800	6.6	719491
17863	749476800	0.6	719491
17863	752155200	-14.3	719491
17863	754747200	-18.2	719491
17863	757425600	-27.4	719491
17863	760104000	-27.4	719491
17863	762523200	-7.8	719491
17863	765201600	3.3	719491
17863	767793600	8.3	719491
17863	770472000	13.5	719491
17863	773064000	16.5	719491
17863	775742400	15.9	719491
17863	778420800	6.1	719491
17863	781012800	-1.4	719491
17863	783691200	-18.9	719491
17863	786283200	-26.6	719491
17863	788961600	-23.3	719491
17863	791640000	-17.6	719491
17863	794059200	-12.8	719491
17863	796737600	4.5	719491
17863	799329600	10.6	719491
17863	802008000	15.7	719491
17863	804600000	16.2	719491
17863	807278400	12.6	719491
17863	809956800	10.4	719491
17863	812548800	-0.9	719491
17863	815227200	-20.5	719491
17863	817819200	-25.4	719491
17863	820497600	-37.5	719491
17863	823176000	-17.2	719491
17863	825681600	-12.8	719491
17863	828360000	0	719491
17863	830952000	6.9	719491
17863	833630400	12.9	719491
17863	836222400	15.3	719491
17863	838900800	11.5	719491
17863	841579200	5.7	719491
17863	844171200	-7.9	719491
17863	846849600	-23.7	719491
17863	849441600	-28.9	719491
17863	852120000	-30.7	719491
17863	854798400	-12.9	719491
17863	857217600	-15.2	719491
17863	859896000	0.7	719491
17863	862488000	8.2	719491
17863	865166400	13.8	719491
17863	867758400	16.4	719491
17863	870436800	13.5	719491
17863	873115200	8.7	719491
17863	875707200	-6.3	719491
17863	878385600	-10.2	719491
17863	880977600	-15.3	719491
17863	883656000	-27	719491
17863	886334400	-14.7	719491
17863	888753600	-9.8	719491
17863	891432000	3.6	719491
17863	894024000	11.2	719491
17863	896702400	15.1	719491
17863	899294400	17	719491
17863	901972800	12	719491
17863	904651200	7	719491
17863	907243200	-2.2	719491
17863	909921600	-13.7	719491
17863	912513600	-25.8	719491
17863	915192000	-29.4	719491
17863	917870400	-23.5	719491
17863	920289600	-9.5	719491
17863	922968000	1.5	719491
17863	925560000	6.9	719491
17863	928238400	15.4	719491
17863	930830400	15.7	719491
17863	933508800	15	719491
17863	936187200	7.3	719491
17863	938779200	-1.7	719491
17863	941457600	-15.4	719491
17863	944049600	-18.1	719491
17863	946728000	-25	719491
17863	949406400	-13.2	719491
17863	951912000	-5.9	719491
17863	954590400	-0.5	719491
17863	957182400	6.9	719491
17863	959860800	14.5	719491
17863	962452800	15.3	719491
17863	965131200	10.8	719491
17863	967809600	5.2	719491
17863	970401600	-2.5	719491
17863	973080000	-10.3	719491
17863	975672000	-22.1	719491
17863	978350400	-13.8	719491
17863	981028800	-18	719491
17863	983448000	-9.7	719491
17863	986126400	1.2	719491
17863	988718400	6.2	719491
17863	991396800	14.2	719491
17863	993988800	14.9	719491
17863	996667200	14.2	719491
17863	999345600	7.4	719491
17863	1001937600	-2.1	719491
17863	1004616000	-15.4	719491
17863	1007208000	-22.9	719491
17863	1009886400	-19.5	719491
17863	1012564800	-19.5	719491
17863	1014984000	-15.9	719491
17863	1017662400	-5.6	719491
17863	1020254400	7.3	719491
17863	1022932800	13.4	719491
17863	1025524800	15.4	719491
17863	1028203200	11.9	719491
17863	1030881600	7.4	719491
17863	1033473600	1.3	719491
17863	1036152000	-6.4	719491
17863	1038744000	-13.4	719491
17863	1041422400	-19.8	719491
17863	1044100800	-15.7	719491
17863	1046520000	-12.7	719491
17863	1049198400	-0.5	719491
17863	1051790400	6.9	719491
17863	1054468800	12.8	719491
17863	1057060800	16.7	719491
17863	1059739200	12.8	719491
17863	1062417600	5.1	719491
17863	1065009600	0.3	719491
17863	1067688000	-17.7	719491
17863	1070280000	-22.6	719491
17863	1072958400	-33	719491
17863	1075636800	-15.8	719491
17863	1078142400	-11.8	719491
17863	1080820800	2.4	719491
17863	1083412800	10.3	719491
17863	1086091200	17.3	719491
17863	1088683200	16.8	719491
17863	1091361600	14.1	719491
17863	1094040000	4.4	719491
17863	1096632000	-2.1	719491
17863	1099310400	-15.8	719491
17863	1101902400	-21.4	719491
17863	1104580800	-25.7	719491
17863	1107259200	-18.7	719491
17863	1109678400	-4.4	719491
17863	1112356800	3	719491
17863	1114948800	11.6	719491
17863	1117627200	14.6	719491
17863	1120219200	15	719491
17863	1122897600	13.5	719491
17863	1125576000	8	719491
17863	1128168000	0.5	719491
17863	1130846400	-13.9	719491
17863	1133438400	-13	719491
17863	1136116800	-22.8	719491
17863	1138795200	-15.3	719491
17863	1141214400	-13.6	719491
17863	1143892800	1	719491
17863	1146484800	8.5	719491
17863	1149163200	14.6	719491
17863	1151755200	16.6	719491
17863	1154433600	12.7	719491
17863	1157112000	8.5	719491
17863	1159704000	-1.2	719491
17863	1162382400	-27.3	719491
17863	1164974400	-17.9	719491
17863	1167652800	-22	719491
17863	1170331200	-26.2	719491
17863	1172750400	-16.8	719491
17863	1175428800	1.8	719491
17863	1178020800	9.2	719491
17863	1180699200	15.3	719491
17863	1183291200	17	719491
17863	1185969600	14.2	719491
17863	1188648000	7.2	719491
17863	1191240000	-2.2	719491
17863	1193918400	-10.2	719491
17863	1196510400	-24.6	719491
17863	1199188800	-27.9	719491
17863	1201867200	-22.4	719491
17863	1204372800	-7.1	719491
17863	1207051200	0.5	719491
17863	1209643200	9.3	719491
17863	1212321600	13.9	719491
17863	1214913600	13.7	719491
17863	1217592000	12.1	719491
17863	1220270400	6.9	719491
17863	1222862400	-2.5	719491
17872	-1317556800	-4.8	719650
17872	-1314964800	7.1	719650
17872	-1312286400	14.3	719650
17872	-1309694400	14.9	719650
17872	-1307016000	11.1	719650
17872	-1304337600	4.7	719650
17872	-1301745600	-3.8	719650
17872	-1299067200	-8.2	719650
17872	-1296475200	-15.4	719650
17872	-1293796800	-22.8	719650
17872	-1291118400	-17.7	719650
17872	-1288699200	-12.8	719650
17872	-1286020800	-3	719650
17872	-1283428800	6.2	719650
17872	-1280750400	13.8	719650
17872	-1278158400	13.6	719650
17872	-1275480000	11.5	719650
17872	-1272801600	8.3	719650
17872	-1270209600	2.2	719650
17872	-1267531200	-11.1	719650
17872	-1264939200	-26.4	719650
17872	-1262260800	-36.1	719650
17872	-1259582400	-23	719650
17872	-1257163200	-12.7	719650
17872	-1254484800	-1.5	719650
17872	-1251892800	8.1	719650
17872	-1249214400	12.4	719650
17872	-1246622400	15.5	719650
17872	-1243944000	13.1	719650
17872	-1241265600	6.8	719650
17872	-1238673600	-5.3	719650
17872	-1235995200	-16.1	719650
17872	-1233403200	-15.8	719650
17872	-1230724800	-16.8	719650
17872	-1228046400	-11.5	719650
17872	-1225627200	-14.2	719650
17872	-1222948800	-1.2	719650
17872	-1220356800	5.3	719650
17872	-1217678400	12.7	719650
17872	-1215086400	14.1	719650
17872	-1212408000	11.2	719650
17872	-1209729600	6	719650
17872	-1207137600	-1.1	719650
17872	-1204459200	-16.6	719650
17872	-1201867200	-23.3	719650
17872	-1199188800	-27.9	719650
17872	-1196510400	-32.7	719650
17872	-1194004800	-13.2	719650
17872	-1191326400	2.1	719650
17872	-1188734400	7.7	719650
17872	-1186056000	11.4	719650
17872	-1183464000	13.8	719650
17872	-1180785600	12.7	719650
17872	-1178107200	5	719650
17872	-1175515200	-2.9	719650
17872	-1172836800	-23.3	719650
17872	-1170244800	-29.4	719650
17872	-1167566400	-33.4	719650
17872	-1164888000	-24.6	719650
17872	-1162468800	-12.9	719650
17872	-1159790400	-1.9	719650
17872	-1157198400	8.6	719650
17872	-1154520000	10.3	719650
17872	-1151928000	13.2	719650
17872	-1149249600	11.6	719650
17872	-1146571200	4.7	719650
17872	-1143979200	-4.6	719650
17872	-1141300800	-12.6	719650
17872	-1138708800	-42.4	719650
17872	-1136030400	-30	719650
17872	-1133352000	-12	719650
17872	-1130932800	-13	719650
17872	-1128254400	1.1	719650
17872	-1125662400	7.8	719650
17872	-1122984000	12.3	719650
17872	-1120392000	15.2	719650
17872	-1117713600	12.4	719650
17872	-1115035200	5	719650
17872	-1112443200	0.2	719650
17872	-1109764800	-13.9	719650
17872	-1107172800	-22.6	719650
17872	-1104494400	-31.3	719650
17872	-1101816000	-11.7	719650
17872	-1099396800	-16.6	719650
17872	-1096718400	-1.6	719650
17872	-1094126400	6.2	719650
17872	-1091448000	11.9	719650
17872	-1088856000	14.9	719650
17872	-1086177600	9.8	719650
17872	-1083499200	5.1	719650
17872	-1080907200	-7	719650
17872	-1078228800	-19.5	719650
17872	-1075636800	-20.5	719650
17872	-1072958400	-27.8	719650
17872	-1070280000	-35.7	719650
17872	-1067774400	-11.7	719650
17872	-1065096000	-2.3	719650
17872	-1062504000	8.1	719650
17873	-1338638400	13.1	719660
17873	-1335960000	4	719660
17873	-1333368000	-6.5	719660
17873	-1330689600	-27.1	719660
17873	-1328097600	-31	719660
17873	-1325419200	-24.2	719660
17873	-1322740800	-20.2	719660
17873	-1320235200	-19.6	719660
17873	-1317556800	-5.4	719660
17873	-1314964800	6.5	719660
17873	-1312286400	13.6	719660
17873	-1309694400	14.8	719660
17873	-1307016000	11.3	719660
17873	-1304337600	4.1	719660
17873	-1301745600	-6	719660
17873	-1299067200	-12.1	719660
17873	-1296475200	-21.6	719660
17873	-1293796800	-24.9	719660
17873	-1291118400	-21.1	719660
17873	-1288699200	-17.4	719660
17873	-1286020800	-4.1	719660
17873	-1283428800	6.9	719660
17873	-1280750400	12.9	719660
17873	-1278158400	13.5	719660
17873	-1275480000	11.1	719660
17873	-1272801600	7.5	719660
17873	-1270209600	0.1	719660
17873	-1267531200	-12.4	719660
17873	-1264939200	-30.1	719660
17873	-1262260800	-36.8	719660
17873	-1259582400	-29.8	719660
17873	-1257163200	-16	719660
17873	-1254484800	-3	719660
17873	-1251892800	7.6	719660
17873	-1249214400	12.7	719660
17873	-1246622400	15.7	719660
17873	-1243944000	12.8	719660
17873	-1241265600	5.6	719660
17873	-1238673600	-6.3	719660
17873	-1235995200	-19.1	719660
17873	-1233403200	-21	719660
17873	-1230724800	-22.1	719660
17873	-1228046400	-21.3	719660
17873	-1225627200	-18.4	719660
17873	-1222948800	-4.4	719660
17873	-1220356800	4.3	719660
17873	-1217678400	12.5	719660
17873	-1215086400	13.6	719660
17873	-1212408000	10.4	719660
17873	-1209729600	5.1	719660
17873	-1207137600	-3.2	719660
17873	-1204459200	-16.6	719660
17873	-1201867200	-24.1	719660
17873	-1199188800	-31.9	719660
17873	-1196510400	-35.2	719660
17873	-1194004800	-15.6	719660
17873	-1191326400	-0.3	719660
17873	-1188734400	7.7	719660
17873	-1186056000	11.7	719660
17873	-1183464000	14.5	719660
17873	-1180785600	11.9	719660
17873	-1178107200	4.5	719660
17873	-1175515200	-2.2	719660
17873	-1172836800	-25.9	719660
17873	-1170244800	-30.5	719660
17873	-1167566400	-35.9	719660
17873	-1164888000	-28.4	719660
17873	-1162468800	-17.7	719660
17873	-1159790400	-3.1	719660
17873	-1157198400	7.3	719660
17873	-1154520000	10.5	719660
17873	-1151928000	13.2	719660
17874	1025524800	12.9	719670
17874	1028203200	10.5	719670
17875	-1325419200	-21.8	719671
17875	-1322740800	-14.6	719671
17875	-1320235200	-10.8	719671
20290	386510400	-2.4	715050
20290	389102400	4.3	715050
20290	391780800	11	715050
20290	394372800	13.1	715050
20290	397051200	10.6	715050
20290	399729600	7	715050
20290	402321600	-3.5	715050
20290	4.05e+08	-13.7	715050
20431	1228132800	-27.4	719491
20431	1230811200	-26.4	719491
20431	1233489600	-22.4	719491
20431	1235908800	-12.9	719491
20431	1238587200	0.2	719491
20431	1241179200	9	719491
20431	1243857600	15	719491
20431	1246449600	17.2	719491
20431	1249128000	13.3	719491
20431	1251806400	7.9	719491
20431	1254398400	-0.3	719491
20431	1257076800	-12.7	719491
20431	1259668800	-18.7	719491
20431	1262347200	-20.8	719491
20431	1265025600	-13.3	719491
20431	1267444800	-5.1	719491
20431	1270123200	3.5	719491
20431	1272715200	10	719491
20431	1275393600	14.1	719491
20431	1277985600	15.2	719491
20440	-1057233600	16.1	719650
20440	-1054555200	14.3	719650
20440	-1051876800	5.1	719650
20440	-1049284800	-0.3	719650
20440	-1046606400	-10.1	719650
20440	-1044014400	-28.9	719650
20440	-1041336000	-22.1	719650
20440	-1038657600	-21.9	719650
20440	-1036238400	-7.9	719650
20440	-1033560000	1	719650
20440	-1030968000	7.8	719650
20440	-1028289600	14.8	719650
20440	-1025697600	13.1	719650
20440	-1023019200	11.1	719650
20440	-1020340800	8.3	719650
20440	-1017748800	1.3	719650
20440	-1015070400	-10.6	719650
20440	-1012478400	-25.3	719650
20440	-1009800000	-24.2	719650
20440	-1007121600	-25.4	719650
20440	-1004702400	-7.1	719650
20440	-1002024000	1.1	719650
20440	-999432000	7.9	719650
20440	-996753600	11.6	719650
20440	-994161600	14.2	719650
20440	-991483200	12.7	719650
20440	-988804800	9.6	719650
20440	-986212800	3.7	719650
20440	-983534400	-13.4	719650
20440	-980942400	-22.2	719650
20440	-978264000	-20.6	719650
20440	-975585600	-24.8	719650
20440	-973166400	-15.2	719650
20440	-970488000	-1.4	719650
20440	-967896000	7.8	719650
20440	-965217600	13	719650
20440	-962625600	15.3	719650
20440	-959947200	11.2	719650
20440	-957268800	4.3	719650
20440	-954676800	-6.1	719650
20440	-951998400	-12	719650
20440	-949406400	-12	719650
20440	-946728000	-18.1	719650
20440	-944049600	-17	719650
20440	-941544000	-8.8	719650
20440	-938865600	3.6	719650
20440	-936273600	7.7	719650
20440	-933595200	13	719650
20440	-931003200	15.7	719650
20440	-928324800	11	719650
20440	-925646400	8.2	719650
20440	-923054400	1	719650
20440	-920376000	-17.4	719650
20440	-917784000	-15.3	719650
20440	-915105600	-22.4	719650
20440	-912427200	-15	719650
20440	-910008000	-6.1	719650
20440	-907329600	5.4	719650
20440	-904737600	8.4	719650
20440	-902059200	14.3	719650
20440	-899467200	14.3	719650
20440	-896788800	13.3	719650
20440	-894110400	4.8	719650
20440	-891518400	-3.4	719650
20440	-888840000	-17.9	719650
20440	-886248000	-25.1	719650
20440	-883569600	-11.1	719650
20440	-880891200	-12.3	719650
20440	-878472000	-8.5	719650
20440	-875793600	0.5	719650
20440	-873201600	10.2	719650
20440	-870523200	14.5	719650
20440	-867931200	15.4	719650
20440	-865252800	12.1	719650
20440	-862574400	7.3	719650
20440	-859982400	1.5	719650
20440	-857304000	-20.1	719650
20440	-854712000	-33.2	719650
20440	-852033600	-30	719650
20440	-849355200	-18.5	719650
20440	-846936000	-14.9	719650
20440	-844257600	0	719650
20440	-841665600	7.8	719650
20440	-838987200	13.3	719650
20440	-836395200	14	719650
20440	-833716800	11.4	719650
20440	-831038400	7.2	719650
20440	-828446400	-0.2	719650
20440	-825768000	-5.6	719650
20440	-823176000	-10.2	719650
20440	-820497600	-16.2	719650
20440	-817819200	-15.4	719650
20440	-815313600	-11.1	719650
20440	-812635200	-1	719650
20440	-810043200	8.6	719650
20440	-807364800	14.1	719650
20440	-804772800	14.8	719650
20440	-802094400	11.5	719650
20440	-799416000	6.6	719650
20440	-796824000	0.8	719650
20440	-794145600	-12.4	719650
20440	-791553600	-18.7	719650
20440	-788875200	-18.6	719650
20440	-786196800	-15.2	719650
20440	-783777600	-8.2	719650
20440	-781099200	-5.1	719650
20440	-778507200	7.8	719650
20440	-775828800	12	719650
20440	-773236800	13.6	719650
20440	-770558400	11.7	719650
20440	-767880000	5.2	719650
20440	-765288000	-1	719650
20440	-762609600	-22.7	719650
20440	-760017600	-19.8	719650
20440	-757339200	-21.2	719650
20440	-754660800	-16.7	719650
20440	-752241600	-10.8	719650
20440	-749563200	-0.8	719650
20440	-746971200	9.6	719650
20440	-744292800	15.6	719650
20440	-741700800	14.1	719650
20440	-739022400	11.4	719650
20440	-736344000	6.7	719650
20440	-733752000	-2.6	719650
20440	-731073600	-22.7	719650
20440	-728481600	-32.2	719650
20440	-725803200	-30.3	719650
20441	-1146571200	4.5	719660
20441	-1143979200	-7.3	719660
20441	-1141300800	-16.1	719660
20441	-1138708800	-40.1	719660
20441	-1136030400	-35.4	719660
20441	-1133352000	-16	719660
20441	-1130932800	-16	719660
20441	-1128254400	-0.6	719660
20441	-1125662400	7.9	719660
20441	-1122984000	12	719660
20441	-1120392000	14.6	719660
20441	-1117713600	12.3	719660
20441	-1115035200	4.2	719660
20441	-1112443200	-2.4	719660
20441	-1109764800	-16.9	719660
20441	-1107172800	-22.6	719660
20441	-1104494400	-33.5	719660
20441	-1101816000	-18.4	719660
20441	-1099396800	-20	719660
20441	-1096718400	-2.4	719660
20441	-1094126400	5.5	719660
20441	-1091448000	12	719660
20441	-1088856000	14.6	719660
20441	-1086177600	9.4	719660
20441	-1083499200	4.2	719660
20441	-1080907200	-7.2	719660
20441	-1078228800	-22.3	719660
20441	-1075636800	-26	719660
20441	-1072958400	-31.3	719660
20441	-1070280000	-36.5	719660
20441	-1067774400	-15.8	719660
20441	-1065096000	-4	719660
20441	-1062504000	7.8	719660
20441	-1059825600	15.5	719660
20441	-1057233600	14.7	719660
20441	-1054555200	13.5	719660
20441	-1051876800	4	719660
20441	-1049284800	-2.2	719660
20441	-1046606400	-13.9	719660
20441	-1044014400	-31.1	719660
20441	-1041336000	-21.6	719660
20441	-1038657600	-26.2	719660
20441	-1036238400	-13.5	719660
20441	-1033560000	-1.6	719660
20441	-1030968000	6.8	719660
20441	-1028289600	14.5	719660
20441	-1025697600	13.2	719660
20441	-1023019200	10.2	719660
20441	-1020340800	7.4	719660
20441	-1017748800	0	719660
20441	-1015070400	-14.3	719660
20441	-1012478400	-26.8	719660
20441	-1009800000	-29.9	719660
20441	-1007121600	-30.7	719660
20441	-1004702400	-14.3	719660
20441	-1002024000	-0.5	719660
20441	-999432000	7.4	719660
20441	-996753600	11.5	719660
20441	-994161600	14.4	719660
20441	-991483200	12.3	719660
20441	-988804800	9.2	719660
20441	-986212800	2.4	719660
20441	-983534400	-15.8	719660
20441	-980942400	-24.9	719660
20441	-978264000	-24.5	719660
20441	-975585600	-26.3	719660
20441	-973166400	-18	719660
20441	-970488000	-2.3	719660
20441	-967896000	7.1	719660
20441	-965217600	13.2	719660
20441	-962625600	15	719660
20441	-959947200	11	719660
20441	-957268800	4.3	719660
20441	-954676800	-8.7	719660
20441	-951998400	-14.5	719660
20441	-949406400	-14	719660
20441	-946728000	-21.1	719660
20441	-944049600	-21.8	719660
20441	-941544000	-12	719660
20441	-938865600	2.9	719660
20441	-936273600	7.6	719660
20441	-933595200	13.1	719660
20441	-931003200	15.9	719660
20441	-928324800	12.1	719660
20441	-925646400	7.4	719660
20441	-923054400	-1.6	719660
20441	-920376000	-20	719660
20441	-917784000	-17.9	719660
20441	-915105600	-27.2	719660
20441	-912427200	-19.1	719660
20441	-910008000	-11.3	719660
20441	-907329600	3.3	719660
20441	-904737600	7.9	719660
20441	-902059200	14	719660
20441	-899467200	14.5	719660
20441	-896788800	13.2	719660
20441	-894110400	4	719660
20441	-891518400	-5.7	719660
20441	-888840000	-21.5	719660
20441	-886248000	-30.1	719660
20441	-883569600	-17.3	719660
20441	-880891200	-14.7	719660
20441	-878472000	-13.3	719660
20441	-875793600	-1.3	719660
20441	-873201600	10.2	719660
20441	-870523200	14.5	719660
20441	-867931200	15.4	719660
20441	-865252800	12.4	719660
20441	-862574400	6.9	719660
20441	-859982400	0	719660
20441	-857304000	-20.4	719660
20441	-854712000	-33.2	719660
20441	-852033600	-32.2	719660
20441	-849355200	-23.6	719660
20441	-846936000	-17.3	719660
20441	-844257600	-1.4	719660
20441	-841665600	8	719660
20441	-838987200	14.1	719660
20441	-836395200	15.1	719660
20441	-833716800	11.5	719660
20441	-831038400	6.8	719660
20441	-828446400	-1.4	719660
20441	-825768000	-8.8	719660
20441	-823176000	-16.2	719660
20441	-820497600	-21.8	719660
20441	-817819200	-18.9	719660
20441	-815313600	-14.4	719660
20441	-812635200	-4.1	719660
20441	-810043200	8.5	719660
20441	-807364800	13.4	719660
20441	-804772800	15.4	719660
20441	-802094400	11.2	719660
20441	-799416000	5.5	719660
20441	-796824000	-1.7	719660
20441	-794145600	-15.3	719660
20441	-791553600	-21.9	719660
20441	-788875200	-21.2	719660
20441	-786196800	-19.4	719660
20441	-783777600	-12.8	719660
20441	-781099200	-6.6	719660
20441	-778507200	6.4	719660
20441	-775828800	11.5	719660
20441	-773236800	13.6	719660
20441	-770558400	12.2	719660
20441	-767880000	5.1	719660
20441	-765288000	-2.7	719660
20441	-762609600	-24.3	719660
20441	-760017600	-23.3	719660
20441	-757339200	-25.6	719660
20441	-754660800	-21.6	719660
20441	-752241600	-15.1	719660
20441	-749563200	-2.2	719660
20441	-746971200	8.2	719660
20441	-744292800	16.1	719660
20441	-741700800	15.6	719660
20441	-739022400	11.3	719660
20441	-736344000	5.7	719660
20441	-733752000	-3.4	719660
20441	-731073600	-21.8	719660
20441	-728481600	-34.3	719660
20441	-725803200	-32.5	719660
20441	-723124800	-25.9	719660
20441	-720705600	-7	719660
20441	-718027200	-2.1	719660
20441	-715435200	8.2	719660
20441	-712756800	11.1	719660
20441	-710164800	15.7	719660
20441	-707486400	9.4	719660
20441	-704808000	5	719660
20441	-702216000	-2	719660
20441	-699537600	-9	719660
20441	-696945600	-15.8	719660
20441	-694267200	-21.7	719660
20441	-691588800	-27.9	719660
20441	-689083200	-17.3	719660
20441	-686404800	-6.2	719660
20441	-683812800	7.6	719660
20441	-681134400	13.5	719660
20441	-678542400	14.8	719660
20441	-675864000	10	719660
20441	-673185600	4.7	719660
20441	-670593600	-1.4	719660
20441	-667915200	-18.8	719660
20441	-665323200	-32.4	719660
20441	-662644800	-28.2	719660
20441	-659966400	-33	719660
20441	-657547200	-11.2	719660
20441	-654868800	-1.5	719660
20441	-652276800	5.6	719660
20441	-649598400	10.7	719660
20441	-647006400	14.4	719660
20441	-644328000	12.8	719660
20441	-641649600	8.4	719660
20441	-639057600	-2.6	719660
20441	-636379200	-7.3	719660
20441	-633787200	-28.8	719660
20441	-631108800	-30.9	719660
20441	-628430400	-32.3	719660
20441	-626011200	-11.2	719660
20441	-623332800	-3	719660
20441	-620740800	7.6	719660
20441	-618062400	15.6	719660
20441	-615470400	15.2	719660
20441	-612792000	12.2	719660
20441	-610113600	6.9	719660
20441	-607521600	-4.2	719660
20441	-604843200	-28.3	719660
20441	-602251200	-21	719660
20441	-599572800	-34.4	719660
20441	-596894400	-29.5	719660
20441	-594475200	-20.5	719660
20441	-591796800	-0.7	719660
20441	-589204800	8.1	719660
20441	-586526400	11.7	719660
20441	-583934400	15.5	719660
20441	-581256000	13.4	719660
20441	-578577600	7.9	719660
20441	-575985600	-9.3	719660
20441	-573307200	-15.2	719660
20441	-570715200	-28.5	719660
20441	-568036800	-38.1	719660
20441	-565358400	-18.4	719660
20441	-562852800	-14.7	719660
20441	-560174400	-2.9	719660
20441	-557582400	5.2	719660
20441	-554904000	13.3	719660
20441	-552312000	14.8	719660
20441	-549633600	11.4	719660
20441	-546955200	4.6	719660
20441	-544363200	-0.7	719660
20441	-541684800	-7.3	719660
20441	-539092800	-22.3	719660
20441	-536414400	-34.5	719660
20441	-533736000	-18.7	719660
20441	-531316800	-15.7	719660
20441	-528638400	1.4	719660
20441	-526046400	8.7	719660
20441	-523368000	14.3	719660
20441	-520776000	14.9	719660
20441	-518097600	11.9	719660
20441	-515419200	5.5	719660
20441	-512827200	-3.9	719660
20442	1033473600	2.3	719670
20442	1036152000	-3.8	719670
20442	1038744000	-17	719670
20442	1041422400	-18.1	719670
20442	1044100800	-11.6	719670
20442	1046520000	-14.2	719670
20442	1049198400	-3.1	719670
20442	1051790400	4.4	719670
20442	1054468800	10.5	719670
20442	1057060800	13.5	719670
20442	1059739200	10.9	719670
20442	1062417600	3.5	719670
20442	1065009600	0	719670
20442	1067688000	-14.4	719670
20442	1070280000	-18.1	719670
20442	1072958400	-27.1	719670
20442	1075636800	-10.7	719670
20442	1078142400	-11	719670
20442	1080820800	0.6	719670
20442	1083412800	8.7	719670
20442	1086091200	13.9	719670
20442	1088683200	13.7	719670
20442	1091361600	12.3	719670
20442	1094040000	3	719670
20442	1096632000	-1.7	719670
20442	1099310400	-12	719670
20442	1101902400	-17.6	719670
20442	1104580800	-20.7	719670
20442	1107259200	-15.1	719670
20442	1109678400	-4.9	719670
20442	1112356800	1	719670
20442	1114948800	8.4	719670
20442	1117627200	11.9	719670
20442	1120219200	12.7	719670
20442	1122897600	12.5	719670
20442	1125576000	7.1	719670
20443	-1117713600	13	719671
20443	-1115035200	6.3	719671
20443	-1112443200	1.9	719671
20443	-1109764800	-7.2	719671
20443	-1107172800	-15.7	719671
20443	-1104494400	-22.4	719671
20443	-1101816000	-7.4	719671
20443	-1099396800	-13.2	719671
20443	-1096718400	-1	719671
22600	410270400	-23.1	715050
22600	412948800	-15.1	715050
22600	415368000	-9.5	715050
22600	418046400	1.3	715050
22600	420638400	6.5	715050
22600	423316800	11.3	715050
22721	1296561600	-20.7	719491
22721	1298980800	-15.4	719491
22721	1301659200	1.2	719491
22721	1304251200	9.9	719491
22721	1306929600	14	719491
22721	1309521600	15.6	719491
22721	1312200000	12.9	719491
22721	1314878400	8.1	719491
22721	1317470400	-1.1	719491
22721	1320148800	-20.3	719491
22721	1322740800	-17.6	719491
22721	1325419200	-28.2	719491
22721	1328097600	-10.6	719491
22721	1330603200	-10.6	719491
22721	1333281600	2.9	719491
22721	1335873600	8.6	719491
22721	1338552000	14.8	719491
22721	1341144000	15	719491
22721	1343822400	13.1	719491
22727	-720705600	-3.5	719650
22727	-718027200	-1	719650
22727	-715435200	8.5	719650
22727	-712756800	11.3	719650
22727	-710164800	15.2	719650
22727	-707486400	9.1	719650
22727	-704808000	5.9	719650
22727	-702216000	1.1	719650
22727	-699537600	-8.2	719650
22727	-696945600	-13.1	719650
22727	-694267200	-17.4	719650
22727	-691588800	-26.1	719650
22727	-689083200	-15.5	719650
22727	-686404800	-5.1	719650
22727	-683812800	9.2	719650
22727	-681134400	13	719650
22727	-678542400	13.9	719650
22727	-675864000	10.5	719650
22727	-673185600	5.5	719650
22727	-670593600	0.3	719650
22727	-667915200	-17.3	719650
22727	-665323200	-30.9	719650
22727	-662644800	-25.4	719650
22727	-659966400	-30.4	719650
22727	-657547200	-8.6	719650
22727	-654868800	0.6	719650
22727	-652276800	5.6	719650
22727	-649598400	10.8	719650
22727	-647006400	14.1	719650
22727	-644328000	12.6	719650
22727	-641649600	8.7	719650
22727	-639057600	-2.3	719650
22727	-636379200	-7.3	719650
22727	-633787200	-29	719650
22727	-631108800	-32.9	719650
22727	-628430400	-28.2	719650
22727	-626011200	-9.2	719650
22727	-623332800	-2.2	719650
22727	-620740800	8.3	719650
22727	-618062400	15.7	719650
22727	-615470400	14.8	719650
22727	-612792000	12	719650
22727	-610113600	8	719650
22727	-607521600	-3.5	719650
22727	-604843200	-29.9	719650
22727	-602251200	-20.4	719650
22727	-599572800	-30.8	719650
22727	-596894400	-26.6	719650
22727	-594475200	-16.8	719650
22727	-591796800	0.4	719650
22727	-589204800	8.5	719650
22727	-586526400	10.8	719650
22727	-583934400	16.1	719650
22727	-581256000	13	719650
22727	-578577600	8.8	719650
22727	-575985600	-8.4	719650
22727	-573307200	-12.9	719650
22727	-570715200	-28.3	719650
22727	-568036800	-35.3	719650
22727	-565358400	-16.3	719650
22727	-562852800	-11.4	719650
22727	-560174400	-1.3	719650
22727	-557582400	6.4	719650
22727	-554904000	13	719650
22727	-552312000	15.2	719650
22727	-549633600	11.3	719650
22727	-546955200	5.7	719650
22727	-544363200	0.5	719650
22727	-541684800	-6.5	719650
22727	-539092800	-16.6	719650
22727	-536414400	-31.4	719650
22727	-533736000	-13.7	719650
22727	-531316800	-12.5	719650
22727	-528638400	1.7	719650
22727	-526046400	9.9	719650
22727	-523368000	14.7	719650
22727	-520776000	15.2	719650
22727	-518097600	12.2	719650
22727	-515419200	6.3	719650
22727	-512827200	-2	719650
22727	-510148800	-13.9	719650
22727	-507556800	-17.4	719650
22727	-504878400	-30.8	719650
22727	-502200000	-25.6	719650
22727	-499780800	-9.9	719650
22727	-497102400	-7.3	719650
22727	-494510400	7.7	719650
22727	-491832000	13.5	719650
22727	-489240000	14.8	719650
22727	-486561600	13.3	719650
22727	-483883200	5.4	719650
22727	-481291200	-0.5	719650
22727	-478612800	-7.5	719650
22727	-476020800	-23.4	719650
22727	-473342400	-17.9	719650
22727	-470664000	-21.9	719650
22727	-468244800	-15.3	719650
22727	-465566400	-0.8	719650
22727	-462974400	6.1	719650
22727	-460296000	11.7	719650
22727	-457704000	16.4	719650
22727	-455025600	10.9	719650
22727	-452347200	5.8	719650
22727	-449755200	-1.6	719650
22727	-447076800	-25.2	719650
22727	-444484800	-29.8	719650
22727	-441806400	-29.7	719650
22727	-439128000	-24.3	719650
22727	-436622400	-14.6	719650
22727	-433944000	-1.2	719650
22727	-431352000	8	719650
22727	-428673600	12.9	719650
22727	-426081600	14.6	719650
22727	-423403200	12.7	719650
22727	-420724800	5.5	719650
22727	-418132800	-6.5	719650
22727	-415454400	-11.4	719650
22727	-412862400	-31.8	719650
22727	-410184000	-29.5	719650
22727	-407505600	-20.8	719650
22727	-405086400	-9.2	719650
22727	-402408000	-1.2	719650
22727	-399816000	7.6	719650
22727	-397137600	13.9	719650
22727	-394545600	14.1	719650
22727	-391867200	14.9	719650
22727	-389188800	7.8	719650
22727	-386596800	-3.3	719650
22727	-383918400	-10.5	719650
22727	-381326400	-24.6	719650
22727	-378648000	-14.5	719650
22727	-375969600	-24.1	719650
22727	-373550400	-11.3	719650
22727	-370872000	3	719650
22727	-368280000	7.9	719650
22727	-365601600	14.8	719650
22727	-363009600	15.7	719650
22727	-360331200	12.5	719650
22727	-357652800	5.1	719650
22727	-355060800	-6.3	719650
22727	-352382400	-13.7	719650
22727	-349790400	-21.1	719650
22727	-347112000	-37.5	719650
22727	-344433600	-19.4	719650
22727	-342014400	-14.6	719650
22727	-339336000	-2.9	719650
22727	-336744000	6.6	719650
22727	-334065600	13.6	719650
22727	-331473600	13.5	719650
22727	-328795200	9.8	719650
22727	-326116800	6.3	719650
22727	-323524800	-6.4	719650
22727	-320846400	-15.8	719650
22727	-318254400	-16.4	719650
22727	-315576000	-22.3	719650
22727	-312897600	-14.6	719650
22727	-310392000	-13.6	719650
22727	-307713600	1.1	719650
22727	-305121600	9.7	719650
22727	-302443200	13	719650
22727	-299851200	14.1	719650
22727	-297172800	12.7	719650
22727	-294494400	6.4	719650
22727	-291902400	-1.3	719650
22727	-289224000	-15.5	719650
22727	-286632000	-14.3	719650
22727	-283953600	-21.9	719650
22727	-281275200	-19.7	719650
22727	-278856000	-11.3	719650
22727	-276177600	-2.2	719650
22727	-273585600	7.1	719650
22727	-270907200	13.8	719650
22727	-268315200	15.4	719650
22727	-265636800	12.7	719650
22727	-262958400	6.8	719650
22727	-260366400	-3.3	719650
22727	-257688000	-20.4	719650
22727	-255096000	-33.5	719650
22727	-252417600	-26.2	719650
22727	-249739200	-18.1	719650
22727	-247320000	-14	719650
22727	-244641600	0.6	719650
22727	-242049600	7.1	719650
22727	-239371200	12.6	719650
22727	-236779200	15.4	719650
22727	-234100800	14.5	719650
22727	-231422400	5.4	719650
22727	-228830400	1.5	719650
22727	-226152000	-11.8	719650
22727	-223560000	-19.8	719650
22727	-220881600	-23.5	719650
22727	-218203200	-13.6	719650
22727	-215784000	-14.6	719650
22727	-213105600	-1.3	719650
22727	-210513600	8.3	719650
22727	-207835200	11.3	719650
22727	-205243200	14.9	719650
22727	-202564800	13.7	719650
22727	-199886400	8.2	719650
22727	-197294400	1	719650
22727	-194616000	-23	719650
22727	-192024000	-13.6	719650
22727	-189345600	-25.8	719650
22727	-186667200	-14.5	719650
22727	-184161600	-19.6	719650
22727	-181483200	-3.3	719650
22727	-178891200	3	719650
22727	-176212800	14.1	719650
22727	-173620800	14.3	719650
22727	-170942400	12.3	719650
22727	-168264000	6.2	719650
22727	-165672000	0.9	719650
22727	-162993600	-15.1	719650
22727	-160401600	-35.1	719650
22727	-157723200	-30.1	719650
22727	-155044800	-26.7	719650
22727	-152625600	-7.5	719650
22727	-149947200	-0.5	719650
22727	-147355200	6.5	719650
22727	-144676800	11.5	719650
22727	-142084800	15.8	719650
22727	-139406400	11.7	719650
22727	-136728000	6.4	719650
22727	-134136000	-3.8	719650
22727	-131457600	-20.1	719650
22727	-128865600	-23	719650
22727	-126187200	-42.6	719650
22727	-123508800	-16.8	719650
22727	-121089600	-12.4	719650
22727	-118411200	-1.9	719650
22727	-115819200	6.3	719650
22727	-113140800	13.9	719650
22727	-110548800	15.5	719650
22727	-107870400	10.9	719650
22727	-105192000	6.7	719650
22727	-102600000	-4.5	719650
22727	-99921600	-24	719650
22727	-97329600	-26.4	719650
22727	-94651200	-28.5	719650
22727	-91972800	-20.9	719650
22727	-89553600	-17.1	719650
22727	-86875200	-2.1	719650
22727	-84283200	6.3	719650
22727	-81604800	14	719650
22727	-79012800	14.3	719650
22727	-76334400	13.6	719650
22727	-73656000	7.6	719650
22727	-71064000	-0.7	719650
22727	-68385600	-14.8	719650
22727	-65793600	-20.5	719650
22727	-63115200	-29	719650
22727	-60436800	-18.2	719650
22727	-57931200	-4.6	719650
22727	-55252800	-1.4	719650
22727	-52660800	7.7	719650
22727	-49982400	13.5	719650
22727	-47390400	15.6	719650
22727	-44712000	13	719650
22727	-42033600	5.1	719650
22727	-39441600	-2.5	719650
22727	-36763200	-12.2	719650
22727	-34171200	-30.9	719650
22727	-31492800	-40.2	719650
22727	-28814400	-19.3	719650
22727	-26395200	-9.4	719650
22727	-23716800	3.4	719650
22727	-21124800	7.7	719650
22727	-18446400	17.2	719650
22727	-15854400	13.4	719650
22727	-13176000	8.7	719650
22727	-10497600	7.5	719650
22727	-7905600	0.5	719650
22727	-5227200	-14.6	719650
22727	-2635200	-13.8	719650
22727	43200	-27	719650
22727	2721600	-13.4	719650
22727	5140800	-3.1	719650
22727	7819200	0.7	719650
22727	10411200	7.7	719650
22727	13089600	12.3	719650
22727	15681600	15.3	719650
22727	18360000	11.5	719650
22727	21038400	4.5	719650
22727	23630400	-5	719650
22727	26308800	-15.4	719650
22727	28900800	-24.4	719650
22727	31579200	-39.9	719650
22727	34257600	-17.2	719650
22727	36676800	-11.8	719650
22727	39355200	-0.8	719650
22727	41947200	7.2	719650
22727	44625600	14.5	719650
22727	47217600	16.3	719650
22727	49896000	12.5	719650
22727	52574400	6.2	719650
22727	55166400	-4.1	719650
22727	57844800	-16.9	719650
22727	60436800	-29.1	719650
22727	63115200	-35.1	719650
22727	65793600	-27.4	719650
22727	68299200	-15.1	719650
22727	70977600	-4.9	719650
22727	73569600	7.4	719650
22727	76248000	14	719650
22727	78840000	16	719650
22727	81518400	13.5	719650
22727	84196800	3.7	719650
22727	86788800	-6.1	719650
22727	89467200	-12	719650
22727	92059200	-26.8	719650
22727	94737600	-32.4	719650
22727	97416000	-21.9	719650
22727	99835200	-8.7	719650
22727	102513600	2.2	719650
22727	105105600	7.6	719650
22727	107784000	12.8	719650
22727	110376000	14.3	719650
22727	113054400	11.4	719650
22727	115732800	6.8	719650
22727	118324800	-2.7	719650
22727	121003200	-27.1	719650
22727	123595200	-22	719650
22727	126273600	-36.6	719650
22727	128952000	-22.9	719650
22727	131371200	-14.8	719650
22727	134049600	0.2	719650
22727	136641600	6.4	719650
22727	139320000	12.1	719650
22727	141912000	14.2	719650
22727	144590400	12	719650
22727	147268800	6.9	719650
22727	149860800	-2.7	719650
22727	152539200	-10.3	719650
22727	155131200	-15.9	719650
22727	157809600	-28.3	719650
22727	160488000	-21.4	719650
22727	162907200	-9.1	719650
22727	165585600	0.6	719650
22727	168177600	8.9	719650
22727	170856000	13.9	719650
22727	173448000	16.2	719650
22727	176126400	12	719650
22727	178804800	7	719650
22727	181396800	-2.9	719650
22727	184075200	-21	719650
22727	186667200	-28.7	719650
22727	189345600	-23	719650
22727	192024000	-24.8	719650
22727	194529600	-11.7	719650
22727	197208000	2.7	719650
22727	199800000	7.8	719650
22727	202478400	13.5	719650
22727	205070400	16.3	719650
22727	207748800	14.2	719650
22727	210427200	9	719650
22727	213019200	-1.2	719650
22727	215697600	-5.3	719650
22727	218289600	-18.2	719650
22727	220968000	-17	719650
22727	223646400	-6.9	719650
22727	226065600	-9.8	719650
22727	228744000	0.7	719650
22727	231336000	8.7	719650
22727	234014400	13.4	719650
22727	236606400	15.3	719650
22727	239284800	15.6	719650
22727	241963200	7.2	719650
22727	244555200	1	719650
22727	247233600	-20.8	719650
22727	249825600	-32.7	719650
22727	252504000	-21.3	719650
22727	255182400	-13.6	719650
22727	257601600	-6.9	719650
22727	260280000	0.9	719650
22727	262872000	8.2	719650
22727	265550400	12.9	719650
22727	268142400	16	719650
22727	270820800	14.2	719650
22727	273499200	9.2	719650
22727	276091200	-1.7	719650
22727	278769600	-17.4	719650
22727	281361600	-20.6	719650
22727	284040000	-28.2	719650
22727	286718400	-36.8	719650
22727	289137600	-9.1	719650
22727	291816000	-0.2	719650
22727	294408000	7.8	719650
22727	297086400	12.8	719650
22727	299678400	16.3	719650
22727	302356800	14.6	719650
22727	305035200	8.7	719650
22728	-499780800	-13.4	719660
22728	-497102400	-7.7	719660
22728	-494510400	7	719660
22728	-491832000	12.4	719660
22728	-489240000	14.5	719660
22728	-486561600	12.7	719660
22728	-483883200	4.8	719660
22728	-481291200	-3.4	719660
22728	-478612800	-10.9	719660
22728	-476020800	-29.7	719660
22728	-473342400	-21.2	719660
22728	-470664000	-26.3	719660
22728	-468244800	-16	719660
22728	-465566400	-3	719660
22728	-462974400	6	719660
22728	-460296000	11.2	719660
22728	-457704000	15.6	719660
22728	-455025600	10.8	719660
22728	-452347200	5	719660
22728	-449755200	-3.6	719660
22728	-447076800	-28	719660
22728	-444484800	-32.1	719660
22728	-441806400	-34.1	719660
22728	-439128000	-28.4	719660
22728	-436622400	-18.3	719660
22728	-433944000	-2.2	719660
22728	-431352000	7.4	719660
22728	-428673600	12.1	719660
22728	-426081600	14.7	719660
22728	-423403200	12	719660
22728	-420724800	3.9	719660
22728	-418132800	-7.6	719660
22728	-415454400	-17.6	719660
22728	-412862400	-34.5	719660
22728	-410184000	-28.6	719660
22728	-407505600	-25.7	719660
22728	-405086400	-13.8	719660
22728	-402408000	-3.1	719660
22728	-399816000	6	719660
22728	-397137600	13.7	719660
22728	-394545600	14.4	719660
22728	-391867200	14.7	719660
22728	-389188800	6.1	719660
22728	-386596800	-4	719660
22728	-383918400	-10.2	719660
22728	-381326400	-27.2	719660
22728	-378648000	-21	719660
22728	-375969600	-27.5	719660
22728	-373550400	-14.6	719660
22728	-370872000	1.2	719660
22728	-368280000	7.3	719660
22728	-365601600	14.8	719660
22728	-363009600	15.4	719660
22728	-360331200	12.2	719660
22728	-357652800	5.1	719660
22728	-355060800	-9.7	719660
22728	-352382400	-18	719660
22728	-349790400	-24.4	719660
22728	-347112000	-39.7	719660
22728	-344433600	-22.7	719660
22728	-342014400	-19.4	719660
22728	-339336000	-4.4	719660
22728	-336744000	5.3	719660
22728	-334065600	13.2	719660
22728	-331473600	12.3	719660
22728	-328795200	9.4	719660
22728	-326116800	4.7	719660
22728	-323524800	-6.7	719660
22728	-320846400	-18.2	719660
22728	-318254400	-24.3	719660
22728	-315576000	-26.2	719660
22728	-312897600	-18.5	719660
22728	-310392000	-18	719660
22728	-307713600	-2	719660
22728	-305121600	8.5	719660
22728	-302443200	12.3	719660
22728	-299851200	13.9	719660
22728	-297172800	11.7	719660
22728	-294494400	4.9	719660
22728	-291902400	-2.6	719660
22728	-289224000	-18.2	719660
22728	-286632000	-17.6	719660
22728	-283953600	-24.1	719660
22728	-281275200	-24.3	719660
22728	-278856000	-17.4	719660
22728	-276177600	-5.7	719660
22728	-273585600	8.7	719660
22728	-270907200	12.7	719660
22728	-268315200	14.8	719660
22728	-265636800	11.7	719660
22728	-262958400	5.4	719660
22728	-260366400	-5.6	719660
22728	-257688000	-21.3	719660
22728	-255096000	-36	719660
22728	-252417600	-29.4	719660
22728	-249739200	-20.8	719660
22728	-247320000	-17.5	719660
22728	-244641600	-2.7	719660
22728	-242049600	5.5	719660
22728	-239371200	11.4	719660
22728	-236779200	14.8	719660
22728	-234100800	13.7	719660
22728	-231422400	4.7	719660
22728	-228830400	-1	719660
22728	-226152000	-12.6	719660
22728	-223560000	-22	719660
22728	-220881600	-23.3	719660
22728	-218203200	-19.1	719660
22728	-215784000	-16.5	719660
22728	-213105600	-2.1	719660
22728	-210513600	7.6	719660
22728	-207835200	10.5	719660
22728	-205243200	14.4	719660
22728	-202564800	12.9	719660
22728	-199886400	6.6	719660
22728	-197294400	-1.1	719660
22728	-194616000	-21.5	719660
22728	-192024000	-17.6	719660
22728	-189345600	-29.4	719660
22728	-186667200	-20.5	719660
22728	-184161600	-20.2	719660
22728	-181483200	-4.5	719660
22728	-178891200	2	719660
22728	-176212800	13	719660
22728	-173620800	13.5	719660
22728	-170942400	11.7	719660
22728	-168264000	5.5	719660
22728	-165672000	-0.6	719660
22728	-162993600	-17	719660
22728	-160401600	-38.7	719660
22728	-157723200	-33.5	719660
22728	-155044800	-31.4	719660
22728	-152625600	-8	719660
22728	-149947200	-1.8	719660
22728	-147355200	5.3	719660
22728	-144676800	11.3	719660
22728	-142084800	14.8	719660
22728	-139406400	11.7	719660
22728	-136728000	6.6	719660
22728	-134136000	-7	719660
22728	-131457600	-22.7	719660
22728	-128865600	-25.1	719660
22728	-126187200	-44	719660
22728	-123508800	-21.9	719660
22728	-121089600	-17.2	719660
22728	-118411200	-3.5	719660
22728	-115819200	5.6	719660
22728	-113140800	13.3	719660
22728	-110548800	14.6	719660
22728	-107870400	10.9	719660
22728	-105192000	6.7	719660
22728	-102600000	-5.6	719660
22728	-99921600	-22	719660
22728	-97329600	-27.6	719660
22728	-94651200	-31.4	719660
22728	-91972800	-25	719660
22728	-89553600	-17.1	719660
22728	-86875200	-3	719660
22728	-84283200	5.5	719660
22728	-81604800	13.7	719660
22728	-79012800	14.2	719660
22728	-76334400	13.2	719660
22728	-73656000	6.3	719660
22728	-71064000	-2.5	719660
22728	-68385600	-15.1	719660
22728	-65793600	-24.1	719660
22728	-63115200	-30.8	719660
22728	-60436800	-23.7	719660
22728	-57931200	-9.9	719660
22728	-55252800	-2.2	719660
22728	-52660800	6.8	719660
22728	-49982400	13.1	719660
22728	-47390400	15.6	719660
22728	-44712000	12.5	719660
22728	-42033600	5.1	719660
22728	-39441600	-4.3	719660
22728	-36763200	-14.2	719660
22728	-34171200	-33.9	719660
22728	-31492800	-40.7	719660
22728	-28814400	-25.4	719660
22728	-26395200	-13.9	719660
22728	-23716800	1.2	719660
22728	-21124800	6.7	719660
22728	-18446400	15.8	719660
22728	-15854400	13.7	719660
22728	-13176000	8.1	719660
22728	-10497600	5.9	719660
22728	-7905600	-1.9	719660
22728	-5227200	-17	719660
22728	-2635200	-18	719660
22728	43200	-30.5	719660
22728	2721600	-19.5	719660
22728	5140800	-7.6	719660
22728	7819200	-1.9	719660
22728	10411200	6.5	719660
22728	13089600	12	719660
22728	15681600	14.5	719660
22728	18360000	11.5	719660
22728	21038400	3.1	719660
22728	23630400	-6.7	719660
22728	26308800	-16	719660
22728	28900800	-27.2	719660
22728	31579200	-43	719660
22728	34257600	-22.8	719660
22728	36676800	-19	719660
22728	39355200	-3.6	719660
22728	41947200	6.5	719660
22728	44625600	14	719660
22728	47217600	14.9	719660
22728	49896000	11.9	719660
22728	52574400	5	719660
22728	55166400	-5.5	719660
22728	57844800	-18.4	719660
22728	60436800	-29.8	719660
22728	63115200	-37.8	719660
22728	65793600	-32.6	719660
22728	68299200	-20.3	719660
22728	70977600	-8.4	719660
22728	73569600	5.6	719660
22728	76248000	13	719660
22728	78840000	14.9	719660
22728	81518400	13.2	719660
22728	84196800	3	719660
22728	86788800	-6.4	719660
22728	89467200	-15.5	719660
22728	92059200	-27.3	719660
22728	94737600	-35.4	719660
22728	97416000	-27.9	719660
22728	99835200	-12.7	719660
22728	102513600	-0.8	719660
22728	105105600	7.3	719660
22728	107784000	12.6	719660
22728	110376000	14.8	719660
22728	113054400	10.8	719660
22728	115732800	5.6	719660
22728	118324800	-4.4	719660
22728	121003200	-28.2	719660
22728	123595200	-25.1	719660
22728	126273600	-37.2	719660
22728	128952000	-29.3	719660
22728	131371200	-18.1	719660
22728	134049600	-2.1	719660
22728	136641600	5.9	719660
22728	139320000	11.7	719660
22728	141912000	14.6	719660
22728	144590400	11.5	719660
22728	147268800	6.6	719660
22728	149860800	-5.2	719660
22728	152539200	-15.7	719660
22728	155131200	-21.4	719660
22728	157809600	-31.3	719660
22728	160488000	-27.8	719660
22728	162907200	-13.7	719660
22728	165585600	-1.3	719660
22728	168177600	8.1	719660
22728	170856000	13.7	719660
22728	173448000	16.5	719660
22728	176126400	11.7	719660
22728	178804800	6.1	719660
22728	181396800	-4.1	719660
22728	184075200	-25.5	719660
22728	186667200	-32.1	719660
22728	189345600	-27.7	719660
22728	192024000	-27.4	719660
22728	194529600	-13.6	719660
22728	197208000	1	719660
22728	199800000	8.1	719660
22728	202478400	13.1	719660
22728	205070400	16.1	719660
22728	207748800	13.5	719660
22728	210427200	7.4	719660
22728	213019200	-4.9	719660
22728	215697600	-10	719660
22728	218289600	-24.2	719660
22728	220968000	-18.6	719660
22728	223646400	-14	719660
22728	226065600	-12.3	719660
22728	228744000	-0.6	719660
22728	231336000	8	719660
22728	234014400	13.1	719660
22728	236606400	14.3	719660
22728	239284800	14.7	719660
22728	241963200	6.1	719660
22728	244555200	-3.3	719660
22728	247233600	-23.5	719660
22728	249825600	-32.9	719660
22728	252504000	-25.3	719660
22728	255182400	-19.8	719660
22728	257601600	-11.3	719660
22728	260280000	-0.3	719660
22728	262872000	8.2	719660
22728	265550400	12.1	719660
22728	268142400	16	719660
22728	270820800	13.3	719660
22728	273499200	7.9	719660
22728	276091200	-5.4	719660
22728	278769600	-19.7	719660
22728	281361600	-21.5	719660
22728	284040000	-30.6	719660
22728	286718400	-40.3	719660
22728	289137600	-13.6	719660
22728	291816000	-2.3	719660
22728	294408000	8	719660
22728	297086400	12.7	719660
22728	299678400	15.7	719660
22728	302356800	13.8	719660
22728	305035200	7	719660
22729	1130846400	-14.7	719670
22729	1133438400	-11.5	719670
22729	1136116800	-23.5	719670
22729	1138795200	-13.9	719670
22729	1141214400	-15	719670
22729	1143892800	-2.3	719670
22729	1146484800	5.3	719670
22729	1149163200	10.8	719670
22729	1151755200	13.7	719670
22729	1154433600	10.5	719670
22729	1157112000	7.8	719670
22729	1159704000	-1.2	719670
22729	1162382400	-24.5	719670
22729	1164974400	-14.6	719670
22729	1167652800	-17.8	719670
22729	1170331200	-20.2	719670
22729	1172750400	-19.8	719670
22729	1175428800	-2	719670
22729	1178020800	5.8	719670
22729	1180699200	11.8	719670
22729	1183291200	13.6	719670
22729	1185969600	11.7	719670
22729	1188648000	5.9	719670
22729	1191240000	-3.5	719670
22729	1193918400	-7.7	719670
22729	1196510400	-22.2	719670
22729	1199188800	-24.6	719670
22729	1201867200	-18.4	719670
22729	1204372800	-8.4	719670
22729	1207051200	-0.6	719670
22729	1209643200	6.3	719670
22729	1212321600	10.3	719670
22729	1214913600	11.6	719670
22729	1217592000	10	719670
22729	1220270400	6.1	719670
22729	1222862400	-4	719670
22729	1225540800	-13	719670
22729	1228132800	-23.1	719670
22729	1230811200	-22.8	719670
22729	1233489600	-19.5	719670
22729	1235908800	-15.2	719670
22729	1238587200	-2.7	719670
22729	1241179200	5.6	719670
22729	1243857600	11.8	719670
22729	1246449600	14.6	719670
22729	1249128000	11.2	719670
22729	1251806400	6.6	719670
22730	-1086177600	9.5	719671
22730	-1083499200	6.2	719671
22730	-1080907200	-2.4	719671
22730	-1078228800	-10.1	719671
22730	-1075636800	-14	719671
22730	-1072958400	-21.5	719671
22730	-1070280000	-30	719671
22730	-1067774400	-7.9	719671
22730	-1065096000	0	719671
22730	-1062504000	6.1	719671
22730	-1059825600	13.6	719671
22730	-1057233600	13	719671
22730	-1054555200	12	719671
22730	-1051876800	5.4	719671
22730	-1049284800	4.1	719671
22730	-1046606400	0.4	719671
22730	-1044014400	-16.6	719671
22730	-1041336000	-13.5	719671
22730	-1038657600	-17	719671
22730	-1036238400	-7	719671
22730	-1033560000	-1.1	719671
22730	-1030968000	4.8	719671
22730	-1028289600	10.7	719671
22730	-1025697600	10.6	719671
22730	-1023019200	10.1	719671
22730	-1020340800	7.9	719671
22730	-1017748800	2.5	719671
22730	-1015070400	-9.9	719671
22730	-1012478400	-18	719671
22730	-1009800000	-18.4	719671
22730	-1007121600	-18.8	719671
22730	-1004702400	-8.8	719671
22730	-1002024000	-0.4	719671
22730	-999432000	5.2	719671
22730	-996753600	8.6	719671
22730	-994161600	11.1	719671
22730	-991483200	10.9	719671
22730	-988804800	9.3	719671
22730	-986212800	3.2	719671
22730	-983534400	-6.7	719671
22730	-980942400	-13.3	719671
22730	-978264000	-14.4	719671
22730	-975585600	-17.1	719671
22730	-973166400	-11.6	719671
22730	-970488000	-2.6	719671
22730	-967896000	5.2	719671
22730	-965217600	9.6	719671
22730	-962625600	11	719671
22730	-959947200	7	719671
22730	-957268800	5.3	719671
22730	-954676800	-1.2	719671
22730	-951998400	-6	719671
22730	-949406400	-5.7	719671
22730	-946728000	-14.5	719671
22730	-944049600	-16	719671
22730	-941544000	-7.3	719671
22730	-938865600	0.7	719671
22730	-936273600	6.5	719671
22730	-933595200	9.9	719671
22730	-931003200	14.6	719671
22730	-928324800	10.2	719671
22730	-925646400	8.8	719671
22730	-923054400	3.4	719671
22730	-920376000	-9.5	719671
22730	-917784000	-10.6	719671
24738	428587200	10.2	715050
24738	431265600	3.3	715050
24738	433857600	-1.9	715050
24738	436536000	-14.5	715050
24870	312897600	-23.4	719650
24870	315576000	-28.3	719650
24870	318254400	-11.8	719650
24870	320760000	-8.1	719650
24870	323438400	3.7	719650
24870	326030400	10.1	719650
24870	328708800	14.9	719650
24870	331300800	15.5	719650
24870	333979200	12.3	719650
24870	336657600	4.6	719650
24870	339249600	3	719650
24870	341928000	-8.6	719650
24870	344520000	-38.6	719650
24870	347198400	-7.1	719650
24870	349876800	-16.6	719650
24870	352296000	-3.5	719650
24870	354974400	-2	719650
24870	357566400	11.5	719650
24870	360244800	12.1	719650
24870	362836800	14.9	719650
24870	365515200	13	719650
24870	368193600	6.4	719650
24870	370785600	-0.8	719650
24870	373464000	-7.6	719650
24870	376056000	-20.6	719650
24870	378734400	-41.2	719650
24870	381412800	-24.7	719650
24870	383832000	-14.7	719650
24870	386510400	-1.5	719650
24870	389102400	6.5	719650
24870	391780800	14.1	719650
24870	394372800	16.7	719650
24870	397051200	12.8	719650
24870	399729600	7.7	719650
24870	402321600	-5.8	719650
24870	4.05e+08	-17.1	719650
24870	407592000	-18.4	719650
24870	410270400	-24.5	719650
24870	412948800	-15.3	719650
24870	415368000	-11.5	719650
24870	418046400	2.6	719650
24870	420638400	8.1	719650
24870	423316800	14.6	719650
24870	425908800	15.8	719650
24870	428587200	12.1	719650
24870	431265600	4.2	719650
24870	433857600	-2.9	719650
24870	436536000	-11.9	719650
24870	439128000	-35.9	719650
24870	441806400	-23.5	719650
24870	444484800	-13.6	719650
24870	446990400	-3.9	719650
24870	449668800	3.4	719650
24870	452260800	8.3	719650
24870	454939200	14.2	719650
24870	457531200	14.4	719650
24870	460209600	12.7	719650
24870	462888000	7	719650
24870	465480000	-4.1	719650
24870	468158400	-16.3	719650
24870	470750400	-27.3	719650
24870	473428800	-9	719650
24870	476107200	-24.3	719650
24870	478526400	-9.2	719650
24870	481204800	-1.4	719650
24870	483796800	7.2	719650
24870	486475200	12.4	719650
24870	489067200	15.6	719650
24870	491745600	11.2	719650
24870	494424000	6	719650
24870	497016000	-5	719650
24870	499694400	-25.9	719650
24870	502286400	-11.7	719650
24870	504964800	-13.3	719650
24870	507643200	-17.5	719650
24870	510062400	-9.9	719650
24870	512740800	-4.2	719650
24870	515332800	7.3	719650
24870	518011200	13.8	719650
24870	520603200	17	719650
24870	523281600	11.7	719650
24870	525960000	7.2	719650
24870	528552000	-0.9	719650
24870	531230400	-20.7	719650
24870	533822400	-16.2	719650
24870	536500800	-16	719650
24870	539179200	-13.1	719650
24870	541598400	-12.8	719650
24870	544276800	1.1	719650
24870	546868800	8.5	719650
24870	549547200	14.3	719650
24870	552139200	16.3	719650
24870	554817600	12.8	719650
24870	557496000	6.8	719650
24870	560088000	1.7	719650
24870	562766400	-8.1	719650
24870	565358400	-14.4	719650
24870	568036800	-24.7	719650
24870	570715200	-15.5	719650
24870	573220800	-5.2	719650
24870	575899200	3	719650
24870	578491200	9.9	719650
24870	581169600	14.4	719650
24870	583761600	15.8	719650
24870	586440000	13	719650
24870	589118400	6.2	719650
24870	591710400	-4.2	719650
24870	594388800	-15.5	719650
24870	596980800	-16.4	719650
24870	599659200	-29.8	719650
24870	602337600	-23	719650
24870	604756800	-16.5	719650
24871	310305600	-10.5	719660
24871	312897600	-26.9	719660
24871	315576000	-32.2	719660
24871	318254400	-17.5	719660
24871	320760000	-11.6	719660
24871	323438400	2.4	719660
24871	326030400	9.7	719660
24871	328708800	14.4	719660
24871	331300800	14.6	719660
24871	333979200	11.5	719660
24871	336657600	4.1	719660
24871	339249600	0.2	719660
24871	341928000	-11	719660
24871	344520000	-38.8	719660
24871	347198400	-11.5	719660
24871	349876800	-19.2	719660
24871	352296000	-7.1	719660
24871	354974400	-4	719660
24871	357566400	11	719660
24871	360244800	11.2	719660
24871	362836800	14	719660
24871	365515200	12	719660
24871	368193600	5.3	719660
24871	370785600	-2.4	719660
24871	373464000	-10.5	719660
24871	376056000	-21.7	719660
24871	378734400	-40.3	719660
24871	381412800	-26.7	719660
24871	383832000	-15.7	719660
24871	386510400	-2.4	719660
24871	389102400	6.3	719660
24871	391780800	13.5	719660
24871	394372800	15.7	719660
24871	397051200	11.8	719660
24871	399729600	7.1	719660
24871	402321600	-8.3	719660
24871	4.05e+08	-19.4	719660
24871	407592000	-20.6	719660
24871	410270400	-30.3	719660
24871	412948800	-20.4	719660
24871	415368000	-15.7	719660
24871	418046400	1.6	719660
24871	420638400	7.6	719660
24871	423316800	14.2	719660
24871	425908800	15.9	719660
24871	428587200	11.6	719660
24871	431265600	2.6	719660
24871	433857600	-5.9	719660
24871	436536000	-13.9	719660
24871	439128000	-33.8	719660
24871	441806400	-25.2	719660
24871	444484800	-21.9	719660
24871	446990400	-5.9	719660
24871	449668800	2.3	719660
24871	452260800	7.9	719660
24871	454939200	13.5	719660
24871	457531200	14	719660
24871	460209600	10.7	719660
24871	462888000	5.7	719660
24871	465480000	-5.4	719660
24871	468158400	-17.5	719660
24871	470750400	-28.3	719660
24871	473428800	-14	719660
24871	476107200	-27.8	719660
24871	478526400	-11.9	719660
24871	481204800	-5.1	719660
24871	483796800	6.3	719660
24871	486475200	11.7	719660
24871	489067200	14.5	719660
24871	491745600	10.8	719660
24871	494424000	4.7	719660
24871	497016000	-6.5	719660
24871	499694400	-25.4	719660
24871	502286400	-16.1	719660
24871	504964800	-18.1	719660
24871	507643200	-22.3	719660
24871	510062400	-14.3	719660
24871	512740800	-6.3	719660
24871	515332800	6.8	719660
24871	518011200	13.7	719660
24871	520603200	15.8	719660
24871	523281600	11	719660
24871	525960000	6.1	719660
24871	528552000	-3.8	719660
24871	531230400	-24.9	719660
24871	533822400	-19.7	719660
24871	536500800	-22.5	719660
24871	539179200	-18.8	719660
24871	541598400	-14.2	719660
24871	544276800	-0.5	719660
24871	546868800	7.9	719660
24871	549547200	13.2	719660
24871	552139200	15.7	719660
24871	554817600	11.8	719660
24871	557496000	5.8	719660
24871	560088000	-0.6	719660
24871	562766400	-12	719660
24871	565358400	-20.9	719660
24871	568036800	-28	719660
24871	570715200	-21.8	719660
24871	573220800	-8	719660
24871	575899200	0.6	719660
24871	578491200	9	719660
24871	581169600	14.4	719660
24871	583761600	15.7	719660
24871	586440000	12.3	719660
24871	589118400	5.7	719660
24871	591710400	-6.9	719660
24871	594388800	-18.4	719660
24871	596980800	-19.5	719660
24871	599659200	-32.1	719660
24871	602337600	-24.4	719660
24871	604756800	-18.9	719660
24871	607435200	1.8	719660
24871	610027200	9.3	719660
24871	612705600	14.3	719660
24871	615297600	16.7	719660
24871	617976000	14.8	719660
24871	620654400	6.4	719660
24871	623246400	-5.3	719660
24871	625924800	-21.9	719660
24871	628516800	-18.1	719660
24871	631195200	-30.1	719660
24871	633873600	-32.7	719660
24871	636292800	-9.4	719660
24871	638971200	2.1	719660
24871	641563200	9.8	719660
24871	644241600	14.3	719660
24871	646833600	16.4	719660
24871	649512000	13.2	719660
24871	652190400	6.6	719660
24871	654782400	-5.3	719660
24871	657460800	-27	719660
24871	660052800	-28.3	719660
24871	662731200	-26.8	719660
24871	665409600	-19.8	719660
24871	667828800	-12.1	719660
24871	670507200	2.2	719660
24871	673099200	9.5	719660
24871	675777600	14.2	719660
24871	678369600	14.6	719660
24871	681048000	10.7	719660
24871	683726400	7.5	719660
24871	686318400	-7.4	719660
24871	688996800	-18.7	719660
24871	691588800	-25.7	719660
24871	694267200	-19.7	719660
24871	696945600	-22	719660
24871	699451200	-8.1	719660
24871	702129600	-2	719660
24871	704721600	6.2	719660
24871	707400000	14.2	719660
24871	709992000	16.1	719660
24871	712670400	12.4	719660
24871	715348800	-1	719660
24871	717940800	-8.4	719660
24871	720619200	-13.8	719660
24871	723211200	-28.7	719660
24871	725889600	-28.5	719660
24871	728568000	-21	719660
24871	730987200	-9.5	719660
24871	733665600	3	719660
24871	736257600	9.4	719660
24871	738936000	14	719660
24871	741528000	16	719660
24871	744206400	12.8	719660
24871	746884800	5.8	719660
24871	749476800	-1.9	719660
24871	752155200	-16.9	719660
24871	754747200	-18.8	719660
24871	757425600	-29.4	719660
24871	760104000	-28.7	719660
24871	762523200	-9.5	719660
24871	765201600	1.9	719660
24871	767793600	8.7	719660
24871	770472000	13.3	719660
24871	773064000	16.7	719660
24871	775742400	15.4	719660
24871	778420800	5.4	719660
24871	781012800	-2.8	719660
24871	783691200	-19	719660
24871	786283200	-27	719660
24871	788961600	-24.5	719660
24871	791640000	-20.1	719660
24871	794059200	-15	719660
24871	796737600	4.4	719660
24871	799329600	9.9	719660
24871	802008000	15.6	719660
24871	804600000	15.7	719660
24871	807278400	11.9	719660
24871	809956800	9.8	719660
24871	812548800	-2.2	719660
24871	815227200	-25.2	719660
24871	817819200	-26.2	719660
24871	820497600	-35.8	719660
24871	823176000	-20.1	719660
24871	825681600	-12.9	719660
24871	828360000	0.2	719660
24871	830952000	7	719660
24871	833630400	12.7	719660
24871	836222400	16	719660
24871	838900800	11.3	719660
24871	841579200	4.7	719660
24871	844171200	-10.7	719660
24871	846849600	-23.7	719660
24871	849441600	-29.8	719660
24871	852120000	-32.2	719660
24871	854798400	-16.4	719660
24871	857217600	-17.8	719660
24871	859896000	-0.5	719660
24871	862488000	8.3	719660
24871	865166400	13.8	719660
24871	867758400	16.7	719660
24871	870436800	13.4	719660
24871	873115200	7.9	719660
24871	875707200	-8.6	719660
24871	878385600	-13	719660
24871	880977600	-18.7	719660
24871	883656000	-26.2	719660
24871	886334400	-18	719660
24871	888753600	-10.5	719660
24871	891432000	3	719660
24871	894024000	10.1	719660
24871	896702400	14.4	719660
24871	899294400	16.4	719660
24871	901972800	11.9	719660
24871	904651200	6.6	719660
24871	907243200	-4.9	719660
24871	909921600	-15.2	719660
24871	912513600	-24.8	719660
24871	915192000	-30.7	719660
24871	917870400	-24.9	719660
24871	920289600	-11.6	719660
24871	922968000	1.1	719660
24871	925560000	6.7	719660
24871	928238400	15.6	719660
24871	930830400	15.5	719660
24871	933508800	14.1	719660
24871	936187200	6.5	719660
24871	938779200	-4	719660
24871	941457600	-16.9	719660
24871	944049600	-21.7	719660
24871	946728000	-28.1	719660
24871	949406400	-13.4	719660
24871	951912000	-6.9	719660
24871	954590400	-2.1	719660
24871	957182400	6.9	719660
24871	959860800	14.7	719660
24871	962452800	15.7	719660
24871	965131200	10.4	719660
24871	967809600	4.7	719660
24871	970401600	-4.9	719660
24871	973080000	-12	719660
24871	975672000	-23.4	719660
24871	978350400	-16.4	719660
24871	981028800	-18.5	719660
24871	983448000	-10.7	719660
24871	986126400	0.6	719660
24871	988718400	6.3	719660
24871	991396800	14.6	719660
24871	993988800	15.3	719660
24871	996667200	14.1	719660
24871	999345600	7.5	719660
24871	1001937600	-4	719660
24871	1004616000	-16.5	719660
24871	1007208000	-24.3	719660
24871	1009886400	-22.3	719660
24871	1012564800	-20.7	719660
24871	1014984000	-16.3	719660
24871	1017662400	-5.6	719660
24871	1020254400	7.3	719660
24871	1022932800	13.4	719660
24871	1025524800	15.2	719660
24871	1028203200	11.1	719660
24871	1030881600	7	719660
24871	1033473600	0.4	719660
24871	1036152000	-7.9	719660
24871	1038744000	-13.8	719660
24871	1041422400	-22.8	719660
24871	1044100800	-16.2	719660
24871	1046520000	-13.1	719660
24871	1049198400	-0.3	719660
24871	1051790400	7	719660
24871	1054468800	13.1	719660
24871	1057060800	16.5	719660
24871	1059739200	12.2	719660
24871	1062417600	3.2	719660
24871	1065009600	-1.2	719660
24871	1067688000	-20	719660
24871	1070280000	-24.3	719660
24871	1072958400	-33.7	719660
24871	1075636800	-17.1	719660
24871	1078142400	-14.7	719660
24871	1080820800	1.1	719660
24871	1083412800	9.2	719660
24871	1086091200	17.5	719660
24871	1088683200	16.1	719660
24871	1091361600	13.2	719660
24871	1094040000	2.8	719660
24871	1096632000	-4.4	719660
24871	1099310400	-16.3	719660
24871	1101902400	-23.1	719660
24871	1104580800	-28.7	719660
24871	1107259200	-21.9	719660
24871	1109678400	-6.9	719660
24871	1112356800	1.7	719660
24871	1114948800	11.6	719660
24871	1117627200	14.4	719660
24871	1120219200	14.2	719660
24871	1122897600	12.6	719660
24871	1125576000	7.5	719660
24871	1128168000	-1.3	719660
24871	1130846400	-19.3	719660
24871	1133438400	-17.6	719660
24871	1136116800	-24.2	719660
24871	1138795200	-18.1	719660
24871	1141214400	-17.3	719660
24871	1143892800	-1.3	719660
24871	1146484800	8.1	719660
24871	1149163200	14.2	719660
24871	1151755200	15.9	719660
24871	1154433600	12.1	719660
24871	1157112000	7.5	719660
24871	1159704000	-3.6	719660
24871	1162382400	-29	719660
24871	1164974400	-20	719660
24871	1167652800	-23.1	719660
24871	1170331200	-28.7	719660
24871	1172750400	-20.8	719660
24871	1175428800	1.4	719660
24871	1178020800	9.2	719660
24871	1180699200	15.6	719660
24871	1183291200	17	719660
24871	1185969600	13.9	719660
24871	1188648000	5.9	719660
24871	1191240000	-5.2	719660
24871	1193918400	-12.1	719660
24871	1196510400	-23.1	719660
24871	1199188800	-26.9	719660
24871	1201867200	-24.9	719660
24871	1204372800	-12.4	719660
24871	1207051200	0.5	719660
24871	1209643200	8.9	719660
24871	1212321600	13.7	719660
24871	1214913600	13.9	719660
24871	1217592000	10.6	719660
24871	1220270400	6.1	719660
24872	1257076800	-14.4	719670
24872	1259668800	-16.8	719670
24873	-504878400	-18.3	719671
24873	-502200000	-15.6	719671
24873	-499780800	-7.7	719671
24873	-497102400	-5.6	719671
24873	-494510400	5.5	719671
26680	441806400	-15	715050
26680	444484800	-10.2	715050
26804	610027200	10.2	719650
26804	612705600	14.9	719650
26804	615297600	17.9	719650
26804	617976000	16.1	719650
26804	620654400	6.9	719650
26804	623246400	-2.4	719650
26804	625924800	-20.1	719650
26804	628516800	-13.8	719650
26804	631195200	-26.9	719650
26804	633873600	-28.9	719650
26804	636292800	-6.4	719650
26804	638971200	2.8	719650
26804	641563200	10.7	719650
26804	644241600	14.8	719650
26804	646833600	16.8	719650
26804	649512000	14.2	719650
26804	652190400	7.3	719650
26804	654782400	-3.4	719650
26804	657460800	-26.1	719650
26804	660052800	-27.1	719650
26804	662731200	-24.4	719650
26804	665409600	-13.8	719650
26804	667828800	-10.8	719650
26804	670507200	3.1	719650
26804	673099200	10.1	719650
26804	675777600	15.3	719650
26804	678369600	15.6	719650
26804	681048000	11.5	719650
26804	683726400	8	719650
26804	686318400	-5.8	719650
26804	688996800	-15.4	719650
26804	691588800	-19.9	719650
26804	694267200	-14.2	719650
26804	696945600	-17.5	719650
26804	699451200	-5.1	719650
26804	702129600	-0.5	719650
26804	704721600	6	719650
26804	707400000	13.5	719650
26804	709992000	16.2	719650
26804	712670400	12.4	719650
26804	715348800	0.4	719650
26804	717940800	-5.8	719650
26804	720619200	-8.6	719650
26804	723211200	-25.7	719650
26804	725889600	-25.1	719650
26804	728568000	-17.5	719650
26804	730987200	-6.5	719650
26804	733665600	4.3	719650
26804	736257600	10.2	719650
26804	738936000	14.7	719650
26804	741528000	16.9	719650
26804	744206400	13	719650
26804	746884800	6.3	719650
26804	749476800	0.4	719650
26804	752155200	-14	719650
26804	754747200	-15.9	719650
26804	757425600	-26.5	719650
26804	760104000	-27.4	719650
26804	762523200	-6.1	719650
26804	765201600	2.7	719650
26804	767793600	8.8	719650
26804	770472000	14.1	719650
26804	773064000	17.3	719650
26804	775742400	16.5	719650
26804	778420800	6	719650
26804	781012800	0.2	719650
26804	783691200	-18.2	719650
26804	786283200	-21.7	719650
26805	1228132800	-29.6	719660
26805	1230811200	-29.7	719660
26805	1233489600	-24.2	719660
26805	1235908800	-17.2	719660
26805	1238587200	-0.5	719660
26805	1241179200	8.8	719660
26805	1243857600	14	719660
26805	1246449600	16.1	719660
26805	1249128000	12.4	719660
26805	1251806400	7.5	719660
26805	1254398400	-2	719660
26805	1257076800	-17.3	719660
26805	1259668800	-19.3	719660
26805	1262347200	-23.3	719660
26805	1265025600	-17.4	719660
26805	1267444800	-8.9	719660
26805	1270123200	3	719660
26805	1272715200	9.6	719660
26805	1275393600	14.3	719660
26805	1277985600	15.8	719660
26805	1280664000	13.6	719660
26805	1283342400	5.9	719660
26805	1285934400	-3.1	719660
26805	1288612800	-12.4	719660
26805	1291204800	-27.3	719660
26805	1293883200	-27.8	719660
26805	1296561600	-23.9	719660
26805	1298980800	-17.2	719660
26805	1301659200	-0.7	719660
26805	1304251200	9.8	719660
26805	1306929600	14	719660
26805	1309521600	15.8	719660
26805	1312200000	11.9	719660
26805	1314878400	7.4	719660
26805	1317470400	-1.8	719660
26805	1320148800	-22.4	719660
26805	1322740800	-18.9	719660
26805	1325419200	-30.5	719660
26805	1328097600	-14.6	719660
26805	1330603200	-14	719660
26805	1333281600	2.1	719660
26805	1335873600	7.9	719660
26805	1338552000	15.4	719660
26805	1341144000	15.1	719660
26805	1343822400	12.6	719660
26805	1346500800	7.7	719660
26805	1349092800	-8.3	719660
26805	1351771200	-26.5	719660
26805	1354363200	-31.6	719660
26805	1357041600	-24.5	719660
26805	1359720000	-17.6	719660
26805	1362139200	-15.3	719660
26805	1364817600	-7.9	719660
26805	1367409600	6.7	719660
26805	1370088000	16.2	719660
26805	1372680000	16.5	719660
26805	1375358400	14.6	719660
26805	1378036800	6.6	719660
26805	1380628800	-0.8	719660
26805	1383307200	-20.2	719660
26805	1385899200	-28.4	719660
26805	1388577600	-16.6	719660
26805	1391256000	-26.3	719660
26805	1393675200	-14.5	719660
26805	1396353600	-0.4	719660
26805	1398945600	9.8	719660
26805	1401624000	13.1	719660
26805	1404216000	15.4	719660
26805	1406894400	13	719660
26805	1409572800	6.2	719660
26805	1412164800	-2.9	719660
26805	1414843200	-15.8	719660
26805	1417435200	-17.1	719660
26805	1420113600	-22.9	719660
26805	1422792000	-20.8	719660
26805	1425211200	-10.4	719660
26805	1427889600	2.4	719660
26805	1430481600	12.1	719660
26806	1265025600	-9.9	719670
26806	1267444800	-6.7	719670
26806	1270123200	0.3	719670
26806	1272715200	6.3	719670
26806	1275393600	10.8	719670
26806	1277985600	12.8	719670
26806	1280664000	12.4	719670
26806	1283342400	5.4	719670
26806	1285934400	-1.8	719670
26806	1288612800	-7.8	719670
26806	1291204800	-24.5	719670
26806	1293883200	-18.5	719670
26806	1296561600	-18.3	719670
26806	1298980800	-16.7	719670
26806	1301659200	-1.7	719670
26806	1304251200	6.2	719670
26806	1306929600	11.4	719670
26806	1309521600	12.6	719670
26806	1312200000	10	719670
26806	1314878400	5.9	719670
26806	1317470400	-2.2	719670
26806	1320148800	-19.1	719670
26807	-489240000	11.1	719671
26807	-486561600	12	719671
26807	-483883200	7.3	719671
26807	-481291200	2.7	719671
28466	468158400	-15	715050
28466	470750400	-21.2	715050
28466	473428800	-7.8	715050
30190	820497600	-36.5	719650
30190	823176000	-18	719650
30190	825681600	-12.3	719650
30190	828360000	1	719650
30190	830952000	6.9	719650
30190	833630400	12.7	719650
30190	836222400	15.9	719650
30190	838900800	11.5	719650
30190	841579200	6.2	719650
30190	844171200	-7.3	719650
30190	846849600	-22	719650
30190	849441600	-25.2	719650
30190	852120000	-27	719650
30190	854798400	-11.9	719650
30190	857217600	-13.9	719650
30190	859896000	1.3	719650
30190	862488000	8.2	719650
30190	865166400	13.8	719650
30190	867758400	17.2	719650
30190	870436800	13.9	719650
30190	873115200	9.2	719650
30190	875707200	-6	719650
30190	878385600	-9.1	719650
30190	880977600	-10.5	719650
30190	883656000	-25.8	719650
30190	886334400	-11.1	719650
30190	888753600	-7.7	719650
30190	891432000	3.5	719650
30190	894024000	11.1	719650
30190	896702400	15.4	719650
30190	899294400	17.3	719650
30190	901972800	12.6	719650
30190	904651200	7	719650
30190	907243200	-1.6	719650
30190	909921600	-14.3	719650
30190	912513600	-21.5	719650
30190	915192000	-26.4	719650
30190	917870400	-18.9	719650
30190	920289600	-6.9	719650
30190	922968000	1.9	719650
30190	925560000	8	719650
30190	928238400	16.3	719650
30190	930830400	15.3	719650
30190	933508800	15.1	719650
30190	936187200	7.1	719650
30190	938779200	-1.1	719650
30190	941457600	-13.1	719650
30190	944049600	-16	719650
30190	946728000	-24.6	719650
30190	949406400	-10.6	719650
30190	951912000	-4.2	719650
30190	954590400	-1.1	719650
30190	957182400	6.9	719650
30190	959860800	15.1	719650
30190	962452800	15.6	719650
30190	965131200	11.2	719650
30190	967809600	5.3	719650
30190	970401600	-2.9	719650
30190	973080000	-9.5	719650
30190	975672000	-20.4	719650
30190	978350400	-11.6	719650
30190	981028800	-18.3	719650
30190	983448000	-7.6	719650
30190	986126400	1.3	719650
30190	988718400	6.9	719650
30190	991396800	15	719650
30190	993988800	15.3	719650
30190	996667200	14.8	719650
30190	999345600	7.7	719650
30190	1001937600	-2.3	719650
30190	1004616000	-14.1	719650
30190	1007208000	-20.7	719650
30190	1009886400	-17.6	719650
30190	1012564800	-16.6	719650
30190	1014984000	-14.9	719650
30190	1017662400	-4.6	719650
30190	1020254400	7.6	719650
30190	1022932800	13.9	719650
30190	1025524800	15.7	719650
30190	1028203200	11.5	719650
30190	1030881600	7.4	719650
30190	1033473600	1.2	719650
30190	1036152000	-5.3	719650
30190	1038744000	-11	719650
30190	1041422400	-19.8	719650
30190	1044100800	-14.7	719650
30190	1046520000	-10.5	719650
30190	1049198400	0.9	719650
30190	1051790400	7.1	719650
30190	1054468800	13.5	719650
30190	1057060800	16.7	719650
30190	1059739200	12.9	719650
30190	1062417600	5.1	719650
30190	1065009600	1.7	719650
30190	1067688000	-18.4	719650
30190	1070280000	-17.9	719650
30190	1072958400	-29.1	719650
30190	1075636800	-12	719650
30190	1078142400	-11.5	719650
30190	1080820800	1.5	719650
30190	1083412800	9.4	719650
30190	1086091200	18.6	719650
30190	1088683200	16.3	719650
30190	1091361600	14.7	719650
30190	1094040000	4.4	719650
30190	1096632000	-3.3	719650
30190	1099310400	-13.5	719650
30190	1101902400	-19.7	719650
30190	1104580800	-25.6	719650
30190	1107259200	-17.5	719650
30190	1109678400	-3.9	719650
30190	1112356800	2.8	719650
30190	1114948800	12.2	719650
30190	1117627200	14.8	719650
30190	1120219200	14.3	719650
30190	1122897600	13.5	719650
30190	1125576000	7.9	719650
30190	1128168000	0.7	719650
30190	1130846400	-12.5	719650
30190	1133438400	-13.2	719650
30190	1136116800	-20.6	719650
30190	1138795200	-14.6	719650
30190	1141214400	-12.3	719650
30190	1143892800	0.5	719650
30190	1146484800	8.8	719650
30190	1149163200	14.2	719650
30190	1151755200	16.4	719650
30190	1154433600	12.3	719650
30190	1157112000	7.9	719650
30190	1159704000	-1.9	719650
30190	1162382400	-27.5	719650
30190	1164974400	-13.2	719650
30190	1167652800	-18.4	719650
30190	1170331200	-25.5	719650
30190	1172750400	-17.1	719650
30190	1175428800	2.2	719650
30190	1178020800	9.3	719650
30190	1180699200	15.9	719650
30190	1183291200	17.3	719650
30190	1185969600	14.2	719650
30190	1188648000	6.6	719650
30190	1191240000	-2.5	719650
30190	1193918400	-9.9	719650
30190	1196510400	-20.9	719650
30190	1199188800	-23.9	719650
30190	1201867200	-20.7	719650
30190	1204372800	-7.9	719650
30190	1207051200	1.1	719650
30190	1209643200	9.1	719650
30190	1212321600	14	719650
30190	1214913600	14.2	719650
30190	1217592000	11.6	719650
30190	1220270400	6.9	719650
30190	1222862400	-3.4	719650
30190	1225540800	-11.6	719650
30190	1228132800	-27.7	719650
30190	1230811200	-26.3	719650
30190	1233489600	-22	719650
30190	1235908800	-13.9	719650
30190	1238587200	0.7	719650
30190	1241179200	8.7	719650
30190	1243857600	14.7	719650
30190	1246449600	16.9	719650
30190	1249128000	13.2	719650
30190	1251806400	8.8	719650
30190	1254398400	-0.6	719650
30190	1257076800	-13.3	719650
30190	1259668800	-18.5	719650
30190	1262347200	-19	719650
30190	1265025600	-10.5	719650
30190	1267444800	-4.4	719650
30190	1270123200	3.5	719650
30190	1272715200	10.4	719650
30190	1275393600	14.4	719650
30190	1277985600	15.5	719650
30190	1280664000	14.7	719650
30190	1283342400	6.4	719650
30190	1285934400	-0.9	719650
30190	1288612800	-11.4	719650
30190	1291204800	-23.7	719650
30190	1293883200	-22.9	719650
30190	1296561600	-20.3	719650
30190	1298980800	-13.9	719650
30190	1301659200	0.4	719650
30190	1304251200	9.9	719650
30190	1306929600	14.2	719650
30190	1309521600	15.3	719650
30190	1312200000	12.6	719650
30190	1314878400	8.2	719650
30190	1317470400	-0.2	719650
30190	1320148800	-19.4	719650
30190	1322740800	-13.9	719650
30191	1330603200	-12.2	719670
30191	1333281600	0.5	719670
30191	1335873600	5.2	719670
30191	1338552000	10.7	719670
30191	1341144000	12.1	719670
30191	1343822400	10.5	719670
30191	1346500800	7.6	719670
30191	1349092800	-5.9	719670
31652	-457704000	14	719671
31652	-455025600	8.6	719671
31652	-452347200	4.2	719671
32895	725889600	-19.2	715050
32895	728568000	-12.7	715050
32895	730987200	-8.3	715050
32895	733665600	3.1	715050
32895	736257600	7.9	715050
32895	738936000	11.9	715050
32895	741528000	13.6	715050
32895	744206400	11.7	715050
32895	746884800	8	715050
32895	749476800	2.4	715050
32895	752155200	-8.8	715050
32895	754747200	-11.9	715050
32895	757425600	-18	715050
35250	775742400	14.4	715050
35250	778420800	6.6	715050
35250	781012800	1.2	715050
35250	783691200	-14	715050
35250	786283200	-19.3	715050
35250	788961600	-19.2	715050
35250	791640000	-12.7	715050
35250	794059200	-9.5	715050
35250	796737600	3	715050
35250	799329600	8.4	715050
35250	802008000	11.8	715050
35250	804600000	13.1	715050
35250	807278400	11.3	715050
35250	809956800	10	715050
35250	812548800	0.4	715050
35250	815227200	-14.1	715050
35250	817819200	-18.7	715050
35327	-199886400	8.9	719671
35327	-197294400	3	719671
35327	-194616000	-15.8	719671
36280	823176000	-11.2	715050
36280	825681600	-7.3	715050
36280	828360000	0.4	715050
36280	830952000	6.7	715050
36280	833630400	10.9	715050
36280	836222400	12.4	715050
36280	838900800	10.4	715050
36280	841579200	6.2	715050
36280	844171200	-3.6	715050
36280	846849600	-15.5	715050
36280	849441600	-20.3	715050
36280	852120000	-21.1	715050
36280	854798400	-5	715050
36280	857217600	-7.6	715050
36280	859896000	3	715050
36280	862488000	8.2	715050
36280	865166400	13.2	715050
36280	867758400	14.1	715050
36280	870436800	12.8	715050
36280	873115200	8	715050
36280	875707200	-3.6	715050
36280	878385600	-7.6	715050
36280	880977600	-10.6	715050
36280	883656000	-21.5	715050
36280	886334400	-10.1	715050
36280	888753600	-6.6	715050
36280	891432000	2.7	715050
36280	894024000	7.4	715050
36280	896702400	11.8	715050
36280	899294400	12.7	715050
36280	901972800	10.4	715050
36280	904651200	7.2	715050
36280	907243200	0.9	715050
36280	909921600	-11.4	715050
36280	912513600	-18	715050
36280	915192000	-22.3	715050
36280	917870400	-19	715050
36280	920289600	-6.5	715050
36280	922968000	1.1	715050
36280	925560000	5.8	715050
36280	928238400	12.2	715050
36280	930830400	14	715050
36280	933508800	12	715050
36280	936187200	7	715050
36280	938779200	1.7	715050
36280	941457600	-12.8	715050
36280	944049600	-11.4	715050
36280	946728000	-16.6	715050
36280	949406400	-8.1	715050
36280	951912000	-3.5	715050
36280	954590400	1.6	715050
36280	957182400	6.5	715050
36280	959860800	11.8	715050
36280	962452800	12.8	715050
36280	965131200	11.1	715050
36280	967809600	6.6	715050
36280	970401600	1.3	715050
36280	973080000	-6.7	715050
36280	975672000	-16.6	715050
36280	978350400	-7.4	715050
36280	981028800	-12.3	715050
36351	97416000	-17	719671
36351	99835200	-5.7	719671
36351	102513600	0.3	719671
37314	107784000	8.8	719671
37314	110376000	11.4	719671
37314	113054400	9.5	719671
37314	115732800	6.2	719671
37314	118324800	0.1	719671
38137	1046520000	-8.9	715050
38137	1049198400	-0.5	715050
38137	1051790400	5.2	715050
38137	1054468800	10.7	715050
38137	1057060800	13.5	715050
38137	1059739200	10.7	715050
38137	1062417600	4.9	715050
38137	1065009600	0.9	715050
38137	1067688000	-13.9	715050
38137	1070280000	-17.4	715050
38137	1072958400	-24.3	715050
38137	1075636800	-8.1	715050
38196	126273600	-28.1	719671
38196	128952000	-13.1	719671
38196	131371200	-11.7	719671
38196	134049600	0	719671
38196	136641600	5.4	719671
38196	139320000	8.8	719671
38196	141912000	11.2	719671
38196	144590400	11.1	719671
38196	147268800	7.9	719671
38196	149860800	2.2	719671
38196	152539200	-4.2	719671
38196	155131200	-7.9	719671
38196	157809600	-19.5	719671
38196	160488000	-17.3	719671
38196	162907200	-11.1	719671
38196	165585600	0	719671
38196	168177600	5.9	719671
38196	170856000	8.6	719671
38196	173448000	12.3	719671
38196	176126400	10.6	719671
38196	178804800	8.2	719671
38196	181396800	-0.7	719671
38196	184075200	-13.7	719671
38196	186667200	-21.4	719671
38196	189345600	-15.4	719671
38196	192024000	-18.5	719671
38196	194529600	-6.9	719671
38196	197208000	1.1	719671
38196	199800000	4.6	719671
38196	202478400	10.7	719671
38196	205070400	12	719671
38196	207748800	11.7	719671
38196	210427200	7.2	719671
38196	213019200	2	719671
38196	215697600	0.2	719671
38196	218289600	-10.9	719671
38196	220968000	-7.4	719671
38196	223646400	-3.3	719671
38196	226065600	-6	719671
38196	228744000	1.6	719671
38196	231336000	5.5	719671
38196	234014400	11	719671
38196	236606400	12.8	719671
38196	239284800	14.5	719671
38196	241963200	7.3	719671
38196	244555200	2.3	719671
38196	247233600	-13.5	719671
38196	249825600	-26.3	719671
38948	1080820800	1	715050
38948	1083412800	8.1	715050
38948	1086091200	14.2	715050
38948	1088683200	14.7	715050
38948	1091361600	13.5	715050
38948	1094040000	5.3	715050
38948	1096632000	-0.3	715050
38948	1099310400	-9	715050
38948	1101902400	-14.6	715050
38948	1104580800	-19.2	715050
38948	1107259200	-12.8	715050
38948	1109678400	-1.9	715050
38948	1112356800	2.2	715050
39748	260280000	0.3	719671
39748	262872000	5.2	719671
39748	265550400	10.6	719671
39748	268142400	12.6	719671
39748	270820800	11.8	719671
39748	273499200	7	719671
39748	276091200	4.1	719671
39748	278769600	-8.4	719671
39748	281361600	-11.7	719671
39748	284040000	-21.9	719671
39748	286718400	-25.9	719671
39748	289137600	-3.8	719671
39748	291816000	0.9	719671
39748	294408000	5.7	719671
39748	297086400	10	719671
40406	1122897600	12.7	715050
40406	1125576000	7.2	715050
40406	1128168000	-1.3	715050
40406	1130846400	-9.4	715050
40406	1133438400	-10.2	715050
40406	1136116800	-20.6	715050
40406	1138795200	-12.9	715050
40406	1141214400	-11.2	715050
40406	1143892800	-0.1	715050
40406	1146484800	6.1	715050
40406	1149163200	10.2	715050
40406	1151755200	12.7	715050
40406	1154433600	9.8	715050
40406	1157112000	6.8	715050
40406	1159704000	0.1	715050
40406	1162382400	-22.6	715050
40406	1164974400	-11.9	715050
40406	1167652800	-16.4	715050
40406	1170331200	-18.2	715050
40406	1172750400	-14.7	715050
40406	1175428800	-1	715050
40406	1178020800	5.5	715050
40406	1180699200	12.1	715050
40406	1183291200	13.1	715050
40406	1185969600	11.6	715050
40406	1188648000	6.6	715050
40406	1191240000	-0.5	715050
40406	1193918400	-9.8	715050
40406	1196510400	-20.5	715050
40406	1199188800	-20.9	715050
40406	1201867200	-16.1	715050
40406	1204372800	-6.4	715050
40406	1207051200	-0.1	715050
40406	1209643200	6.4	715050
40406	1212321600	9.3	715050
40406	1214913600	10.7	715050
40406	1217592000	10.2	715050
40406	1220270400	5.8	715050
40406	1222862400	-2.2	715050
40406	1225540800	-12.4	715050
40406	1228132800	-22.5	715050
40406	1230811200	-19.6	715050
40406	1233489600	-18.1	715050
40406	1235908800	-11.6	715050
40406	1238587200	-0.6	715050
40406	1241179200	6	715050
40406	1243857600	10.7	715050
40406	1246449600	14.9	715050
40406	1249128000	11	715050
40406	1251806400	6.1	715050
40406	1254398400	-0.1	715050
40406	1257076800	-12.1	715050
40406	1259668800	-16.7	715050
40406	1262347200	-17.7	715050
40406	1265025600	-8.9	715050
40406	1267444800	-4.4	715050
40406	1270123200	0.7	715050
40406	1272715200	7.3	715050
40406	1275393600	10.1	715050
40406	1277985600	12.2	715050
40406	1280664000	12	715050
40406	1283342400	6.5	715050
40406	1285934400	-0.9	715050
40406	1288612800	-8.5	715050
40406	1291204800	-21.8	715050
40406	1293883200	-15.4	715050
40406	1296561600	-15.7	715050
40406	1298980800	-12.4	715050
40406	1301659200	0.2	715050
40406	1304251200	6.3	715050
40406	1306929600	10.8	715050
40406	1309521600	12.6	715050
40406	1312200000	9.2	715050
40406	1314878400	5.7	715050
40406	1317470400	-0.6	715050
40406	1320148800	-16.4	715050
40406	1322740800	-8.6	715050
40406	1325419200	-20.4	715050
40406	1328097600	-8.2	715050
40406	1330603200	-8.5	715050
40406	1333281600	1.4	715050
40406	1335873600	5.3	715050
40406	1338552000	10.3	715050
40406	1341144000	11	715050
40406	1343822400	10.8	715050
40406	1346500800	7	715050
40406	1349092800	-3.6	715050
40406	1351771200	-17.4	715050
40406	1354363200	-23	715050
