group	x	y	clickSelects
2666	-1438516800	12.2	712910
2666	-1435924800	15.5	712910
2666	-1433246400	15.8	712910
2666	-1430568000	11.4	712910
2666	-1427976000	8.6	712910
2666	-1425297600	-2.6	712910
2666	-1422705600	-15	712910
2666	-1420027200	-15.5	712910
2666	-1417348800	-14.5	712910
2666	-1414929600	-8.1	712910
2666	-1412251200	4.1	712910
2666	-1409659200	6.3	712910
2666	-1406980800	14.4	712910
2666	-1404388800	16.9	712910
2666	-1401710400	17.4	712910
2666	-1399032000	12.2	712910
2666	-1396440000	1.9	712910
2666	-1393761600	-2.9	712910
2666	-1391169600	-10.8	712910
2666	-1388491200	-15.1	712910
2666	-1385812800	-13.9	712910
2666	-1383393600	-10.8	712910
2666	-1380715200	-2.2	712910
2666	-1378123200	8.6	712910
2666	-1375444800	11.7	712910
2666	-1372852800	17.2	712910
2666	-1370174400	16.4	712910
2666	-1367496000	10.4	712910
2666	-1364904000	4.4	712910
2666	-1362225600	-5.6	712910
2666	-1359633600	-12.1	712910
2666	-1356955200	-15.8	712910
2666	-1354276800	-11.8	712910
2666	-1351857600	-3.4	712910
2666	-1349179200	2.1	712910
2666	-1346587200	7.7	712910
2666	-1343908800	13	712910
2666	-1341316800	16.4	712910
2666	-1338638400	15.2	712910
2666	-1335960000	13.7	712910
2666	-1333368000	5.9	712910
2666	-1330689600	-5.2	712910
2666	-1328097600	-16.9	712910
2666	-1325419200	-17.2	712910
2666	-1322740800	-14.8	712910
2666	-1320235200	-9.2	712910
2666	-1317556800	-1.7	712910
2666	-1314964800	8.4	712910
2666	-1312286400	11.5	712910
2666	-1309694400	15.8	712910
2666	-1307016000	15.8	712910
2666	-1304337600	9	712910
2666	-1301745600	3.9	712910
2666	-1299067200	-1.6	712910
2666	-1296475200	-5	712910
2666	-1293796800	-21.2	712910
2666	-1291118400	-18.4	712910
2666	-1288699200	-6.5	712910
2666	-1286020800	2.1	712910
2666	-1283428800	5.5	712910
2666	-1280750400	11.3	712910
2666	-1278158400	16	712910
2666	-1275480000	14.8	712910
2666	-1272801600	10.4	712910
2666	-1270209600	5.6	712910
2666	-1267531200	-5.4	712910
2666	-1264939200	-13.2	712910
2666	-1262260800	-19	712910
2666	-1259582400	-10.7	712910
2666	-1257163200	-6.7	712910
2666	-1254484800	1.3	712910
2666	-1251892800	9.4	712910
2666	-1249214400	15.3	712910
2666	-1246622400	16.5	712910
2666	-1243944000	17.1	712910
2666	-1241265600	11	712910
2666	-1238673600	4.8	712910
2666	-1235995200	-0.6	712910
2666	-1233403200	-9.1	712910
2666	-1230724800	-13.4	712910
2666	-1228046400	-11.7	712910
2666	-1225627200	-6.6	712910
2666	-1222948800	2	712910
2666	-1220356800	6.9	712910
2666	-1217678400	14.7	712910
2666	-1215086400	17.6	712910
2666	-1212408000	16.1	712910
2666	-1209729600	14.3	712910
2666	-1207137600	9.1	712910
2666	-1204459200	1.5	712910
2666	-1201867200	-6.1	712910
2666	-1199188800	-9.6	712910
2666	-1196510400	-12.3	712910
2666	-1194004800	-11.2	712910
2666	-1191326400	0.1	712910
2666	-1188734400	8.9	712910
2666	-1186056000	15.5	712910
2666	-1183464000	16.5	712910
2666	-1180785600	16.5	712910
2666	-1178107200	12.3	712910
2666	-1175515200	3.4	712910
2666	-1172836800	-5.1	712910
2666	-1170244800	-13.3	712910
2666	-1167566400	-14.5	712910
2666	-1164888000	-15.8	712910
2666	-1162468800	-8.2	712910
2666	-1159790400	0.7	712910
2666	-1157198400	9.6	712910
2709	-589204800	6.1	714330
2709	-586526400	7.6	714330
2709	-583934400	11.1	714330
2709	-581256000	12.8	714330
2709	-578577600	10.5	714330
2709	-575985600	6.1	714330
2709	-573307200	-0.4	714330
2830	-2919067200	17.7	717490
2830	-2916388800	18.1	717490
2830	-2913710400	12.5	717490
2830	-2911118400	5.6	717490
2830	-2908440000	-0.6	717490
2830	-2905848000	-1.7	717490
2830	-2903169600	-10.7	717490
2830	-2900491200	-5.4	717490
2830	-2898072000	1.2	717490
2830	-2895393600	5	717490
2830	-2892801600	7.6	717490
2830	-2890123200	13.5	717490
2830	-2887531200	19	717490
2830	-2884852800	18.7	717490
2830	-2882174400	11.2	717490
2830	-2879582400	3.7	717490
2830	-2876904000	-0.3	717490
2830	-2874312000	-11.1	717490
2830	-2871633600	-13.9	717490
2830	-2868955200	-17.6	717490
2830	-2866536000	-7.7	717490
2830	-2863857600	1.4	717490
2830	-2861265600	7.5	717490
2830	-2858587200	12.4	717490
2830	-2855995200	17.5	717490
2830	-2853316800	16	717490
2830	-2850638400	10.2	717490
2830	-2848046400	8.3	717490
2830	-2845368000	-5.7	717490
2830	-2842776000	-20	717490
2830	-2840097600	-11.3	717490
2830	-2837419200	-15.8	717490
2830	-2834913600	-11.5	717490
2830	-2832235200	-0.8	717490
2830	-2829643200	7.9	717490
2830	-2826964800	13.5	717490
2830	-2824372800	15.5	717490
2830	-2821694400	15.2	717490
2830	-2819016000	10.7	717490
2830	-2816424000	3.2	717490
2830	-2813745600	-10.3	717490
2830	-2811153600	-16.3	717490
2830	-2808475200	-20.4	717490
2830	-2805796800	-14	717490
2830	-2803377600	-5	717490
2830	-2800699200	0.1	717490
2830	-2798107200	9	717490
2830	-2795428800	11.9	717490
2830	-2792836800	18.4	717490
2830	-2790158400	17	717490
2830	-2787480000	10.8	717490
2830	-2784888000	3.6	717490
2830	-2782209600	-6.6	717490
2830	-2779617600	-8	717490
2830	-2776939200	-15.2	717490
2830	-2774260800	-10.4	717490
2830	-2771841600	-7.7	717490
2830	-2769163200	0.2	717490
2830	-2766571200	6.1	717490
2830	-2763892800	12	717490
2830	-2761300800	15.1	717490
2830	-2758622400	16.6	717490
2830	-2755944000	12.1	717490
2830	-2753352000	6.4	717490
2830	-2750673600	-3.6	717490
2830	-2748081600	-11.7	717490
2830	-2745403200	-21	717490
2830	-2742724800	-16.7	717490
2830	-2740305600	-12.2	717490
2830	-2737627200	0.1	717490
2830	-2735035200	4.8	717490
2830	-2732356800	12.3	717490
2830	-2729764800	14.7	717490
2830	-2727086400	13.9	717490
2830	-2724408000	9.6	717490
2830	-2721816000	3.1	717490
2830	-2719137600	-5.8	717490
2830	-2716545600	-15.8	717490
2830	-2713867200	-19.9	717490
2830	-2711188800	-19	717490
2830	-2708683200	-10	717490
2830	-2706004800	0.4	717490
2830	-2703412800	8.1	717490
2830	-2700734400	13	717490
2830	-2698142400	15.2	717490
2830	-2695464000	14.9	717490
2830	-2692785600	11.5	717490
2830	-2690193600	5.1	717490
2830	-2687515200	-6.2	717490
2830	-2684923200	-15	717490
2830	-2682244800	-21.7	717490
2830	-2679566400	-19.8	717490
2830	-2677147200	-15	717490
2830	-2674468800	-0.1	717490
2830	-2671876800	6.8	717490
2830	-2669198400	12.3	717490
2830	-2666606400	16.6	717490
2830	-2663928000	13.5	717490
2830	-2661249600	10.2	717490
2830	-2658657600	2.7	717490
2830	-2655979200	-2.5	717490
2830	-2653387200	-9.6	717490
2830	-2650708800	-19.3	717490
2830	-2648030400	-15.8	717490
2830	-2645611200	-8	717490
2830	-2642932800	2.3	717490
2830	-2640340800	8.6	717490
2830	-2637662400	13	717490
2830	-2635070400	17.2	717490
2830	-2632392000	15.6	717490
2830	-2629713600	9.8	717490
2830	-2627121600	5.6	717490
2830	-2624443200	-5.9	717490
2830	-2621851200	-16.5	717490
2830	-2619172800	-21.9	717490
2830	-2616494400	-17	717490
2830	-2614075200	-10.7	717490
2830	-2611396800	-0.7	717490
2830	-2608804800	10	717490
2830	-2606126400	13.8	717490
2830	-2603534400	17.9	717490
2830	-2600856000	14.3	717490
2830	-2598177600	10.5	717490
2830	-2595585600	1.6	717490
2830	-2592907200	-5.6	717490
2830	-2590315200	-11.9	717490
2830	-2587636800	-21.4	717490
2830	-2584958400	-16.2	717490
2830	-2582452800	-13.2	717490
2830	-2579774400	-1	717490
2830	-2577182400	4.3	717490
2830	-2574504000	11.5	717490
2830	-2571912000	16.7	717490
2830	-2569233600	14.8	717490
2830	-2566555200	9.6	717490
2830	-2563963200	3.6	717490
2830	-2561284800	-2.2	717490
2830	-2558692800	-7.9	717490
2830	-2556014400	-11	717490
2830	-2553336000	-17.5	717490
2830	-2550916800	-2.7	717490
2830	-2548238400	2.2	717490
2830	-2545646400	7.8	717490
2830	-2542968000	12.6	717490
2830	-2540376000	16.3	717490
2830	-2537697600	15.4	717490
2830	-2535019200	11.4	717490
2830	-2532427200	2.7	717490
2830	-2529748800	-3.5	717490
2830	-2527156800	-7	717490
2830	-2524478400	-15.3	717490
2830	-2521800000	-13	717490
2830	-2519380800	-10.1	717490
2830	-2516702400	1.1	717490
2830	-2514110400	4.1	717490
2830	-2511432000	15.2	717490
2830	-2508840000	17.2	717490
2830	-2506161600	14.4	717490
2830	-2503483200	10	717490
2830	-2500891200	5.3	717490
2830	-2498212800	-2	717490
2830	-2495620800	-9.4	717490
2830	-2492942400	-11.4	717490
2830	-2490264000	-15.8	717490
2830	-2487844800	-9.7	717490
2830	-2485166400	2.3	717490
2830	-2482574400	7.5	717490
2830	-2479896000	13.2	717490
2830	-2477304000	14.1	717490
2830	-2474625600	14.3	717490
2830	-2471947200	13.8	717490
2830	-2469355200	6	717490
2830	-2466676800	-5	717490
2830	-2464084800	-4.2	717490
2830	-2461406400	-17.4	717490
2830	-2458728000	-12	717490
2830	-2456222400	-7.7	717490
2830	-2453544000	-0.6	717490
2830	-2450952000	7.1	717490
2830	-2448273600	12.9	717490
2830	-2445681600	17.3	717490
2830	-2443003200	16.1	717490
2830	-2440324800	11.6	717490
2830	-2437732800	6.1	717490
2830	-2435054400	-5	717490
2830	-2432462400	-13.3	717490
2830	-2429784000	-19.8	717490
2830	-2427105600	-17.6	717490
2830	-2424686400	-9	717490
2830	-2422008000	-2.5	717490
2830	-2419416000	6.9	717490
2830	-2416737600	14.2	717490
2830	-2414145600	17.8	717490
2830	-2411467200	15.4	717490
2830	-2408788800	9.9	717490
2830	-2406196800	5	717490
2830	-2403518400	-3.6	717490
2830	-2400926400	-16.9	717490
2830	-2398248000	-15.9	717490
2830	-2395569600	-14.4	717490
2830	-2393150400	-4.9	717490
2830	-2390472000	2.4	717490
2830	-2387880000	8	717490
2830	-2385201600	15.9	717490
2830	-2382609600	17.6	717490
2830	-2379931200	15	717490
2830	-2377252800	12.7	717490
2830	-2374660800	6.3	717490
2830	-2371982400	-5	717490
2830	-2369390400	-7.5	717490
2830	-2366712000	-16.4	717490
2830	-2364033600	-13.8	717490
2830	-2361614400	-9.5	717490
2830	-2358936000	3.5	717490
2830	-2356344000	8.9	717490
2830	-2353665600	14.1	717490
2830	-2351073600	15.2	717490
2830	-2348395200	15.5	717490
2830	-2345716800	12	717490
2830	-2343124800	2.7	717490
2830	-2340446400	-4.9	717490
2830	-2337854400	-9.4	717490
2830	-2335176000	-13.6	717490
2830	-2332497600	-11.9	717490
2830	-2329992000	-9.7	717490
2830	-2327313600	1.7	717490
2830	-2324721600	10.5	717490
2830	-2322043200	15.1	717490
2830	-2319451200	17.4	717490
2830	-2316772800	15.5	717490
2830	-2314094400	10.3	717490
2830	-2311502400	3.3	717490
2830	-2308824000	-7.4	717490
2830	-2306232000	-9.7	717490
2830	-2303553600	-15	717490
2830	-2300875200	-11.4	717490
2830	-2298456000	-7.6	717490
2830	-2295777600	2	717490
2830	-2293185600	7.8	717490
2830	-2290507200	11.8	717490
2830	-2287915200	17.9	717490
2830	-2285236800	15.2	717490
2830	-2282558400	13.7	717490
2830	-2279966400	6.5	717490
2830	-2277288000	-5.5	717490
2830	-2274696000	-12.4	717490
2830	-2272017600	-13	717490
2830	-2269339200	-12.8	717490
2830	-2266920000	-4.7	717490
2830	-2264241600	1.8	717490
2830	-2261649600	8.4	717490
2830	-2258971200	12.1	717490
2830	-2256379200	15.7	717490
2830	-2253700800	15.1	717490
2830	-2251022400	13	717490
2830	-2248430400	5.2	717490
2830	-2245752000	-2.5	717490
2830	-2243160000	-11.8	717490
2830	-2240481600	-17	717490
2830	-2237803200	-18.2	717490
2830	-2235384000	-13.3	717490
2830	-2232705600	2.2	717490
2830	-2230113600	7.9	717490
2830	-2227435200	12.9	717490
2830	-2224843200	16.4	717490
2830	-2222164800	15.8	717490
2830	-2219486400	9.1	717490
2830	-2216894400	6.5	717490
2830	-2214216000	2.5	717490
2830	-2211624000	-10.7	717490
2830	-2208945600	-10.4	717490
2830	-2206267200	-18.3	717490
2830	-2203848000	-9.4	717490
2830	-2201169600	4.5	717490
2830	-2198577600	10	717490
2830	-2195899200	14.1	717490
2830	-2193307200	16.5	717490
2830	-2190628800	17.5	717490
2830	-2187950400	12.4	717490
2830	-2185358400	9.2	717490
2830	-2182680000	-4.2	717490
2830	-2180088000	-9	717490
2830	-2177409600	-14.6	717490
2830	-2174731200	-15.8	717490
2830	-2172312000	-8.5	717490
2830	-2169633600	3.3	717490
2830	-2167041600	9.4	717490
2830	-2164363200	13.5	717490
2830	-2161771200	17.8	717490
2830	-2159092800	16.6	717490
2830	-2156414400	11.1	717490
2830	-2153822400	5.3	717490
2830	-2151144000	-4.5	717490
2830	-2148552000	-11.9	717490
2830	-2145873600	-12.7	717490
2830	-2143195200	-10.2	717490
2830	-2140776000	-2.9	717490
2830	-2138097600	1.8	717490
2830	-2135505600	7.7	717490
2830	-2132827200	11	717490
2830	-2130235200	17.3	717490
2830	-2127556800	14.7	717490
2830	-2124878400	9.8	717490
2830	-2122286400	4.5	717490
2830	-2119608000	-1.1	717490
2830	-2117016000	-12.3	717490
2830	-2114337600	-14.5	717490
2830	-2111659200	-14.5	717490
2830	-2109240000	-4.9	717490
2830	-2106561600	1.6	717490
2830	-2103969600	7.6	717490
2830	-2101291200	13.5	717490
2830	-2098699200	16.5	717490
2830	-2096020800	13.7	717490
2830	-2093342400	9.8	717490
2830	-2090750400	6.2	717490
2830	-2088072000	-3.8	717490
2830	-2085480000	-14.7	717490
2830	-2082801600	-16.5	717490
2830	-2080123200	-18.8	717490
2830	-2077617600	-8.2	717490
2830	-2074939200	0.5	717490
2830	-2072347200	8.3	717490
2830	-2069668800	12.7	717490
2830	-2067076800	15.5	717490
2830	-2064398400	14.4	717490
2830	-2061720000	9.8	717490
2830	-2059128000	4.7	717490
2830	-2056449600	-0.8	717490
2830	-2053857600	-13.1	717490
2830	-2051179200	-16.5	717490
2830	-2048500800	-14.2	717490
2830	-2046081600	-6.3	717490
2830	-2043403200	1.5	717490
2830	-2040811200	7.5	717490
2830	-2038132800	12.1	717490
2830	-2035540800	16.2	717490
2830	-2032862400	16.2	717490
2830	-2030184000	12.3	717490
2830	-2027592000	4.3	717490
2830	-2024913600	-3.2	717490
2830	-2022321600	-7.9	717490
2830	-2019643200	-9.4	717490
2830	-2016964800	-13.2	717490
2830	-2014545600	-8.8	717490
2830	-2011867200	4.5	717490
2830	-2009275200	6.2	717490
2830	-2006596800	13.7	717490
2830	-2004004800	16.6	717490
2830	-2001326400	16.5	717490
2830	-1998648000	14	717490
2830	-1996056000	4.3	717490
2830	-1993377600	-0.4	717490
2830	-1990785600	-11.3	717490
2830	-1988107200	-17.6	717490
2830	-1985428800	-14.9	717490
2830	-1983009600	-6.3	717490
2830	-1980331200	-2.6	717490
2830	-1977739200	2.9	717490
2830	-1975060800	13.5	717490
2830	-1972468800	17.1	717490
2830	-1969790400	14.6	717490
2830	-1967112000	10.5	717490
2830	-1964520000	3.8	717490
2830	-1961841600	-2.1	717490
2830	-1959249600	-8.8	717490
2830	-1956571200	-11.6	717490
2830	-1953892800	-11.7	717490
2830	-1951387200	-7.3	717490
2830	-1948708800	0.9	717490
2830	-1946116800	8.1	717490
2830	-1943438400	12.7	717490
2830	-1940846400	16.1	717490
2830	-1938168000	14.9	717490
2830	-1935489600	13.8	717490
2830	-1932897600	5.7	717490
2830	-1930219200	-1.5	717490
2830	-1927627200	-10.8	717490
2830	-1924948800	-16.2	717490
2830	-1922270400	-13.9	717490
2830	-1919851200	-5.6	717490
2830	-1917172800	-1.5	717490
2830	-1914580800	6.2	717490
2830	-1911902400	13.9	717490
2830	-1909310400	17	717490
2830	-1906632000	16.8	717490
2830	-1903953600	10.3	717490
2830	-1901361600	3.9	717490
2830	-1898683200	-0.1	717490
2830	-1896091200	-10.1	717490
2830	-1893412800	-12.7	717490
2830	-1890734400	-15.2	717490
2830	-1888315200	0	717490
2830	-1885636800	3.3	717490
2830	-1883044800	5.9	717490
2830	-1880366400	16	717490
2830	-1877774400	17.1	717490
2830	-1875096000	14.7	717490
2830	-1872417600	10.6	717490
2830	-1869825600	5.2	717490
2830	-1867147200	-3.9	717490
2830	-1864555200	-11.5	717490
2830	-1861876800	-17.2	717490
2830	-1859198400	-9.7	717490
2830	-1856779200	-4.2	717490
2830	-1854100800	0.7	717490
2830	-1851508800	8.8	717490
2830	-1848830400	13.4	717490
2830	-1846238400	16.3	717490
2830	-1843560000	14.6	717490
2830	-1840881600	8.9	717490
2830	-1838289600	3.9	717490
2830	-1835611200	-6	717490
2830	-1833019200	-7.6	717490
2830	-1830340800	-23.9	717490
2830	-1827662400	-14.4	717490
2830	-1825156800	-10.4	717490
2830	-1822478400	0.4	717490
2830	-1819886400	6	717490
2830	-1817208000	12.5	717490
2830	-1814616000	14.9	717490
2830	-1811937600	13.2	717490
2830	-1809259200	11.4	717490
2830	-1806667200	5.3	717490
2830	-1803988800	-1.8	717490
2830	-1801396800	-10.2	717490
2830	-1798718400	-16.7	717490
2830	-1796040000	-17.7	717490
2830	-1793620800	-11.4	717490
2830	-1790942400	2	717490
2830	-1788350400	5.8	717490
2830	-1785672000	14.6	717490
2830	-1783080000	15.1	717490
2830	-1780401600	15.3	717490
2830	-1777723200	10.2	717490
2830	-1775131200	3	717490
2830	-1772452800	-0.3	717490
2830	-1769860800	-4.6	717490
2830	-1767182400	-12	717490
2830	-1764504000	-19	717490
2830	-1762084800	-7.1	717490
2830	-1759406400	-0.8	717490
2830	-1756814400	10.1	717490
2830	-1754136000	13.2	717490
2830	-1751544000	17	717490
2830	-1748865600	14.5	717490
2830	-1746187200	11.6	717490
2830	-1743595200	6.9	717490
2830	-1740916800	-2.5	717490
2830	-1738324800	-12.3	717490
2830	-1735646400	-13.9	717490
2830	-1732968000	-7.7	717490
2830	-1730548800	-4.8	717490
2830	-1727870400	5	717490
2830	-1725278400	7	717490
2830	-1722600000	10.8	717490
2830	-1720008000	15.2	717490
2830	-1717329600	15.3	717490
2830	-1714651200	10.7	717490
2830	-1712059200	5	717490
2830	-1709380800	-0.9	717490
2830	-1706788800	-7.5	717490
2830	-1704110400	-15.5	717490
2830	-1701432000	-16.3	717490
2830	-1698926400	-9.1	717490
2830	-1696248000	2.4	717490
2830	-1693656000	6.8	717490
2830	-1690977600	11.2	717490
2830	-1688385600	19.6	717490
2830	-1685707200	16.7	717490
2830	-1683028800	10	717490
2830	-1680436800	4.4	717490
2830	-1677758400	-3.2	717490
2830	-1675166400	-14.7	717490
2830	-1672488000	-18.2	717490
2830	-1669809600	-18.6	717490
2830	-1667390400	-6.5	717490
2830	-1664712000	-0.1	717490
2830	-1662120000	7	717490
2830	-1659441600	10.3	717490
2830	-1656849600	16.8	717490
2830	-1654171200	13.7	717490
2830	-1651492800	10.3	717490
2830	-1648900800	0.9	717490
2830	-1646222400	-0.6	717490
2830	-1643630400	-16.6	717490
2830	-1640952000	-18.1	717490
2830	-1638273600	-15.1	717490
2830	-1635854400	-4	717490
2830	-1633176000	0.5	717490
2830	-1630584000	6	717490
2830	-1627905600	11.6	717490
2830	-1625313600	15.6	717490
2830	-1622635200	16.1	717490
2830	-1619956800	7.6	717490
2830	-1617364800	5.4	717490
2830	-1614686400	-0.1	717490
2830	-1612094400	-7.8	717490
2830	-1609416000	-9.9	717490
2830	-1606737600	-9.8	717490
2830	-1604318400	-6.5	717490
2830	-1601640000	1.6	717490
2830	-1599048000	8.6	717490
2830	-1596369600	16	717490
2830	-1593777600	18.3	717490
2830	-1591099200	16.7	717490
2830	-1588420800	10.8	717490
2830	-1585828800	2.7	717490
2830	-1583150400	-5.7	717490
2830	-1580558400	-16.5	717490
2830	-1577880000	-19.1	717490
2830	-1575201600	-11.7	717490
2830	-1572696000	-6.4	717490
2830	-1570017600	-0.8	717490
2830	-1567425600	7.9	717490
2830	-1564747200	13.8	717490
2830	-1562155200	15.8	717490
2830	-1559476800	15.9	717490
2830	-1556798400	13.7	717490
2830	-1554206400	9	717490
2830	-1551528000	-3.4	717490
2830	-1548936000	-7.4	717490
2830	-1546257600	-10.7	717490
2830	-1543579200	-9.5	717490
2830	-1541160000	-6.3	717490
2830	-1538481600	3.2	717490
2830	-1535889600	9.3	717490
2830	-1533211200	15.9	717490
2830	-1530619200	20.8	717490
2830	-1527940800	15.9	717490
2830	-1525262400	13.4	717490
2830	-1522670400	5.7	717490
2830	-1519992000	-6.6	717490
2830	-1517400000	-10.5	717490
2830	-1514721600	-15.4	717490
2830	-1512043200	-14.2	717490
2830	-1509624000	-4.7	717490
2830	-1506945600	1.6	717490
2830	-1504353600	11	717490
2830	-1501675200	13.9	717490
2830	-1499083200	15.8	717490
2830	-1496404800	16.9	717490
2830	-1493726400	12.4	717490
2830	-1491134400	4	717490
2830	-1488456000	-0.2	717490
2830	-1485864000	-13.4	717490
2830	-1483185600	-14.9	717490
2830	-1480507200	-17.2	717490
2830	-1478088000	-12.8	717490
2830	-1475409600	-0.4	717490
2830	-1472817600	7.2	717490
2830	-1470139200	15.9	717490
2830	-1467547200	17.3	717490
2830	-1464868800	13.7	717490
2830	-1462190400	10.8	717490
2830	-1459598400	4.9	717490
2830	-1456920000	0.2	717490
2830	-1454328000	-6.5	717490
2830	-1451649600	-20.9	717490
2830	-1448971200	-11.9	717490
2830	-1446465600	-5.1	717490
2830	-1443787200	0.9	717490
2830	-1441195200	6.2	717490
2830	-1438516800	12.3	717490
2830	-1435924800	15.4	717490
2830	-1433246400	15	717490
2830	-1430568000	10.1	717490
2830	-1427976000	7.7	717490
2830	-1425297600	-3.7	717490
2830	-1422705600	-17.3	717490
2830	-1420027200	-15.1	717490
2830	-1417348800	-13.3	717490
2830	-1414929600	-7.1	717490
2830	-1412251200	3.3	717490
2830	-1409659200	6.4	717490
2830	-1406980800	13.7	717490
2830	-1404388800	16.5	717490
2830	-1401710400	17.1	717490
2830	-1399032000	12	717490
2830	-1396440000	1.2	717490
2830	-1393761600	-3.9	717490
2830	-1391169600	-12.4	717490
2830	-1388491200	-13.6	717490
2830	-1385812800	-11.9	717490
2830	-1383393600	-9.7	717490
2830	-1380715200	-1.3	717490
2830	-1378123200	7.4	717490
2830	-1375444800	12.4	717490
2830	-1372852800	15.8	717490
2830	-1370174400	15.9	717490
2830	-1367496000	9	717490
2830	-1364904000	2.8	717490
2830	-1362225600	-6.9	717490
2830	-1359633600	-13.3	717490
2830	-1356955200	-15.7	717490
2830	-1354276800	-11.3	717490
2830	-1351857600	-3.4	717490
2830	-1349179200	1.1	717490
2830	-1346587200	5.8	717490
2830	-1343908800	11.9	717490
2830	-1341316800	16.3	717490
2830	-1338638400	14.8	717490
2830	-1335960000	14.2	717490
2830	-1333368000	6.3	717490
2830	-1330689600	-5.1	717490
2830	-1328097600	-14.6	717490
2830	-1325419200	-12.8	717490
2830	-1322740800	-12	717490
2830	-1320235200	-6.3	717490
2830	-1317556800	-1.1	717490
2830	-1314964800	9.3	717490
2830	-1312286400	11.7	717490
2830	-1309694400	16.5	717490
2830	-1307016000	16.1	717490
2830	-1304337600	9.6	717490
2830	-1301745600	5.5	717490
2830	-1299067200	-0.7	717490
2830	-1296475200	-7.1	717490
2830	-1293796800	-20	717490
2830	-1291118400	-16	717490
2830	-1288699200	-4.6	717490
2830	-1286020800	1.9	717490
2830	-1283428800	6.2	717490
2830	-1280750400	12.1	717490
2830	-1278158400	16.7	717490
2830	-1275480000	15.2	717490
2830	-1272801600	10.4	717490
2830	-1270209600	5.8	717490
2830	-1267531200	-5	717490
2830	-1264939200	-12	717490
2830	-1262260800	-18.3	717490
2830	-1259582400	-10	717490
2830	-1257163200	-6.4	717490
2830	-1254484800	1.9	717490
2830	-1251892800	8.6	717490
2830	-1249214400	15.6	717490
2830	-1246622400	17.3	717490
2830	-1243944000	17.9	717490
2830	-1241265600	10.9	717490
2830	-1238673600	4.5	717490
2830	-1235995200	-1.5	717490
2830	-1233403200	-8.8	717490
2830	-1230724800	-10.8	717490
2830	-1228046400	-7.1	717490
2830	-1225627200	-4.8	717490
2830	-1222948800	2.5	717490
2830	-1220356800	7.9	717490
2830	-1217678400	13.9	717490
2830	-1215086400	18.6	717490
2830	-1212408000	17	717490
2830	-1209729600	14	717490
2830	-1207137600	9.1	717490
2830	-1204459200	1.8	717490
2830	-1201867200	-4.7	717490
2830	-1199188800	-8.5	717490
2830	-1196510400	-11.6	717490
2830	-1194004800	-9.2	717490
2830	-1191326400	1.6	717490
2830	-1188734400	9.3	717490
2830	-1186056000	14.9	717490
2830	-1183464000	16.9	717490
2830	-1180785600	17.6	717490
2830	-1178107200	12.1	717490
2830	-1175515200	4.1	717490
2830	-1172836800	-4.7	717490
2830	-1170244800	-11.9	717490
2830	-1167566400	-11.9	717490
2830	-1164888000	-14.6	717490
2830	-1162468800	-6.8	717490
2830	-1159790400	0.7	717490
2830	-1157198400	8.7	717490
2830	-1154520000	16	717490
2830	-1151928000	17.1	717490
2830	-1149249600	16.4	717490
2830	-1146571200	13.9	717490
2830	-1143979200	3.4	717490
2830	-1141300800	-7.1	717490
2830	-1138708800	-16.4	717490
2830	-1136030400	-11.1	717490
2830	-1133352000	-16.7	717490
2830	-1130932800	-9.1	717490
2830	-1128254400	0.3	717490
2830	-1125662400	9.3	717490
2830	-1122984000	13.3	717490
2830	-1120392000	16.9	717490
2830	-1117713600	14.4	717490
2830	-1115035200	9.6	717490
2830	-1112443200	6.5	717490
2830	-1109764800	-0.8	717490
2830	-1107172800	-11.8	717490
2830	-1104494400	-18	717490
2830	-1101816000	-10.1	717490
2830	-1099396800	-5.6	717490
2830	-1096718400	0.5	717490
2830	-1094126400	7.6	717490
2830	-1091448000	12.6	717490
2830	-1088856000	18.8	717490
2830	-1086177600	16.8	717490
2830	-1083499200	10.5	717490
2830	-1080907200	5.6	717490
2830	-1078228800	-5.7	717490
2830	-1075636800	-8.9	717490
2830	-1072958400	-17.1	717490
2830	-1070280000	-19.4	717490
2830	-1067774400	-6.1	717490
2830	-1065096000	-1.6	717490
2830	-1062504000	8.3	717490
2830	-1059825600	12.9	717490
2830	-1057233600	18.1	717490
2830	-1054555200	15.4	717490
2830	-1051876800	11.6	717490
2830	-1049284800	2	717490
2830	-1046606400	-7.4	717490
2830	-1044014400	-9.5	717490
2830	-1041336000	-17.5	717490
2830	-1038657600	-11.5	717490
2830	-1036238400	-8.2	717490
2830	-1033560000	1.9	717490
2830	-1030968000	8.5	717490
2830	-1028289600	13.7	717490
2830	-1025697600	16.9	717490
2830	-1023019200	16.8	717490
2830	-1020340800	11	717490
2830	-1017748800	3.7	717490
2830	-1015070400	-3.1	717490
2830	-1012478400	-13	717490
2830	-1009800000	-15.3	717490
2830	-1007121600	-11.3	717490
2830	-1004702400	-3.6	717490
2830	-1002024000	1.7	717490
2830	-999432000	8.5	717490
2830	-996753600	13.7	717490
2830	-994161600	15.9	717490
2830	-991483200	17.1	717490
2830	-988804800	11.5	717490
2830	-986212800	7.1	717490
2830	-983534400	-3.9	717490
2830	-980942400	-8.2	717490
2830	-978264000	-11.8	717490
2830	-975585600	-17.3	717490
2830	-973166400	-9.6	717490
2830	-970488000	-0.1	717490
2830	-967896000	8.4	717490
2830	-965217600	13.7	717490
2830	-962625600	16.3	717490
2830	-959947200	16.7	717490
2830	-957268800	10.9	717490
2830	-954676800	4.1	717490
2830	-951998400	-0.4	717490
2830	-949406400	-5.3	717490
2830	-946728000	-13.1	717490
2830	-944049600	-9.2	717490
2830	-941544000	-9.1	717490
2830	-938865600	1.1	717490
2830	-936273600	7.1	717490
2830	-933595200	12.9	717490
2830	-931003200	16.9	717490
2830	-928324800	16	717490
2830	-925646400	12.5	717490
2830	-923054400	5.8	717490
2830	-920376000	-5.3	717490
2830	-917784000	-9.8	717490
2830	-915105600	-13.3	717490
2830	-912427200	-12.4	717490
2830	-910008000	-7.1	717490
2830	-907329600	4.3	717490
2830	-904737600	10.5	717490
2830	-902059200	15.2	717490
2830	-899467200	19	717490
2830	-896788800	16.4	717490
2830	-894110400	12.3	717490
2830	-891518400	6.1	717490
2830	-888840000	-1.9	717490
2830	-886248000	-6.8	717490
2830	-883569600	-10.9	717490
2831	-2919067200	17.7	717491
2831	-2916388800	18.2	717491
2831	-2913710400	12.8	717491
2831	-2911118400	5.9	717491
2831	-2908440000	-0.4	717491
2831	-2905848000	-1.4	717491
2831	-2903169600	-10	717491
2831	-2900491200	-4.8	717491
2831	-2898072000	1.6	717491
2831	-2895393600	5.2	717491
2831	-2892801600	7.9	717491
2831	-2890123200	13.9	717491
2831	-2887531200	19.1	717491
2831	-2884852800	18.7	717491
2831	-2882174400	11.6	717491
2831	-2879582400	3.9	717491
2831	-2876904000	0	717491
2831	-2874312000	-10.3	717491
2831	-2871633600	-12.8	717491
2831	-2868955200	-16.3	717491
2831	-2866536000	-7	717491
2831	-2863857600	1.8	717491
2831	-2861265600	7.8	717491
2831	-2858587200	12.7	717491
2831	-2855995200	17.5	717491
2831	-2853316800	16.2	717491
2831	-2850638400	10.6	717491
2831	-2848046400	8.7	717491
2831	-2845368000	-5.3	717491
2831	-2842776000	-18.8	717491
2831	-2840097600	-10.4	717491
2831	-2837419200	-14.6	717491
2831	-2834913600	-10.6	717491
2831	-2832235200	-0.5	717491
2831	-2829643200	8.3	717491
2831	-2826964800	13.7	717491
2831	-2824372800	15.8	717491
2831	-2821694400	15.4	717491
2831	-2819016000	10.9	717491
2831	-2816424000	3.4	717491
2831	-2813745600	-9.5	717491
2831	-2811153600	-15.2	717491
2831	-2808475200	-19	717491
2831	-2805796800	-13	717491
2831	-2803377600	-4.5	717491
2831	-2800699200	0.6	717491
2831	-2798107200	9.4	717491
2831	-2795428800	12.4	717491
2831	-2792836800	18.5	717491
2831	-2790158400	17	717491
2831	-2787480000	11.2	717491
2831	-2784888000	4	717491
2831	-2782209600	-6.1	717491
2831	-2779617600	-7.3	717491
2831	-2776939200	-14.1	717491
2831	-2774260800	-9.6	717491
2831	-2771841600	-7	717491
2831	-2769163200	0.6	717491
2831	-2766571200	6.4	717491
2831	-2763892800	12.4	717491
2831	-2761300800	15.3	717491
2831	-2758622400	16.8	717491
2831	-2755944000	12.3	717491
2831	-2753352000	6.8	717491
2831	-2750673600	-3	717491
2831	-2748081600	-10.9	717491
2831	-2745403200	-19.6	717491
2831	-2742724800	-15.5	717491
2831	-2740305600	-11.3	717491
2831	-2737627200	0.6	717491
2831	-2735035200	5.3	717491
2831	-2732356800	12.8	717491
2831	-2729764800	15.1	717491
2831	-2727086400	14.3	717491
2831	-2724408000	10	717491
2831	-2721816000	3.5	717491
2831	-2719137600	-5.1	717491
2831	-2716545600	-14.7	717491
2831	-2713867200	-18.6	717491
2831	-2711188800	-17.8	717491
2831	-2708683200	-9.2	717491
2831	-2706004800	0.9	717491
2831	-2703412800	8.2	717491
2831	-2700734400	13.4	717491
2831	-2698142400	15.5	717491
2831	-2695464000	15.2	717491
2831	-2692785600	11.8	717491
2831	-2690193600	5.5	717491
2831	-2687515200	-5.6	717491
2831	-2684923200	-14	717491
2831	-2682244800	-20.3	717491
2831	-2679566400	-18.5	717491
2831	-2677147200	-13.9	717491
2831	-2674468800	0.2	717491
2831	-2671876800	7.1	717491
2831	-2669198400	12.7	717491
2831	-2666606400	16.7	717491
2831	-2663928000	13.9	717491
2831	-2661249600	10.7	717491
2831	-2658657600	3.1	717491
2831	-2655979200	-2.1	717491
2831	-2653387200	-8.9	717491
2831	-2650708800	-18.1	717491
2831	-2648030400	-14.7	717491
2831	-2645611200	-7.4	717491
2831	-2642932800	2.5	717491
2831	-2640340800	8.9	717491
2831	-2637662400	13.3	717491
2831	-2635070400	17.2	717491
2831	-2632392000	15.8	717491
2831	-2629713600	10.1	717491
2831	-2627121600	6.1	717491
2831	-2624443200	-5.4	717491
2831	-2621851200	-15.3	717491
2831	-2619172800	-20.5	717491
2831	-2616494400	-15.7	717491
2831	-2614075200	-9.9	717491
2831	-2611396800	-0.3	717491
2831	-2608804800	10.5	717491
2831	-2606126400	14.1	717491
2831	-2603534400	17.9	717491
2831	-2600856000	14.6	717491
2831	-2598177600	11	717491
2831	-2595585600	2	717491
2831	-2592907200	-5.1	717491
2831	-2590315200	-11	717491
2831	-2587636800	-20.1	717491
2831	-2584958400	-15.1	717491
2831	-2582452800	-12.2	717491
2831	-2579774400	-0.6	717491
2831	-2577182400	4.6	717491
2831	-2574504000	11.9	717491
2831	-2571912000	16.8	717491
2831	-2569233600	15.1	717491
2831	-2566555200	10	717491
2831	-2563963200	3.8	717491
2831	-2561284800	-1.9	717491
2831	-2558692800	-7.3	717491
2831	-2556014400	-10.1	717491
2831	-2553336000	-16.3	717491
2831	-2550916800	-2.2	717491
2831	-2548238400	2.5	717491
2831	-2545646400	8.1	717491
2831	-2542968000	13.2	717491
2831	-2540376000	16.4	717491
2831	-2537697600	15.6	717491
2831	-2535019200	11.7	717491
2831	-2532427200	2.9	717491
2831	-2529748800	-3	717491
2831	-2527156800	-6.5	717491
2831	-2524478400	-14.2	717491
2831	-2521800000	-12	717491
2831	-2519380800	-9.3	717491
2831	-2516702400	1.4	717491
2831	-2514110400	4.4	717491
2831	-2511432000	15.4	717491
2831	-2508840000	17.3	717491
2831	-2506161600	14.7	717491
2831	-2503483200	10.2	717491
2831	-2500891200	5.7	717491
2831	-2498212800	-1.5	717491
2831	-2495620800	-8.7	717491
2831	-2492942400	-10.6	717491
2831	-2490264000	-14.6	717491
2831	-2487844800	-9	717491
2831	-2485166400	2.4	717491
2831	-2482574400	7.9	717491
2831	-2479896000	13.4	717491
2831	-2477304000	14.4	717491
2831	-2474625600	14.5	717491
2831	-2471947200	14.1	717491
2831	-2469355200	6.1	717491
2831	-2466676800	-4.5	717491
2831	-2464084800	-3.7	717491
2831	-2461406400	-16.2	717491
2831	-2458728000	-11.1	717491
2831	-2456222400	-7	717491
2831	-2453544000	-0.3	717491
2831	-2450952000	7.4	717491
2831	-2448273600	13.3	717491
2831	-2445681600	17.4	717491
2831	-2443003200	16.3	717491
2831	-2440324800	12.1	717491
2831	-2437732800	6.4	717491
2831	-2435054400	-4.6	717491
2831	-2432462400	-12.5	717491
2831	-2429784000	-18.5	717491
2831	-2427105600	-16.4	717491
2831	-2424686400	-8.2	717491
2831	-2422008000	-2.1	717491
2831	-2419416000	6.9	717491
2831	-2416737600	14.5	717491
2831	-2414145600	17.9	717491
2831	-2411467200	15.6	717491
2831	-2408788800	10.1	717491
2831	-2406196800	5.3	717491
2831	-2403518400	-3.3	717491
2831	-2400926400	-15.8	717491
2831	-2398248000	-14.7	717491
2831	-2395569600	-13.3	717491
2831	-2393150400	-4.3	717491
2831	-2390472000	2.6	717491
2831	-2387880000	8.3	717491
2831	-2385201600	16.1	717491
2831	-2382609600	17.7	717491
2831	-2379931200	15.2	717491
2831	-2377252800	13	717491
2831	-2374660800	6.7	717491
2831	-2371982400	-4.6	717491
2831	-2369390400	-6.9	717491
2831	-2366712000	-15.3	717491
2831	-2364033600	-13	717491
2831	-2361614400	-8.8	717491
2831	-2358936000	3.8	717491
2831	-2356344000	9.4	717491
2831	-2353665600	14.3	717491
2831	-2351073600	15.5	717491
2831	-2348395200	15.7	717491
2831	-2345716800	12.4	717491
2831	-2343124800	3	717491
2831	-2340446400	-4.3	717491
2831	-2337854400	-8.7	717491
2831	-2335176000	-12.7	717491
2831	-2332497600	-10.9	717491
2831	-2329992000	-9	717491
2831	-2327313600	2	717491
2831	-2324721600	10.9	717491
2831	-2322043200	15.5	717491
2831	-2319451200	17.5	717491
2831	-2316772800	15.7	717491
2831	-2314094400	10.6	717491
2831	-2311502400	3.6	717491
2831	-2308824000	-6.9	717491
2831	-2306232000	-8.9	717491
2831	-2303553600	-14	717491
2831	-2300875200	-10.5	717491
2831	-2298456000	-7	717491
2831	-2295777600	2.3	717491
2831	-2293185600	8.1	717491
2831	-2290507200	12.1	717491
2831	-2287915200	17.8	717491
2831	-2285236800	15.4	717491
2831	-2282558400	13.9	717491
2831	-2279966400	6.9	717491
2831	-2277288000	-5	717491
2831	-2274696000	-11.5	717491
2831	-2272017600	-12	717491
2831	-2269339200	-11.9	717491
2831	-2266920000	-4.3	717491
2831	-2264241600	1.9	717491
2831	-2261649600	8.9	717491
2831	-2258971200	12.5	717491
2831	-2256379200	15.8	717491
2831	-2253700800	15.4	717491
2831	-2251022400	13.3	717491
2831	-2248430400	5.5	717491
2831	-2245752000	-2.1	717491
2831	-2243160000	-11	717491
2831	-2240481600	-16	717491
2831	-2237803200	-17.1	717491
2831	-2235384000	-12.3	717491
2831	-2232705600	2.4	717491
2831	-2230113600	8.1	717491
2831	-2227435200	13.3	717491
2831	-2224843200	16.6	717491
2831	-2222164800	16	717491
2831	-2219486400	9.4	717491
2831	-2216894400	6.9	717491
2831	-2214216000	2.6	717491
2831	-2211624000	-9.8	717491
2831	-2208945600	-9.6	717491
2831	-2206267200	-17	717491
2831	-2203848000	-8.6	717491
2831	-2201169600	4.8	717491
2831	-2198577600	10.5	717491
2831	-2195899200	14.4	717491
2831	-2193307200	16.6	717491
2831	-2190628800	17.5	717491
2831	-2187950400	12.6	717491
2831	-2185358400	9.6	717491
2831	-2182680000	-3.9	717491
2831	-2180088000	-8.3	717491
2831	-2177409600	-13.5	717491
2831	-2174731200	-14.7	717491
2831	-2172312000	-7.9	717491
2831	-2169633600	3.5	717491
2831	-2167041600	9.6	717491
2831	-2164363200	13.8	717491
2831	-2161771200	17.9	717491
2831	-2159092800	16.7	717491
2831	-2156414400	11.5	717491
2831	-2153822400	5.7	717491
2831	-2151144000	-4.1	717491
2831	-2148552000	-11.1	717491
2831	-2145873600	-11.8	717491
2831	-2143195200	-9.5	717491
2831	-2140776000	-2.5	717491
2831	-2138097600	2.1	717491
2831	-2135505600	8.2	717491
2831	-2132827200	11.5	717491
2831	-2130235200	17.3	717491
2831	-2127556800	15	717491
2831	-2124878400	10.1	717491
2831	-2122286400	4.8	717491
2831	-2119608000	-0.8	717491
2831	-2117016000	-11.3	717491
2831	-2114337600	-13.4	717491
2831	-2111659200	-13.5	717491
2831	-2109240000	-4.5	717491
2831	-2106561600	1.8	717491
2831	-2103969600	8	717491
2831	-2101291200	13.9	717491
2831	-2098699200	16.6	717491
2831	-2096020800	14.1	717491
2831	-2093342400	10	717491
2831	-2090750400	6.3	717491
2831	-2088072000	-3.4	717491
2831	-2085480000	-13.6	717491
2831	-2082801600	-15.3	717491
2831	-2080123200	-17.6	717491
2831	-2077617600	-7.5	717491
2831	-2074939200	0.8	717491
2831	-2072347200	8.6	717491
2831	-2069668800	13.1	717491
2831	-2067076800	15.8	717491
2831	-2064398400	14.7	717491
2831	-2061720000	10.1	717491
2831	-2059128000	5	717491
2831	-2056449600	-0.6	717491
2831	-2053857600	-12.2	717491
2831	-2051179200	-15.3	717491
2831	-2048500800	-13.2	717491
2831	-2046081600	-5.8	717491
2831	-2043403200	1.9	717491
2831	-2040811200	7.7	717491
2831	-2038132800	12.6	717491
2831	-2035540800	16.3	717491
2831	-2032862400	16.3	717491
2831	-2030184000	12.6	717491
2831	-2027592000	4.6	717491
2831	-2024913600	-2.9	717491
2831	-2022321600	-7.3	717491
2831	-2019643200	-8.7	717491
2831	-2016964800	-12.2	717491
2831	-2014545600	-8	717491
2831	-2011867200	4.7	717491
2831	-2009275200	6.5	717491
2831	-2006596800	14	717491
2831	-2004004800	16.7	717491
2831	-2001326400	16.7	717491
2831	-1998648000	14.2	717491
2831	-1996056000	4.7	717491
2831	-1993377600	0	717491
2831	-1990785600	-10.5	717491
2831	-1988107200	-16.5	717491
2831	-1985428800	-13.8	717491
2831	-1983009600	-5.7	717491
2831	-1980331200	-2.2	717491
2831	-1977739200	3.1	717491
2831	-1975060800	13.8	717491
2831	-1972468800	17.2	717491
2831	-1969790400	14.9	717491
2831	-1967112000	10.7	717491
2831	-1964520000	4.1	717491
2831	-1961841600	-1.8	717491
2831	-1959249600	-8.2	717491
2831	-1956571200	-10.7	717491
2831	-1953892800	-10.6	717491
2831	-1951387200	-6.3	717491
2831	-1948708800	1.8	717491
2831	-1946116800	9.6	717491
2831	-1943438400	13.9	717491
2831	-1940846400	17	717491
2831	-1938168000	15.9	717491
2831	-1935489600	14.8	717491
2831	-1932897600	7.1	717491
2831	-1930219200	-0.6	717491
2831	-1927627200	-9.8	717491
2831	-1924948800	-14.9	717491
2831	-1922270400	-12.6	717491
2831	-1919851200	-4.8	717491
2831	-1917172800	-0.6	717491
2831	-1914580800	7.5	717491
2831	-1911902400	15	717491
2831	-1909310400	17.8	717491
2831	-1906632000	17.5	717491
2831	-1903953600	11.5	717491
2831	-1901361600	5	717491
2831	-1898683200	0.9	717491
2831	-1896091200	-9.2	717491
2831	-1893412800	-11.6	717491
2831	-1890734400	-13.9	717491
2831	-1888315200	1	717491
2831	-1885636800	4.4	717491
2831	-1883044800	7.2	717491
2831	-1880366400	16.9	717491
2831	-1877774400	17.9	717491
2831	-1875096000	15.8	717491
2831	-1872417600	12.1	717491
2831	-1869825600	6.5	717491
2831	-1867147200	-3	717491
2831	-1864555200	-10.5	717491
2831	-1861876800	-15.6	717491
2831	-1859198400	-8.7	717491
2831	-1856779200	-3.3	717491
2831	-1854100800	1.7	717491
2831	-1851508800	10.2	717491
2831	-1848830400	14.4	717491
2831	-1846238400	17.1	717491
2831	-1843560000	15.6	717491
2831	-1840881600	10.2	717491
2831	-1838289600	5.2	717491
2831	-1835611200	-5.1	717491
2831	-1833019200	-6.6	717491
2831	-1830340800	-22.1	717491
2831	-1827662400	-13.1	717491
2831	-1825156800	-9.3	717491
2831	-1822478400	1.4	717491
2831	-1819886400	7.3	717491
2831	-1817208000	13.9	717491
2831	-1814616000	15.8	717491
2831	-1811937600	14.2	717491
2831	-1809259200	12.5	717491
2831	-1806667200	6.5	717491
2831	-1803988800	-0.9	717491
2831	-1801396800	-9.2	717491
2831	-1798718400	-15.2	717491
2831	-1796040000	-16.1	717491
2831	-1793620800	-10.2	717491
2831	-1790942400	3.1	717491
2831	-1788350400	7	717491
2831	-1785672000	15.6	717491
2831	-1783080000	16.1	717491
2831	-1780401600	16.2	717491
2831	-1777723200	11.4	717491
2831	-1775131200	4.2	717491
2831	-1772452800	0.7	717491
2831	-1769860800	-3.7	717491
2831	-1767182400	-10.8	717491
2831	-1764504000	-17.3	717491
2831	-1762084800	-6.3	717491
2831	-1759406400	0.1	717491
2831	-1756814400	11.3	717491
2831	-1754136000	14.5	717491
2831	-1751544000	17.7	717491
2831	-1748865600	15.4	717491
2831	-1746187200	12.8	717491
2831	-1743595200	8.2	717491
2831	-1740916800	-1.6	717491
2831	-1738324800	-11.1	717491
2831	-1735646400	-12.7	717491
2831	-1732968000	-6.8	717491
2831	-1730548800	-3.9	717491
2831	-1727870400	6.3	717491
2831	-1725278400	8.5	717491
2831	-1722600000	12.1	717491
2831	-1720008000	16.1	717491
2831	-1717329600	16.2	717491
2831	-1714651200	11.9	717491
2831	-1712059200	6.3	717491
2831	-1709380800	0.1	717491
2831	-1706788800	-6.6	717491
2831	-1704110400	-14.2	717491
2831	-1701432000	-14.7	717491
2831	-1698926400	-8	717491
2831	-1696248000	3.4	717491
2831	-1693656000	8.1	717491
2831	-1690977600	12.6	717491
2831	-1688385600	20.2	717491
2831	-1685707200	17.5	717491
2831	-1683028800	11.1	717491
2831	-1680436800	5.5	717491
2831	-1677758400	-2.3	717491
2831	-1675166400	-13.3	717491
2831	-1672488000	-16.7	717491
2831	-1669809600	-17	717491
2831	-1667390400	-5.5	717491
2831	-1664712000	0.9	717491
2831	-1662120000	8.2	717491
2831	-1659441600	11.6	717491
2831	-1656849600	17.6	717491
2831	-1654171200	14.8	717491
2831	-1651492800	11.6	717491
2831	-1648900800	1.9	717491
2831	-1646222400	0.4	717491
2831	-1643630400	-15.1	717491
2831	-1640952000	-16.6	717491
2831	-1638273600	-13.7	717491
2831	-1635854400	-3	717491
2831	-1633176000	1.5	717491
2831	-1630584000	7.2	717491
2831	-1627905600	12.9	717491
2831	-1625313600	16.5	717491
2831	-1622635200	17	717491
2831	-1619956800	8.8	717491
2831	-1617364800	6.4	717491
2831	-1614686400	1	717491
2831	-1612094400	-6.5	717491
2831	-1609416000	-8.5	717491
2831	-1606737600	-8.4	717491
2831	-1604318400	-5.2	717491
2831	-1601640000	2.6	717491
2831	-1599048000	9.6	717491
2831	-1596369600	16.7	717491
2831	-1593777600	18.9	717491
2831	-1591099200	17.4	717491
2831	-1588420800	11.6	717491
2831	-1585828800	3.7	717491
2831	-1583150400	-4.6	717491
2831	-1580558400	-14.8	717491
2831	-1577880000	-17.2	717491
2831	-1575201600	-10.2	717491
2831	-1572696000	-5.1	717491
2831	-1570017600	0.3	717491
2831	-1567425600	8.9	717491
2831	-1564747200	14.6	717491
2831	-1562155200	16.5	717491
2831	-1559476800	16.5	717491
2831	-1556798400	14.5	717491
2831	-1554206400	9.9	717491
2831	-1551528000	-2.3	717491
2831	-1548936000	-6.2	717491
2831	-1546257600	-9.3	717491
2831	-1543579200	-8.2	717491
2831	-1541160000	-5.1	717491
2831	-1538481600	4.2	717491
2831	-1535889600	10.2	717491
2831	-1533211200	16.6	717491
2831	-1530619200	21.4	717491
2831	-1527940800	16.6	717491
2831	-1525262400	14.2	717491
2831	-1522670400	6.6	717491
2831	-1519992000	-5.4	717491
2831	-1517400000	-9.1	717491
2831	-1514721600	-13.8	717491
2831	-1512043200	-12.6	717491
2831	-1509624000	-3.6	717491
2831	-1506945600	2.7	717491
2831	-1504353600	11.9	717491
2831	-1501675200	14.7	717491
2831	-1499083200	16.6	717491
2831	-1496404800	17.6	717491
2831	-1493726400	13.2	717491
2831	-1491134400	5	717491
2831	-1488456000	0.9	717491
2831	-1485864000	-11.9	717491
2831	-1483185600	-13.3	717491
2831	-1480507200	-15.4	717491
2831	-1478088000	-11.3	717491
2831	-1475409600	0.7	717491
2831	-1472817600	8.1	717491
2831	-1470139200	16.6	717491
2831	-1467547200	17.9	717491
2831	-1464868800	14.5	717491
2831	-1462190400	11.6	717491
2831	-1459598400	5.8	717491
2831	-1456920000	1.2	717491
2831	-1454328000	-5.3	717491
2831	-1451649600	-19	717491
2831	-1448971200	-10.4	717491
2831	-1446465600	-4	717491
2831	-1443787200	1.8	717491
2831	-1441195200	7.2	717491
2831	-1438516800	13.2	717491
2831	-1435924800	16.1	717491
2831	-1433246400	15.7	717491
2831	-1430568000	11	717491
2831	-1427976000	8.6	717491
2831	-1425297600	-2.6	717491
2831	-1422705600	-15.6	717491
2831	-1420027200	-13.5	717491
2831	-1417348800	-11.8	717491
2831	-1414929600	-5.8	717491
2831	-1412251200	4.2	717491
2831	-1409659200	7.3	717491
2831	-1406980800	14.5	717491
2831	-1404388800	17.2	717491
2831	-1401710400	17.7	717491
2831	-1399032000	12.7	717491
2831	-1396440000	2.2	717491
2831	-1393761600	-2.8	717491
2831	-1391169600	-11	717491
2831	-1388491200	-12.1	717491
2831	-1385812800	-10.4	717491
2831	-1383393600	-8.3	717491
2831	-1380715200	-0.3	717491
2831	-1378123200	8.4	717491
2831	-1375444800	13.2	717491
2831	-1372852800	16.5	717491
2831	-1370174400	16.6	717491
2831	-1367496000	9.8	717491
2831	-1364904000	3.8	717491
2831	-1362225600	-5.7	717491
2831	-1359633600	-11.8	717491
2831	-1356955200	-14.1	717491
2831	-1354276800	-10	717491
2831	-1351857600	-2.3	717491
2831	-1349179200	2.2	717491
2831	-1346587200	6.7	717491
2831	-1343908800	12.8	717491
2831	-1341316800	17	717491
2831	-1338638400	15.6	717491
2831	-1335960000	14.9	717491
2831	-1333368000	7.3	717491
2831	-1330689600	-4.1	717491
2831	-1328097600	-13.1	717491
2831	-1325419200	-11.3	717491
2831	-1322740800	-10.5	717491
2831	-1320235200	-5.1	717491
2831	-1317556800	-0.1	717491
2831	-1314964800	10.2	717491
2831	-1312286400	12.5	717491
2831	-1309694400	17.1	717491
2831	-1307016000	16.8	717491
2831	-1304337600	10.5	717491
2831	-1301745600	6.4	717491
2831	-1299067200	0.4	717491
2831	-1296475200	-5.9	717491
2831	-1293796800	-18.1	717491
2831	-1291118400	-14.4	717491
2831	-1288699200	-3.5	717491
2831	-1286020800	2.9	717491
2831	-1283428800	7.1	717491
2831	-1280750400	12.9	717491
2831	-1278158400	17.3	717491
2831	-1275480000	16	717491
2831	-1272801600	11.2	717491
2831	-1270209600	6.7	717491
2831	-1267531200	-3.9	717491
2831	-1264939200	-10.6	717491
2831	-1262260800	-16.5	717491
2831	-1259582400	-8.6	717491
2831	-1257163200	-5.2	717491
2831	-1254484800	3	717491
2831	-1251892800	9.5	717491
2831	-1249214400	16.3	717491
2831	-1246622400	18	717491
2831	-1243944000	18.6	717491
2831	-1241265600	11.8	717491
2831	-1238673600	5.4	717491
2831	-1235995200	-0.4	717491
2831	-1233403200	-7.5	717491
2831	-1230724800	-9.4	717491
2831	-1228046400	-5.8	717491
2831	-1225627200	-3.7	717491
2831	-1222948800	3.6	717491
2831	-1220356800	8.8	717491
2831	-1217678400	14.6	717491
2831	-1215086400	19.2	717491
2831	-1212408000	17.7	717491
2831	-1209729600	14.7	717491
2831	-1207137600	9.9	717491
2831	-1204459200	2.8	717491
2831	-1201867200	-3.6	717491
2831	-1199188800	-7.3	717491
2831	-1196510400	-10.1	717491
2831	-1194004800	-7.9	717491
2831	-1191326400	2.6	717491
2831	-1188734400	10.1	717491
2831	-1186056000	15.6	717491
2831	-1183464000	17.5	717491
2831	-1180785600	18.2	717491
2831	-1178107200	12.9	717491
2831	-1175515200	5	717491
2831	-1172836800	-3.5	717491
2831	-1170244800	-10.5	717491
2831	-1167566400	-10.4	717491
2831	-1164888000	-13	717491
2831	-1162468800	-5.6	717491
2831	-1159790400	1.8	717491
2831	-1157198400	9.6	717491
2831	-1154520000	16.7	717491
2831	-1151928000	17.7	717491
2831	-1149249600	17.1	717491
2831	-1146571200	14.7	717491
2831	-1143979200	4.3	717491
2831	-1141300800	-5.9	717491
2831	-1138708800	-14.8	717491
2831	-1136030400	-9.8	717491
2831	-1133352000	-15	717491
2831	-1130932800	-7.8	717491
2831	-1128254400	1.4	717491
2831	-1125662400	10.1	717491
2831	-1122984000	14.1	717491
2831	-1120392000	17.6	717491
2831	-1117713600	15.1	717491
2831	-1115035200	10.4	717491
2831	-1112443200	7.5	717491
2831	-1109764800	0.2	717491
2831	-1107172800	-10.4	717491
2831	-1104494400	-16.3	717491
2831	-1101816000	-8.7	717491
2831	-1099396800	-4.4	717491
2831	-1096718400	1.5	717491
2831	-1094126400	8.5	717491
2831	-1091448000	13.5	717491
2831	-1088856000	19.3	717491
2831	-1086177600	17.5	717491
2831	-1083499200	11.4	717491
2831	-1080907200	6.6	717491
2831	-1078228800	-4.6	717491
2831	-1075636800	-8.2	717491
2831	-1072958400	-17.1	717491
2831	-1070280000	-19.3	717491
2831	-1067774400	-6.1	717491
2831	-1065096000	-1.7	717491
2831	-1062504000	8.3	717491
2831	-1059825600	12.9	717491
2831	-1057233600	18.1	717491
2831	-1054555200	15.4	717491
2831	-1051876800	11.6	717491
2831	-1049284800	2	717491
2831	-1046606400	-7.4	717491
2831	-1044014400	-9.5	717491
2831	-1041336000	-17.5	717491
2831	-1038657600	-11.5	717491
2831	-1036238400	-8.3	717491
2831	-1033560000	2	717491
2831	-1030968000	8.5	717491
2831	-1028289600	13.7	717491
2831	-1025697600	16.9	717491
2831	-1023019200	16.8	717491
2831	-1020340800	11	717491
2831	-1017748800	3.7	717491
2831	-1015070400	-3.2	717491
2831	-1012478400	-13	717491
2831	-1009800000	-15.3	717491
2831	-1007121600	-11.4	717491
2831	-1004702400	-3.7	717491
2831	-1002024000	1.7	717491
2831	-999432000	8.5	717491
2831	-996753600	13.7	717491
2831	-994161600	15.9	717491
2831	-991483200	17.1	717491
2831	-988804800	11.5	717491
2831	-986212800	7.1	717491
2831	-983534400	-3.9	717491
2831	-980942400	-8.7	717491
2831	-978264000	-11.8	717491
2831	-975585600	-17.3	717491
2831	-973166400	-9.6	717491
2831	-970488000	-0.1	717491
2831	-967896000	8.4	717491
2831	-965217600	13.6	717491
2831	-962625600	16.3	717491
2831	-959947200	16.7	717491
2831	-957268800	10.9	717491
2831	-954676800	4.1	717491
2831	-951998400	-0.4	717491
2831	-949406400	-5.3	717491
2831	-946728000	-13.1	717491
2831	-944049600	-9.2	717491
2831	-941544000	-9.1	717491
2831	-938865600	1.1	717491
2831	-936273600	7.1	717491
2831	-933595200	13	717491
2831	-931003200	17	717491
2831	-928324800	16	717491
2831	-925646400	12.6	717491
2831	-923054400	5.8	717491
2831	-920376000	-5.3	717491
2860	-68385600	-5.3	718340
2860	-65793600	-11.4	718340
2860	-63115200	-17.4	718340
2860	-60436800	-16.8	718340
2860	-57931200	-6.2	718340
2860	-55252800	0.8	718340
2860	-52660800	9.1	718340
2860	-49982400	13.2	718340
2860	-47390400	16.2	718340
2860	-44712000	15.2	718340
2860	-42033600	13.8	718340
2860	-39441600	6.2	718340
2860	-36763200	-5.1	718340
2860	-34171200	-14.5	718340
2860	-31492800	-15.8	718340
2860	-28814400	-14.2	718340
2860	-26395200	-12	718340
2860	-23716800	1.5	718340
2860	-21124800	7.5	718340
2860	-18446400	11	718340
2860	-15854400	17.1	718340
2860	-13176000	18.1	718340
2860	-10497600	9.9	718340
2860	-7905600	1.9	718340
2860	-5227200	-5	718340
2860	-2635200	-10.8	718340
2860	43200	-20.1	718340
2860	2721600	-20.7	718340
2860	5140800	-10.1	718340
2860	7819200	-0.1	718340
2860	10411200	6.7	718340
2860	13089600	15.1	718340
2860	15681600	18.3	718340
2860	18360000	16.7	718340
2860	21038400	11	718340
2860	23630400	7.1	718340
2860	26308800	-4.9	718340
2860	28900800	-15.9	718340
2860	31579200	-20.7	718340
2860	34257600	-15.1	718340
2860	36676800	-10.2	718340
2860	39355200	0.4	718340
2860	41947200	7.1	718340
2860	44625600	15.1	718340
2860	47217600	15.5	718340
2860	49896000	14.6	718340
2860	52574400	12.6	718340
2860	55166400	7.1	718340
2860	57844800	-5	718340
2860	60436800	-13.1	718340
2860	63115200	-21.7	718340
2860	65793600	-20.1	718340
2860	68299200	-13.1	718340
2860	70977600	-1.8	718340
2860	73569600	11.5	718340
2860	76248000	14.1	718340
2860	78840000	16.2	718340
2860	81518400	14.8	718340
2860	84196800	8.8	718340
2860	86788800	1.9	718340
2860	89467200	-6.1	718340
2860	92059200	-18.5	718340
2860	94737600	-15.2	718340
2860	97416000	-17.1	718340
2860	99835200	-3.7	718340
2860	102513600	0	718340
2860	105105600	7.9	718340
2860	107784000	14.8	718340
2860	110376000	17.3	718340
2860	113054400	17.6	718340
2860	115732800	10.4	718340
2860	118324800	7.6	718340
2860	121003200	-5.1	718340
2860	123595200	-16	718340
2860	126273600	-21.2	718340
2860	128952000	-19.6	718340
2860	131371200	-13.4	718340
2860	134049600	-2.3	718340
2860	136641600	5.3	718340
2860	139320000	14.6	718340
2860	141912000	18	718340
2860	144590400	15	718340
2860	147268800	7	718340
2860	149860800	2	718340
2860	152539200	-4.5	718340
2860	155131200	-10.9	718340
2860	157809600	-17.7	718340
2860	160488000	-15.8	718340
2860	162907200	-11	718340
2860	165585600	-2.2	718340
2860	168177600	12.2	718340
2860	170856000	15.5	718340
2860	173448000	18.5	718340
2860	176126400	15.7	718340
2860	178804800	8.8	718340
2860	181396800	4.7	718340
2860	184075200	-4	718340
2860	186667200	-15.7	718340
2860	189345600	-20.3	718340
2860	192024000	-13.7	718340
2860	194529600	-13.1	718340
2860	197208000	1.9	718340
2860	199800000	8.7	718340
2860	202478400	16.8	718340
2860	205070400	17.2	718340
2860	207748800	16.3	718340
2860	210427200	10.1	718340
2860	213019200	1.8	718340
2860	215697600	-7.3	718340
2860	218289600	-21.8	718340
2860	220968000	-20.4	718340
2860	223646400	-13	718340
2860	226065600	-5	718340
2860	228744000	1.4	718340
2860	231336000	13.4	718340
2860	234014400	13.3	718340
2860	236606400	16.9	718340
2860	239284800	13.6	718340
2860	241963200	10	718340
2860	244555200	4.8	718340
2860	247233600	-2.3	718340
2860	249825600	-15.3	718340
2860	252504000	-20.2	718340
2860	255182400	-17.3	718340
2860	257601600	-11	718340
2860	260280000	-1.3	718340
2860	262872000	10.3	718340
2860	265550400	13.2	718340
2860	268142400	16.8	718340
2860	270820800	15.8	718340
2860	273499200	10.3	718340
2860	276091200	4.5	718340
2860	278769600	-6.7	718340
2860	281361600	-18.2	718340
2860	284040000	-21.9	718340
2860	286718400	-21	718340
2860	289137600	-8.8	718340
2860	291816000	-0.8	718340
2860	294408000	6.8	718340
2860	297086400	14.4	718340
2860	299678400	17.7	718340
2860	302356800	14.3	718340
2860	305035200	10.1	718340
2860	307627200	1.9	718340
2860	310305600	-5.7	718340
2860	312897600	-11	718340
2860	315576000	-17.8	718340
2860	318254400	-19.4	718340
2860	320760000	-11.8	718340
2860	323438400	1.4	718340
2860	326030400	11.9	718340
2860	328708800	13.5	718340
2860	331300800	17.7	718340
2860	333979200	16.7	718340
2860	336657600	8.2	718340
2860	339249600	0.5	718340
2860	341928000	-6.4	718340
2860	344520000	-17.1	718340
2860	347198400	-16.1	718340
2860	349876800	-11.2	718340
2860	352296000	-5.5	718340
2860	354974400	0.2	718340
2860	357566400	8	718340
2860	360244800	13.6	718340
2860	362836800	17.6	718340
2860	365515200	16.7	718340
2860	368193600	8.4	718340
2860	370785600	1.7	718340
2860	373464000	-1.5	718340
2860	376056000	-13.5	718340
2860	378734400	-25.7	718340
2860	381412800	-18.8	718340
2860	383832000	-11	718340
2860	386510400	-3.7	718340
2860	389102400	10.2	718340
2860	391780800	11.7	718340
2860	394372800	16.4	718340
2860	397051200	13.5	718340
2860	399729600	9.7	718340
2860	402321600	4.5	718340
2860	4.05e+08	-6.2	718340
2860	407592000	-12.5	718340
2860	410270400	-17	718340
2860	412948800	-13.7	718340
2860	415368000	-9	718340
2860	418046400	-1.6	718340
2860	420638400	5.4	718340
2860	423316800	14.2	718340
2860	425908800	19.4	718340
2860	428587200	19	718340
2860	431265600	11.9	718340
2860	433857600	3.8	718340
2860	436536000	-3.9	718340
2860	439128000	-21.6	718340
2860	441806400	-22.2	718340
2860	444484800	-9.5	718340
2860	446990400	-13.2	718340
2860	449668800	3.8	718340
2860	452260800	7.1	718340
2860	454939200	14.3	718340
2860	457531200	17.4	718340
2860	460209600	17.4	718340
2860	462888000	8.6	718340
2860	465480000	6	718340
2860	468158400	-4.2	718340
2860	470750400	-15.6	718340
2860	473428800	-19.4	718340
2860	476107200	-17.7	718340
2860	478526400	-7.8	718340
2860	481204800	1.7	718340
2860	483796800	9	718340
2860	486475200	12.1	718340
2860	489067200	15.2	718340
2860	491745600	14.6	718340
2860	494424000	10.1	718340
2860	497016000	4.4	718340
2860	499694400	-10.7	718340
2860	502286400	-19	718340
2860	504964800	-18.6	718340
2860	507643200	-16.6	718340
2860	510062400	-7.9	718340
2860	512740800	2.3	718340
2860	515332800	11.4	718340
2860	518011200	11.8	718340
2860	520603200	17.4	718340
2860	523281600	14.5	718340
2860	525960000	8.2	718340
2860	528552000	2.3	718340
2860	531230400	-9.4	718340
2860	533822400	-9.9	718340
2860	536500800	-13.9	718340
2860	539179200	-11.4	718340
2860	541598400	-6.4	718340
2860	544276800	4.9	718340
2860	546868800	9	718340
2860	549547200	15.3	718340
2860	552139200	16.6	718340
2860	554817600	14.6	718340
2860	557496000	11.2	718340
2860	560088000	0.7	718340
2860	562766400	-4.8	718340
2860	565358400	-10.2	718340
2860	568036800	-20.3	718340
2860	570715200	-20.2	718340
2860	573220800	-10.2	718340
2860	575899200	0.7	718340
2860	578491200	10	718340
2860	581169600	14.6	718340
2860	583761600	18.5	718340
2860	586440000	16.1	718340
2860	589118400	10.1	718340
2860	591710400	1.7	718340
2860	594388800	-4.6	718340
2860	596980800	-17.3	718340
2860	599659200	-16.2	718340
2860	602337600	-19.1	718340
2860	604756800	-14	718340
2860	607435200	-1.8	718340
2860	610027200	10.1	718340
2860	612705600	12.9	718340
2860	615297600	18.3	718340
2860	617976000	15.2	718340
2860	620654400	11.5	718340
2860	623246400	3.7	718340
2860	625924800	-10.3	718340
2860	628516800	-22.3	718340
2860	631195200	-14.8	718340
2860	633873600	-15.2	718340
2860	636292800	-7	718340
2860	638971200	0	718340
2860	641563200	6.8	718340
2860	644241600	13.3	718340
2860	646833600	17.1	718340
2860	649512000	16.1	718340
2860	652190400	8.5	718340
2860	654782400	2.5	718340
2860	657460800	-3.5	718340
2860	660052800	-17.3	718340
2860	662731200	-22.2	718340
2860	665409600	-13.8	718340
2860	667828800	-8.8	718340
2860	670507200	3.5	718340
2860	673099200	11.1	718340
2860	675777600	16.7	718340
2860	678369600	17	718340
2860	681048000	16.8	718340
2860	683726400	8.3	718340
2860	686318400	0.7	718340
2860	688996800	-7.1	718340
2860	691588800	-14.5	718340
2860	694267200	-16.6	718340
2860	696945600	-15.7	718340
2860	699451200	-11.5	718340
2860	702129600	-1.9	718340
2860	704721600	8.1	718340
2860	707400000	11.4	718340
2860	709992000	13.6	718340
2860	712670400	13.8	718340
2860	715348800	9.5	718340
2860	717940800	1.9	718340
2860	720619200	-7.8	718340
2860	723211200	-13.9	718340
2860	725889600	-17.2	718340
2860	728568000	-18.8	718340
2860	730987200	-8.2	718340
2860	733665600	-0.8	718340
2860	736257600	7.7	718340
2860	738936000	13.8	718340
2860	741528000	16.7	718340
2860	744206400	17.1	718340
2860	746884800	7	718340
2860	749476800	0.5	718340
2860	752155200	-8	718340
2860	754747200	-13.7	718340
2860	757425600	-27.4	718340
2860	760104000	-20.2	718340
2860	762523200	-6.3	718340
2860	765201600	-1.6	718340
2860	767793600	7.8	718340
2860	770472000	15.7	718340
2860	773064000	16.4	718340
2860	775742400	13.5	718340
2860	778420800	11.4	718340
2860	781012800	6.5	718340
2860	783691200	-2.6	718340
2860	786283200	-8.2	718340
2860	788961600	-16.3	718340
2860	791640000	-18.7	718340
2860	794059200	-7.7	718340
2860	796737600	-2.3	718340
2860	799329600	8.2	718340
2860	802008000	16.7	718340
2860	804600000	16.2	718340
2860	807278400	17.6	718340
2860	809956800	9	718340
2860	812548800	2.5	718340
2860	815227200	-12.6	718340
2860	817819200	-16.9	718340
2860	820497600	-22.6	718340
2860	823176000	-18.2	718340
2860	825681600	-13	718340
2860	828360000	-3.9	718340
2860	830952000	5.3	718340
2860	833630400	16.1	718340
2860	836222400	15.3	718340
2860	838900800	16.8	718340
2860	841579200	11.7	718340
2860	844171200	3.4	718340
2860	846849600	-7.7	718340
2860	849441600	-15.3	718340
2860	852120000	-19.8	718340
2860	854798400	-17.6	718340
2860	857217600	-12.1	718340
2860	859896000	-0.4	718340
2860	862488000	5.5	718340
2860	865166400	16.6	718340
2860	867758400	17.4	718340
2860	870436800	15.1	718340
2860	873115200	10.9	718340
2860	875707200	3.6	718340
2860	878385600	-7.1	718340
2860	880977600	-10	718340
2860	883656000	-17.5	718340
2860	886334400	-6.5	718340
2860	888753600	-7.8	718340
2860	891432000	3.7	718340
2860	894024000	9.9	718340
2860	896702400	15.2	718340
2860	899294400	17.7	718340
2860	901972800	16.8	718340
2860	904651200	11.4	718340
2860	907243200	3.8	718340
2860	909921600	-3.9	718340
2860	912513600	-13.4	718340
2860	915192000	-19.3	718340
2860	917870400	-10.4	718340
2860	920289600	-7.2	718340
2860	922968000	3.2	718340
2860	925560000	10.3	718340
2860	928238400	14.7	718340
2860	930830400	18.8	718340
2860	933508800	15.4	718340
2860	936187200	10.8	718340
2860	938779200	2.4	718340
2860	941457600	-2.6	718340
2860	944049600	-11.2	718340
2860	946728000	-18.7	718340
2860	949406400	-12	718340
2860	951912000	-2.8	718340
2860	954590400	-2.2	718340
2860	957182400	8.7	718340
2860	959860800	11.7	718340
2860	962452800	16	718340
2860	965131200	15	718340
2860	967809600	9.1	718340
2860	970401600	5.2	718340
2860	973080000	-4.2	718340
2860	975672000	-20.7	718340
2860	978350400	-14.6	718340
2860	981028800	-17.8	718340
2860	983448000	-8.7	718340
2860	986126400	1.9	718340
2860	988718400	11.3	718340
2860	991396800	14.5	718340
2860	993988800	17	718340
2860	996667200	17.5	718340
2860	999345600	10.7	718340
2860	1001937600	3.5	718340
2860	1004616000	-1	718340
2860	1007208000	-8.1	718340
2860	1009886400	-16.5	718340
2860	1012564800	-14.4	718340
2860	1014984000	-13.1	718340
2860	1017662400	-0.7	718340
2860	1020254400	5.4	718340
2860	1022932800	15	718340
2860	1025524800	19.7	718340
2860	1028203200	16.7	718340
2860	1030881600	12.9	718340
2860	1033473600	-0.3	718340
2860	1036152000	-9	718340
2860	1038744000	-10.6	718340
2860	1041422400	-19	718340
2860	1044100800	-20.5	718340
2860	1046520000	-11	718340
2860	1049198400	-2.1	718340
2860	1051790400	10.1	718340
2860	1054468800	15.1	718340
2860	1057060800	17.5	718340
2860	1059739200	17.5	718340
2860	1062417600	12.1	718340
2860	1065009600	3.1	718340
2860	1067688000	-4.6	718340
2860	1070280000	-10.1	718340
2860	1072958400	-24.3	718340
2860	1075636800	-12.4	718340
2860	1078142400	-7	718340
2860	1080820800	-0.7	718340
2860	1083412800	5.5	718340
2860	1086091200	12.5	718340
2860	1088683200	16.5	718340
2860	1091361600	12.9	718340
2860	1094040000	13.2	718340
2860	1096632000	4.2	718340
2860	1099310400	-2.4	718340
2860	1101902400	-17.8	718340
2860	1104580800	-20.3	718340
2860	1107259200	-13.7	718340
2860	1109678400	-10.7	718340
2860	1112356800	3.9	718340
2860	1114948800	8.3	718340
2860	1117627200	16.7	718340
2860	1120219200	18.4	718340
2860	1122897600	17.1	718340
2860	1125576000	12.6	718340
2860	1128168000	5.4	718340
2860	1130846400	-6.6	718340
2860	1133438400	-13.4	718340
2860	1136116800	-12.9	718340
2860	1138795200	-17.5	718340
2860	1141214400	-5.9	718340
2860	1143892800	4	718340
2860	1146484800	9.7	718340
2860	1149163200	15.9	718340
2860	1151755200	18.5	718340
2860	1154433600	16.1	718340
2860	1157112000	10	718340
2860	1159704000	2.7	718340
2860	1162382400	-2.8	718340
2860	1164974400	-7.9	718340
2860	1167652800	-15.5	718340
2860	1170331200	-20.2	718340
2860	1172750400	-7.6	718340
2860	1175428800	0.3	718340
2860	1178020800	9.8	718340
2860	1180699200	15.2	718340
2860	1183291200	18.1	718340
2860	1185969600	16.4	718340
2860	1188648000	11.4	718340
2860	1191240000	6.2	718340
2860	1193918400	-5.9	718340
2860	1196510400	-15.4	718340
2860	1199188800	-15.1	718340
2860	1201867200	-17.8	718340
2860	1204372800	-12.3	718340
2860	1207051200	0.5	718340
2860	1209643200	5.8	718340
2860	1212321600	13.5	718340
2860	1214913600	16.7	718340
2860	1217592000	16.4	718340
2860	1220270400	10.8	718340
2860	1222862400	4.5	718340
2860	1225540800	-4.3	718340
2860	1228132800	-18.8	718340
2860	1230811200	-20.9	718340
2860	1233489600	-15.7	718340
2860	1235908800	-9.3	718340
2860	1238587200	0.6	718340
2860	1241179200	6.2	718340
2860	1243857600	13.9	718340
2860	1246449600	14.8	718340
2860	1249128000	14.7	718340
2860	1251806400	14.2	718340
2860	1254398400	1.8	718340
2860	1257076800	1.1	718340
2860	1259668800	-14.9	718340
2860	1262347200	-15.3	718340
2860	1265025600	-12.8	718340
2860	1267444800	-1	718340
2860	1270123200	5.6	718340
2860	1272715200	11.9	718340
2860	1275393600	14.4	718340
2860	1277985600	19	718340
2860	1280664000	18.4	718340
2860	1283342400	8.8	718340
2860	1285934400	4.8	718340
2860	1288612800	-3.2	718340
2860	1291204800	-12.8	718340
2860	1293883200	-20	718340
2860	1296561600	-16.2	718340
2860	1298980800	-11	718340
2860	1301659200	-0.2	718340
2860	1304251200	9.5	718340
2860	1306929600	14.3	718340
2860	1309521600	19.1	718340
2860	1312200000	17.6	718340
2860	1314878400	11.6	718340
2860	1317470400	6.8	718340
2860	1320148800	-2.3	718340
2860	1322740800	-11.6	718340
2860	1325419200	-14.7	718340
2860	1328097600	-11.7	718340
2860	1330603200	-1.4	718340
2860	1333281600	1.3	718340
2860	1335873600	9.8	718340
2860	1338552000	16.7	718340
2860	1341144000	19.3	718340
2860	1343822400	16.5	718340
2860	1346500800	10.3	718340
2860	1349092800	4.2	718340
2860	1351771200	-4.8	718340
2860	1354363200	-11.4	718340
2860	1357041600	-17.5	718340
2860	1359720000	-17	718340
2860	1362139200	-9.6	718340
2860	1364817600	-3.1	718340
2860	1367409600	6.5	718340
2860	1370088000	14.1	718340
2860	1372680000	16.3	718340
2860	1375358400	17.1	718340
2860	1378036800	11.1	718340
2860	1380628800	3.9	718340
2860	1383307200	-5.2	718340
2860	1385899200	-20.8	718340
2860	1388577600	-21.3	718340
2860	1391256000	-19.8	718340
2860	1393675200	-15.3	718340
2860	1396353600	-3.2	718340
2860	1398945600	8.6	718340
2860	1401624000	14.5	718340
2860	1404216000	15.7	718340
2860	1406894400	15.9	718340
2860	1409572800	9.7	718340
2860	1412164800	3.2	718340
2860	1414843200	-9.6	718340
2860	1417435200	-10.9	718340
2860	1420113600	-18.8	718340
2860	1422792000	-23.8	718340
2860	1425211200	-9.4	718340
2860	1427889600	-0.4	718340
2860	1430481600	8.5	718340
3151	-2427105600	-14.3	720233
3151	-2424686400	-8.6	720233
3151	-2422008000	-1.5	720233
3151	-2419416000	5.7	720233
3151	-2416737600	16.2	720233
3151	-2414145600	17	720233
3151	-2411467200	14.5	720233
3151	-2408788800	9.6	720233
3151	-2406196800	4.6	720233
3151	-2403518400	-3.8	720233
3151	-2400926400	-12.3	720233
3151	-2398248000	-12.4	720233
3151	-2395569600	-12.7	720233
3151	-2393150400	-3.9	720233
3151	-2390472000	2.4	720233
3151	-2387880000	6.2	720233
3151	-2385201600	16.1	720233
3151	-2382609600	17.6	720233
3151	-2379931200	14.8	720233
3151	-2377252800	12.8	720233
3151	-2374660800	5.3	720233
3151	-2371982400	-6.2	720233
3151	-2369390400	-6.3	720233
3151	-2366712000	-13.7	720233
3151	-2364033600	-14.3	720233
3151	-2361614400	-8.8	720233
3151	-2358936000	3	720233
3151	-2356344000	9.1	720233
3151	-2353665600	14.5	720233
3151	-2351073600	14.4	720233
3151	-2348395200	14.5	720233
3151	-2345716800	12.2	720233
3151	-2343124800	0.8	720233
3151	-2340446400	-4.7	720233
3151	-2337854400	-8.9	720233
3151	-2335176000	-11.6	720233
3151	-2332497600	-11.2	720233
3151	-2329992000	-8.9	720233
3151	-2327313600	2.9	720233
3151	-2324721600	11.3	720233
3151	-2322043200	14.4	720233
3151	-2319451200	16.4	720233
3151	-2316772800	15.1	720233
3151	-2314094400	9.3	720233
3151	-2311502400	2.4	720233
3151	-2308824000	-6.1	720233
3151	-2306232000	-8	720233
3151	-2303553600	-12.6	720233
3151	-2300875200	-10.9	720233
3151	-2298456000	-8.1	720233
3151	-2295777600	1.3	720233
3151	-2293185600	6.8	720233
3151	-2290507200	11.7	720233
3151	-2287915200	18.7	720233
3151	-2285236800	14.3	720233
3151	-2282558400	14.2	720233
3151	-2279966400	6.8	720233
3151	-2277288000	-5.6	720233
3151	-2274696000	-10.9	720233
3151	-2272017600	-10.5	720233
3151	-2269339200	-10.5	720233
3151	-2266920000	-3.7	720233
3151	-2264241600	1.9	720233
3151	-2261649600	8.5	720233
3151	-2258971200	14.1	720233
3151	-2256379200	16.9	720233
3151	-2253700800	15.1	720233
3151	-2251022400	12.9	720233
3151	-2248430400	3.9	720233
3151	-2245752000	-3.1	720233
3151	-2243160000	-10.8	720233
3151	-2240481600	-14.7	720233
3151	-2237803200	-17.1	720233
3151	-2235384000	-12.1	720233
3151	-2232705600	2.9	720233
3151	-2230113600	8.2	720233
3151	-2227435200	14	720233
3151	-2224843200	16.2	720233
3151	-2222164800	16.8	720233
3151	-2219486400	9	720233
3151	-2216894400	6.2	720233
3151	-2214216000	1.4	720233
3151	-2211624000	-9.2	720233
3151	-2208945600	-10.4	720233
3151	-2206267200	-16	720233
3151	-2203848000	-9.3	720233
3151	-2201169600	4.5	720233
3151	-2198577600	10.2	720233
3151	-2195899200	13.9	720233
3151	-2193307200	15.1	720233
3151	-2190628800	18.6	720233
3151	-2187950400	11.8	720233
3151	-2185358400	10.9	720233
3151	-2182680000	-5.5	720233
3151	-2180088000	-8.4	720233
3151	-2177409600	-12.2	720233
3151	-2174731200	-14.6	720233
3151	-2172312000	-8	720233
3151	-2169633600	3.7	720233
3151	-2167041600	9.5	720233
3151	-2164363200	15.9	720233
3151	-2161771200	18.4	720233
3151	-2159092800	16.5	720233
3151	-2156414400	11.3	720233
3151	-2153822400	5.8	720233
3151	-2151144000	-4	720233
3151	-2148552000	-10.4	720233
3151	-2145873600	-11.7	720233
3151	-2143195200	-9.9	720233
3151	-2140776000	-1.7	720233
3151	-2138097600	1.9	720233
3151	-2135505600	8.9	720233
3151	-2132827200	10.7	720233
3151	-2130235200	17.5	720233
3151	-2127556800	14.1	720233
3151	-2124878400	10	720233
3151	-2122286400	4	720233
3151	-2119608000	-0.8	720233
3151	-2117016000	-9.5	720233
3151	-2114337600	-12.9	720233
3151	-2111659200	-11.8	720233
3151	-2109240000	-3	720233
3151	-2106561600	1.2	720233
3151	-2103969600	9.5	720233
3151	-2101291200	11.7	720233
3151	-2098699200	16.3	720233
3151	-2096020800	13.1	720233
3151	-2093342400	10.9	720233
3151	-2090750400	6.2	720233
3151	-2088072000	-4.7	720233
3151	-2085480000	-12.2	720233
3151	-2082801600	-15.6	720233
3151	-2080123200	-18.5	720233
3151	-2077617600	-8	720233
3151	-2074939200	-1.2	720233
3151	-2072347200	6.3	720233
3151	-2069668800	12.3	720233
3151	-2067076800	15.8	720233
3151	-2064398400	12.9	720233
3151	-2061720000	9.4	720233
3151	-2059128000	4.8	720233
3151	-2056449600	-0.6	720233
3151	-2053857600	-11.6	720233
3151	-2051179200	-14.9	720233
3151	-2048500800	-14.4	720233
3151	-2046081600	-6.3	720233
3151	-2043403200	0.6	720233
3151	-2040811200	5.8	720233
3151	-2038132800	13.1	720233
3151	-2035540800	15.7	720233
3151	-2032862400	15.7	720233
3151	-2030184000	12.6	720233
3151	-2027592000	3.6	720233
3151	-2024913600	-2.9	720233
3151	-2022321600	-7.5	720233
3151	-2019643200	-8.6	720233
3151	-2016964800	-12.6	720233
3151	-2014545600	-10.9	720233
3151	-2011867200	2.8	720233
3151	-2009275200	5.8	720233
3151	-2006596800	13.8	720233
3151	-2004004800	15.9	720233
3151	-2001326400	15.8	720233
3151	-1998648000	13.4	720233
3151	-1996056000	3.9	720233
3151	-1993377600	-3.1	720233
3151	-1990785600	-9.4	720233
3151	-1988107200	-14.3	720233
3151	-1985428800	-12.4	720233
3151	-1983009600	-5.3	720233
3151	-1980331200	-3.9	720233
3151	-1977739200	3.1	720233
3151	-1975060800	13	720233
3151	-1972468800	14.8	720233
3151	-1969790400	13.3	720233
3151	-1967112000	9.9	720233
3151	-1964520000	3.7	720233
3151	-1961841600	-3.6	720233
3151	-1959249600	-8.1	720233
3151	-1956571200	-10.4	720233
3151	-1953892800	-11.3	720233
3151	-1951387200	-7.2	720233
3151	-1948708800	2.4	720233
3151	-1946116800	8.6	720233
3151	-1943438400	14.9	720233
3151	-1940846400	17.9	720233
3151	-1938168000	15.5	720233
3151	-1935489600	15.1	720233
3151	-1932897600	6.5	720233
3151	-1930219200	-2.4	720233
3151	-1927627200	-10.4	720233
3151	-1924948800	-11.6	720233
3151	-1922270400	-9.8	720233
3151	-1919851200	-7.7	720233
3151	-1917172800	-2.8	720233
3151	-1914580800	6.6	720233
3151	-1911902400	15.4	720233
3151	-1909310400	16.1	720233
3151	-1906632000	16.4	720233
3151	-1903953600	10.1	720233
3151	-1901361600	3.6	720233
3151	-1898683200	-0.2	720233
3151	-1896091200	-9.7	720233
3151	-1893412800	-11.9	720233
3151	-1890734400	-13.7	720233
3151	-1888315200	0.8	720233
3151	-1885636800	3.8	720233
3151	-1883044800	5.8	720233
3151	-1880366400	15.8	720233
3151	-1877774400	17.5	720233
3151	-1875096000	14.7	720233
3151	-1872417600	10.3	720233
3151	-1869825600	5.8	720233
3151	-1867147200	-5.3	720233
3151	-1864555200	-11.2	720233
3151	-1861876800	-12.7	720233
3151	-1859198400	-9.2	720233
3151	-1856779200	-6	720233
3151	-1854100800	2	720233
3151	-1851508800	11.5	720233
3151	-1848830400	15.7	720233
3151	-1846238400	16.4	720233
3151	-1843560000	14.1	720233
3151	-1840881600	10.1	720233
3151	-1838289600	3.7	720233
3151	-1835611200	-5.4	720233
3151	-1833019200	-5.7	720233
3151	-1830340800	-22.5	720233
3151	-1827662400	-15	720233
3151	-1825156800	-9.7	720233
3151	-1822478400	2	720233
3151	-1819886400	8.7	720233
3151	-1817208000	13.1	720233
3151	-1814616000	16.8	720233
3151	-1811937600	12.2	720233
3151	-1809259200	11.7	720233
3151	-1806667200	6.1	720233
3151	-1803988800	-2	720233
3151	-1801396800	-7.8	720233
3151	-1798718400	-12.2	720233
3151	-1796040000	-16	720233
3151	-1793620800	-9.4	720233
3151	-1790942400	3	720233
3151	-1788350400	7.4	720233
3151	-1785672000	15.8	720233
3151	-1783080000	15.3	720233
3151	-1780401600	16	720233
3151	-1777723200	10.8	720233
3151	-1775131200	4.2	720233
3151	-1772452800	-0.1	720233
3151	-1769860800	-4.1	720233
3151	-1767182400	-10	720233
3151	-1764504000	-15.8	720233
3151	-1762084800	-7.7	720233
3151	-1759406400	-0.6	720233
3151	-1756814400	10.3	720233
3151	-1754136000	13.9	720233
3151	-1751544000	18.1	720233
3151	-1748865600	14.9	720233
3151	-1746187200	12.3	720233
3151	-1743595200	8.4	720233
3151	-1740916800	-2.9	720233
3151	-1738324800	-11.3	720233
3151	-1735646400	-16	720233
3151	-1732968000	-7.5	720233
3151	-1730548800	-6.4	720233
3151	-1727870400	6.7	720233
3151	-1725278400	5.8	720233
3151	-1722600000	11.3	720233
3151	-1720008000	14.2	720233
3151	-1717329600	12.7	720233
3151	-1714651200	11.9	720233
3151	-1712059200	5.4	720233
3151	-1709380800	-2	720233
3151	-1706788800	-9.1	720233
3151	-1704110400	-13	720233
3151	-1701432000	-14	720233
3151	-1698926400	-10.1	720233
3151	-1696248000	1.3	720233
3151	-1693656000	7.8	720233
3151	-1690977600	11.2	720233
3151	-1688385600	20	720233
3151	-1685707200	17.3	720233
3151	-1683028800	9.9	720233
3151	-1680436800	4.4	720233
3151	-1677758400	-3.8	720233
3151	-1675166400	-11.9	720233
3151	-1672488000	-15.5	720233
3151	-1669809600	-18	720233
3151	-1667390400	-7.6	720233
3151	-1664712000	-1.7	720233
3151	-1662120000	5.4	720233
3151	-1659441600	10.8	720233
3151	-1656849600	17.6	720233
3151	-1654171200	13.8	720233
3151	-1651492800	10.7	720233
3151	-1648900800	-0.3	720233
3151	-1646222400	-1.2	720233
3151	-1643630400	-14.3	720233
3151	-1640952000	-18.5	720233
3151	-1638273600	-13.6	720233
3151	-1635854400	-2.9	720233
3151	-1633176000	1.2	720233
3151	-1630584000	8.9	720233
3151	-1627905600	12.5	720233
3151	-1625313600	16	720233
3151	-1622635200	15.8	720233
3151	-1619956800	7	720233
3151	-1617364800	5.5	720233
3151	-1614686400	-0.6	720233
3151	-1612094400	-6.8	720233
3151	-1609416000	-8.7	720233
3151	-1606737600	-9.7	720233
3151	-1604318400	-4.9	720233
3151	-1601640000	1.3	720233
3151	-1599048000	8.9	720233
3151	-1596369600	17.7	720233
3151	-1593777600	18.2	720233
3151	-1591099200	15.9	720233
3151	-1588420800	12.3	720233
3151	-1585828800	3.8	720233
3151	-1583150400	-4.8	720233
3151	-1580558400	-15	720233
3151	-1577880000	-17.1	720233
3151	-1575201600	-12.8	720233
3151	-1572696000	-5.8	720233
3151	-1570017600	-2	720233
3151	-1567425600	8.4	720233
3151	-1564747200	15	720233
3151	-1562155200	15.1	720233
3151	-1559476800	15.3	720233
3151	-1556798400	13.6	720233
3151	-1554206400	9.9	720233
3151	-1551528000	-3.5	720233
3151	-1548936000	-7.4	720233
3151	-1546257600	-9.7	720233
3151	-1543579200	-9.3	720233
3151	-1541160000	-5.5	720233
3151	-1538481600	5.1	720233
3151	-1535889600	10	720233
3151	-1533211200	18.1	720233
3151	-1530619200	20.8	720233
3151	-1527940800	16.2	720233
3151	-1525262400	13.8	720233
3151	-1522670400	5.4	720233
3151	-1519992000	-6.3	720233
3151	-1517400000	-9.2	720233
3151	-1514721600	-13.5	720233
3151	-1512043200	-13.2	720233
3151	-1509624000	-5	720233
3151	-1506945600	1.1	720233
3151	-1504353600	12.9	720233
3151	-1501675200	14.8	720233
3151	-1499083200	15.8	720233
3151	-1496404800	16.2	720233
3151	-1493726400	14.6	720233
3151	-1491134400	4.5	720233
3151	-1488456000	-0.9	720233
3151	-1485864000	-11.7	720233
3151	-1483185600	-12.3	720233
3151	-1480507200	-15.6	720233
3151	-1478088000	-11	720233
3151	-1475409600	0	720233
3151	-1472817600	8.8	720233
3151	-1470139200	16.3	720233
3151	-1467547200	16.9	720233
3151	-1464868800	13.6	720233
3151	-1462190400	11.5	720233
3151	-1459598400	4.5	720233
3151	-1456920000	-0.2	720233
3151	-1454328000	-4.9	720233
3151	-1451649600	-17	720233
3151	-1448971200	-10.2	720233
3151	-1446465600	-6.4	720233
3151	-1443787200	0.1	720233
3151	-1441195200	4	720233
3151	-1438516800	12.1	720233
3151	-1435924800	14.6	720233
3151	-1433246400	14.3	720233
3151	-1430568000	8.7	720233
3151	-1427976000	7.7	720233
3151	-1425297600	-2.6	720233
3151	-1422705600	-13.8	720233
3151	-1420027200	-13	720233
3151	-1417348800	-11.2	720233
3151	-1414929600	-5.8	720233
3151	-1412251200	4.1	720233
3151	-1409659200	6.1	720233
3151	-1406980800	14.5	720233
3151	-1404388800	15.6	720233
3151	-1401710400	16.2	720233
3151	-1399032000	11.5	720233
3151	-1396440000	-1	720233
3151	-1393761600	-3.8	720233
3151	-1391169600	-10.4	720233
3151	-1388491200	-12.3	720233
3151	-1385812800	-11.3	720233
3151	-1383393600	-10.1	720233
3151	-1380715200	-1.1	720233
3151	-1378123200	8.5	720233
3151	-1375444800	11.6	720233
3151	-1372852800	15.8	720233
3151	-1370174400	14.3	720233
3151	-1367496000	8.6	720233
3151	-1364904000	2.4	720233
3151	-1362225600	-6.4	720233
3151	-1359633600	-12.1	720233
3151	-1356955200	-14.2	720233
3151	-1354276800	-10.1	720233
3151	-1351857600	-3	720233
3151	-1349179200	1.7	720233
3151	-1346587200	5	720233
3151	-1343908800	12.3	720233
3151	-1341316800	15.1	720233
3151	-1338638400	12.1	720233
3151	-1335960000	13.3	720233
3151	-1333368000	6	720233
3151	-1330689600	-4.7	720233
3151	-1328097600	-12.7	720233
3151	-1325419200	-11.8	720233
3151	-1322740800	-12.5	720233
3151	-1320235200	-7.5	720233
3151	-1317556800	-1.8	720233
3151	-1314964800	8.9	720233
3151	-1312286400	11.3	720233
3151	-1309694400	14.6	720233
3151	-1307016000	15.7	720233
3151	-1304337600	8.6	720233
3151	-1301745600	4.1	720233
3151	-1299067200	-2.6	720233
3151	-1296475200	-7.8	720233
3151	-1293796800	-17.2	720233
3151	-1291118400	-15.8	720233
3151	-1288699200	-4.9	720233
3151	-1286020800	2.1	720233
3151	-1283428800	6.2	720233
3151	-1280750400	11.8	720233
3151	-1278158400	16.3	720233
3151	-1275480000	15.5	720233
3151	-1272801600	10.5	720233
3151	-1270209600	4	720233
3151	-1267531200	-4.8	720233
3151	-1264939200	-11	720233
3151	-1262260800	-15.4	720233
3151	-1259582400	-9.6	720233
3151	-1257163200	-6.8	720233
3151	-1254484800	1.7	720233
3151	-1251892800	9.3	720233
3151	-1249214400	14.6	720233
3151	-1246622400	16.2	720233
3151	-1243944000	16.1	720233
3151	-1241265600	11.4	720233
3151	-1238673600	4	720233
3151	-1235995200	-1.1	720233
3151	-1233403200	-8.6	720233
3151	-1230724800	-9.5	720233
3151	-1228046400	-7.1	720233
3151	-1225627200	-5.6	720233
3151	-1222948800	2.1	720233
3151	-1220356800	8.5	720233
3151	-1217678400	16	720233
3151	-1215086400	18.3	720233
3151	-1212408000	15.1	720233
3151	-1209729600	14.8	720233
3151	-1207137600	8	720233
3151	-1204459200	1.5	720233
3151	-1201867200	-4.7	720233
3151	-1199188800	-7.3	720233
3151	-1196510400	-10.3	720233
3151	-1194004800	-9.2	720233
3151	-1191326400	-0.4	720233
3151	-1188734400	8.4	720233
3151	-1186056000	14.9	720233
3151	-1183464000	16.6	720233
3151	-1180785600	16.8	720233
3151	-1178107200	11.5	720233
3151	-1175515200	2.9	720233
3151	-1172836800	-5	720233
3151	-1170244800	-10.4	720233
3151	-1167566400	-9.5	720233
3151	-1164888000	-12.6	720233
3151	-1162468800	-7.4	720233
3151	-1159790400	0.1	720233
3151	-1157198400	8.9	720233
3151	-1154520000	18.4	720233
3151	-1151928000	17.9	720233
3151	-1149249600	15.4	720233
3151	-1146571200	13.3	720233
3151	-1143979200	2.6	720233
3151	-1141300800	-6.4	720233
3151	-1138708800	-12.2	720233
3151	-1136030400	-9.3	720233
3151	-1133352000	-16	720233
3151	-1130932800	-9.3	720233
3151	-1128254400	-0.8	720233
3151	-1125662400	10.8	720233
3151	-1122984000	14.8	720233
3151	-1120392000	16.1	720233
3151	-1117713600	14.1	720233
3151	-1115035200	9.6	720233
3151	-1112443200	5.7	720233
3151	-1109764800	-1.6	720233
3151	-1107172800	-10.5	720233
3151	-1104494400	-13.6	720233
3151	-1101816000	-10.6	720233
3151	-1099396800	-5.5	720233
3151	-1096718400	0.1	720233
3151	-1094126400	6.3	720233
3151	-1091448000	12	720233
3151	-1088856000	19.3	720233
3151	-1086177600	16	720233
3151	-1083499200	10.2	720233
3151	-1080907200	4.7	720233
3151	-1078228800	-5.2	720233
3151	-1075636800	-9.6	720233
3151	-1072958400	-13.6	720233
3151	-1070280000	-18.4	720233
3151	-1067774400	-5.8	720233
3151	-1065096000	-1.7	720233
3151	-1062504000	10.6	720233
3151	-1059825600	13.2	720233
3151	-1057233600	18.4	720233
3151	-1054555200	15.2	720233
3151	-1051876800	12.4	720233
3151	-1049284800	1.8	720233
3151	-1046606400	-5.8	720233
3151	-1044014400	-8	720233
3151	-1041336000	-14.4	720233
3151	-1038657600	-10.5	720233
3151	-1036238400	-9.5	720233
3151	-1033560000	-0.6	720233
3151	-1030968000	8.8	720233
3151	-1028289600	14.3	720233
3151	-1025697600	17.5	720233
3151	-1023019200	18.7	720233
3151	-1020340800	11.7	720233
3151	-1017748800	2.9	720233
3151	-1015070400	-3.6	720233
3151	-1012478400	-10.5	720233
3151	-1009800000	-13.3	720233
3151	-1007121600	-10.3	720233
3151	-1004702400	-2.8	720233
3151	-1002024000	1.9	720233
3151	-999432000	8.6	720233
3151	-996753600	13.7	720233
3151	-994161600	16	720233
3151	-991483200	17.5	720233
3151	-988804800	10.9	720233
3151	-986212800	7.2	720233
3151	-983534400	-2.2	720233
3151	-980942400	-9	720233
3151	-978264000	-10.6	720233
3151	-975585600	-13.9	720233
3151	-973166400	-8.1	720233
3151	-970488000	-0.6	720233
3151	-967896000	9.5	720233
3151	-965217600	14.9	720233
3151	-962625600	17.5	720233
3151	-959947200	15.9	720233
3151	-957268800	11.7	720233
3151	-954676800	3.8	720233
3151	-951998400	-1.6	720233
3151	-949406400	-5.4	720233
3151	-946728000	-13.9	720233
3151	-944049600	-9.5	720233
3151	-941544000	-9.1	720233
3151	-938865600	-1	720233
3151	-936273600	6.5	720233
3151	-933595200	13.1	720233
3151	-931003200	17.1	720233
3151	-928324800	15.9	720233
3151	-925646400	12.9	720233
3151	-923054400	5.9	720233
3151	-920376000	-3.3	720233
3151	-917784000	-7.9	720233
3151	-915105600	-11.2	720233
3151	-912427200	-10.1	720233
3151	-910008000	-7.8	720233
3151	-907329600	5.7	720233
3151	-904737600	11.5	720233
3151	-902059200	15.8	720233
3151	-899467200	17.8	720233
3151	-896788800	15	720233
3151	-894110400	13	720233
3151	-891518400	4.9	720233
3151	-888840000	-1.8	720233
3151	-886248000	-5.9	720233
3151	-883569600	-10.9	720233
3151	-880891200	-10.8	720233
3151	-878472000	-3.9	720233
3151	-875793600	6.1	720233
3151	-873201600	8.3	720233
3151	-870523200	14.1	720233
3151	-867931200	15.8	720233
3151	-865252800	15.9	720233
3151	-862574400	9.6	720233
3151	-859982400	6.1	720233
3151	-857304000	-3.4	720233
3151	-854712000	-10.9	720233
3151	-852033600	-14	720233
3151	-849355200	-10.1	720233
3151	-846936000	-9.2	720233
3151	-844257600	0.1	720233
3151	-841665600	8.2	720233
3151	-838987200	14.9	720233
3151	-836395200	18.8	720233
3151	-833716800	15.9	720233
3151	-831038400	9.4	720233
3151	-828446400	5.3	720233
3151	-825768000	-3.9	720233
3151	-823176000	-9	720233
3151	-820497600	-6.7	720233
3151	-817819200	-10.1	720233
3151	-815313600	-8	720233
3151	-812635200	0	720233
3151	-810043200	10.9	720233
3151	-807364800	14.9	720233
3151	-804772800	17.2	720233
3151	-802094400	16.8	720233
3151	-799416000	11.5	720233
3151	-796824000	5.9	720233
3151	-794145600	-0.3	720233
3151	-791553600	-10.3	720233
3151	-788875200	-15.6	720233
3151	-786196800	-10.8	720233
3151	-783777600	0.4	720233
3151	-781099200	1.6	720233
3151	-778507200	4.5	720233
3151	-775828800	12	720233
3151	-773236800	15.1	720233
3151	-770558400	15.6	720233
3151	-767880000	10.9	720233
3151	-765288000	3.8	720233
3151	-762609600	-3.1	720233
3151	-760017600	-11.5	720233
3151	-757339200	-11.4	720233
3151	-754660800	-12.5	720233
3151	-752241600	0.3	720233
3151	-749563200	2.7	720233
3151	-746971200	7.1	720233
3151	-744292800	13.4	720233
3151	-741700800	16.5	720233
3151	-739022400	14.4	720233
3151	-736344000	11.2	720233
3151	-733752000	7.4	720233
3151	-731073600	-2	720233
3151	-728481600	-9.4	720233
3151	-725803200	-10.6	720233
3151	-723124800	-11.8	720233
3151	-720705600	-7	720233
3151	-718027200	-1	720233
3151	-715435200	4.8	720233
3151	-712756800	12.2	720233
3151	-710164800	16.8	720233
3151	-707486400	19.3	720233
3151	-704808000	12.1	720233
3151	-702216000	10.3	720233
3151	-699537600	-4.7	720233
3151	-696945600	-9.7	720233
3151	-694267200	-15.6	720233
3151	-691588800	-12.6	720233
3151	-689083200	-6.9	720233
3151	-686404800	3.9	720233
3151	-683812800	7.2	720233
3151	-681134400	13.5	720233
3151	-678542400	16.5	720233
3151	-675864000	16.2	720233
3151	-673185600	13.4	720233
3151	-670593600	5.5	720233
3151	-667915200	-0.7	720233
3151	-665323200	-8.9	720233
3151	-662644800	-9.8	720233
3151	-659966400	-11	720233
3151	-657547200	-6.7	720233
3151	-654868800	3.8	720233
3151	-652276800	8.9	720233
3151	-649598400	16.5	720233
3151	-647006400	17.6	720233
3151	-644328000	16.8	720233
3151	-641649600	10	720233
3151	-639057600	7.1	720233
3151	-636379200	-3.3	720233
3151	-633787200	-9.8	720233
3151	-631108800	-14.1	720233
3151	-628430400	-10.7	720233
3151	-626011200	-8.6	720233
3151	-623332800	-3.4	720233
3151	-620740800	7.1	720233
3151	-618062400	14.1	720233
3151	-615470400	15.1	720233
3151	-612792000	12.4	720233
3151	-610113600	11.2	720233
3151	-607521600	7.5	720233
3151	-604843200	-5.5	720233
3151	-602251200	-11.2	720233
3151	-599572800	-12.5	720233
3151	-596894400	-10.3	720233
3151	-594475200	-7	720233
3151	-591796800	1.1	720233
3151	-589204800	11.1	720233
3151	-586526400	12.4	720233
3151	-583934400	16.3	720233
3151	-581256000	13.2	720233
3151	-578577600	9.3	720233
3151	-575985600	4.5	720233
3151	-573307200	-6.7	720233
3151	-570715200	-10.3	720233
3151	-568036800	-11.2	720233
3151	-565358400	-9.5	720233
3151	-562852800	-6.8	720233
3151	-560174400	4.4	720233
3151	-557582400	8.3	720233
3151	-554904000	14.6	720233
3151	-552312000	17.3	720233
3151	-549633600	15.5	720233
3151	-546955200	12.5	720233
3151	-544363200	2.5	720233
3151	-541684800	-1.6	720233
3151	-539092800	-5.9	720233
3151	-536414400	-9.9	720233
3151	-533736000	-9.5	720233
3151	-531316800	-4.3	720233
3151	-528638400	-0.1	720233
3151	-526046400	8.7	720233
3151	-523368000	15	720233
3151	-520776000	16.9	720233
3151	-518097600	17.2	720233
3151	-515419200	11.8	720233
3151	-512827200	8.7	720233
3151	-510148800	0.1	720233
3151	-507556800	-7.4	720233
3151	-504878400	-12.7	720233
3151	-502200000	-5.4	720233
3151	-499780800	-6.9	720233
3151	-497102400	2	720233
3151	-494510400	5.3	720233
3151	-491832000	15.8	720233
3151	-489240000	16.2	720233
3151	-486561600	15.1	720233
3151	-483883200	9.9	720233
3151	-481291200	4.6	720233
3151	-478612800	-0.9	720233
3151	-476020800	-8.1	720233
3151	-473342400	-11.1	720233
3151	-470664000	-10.7	720233
3151	-468244800	-7.2	720233
3151	-465566400	5.8	720233
3151	-462974400	11.6	720233
3151	-460296000	15.2	720233
3151	-457704000	19.9	720233
3151	-455025600	18.5	720233
3151	-452347200	11.4	720233
3151	-449755200	7.1	720233
3151	-447076800	-4.6	720233
3151	-444484800	-11.3	720233
3151	-441806400	-9.9	720233
3151	-439128000	-9.9	720233
3151	-436622400	-7.8	720233
3151	-433944000	-0.1	720233
3151	-431352000	7.3	720233
3151	-428673600	15.8	720233
3151	-426081600	14.6	720233
3151	-423403200	15.6	720233
3151	-420724800	9.3	720233
3151	-418132800	8.7	720233
3151	-415454400	-2.4	720233
3151	-412862400	-8.2	720233
3151	-410184000	-15.5	720233
3151	-407505600	-10.5	720233
3151	-405086400	-6	720233
3151	-402408000	2.8	720233
3151	-399816000	8.1	720233
3151	-397137600	14.2	720233
3151	-394545600	17.7	720233
3151	-391867200	15.6	720233
3151	-389188800	10.4	720233
3151	-386596800	5.4	720233
3151	-383918400	-2.8	720233
3151	-381326400	-8.5	720233
3151	-378648000	-9.8	720233
3151	-375969600	-12.1	720233
3151	-373550400	-4.7	720233
3151	-370872000	3.6	720233
3151	-368280000	7	720233
3151	-365601600	11.2	720233
3151	-363009600	15.9	720233
3151	-360331200	14.8	720233
3151	-357652800	11.9	720233
3151	-355060800	6.4	720233
3151	-352382400	-1.3	720233
3151	-349790400	-13.7	720233
3151	-347112000	-15.1	720233
3151	-344433600	-13	720233
3151	-342014400	-6.2	720233
3151	-339336000	1.6	720233
3151	-336744000	10.8	720233
3151	-334065600	15.6	720233
3151	-331473600	17.1	720233
3151	-328795200	17.4	720233
3151	-326116800	12	720233
3151	-323524800	2.9	720233
3151	-320846400	-7.2	720233
3151	-318254400	-5.8	720233
3151	-315576000	-10.5	720233
3151	-312897600	-10	720233
3151	-310392000	-10.4	720233
3151	-307713600	2.3	720233
3151	-305121600	7.5	720233
3151	-302443200	13.1	720233
3151	-299851200	15.8	720233
3151	-297172800	16.2	720233
3151	-294494400	11.8	720233
3151	-291902400	5.8	720233
3151	-289224000	-0.9	720233
3151	-286632000	-10.6	720233
3151	-283953600	-13.2	720233
3151	-281275200	-8	720233
3151	-278856000	-4.1	720233
3151	-276177600	0.8	720233
3151	-273585600	7.4	720233
3151	-270907200	14.1	720233
3151	-268315200	16.7	720233
3151	-265636800	16.8	720233
3151	-262958400	12.5	720233
3151	-260366400	6.2	720233
3151	-257688000	-2.1	720233
3151	-255096000	-9.8	720233
3151	-252417600	-14.3	720233
3151	-249739200	-13.5	720233
3151	-247320000	-4.6	720233
3151	-244641600	0.9	720233
3151	-242049600	10.8	720233
3151	-239371200	13.3	720233
3151	-236779200	14.9	720233
3151	-234100800	15.6	720233
3151	-231422400	9.3	720233
3151	-228830400	5.9	720233
3151	-226152000	-1.7	720233
3151	-223560000	-9.9	720233
3151	-220881600	-17.2	720233
3151	-218203200	-15.5	720233
3151	-215784000	-5.3	720233
3151	-213105600	3.1	720233
3151	-210513600	8	720233
3151	-207835200	15.1	720233
3151	-205243200	17.8	720233
3151	-202564800	14.9	720233
3151	-199886400	11.4	720233
3151	-197294400	11	720233
3151	-194616000	0.5	720233
3151	-192024000	-11.8	720233
3151	-189345600	-8.1	720233
3151	-186667200	-9	720233
3151	-184161600	-6.9	720233
3151	-181483200	2.7	720233
3151	-178891200	11.4	720233
3151	-176212800	14.4	720233
3151	-173620800	17.9	720233
3151	-170942400	13.5	720233
3151	-168264000	10.5	720233
3151	-165672000	4.8	720233
3151	-162993600	-0.8	720233
3151	-160401600	-10.7	720233
3151	-157723200	-13.2	720233
3151	-155044800	-13	720233
3151	-152625600	-9	720233
3151	-149947200	1.2	720233
3151	-147355200	10.9	720233
3151	-144676800	13.5	720233
3151	-142084800	14.8	720233
3151	-139406400	14.2	720233
3151	-136728000	8.2	720233
3151	-134136000	5.6	720233
3151	-131457600	-2.5	720233
3151	-128865600	-6.5	720233
3151	-126187200	-13.8	720233
3151	-123508800	-9.8	720233
3151	-121089600	-3.4	720233
3151	-118411200	-0.3	720233
3151	-115819200	5.7	720233
3151	-113140800	15.2	720233
3151	-110548800	19	720233
3151	-107870400	14.9	720233
3151	-105192000	11.5	720233
3151	-102600000	4.4	720233
3151	-99921600	-4	720233
3151	-97329600	-8.9	720233
3151	-94651200	-10.8	720233
3151	-91972800	-14.7	720233
3151	-89553600	-4.9	720233
3151	-86875200	1.8	720233
3151	-84283200	5.2	720233
3151	-81604800	14.2	720233
3151	-79012800	15.8	720233
3151	-76334400	14	720233
3151	-73656000	11.6	720233
3151	-71064000	4	720233
3151	-68385600	-4.7	720233
3151	-65793600	-8.2	720233
3151	-63115200	-12.6	720233
3151	-60436800	-12.4	720233
3151	-57931200	-2.2	720233
3151	-55252800	3.3	720233
3151	-52660800	7.5	720233
3151	-49982400	13.6	720233
3151	-47390400	16.3	720233
3151	-44712000	15.4	720233
3151	-42033600	12.7	720233
3151	-39441600	6.6	720233
3151	-36763200	-2.6	720233
3151	-34171200	-9.4	720233
3151	-31492800	-11.1	720233
3151	-28814400	-9.6	720233
3151	-26395200	-7.7	720233
3151	-23716800	2.7	720233
3151	-21124800	9.1	720233
3151	-18446400	10.4	720233
3151	-15854400	15.8	720233
3151	-13176000	18.2	720233
3151	-10497600	12.1	720233
3151	-7905600	3.9	720233
3151	-5227200	-2.9	720233
3151	-2635200	-8.6	720233
3151	43200	-14.8	720233
3151	2721600	-12	720233
3151	5140800	-8.1	720233
3151	7819200	2.1	720233
3151	10411200	6.8	720233
3151	13089600	15	720233
3151	15681600	18.2	720233
3151	18360000	16.3	720233
3151	21038400	11.9	720233
3151	23630400	6.9	720233
3151	26308800	-2.4	720233
3151	28900800	-9.1	720233
3151	31579200	-15.2	720233
3151	34257600	-11.6	720233
3151	36676800	-7.1	720233
3151	39355200	1.5	720233
3151	41947200	6.9	720233
3151	44625600	15.7	720233
3151	47217600	14.9	720233
3151	49896000	14.3	720233
3151	52574400	12.7	720233
3151	55166400	8.9	720233
3151	57844800	-2.5	720233
3151	60436800	-8.5	720233
3151	63115200	-14.7	720233
3151	65793600	-14	720233
3151	68299200	-8.2	720233
3151	70977600	-1.3	720233
3151	73569600	10.8	720233
3151	76248000	13.1	720233
3151	78840000	15.5	720233
3151	81518400	15.1	720233
3151	84196800	9.4	720233
3151	86788800	3.2	720233
3151	89467200	-3.7	720233
3151	92059200	-11.7	720233
3151	94737600	-9.5	720233
3151	97416000	-10.3	720233
3151	99835200	-0.8	720233
3151	102513600	1.5	720233
3151	105105600	6.1	720233
3151	107784000	14.5	720233
3151	110376000	16.8	720233
3151	113054400	17.3	720233
3151	115732800	11	720233
3151	118324800	8.6	720233
3151	121003200	-2.3	720233
3151	123595200	-10.3	720233
3151	126273600	-13.3	720233
3151	128952000	-12.9	720233
3151	131371200	-7.2	720233
3151	134049600	1.9	720233
3151	136641600	6.8	720233
3151	139320000	12.5	720233
3151	141912000	17.9	720233
3151	144590400	15.1	720233
3151	147268800	8.8	720233
3151	149860800	4.9	720233
3151	152539200	-1.5	720233
3151	155131200	-6.1	720233
3151	157809600	-11.2	720233
3151	160488000	-9.6	720233
3151	162907200	-7.3	720233
3151	165585600	-1.4	720233
3151	168177600	11.9	720233
3151	170856000	15.5	720233
3151	173448000	18.8	720233
3151	176126400	16.4	720233
3151	178804800	9.2	720233
3151	181396800	6.5	720233
3151	184075200	-0.5	720233
3151	186667200	-9.6	720233
3151	189345600	-14	720233
3151	192024000	-7.7	720233
3151	194529600	-5.4	720233
3151	197208000	4	720233
3151	199800000	7.7	720233
3151	202478400	16.3	720233
3151	205070400	17	720233
3151	207748800	16.8	720233
3151	210427200	11.9	720233
3151	213019200	2.5	720233
3151	215697600	-6.5	720233
3151	218289600	-14.2	720233
3151	220968000	-17.6	720233
3151	223646400	-10.4	720233
3151	226065600	-1.9	720233
3151	228744000	5.2	720233
3151	231336000	14	720233
3151	234014400	13.4	720233
3151	236606400	18.4	720233
3151	239284800	13.1	720233
3151	241963200	10.9	720233
3151	244555200	4.9	720233
3151	247233600	-2.6	720233
3151	249825600	-10.7	720233
3151	252504000	-13.6	720233
3151	255182400	-13.3	720233
3151	257601600	-6.9	720233
3151	260280000	-0.3	720233
3151	262872000	10	720233
3151	265550400	12.9	720233
3151	268142400	16	720233
3151	270820800	16.2	720233
3151	273499200	12.4	720233
3151	276091200	5.4	720233
3151	278769600	-2.3	720233
3151	281361600	-11.4	720233
3151	284040000	-16.4	720233
3151	286718400	-15.1	720233
3151	289137600	-5.1	720233
3151	291816000	0.1	720233
3151	294408000	6.4	720233
3151	297086400	12.8	720233
3151	299678400	16.6	720233
3151	302356800	14.4	720233
3151	305035200	11.9	720233
3151	307627200	3	720233
3151	310305600	-3.6	720233
3151	312897600	-6.9	720233
3151	315576000	-12.7	720233
3151	318254400	-12.3	720233
3151	320760000	-7.4	720233
3151	323438400	2.6	720233
3151	326030400	11.1	720233
3151	328708800	12.8	720233
3151	331300800	17.2	720233
3151	333979200	16.7	720233
3151	336657600	10.1	720233
3151	339249600	2.5	720233
3151	341928000	-2.4	720233
3151	344520000	-11.2	720233
3151	347198400	-12	720233
3151	349876800	-8.6	720233
3151	352296000	-3.8	720233
3151	354974400	2.6	720233
3151	357566400	7.5	720233
3151	360244800	14.2	720233
3151	362836800	16.8	720233
3151	365515200	16.2	720233
3151	368193600	8.7	720233
3151	370785600	2.5	720233
3151	373464000	-0.1	720233
3151	376056000	-8.7	720233
3151	378734400	-17.2	720233
3151	381412800	-12.8	720233
3151	383832000	-6.1	720233
3151	386510400	-0.6	720233
3151	389102400	11.2	720233
3151	391780800	10.7	720233
3151	394372800	17.1	720233
3151	397051200	14.2	720233
3151	399729600	10.9	720233
3151	402321600	6	720233
3151	4.05e+08	-2.9	720233
3151	407592000	-6.8	720233
3151	410270400	-10	720233
3151	412948800	-6.8	720233
3151	415368000	-4.4	720233
3151	418046400	-0.1	720233
3151	420638400	5.7	720233
3151	423316800	14.4	720233
3151	425908800	19.9	720233
3151	428587200	18.5	720233
3151	431265600	12.9	720233
3151	433857600	5.1	720233
3151	436536000	-1.9	720233
3151	439128000	-14.6	720233
3151	441806400	-14.9	720233
3151	444484800	-6.1	720233
3151	446990400	-9.6	720233
3151	449668800	2.9	720233
3151	452260800	7.3	720233
3151	454939200	15.2	720233
3151	457531200	16	720233
3151	460209600	17	720233
3151	462888000	9.9	720233
3151	465480000	6.7	720233
3151	468158400	-2.7	720233
3151	470750400	-9.6	720233
3151	473428800	-13.9	720233
3151	476107200	-13.1	720233
3151	478526400	-3.5	720233
3151	481204800	2.9	720233
3151	483796800	9.3	720233
3151	486475200	10.9	720233
3151	489067200	15.3	720233
3151	491745600	14	720233
3151	494424000	10.4	720233
3151	497016000	4.9	720233
3151	499694400	-5.1	720233
3151	502286400	-14.5	720233
3151	504964800	-11.8	720233
3151	507643200	-11.9	720233
3151	510062400	-4.2	720233
3151	512740800	4.5	720233
3151	515332800	10.8	720233
3151	518011200	12.5	720233
3151	520603200	17.6	720233
3151	523281600	13.8	720233
3151	525960000	10.3	720233
3151	528552000	3.9	720233
3151	531230400	-4.9	720233
3151	533822400	-7.8	720233
3151	536500800	-9.9	720233
3151	539179200	-6.6	720233
3151	541598400	-2.6	720233
3151	544276800	4.8	720233
3151	546868800	9.8	720233
3151	549547200	15.8	720233
3151	552139200	17.5	720233
3151	554817600	14.9	720233
3151	557496000	11.4	720233
3151	560088000	1.7	720233
3151	562766400	-1.1	720233
3151	565358400	-6.8	720233
3151	568036800	-13.4	720233
3151	570715200	-13.9	720233
3151	573220800	-6.3	720233
3151	575899200	2.6	720233
3151	578491200	11.2	720233
3151	581169600	15.7	720233
3151	583761600	18.3	720233
3151	586440000	17.1	720233
3151	589118400	11.1	720233
3151	591710400	2.2	720233
3151	594388800	-2.2	720233
3151	596980800	-10.9	720233
3151	599659200	-9.3	720233
3151	602337600	-15.5	720233
3151	604756800	-8.5	720233
3151	607435200	1.4	720233
3151	610027200	8.8	720233
3151	612705600	12.4	720233
3151	615297600	17.2	720233
3151	617976000	15.6	720233
3151	620654400	11.2	720233
3151	623246400	4.9	720233
3151	625924800	-6.2	720233
3151	628516800	-15.2	720233
3151	631195200	-7.6	720233
3151	633873600	-10.1	720233
3151	636292800	-3.5	720233
3151	638971200	3.8	720233
3151	641563200	6.6	720233
3151	644241600	14.3	720233
3151	646833600	15.9	720233
3151	649512000	15.3	720233
3151	652190400	11.4	720233
3151	654782400	4.2	720233
3151	657460800	-0.4	720233
3151	660052800	-9.7	720233
3151	662731200	-14.5	720233
3151	665409600	-8.3	720233
3151	667828800	-4.2	720233
3151	670507200	4.9	720233
3151	673099200	11.8	720233
3151	675777600	15.7	720233
3151	678369600	16.5	720233
3151	681048000	17	720233
3151	683726400	10	720233
3151	686318400	3.9	720233
3151	688996800	-4.7	720233
3151	691588800	-9.3	720233
3151	694267200	-10.4	720233
3151	696945600	-8.9	720233
3151	699451200	-7.1	720233
3151	702129600	0.7	720233
3151	704721600	10	720233
3151	707400000	11.9	720233
3151	709992000	13.3	720233
3151	712670400	13.4	720233
3151	715348800	11.3	720233
3151	717940800	3.9	720233
3151	720619200	-4	720233
3151	723211200	-9.4	720233
3151	725889600	-12.2	720233
3151	728568000	-12.1	720233
3151	730987200	-5.3	720233
3151	733665600	-0.1	720233
3151	736257600	8.5	720233
3151	738936000	12.7	720233
3151	741528000	16.6	720233
3151	744206400	16.6	720233
3151	746884800	8.7	720233
3151	749476800	3.8	720233
3151	752155200	-4.3	720233
3151	754747200	-9.4	720233
3151	757425600	-18.5	720233
3151	760104000	-15.1	720233
3151	762523200	-4.6	720233
3151	765201600	1.4	720233
3151	767793600	8.9	720233
3151	770472000	14.5	720233
3151	773064000	15.8	720233
3151	775742400	14	720233
3151	778420800	12.6	720233
3151	781012800	6.4	720233
3151	783691200	-1	720233
3151	786283200	-5.7	720233
3151	788961600	-11.5	720233
3151	791640000	-11.6	720233
3151	794059200	-4.2	720233
3151	796737600	-0.4	720233
3151	799329600	8.2	720233
3151	802008000	16.6	720233
3151	804600000	17.9	720233
3151	807278400	17.9	720233
3151	809956800	10.1	720233
3151	812548800	5.7	720233
3151	815227200	-8	720233
3151	817819200	-11.3	720233
3151	820497600	-14.2	720233
3151	823176000	-13	720233
3151	825681600	-8.2	720233
3151	828360000	-1.3	720233
3151	830952000	6.5	720233
3151	833630400	14.4	720233
3151	836222400	14.2	720233
3151	838900800	16.1	720233
3151	841579200	11.4	720233
3151	844171200	5.2	720233
3151	846849600	-5.1	720233
3151	849441600	-9.2	720233
3151	852120000	-13.2	720233
3151	854798400	-9.8	720233
3151	857217600	-7.3	720233
3151	859896000	0.5	720233
3151	862488000	5.4	720233
3151	865166400	15.6	720233
3151	867758400	16.7	720233
3151	870436800	13.9	720233
3151	873115200	12	720233
3151	875707200	5.6	720233
3151	878385600	-4	720233
3151	880977600	-5.5	720233
3151	883656000	-10.1	720233
3151	886334400	-3.4	720233
3151	888753600	-5.8	720233
3151	891432000	3.9	720233
3151	894024000	11.5	720233
3151	896702400	12.4	720233
3151	899294400	15.9	720233
3151	901972800	17.4	720233
3151	904651200	13.6	720233
3151	907243200	7.1	720233
3151	909921600	0	720233
3151	912513600	-6.6	720233
3151	915192000	-15	720233
3151	917870400	-6.8	720233
3151	920289600	-4	720233
3151	922968000	3.5	720233
3151	925560000	10.7	720233
3151	928238400	15.5	720233
3151	930830400	19.2	720233
3151	933508800	15.6	720233
3151	936187200	11.8	720233
3151	938779200	3.7	720233
3151	941457600	1.3	720233
3151	944049600	-9.2	720233
3151	946728000	-13.5	720233
3151	949406400	-9.7	720233
3151	951912000	-1.8	720233
3151	954590400	0.4	720233
3151	957182400	10.4	720233
3151	959860800	13.1	720233
3151	962452800	15.2	720233
3151	965131200	15	720233
3151	967809600	10	720233
3151	970401600	6.4	720233
3151	973080000	-1.7	720233
3151	975672000	-14.2	720233
3151	978350400	-10.8	720233
3151	981028800	-15.5	720233
3151	983448000	-6.4	720233
3151	986126400	3.5	720233
3151	988718400	8.6	720233
3151	991396800	14.1	720233
3151	993988800	17.8	720233
3151	996667200	18.5	720233
3151	999345600	12.3	720233
3151	1001937600	5.2	720233
3151	1004616000	2.9	720233
3151	1007208000	-5.1	720233
3151	1009886400	-7.4	720233
3151	1012564800	-6.9	720233
3151	1014984000	-9.1	720233
3151	1017662400	0.6	720233
3151	1020254400	6	720233
3151	1022932800	14.8	720233
3151	1025524800	19	720233
3151	1028203200	16.4	720233
3151	1030881600	13	720233
3151	1033473600	0.5	720233
3151	1036152000	-4.2	720233
3151	1038744000	-7.4	720233
3151	1041422400	-13	720233
3151	1044100800	-14.3	720233
3151	1046520000	-6.8	720233
3151	1049198400	0.7	720233
3151	1051790400	7.8	720233
3151	1054468800	13.7	720233
3151	1057060800	16.6	720233
3151	1059739200	17.2	720233
3151	1062417600	12.1	720233
3151	1065009600	4.3	720233
3151	1067688000	-2.6	720233
3151	1070280000	-6.5	720233
3151	1072958400	-15	720233
3151	1075636800	-9.1	720233
3151	1078142400	-6	720233
3151	1080820800	2.2	720233
3151	1083412800	7.9	720233
3151	1086091200	13.2	720233
3151	1088683200	15.5	720233
3151	1091361600	13.6	720233
3151	1094040000	14.8	720233
3151	1096632000	5.6	720233
3151	1099310400	-0.9	720233
3151	1101902400	-10.9	720233
3151	1104580800	-13.2	720233
3151	1107259200	-9.4	720233
3151	1109678400	-7.3	720233
3151	1112356800	4.3	720233
3151	1114948800	8.3	720233
3151	1117627200	17.1	720233
3151	1120219200	17.8	720233
3151	1122897600	16.8	720233
3151	1125576000	14.7	720233
3151	1128168000	7.6	720233
3151	1130846400	-2.1	720233
3151	1133438400	-8.1	720233
3151	1136116800	-6	720233
3151	1138795200	-11.4	720233
3151	1141214400	-4.2	720233
3151	1143892800	4.8	720233
3151	1146484800	10.4	720233
3151	1149163200	14.8	720233
3151	1151755200	19.2	720233
3151	1154433600	16.1	720233
3151	1157112000	10.6	720233
3151	1159704000	3.2	720233
3151	1162382400	-0.2	720233
3151	1164974400	-5.8	720233
3151	1167652800	-11.2	720233
3151	1170331200	-15.1	720233
3151	1172750400	-4.4	720233
3151	1175428800	0.3	720233
3151	1178020800	11.1	720233
3151	1180699200	16.4	720233
3151	1183291200	17.3	720233
3151	1185969600	17.3	720233
3151	1188648000	12.7	720233
3151	1191240000	8.3	720233
3151	1193918400	-3.2	720233
3151	1196510400	-10	720233
3151	1199188800	-11.2	720233
3151	1201867200	-14.2	720233
3151	1204372800	-10.3	720233
3151	1207051200	1.6	720233
3151	1209643200	7.3	720233
3151	1212321600	14.4	720233
3151	1214913600	17.1	720233
3151	1217592000	15.1	720233
3151	1220270400	12	720233
3151	1222862400	5	720233
3151	1225540800	-2.2	720233
3151	1228132800	-12.8	720233
3151	1230811200	-16.5	720233
3151	1233489600	-11.5	720233
3151	1235908800	-5.6	720233
3151	1238587200	1.3	720233
3151	1241179200	7.2	720233
3151	1243857600	13.2	720233
3151	1246449600	14.2	720233
3151	1249128000	15.1	720233
3151	1251806400	13.9	720233
3151	1254398400	2.2	720233
3151	1257076800	1.7	720233
3151	1259668800	-9.8	720233
3151	1262347200	-9.9	720233
3151	1265025600	-9.1	720233
3151	1267444800	-0.6	720233
3151	1270123200	5.8	720233
3151	1272715200	11.4	720233
3151	1275393600	14	720233
3151	1277985600	18.9	720233
3151	1280664000	18.2	720233
3151	1283342400	9.7	720233
3151	1285934400	6.4	720233
3151	1288612800	-1	720233
3151	1291204800	-9.2	720233
3151	1293883200	-13	720233
3151	1296561600	-10	720233
3151	1298980800	-6	720233
3151	1301659200	1	720233
3151	1304251200	8.6	720233
3151	1306929600	13.6	720233
3151	1309521600	19.2	720233
3151	1312200000	17.3	720233
3151	1314878400	11.2	720233
3151	1317470400	7	720233
3151	1320148800	-0.5	720233
3151	1322740800	-6.8	720233
3151	1325419200	-9.1	720233
3151	1328097600	-6.1	720233
3151	1330603200	3.4	720233
3151	1333281600	2.8	720233
3151	1335873600	11.4	720233
3151	1338552000	15.8	720233
3151	1341144000	19.5	720233
3151	1343822400	16.1	720233
3151	1346500800	10.6	720233
3151	1349092800	4.2	720233
3151	1351771200	-1.6	720233
3151	1354363200	-6.1	720233
3151	1357041600	-10.8	720233
3151	1359720000	-11.3	720233
3151	1362139200	-8	720233
3151	1364817600	-1.3	720233
3151	1367409600	8.5	720233
3151	1370088000	13.7	720233
3151	1372680000	17	720233
3151	1375358400	16.1	720233
3151	1378036800	11.8	720233
3151	1380628800	5.1	720233
3151	1383307200	-3.5	720233
3151	1385899200	-13.7	720233
3151	1388577600	-16.9	720233
3151	1391256000	-16.4	720233
3151	1393675200	-11.7	720233
3156	-2427105600	-10.7	720238
3156	-2424686400	-5.3	720238
3156	-2422008000	2.7	720238
3156	-2419416000	8.9	720238
3156	-2416737600	18.8	720238
3156	-2414145600	19.4	720238
3156	-2411467200	16.5	720238
3156	-2408788800	11.7	720238
3156	-2406196800	6.6	720238
3156	-2403518400	-1.7	720238
3156	-2400926400	-9.4	720238
3156	-2398248000	-8.6	720238
3156	-2395569600	-9.2	720238
3156	-2393150400	0.1	720238
3156	-2390472000	6	720238
3156	-2387880000	9.8	720238
3156	-2385201600	18.5	720238
3156	-2382609600	19.8	720238
3156	-2379931200	17.2	720238
3156	-2377252800	14.2	720238
3156	-2374660800	7	720238
3156	-2371982400	-3.5	720238
3156	-2369390400	-3.7	720238
3156	-2366712000	-11.1	720238
3156	-2364033600	-12	720238
3156	-2361614400	-5.1	720238
3156	-2358936000	6.1	720238
3156	-2356344000	12.3	720238
3156	-2353665600	17	720238
3156	-2351073600	16.9	720238
3156	-2348395200	16.7	720238
3156	-2345716800	14.7	720238
3156	-2343124800	3.2	720238
3156	-2340446400	-2.4	720238
3156	-2337854400	-6.5	720238
3156	-2335176000	-8.5	720238
3156	-2332497600	-7.2	720238
3156	-2329992000	-6.1	720238
3156	-2327313600	6.7	720238
3156	-2324721600	14.5	720238
3156	-2322043200	17.3	720238
3156	-2319451200	18.8	720238
3156	-2316772800	17.7	720238
3156	-2314094400	10.8	720238
3156	-2311502400	4.5	720238
3156	-2308824000	-3.5	720238
3156	-2306232000	-5.8	720238
3156	-2303553600	-9.2	720238
3156	-2300875200	-7.4	720238
3156	-2298456000	-4.6	720238
3156	-2295777600	4.4	720238
3156	-2293185600	9.2	720238
3156	-2290507200	14.5	720238
3156	-2287915200	21	720238
3156	-2285236800	15.6	720238
3156	-2282558400	15.9	720238
3156	-2279966400	9.5	720238
3156	-2277288000	-3.1	720238
3156	-2274696000	-9.5	720238
3156	-2272017600	-7.8	720238
3156	-2269339200	-7.6	720238
3156	-2266920000	-1.1	720238
3156	-2264241600	3.7	720238
3156	-2261649600	10.8	720238
3156	-2258971200	17.2	720238
3156	-2256379200	19.3	720238
3156	-2253700800	16.9	720238
3156	-2251022400	14.9	720238
3156	-2248430400	6.2	720238
3156	-2245752000	-1.5	720238
3156	-2243160000	-9.1	720238
3156	-2240481600	-12.3	720238
3156	-2237803200	-14.5	720238
3156	-2235384000	-9.1	720238
3156	-2232705600	6.2	720238
3156	-2230113600	11.2	720238
3156	-2227435200	16.6	720238
3156	-2224843200	18.8	720238
3156	-2222164800	19.2	720238
3156	-2219486400	11.7	720238
3156	-2216894400	8.8	720238
3156	-2214216000	2.9	720238
3156	-2211624000	-7.4	720238
3156	-2208945600	-8	720238
3156	-2206267200	-13.3	720238
3156	-2203848000	-6.4	720238
3156	-2201169600	6.6	720238
3156	-2198577600	12.2	720238
3156	-2195899200	17.1	720238
3156	-2193307200	18.1	720238
3156	-2190628800	21	720238
3156	-2187950400	13.7	720238
3156	-2185358400	12.7	720238
3156	-2182680000	-3.8	720238
3156	-2180088000	-6.9	720238
3156	-2177409600	-10.4	720238
3156	-2174731200	-12.1	720238
3156	-2172312000	-4.5	720238
3156	-2169633600	6.7	720238
3156	-2167041600	11.5	720238
3156	-2164363200	18.2	720238
3156	-2161771200	20.7	720238
3156	-2159092800	18.7	720238
3156	-2156414400	12.9	720238
3156	-2153822400	8	720238
3156	-2151144000	-2.2	720238
3156	-2148552000	-9.3	720238
3156	-2145873600	-9.6	720238
3156	-2143195200	-8.6	720238
3156	-2140776000	1	720238
3156	-2138097600	4.8	720238
3156	-2135505600	11.5	720238
3156	-2132827200	14	720238
3156	-2130235200	19.2	720238
3156	-2127556800	16	720238
3156	-2124878400	11.6	720238
3156	-2122286400	6.3	720238
3156	-2119608000	0.7	720238
3156	-2117016000	-7.9	720238
3156	-2114337600	-10.6	720238
3156	-2111659200	-9.3	720238
3156	-2109240000	0.6	720238
3156	-2106561600	4.1	720238
3156	-2103969600	11.5	720238
3156	-2101291200	15.4	720238
3156	-2098699200	18.5	720238
3156	-2096020800	15.2	720238
3156	-2093342400	12.8	720238
3156	-2090750400	7.3	720238
3156	-2088072000	-3.2	720238
3156	-2085480000	-11.6	720238
3156	-2082801600	-13.6	720238
3156	-2080123200	-16.3	720238
3156	-2077617600	-4.8	720238
3156	-2074939200	1.6	720238
3156	-2072347200	11.1	720238
3156	-2069668800	15.9	720238
3156	-2067076800	17.1	720238
3156	-2064398400	15.4	720238
3156	-2061720000	12.3	720238
3156	-2059128000	5.9	720238
3156	-2056449600	0.8	720238
3156	-2053857600	-9.2	720238
3156	-2051179200	-13.3	720238
3156	-2048500800	-12.4	720238
3156	-2046081600	-3	720238
3156	-2043403200	3.6	720238
3156	-2040811200	9.6	720238
3156	-2038132800	15.6	720238
3156	-2035540800	17.5	720238
3156	-2032862400	17.9	720238
3156	-2030184000	14.6	720238
3156	-2027592000	6.1	720238
3156	-2024913600	-0.7	720238
3156	-2022321600	-5.7	720238
3156	-2019643200	-6.5	720238
3156	-2016964800	-10.5	720238
3156	-2014545600	-8.1	720238
3156	-2011867200	6.4	720238
3156	-2009275200	9.6	720238
3156	-2006596800	16.2	720238
3156	-2004004800	18.4	720238
3156	-2001326400	18.7	720238
3156	-1998648000	15.8	720238
3156	-1996056000	6.3	720238
3156	-1993377600	-0.3	720238
3156	-1990785600	-6.2	720238
3156	-1988107200	-12.4	720238
3156	-1985428800	-10.9	720238
3156	-1983009600	-2.4	720238
3156	-1980331200	-1.2	720238
3156	-1977739200	5.8	720238
3156	-1975060800	17.3	720238
3156	-1972468800	18.3	720238
3156	-1969790400	16.9	720238
3156	-1967112000	13	720238
3156	-1964520000	5.5	720238
3156	-1961841600	-1.4	720238
3156	-1959249600	-5.7	720238
3156	-1956571200	-7.8	720238
3156	-1953892800	-9.1	720238
3156	-1951387200	-3.9	720238
3156	-1948708800	4.6	720238
3156	-1946116800	11.3	720238
3156	-1943438400	16.2	720238
3156	-1940846400	19.9	720238
3156	-1938168000	17.8	720238
3156	-1935489600	17.4	720238
3156	-1932897600	8.3	720238
3156	-1930219200	-0.3	720238
3156	-1927627200	-8.5	720238
3156	-1924948800	-9.2	720238
3156	-1922270400	-7.9	720238
3156	-1919851200	-4.7	720238
3156	-1917172800	0.6	720238
3156	-1914580800	11.9	720238
3156	-1911902400	18.2	720238
3156	-1909310400	18.5	720238
3156	-1906632000	18.8	720238
3156	-1903953600	13.4	720238
3156	-1901361600	6.1	720238
3156	-1898683200	1.3	720238
3156	-1896091200	-7.2	720238
3156	-1893412800	-10.6	720238
3156	-1890734400	-11.6	720238
3156	-1888315200	3.6	720238
3156	-1885636800	5.6	720238
3156	-1883044800	9	720238
3156	-1880366400	18.1	720238
3156	-1877774400	20.2	720238
3156	-1875096000	17.8	720238
3156	-1872417600	13.1	720238
3156	-1869825600	9.3	720238
3156	-1867147200	-2.3	720238
3156	-1864555200	-8.6	720238
3156	-1861876800	-10.2	720238
3156	-1859198400	-6.4	720238
3156	-1856779200	-2	720238
3156	-1854100800	5.2	720238
3156	-1851508800	13.8	720238
3156	-1848830400	19.4	720238
3156	-1846238400	19.4	720238
3156	-1843560000	16.6	720238
3156	-1840881600	12.9	720238
3156	-1838289600	5.9	720238
3156	-1835611200	-2.9	720238
3156	-1833019200	-3.9	720238
3156	-1830340800	-20	720238
3156	-1827662400	-12.2	720238
3156	-1825156800	-6.3	720238
3156	-1822478400	4.9	720238
3156	-1819886400	11.1	720238
3156	-1817208000	15.6	720238
3156	-1814616000	18.7	720238
3156	-1811937600	15.2	720238
3156	-1809259200	13.7	720238
3156	-1806667200	7.8	720238
3156	-1803988800	0	720238
3156	-1801396800	-5.7	720238
3156	-1798718400	-9.7	720238
3156	-1796040000	-13.5	720238
3156	-1793620800	-6.1	720238
3156	-1790942400	6	720238
3156	-1788350400	10.3	720238
3156	-1785672000	18.4	720238
3156	-1783080000	18.4	720238
3156	-1780401600	19	720238
3156	-1777723200	12.6	720238
3156	-1775131200	6.4	720238
3156	-1772452800	2.6	720238
3156	-1769860800	-1.2	720238
3156	-1767182400	-6.9	720238
3156	-1764504000	-13.3	720238
3156	-1762084800	-3.4	720238
3156	-1759406400	3.1	720238
3156	-1756814400	13.5	720238
3156	-1754136000	16.1	720238
3156	-1751544000	20.7	720238
3156	-1748865600	17.7	720238
3156	-1746187200	13.7	720238
3156	-1743595200	10.5	720238
3156	-1740916800	-0.8	720238
3156	-1738324800	-9.6	720238
3156	-1735646400	-11.5	720238
3156	-1732968000	-5.1	720238
3156	-1730548800	-3.4	720238
3156	-1727870400	9.7	720238
3156	-1725278400	9.2	720238
3156	-1722600000	14.1	720238
3156	-1720008000	17.8	720238
3156	-1717329600	15.4	720238
3156	-1714651200	14.3	720238
3156	-1712059200	7.8	720238
3156	-1709380800	0.2	720238
3156	-1706788800	-6.4	720238
3156	-1704110400	-10.1	720238
3156	-1701432000	-11.5	720238
3156	-1698926400	-6.2	720238
3156	-1696248000	4	720238
3156	-1693656000	10.8	720238
3156	-1690977600	14.5	720238
3156	-1688385600	23	720238
3156	-1685707200	19.3	720238
3156	-1683028800	12.6	720238
3156	-1680436800	7	720238
3156	-1677758400	-1.2	720238
3156	-1675166400	-9.6	720238
3156	-1672488000	-12.9	720238
3156	-1669809600	-15.3	720238
3156	-1667390400	-4.2	720238
3156	-1664712000	2	720238
3156	-1662120000	8.3	720238
3156	-1659441600	14.2	720238
3156	-1656849600	20	720238
3156	-1654171200	15.8	720238
3156	-1651492800	12.3	720238
3156	-1648900800	2.4	720238
3156	-1646222400	0.8	720238
3156	-1643630400	-11.8	720238
3156	-1640952000	-15.7	720238
3156	-1638273600	-12	720238
3156	-1635854400	0.5	720238
3156	-1633176000	3.6	720238
3156	-1630584000	12.5	720238
3156	-1627905600	15.5	720238
3156	-1625313600	19	720238
3156	-1622635200	18.6	720238
3156	-1619956800	10.4	720238
3156	-1617364800	7.9	720238
3156	-1614686400	1.3	720238
3156	-1612094400	-4.7	720238
3156	-1609416000	-7.3	720238
3156	-1606737600	-7.6	720238
3156	-1604318400	-3	720238
3156	-1601640000	4.9	720238
3156	-1599048000	10.9	720238
3156	-1596369600	20.1	720238
3156	-1593777600	21.6	720238
3156	-1591099200	17.7	720238
3156	-1588420800	14.4	720238
3156	-1585828800	5.7	720238
3156	-1583150400	-2.6	720238
3156	-1580558400	-12.9	720238
3156	-1577880000	-14.6	720238
3156	-1575201600	-10.5	720238
3156	-1572696000	-3	720238
3156	-1570017600	1.4	720238
3156	-1567425600	10.1	720238
3156	-1564747200	18	720238
3156	-1562155200	18	720238
3156	-1559476800	17.5	720238
3156	-1556798400	15.6	720238
3156	-1554206400	12.6	720238
3156	-1551528000	-1.5	720238
3156	-1548936000	-5	720238
3156	-1546257600	-7.2	720238
3156	-1543579200	-8.1	720238
3156	-1541160000	-3.6	720238
3156	-1538481600	10	720238
3156	-1535889600	14.1	720238
3156	-1533211200	21	720238
3156	-1530619200	23.8	720238
3156	-1527940800	18.5	720238
3156	-1525262400	16	720238
3156	-1522670400	7.6	720238
3156	-1519992000	-3.4	720238
3156	-1517400000	-7.6	720238
3156	-1514721600	-11.5	720238
3156	-1512043200	-11.1	720238
3156	-1509624000	-3.1	720238
3156	-1506945600	3.9	720238
3156	-1504353600	14.9	720238
3156	-1501675200	17.2	720238
3156	-1499083200	18.3	720238
3156	-1496404800	18.3	720238
3156	-1493726400	15.6	720238
3156	-1491134400	7.5	720238
3156	-1488456000	1.3	720238
3156	-1485864000	-8.4	720238
3156	-1483185600	-9.9	720238
3156	-1480507200	-13.3	720238
3156	-1478088000	-7.6	720238
3156	-1475409600	3.1	720238
3156	-1472817600	11.4	720238
3156	-1470139200	18.8	720238
3156	-1467547200	19.8	720238
3156	-1464868800	16.4	720238
3156	-1462190400	14	720238
3156	-1459598400	6.3	720238
3156	-1456920000	1.4	720238
3156	-1454328000	-2	720238
3156	-1451649600	-15	720238
3156	-1448971200	-7.5	720238
3156	-1446465600	-3.2	720238
3156	-1443787200	3.6	720238
3156	-1441195200	6.9	720238
3156	-1438516800	15.1	720238
3156	-1435924800	17.2	720238
3156	-1433246400	16.6	720238
3156	-1430568000	11.4	720238
3156	-1427976000	10.3	720238
3156	-1425297600	-0.2	720238
3156	-1422705600	-11.7	720238
3156	-1420027200	-10.3	720238
3156	-1417348800	-7.6	720238
3156	-1414929600	-1.6	720238
3156	-1412251200	7.7	720238
3156	-1409659200	9.5	720238
3156	-1406980800	18.2	720238
3156	-1404388800	18.9	720238
3156	-1401710400	19	720238
3156	-1399032000	15.1	720238
3156	-1396440000	2.4	720238
3156	-1393761600	-1.1	720238
3156	-1391169600	-7.6	720238
3156	-1388491200	-8.9	720238
3156	-1385812800	-8.3	720238
3156	-1383393600	-6.6	720238
3156	-1380715200	2.4	720238
3156	-1378123200	11.9	720238
3156	-1375444800	14.5	720238
3156	-1372852800	18.8	720238
3156	-1370174400	17.2	720238
3156	-1367496000	11.5	720238
3156	-1364904000	5.2	720238
3156	-1362225600	-3.7	720238
3156	-1359633600	-10.3	720238
3156	-1356955200	-11.6	720238
3156	-1354276800	-8	720238
3156	-1351857600	0.2	720238
3156	-1349179200	4.7	720238
3156	-1346587200	8.6	720238
3156	-1343908800	14.7	720238
3156	-1341316800	17.4	720238
3156	-1338638400	15.2	720238
3156	-1335960000	15.9	720238
3156	-1333368000	8.9	720238
3156	-1330689600	-0.7	720238
3156	-1328097600	-9.4	720238
3156	-1325419200	-7.4	720238
3156	-1322740800	-9.2	720238
3156	-1320235200	-3.9	720238
3156	-1317556800	1.7	720238
3156	-1314964800	11.8	720238
3156	-1312286400	14.2	720238
3156	-1309694400	18.9	720238
3156	-1307016000	17.8	720238
3156	-1304337600	9.2	720238
3156	-1301745600	7.6	720238
3156	-1299067200	0.4	720238
3156	-1296475200	-5.1	720238
3156	-1293796800	-15.5	720238
3156	-1291118400	-13.2	720238
3156	-1288699200	-1.4	720238
3156	-1286020800	5.4	720238
3156	-1283428800	9.6	720238
3156	-1280750400	15.2	720238
3156	-1278158400	19	720238
3156	-1275480000	17.4	720238
3156	-1272801600	13.8	720238
3156	-1270209600	7.6	720238
3156	-1267531200	-2.4	720238
3156	-1264939200	-8.3	720238
3156	-1262260800	-12.7	720238
3156	-1259582400	-6.2	720238
3156	-1257163200	-3	720238
3156	-1254484800	5.7	720238
3156	-1251892800	12.5	720238
3156	-1249214400	17.9	720238
3156	-1246622400	19.1	720238
3156	-1243944000	19.2	720238
3156	-1241265600	14.6	720238
3156	-1238673600	6.9	720238
3156	-1235995200	1.5	720238
3156	-1233403200	-6.4	720238
3156	-1230724800	-6.2	720238
3156	-1228046400	-3.2	720238
3156	-1225627200	-2.4	720238
3156	-1222948800	5.7	720238
3156	-1220356800	11.7	720238
3156	-1217678400	18.6	720238
3156	-1215086400	21.1	720238
3156	-1212408000	17.1	720238
3156	-1209729600	17.5	720238
3156	-1207137600	10.1	720238
3156	-1204459200	3.4	720238
3156	-1201867200	-2.4	720238
3156	-1199188800	-5.3	720238
3156	-1196510400	-7.1	720238
3156	-1194004800	-6.3	720238
3156	-1191326400	3.8	720238
3156	-1188734400	11.6	720238
3156	-1186056000	17.9	720238
3156	-1183464000	19.9	720238
3156	-1180785600	19.1	720238
3156	-1178107200	13.3	720238
3156	-1175515200	5.7	720238
3156	-1172836800	-2.9	720238
3156	-1170244800	-7.9	720238
3156	-1167566400	-6	720238
3156	-1164888000	-11.2	720238
3156	-1162468800	-4.6	720238
3156	-1159790400	3.7	720238
3156	-1157198400	12.2	720238
3156	-1154520000	20.6	720238
3156	-1151928000	20.5	720238
3156	-1149249600	18.1	720238
3156	-1146571200	16.3	720238
3156	-1143979200	5.6	720238
3156	-1141300800	-3.7	720238
3156	-1138708800	-9.4	720238
3156	-1136030400	-6	720238
3156	-1133352000	-12.5	720238
3156	-1130932800	-6.3	720238
3156	-1128254400	3.2	720238
3156	-1125662400	14.6	720238
3156	-1122984000	18.7	720238
3156	-1120392000	19.9	720238
3156	-1117713600	16.4	720238
3156	-1115035200	12.9	720238
3156	-1112443200	8.7	720238
3156	-1109764800	1.4	720238
3156	-1107172800	-8.7	720238
3156	-1104494400	-11.2	720238
3156	-1101816000	-8.5	720238
3156	-1099396800	-2.3	720238
3156	-1096718400	4.2	720238
3156	-1094126400	9.4	720238
3156	-1091448000	14.7	720238
3156	-1088856000	22.3	720238
3156	-1086177600	18.9	720238
3156	-1083499200	12.7	720238
3156	-1080907200	7.6	720238
3156	-1078228800	-1.4	720238
3156	-1075636800	-7.3	720238
3156	-1072958400	-11.5	720238
3156	-1070280000	-16.3	720238
3156	-1067774400	-2.3	720238
3156	-1065096000	1.9	720238
3156	-1062504000	14.2	720238
3156	-1059825600	16.1	720238
3156	-1057233600	21.8	720238
3156	-1054555200	18.8	720238
3156	-1051876800	15.8	720238
3156	-1049284800	5.6	720238
3156	-1046606400	-2.6	720238
3156	-1044014400	-5.4	720238
3156	-1041336000	-11.3	720238
3156	-1038657600	-9	720238
3156	-1036238400	-5.5	720238
3156	-1033560000	3.1	720238
3156	-1030968000	12	720238
3156	-1028289600	16.7	720238
3156	-1025697600	20.3	720238
3156	-1023019200	20.4	720238
3156	-1020340800	12.2	720238
3156	-1017748800	6.9	720238
3156	-1015070400	2.3	720238
3156	-1012478400	-8.5	720238
3156	-1009800000	-11.2	720238
3156	-1007121600	-6.8	720238
3156	-1004702400	0.2	720238
3156	-1002024000	6.1	720238
3156	-999432000	12.1	720238
3156	-996753600	16.7	720238
3156	-994161600	19.9	720238
3156	-991483200	19.6	720238
3156	-988804800	12.8	720238
3156	-986212800	9.4	720238
3156	-983534400	-0.1	720238
3156	-980942400	-7.1	720238
3156	-978264000	-8.4	720238
3156	-975585600	-12.3	720238
3156	-973166400	-4.9	720238
3156	-970488000	2.8	720238
3156	-967896000	12.9	720238
3156	-965217600	17.6	720238
3156	-962625600	19.9	720238
3156	-959947200	18.3	720238
3156	-957268800	14.3	720238
3156	-954676800	7	720238
3156	-951998400	0.6	720238
3156	-949406400	-3	720238
3156	-946728000	-11.6	720238
3156	-944049600	-7.4	720238
3156	-941544000	-6.6	720238
3156	-938865600	2.4	720238
3156	-936273600	10.2	720238
3156	-933595200	17.1	720238
3156	-931003200	19.6	720238
3156	-928324800	17.7	720238
3156	-925646400	15.1	720238
3156	-923054400	8.6	720238
3156	-920376000	-0.7	720238
3156	-917784000	-5.5	720238
3156	-915105600	-8.3	720238
3156	-912427200	-7.8	720238
3156	-910008000	-5	720238
3156	-907329600	8.2	720238
3156	-904737600	14.5	720238
3156	-902059200	19.2	720238
3156	-899467200	20.4	720238
3156	-896788800	17.5	720238
3156	-894110400	15.1	720238
3156	-891518400	7.6	720238
3156	-888840000	1	720238
3156	-886248000	-3.4	720238
3156	-883569600	-8.4	720238
3156	-880891200	-8.4	720238
3156	-878472000	-0.6	720238
3156	-875793600	8.8	720238
3156	-873201600	11.1	720238
3156	-870523200	17	720238
3156	-867931200	18.7	720238
3156	-865252800	18.1	720238
3156	-862574400	12.5	720238
3156	-859982400	8.1	720238
3156	-857304000	-0.5	720238
3156	-854712000	-8.8	720238
3156	-852033600	-11.7	720238
3156	-849355200	-8.4	720238
3156	-846936000	-6.5	720238
3156	-844257600	3.3	720238
3156	-841665600	11.4	720238
3156	-838987200	18.7	720238
3156	-836395200	21.1	720238
3156	-833716800	18.8	720238
3156	-831038400	11.2	720238
3156	-828446400	7.6	720238
3156	-825768000	-1.9	720238
3156	-823176000	-6.3	720238
3156	-820497600	-4.4	720238
3156	-817819200	-7.3	720238
3156	-815313600	-5.1	720238
3156	-812635200	3	720238
3156	-810043200	13.8	720238
3156	-807364800	17.6	720238
3156	-804772800	19.5	720238
3156	-802094400	19.3	720238
3156	-799416000	14	720238
3156	-796824000	7.9	720238
3156	-794145600	2.5	720238
3156	-791553600	-7.6	720238
3156	-788875200	-11.6	720238
3156	-786196800	-8.4	720238
3156	-783777600	2.9	720238
3156	-781099200	5.2	720238
3156	-778507200	8.8	720238
3156	-775828800	14.9	720238
3156	-773236800	17.8	720238
3156	-770558400	18.2	720238
3156	-767880000	13.4	720238
3156	-765288000	6.3	720238
3156	-762609600	-0.9	720238
3156	-760017600	-8.9	720238
3156	-757339200	-8.7	720238
3156	-754660800	-9.7	720238
3156	-752241600	3.3	720238
3156	-749563200	6.1	720238
3156	-746971200	11.1	720238
3156	-744292800	16.8	720238
3156	-741700800	19.3	720238
3156	-739022400	17	720238
3156	-736344000	13.2	720238
3156	-733752000	9.4	720238
3156	-731073600	0.3	720238
3156	-728481600	-7.3	720238
3156	-725803200	-8.3	720238
3156	-723124800	-9.1	720238
3156	-720705600	-3.8	720238
3156	-718027200	2.9	720238
3156	-715435200	8.9	720238
3156	-712756800	15.5	720238
3156	-710164800	20.2	720238
3156	-707486400	22.3	720238
3156	-704808000	14.4	720238
3156	-702216000	12.9	720238
3156	-699537600	-2.5	720238
3156	-696945600	-7	720238
3156	-694267200	-13.6	720238
3156	-691588800	-10	720238
3156	-689083200	-4.4	720238
3156	-686404800	6.7	720238
3156	-683812800	11	720238
3156	-681134400	16.8	720238
3156	-678542400	20.1	720238
3156	-675864000	19.1	720238
3156	-673185600	16	720238
3156	-670593600	7.1	720238
3156	-667915200	1.3	720238
3156	-665323200	-6.7	720238
3156	-662644800	-7.2	720238
3156	-659966400	-8.6	720238
3156	-657547200	-3.3	720238
3156	-654868800	6.8	720238
3156	-652276800	12.5	720238
3156	-649598400	20.2	720238
3156	-647006400	20.8	720238
3156	-644328000	19.5	720238
3156	-641649600	12.7	720238
3156	-639057600	9.8	720238
3156	-636379200	-0.4	720238
3156	-633787200	-7.2	720238
3156	-631108800	-11	720238
3156	-628430400	-9.5	720238
3156	-626011200	-5.6	720238
3156	-623332800	0	720238
3156	-620740800	10.7	720238
3156	-618062400	17.1	720238
3156	-615470400	17.9	720238
3156	-612792000	15.6	720238
3156	-610113600	13.3	720238
3156	-607521600	9.8	720238
3156	-604843200	-3.1	720238
3156	-602251200	-10.6	720238
3156	-599572800	-11.7	720238
3156	-596894400	-8.4	720238
3156	-594475200	-4.2	720238
3156	-591796800	4.5	720238
3156	-589204800	14	720238
3156	-586526400	15.5	720238
3156	-583934400	19.3	720238
3156	-581256000	16.2	720238
3156	-578577600	12.4	720238
3156	-575985600	7.4	720238
3156	-573307200	-4.3	720238
3156	-570715200	-8.2	720238
3156	-568036800	-9.5	720238
3156	-565358400	-6.8	720238
3156	-562852800	-4.5	720238
3156	-560174400	7.2	720238
3156	-557582400	11.6	720238
3156	-554904000	17.7	720238
3156	-552312000	20.1	720238
3156	-549633600	17.8	720238
3156	-546955200	14.2	720238
3156	-544363200	4.2	720238
3156	-541684800	0.8	720238
3156	-539092800	-4	720238
3156	-536414400	-7.2	720238
3156	-533736000	-8.2	720238
3156	-531316800	-2	720238
3156	-528638400	3.4	720238
3156	-526046400	12	720238
3156	-523368000	17.5	720238
3156	-520776000	19.3	720238
3156	-518097600	19.2	720238
3156	-515419200	13.8	720238
3156	-512827200	10.2	720238
3156	-510148800	2.4	720238
3156	-507556800	-5.4	720238
3156	-504878400	-10.7	720238
3156	-502200000	-3.8	720238
3156	-499780800	-4.7	720238
3156	-497102400	5	720238
3156	-494510400	8.3	720238
3156	-491832000	18.4	720238
3156	-489240000	18.8	720238
3156	-486561600	17.1	720238
3156	-483883200	12.2	720238
3156	-481291200	7	720238
3156	-478612800	1.2	720238
3156	-476020800	-6.3	720238
3156	-473342400	-10.4	720238
3156	-470664000	-9.2	720238
3156	-468244800	-4.8	720238
3156	-465566400	8.5	720238
3156	-462974400	13.7	720238
3156	-460296000	17.2	720238
3156	-457704000	22.4	720238
3156	-455025600	20.3	720238
3156	-452347200	13.6	720238
3156	-449755200	8.4	720238
3156	-447076800	-2.8	720238
3156	-444484800	-9.8	720238
3156	-441806400	-8.5	720238
3156	-439128000	-8.8	720238
3156	-436622400	-5.4	720238
3156	-433944000	3.4	720238
3156	-431352000	10.8	720238
3156	-428673600	17.9	720238
3156	-426081600	17.2	720238
3156	-423403200	17.6	720238
3156	-420724800	11.4	720238
3156	-418132800	10.7	720238
3156	-415454400	1.9	720238
3156	-412862400	-6.4	720238
3156	-410184000	-13.9	720238
3156	-407505600	-8	720238
3156	-405086400	-3.1	720238
3156	-402408000	5.6	720238
3156	-399816000	11.5	720238
3156	-397137600	17	720238
3156	-394545600	20.4	720238
3156	-391867200	18	720238
3156	-389188800	12.3	720238
3156	-386596800	7	720238
3156	-383918400	0.1	720238
3156	-381326400	-6.4	720238
3156	-378648000	-7.4	720238
3156	-375969600	-10	720238
3156	-373550400	-1.7	720238
3156	-370872000	5.9	720238
3156	-368280000	10.7	720238
3156	-365601600	14.2	720238
3156	-363009600	18.4	720238
3156	-360331200	17.8	720238
3156	-357652800	13.7	720238
3156	-355060800	8.5	720238
3156	-352382400	0.4	720238
3156	-349790400	-12.4	720238
3156	-347112000	-13.8	720238
3156	-344433600	-11.3	720238
3156	-342014400	-3.7	720238
3156	-339336000	5.3	720238
3156	-336744000	14	720238
3156	-334065600	18.1	720238
3156	-331473600	19.6	720238
3156	-328795200	20.2	720238
3156	-326116800	14	720238
3156	-323524800	5.4	720238
3156	-320846400	-5.2	720238
3156	-318254400	-3.9	720238
3156	-315576000	-9.1	720238
3156	-312897600	-8.3	720238
3156	-310392000	-7.7	720238
3156	-307713600	5.4	720238
3156	-305121600	11.3	720238
3156	-302443200	15.6	720238
3156	-299851200	18.2	720238
3156	-297172800	18.2	720238
3156	-294494400	13.6	720238
3156	-291902400	7.5	720238
3156	-289224000	1.1	720238
3156	-286632000	-8.7	720238
3156	-283953600	-10.9	720238
3156	-281275200	-5.5	720238
3156	-278856000	-1.4	720238
3156	-276177600	3.4	720238
3156	-273585600	10.1	720238
3156	-270907200	16.7	720238
3156	-268315200	19	720238
3156	-265636800	18.5	720238
3156	-262958400	14.1	720238
3156	-260366400	8.8	720238
3156	-257688000	-0.1	720238
3156	-255096000	-8.2	720238
3156	-252417600	-12.3	720238
3156	-249739200	-11.5	720238
3156	-247320000	-2.3	720238
3156	-244641600	4.4	720238
3156	-242049600	14.3	720238
3156	-239371200	16.3	720238
3156	-236779200	17.7	720238
3156	-234100800	17.8	720238
3156	-231422400	11.8	720238
3156	-228830400	8.4	720238
3156	-226152000	-0.2	720238
3156	-223560000	-7.9	720238
3156	-220881600	-15	720238
3156	-218203200	-13	720238
3156	-215784000	-2.3	720238
3156	-213105600	5.9	720238
3156	-210513600	11	720238
3156	-207835200	17.8	720238
3156	-205243200	19.8	720238
3156	-202564800	17.1	720238
3156	-199886400	13.1	720238
3156	-197294400	12.5	720238
3156	-194616000	2.8	720238
3156	-192024000	-10.3	720238
3156	-189345600	-6.9	720238
3156	-186667200	-7.2	720238
3156	-184161600	-4	720238
3156	-181483200	5.6	720238
3156	-178891200	14.2	720238
3156	-176212800	17	720238
3156	-173620800	20.3	720238
3156	-170942400	16.2	720238
3156	-168264000	12.4	720238
3156	-165672000	7.1	720238
3156	-162993600	1.5	720238
3156	-160401600	-9.4	720238
3156	-157723200	-11.5	720238
3156	-155044800	-11.2	720238
3156	-152625600	-5.9	720238
3156	-149947200	3.3	720238
3156	-147355200	13.4	720238
3156	-144676800	15.8	720238
3156	-142084800	17.3	720238
3156	-139406400	17.3	720238
3156	-136728000	11.1	720238
3156	-134136000	8	720238
3156	-131457600	-0.5	720238
3156	-128865600	-4	720238
3156	-126187200	-12.9	720238
3156	-123508800	-7.4	720238
3156	-121089600	-0.8	720238
3156	-118411200	3.3	720238
3156	-115819200	9	720238
3156	-113140800	18.4	720238
3156	-110548800	21.6	720238
3156	-107870400	17.4	720238
3156	-105192000	13.3	720238
3156	-102600000	6.8	720238
3156	-99921600	-1.2	720238
3156	-97329600	-6.9	720238
3156	-94651200	-8.8	720238
3156	-91972800	-12.5	720238
3156	-89553600	-3.1	720238
3156	-86875200	5	720238
3156	-84283200	8.6	720238
3156	-81604800	17.3	720238
3156	-79012800	18.2	720238
3156	-76334400	16.6	720238
3156	-73656000	13.2	720238
3156	-71064000	6.8	720238
3156	-68385600	-2.2	720238
3156	-65793600	-6.9	720238
3156	-63115200	-10.6	720238
3156	-60436800	-9.7	720238
3156	-57931200	0.9	720238
3156	-55252800	6.5	720238
3156	-52660800	10.3	720238
3156	-49982400	16.7	720238
3156	-47390400	19.1	720238
3156	-44712000	17.7	720238
3156	-42033600	14.6	720238
3156	-39441600	9	720238
3156	-36763200	-0.3	720238
3156	-34171200	-7.5	720238
3156	-31492800	-9.5	720238
3156	-28814400	-8	720238
3156	-26395200	-4.7	720238
3156	-23716800	6	720238
3156	-21124800	11.9	720238
3156	-18446400	13.1	720238
3156	-15854400	18.8	720238
3156	-13176000	20.1	720238
3156	-10497600	13.7	720238
3156	-7905600	5.9	720238
3156	-5227200	-1	720238
3156	-2635200	-6.2	720238
3156	43200	-13.1	720238
3156	2721600	-10	720238
3156	5140800	-4.4	720238
3156	7819200	5.8	720238
3156	10411200	11.3	720238
3156	13089600	17.8	720238
3156	15681600	20.8	720238
3156	18360000	18.4	720238
3156	21038400	14.1	720238
3156	23630400	8.8	720238
3156	26308800	-0.3	720238
3156	28900800	-7.7	720238
3156	31579200	-13.2	720238
3156	34257600	-9.5	720238
3156	36676800	-5.1	720238
3156	39355200	4.1	720238
3156	41947200	9.8	720238
3156	44625600	18.7	720238
3156	47217600	17.6	720238
3156	49896000	16.9	720238
3156	52574400	14.6	720238
3156	55166400	11.1	720238
3156	57844800	-0.2	720238
3156	60436800	-6.5	720238
3156	63115200	-13.5	720238
3156	65793600	-11.8	720238
3156	68299200	-5.7	720238
3156	70977600	1.7	720238
3156	73569600	13.3	720238
3156	76248000	15.6	720238
3156	78840000	18.3	720238
3156	81518400	18	720238
3156	84196800	12.2	720238
3156	86788800	5.2	720238
3156	89467200	-0.9	720238
3156	92059200	-9.8	720238
3156	94737600	-7.8	720238
3156	97416000	-8	720238
3156	99835200	1.6	720238
3156	102513600	4.4	720238
3156	105105600	9.3	720238
3156	107784000	17	720238
3156	110376000	19.7	720238
3156	113054400	19.6	720238
3156	115732800	13.3	720238
3156	118324800	10.4	720238
3156	121003200	-0.1	720238
3156	123595200	-8	720238
3156	126273600	-10.7	720238
3156	128952000	-10.8	720238
3156	131371200	-3.6	720238
3156	134049600	5.6	720238
3156	136641600	9.6	720238
3156	139320000	15	720238
3156	141912000	20.1	720238
3156	144590400	17.6	720238
3156	147268800	10.4	720238
3156	149860800	7	720238
3156	152539200	0.6	720238
3156	155131200	-4.6	720238
3156	157809600	-9.3	720238
3156	160488000	-8	720238
3156	162907200	-5.1	720238
3156	165585600	1.8	720238
3156	168177600	14.5	720238
3156	170856000	17.5	720238
3156	173448000	20.9	720238
3156	176126400	18.4	720238
3156	178804800	11.2	720238
3156	181396800	8.9	720238
3156	184075200	2.3	720238
3156	186667200	-7.6	720238
3156	189345600	-11.8	720238
3156	192024000	-5.2	720238
3156	194529600	-3.3	720238
3156	197208000	6.7	720238
3156	199800000	10.5	720238
3156	202478400	18.7	720238
3156	205070400	19.6	720238
3156	207748800	18.3	720238
3156	210427200	13	720238
3156	213019200	4.6	720238
3156	215697600	-3.9	720238
3156	218289600	-12.9	720238
3156	220968000	-15.3	720238
3156	223646400	-8	720238
3156	226065600	0.6	720238
3156	228744000	7.8	720238
3156	231336000	16.3	720238
3156	234014400	16.1	720238
3156	236606400	20.9	720238
3156	239284800	16.4	720238
3156	241963200	13.2	720238
3156	244555200	7.2	720238
3156	247233600	-0.5	720238
3156	249825600	-8.3	720238
3156	252504000	-11.2	720238
3156	255182400	-10.9	720238
3156	257601600	-4.2	720238
3156	260280000	2.9	720238
3156	262872000	13.2	720238
3156	265550400	16.5	720238
3156	268142400	18.5	720238
3156	270820800	18.5	720238
3156	273499200	15	720238
3156	276091200	7.2	720238
3156	278769600	-0.7	720238
3156	281361600	-9.8	720238
3156	284040000	-14.4	720238
3156	286718400	-13.7	720238
3156	289137600	-3.2	720238
3156	291816000	2.6	720238
3156	294408000	9.6	720238
3156	297086400	16.1	720238
3156	299678400	19.8	720238
3156	302356800	17.3	720238
3156	305035200	14.4	720238
3156	307627200	5.5	720238
3156	310305600	-1.4	720238
3156	312897600	-4.4	720238
3156	315576000	-9.8	720238
3156	318254400	-10.2	720238
3156	320760000	-4.4	720238
3156	323438400	6	720238
3156	326030400	13.9	720238
3156	328708800	16.2	720238
3156	331300800	20.3	720238
3156	333979200	19.1	720238
3156	336657600	13	720238
3156	339249600	4.7	720238
3156	341928000	0.2	720238
3156	344520000	-8.6	720238
3156	347198400	-10.1	720238
3156	349876800	-6.2	720238
3156	352296000	-0.4	720238
3156	354974400	6.2	720238
3156	357566400	10.5	720238
3156	360244800	17	720238
3156	362836800	19.3	720238
3156	365515200	18.4	720238
3156	368193600	12.2	720238
3156	370785600	5.5	720238
3156	373464000	1.8	720238
3156	376056000	-6.6	720238
3156	378734400	-15.2	720238
3156	381412800	-9.8	720238
3156	383832000	-3.5	720238
3156	386510400	2.3	720238
3156	389102400	14.8	720238
3156	391780800	13.4	720238
3156	394372800	19.9	720238
3156	397051200	16.9	720238
3156	399729600	13	720238
3156	402321600	8.3	720238
3156	4.05e+08	-0.3	720238
3156	407592000	-4.6	720238
3156	410270400	-7.4	720238
3156	412948800	-4.2	720238
3156	415368000	-1.8	720238
3156	418046400	3.3	720238
3156	420638400	8.8	720238
3156	423316800	17	720238
3156	425908800	22.3	720238
3156	428587200	21.2	720238
3156	431265600	15.1	720238
3156	433857600	7.5	720238
3156	436536000	1.2	720238
3156	439128000	-11.9	720238
3156	441806400	-13.3	720238
3156	444484800	-2.5	720238
3156	446990400	-5.1	720238
3156	449668800	6.8	720238
3156	452260800	10	720238
3156	454939200	18.2	720238
3156	457531200	19.3	720238
3156	460209600	20	720238
3156	462888000	12.3	720238
3156	465480000	9.2	720238
3156	468158400	-0.5	720238
3156	470750400	-7.1	720238
3156	473428800	-11.8	720238
3156	476107200	-10	720238
3156	478526400	-0.1	720238
3156	481204800	6.7	720238
3156	483796800	13.3	720238
3156	486475200	15	720238
3156	489067200	18.8	720238
3156	491745600	17.5	720238
3156	494424000	13	720238
3156	497016000	7.2	720238
3156	499694400	-2.9	720238
3156	502286400	-12.5	720238
3156	504964800	-10.2	720238
3156	507643200	-9.3	720238
3156	510062400	-2.1	720238
3156	512740800	8	720238
3156	515332800	13.6	720238
3156	518011200	16.2	720238
3156	520603200	20.6	720238
3156	523281600	16.7	720238
3156	525960000	13.7	720238
3156	528552000	6.8	720238
3156	531230400	-2.6	720238
3156	533822400	-5.3	720238
3156	536500800	-7.1	720238
3156	539179200	-3.8	720238
3156	541598400	0.2	720238
3156	544276800	8.2	720238
3156	546868800	13.2	720238
3156	549547200	19.3	720238
3156	552139200	21	720238
3156	554817600	18.5	720238
3156	557496000	14.3	720238
3156	560088000	4.2	720238
3156	562766400	1	720238
3156	565358400	-4	720238
3156	568036800	-12.2	720238
3156	570715200	-11	720238
3156	573220800	-2.8	720238
3156	575899200	5.4	720238
3156	578491200	13.8	720238
3156	581169600	19	720238
3156	583761600	20.8	720238
3156	586440000	20.5	720238
3156	589118400	13.6	720238
3156	591710400	4.3	720238
3156	594388800	0.8	720238
3156	596980800	-7.8	720238
3156	599659200	-7.3	720238
3156	602337600	-12.1	720238
3156	604756800	-6.4	720238
3156	607435200	3.7	720238
3156	610027200	11.6	720238
3156	612705600	16.1	720238
3156	615297600	20.7	720238
3156	617976000	19.1	720238
3156	620654400	13.4	720238
3156	623246400	7.9	720238
3156	625924800	-3.1	720238
3156	628516800	-13.3	720238
3156	631195200	-5.5	720238
3156	633873600	-7.9	720238
3156	636292800	-1.1	720238
3156	638971200	7	720238
3156	641563200	9.5	720238
3156	644241600	17.2	720238
3156	646833600	18.8	720238
3156	649512000	18.2	720238
3156	652190400	13.5	720238
3156	654782400	5.9	720238
3156	657460800	1.4	720238
3156	660052800	-7.4	720238
3156	662731200	-13	720238
3156	665409600	-6.2	720238
3156	667828800	-1.4	720238
3156	670507200	6.8	720238
3156	673099200	14.7	720238
3156	675777600	19.3	720238
3156	678369600	19	720238
3156	681048000	20	720238
3156	683726400	12.7	720238
3156	686318400	6.2	720238
3156	688996800	-2.6	720238
3156	691588800	-6.3	720238
3156	694267200	-7.5	720238
3156	696945600	-5.5	720238
3156	699451200	-3	720238
3156	702129600	3.4	720238
3156	704721600	12.2	720238
3156	707400000	15.5	720238
3156	709992000	16.2	720238
3156	712670400	16.4	720238
3156	715348800	12.7	720238
3156	717940800	6.6	720238
3156	720619200	-1.1	720238
3156	723211200	-6.2	720238
3156	725889600	-9.6	720238
3156	728568000	-8.7	720238
3156	730987200	-1.7	720238
3156	733665600	3.2	720238
3156	736257600	11.3	720238
3156	738936000	15.4	720238
3156	741528000	19.6	720238
3156	744206400	19.3	720238
3156	746884800	10.7	720238
3156	749476800	5.5	720238
3156	752155200	-2	720238
3156	754747200	-5.9	720238
3156	757425600	-16.8	720238
3156	760104000	-11.6	720238
3156	762523200	-1	720238
3156	765201600	4.8	720238
3156	767793600	11.9	720238
3156	770472000	18.4	720238
3156	773064000	19	720238
3156	775742400	17.4	720238
3156	778420800	14.9	720238
3156	781012800	8.9	720238
3156	783691200	1.8	720238
3156	786283200	-3.2	720238
3156	788961600	-7.5	720238
3156	791640000	-8	720238
3156	794059200	-0.9	720238
3156	796737600	2	720238
3156	799329600	11	720238
3156	802008000	20.4	720238
3156	804600000	20.1	720238
3156	807278400	20.9	720238
3156	809956800	12.8	720238
3156	812548800	8.1	720238
3156	815227200	-4.6	720238
3156	817819200	-9.4	720238
3156	820497600	-12.9	720238
3156	823176000	-10.7	720238
3156	825681600	-6	720238
3156	828360000	2.3	720238
3156	830952000	9.9	720238
3156	833630400	17.6	720238
3156	836222400	17.8	720238
3156	838900800	19.1	720238
3156	841579200	14.7	720238
3156	844171200	7.1	720238
3156	846849600	-2.5	720238
3156	849441600	-6.7	720238
3156	852120000	-10.8	720238
3156	854798400	-6.8	720238
3156	857217600	-3.6	720238
3156	859896000	4	720238
3156	862488000	8	720238
3156	865166400	18.8	720238
3156	867758400	19.1	720238
3156	870436800	16.7	720238
3156	873115200	14.7	720238
3156	875707200	7.3	720238
3156	878385600	-1.3	720238
3156	880977600	-2.5	720238
3156	883656000	-7.3	720238
3156	886334400	-0.8	720238
3156	888753600	-1.3	720238
3156	891432000	7.4	720238
3156	894024000	15.7	720238
3156	896702400	17	720238
3156	899294400	20.3	720238
3156	901972800	20.2	720238
3156	904651200	16.3	720238
3156	907243200	8.6	720238
3156	909921600	2.3	720238
3156	912513600	-4	720238
3156	915192000	-11.4	720238
3156	917870400	-5.2	720238
3156	920289600	-1.1	720238
3156	922968000	6.8	720238
3156	925560000	13.5	720238
3156	928238400	18.2	720238
3156	930830400	21.6	720238
3156	933508800	18.4	720238
3156	936187200	14	720238
3156	938779200	5.9	720238
3156	941457600	3.7	720238
3156	944049600	-6.4	720238
3156	946728000	-11.1	720238
3156	949406400	-6.4	720238
3156	951912000	2.2	720238
3156	954590400	4.4	720238
3156	957182400	13.4	720238
3156	959860800	16.6	720238
3156	962452800	18.6	720238
3156	965131200	18.6	720238
3156	967809600	13.1	720238
3156	970401600	9.1	720238
3156	973080000	0.5	720238
3156	975672000	-11.8	720238
3156	978350400	-6.6	720238
3156	981028800	-10.2	720238
3156	983448000	-2.8	720238
3156	986126400	6.9	720238
3156	988718400	13.4	720238
3156	991396800	17.7	720238
3156	993988800	19.9	720238
3156	996667200	21.1	720238
3156	999345600	13.6	720238
3156	1001937600	6.9	720238
3156	1004616000	5.3	720238
3156	1007208000	-2.7	720238
3156	1009886400	-4.8	720238
3156	1012564800	-4.1	720238
3156	1014984000	-5.2	720238
3156	1017662400	4	720238
3156	1020254400	9.2	720238
3156	1022932800	18.4	720238
3156	1025524800	22.6	720238
3156	1028203200	19.3	720238
3156	1030881600	15.7	720238
3156	1033473600	4	720238
3156	1036152000	-1.3	720238
3156	1038744000	-4.6	720238
3156	1041422400	-10.6	720238
3156	1044100800	-12.1	720238
3156	1046520000	-3.6	720238
3156	1049198400	3.7	720238
3156	1051790400	10.9	720238
3156	1054468800	16.7	720238
3156	1057060800	20.1	720238
3156	1059739200	20.2	720238
3156	1062417600	14.7	720238
3156	1065009600	6.9	720238
3156	1067688000	0.1	720238
3156	1070280000	-4.3	720238
3156	1072958400	-13.1	720238
3156	1075636800	-7.4	720238
3156	1078142400	-1.5	720238
3156	1080820800	4.5	720238
3156	1083412800	10.4	720238
3156	1086091200	15.7	720238
3156	1088683200	18.5	720238
3156	1091361600	16.5	720238
3156	1094040000	16.4	720238
3156	1096632000	8.1	720238
3156	1099310400	1.5	720238
3156	1101902400	-7.7	720238
3156	1104580800	-11.2	720238
3156	1107259200	-4.5	720238
3156	1109678400	-3.8	720238
3156	1112356800	7.1	720238
3156	1114948800	10.7	720238
3156	1117627200	20.5	720238
3156	1120219200	21.2	720238
3156	1122897600	19.9	720238
3156	1125576000	16.7	720238
3156	1128168000	9.4	720238
3156	1130846400	0.3	720238
3156	1133438400	-6.6	720238
3156	1136116800	-4.4	720238
3156	1138795200	-8.3	720238
3156	1141214400	-1.4	720238
3156	1143892800	8.3	720238
3156	1146484800	13	720238
3156	1149163200	17.7	720238
3156	1151755200	22	720238
3156	1154433600	19	720238
3156	1157112000	12.6	720238
3156	1159704000	5.4	720238
3156	1162382400	1.8	720238
3156	1164974400	-3.3	720238
3156	1167652800	-7.3	720238
3156	1170331200	-10.6	720238
3156	1172750400	-0.6	720238
3156	1175428800	4.3	720238
3156	1178020800	13.6	720238
3156	1180699200	19.2	720238
3156	1183291200	20.4	720238
3156	1185969600	20	720238
3156	1188648000	15.8	720238
3156	1191240000	10.5	720238
3156	1193918400	-0.2	720238
3156	1196510400	-7.7	720238
3156	1199188800	-8.6	720238
3156	1201867200	-11	720238
3156	1204372800	-4.7	720238
3156	1207051200	4.9	720238
3156	1209643200	10.3	720238
3156	1212321600	17.6	720238
3156	1214913600	20.4	720238
3156	1217592000	18.9	720238
3156	1220270400	15.2	720238
3156	1222862400	6.9	720238
3156	1225540800	0.1	720238
3156	1228132800	-10.5	720238
3156	1230811200	-14.7	720238
3156	1233489600	-6.9	720238
3156	1235908800	-2.6	720238
3156	1238587200	4.6	720238
3156	1241179200	11.1	720238
3156	1243857600	16.3	720238
3156	1246449600	17.2	720238
3156	1249128000	17.6	720238
3156	1251806400	16	720238
3156	1254398400	5	720238
3156	1257076800	3.6	720238
3156	1259668800	-8.4	720238
3156	1262347200	-7.7	720238
3156	1265025600	-5.8	720238
3156	1267444800	2.3	720238
3156	1270123200	8.5	720238
3156	1272715200	14.2	720238
3156	1275393600	17.4	720238
3156	1277985600	21.3	720238
3156	1280664000	20.7	720238
3156	1283342400	12.4	720238
3156	1285934400	8.7	720238
3156	1288612800	1.1	720238
3156	1291204800	-7.3	720238
3156	1293883200	-10.9	720238
3156	1296561600	-7.1	720238
3156	1298980800	-2.3	720238
3156	1301659200	3.6	720238
3156	1304251200	11.3	720238
3156	1306929600	16.8	720238
3156	1309521600	22.1	720238
3156	1312200000	20.1	720238
3156	1314878400	13.6	720238
3156	1317470400	8.9	720238
3156	1320148800	1.8	720238
3156	1322740800	-4.4	720238
3156	1325419200	-6.8	720238
3156	1328097600	-3.1	720238
3156	1330603200	5.5	720238
3156	1333281600	6	720238
3156	1335873600	14.3	720238
3156	1338552000	18.9	720238
3156	1341144000	22.6	720238
3156	1343822400	19.1	720238
3156	1346500800	13	720238
3156	1349092800	6.6	720238
3156	1351771200	0.6	720238
3156	1354363200	-3.8	720238
3156	1357041600	-8.4	720238
3156	1359720000	-9.4	720238
3156	1362139200	-4.6	720238
3156	1364817600	2.2	720238
3156	1367409600	11.8	720238
3156	1370088000	17.1	720238
3156	1372680000	20.1	720238
3156	1375358400	19.1	720238
3156	1378036800	14.5	720238
3156	1380628800	7.6	720238
3156	1383307200	-0.9	720238
3156	1385899200	-11.4	720238
3156	1388577600	-15.2	720238
3156	1391256000	-14	720238
3156	1393675200	-8.6	720238
3159	-2469355200	4.4	720243
3159	-2466676800	-4	720243
3159	-2464084800	-3.8	720243
3159	-2461406400	-13.3	720243
3159	-2458728000	-10.1	720243
3159	-2456222400	-8	720243
3160	-2427105600	-13.9	720245
3160	-2424686400	-8	720245
3160	-2422008000	-0.3	720245
3160	-2419416000	6.5	720245
3160	-2416737600	16.8	720245
3160	-2414145600	16.7	720245
3160	-2411467200	14	720245
3160	-2408788800	9.3	720245
3160	-2406196800	3.9	720245
3160	-2403518400	-4.3	720245
3160	-2400926400	-12.5	720245
3160	-2398248000	-12	720245
3160	-2395569600	-13.7	720245
3160	-2393150400	-2.9	720245
3160	-2390472000	3.4	720245
3160	-2387880000	7.3	720245
3160	-2385201600	16.4	720245
3160	-2382609600	17.2	720245
3160	-2379931200	15.1	720245
3160	-2377252800	12.4	720245
3160	-2374660800	4.8	720245
3160	-2371982400	-5.8	720245
3160	-2369390400	-6.5	720245
3160	-2366712000	-14.7	720245
3160	-2364033600	-14.8	720245
3160	-2361614400	-8	720245
3160	-2358936000	3.4	720245
3160	-2356344000	9.7	720245
3160	-2353665600	14.8	720245
3160	-2351073600	14.4	720245
3160	-2348395200	14.2	720245
3160	-2345716800	11.4	720245
3160	-2343124800	0.7	720245
3160	-2340446400	-5	720245
3160	-2337854400	-8.7	720245
3160	-2335176000	-12.3	720245
3160	-2332497600	-11.7	720245
3160	-2329992000	-9.4	720245
3160	-2327313600	3.4	720245
3160	-2324721600	12.9	720245
3160	-2322043200	15.4	720245
3160	-2319451200	15.9	720245
3160	-2316772800	15.8	720245
3160	-2314094400	8.1	720245
3160	-2311502400	2.2	720245
3160	-2308824000	-6.1	720245
3160	-2306232000	-9.6	720245
3160	-2303553600	-13.2	720245
3160	-2300875200	-11	720245
3160	-2298456000	-8.8	720245
3160	-2295777600	1.7	720245
3160	-2293185600	6	720245
3160	-2290507200	11.8	720245
3160	-2287915200	19.4	720245
3160	-2285236800	13.2	720245
3160	-2282558400	13.8	720245
3160	-2279966400	6.3	720245
3160	-2277288000	-6.4	720245
3160	-2274696000	-12.1	720245
3160	-2272017600	-11.2	720245
3160	-2269339200	-10.6	720245
3160	-2266920000	-4.6	720245
3160	-2264241600	1.8	720245
3160	-2261649600	7.6	720245
3160	-2258971200	14.8	720245
3160	-2256379200	16.2	720245
3160	-2253700800	13.9	720245
3160	-2251022400	12	720245
3160	-2248430400	3.5	720245
3160	-2245752000	-3.7	720245
3160	-2243160000	-12.7	720245
3160	-2240481600	-16.7	720245
3160	-2237803200	-17.1	720245
3160	-2235384000	-11.8	720245
3160	-2232705600	3.5	720245
3160	-2230113600	8.6	720245
3160	-2227435200	14.3	720245
3160	-2224843200	16.3	720245
3160	-2222164800	17.4	720245
3160	-2219486400	9.1	720245
3160	-2216894400	6.6	720245
3160	-2214216000	2	720245
3160	-2211624000	-9.3	720245
3160	-2208945600	-9.9	720245
3160	-2206267200	-17.3	720245
3160	-2203848000	-10.4	720245
3160	-2201169600	5.1	720245
3160	-2198577600	9.9	720245
3160	-2195899200	14.1	720245
3160	-2193307200	15.6	720245
3160	-2190628800	18.8	720245
3160	-2187950400	11.4	720245
3160	-2185358400	9.2	720245
3160	-2182680000	-5.9	720245
3160	-2180088000	-10.1	720245
3160	-2177409600	-13.4	720245
3160	-2174731200	-15.8	720245
3160	-2172312000	-7.8	720245
3160	-2169633600	3.8	720245
3160	-2167041600	9.9	720245
3160	-2164363200	15.9	720245
3160	-2161771200	18.3	720245
3160	-2159092800	16	720245
3160	-2156414400	10.2	720245
3160	-2153822400	5.4	720245
3160	-2151144000	-4.9	720245
3160	-2148552000	-12	720245
3160	-2145873600	-12.6	720245
3160	-2143195200	-11	720245
3160	-2140776000	-1.5	720245
3160	-2138097600	2.6	720245
3160	-2135505600	9.9	720245
3160	-2132827200	12.3	720245
3160	-2130235200	17.4	720245
3160	-2127556800	14	720245
3160	-2124878400	9.1	720245
3160	-2122286400	3.4	720245
3160	-2119608000	-1.4	720245
3160	-2117016000	-11.3	720245
3160	-2114337600	-15.4	720245
3160	-2111659200	-13.3	720245
3160	-2109240000	-2.2	720245
3160	-2106561600	2.3	720245
3160	-2103969600	9.4	720245
3160	-2101291200	11.2	720245
3160	-2098699200	15.7	720245
3160	-2096020800	12.5	720245
3160	-2093342400	9.9	720245
3160	-2090750400	4.4	720245
3160	-2088072000	-7.4	720245
3160	-2085480000	-15.5	720245
3160	-2082801600	-17.5	720245
3160	-2080123200	-19.3	720245
3160	-2077617600	-7.7	720245
3160	-2074939200	-0.5	720245
3160	-2072347200	9	720245
3160	-2069668800	13.9	720245
3160	-2067076800	14.4	720245
3160	-2064398400	12.6	720245
3160	-2061720000	9.5	720245
3160	-2059128000	3.5	720245
3160	-2056449600	-1.4	720245
3160	-2053857600	-12.5	720245
3160	-2051179200	-16.1	720245
3160	-2048500800	-16.4	720245
3160	-2046081600	-5.2	720245
3160	-2043403200	0.7	720245
3160	-2040811200	7.1	720245
3160	-2038132800	13.7	720245
3160	-2035540800	15.7	720245
3160	-2032862400	15.2	720245
3160	-2030184000	11.6	720245
3160	-2027592000	2.5	720245
3160	-2024913600	-3.5	720245
3160	-2022321600	-8.8	720245
3160	-2019643200	-9.7	720245
3160	-2016964800	-14	720245
3160	-2014545600	-10.8	720245
3160	-2011867200	4.4	720245
3160	-2009275200	8.1	720245
3160	-2006596800	14.5	720245
3160	-2004004800	16	720245
3160	-2001326400	16.4	720245
3160	-1998648000	12.8	720245
3160	-1996056000	3.6	720245
3160	-1993377600	-3.6	720245
3160	-1990785600	-11.6	720245
3160	-1988107200	-15.5	720245
3160	-1985428800	-14.1	720245
3160	-1983009600	-5	720245
3160	-1980331200	-3.6	720245
3160	-1977739200	3.8	720245
3160	-1975060800	14.2	720245
3160	-1972468800	15.3	720245
3160	-1969790400	14.4	720245
3160	-1967112000	10.5	720245
3160	-1964520000	3	720245
3160	-1961841600	-4.2	720245
3160	-1959249600	-8.9	720245
3160	-1956571200	-10.8	720245
3160	-1953892800	-11.8	720245
3160	-1951387200	-7.5	720245
3160	-1948708800	2.4	720245
3160	-1946116800	9.4	720245
3160	-1943438400	13.8	720245
3160	-1940846400	16.8	720245
3160	-1938168000	14.3	720245
3160	-1935489600	13.8	720245
3160	-1932897600	6	720245
3160	-1930219200	-4.4	720245
3160	-1927627200	-10.1	720245
3160	-1924948800	-12.5	720245
3160	-1922270400	-9.8	720245
3160	-1919851200	-8	720245
3160	-1917172800	-1.9	720245
3160	-1914580800	7.9	720245
3160	-1911902400	15.1	720245
3160	-1909310400	16.1	720245
3160	-1906632000	16.9	720245
3160	-1903953600	10	720245
3160	-1901361600	2.2	720245
3160	-1898683200	1.9	720245
3160	-1896091200	-9.8	720245
3160	-1893412800	-12.9	720245
3160	-1890734400	-14.8	720245
3160	-1888315200	1.4	720245
3160	-1885636800	5.4	720245
3160	-1883044800	6.3	720245
3160	-1880366400	15.7	720245
3160	-1877774400	16	720245
3160	-1875096000	14.1	720245
3160	-1872417600	9.5	720245
3160	-1869825600	5.7	720245
3160	-1867147200	-4.7	720245
3160	-1864555200	-12.8	720245
3160	-1861876800	-14.2	720245
3160	-1859198400	-10.3	720245
3160	-1856779200	-4.4	720245
3160	-1854100800	1.9	720245
3160	-1851508800	12.3	720245
3160	-1848830400	16.8	720245
3160	-1846238400	16.3	720245
3160	-1843560000	14.1	720245
3160	-1840881600	9.2	720245
3160	-1838289600	3.4	720245
3160	-1835611200	-8.3	720245
3160	-1833019200	-7.4	720245
3160	-1830340800	-23.6	720245
3160	-1827662400	-14.9	720245
3160	-1825156800	-9.1	720245
3160	-1822478400	3.1	720245
3160	-1819886400	9.1	720245
3160	-1817208000	13.7	720245
3160	-1814616000	16.3	720245
3160	-1811937600	13.1	720245
3160	-1809259200	11.1	720245
3160	-1806667200	4.9	720245
3160	-1803988800	-2.7	720245
3160	-1801396800	-10	720245
3160	-1798718400	-14	720245
3160	-1796040000	-16.1	720245
3160	-1793620800	-9.4	720245
3160	-1790942400	2.9	720245
3160	-1788350400	7.9	720245
3160	-1785672000	15.8	720245
3160	-1783080000	15.4	720245
3160	-1780401600	16	720245
3160	-1777723200	10	720245
3160	-1775131200	3.7	720245
3160	-1772452800	-0.5	720245
3160	-1769860800	-5.3	720245
3160	-1767182400	-10.6	720245
3160	-1764504000	-17.2	720245
3160	-1762084800	-7.3	720245
3160	-1759406400	0.4	720245
3160	-1756814400	10.2	720245
3160	-1754136000	13.2	720245
3160	-1751544000	17.9	720245
3160	-1748865600	14.3	720245
3160	-1746187200	10.9	720245
3160	-1743595200	7.8	720245
3160	-1740916800	-3.3	720245
3160	-1738324800	-13.6	720245
3160	-1735646400	-14.5	720245
3160	-1732968000	-8.1	720245
3160	-1730548800	-6.2	720245
3160	-1727870400	6.7	720245
3160	-1725278400	6.5	720245
3160	-1722600000	11.4	720245
3160	-1720008000	14.3	720245
3160	-1717329600	12.2	720245
3160	-1714651200	11.3	720245
3160	-1712059200	4.9	720245
3160	-1709380800	-2.3	720245
3160	-1706788800	-10.7	720245
3160	-1704110400	-13.9	720245
3160	-1701432000	-15.5	720245
3160	-1698926400	-9.8	720245
3160	-1696248000	0.8	720245
3160	-1693656000	7.9	720245
3160	-1690977600	11.7	720245
3160	-1688385600	21.3	720245
3160	-1685707200	16.1	720245
3160	-1683028800	9.9	720245
3160	-1680436800	4.1	720245
3160	-1677758400	-3	720245
3160	-1675166400	-13.5	720245
3160	-1672488000	-16.3	720245
3160	-1669809600	-18.5	720245
3160	-1667390400	-6.8	720245
3160	-1664712000	-0.5	720245
3160	-1662120000	5.5	720245
3160	-1659441600	11.3	720245
3160	-1656849600	16.8	720245
3160	-1654171200	13.1	720245
3160	-1651492800	9.6	720245
3160	-1648900800	-0.6	720245
3160	-1646222400	-1.2	720245
3160	-1643630400	-15.1	720245
3160	-1640952000	-18.7	720245
3160	-1638273600	-13.4	720245
3160	-1635854400	-3	720245
3160	-1633176000	1	720245
3160	-1630584000	10.1	720245
3160	-1627905600	12.9	720245
3160	-1625313600	16.1	720245
3160	-1622635200	15.6	720245
3160	-1619956800	6	720245
3160	-1617364800	4.9	720245
3160	-1614686400	-0.5	720245
3160	-1612094400	-7.5	720245
3160	-1609416000	-9.3	720245
3160	-1606737600	-10.5	720245
3160	-1604318400	-4.9	720245
3160	-1601640000	1.9	720245
3160	-1599048000	9.1	720245
3160	-1596369600	17.8	720245
3160	-1593777600	17.8	720245
3160	-1591099200	14.7	720245
3160	-1588420800	11.8	720245
3160	-1585828800	2.5	720245
3160	-1583150400	-6.3	720245
3160	-1580558400	-16.4	720245
3160	-1577880000	-17.8	720245
3160	-1575201600	-13.9	720245
3160	-1572696000	-5.1	720245
3160	-1570017600	-1.8	720245
3160	-1567425600	8.4	720245
3160	-1564747200	15.2	720245
3160	-1562155200	15.4	720245
3160	-1559476800	15.4	720245
3160	-1556798400	12.9	720245
3160	-1554206400	9.5	720245
3160	-1551528000	-3.7	720245
3160	-1548936000	-8.1	720245
3160	-1546257600	-9	720245
3160	-1543579200	-8.8	720245
3160	-1541160000	-4.6	720245
3160	-1538481600	5.9	720245
3160	-1535889600	11.1	720245
3160	-1533211200	18.2	720245
3160	-1530619200	21.2	720245
3160	-1527940800	16	720245
3160	-1525262400	13.5	720245
3160	-1522670400	5.1	720245
3160	-1519992000	-6.5	720245
3160	-1517400000	-11.9	720245
3160	-1514721600	-15.7	720245
3160	-1512043200	-16.1	720245
3160	-1509624000	-6.2	720245
3160	-1506945600	1.3	720245
3160	-1504353600	12.9	720245
3160	-1501675200	14.1	720245
3160	-1499083200	15.2	720245
3160	-1496404800	15.7	720245
3160	-1493726400	12.5	720245
3160	-1491134400	5.4	720245
3160	-1488456000	-0.1	720245
3160	-1485864000	-12.5	720245
3160	-1483185600	-13.4	720245
3160	-1480507200	-16.5	720245
3160	-1478088000	-10.5	720245
3160	-1475409600	0.5	720245
3160	-1472817600	8.1	720245
3160	-1470139200	16.6	720245
3160	-1467547200	17.2	720245
3160	-1464868800	13.1	720245
3160	-1462190400	10.8	720245
3160	-1459598400	2.6	720245
3160	-1456920000	-0.6	720245
3160	-1454328000	-5.2	720245
3160	-1451649600	-17.1	720245
3160	-1448971200	-9.8	720245
3160	-1446465600	-5.7	720245
3160	-1443787200	2	720245
3160	-1441195200	5.1	720245
3160	-1438516800	11.7	720245
3160	-1435924800	14.3	720245
3160	-1433246400	14.6	720245
3160	-1430568000	8.7	720245
3160	-1427976000	6.9	720245
3160	-1425297600	-2.8	720245
3160	-1422705600	-15.5	720245
3160	-1420027200	-12.9	720245
3160	-1417348800	-11	720245
3160	-1414929600	-4.6	720245
3160	-1412251200	4.7	720245
3160	-1409659200	7	720245
3160	-1406980800	14.6	720245
3160	-1404388800	15.3	720245
3160	-1401710400	16.1	720245
3160	-1399032000	12	720245
3160	-1396440000	0.4	720245
3160	-1393761600	-3.5	720245
3160	-1391169600	-10.5	720245
3160	-1388491200	-11.6	720245
3160	-1385812800	-10	720245
3160	-1383393600	-9.7	720245
3160	-1380715200	-0.8	720245
3160	-1378123200	9.5	720245
3160	-1375444800	11.6	720245
3160	-1372852800	15.7	720245
3160	-1370174400	15	720245
3160	-1367496000	9.4	720245
3160	-1364904000	2.8	720245
3160	-1362225600	-6.2	720245
3160	-1359633600	-12.1	720245
3160	-1356955200	-13.6	720245
3160	-1354276800	-9.1	720245
3160	-1351857600	-1.6	720245
3160	-1349179200	3.2	720245
3160	-1346587200	6.7	720245
3160	-1343908800	12.5	720245
3160	-1341316800	14.5	720245
3160	-1338638400	12.2	720245
3160	-1335960000	12.7	720245
3160	-1333368000	6.2	720245
3160	-1330689600	-4.7	720245
3160	-1328097600	-13.3	720245
3160	-1325419200	-11.1	720245
3160	-1322740800	-11.7	720245
3160	-1320235200	-7	720245
3160	-1317556800	-0.8	720245
3160	-1314964800	9.4	720245
3160	-1312286400	11.3	720245
3160	-1309694400	16.1	720245
3160	-1307016000	15.1	720245
3160	-1304337600	8.4	720245
3160	-1301745600	5.8	720245
3160	-1299067200	-1.8	720245
3160	-1296475200	-7.5	720245
3160	-1293796800	-18.2	720245
3160	-1291118400	-15.9	720245
3160	-1288699200	-4	720245
3160	-1286020800	3.7	720245
3160	-1283428800	7.5	720245
3160	-1280750400	12.9	720245
3160	-1278158400	16.6	720245
3160	-1275480000	14.6	720245
3160	-1272801600	11.2	720245
3160	-1270209600	5	720245
3160	-1267531200	-4.6	720245
3160	-1264939200	-10.6	720245
3160	-1262260800	-16.6	720245
3160	-1259582400	-9.4	720245
3160	-1257163200	-4.8	720245
3160	-1254484800	3.1	720245
3160	-1251892800	10	720245
3160	-1249214400	14.6	720245
3160	-1246622400	16.7	720245
3160	-1243944000	16	720245
3160	-1241265600	11	720245
3160	-1238673600	4.6	720245
3160	-1235995200	-1.1	720245
3160	-1233403200	-9.3	720245
3160	-1230724800	-8.4	720245
3160	-1228046400	-6.2	720245
3160	-1225627200	-4.7	720245
3160	-1222948800	3.5	720245
3160	-1220356800	8.7	720245
3160	-1217678400	16.7	720245
3160	-1215086400	18.2	720245
3160	-1212408000	14.6	720245
3160	-1209729600	14.6	720245
3160	-1207137600	7.7	720245
3160	-1204459200	1.5	720245
3160	-1201867200	-5.1	720245
3160	-1199188800	-8	720245
3160	-1196510400	-10.1	720245
3160	-1194004800	-9.1	720245
3160	-1191326400	1.5	720245
3160	-1188734400	9.4	720245
3160	-1186056000	16	720245
3160	-1183464000	17.6	720245
3160	-1180785600	16.2	720245
3160	-1178107200	10	720245
3160	-1175515200	3.3	720245
3160	-1172836800	-5.4	720245
3160	-1170244800	-11.4	720245
3160	-1167566400	-9.3	720245
3160	-1164888000	-14.1	720245
3160	-1162468800	-7.2	720245
3160	-1159790400	1.3	720245
3160	-1157198400	10.5	720245
3160	-1154520000	18.9	720245
3160	-1151928000	18.1	720245
3160	-1149249600	14.7	720245
3160	-1146571200	13.5	720245
3160	-1143979200	2.9	720245
3160	-1141300800	-5.9	720245
3160	-1138708800	-13	720245
3160	-1136030400	-9.2	720245
3160	-1133352000	-16.4	720245
3160	-1130932800	-8.8	720245
3160	-1128254400	0.7	720245
3160	-1125662400	13.1	720245
3160	-1122984000	16.1	720245
3160	-1120392000	17.9	720245
3160	-1117713600	13.7	720245
3160	-1115035200	9	720245
3160	-1112443200	5.7	720245
3160	-1109764800	-1.7	720245
3160	-1107172800	-12	720245
3160	-1104494400	-14.3	720245
3160	-1101816000	-9.9	720245
3160	-1099396800	-4.8	720245
3160	-1096718400	1.4	720245
3160	-1094126400	7.2	720245
3160	-1091448000	11.9	720245
3160	-1088856000	19.6	720245
3160	-1086177600	15.7	720245
3160	-1083499200	9.6	720245
3160	-1080907200	4.3	720245
3160	-1078228800	-5.1	720245
3160	-1075636800	-10.5	720245
3160	-1072958400	-14.4	720245
3160	-1070280000	-18.2	720245
3160	-1067774400	-5.6	720245
3160	-1065096000	-1	720245
3160	-1062504000	11.1	720245
3160	-1059825600	12.9	720245
3160	-1057233600	19.8	720245
3160	-1054555200	15.6	720245
3160	-1051876800	11.9	720245
3160	-1049284800	2.2	720245
3160	-1046606400	-5.8	720245
3160	-1044014400	-8.1	720245
3160	-1041336000	-14.1	720245
3160	-1038657600	-10.6	720245
3160	-1036238400	-7.4	720245
3160	-1033560000	1.2	720245
3160	-1030968000	10	720245
3160	-1028289600	14.6	720245
3160	-1025697600	18.6	720245
3160	-1023019200	19.1	720245
3160	-1020340800	11	720245
3160	-1017748800	2.4	720245
3160	-1015070400	-4.3	720245
3160	-1012478400	-11	720245
3160	-1009800000	-12.9	720245
3160	-1007121600	-8.8	720245
3160	-1004702400	-2.4	720245
3160	-1002024000	2.8	720245
3160	-999432000	9.1	720245
3160	-996753600	13.6	720245
3160	-994161600	17.1	720245
3160	-991483200	16.8	720245
3160	-988804800	10.3	720245
3160	-986212800	7.4	720245
3160	-983534400	-2.8	720245
3160	-980942400	-9.8	720245
3160	-978264000	-10.7	720245
3160	-975585600	-14.1	720245
3160	-973166400	-6.8	720245
3160	-970488000	0.4	720245
3160	-967896000	11.1	720245
3160	-965217600	14.5	720245
3160	-962625600	17.8	720245
3160	-959947200	15.9	720245
3160	-957268800	11.7	720245
3160	-954676800	4	720245
3160	-951998400	-1.7	720245
3160	-949406400	-5.9	720245
3160	-946728000	-14.5	720245
3160	-944049600	-9.5	720245
3160	-941544000	-9.1	720245
3160	-938865600	0	720245
3160	-936273600	7	720245
3160	-933595200	13.2	720245
3160	-931003200	16.7	720245
3160	-928324800	14.7	720245
3160	-925646400	12	720245
3160	-923054400	5.8	720245
3160	-920376000	-4.3	720245
3160	-917784000	-8.9	720245
3160	-915105600	-11.5	720245
3160	-912427200	-10.8	720245
3160	-910008000	-7.5	720245
3160	-907329600	5.8	720245
3160	-904737600	11.6	720245
3160	-902059200	15.9	720245
3160	-899467200	17.6	720245
3160	-896788800	15.1	720245
3160	-894110400	11.8	720245
3160	-891518400	4.9	720245
3160	-888840000	-2.4	720245
3160	-886248000	-7.1	720245
3160	-883569600	-11.2	720245
3160	-880891200	-11.7	720245
3160	-878472000	-3.8	720245
3160	-875793600	5.9	720245
3160	-873201600	8.1	720245
3160	-870523200	14.4	720245
3160	-867931200	15.9	720245
3160	-865252800	15.6	720245
3160	-862574400	9.4	720245
3160	-859982400	5.2	720245
3160	-857304000	-3.7	720245
3160	-854712000	-12	720245
3160	-852033600	-14.7	720245
3160	-849355200	-11	720245
3160	-846936000	-9.3	720245
3160	-844257600	0.3	720245
3160	-841665600	8.6	720245
3160	-838987200	16	720245
3160	-836395200	18.7	720245
3160	-833716800	16.2	720245
3160	-831038400	8.9	720245
3160	-828446400	5.5	720245
3160	-825768000	-5.1	720245
3160	-823176000	-9.2	720245
3160	-820497600	-6.7	720245
3160	-817819200	-10.1	720245
3160	-815313600	-7.9	720245
3160	-812635200	0.9	720245
3160	-810043200	11.7	720245
3160	-807364800	15.4	720245
3160	-804772800	17.2	720245
3160	-802094400	17.2	720245
3160	-799416000	11.2	720245
3160	-796824000	5.7	720245
3160	-794145600	-0.8	720245
3160	-791553600	-10.9	720245
3160	-788875200	-15	720245
3160	-786196800	-10.7	720245
3160	-783777600	0.3	720245
3160	-781099200	2.4	720245
3160	-778507200	5.9	720245
3160	-775828800	12.2	720245
3160	-773236800	15.4	720245
3160	-770558400	15.8	720245
3160	-767880000	10.3	720245
3160	-765288000	4.2	720245
3160	-762609600	-4.1	720245
3160	-760017600	-11.9	720245
3160	-757339200	-11.5	720245
3160	-754660800	-12.8	720245
3160	-752241600	0.9	720245
3160	-749563200	3.8	720245
3160	-746971200	8.2	720245
3160	-744292800	13.9	720245
3160	-741700800	17.1	720245
3160	-739022400	14.8	720245
3160	-736344000	10.6	720245
3160	-733752000	7.2	720245
3160	-731073600	-2.7	720245
3160	-728481600	-10.1	720245
3160	-725803200	-10.7	720245
3160	-723124800	-12.1	720245
3160	-720705600	-6.6	720245
3160	-718027200	-0.1	720245
3160	-715435200	6.3	720245
3160	-712756800	12.8	720245
3160	-710164800	16.8	720245
3160	-707486400	19.8	720245
3160	-704808000	11.7	720245
3160	-702216000	10.5	720245
3160	-699537600	-5.5	720245
3160	-696945600	-9.8	720245
3160	-694267200	-15.3	720245
3160	-691588800	-12.2	720245
3160	-689083200	-6.7	720245
3160	-686404800	4	720245
3160	-683812800	8.7	720245
3160	-681134400	14.1	720245
3160	-678542400	17.1	720245
3160	-675864000	16.7	720245
3160	-673185600	13.3	720245
3160	-670593600	5.3	720245
3160	-667915200	-1.8	720245
3160	-665323200	-10	720245
3160	-662644800	-10.5	720245
3160	-659966400	-11.8	720245
3160	-657547200	-6.5	720245
3160	-654868800	4	720245
3160	-652276800	9.8	720245
3160	-649598400	16.9	720245
3160	-647006400	17.6	720245
3160	-644328000	16.8	720245
3160	-641649600	9.3	720245
3160	-639057600	6.9	720245
3160	-636379200	-3.3	720245
3160	-633787200	-10.2	720245
3160	-631108800	-14.4	720245
3160	-628430400	-11.5	720245
3160	-626011200	-8.8	720245
3160	-623332800	-2.9	720245
3160	-620740800	7.9	720245
3160	-618062400	14.1	720245
3160	-615470400	14.9	720245
3160	-612792000	12.9	720245
3160	-610113600	10.7	720245
3160	-607521600	7.2	720245
3160	-604843200	-5.8	720245
3160	-602251200	-12	720245
3160	-599572800	-13.2	720245
3160	-596894400	-11	720245
3160	-594475200	-6.9	720245
3160	-591796800	1.6	720245
3160	-589204800	11.4	720245
3160	-586526400	12.6	720245
3160	-583934400	16.3	720245
3160	-581256000	13.2	720245
3160	-578577600	9	720245
3160	-575985600	4.7	720245
3160	-573307200	-7	720245
3160	-570715200	-10.6	720245
3160	-568036800	-11.5	720245
3160	-565358400	-8.4	720245
3160	-562852800	-6.3	720245
3160	-560174400	4.7	720245
3160	-557582400	9	720245
3160	-554904000	15.2	720245
3160	-552312000	17.1	720245
3160	-549633600	15.1	720245
3160	-546955200	11.9	720245
3160	-544363200	2.5	720245
3160	-541684800	-1.7	720245
3160	-539092800	-6.8	720245
3160	-536414400	-9.9	720245
3160	-533736000	-10.1	720245
3160	-531316800	-4.3	720245
3160	-528638400	0.7	720245
3160	-526046400	9.4	720245
3160	-523368000	15.1	720245
3160	-520776000	16.6	720245
3160	-518097600	16.9	720245
3160	-515419200	11.1	720245
3160	-512827200	8.6	720245
3160	-510148800	0.3	720245
3160	-507556800	-8.3	720245
3160	-504878400	-13	720245
3160	-502200000	-5.6	720245
3160	-499780800	-6.9	720245
3160	-497102400	2.7	720245
3160	-494510400	5.5	720245
3160	-491832000	15.7	720245
3160	-489240000	16.4	720245
3160	-486561600	14.7	720245
3160	-483883200	9.5	720245
3160	-481291200	4.9	720245
3160	-478612800	-1.2	720245
3160	-476020800	-8.7	720245
3160	-473342400	-12.1	720245
3160	-470664000	-10.8	720245
3160	-468244800	-7.2	720245
3160	-465566400	6.6	720245
3160	-462974400	11.3	720245
3160	-460296000	14.6	720245
3160	-457704000	19.8	720245
3160	-455025600	18.3	720245
3160	-452347200	11.1	720245
3160	-449755200	6.3	720245
3160	-447076800	-5.6	720245
3160	-444484800	-12.1	720245
3160	-441806400	-10.2	720245
3160	-439128000	-10.6	720245
3160	-436622400	-7	720245
3160	-433944000	0.9	720245
3160	-431352000	8.2	720245
3160	-428673600	15.4	720245
3160	-426081600	14.8	720245
3160	-423403200	15.4	720245
3160	-420724800	9	720245
3160	-418132800	8.9	720245
3160	-415454400	-2.9	720245
3160	-412862400	-8.8	720245
3160	-410184000	-16.1	720245
3160	-407505600	-10.4	720245
3160	-405086400	-5	720245
3160	-402408000	3.5	720245
3160	-399816000	8.8	720245
3160	-397137600	14.1	720245
3160	-394545600	17.8	720245
3160	-391867200	15.2	720245
3160	-389188800	9.6	720245
3160	-386596800	5.1	720245
3160	-383918400	-3.4	720245
3160	-381326400	-9.1	720245
3160	-378648000	-9.8	720245
3160	-375969600	-12.2	720245
3160	-373550400	-3.8	720245
3160	-370872000	3.8	720245
3160	-368280000	8.2	720245
3160	-365601600	11.4	720245
3160	-363009600	15.8	720245
3160	-360331200	15.1	720245
3160	-357652800	11.1	720245
3160	-355060800	6.3	720245
3160	-352382400	-2.1	720245
3160	-349790400	-14.3	720245
3160	-347112000	-15.7	720245
3160	-344433600	-12.6	720245
3160	-342014400	-5.3	720245
3160	-339336000	2.7	720245
3160	-336744000	11.3	720245
3160	-334065600	15.2	720245
3160	-331473600	16.6	720245
3160	-328795200	17.6	720245
3160	-326116800	11.5	720245
3160	-323524800	2.9	720245
3160	-320846400	-7.5	720245
3160	-318254400	-6	720245
3160	-315576000	-11.7	720245
3160	-312897600	-10.1	720245
3160	-310392000	-9.6	720245
3160	-307713600	2.7	720245
3160	-305121600	8.6	720245
3160	-302443200	12.8	720245
3160	-299851200	15.8	720245
3160	-297172800	16.4	720245
3160	-294494400	11.2	720245
3160	-291902400	5.5	720245
3160	-289224000	-1.5	720245
3160	-286632000	-11.5	720245
3160	-283953600	-13.1	720245
3160	-281275200	-7.6	720245
3160	-278856000	-3.5	720245
3160	-276177600	0.9	720245
3160	-273585600	7.3	720245
3160	-270907200	14.3	720245
3160	-268315200	16	720245
3160	-265636800	16	720245
3160	-262958400	11.1	720245
3160	-260366400	6.6	720245
3160	-257688000	-2.9	720245
3160	-255096000	-10.6	720245
3160	-252417600	-14.7	720245
3160	-249739200	-13.3	720245
3160	-247320000	-4.3	720245
3160	-244641600	1.6	720245
3160	-242049600	11.4	720245
3160	-239371200	13.9	720245
3160	-236779200	15.1	720245
3160	-234100800	15.4	720245
3160	-231422400	9	720245
3160	-228830400	6.5	720245
3160	-226152000	-2.1	720245
3160	-223560000	-10.6	720245
3160	-220881600	-18.1	720245
3160	-218203200	-16.2	720245
3160	-215784000	-4.8	720245
3160	-213105600	3.8	720245
3160	-210513600	8.5	720245
3160	-207835200	15.7	720245
3160	-205243200	17.6	720245
3160	-202564800	14.7	720245
3160	-199886400	10.6	720245
3160	-197294400	10.2	720245
3160	-194616000	0.3	720245
3160	-192024000	-12.8	720245
3160	-189345600	-9.4	720245
3160	-186667200	-11	720245
3160	-184161600	-6.9	720245
3160	-181483200	3.2	720245
3160	-178891200	11.7	720245
3160	-176212800	14.4	720245
3160	-173620800	17.9	720245
3160	-170942400	13.9	720245
3160	-168264000	10.4	720245
3160	-165672000	4.6	720245
3160	-162993600	-0.6	720245
3160	-160401600	-12	720245
3160	-157723200	-14.3	720245
3160	-155044800	-13.9	720245
3160	-152625600	-8.9	720245
3160	-149947200	1.4	720245
3160	-147355200	11.8	720245
3160	-144676800	13.3	720245
3160	-142084800	15.4	720245
3160	-139406400	14.9	720245
3160	-136728000	8.4	720245
3160	-134136000	6.1	720245
3160	-131457600	-2.3	720245
3160	-128865600	-6.3	720245
3160	-126187200	-15.7	720245
3160	-123508800	-10.5	720245
3160	-121089600	-3.1	720245
3160	-118411200	0.6	720245
3160	-115819200	6.5	720245
3160	-113140800	15.4	720245
3160	-110548800	18.8	720245
3160	-107870400	14.9	720245
3160	-105192000	10.4	720245
3160	-102600000	4.5	720245
3160	-99921600	-3.1	720245
3160	-97329600	-9.5	720245
3160	-94651200	-11.3	720245
3160	-91972800	-14.7	720245
3160	-89553600	-5.1	720245
3160	-86875200	2.9	720245
3160	-84283200	5.7	720245
3160	-81604800	14.2	720245
3160	-79012800	15.4	720245
3160	-76334400	13.5	720245
3160	-73656000	10.2	720245
3160	-71064000	4.1	720245
3160	-68385600	-4.7	720245
3160	-65793600	-9.5	720245
3160	-63115200	-13.3	720245
3160	-60436800	-12.9	720245
3160	-57931200	-1.6	720245
3160	-55252800	4.2	720245
3160	-52660800	7.9	720245
3160	-49982400	14.3	720245
3160	-47390400	16.4	720245
3160	-44712000	15.7	720245
3160	-42033600	11.7	720245
3160	-39441600	7.1	720245
3160	-36763200	-2.4	720245
3160	-34171200	-10	720245
3160	-31492800	-12	720245
3160	-28814400	-11.4	720245
3160	-26395200	-7.8	720245
3160	-23716800	4.2	720245
3160	-21124800	9.9	720245
3160	-18446400	10.5	720245
3160	-15854400	16	720245
3160	-13176000	16.7	720245
3160	-10497600	10.8	720245
3160	-7905600	3.7	720245
3160	-5227200	-3.1	720245
3160	-2635200	-9.2	720245
3160	43200	-16.4	720245
3160	2721600	-13.2	720245
3160	5140800	-7.8	720245
3160	7819200	3.4	720245
3160	10411200	9.4	720245
3160	13089600	15.4	720245
3160	15681600	18.2	720245
3160	18360000	15.8	720245
3160	21038400	11.5	720245
3160	23630400	7	720245
3160	26308800	-2.6	720245
3160	28900800	-10.1	720245
3160	31579200	-16.3	720245
3160	34257600	-12.6	720245
3160	36676800	-7.8	720245
3160	39355200	2	720245
3160	41947200	7.3	720245
3160	44625600	16.4	720245
3160	47217600	14.9	720245
3160	49896000	14	720245
3160	52574400	11.9	720245
3160	55166400	9.8	720245
3160	57844800	-2.3	720245
3160	60436800	-9.5	720245
3160	63115200	-16.5	720245
3160	65793600	-14.7	720245
3160	68299200	-8.2	720245
3160	70977600	-0.7	720245
3160	73569600	11.1	720245
3160	76248000	13.5	720245
3160	78840000	16.1	720245
3160	81518400	15.8	720245
3160	84196800	9.9	720245
3160	86788800	3.4	720245
3160	89467200	-2.8	720245
3160	92059200	-12.2	720245
3160	94737600	-10.5	720245
3160	97416000	-11.1	720245
3160	99835200	0.1	720245
3160	102513600	2.5	720245
3160	105105600	7.4	720245
3160	107784000	15.1	720245
3160	110376000	17.2	720245
3160	113054400	17.1	720245
3160	115732800	10.9	720245
3160	118324800	8.5	720245
3160	121003200	-2.3	720245
3160	123595200	-10.8	720245
3160	126273600	-13.9	720245
3160	128952000	-13.6	720245
3160	131371200	-5.9	720245
3160	134049600	3.3	720245
3160	136641600	7.6	720245
3160	139320000	12.4	720245
3160	141912000	18	720245
3160	144590400	15.3	720245
3160	147268800	8.1	720245
3160	149860800	5.1	720245
3160	152539200	-1.8	720245
3160	155131200	-7.3	720245
3160	157809600	-12.2	720245
3160	160488000	-10.7	720245
3160	162907200	-7.5	720245
3160	165585600	-1.1	720245
3160	168177600	12.1	720245
3160	170856000	15.2	720245
3160	173448000	18.5	720245
3160	176126400	15.5	720245
3160	178804800	8.8	720245
3160	181396800	7	720245
3160	184075200	-0.3	720245
3160	186667200	-10.5	720245
3160	189345600	-14.7	720245
3160	192024000	-7.7	720245
3160	194529600	-5.7	720245
3160	197208000	4.4	720245
3160	199800000	8	720245
3160	202478400	16.5	720245
3160	205070400	17	720245
3160	207748800	15.8	720245
3160	210427200	10.1	720245
3160	213019200	2.1	720245
3160	215697600	-6.7	720245
3160	218289600	-16.2	720245
3160	220968000	-18.8	720245
3160	223646400	-10.7	720245
3160	226065600	-1.6	720245
3160	228744000	5.5	720245
3160	231336000	14.3	720245
3160	234014400	13.8	720245
3160	236606400	18.8	720245
3160	239284800	13.2	720245
3160	241963200	11.2	720245
3160	244555200	5.2	720245
3160	247233600	-2.1	720245
3160	249825600	-10.7	720245
3160	252504000	-14.6	720245
3160	255182400	-14.4	720245
3160	257601600	-6.7	720245
3160	260280000	1.5	720245
3160	262872000	10.9	720245
3160	265550400	14	720245
3160	268142400	16.3	720245
3160	270820800	16.4	720245
3160	273499200	13	720245
3160	276091200	5.1	720245
3160	278769600	-3.1	720245
3160	281361600	-13	720245
3160	284040000	-17.9	720245
3160	286718400	-16.3	720245
3160	289137600	-4.6	720245
3160	291816000	0.8	720245
3160	294408000	7.4	720245
3160	297086400	13.6	720245
3160	299678400	17.2	720245
3160	302356800	14.9	720245
3160	305035200	12.1	720245
3160	307627200	3.6	720245
3160	310305600	-3.5	720245
3160	312897600	-7.3	720245
3160	315576000	-13	720245
3160	318254400	-13.6	720245
3160	320760000	-7.2	720245
3160	323438400	4.1	720245
3160	326030400	11.5	720245
3160	328708800	13.9	720245
3160	331300800	17.7	720245
3160	333979200	16.5	720245
3160	336657600	10.6	720245
3160	339249600	3	720245
3160	341928000	-2.1	720245
3160	344520000	-11.6	720245
3160	347198400	-13.5	720245
3160	349876800	-8.8	720245
3160	352296000	-3	720245
3160	354974400	4.6	720245
3160	357566400	8.1	720245
3160	360244800	14.8	720245
3160	362836800	16.8	720245
3160	365515200	16.2	720245
3160	368193600	9.8	720245
3160	370785600	3.5	720245
3160	373464000	-0.3	720245
3160	376056000	-9.5	720245
3160	378734400	-18.5	720245
3160	381412800	-13.1	720245
3160	383832000	-5.9	720245
3160	386510400	-0.1	720245
3160	389102400	12.8	720245
3160	391780800	10.9	720245
3160	394372800	17.8	720245
3160	397051200	14.4	720245
3160	399729600	11	720245
3160	402321600	6.1	720245
3160	4.05e+08	-2.8	720245
3160	407592000	-6.1	720245
3160	410270400	-10.3	720245
3160	412948800	-5.8	720245
3160	415368000	-3.3	720245
3160	418046400	1.3	720245
3160	420638400	6.5	720245
3160	423316800	14.2	720245
3160	425908800	19.8	720245
3160	428587200	18.3	720245
3160	431265600	12.7	720245
3160	433857600	5.1	720245
3160	436536000	-1.4	720245
3160	439128000	-15.4	720245
3160	441806400	-15.3	720245
3160	444484800	-5.2	720245
3160	446990400	-8.6	720245
3160	449668800	4.9	720245
3160	452260800	7.8	720245
3160	454939200	15.9	720245
3160	457531200	16.2	720245
3160	460209600	17.6	720245
3160	462888000	9.9	720245
3160	465480000	7.3	720245
3160	468158400	-2.5	720245
3160	470750400	-8.9	720245
3160	473428800	-13.3	720245
3160	476107200	-12.8	720245
3160	478526400	-2.3	720245
3160	481204800	4.4	720245
3160	483796800	10.8	720245
3160	486475200	12.4	720245
3160	489067200	15.8	720245
3160	491745600	14.7	720245
3160	494424000	11.2	720245
3160	497016000	5	720245
3160	499694400	-4.9	720245
3160	502286400	-15	720245
3160	504964800	-12.4	720245
3160	507643200	-11.6	720245
3160	510062400	-4.2	720245
3160	512740800	5.5	720245
3160	515332800	11.8	720245
3160	518011200	13.8	720245
3160	520603200	17.6	720245
3160	523281600	14	720245
3160	525960000	11.3	720245
3160	528552000	4.8	720245
3160	531230400	-4.2	720245
3160	533822400	-8	720245
3160	536500800	-10.1	720245
3160	539179200	-7.5	720245
3160	541598400	-2.5	720245
3160	544276800	5	720245
3160	546868800	10.6	720245
3160	549547200	16.4	720245
3160	552139200	18.2	720245
3160	554817600	15.2	720245
3160	557496000	11.2	720245
3160	560088000	1.7	720245
3160	562766400	-0.3	720245
3160	565358400	-5.7	720245
3160	568036800	-14.2	720245
3160	570715200	-13.8	720245
3160	573220800	-5.5	720245
3160	575899200	3.8	720245
3160	578491200	12.3	720245
3160	581169600	16.2	720245
3160	583761600	18.5	720245
3160	586440000	17.9	720245
3160	589118400	12	720245
3160	591710400	2.9	720245
3160	594388800	-0.5	720245
3160	596980800	-9.3	720245
3160	599659200	-9.1	720245
3160	602337600	-14.8	720245
3160	604756800	-7.7	720245
3160	607435200	2	720245
3160	610027200	9.7	720245
3160	612705600	13.7	720245
3160	615297600	18.4	720245
3160	617976000	16.6	720245
3160	620654400	10.8	720245
3160	623246400	6.1	720245
3160	625924800	-4.6	720245
3160	628516800	-15.8	720245
3160	631195200	-7	720245
3160	633873600	-10.3	720245
3160	636292800	-2.8	720245
3160	638971200	5.3	720245
3160	641563200	8	720245
3160	644241600	14.8	720245
3160	646833600	16.3	720245
3160	649512000	15.9	720245
3160	652190400	11.9	720245
3160	654782400	4.4	720245
3160	657460800	0	720245
3160	660052800	-9.8	720245
3160	662731200	-14.3	720245
3160	665409600	-8.6	720245
3160	667828800	-3.7	720245
3160	670507200	5.6	720245
3160	673099200	12.9	720245
3160	675777600	17	720245
3160	678369600	16.8	720245
3160	681048000	17.3	720245
3160	683726400	10.6	720245
3160	686318400	4.1	720245
3160	688996800	-4.6	720245
3160	691588800	-8.6	720245
3160	694267200	-9.2	720245
3160	696945600	-8	720245
3160	699451200	-5.5	720245
3160	702129600	2	720245
3160	704721600	10.6	720245
3160	707400000	13	720245
3160	709992000	13.5	720245
3160	712670400	13.4	720245
3160	715348800	10.8	720245
3160	717940800	4.9	720245
3160	720619200	-3.3	720245
3160	723211200	-8.1	720245
3160	725889600	-11.9	720245
3160	728568000	-11.1	720245
3160	730987200	-4	720245
3160	733665600	1.1	720245
3160	736257600	9.5	720245
3160	738936000	13.5	720245
3160	741528000	16.9	720245
3160	744206400	16.7	720245
3160	746884800	8.6	720245
3160	749476800	3.5	720245
3160	752155200	-4.2	720245
3160	754747200	-8	720245
3160	757425600	-18.4	720245
3160	760104000	-13.7	720245
3160	762523200	-3.7	720245
3160	765201600	2.7	720245
3160	767793600	9.8	720245
3160	770472000	16.2	720245
3160	773064000	16.1	720245
3160	775742400	14.5	720245
3160	778420800	13	720245
3160	781012800	7	720245
3160	783691200	0	720245
3160	786283200	-5.1	720245
3160	788961600	-9.8	720245
3160	791640000	-10.6	720245
3160	794059200	-3	720245
3160	796737600	-0.1	720245
3160	799329600	9.3	720245
3160	802008000	17.9	720245
3160	804600000	17.6	720245
3160	807278400	18.8	720245
3160	809956800	10.3	720245
3160	812548800	6.4	720245
3160	815227200	-6.9	720245
3160	817819200	-11.4	720245
3160	820497600	-14.9	720245
3160	823176000	-13.1	720245
3160	825681600	-8.9	720245
3160	828360000	-0.1	720245
3160	830952000	8	720245
3160	833630400	15.5	720245
3160	836222400	15.3	720245
3160	838900800	16.2	720245
3160	841579200	12.6	720245
3160	844171200	5.4	720245
3160	846849600	-4.1	720245
3160	849441600	-8.4	720245
3160	852120000	-12.4	720245
3160	854798400	-8.9	720245
3160	857217600	-6.4	720245
3160	859896000	2.2	720245
3160	862488000	5.9	720245
3160	865166400	16.4	720245
3160	867758400	16.6	720245
3160	870436800	13.9	720245
3160	873115200	12.4	720245
3160	875707200	5.8	720245
3160	878385600	-2.9	720245
3160	880977600	-4.1	720245
3160	883656000	-8.6	720245
3160	886334400	-2.1	720245
3160	888753600	-3.2	720245
3160	891432000	5.9	720245
3160	894024000	13.3	720245
3160	896702400	14.7	720245
3160	899294400	16.9	720245
3160	901972800	17.7	720245
3160	904651200	13.9	720245
3160	907243200	7	720245
3160	909921600	0.7	720245
3160	912513600	-6.4	720245
3160	915192000	-14	720245
3160	917870400	-6.9	720245
3160	920289600	-3.4	720245
3160	922968000	5.3	720245
3160	925560000	11.9	720245
3160	928238400	16.1	720245
3160	930830400	19.2	720245
3160	933508800	15.6	720245
3160	936187200	11.7	720245
3160	938779200	4.4	720245
3160	941457600	2.1	720245
3160	944049600	-8	720245
3160	946728000	-12.6	720245
3160	949406400	-8	720245
3160	951912000	-0.1	720245
3160	954590400	2.5	720245
3160	957182400	11.2	720245
3160	959860800	14.1	720245
3160	962452800	16.4	720245
3160	965131200	16	720245
3160	967809600	11.5	720245
3160	970401600	7.2	720245
3160	973080000	-0.9	720245
3160	975672000	-14	720245
3160	978350400	-8.4	720245
3160	981028800	-11.6	720245
3160	983448000	-5.3	720245
3160	986126400	5.5	720245
3160	988718400	11.3	720245
3160	991396800	16	720245
3160	993988800	17	720245
3160	996667200	17.5	720245
3160	999345600	11.3	720245
3160	1001937600	4.9	720245
3160	1004616000	4	720245
3160	1007208000	-3.9	720245
3160	1009886400	-6.6	720245
3160	1012564800	-6.1	720245
3160	1014984000	-8	720245
3160	1017662400	2.5	720245
3160	1020254400	7.5	720245
3160	1022932800	16.5	720245
3160	1025524800	20.3	720245
3160	1028203200	16.7	720245
3160	1030881600	13.4	720245
3160	1033473600	3.4	720245
3160	1036152000	-3.1	720245
3160	1038744000	-5.8	720245
3160	1041422400	-12.3	720245
3160	1044100800	-14	720245
3160	1046520000	-5.7	720245
3160	1049198400	1.7	720245
3160	1051790400	9.3	720245
3160	1054468800	14.5	720245
3160	1057060800	16.9	720245
3160	1059739200	17.8	720245
3160	1062417600	12.6	720245
3160	1065009600	5	720245
3160	1067688000	-1.6	720245
3160	1070280000	-6.4	720245
3160	1072958400	-14.7	720245
3160	1075636800	-8.6	720245
3160	1078142400	-2.9	720245
3160	1080820800	3	720245
3160	1083412800	8.5	720245
3160	1086091200	13.6	720245
3160	1088683200	16.2	720245
3160	1091361600	13.7	720245
3160	1094040000	14.5	720245
3160	1096632000	6.5	720245
3160	1099310400	-0.3	720245
3160	1101902400	-9.7	720245
3160	1104580800	-13	720245
3160	1107259200	-7.2	720245
3160	1109678400	-7.1	720245
3160	1112356800	5.6	720245
3160	1114948800	9	720245
3160	1117627200	18.2	720245
3160	1120219200	18.3	720245
3160	1122897600	16.8	720245
3160	1125576000	14.2	720245
3160	1128168000	8	720245
3160	1130846400	-1.5	720245
3160	1133438400	-8.2	720245
3160	1136116800	-5.4	720245
3160	1138795200	-10.8	720245
3160	1141214400	-3.7	720245
3160	1143892800	6.4	720245
3160	1146484800	11	720245
3160	1149163200	15.3	720245
3160	1151755200	19.1	720245
3160	1154433600	16.5	720245
3160	1157112000	10.5	720245
3160	1159704000	3.4	720245
3160	1162382400	0.5	720245
3160	1164974400	-5.2	720245
3160	1167652800	-9.1	720245
3160	1170331200	-12.8	720245
3160	1172750400	-2.6	720245
3160	1175428800	2.2	720245
3160	1178020800	12	720245
3160	1180699200	16.4	720245
3160	1183291200	17.6	720245
3160	1185969600	17.2	720245
3160	1188648000	13.1	720245
3160	1191240000	8.6	720245
3160	1193918400	-2	720245
3160	1196510400	-10.1	720245
3160	1199188800	-9.7	720245
3160	1201867200	-12.8	720245
3160	1204372800	-7.6	720245
3160	1207051200	2.8	720245
3160	1209643200	8.3	720245
3160	1212321600	15.4	720245
3160	1214913600	17.4	720245
3160	1217592000	15.2	720245
3160	1220270400	11.9	720245
3160	1222862400	3.9	720245
3160	1225540800	-2	720245
3160	1228132800	-12.5	720245
3160	1230811200	-17	720245
3160	1233489600	-9.3	720245
3160	1235908800	-5.6	720245
3160	1238587200	2.2	720245
3160	1241179200	8.9	720245
3160	1243857600	13.4	720245
3160	1246449600	14.3	720245
3160	1249128000	14.9	720245
3160	1251806400	13.4	720245
3160	1254398400	3.2	720245
3160	1257076800	2.5	720245
3160	1259668800	-9.6	720245
3160	1262347200	-9	720245
3160	1265025600	-8.4	720245
3160	1267444800	0.5	720245
3160	1270123200	6.9	720245
3160	1272715200	12.4	720245
3160	1275393600	15.5	720245
3160	1277985600	19	720245
3160	1280664000	18.2	720245
3160	1283342400	10.6	720245
3160	1285934400	6.8	720245
3160	1288612800	-0.2	720245
3160	1291204800	-9	720245
3160	1293883200	-12.9	720245
3160	1296561600	-8.9	720245
3160	1298980800	-4.7	720245
3160	1301659200	2.4	720245
3160	1304251200	10.1	720245
3160	1306929600	14.7	720245
3160	1309521600	19.3	720245
3160	1312200000	17	720245
3160	1314878400	12	720245
3160	1317470400	6.9	720245
3160	1320148800	0.2	720245
3160	1322740800	-6.9	720245
3160	1325419200	-9.5	720245
3160	1328097600	-6.1	720245
3160	1330603200	4.2	720245
3160	1333281600	4.3	720245
3160	1335873600	12.3	720245
3160	1338552000	16.4	720245
3160	1341144000	19.7	720245
3160	1343822400	16	720245
3160	1346500800	10.9	720245
3160	1349092800	5	720245
3160	1351771200	-0.7	720245
3160	1354363200	-5.3	720245
3160	1357041600	-9.5	720245
3160	1359720000	-11.2	720245
3160	1362139200	-7.6	720245
3160	1364817600	-0.4	720245
3160	1367409600	10.5	720245
3160	1370088000	14.9	720245
3160	1372680000	18	720245
3160	1375358400	16	720245
3160	1378036800	12.3	720245
3160	1380628800	5.8	720245
3160	1383307200	-2.2	720245
3160	1385899200	-13.7	720245
3160	1388577600	-16.7	720245
3160	1391256000	-16.1	720245
3160	1393675200	-11.4	720245
3812	-3060936000	-11.9	727430
3812	-3058257600	-8.7	727430
3812	-3055838400	-4.4	727430
3812	-3053160000	1.6	727430
3812	-3050568000	7.2	727430
3812	-3047889600	15.3	727430
3812	-3045297600	17	727430
3812	-3042619200	17.4	727430
3812	-3039940800	10.9	727430
3812	-3037348800	6.4	727430
3812	-3034670400	-3.9	727430
3812	-3032078400	-3.6	727430
3812	-3029400000	-7.2	727430
3812	-3026721600	-7.3	727430
3812	-3024302400	-4.8	727430
3812	-3021624000	-1.3	727430
3812	-3019032000	10.7	727430
3812	-3016353600	14.5	727430
3812	-3013761600	18.5	727430
3812	-3011083200	18	727430
3812	-3008404800	15.6	727430
3812	-3005812800	7.6	727430
3812	-3003134400	-1.2	727430
3812	-3000542400	-6.1	727430
3812	-2997864000	-14.5	727430
3812	-2995185600	-17.1	727430
3812	-2992766400	-7	727430
3812	-2990088000	0.7	727430
3812	-2987496000	9.2	727430
3812	-2984817600	13.7	727430
3812	-2982225600	17.2	727430
3812	-2979547200	16.4	727430
3812	-2976868800	11.6	727430
3812	-2974276800	4.4	727430
3812	-2971598400	-1.9	727430
3812	-2969006400	-3.5	727430
3812	-2966328000	-6.6	727430
3812	-2963649600	-9.3	727430
3812	-2961144000	-6.1	727430
3812	-2958465600	2.7	727430
3812	-2955873600	9.5	727430
3812	-2953195200	14.5	727430
3812	-2950603200	19.1	727430
3812	-2947924800	20.6	727430
3812	-2945246400	12.3	727430
3812	-2942654400	4.8	727430
3812	-2939976000	1	727430
3812	-2937384000	-8.7	727430
3812	-2934705600	-9	727430
3812	-2932027200	-0.9	727430
3812	-2929608000	-6.1	727430
3812	-2926929600	3.8	727430
3812	-2924337600	11.8	727430
3812	-2921659200	14.6	727430
3812	-2919067200	19.7	727430
3812	-2916388800	19	727430
3812	-2913710400	15.7	727430
3812	-2911118400	7.6	727430
3812	-2908440000	1.2	727430
3812	-2905848000	1.1	727430
3812	-2903169600	-4.7	727430
3812	-2900491200	0	727430
3812	-2898072000	4	727430
3812	-2895393600	6.9	727430
3812	-2892801600	8.9	727430
3812	-2890123200	14.9	727430
3812	-2887531200	21.3	727430
3812	-2884852800	20.5	727430
3812	-2882174400	15.1	727430
3812	-2879582400	7.7	727430
3812	-2876904000	3	727430
3812	-2874312000	-5.6	727430
3812	-2871633600	-6.7	727430
3812	-2868955200	-9.6	727430
3812	-2866536000	-2.3	727430
3812	-2863857600	3.6	727430
3812	-2861265600	9.9	727430
3812	-2858587200	15.8	727430
3812	-2855995200	19.9	727430
3812	-2853316800	18.9	727430
3812	-2850638400	12.9	727430
3812	-2848046400	13	727430
3812	-2845368000	-0.5	727430
3812	-2842776000	-8.3	727430
3812	-2840097600	-2.6	727430
3812	-2837419200	-6.6	727430
3812	-2834913600	-4.3	727430
3812	-2832235200	3.2	727430
3812	-2829643200	13.8	727430
3812	-2826964800	16.4	727430
3812	-2824372800	18.1	727430
3812	-2821694400	16.7	727430
3812	-2819016000	13.1	727430
3812	-2816424000	6.4	727430
3812	-2813745600	-4.5	727430
3812	-2811153600	-7.7	727430
3812	-2808475200	-12.6	727430
3812	-2805796800	-10.4	727430
3812	-2803377600	-4.6	727430
3812	-2800699200	1.6	727430
3812	-2798107200	11.6	727430
3812	-2795428800	12.6	727430
3812	-2792836800	20.3	727430
3812	-2790158400	18.6	727430
3812	-2787480000	13.9	727430
3812	-2784888000	6.8	727430
3812	-2782209600	-1.1	727430
3812	-2779617600	-1.2	727430
3812	-2776939200	-6.8	727430
3812	-2774260800	-2.7	727430
3812	-2771841600	-2.8	727430
3812	-2769163200	2.2	727430
3812	-2766571200	7.6	727430
3812	-2763892800	13.4	727430
3812	-2761300800	16.9	727430
3812	-2758622400	16.7	727430
3812	-2755944000	13.6	727430
3812	-2753352000	9.7	727430
3812	-2750673600	1.4	727430
3812	-2748081600	-5	727430
3812	-2745403200	-11.5	727430
3812	-2742724800	-9.9	727430
3812	-2740305600	-8.2	727430
3812	-2737627200	2.2	727430
3812	-2735035200	6.4	727430
3812	-2732356800	13.8	727430
3812	-2729764800	16.4	727430
3812	-2727086400	16.4	727430
3812	-2724408000	11.9	727430
3812	-2721816000	5.7	727430
3812	-2719137600	-0.2	727430
3812	-2716545600	-6.6	727430
3812	-2713867200	-12.3	727430
3812	-2711188800	-12.7	727430
3812	-2708683200	-5.6	727430
3812	-2706004800	1.7	727430
3812	-2703412800	8.2	727430
3812	-2700734400	15.2	727430
3812	-2698142400	15.3	727430
3812	-2695464000	17	727430
3812	-2692785600	15.2	727430
3812	-2690193600	8.3	727430
3812	-2687515200	-0.8	727430
3812	-2684923200	-7	727430
3812	-2682244800	-13.7	727430
3812	-2679566400	-13.9	727430
3812	-2677147200	-11.1	727430
3812	-2674468800	1.7	727430
3812	-2671876800	7.7	727430
3812	-2669198400	13.4	727430
3812	-2666606400	17.8	727430
3812	-2663928000	14.7	727430
3812	-2661249600	13.2	727430
3812	-2658657600	5.4	727430
3812	-2655979200	1.3	727430
3812	-2653387200	-4.9	727430
3812	-2650708800	-10.2	727430
3812	-2648030400	-9.6	727430
3812	-2645611200	-4.3	727430
3812	-2642932800	4.5	727430
3812	-2640340800	9.9	727430
3812	-2637662400	13.7	727430
3812	-2635070400	18.1	727430
3812	-2632392000	17.3	727430
3812	-2629713600	13	727430
3812	-2627121600	10.2	727430
3812	-2624443200	-0.9	727430
3812	-2621851200	-9.2	727430
3812	-2619172800	-13.4	727430
3812	-2616494400	-11.2	727430
3812	-2614075200	-7.3	727430
3812	-2611396800	2.1	727430
3812	-2608804800	14	727430
3812	-2606126400	15.5	727430
3812	-2603534400	19.1	727430
3812	-2600856000	16.2	727430
3812	-2598177600	12.6	727430
3812	-2595585600	4.7	727430
3812	-2592907200	-0.4	727430
3812	-2590315200	-4.2	727430
3812	-2587636800	-13.2	727430
3812	-2584958400	-11.2	727430
3812	-2582452800	-9.7	727430
3812	-2579774400	0.8	727430
3812	-2577182400	6.4	727430
3812	-2574504000	14.6	727430
3812	-2571912000	17.8	727430
3812	-2569233600	16.3	727430
3812	-2566555200	11.8	727430
3812	-2563963200	5.4	727430
3812	-2561284800	1.6	727430
3812	-2558692800	-3.1	727430
3812	-2556014400	-4.8	727430
3812	-2553336000	-11.3	727430
3812	-2550916800	-0.4	727430
3812	-2548238400	4.2	727430
3812	-2545646400	8.8	727430
3812	-2542968000	13	727430
3812	-2540376000	18.2	727430
3812	-2537697600	17.8	727430
3812	-2535019200	14.4	727430
3812	-2532427200	4.6	727430
3812	-2529748800	0.8	727430
3812	-2527156800	-1.8	727430
3812	-2524478400	-7.3	727430
3812	-2521800000	-6.6	727430
3812	-2519380800	-6.2	727430
3812	-2516702400	4	727430
3812	-2514110400	5.6	727430
3812	-2511432000	16.4	727430
3812	-2508840000	18.3	727430
3812	-2506161600	15.6	727430
3812	-2503483200	12.7	727430
3812	-2500891200	7.4	727430
3812	-2498212800	1.1	727430
3812	-2495620800	-4.8	727430
3812	-2492942400	-5.6	727430
3812	-2490264000	-8.4	727430
3812	-2487844800	-5.6	727430
3812	-2485166400	4.2	727430
3812	-2482574400	9.3	727430
3812	-2479896000	14.9	727430
3812	-2477304000	15.3	727430
3812	-2474625600	16.4	727430
3812	-2471947200	17.2	727430
3812	-2469355200	7.6	727430
3812	-2466676800	-1.6	727430
3812	-2464084800	-1.1	727430
3812	-2461406400	-9.5	727430
3812	-2458728000	-6.6	727430
3812	-2456222400	-3.8	727430
3812	-2453544000	0.9	727430
3812	-2450952000	7.6	727430
3812	-2448273600	14.1	727430
3812	-2445681600	20	727430
3812	-2443003200	18.3	727430
3812	-2440324800	15.1	727430
3812	-2437732800	8.9	727430
3812	-2435054400	-1.4	727430
3812	-2432462400	-7.3	727430
3812	-2429784000	-12.8	727430
3812	-2427105600	-11.1	727430
3812	-2424686400	-5.5	727430
3812	-2422008000	0.4	727430
3812	-2419416000	7.4	727430
3812	-2416737600	18	727430
3812	-2414145600	19.4	727430
3812	-2411467200	17.6	727430
3812	-2408788800	12.9	727430
3812	-2406196800	8.1	727430
3812	-2403518400	0.4	727430
3812	-2400926400	-7.7	727430
3812	-2398248000	-7.3	727430
3812	-2395569600	-8.7	727430
3812	-2393150400	-0.7	727430
3812	-2390472000	5	727430
3812	-2387880000	7.9	727430
3812	-2385201600	17.3	727430
3812	-2382609600	19.1	727430
3812	-2379931200	16.1	727430
3812	-2377252800	16.4	727430
3812	-2374660800	8.4	727430
3812	-2371982400	-2.5	727430
3812	-2369390400	-2.5	727430
3812	-2366712000	-9.7	727430
3812	-2364033600	-9.8	727430
3812	-2361614400	-6.2	727430
3812	-2358936000	4.7	727430
3812	-2356344000	11.7	727430
3812	-2353665600	15.4	727430
3812	-2351073600	16.9	727430
3812	-2348395200	17.6	727430
3812	-2345716800	15.5	727430
3812	-2343124800	4.7	727430
3812	-2340446400	-0.6	727430
3812	-2337854400	-4	727430
3812	-2335176000	-7.1	727430
3812	-2332497600	-6.5	727430
3812	-2329992000	-5.7	727430
3812	-2327313600	5.9	727430
3812	-2324721600	13.4	727430
3812	-2322043200	16.6	727430
3812	-2319451200	18.2	727430
3812	-2316772800	18	727430
3812	-2314094400	12.3	727430
3812	-2311502400	6.5	727430
3812	-2308824000	-1.9	727430
3812	-2306232000	-3.6	727430
3812	-2303553600	-7.7	727430
3812	-2300875200	-6.2	727430
3812	-2298456000	-4.2	727430
3812	-2295777600	3.2	727430
3812	-2293185600	8.5	727430
3812	-2290507200	12.4	727430
3812	-2287915200	20.6	727430
3812	-2285236800	16.9	727430
3812	-2282558400	17.3	727430
3812	-2279966400	9.7	727430
3812	-2277288000	-1.2	727430
3812	-2274696000	-6.4	727430
3812	-2272017600	-5.6	727430
3812	-2269339200	-6.3	727430
3812	-2266920000	0.1	727430
3812	-2264241600	3.6	727430
3812	-2261649600	9.7	727430
3812	-2258971200	14.1	727430
3812	-2256379200	18.2	727430
3812	-2253700800	17.1	727430
3812	-2251022400	16.4	727430
3812	-2248430400	7.4	727430
3812	-2245752000	1.5	727430
3812	-2243160000	-7.1	727430
3812	-2240481600	-10.2	727430
3812	-2237803200	-12.2	727430
3812	-2235384000	-8.9	727430
3812	-2232705600	4.8	727430
3812	-2230113600	10.1	727430
3812	-2227435200	15.8	727430
3812	-2224843200	17.7	727430
3812	-2222164800	18.5	727430
3812	-2219486400	11.3	727430
3812	-2216894400	9.7	727430
3812	-2214216000	5.1	727430
3812	-2211624000	-4.9	727430
3812	-2208945600	-5	727430
3812	-2206267200	-11.7	727430
3812	-2203848000	-6.4	727430
3812	-2201169600	6.3	727430
3812	-2198577600	11.5	727430
3812	-2195899200	15.3	727430
3812	-2193307200	17.5	727430
3812	-2190628800	20.8	727430
3812	-2187950400	14.7	727430
3812	-2185358400	13.4	727430
3812	-2182680000	-0.5	727430
3812	-2180088000	-4.2	727430
3812	-2177409600	-7.3	727430
3812	-2174731200	-10.4	727430
3812	-2172312000	-4.5	727430
3812	-2169633600	5.7	727430
3812	-2167041600	9.4	727430
3812	-2164363200	15.7	727430
3812	-2161771200	19.9	727430
3812	-2159092800	18.6	727430
3812	-2156414400	14.1	727430
3812	-2153822400	9.2	727430
3812	-2151144000	-0.1	727430
3812	-2148552000	-6.1	727430
3812	-2145873600	-6.8	727430
3812	-2143195200	-5.8	727430
3812	-2140776000	0.8	727430
3812	-2138097600	3.4	727430
3812	-2135505600	9.8	727430
3812	-2132827200	12.2	727430
3812	-2130235200	19.1	727430
3812	-2127556800	16.9	727430
3812	-2124878400	12.6	727430
3812	-2122286400	8	727430
3812	-2119608000	3.2	727430
3812	-2117016000	-4.9	727430
3812	-2114337600	-7.4	727430
3812	-2111659200	-7.6	727430
3812	-2109240000	0	727430
3812	-2106561600	3.6	727430
3812	-2103969600	10.9	727430
3812	-2101291200	13.4	727430
3812	-2098699200	17.6	727430
3812	-2096020800	15.3	727430
3812	-2093342400	13.6	727430
3812	-2090750400	9.6	727430
3812	-2088072000	0.1	727430
3812	-2085480000	-8.2	727430
3812	-2082801600	-10.9	727430
3812	-2080123200	-14.3	727430
3812	-2077617600	-4.8	727430
3812	-2074939200	1.4	727430
3812	-2072347200	9.9	727430
3812	-2069668800	14.4	727430
3812	-2067076800	17	727430
3812	-2064398400	16.1	727430
3812	-2061720000	12.2	727430
3812	-2059128000	6.9	727430
3812	-2056449600	2.4	727430
3812	-2053857600	-6.2	727430
3812	-2051179200	-9.8	727430
3812	-2048500800	-10.5	727430
3812	-2046081600	-3.2	727430
3812	-2043403200	2.8	727430
3812	-2040811200	7.9	727430
3812	-2038132800	13.7	727430
3812	-2035540800	16.7	727430
3812	-2032862400	18.2	727430
3812	-2030184000	16	727430
3812	-2027592000	7	727430
3812	-2024913600	1.1	727430
3812	-2022321600	-3	727430
3812	-2019643200	-4.3	727430
3812	-2016964800	-7.9	727430
3812	-2014545600	-6.2	727430
3812	-2011867200	6.1	727430
3812	-2009275200	8.3	727430
3812	-2006596800	15.3	727430
3812	-2004004800	17.9	727430
3812	-2001326400	18.6	727430
3812	-1998648000	16.1	727430
3812	-1996056000	8.1	727430
3812	-1993377600	1.4	727430
3812	-1990785600	-5.6	727430
3812	-1988107200	-9.9	727430
3812	-1985428800	-9.6	727430
3812	-1983009600	-1.9	727430
3812	-1980331200	-1.2	727430
3812	-1977739200	4.2	727430
3812	-1975060800	15.1	727430
3812	-1972468800	17.8	727430
3812	-1969790400	16.8	727430
3812	-1967112000	12.4	727430
3812	-1964520000	6.6	727430
3812	-1961841600	0.6	727430
3812	-1959249600	-3.8	727430
3812	-1956571200	-5.8	727430
3812	-1953892800	-7.6	727430
3812	-1951387200	-3.7	727430
3812	-1948708800	3.6	727430
3812	-1946116800	9.1	727430
3812	-1943438400	16.2	727430
3812	-1940846400	18.8	727430
3812	-1938168000	18.2	727430
3812	-1935489600	17.6	727430
3812	-1932897600	9.7	727430
3812	-1930219200	2.6	727430
3812	-1927627200	-5.6	727430
3812	-1924948800	-7.3	727430
3812	-1922270400	-7.5	727430
3812	-1919851200	-3.2	727430
3812	-1917172800	0.6	727430
3812	-1914580800	7.8	727430
3812	-1911902400	15.3	727430
3812	-1909310400	18.2	727430
3812	-1906632000	18.7	727430
3812	-1903953600	13.1	727430
3812	-1901361600	7.2	727430
3812	-1898683200	3.5	727430
3812	-1896091200	-5.7	727430
3812	-1893412800	-6.7	727430
3812	-1890734400	-9.4	727430
3812	-1888315200	3.6	727430
3812	-1885636800	5.7	727430
3812	-1883044800	8.1	727430
3812	-1880366400	16.9	727430
3812	-1877774400	18.9	727430
3812	-1875096000	17.1	727430
3812	-1872417600	13.4	727430
3812	-1869825600	9.5	727430
3812	-1867147200	-0.8	727430
3812	-1864555200	-6.1	727430
3812	-1861876800	-8.2	727430
3812	-1859198400	-5.1	727430
3812	-1856779200	-1.7	727430
3812	-1854100800	3.8	727430
3812	-1851508800	12.2	727430
3812	-1848830400	15.4	727430
3812	-1846238400	18.9	727430
3812	-1843560000	17.3	727430
3812	-1840881600	13	727430
3812	-1838289600	7.2	727430
3812	-1835611200	-1.7	727430
3812	-1833019200	-1.9	727430
3812	-1830340800	-17.1	727430
3812	-1827662400	-11.4	727430
3812	-1825156800	-6.8	727430
3812	-1822478400	3.4	727430
3812	-1819886400	9.5	727430
3812	-1817208000	14.7	727430
3812	-1814616000	18.4	727430
3812	-1811937600	14.2	727430
3812	-1809259200	14.6	727430
3812	-1806667200	9.6	727430
3812	-1803988800	2.1	727430
3812	-1801396800	-4	727430
3812	-1798718400	-7.9	727430
3812	-1796040000	-11.7	727430
3812	-1793620800	-5.6	727430
3812	-1790942400	5.1	727430
3812	-1788350400	8.5	727430
3812	-1785672000	16.3	727430
3812	-1783080000	17.2	727430
3812	-1780401600	17.8	727430
3812	-1777723200	13.3	727430
3812	-1775131200	7.8	727430
3812	-1772452800	3.7	727430
3812	-1769860800	-0.2	727430
3812	-1767182400	-5.7	727430
3812	-1764504000	-11.4	727430
3812	-1762084800	-3.8	727430
3812	-1759406400	1.7	727430
3812	-1756814400	12.3	727430
3812	-1754136000	14.8	727430
3812	-1751544000	19	727430
3812	-1748865600	17.1	727430
3812	-1746187200	14.4	727430
3812	-1743595200	11.4	727430
3812	-1740916800	0.9	727430
3812	-1738324800	-7.6	727430
3812	-1735646400	-8.7	727430
3812	-1732968000	-3.7	727430
3812	-1730548800	-3	727430
3812	-1727870400	8.6	727430
3812	-1725278400	7.4	727430
3812	-1722600000	12.8	727430
3812	-1720008000	15.6	727430
3812	-1717329600	15.7	727430
3812	-1714651200	14.1	727430
3812	-1712059200	8.4	727430
3812	-1709380800	1.9	727430
3812	-1706788800	-4.1	727430
3812	-1704110400	-8.1	727430
3812	-1701432000	-10.1	727430
3812	-1698926400	-6.8	727430
3812	-1696248000	3.6	727430
3812	-1693656000	9.1	727430
3812	-1690977600	11.5	727430
3812	-1688385600	21.2	727430
3812	-1685707200	19.2	727430
3812	-1683028800	12.7	727430
3812	-1680436800	7.4	727430
3812	-1677758400	0.2	727430
3812	-1675166400	-7.4	727430
3812	-1672488000	-10.8	727430
3812	-1669809600	-14.3	727430
3812	-1667390400	-3.7	727430
3812	-1664712000	0.8	727430
3812	-1662120000	6.9	727430
3812	-1659441600	11	727430
3812	-1656849600	18	727430
3812	-1654171200	15.7	727430
3812	-1651492800	13.1	727430
3812	-1648900800	3.4	727430
3812	-1646222400	1.8	727430
3812	-1643630400	-9.7	727430
3812	-1640952000	-12.9	727430
3812	-1638273600	-10.7	727430
3812	-1635854400	-0.1	727430
3812	-1633176000	3.1	727430
3812	-1630584000	10.3	727430
3812	-1627905600	13.9	727430
3812	-1625313600	17.1	727430
3812	-1622635200	17.4	727430
3812	-1619956800	9.5	727430
3812	-1617364800	8.6	727430
3812	-1614686400	2.9	727430
3812	-1612094400	-1.8	727430
3812	-1609416000	-4.1	727430
3812	-1606737600	-4.9	727430
3812	-1604318400	-1.8	727430
3812	-1601640000	4	727430
3812	-1599048000	9.9	727430
3812	-1596369600	16.7	727430
3812	-1593777600	20.1	727430
3812	-1591099200	18.3	727430
3812	-1588420800	15	727430
3812	-1585828800	7.1	727430
3812	-1583150400	-1.2	727430
3812	-1580558400	-10.2	727430
3812	-1577880000	-12.7	727430
3812	-1575201600	-9.2	727430
3812	-1572696000	-2.2	727430
3812	-1570017600	0.5	727430
3812	-1567425600	10.1	727430
3812	-1564747200	14.8	727430
3812	-1562155200	16.7	727430
3812	-1559476800	17	727430
3812	-1556798400	15.9	727430
3812	-1554206400	13.2	727430
3812	-1551528000	0.9	727430
3812	-1548936000	-2.8	727430
3812	-1546257600	-4.8	727430
3812	-1543579200	-4.8	727430
3812	-1541160000	-1.9	727430
3812	-1538481600	7	727430
3812	-1535889600	10.7	727430
3812	-1533211200	18.3	727430
3812	-1530619200	22.3	727430
3812	-1527940800	17.8	727430
3812	-1525262400	16.7	727430
3812	-1522670400	8.5	727430
3812	-1519992000	-1.2	727430
3812	-1517400000	-5.1	727430
3812	-1514721600	-8.2	727430
3812	-1512043200	-8.4	727430
3812	-1509624000	-1.2	727430
3812	-1506945600	3.3	727430
3812	-1504353600	12.6	727430
3812	-1501675200	15.4	727430
3812	-1499083200	17.1	727430
3812	-1496404800	18.1	727430
3812	-1493726400	16.3	727430
3812	-1491134400	7.9	727430
3812	-1488456000	3.1	727430
3812	-1485864000	-7.2	727430
3812	-1483185600	-7.1	727430
3812	-1480507200	-10.9	727430
3812	-1478088000	-7.8	727430
3812	-1475409600	2.6	727430
3812	-1472817600	9.5	727430
3812	-1470139200	15.6	727430
3812	-1467547200	18.2	727430
3812	-1464868800	15.9	727430
3812	-1462190400	13.7	727430
3812	-1459598400	7.8	727430
3812	-1456920000	3.4	727430
3812	-1454328000	-0.3	727430
3812	-1451649600	-11.9	727430
3812	-1448971200	-6.2	727430
3812	-1446465600	-2.3	727430
3812	-1443787200	2.6	727430
3812	-1441195200	6.6	727430
3812	-1438516800	13.2	727430
3812	-1435924800	16.4	727430
3812	-1433246400	17.3	727430
3812	-1430568000	11.7	727430
3812	-1427976000	11.5	727430
3812	-1425297600	0.9	727430
3812	-1422705600	-9.7	727430
3812	-1420027200	-7.8	727430
3812	-1417348800	-7.4	727430
3812	-1414929600	-2.3	727430
3812	-1412251200	6.1	727430
3812	-1409659200	7.9	727430
3812	-1406980800	15.8	727430
3812	-1404388800	17.3	727430
3812	-1401710400	19.8	727430
3812	-1399032000	14.4	727430
3812	-1396440000	3.2	727430
3812	-1393761600	0.7	727430
3812	-1391169600	-6.1	727430
3812	-1388491200	-7.4	727430
3812	-1385812800	-7.3	727430
3812	-1383393600	-6.2	727430
3812	-1380715200	1.4	727430
3812	-1378123200	9.4	727430
3812	-1375444800	13.1	727430
3812	-1372852800	17.5	727430
3812	-1370174400	16.9	727430
3812	-1367496000	11.4	727430
3812	-1364904000	5.9	727430
3812	-1362225600	-1.8	727430
3812	-1359633600	-7.2	727430
3812	-1356955200	-9.1	727430
3812	-1354276800	-6.1	727430
3812	-1351857600	0.5	727430
3812	-1349179200	4.4	727430
3812	-1346587200	6.8	727430
3812	-1343908800	14.2	727430
3812	-1341316800	17.1	727430
3812	-1338638400	15.8	727430
3812	-1335960000	15.9	727430
3812	-1333368000	9.4	727430
3812	-1330689600	-0.1	727430
3812	-1328097600	-7.6	727430
3812	-1325419200	-6.7	727430
3812	-1322740800	-7.7	727430
3812	-1320235200	-3	727430
3812	-1317556800	1.6	727430
3812	-1314964800	10.1	727430
3812	-1312286400	12.8	727430
3812	-1309694400	17.3	727430
3812	-1307016000	17.8	727430
3812	-1304337600	11.7	727430
3812	-1301745600	8.5	727430
3812	-1299067200	1.8	727430
3812	-1296475200	-2.8	727430
3812	-1293796800	-12.1	727430
3812	-1291118400	-10.9	727430
3812	-1288699200	-1	727430
3812	-1286020800	4.4	727430
3812	-1283428800	9.1	727430
3812	-1280750400	13.6	727430
3812	-1278158400	18.8	727430
3812	-1275480000	17.3	727430
3812	-1272801600	13.9	727430
3812	-1270209600	7.9	727430
3812	-1267531200	-0.9	727430
3812	-1264939200	-5.7	727430
3812	-1262260800	-10.4	727430
3812	-1259582400	-5.7	727430
3812	-1257163200	-3.2	727430
3812	-1254484800	4.4	727430
3812	-1251892800	10.9	727430
3812	-1249214400	16.9	727430
3812	-1246622400	18.4	727430
3812	-1243944000	19.9	727430
3812	-1241265600	14.8	727430
3812	-1238673600	8.1	727430
3812	-1235995200	3.1	727430
3812	-1233403200	-4.1	727430
3812	-1230724800	-4.7	727430
3812	-1228046400	-2.5	727430
3812	-1225627200	-1.4	727430
3812	-1222948800	5	727430
3812	-1220356800	9.8	727430
3812	-1217678400	16.9	727430
3812	-1215086400	20.9	727430
3812	-1212408000	18.4	727430
3812	-1209729600	17.9	727430
3812	-1207137600	12	727430
3812	-1204459200	5.6	727430
3812	-1201867200	-0.2	727430
3812	-1199188800	-2.6	727430
3812	-1196510400	-5.7	727430
3812	-1194004800	-4.8	727430
3812	-1191326400	2.9	727430
3812	-1188734400	10.4	727430
3812	-1186056000	16.2	727430
3812	-1183464000	18.7	727430
3812	-1180785600	19.7	727430
3812	-1178107200	15.6	727430
3812	-1175515200	7.1	727430
3812	-1172836800	-0.7	727430
3812	-1170244800	-5.9	727430
3812	-1167566400	-4.4	727430
3812	-1164888000	-9.1	727430
3812	-1162468800	-4	727430
3812	-1159790400	2.9	727430
3812	-1157198400	10.2	727430
3812	-1154520000	18.1	727430
3812	-1151928000	18.8	727430
3812	-1149249600	18.4	727430
3812	-1146571200	16.3	727430
3812	-1143979200	6.4	727430
3812	-1141300800	-2.2	727430
3812	-1138708800	-7.6	727430
3812	-1136030400	-4.8	727430
3812	-1133352000	-11.7	727430
3812	-1130932800	-5.5	727430
3812	-1128254400	2.7	727430
3812	-1125662400	12.2	727430
3812	-1122984000	15.2	727430
3812	-1120392000	17.6	727430
3812	-1117713600	16	727430
3812	-1115035200	12.1	727430
3812	-1112443200	8.7	727430
3812	-1109764800	2.6	727430
3812	-1107172800	-5.7	727430
3812	-1104494400	-8.7	727430
3812	-1101816000	-5.8	727430
3812	-1099396800	-1.5	727430
3812	-1096718400	2.5	727430
3812	-1094126400	8.2	727430
3812	-1091448000	13.3	727430
3812	-1088856000	20.9	727430
3812	-1086177600	18.8	727430
3812	-1083499200	13	727430
3812	-1080907200	7.8	727430
3812	-1078228800	-0.7	727430
3812	-1075636800	-4.9	727430
3812	-1072958400	-8.8	727430
3812	-1070280000	-14.1	727430
3812	-1067774400	-2.4	727430
3812	-1065096000	1.1	727430
3812	-1062504000	10.9	727430
3812	-1059825600	13.7	727430
3812	-1057233600	20.8	727430
3812	-1054555200	18.1	727430
3812	-1051876800	14.9	727430
3812	-1049284800	5.8	727430
3812	-1046606400	-1.8	727430
3812	-1044014400	-3.2	727430
3812	-1041336000	-8.9	727430
3812	-1038657600	-6.3	727430
3812	-1036238400	-4.9	727430
3812	-1033560000	3.2	727430
3812	-1030968000	10.8	727430
3812	-1028289600	16.2	727430
3812	-1025697600	19.4	727430
3812	-1023019200	21.2	727430
3812	-1020340800	13.6	727430
3812	-1017748800	6.2	727430
3812	-1015070400	0.5	727430
3812	-1012478400	-6.1	727430
3812	-1009800000	-8.8	727430
3812	-1007121600	-5.3	727430
3812	-1004702400	0.6	727430
3812	-1002024000	4.1	727430
3812	-999432000	9.9	727430
3812	-996753600	15.1	727430
3812	-994161600	18.4	727430
3812	-991483200	20.3	727430
3812	-988804800	13.2	727430
3812	-986212800	10.7	727430
3812	-983534400	1.3	727430
3812	-980942400	-4.6	727430
3812	-978264000	-6	727430
3812	-975585600	-9.3	727430
3812	-973166400	-4.8	727430
3812	-970488000	1.6	727430
3812	-967896000	10.4	727430
3812	-965217600	15.4	727430
3812	-962625600	19.6	727430
3812	-959947200	18.7	727430
3812	-957268800	14.4	727430
3812	-954676800	6.7	727430
3812	-951998400	2.3	727430
3812	-949406400	-1	727430
3812	-946728000	-8	727430
3812	-944049600	-5	727430
3812	-941544000	-5.1	727430
3812	-938865600	2.1	727430
3812	-936273600	7.3	727430
3812	-933595200	14	727430
3812	-931003200	19.6	727430
3812	-928324800	18.3	727430
3812	-925646400	15.3	727430
3812	-923054400	9	727430
3812	-920376000	0.2	727430
3812	-917784000	-3.8	727430
3812	-915105600	-6.1	727430
3812	-912427200	-5.8	727430
3812	-910008000	-3.4	727430
3812	-907329600	7.4	727430
3812	-904737600	12.9	727430
3812	-902059200	16.2	727430
3812	-899467200	19.7	727430
3812	-896788800	17.4	727430
3812	-894110400	15.4	727430
3812	-891518400	8.4	727430
3812	-888840000	1.9	727430
3812	-886248000	-1.8	727430
3812	-883569600	-6.3	727430
3812	-880891200	-6.6	727430
3812	-878472000	-0.5	727430
3812	-875793600	9.1	727430
3812	-873201600	9.5	727430
3812	-870523200	15.4	727430
3812	-867931200	17.9	727430
3812	-865252800	18.7	727430
3812	-862574400	12.8	727430
3812	-859982400	8.8	727430
3812	-857304000	0.6	727430
3812	-854712000	-6.4	727430
3812	-852033600	-9.4	727430
3812	-849355200	-6.8	727430
3812	-846936000	-5.8	727430
3812	-844257600	2.7	727430
3812	-841665600	9.7	727430
3812	-838987200	14.7	727430
3812	-836395200	20.6	727430
3812	-833716800	18.6	727430
3812	-831038400	12.3	727430
3812	-828446400	8.3	727430
3812	-825768000	0	727430
3812	-823176000	-4.7	727430
3812	-820497600	-2.6	727430
3812	-817819200	-5.9	727430
3812	-815313600	-4.5	727430
3812	-812635200	2.7	727430
3812	-810043200	11.8	727430
3812	-807364800	15.7	727430
3812	-804772800	19.2	727430
3812	-802094400	19.8	727430
3812	-799416000	14.1	727430
3812	-796824000	8.7	727430
3812	-794145600	3.2	727430
3812	-791553600	-5.9	727430
3812	-788875200	-9.7	727430
3812	-786196800	-6.3	727430
3812	-783777600	3.4	727430
3812	-781099200	4.5	727430
3812	-778507200	6.6	727430
3812	-775828800	14.3	727430
3812	-773236800	17.8	727430
3812	-770558400	19.1	727430
3812	-767880000	13.9	727430
3812	-765288000	7.2	727430
3812	-762609600	0.8	727430
3812	-760017600	-6.1	727430
3812	-757339200	-6.9	727430
3812	-754660800	-8.3	727430
3812	-752241600	3.3	727430
3812	-749563200	5.5	727430
3812	-746971200	8.8	727430
3812	-744292800	15.1	727430
3812	-741700800	19.3	727430
3812	-739022400	17.4	727430
3812	-736344000	14.1	727430
3812	-733752000	10.4	727430
3812	-731073600	1.6	727430
3812	-728481600	-5.3	727430
3812	-725803200	-6.1	727430
3812	-723124800	-7.9	727430
3812	-720705600	-2.9	727430
3812	-718027200	1.2	727430
3812	-715435200	6.6	727430
3812	-712756800	14.8	727430
3812	-710164800	18.2	727430
3812	-707486400	21.5	727430
3812	-704808000	14.5	727430
3812	-702216000	13.3	727430
3812	-699537600	-0.9	727430
3812	-696945600	-5	727430
3812	-694267200	-10	727430
3812	-691588800	-7.9	727430
3812	-689083200	-3.8	727430
3812	-686404800	6	727430
3812	-683812800	8.7	727430
3812	-681134400	14.9	727430
3812	-678542400	19.4	727430
3812	-675864000	18.8	727430
3812	-673185600	16.6	727430
3812	-670593600	8.7	727430
3812	-667915200	2.9	727430
3812	-665323200	-4.3	727430
3812	-662644800	-5.3	727430
3812	-659966400	-7.1	727430
3812	-657547200	-2.8	727430
3812	-654868800	6.5	727430
3812	-652276800	10.2	727430
3812	-649598400	18	727430
3812	-647006400	20.4	727430
3812	-644328000	19.7	727430
3812	-641649600	12.8	727430
3812	-639057600	10.5	727430
3812	-636379200	0.7	727430
3812	-633787200	-4.4	727430
3812	-631108800	-8.9	727430
3812	-628430400	-7.1	727430
3812	-626011200	-5.2	727430
3812	-623332800	0.2	727430
3812	-620740800	9.1	727430
3812	-618062400	15.6	727430
3812	-615470400	17.4	727430
3812	-612792000	14.8	727430
3812	-610113600	13.8	727430
3812	-607521600	9.6	727430
3812	-604843200	-1.1	727430
3812	-602251200	-6.2	727430
3812	-599572800	-7.8	727430
3812	-596894400	-6.9	727430
3812	-594475200	-3.5	727430
3812	-591796800	3.7	727430
3812	-589204800	12	727430
3812	-586526400	13.7	727430
3812	-583934400	18.9	727430
3812	-581256000	16	727430
3812	-578577600	12.4	727430
3812	-575985600	7.6	727430
3812	-573307200	-2.1	727430
3812	-570715200	-5.9	727430
3812	-568036800	-6.9	727430
3812	-565358400	-4.8	727430
3812	-562852800	-3	727430
3812	-560174400	6.9	727430
3812	-557582400	9.8	727430
3812	-554904000	16.6	727430
3812	-552312000	20.2	727430
3812	-549633600	18.4	727430
3812	-546955200	15.7	727430
3812	-544363200	6	727430
3812	-541684800	2.6	727430
3812	-539092800	-1.8	727430
3812	-536414400	-5.4	727430
3812	-533736000	-5.9	727430
3812	-531316800	-0.9	727430
3812	-528638400	2.3	727430
3812	-526046400	10.2	727430
3812	-523368000	16.3	727430
3812	-520776000	19.4	727430
3812	-518097600	20.4	727430
3812	-515419200	14.4	727430
3812	-512827200	11.7	727430
3812	-510148800	4.1	727430
3812	-507556800	-3.2	727430
3812	-504878400	-8.2	727430
3812	-502200000	-1.8	727430
3812	-499780800	-3.1	727430
3812	-497102400	4.3	727430
3812	-494510400	6.9	727430
3812	-491832000	16.8	727430
3812	-489240000	18.4	727430
3812	-486561600	18.1	727430
3812	-483883200	12.9	727430
3812	-481291200	7.6	727430
3812	-478612800	3.2	727430
3812	-476020800	-3.6	727430
3812	-473342400	-6.2	727430
3812	-470664000	-6.6	727430
3812	-468244800	-4	727430
3812	-465566400	8.2	727430
3812	-462974400	12.2	727430
3812	-460296000	17.5	727430
3812	-457704000	21.7	727430
3812	-455025600	20.9	727430
3812	-452347200	14.2	727430
3812	-449755200	9.8	727430
3812	-447076800	-0.7	727430
3812	-444484800	-6.5	727430
3812	-441806400	-5.1	727430
3812	-439128000	-5.3	727430
3812	-436622400	-3.8	727430
3812	-433944000	2.4	727430
3812	-431352000	8.2	727430
3812	-428673600	16.7	727430
3812	-426081600	15.9	727430
3812	-423403200	17.8	727430
3812	-420724800	11.6	727430
3812	-418132800	11.7	727430
3812	-415454400	1.2	727430
3812	-412862400	-4.3	727430
3812	-410184000	-10.6	727430
3812	-407505600	-6.4	727430
3812	-405086400	-3.2	727430
3812	-402408000	5.3	727430
3812	-399816000	10.1	727430
3812	-397137600	15.6	727430
3812	-394545600	19.4	727430
3812	-391867200	17.9	727430
3812	-389188800	13.8	727430
3812	-386596800	9	727430
3812	-383918400	0.9	727430
3812	-381326400	-3.7	727430
3812	-378648000	-4.9	727430
3812	-375969600	-8.6	727430
3812	-373550400	-0.9	727430
3812	-370872000	5.8	727430
3812	-368280000	9.3	727430
3812	-365601600	13.9	727430
3812	-363009600	18	727430
3812	-360331200	18.4	727430
3812	-357652800	14.8	727430
3812	-355060800	9.7	727430
3812	-352382400	2.6	727430
3812	-349790400	-8.1	727430
3812	-347112000	-10.8	727430
3812	-344433600	-9.1	727430
3812	-342014400	-2.7	727430
3812	-339336000	3.7	727430
3812	-336744000	12.6	727430
3812	-334065600	17.3	727430
3812	-331473600	20.6	727430
3812	-328795200	20.1	727430
3812	-326116800	15.2	727430
3812	-323524800	6.2	727430
3812	-320846400	-3.3	727430
3812	-318254400	-1.4	727430
3812	-315576000	-5.9	727430
3812	-312897600	-5.8	727430
3812	-310392000	-6.1	727430
3812	-307713600	4.4	727430
3812	-305121600	9.2	727430
3812	-302443200	15.2	727430
3812	-299851200	18.3	727430
3812	-297172800	19.1	727430
3812	-294494400	14.4	727430
3812	-291902400	9.1	727430
3812	-289224000	2.8	727430
3812	-286632000	-6.7	727430
3812	-283953600	-8.9	727430
3812	-281275200	-4	727430
3812	-278856000	-0.8	727430
3812	-276177600	3.1	727430
3812	-273585600	8.9	727430
3812	-270907200	15.5	727430
3812	-268315200	18.4	727430
3812	-265636800	19.7	727430
3812	-262958400	15.4	727430
3812	-260366400	9.4	727430
3812	-257688000	2	727430
3812	-255096000	-5.3	727430
3812	-252417600	-9.9	727430
3812	-249739200	-9.7	727430
3812	-247320000	-2	727430
3812	-244641600	3.4	727430
3812	-242049600	12.2	727430
3812	-239371200	14.2	727430
3812	-236779200	17.2	727430
3812	-234100800	17.8	727430
3812	-231422400	12.6	727430
3812	-228830400	9.3	727430
3812	-226152000	2.4	727430
3812	-223560000	-5.7	727430
3812	-220881600	-12.7	727430
3812	-218203200	-11.3	727430
3812	-215784000	-2.4	727430
3812	-213105600	5.1	727430
3812	-210513600	10.3	727430
3812	-207835200	16.3	727430
3812	-205243200	20.3	727430
3812	-202564800	17.7	727430
3812	-199886400	14	727430
3812	-197294400	14.9	727430
3812	-194616000	4.1	727430
3812	-192024000	-7.3	727430
3812	-189345600	-3.7	727430
3812	-186667200	-4.7	727430
3812	-184161600	-3.7	727430
3812	-181483200	4.9	727430
3812	-178891200	13.6	727430
3812	-176212800	14.9	727430
3812	-173620800	19.8	727430
3812	-170942400	16.8	727430
3812	-168264000	13.3	727430
3812	-165672000	8.6	727430
3812	-162993600	2.5	727430
3812	-160401600	-6.1	727430
3812	-157723200	-9	727430
3812	-155044800	-9	727430
3812	-152625600	-4.8	727430
3812	-149947200	3.4	727430
3812	-147355200	12.3	727430
3812	-144676800	15.6	727430
3812	-142084800	17.3	727430
3812	-139406400	17	727430
3812	-136728000	11.7	727430
3812	-134136000	8.6	727430
3812	-131457600	1.1	727430
3812	-128865600	2.7	727430
3812	-126187200	-9.2	727430
3812	-123508800	-6.1	727430
3812	-121089600	-0.2	727430
3812	-118411200	3.2	727430
3812	-115819200	8.4	727430
3812	-113140800	17.2	727430
3812	-110548800	21.1	727430
3812	-107870400	17.8	727430
3812	-105192000	14.7	727430
3812	-102600000	8.1	727430
3812	-99921600	0.5	727430
3812	-97329600	-4.5	727430
3812	-94651200	-6.4	727430
3812	-91972800	-10.5	727430
3812	-89553600	-2.1	727430
3812	-86875200	4	727430
3812	-84283200	7.7	727430
3812	-81604800	15.8	727430
3812	-79012800	18.1	727430
3812	-76334400	17.6	727430
3812	-73656000	15	727430
3812	-71064000	7.5	727430
3812	-68385600	-0.6	727430
3812	-65793600	-4.1	727430
3812	-63115200	-7.9	727430
3812	-60436800	-8.8	727430
3812	-57931200	0.9	727430
3812	-55252800	5.7	727430
3812	-52660800	9.2	727430
3812	-49982400	13.6	727430
3812	-47390400	18.9	727430
3812	-44712000	17.9	727430
3812	-42033600	15.7	727430
3812	-39441600	10.3	727430
3812	-36763200	1.7	727430
3812	-34171200	-4.4	727430
3812	-31492800	-5.9	727430
3812	-28814400	-5.2	727430
3812	-26395200	-3.6	727430
3812	-23716800	5.4	727430
3812	-21124800	11.1	727430
3812	-18446400	13	727430
3812	-15854400	18.5	727430
3812	-13176000	21.6	727430
3812	-10497600	15.2	727430
3812	-7905600	6.9	727430
3812	-5227200	1.4	727430
3812	-2635200	-3.6	727430
3812	43200	-9.5	727430
3812	2721600	-8.1	727430
3812	5140800	-3.8	727430
3812	7819200	4.6	727430
3812	10411200	8.3	727430
3812	13089600	16	727430
3812	15681600	20.4	727430
3812	18360000	19.9	727430
3812	21038400	14.9	727430
3812	23630400	10.4	727430
3812	26308800	1.8	727430
3812	28900800	-4.3	727430
3812	31579200	-9.8	727430
3812	34257600	-7.1	727430
3812	36676800	-3.2	727430
3812	39355200	4.3	727430
3812	41947200	9.1	727430
3812	44625600	16.3	727430
3812	47217600	17.9	727430
3812	49896000	17.4	727430
3812	52574400	16.2	727430
3812	55166400	12	727430
3812	57844800	1.6	727430
3812	60436800	-3.7	727430
3812	63115200	-10.2	727430
3812	65793600	-9.5	727430
3812	68299200	-5.1	727430
3812	70977600	1.6	727430
3812	73569600	11.3	727430
3812	76248000	13.9	727430
3812	78840000	17.7	727430
3812	81518400	17.4	727430
3812	84196800	12.6	727430
3812	86788800	6.4	727430
3812	89467200	0.7	727430
3812	92059200	-7.3	727430
3812	94737600	-5.5	727430
3812	97416000	-6.4	727430
3812	99835200	1.8	727430
3812	102513600	4.3	727430
3812	105105600	11.6	727430
3812	107784000	15.7	727430
3812	110376000	19.4	727430
3812	113054400	20.6	727430
3812	115732800	14.8	727430
3812	118324800	11.9	727430
3812	121003200	1.7	727430
3812	123595200	-5	727430
3812	126273600	-8.3	727430
3812	128952000	-8.7	727430
3812	131371200	-2.9	727430
3812	134049600	4.4	727430
3812	136641600	8.7	727430
3812	139320000	15.4	727430
3812	141912000	20.6	727430
3812	144590400	18.1	727430
3812	147268800	11.6	727430
3812	149860800	8.2	727430
3812	152539200	2.6	727430
3812	155131200	-1.4	727430
3812	157809600	-6.4	727430
3812	160488000	-4.9	727430
3812	162907200	-3.1	727430
3812	165585600	1.9	727430
3812	168177600	12.6	727430
3812	170856000	16.2	727430
3812	173448000	21.3	727430
3812	176126400	19.5	727430
3812	178804800	12.3	727430
3812	181396800	10.1	727430
3812	184075200	4.1	727430
3812	186667200	-4.9	727430
3812	189345600	-9.1	727430
3812	192024000	-3.3	727430
3812	194529600	-2	727430
3812	197208000	6.2	727430
3812	199800000	9.2	727430
3812	202478400	17.8	727430
3812	205070400	19.2	727430
3812	207748800	19.8	727430
3812	210427200	13.8	727430
3812	213019200	6.3	727430
3812	215697600	-1.6	727430
3812	218289600	-9.7	727430
3812	220968000	-12.2	727430
3812	223646400	-6.7	727430
3812	226065600	1.3	727430
3812	228744000	6.6	727430
3812	231336000	14.7	727430
3812	234014400	15.1	727430
3812	236606400	19.6	727430
3812	239284800	16.6	727430
3812	241963200	13.7	727430
3812	244555200	9.1	727430
3812	247233600	1.7	727430
3812	249825600	-5.6	727430
3812	252504000	-7.9	727430
3812	255182400	-7.5	727430
3812	257601600	-2.6	727430
3812	260280000	2.9	727430
3812	262872000	11.8	727430
3812	265550400	15.8	727430
3812	268142400	18.4	727430
3812	270820800	19.1	727430
3812	273499200	14.8	727430
3812	276091200	8.3	727430
3812	278769600	1.2	727430
3812	281361600	-6.6	727430
3812	284040000	-14.7	727430
3812	286718400	-14.3	727430
3812	289137600	-4.5	727430
3812	291816000	1.2	727430
3812	294408000	7.8	727430
3812	297086400	14	727430
3812	299678400	18.4	727430
3812	302356800	17	727430
3812	305035200	14.8	727430
3812	307627200	6.3	727430
3812	310305600	0.6	727430
3812	312897600	-2.5	727430
3812	315576000	-7.7	727430
3812	318254400	-7.9	727430
3812	320760000	-3.8	727430
3812	323438400	4.5	727430
3812	326030400	11.3	727430
3812	328708800	13.5	727430
3812	331300800	19.1	727430
3812	333979200	19.4	727430
3812	336657600	13.2	727430
3812	339249600	5.8	727430
3812	341928000	1.4	727430
3812	344520000	-6.6	727430
3812	347198400	-7.7	727430
3812	349876800	-5.4	727430
3812	352296000	-0.7	727430
3812	354974400	4.7	727430
3812	357566400	9.3	727430
3812	360244800	15.2	727430
3812	362836800	18.8	727430
3812	365515200	18.4	727430
3812	368193600	12.9	727430
3812	370785600	6.4	727430
3812	373464000	3.7	727430
3812	376056000	-3.8	727430
3812	378734400	-11.7	727430
3812	381412800	-8.1	727430
3812	383832000	-2.4	727430
3812	386510400	2.6	727430
3812	389102400	11.1	727430
3812	391780800	12.4	727430
3812	394372800	18.4	727430
3812	397051200	16.3	727430
3812	399729600	13.9	727430
3812	402321600	9.1	727430
3812	4.05e+08	0.7	727430
3812	407592000	-2.7	727430
3812	410270400	-5	727430
3812	412948800	-3	727430
3812	415368000	-1.1	727430
3812	418046400	2.7	727430
3812	420638400	7.3	727430
3812	423316800	15.6	727430
3812	425908800	21.6	727430
3812	428587200	21.1	727430
3812	431265600	15.9	727430
3812	433857600	8.7	727430
3812	436536000	2.4	727430
3812	439128000	-9.8	727430
3812	441806400	-9.3	727430
3812	444484800	-2	727430
3812	446990400	-5.3	727430
3812	449668800	4.2	727430
3812	452260800	9.3	727430
3812	454939200	16.3	727430
3812	457531200	18.4	727430
3812	460209600	19.2	727430
3812	462888000	13	727430
3812	465480000	9.6	727430
3812	468158400	1.6	727430
3812	470750400	-4.8	727430
3812	473428800	-8.6	727430
3812	476107200	-8.6	727430
3812	478526400	-0.1	727430
3812	481204800	6.2	727430
3812	483796800	10.4	727430
3812	486475200	13.6	727430
3812	489067200	17.6	727430
3812	491745600	17.6	727430
3812	494424000	14.2	727430
3812	497016000	8.7	727430
3812	499694400	-0.5	727430
3812	502286400	-8.9	727430
3812	504964800	-6.8	727430
3812	507643200	-6.9	727430
3812	510062400	-1.2	727430
3812	512740800	6.4	727430
3812	515332800	11.6	727430
3812	518011200	14.5	727430
3812	520603200	19.3	727430
3812	523281600	17.4	727430
3812	525960000	13.6	727430
3812	528552000	8	727430
3812	531230400	-0.8	727430
3812	533822400	-3.3	727430
3812	536500800	-4.4	727430
3812	539179200	-2.3	727430
3812	541598400	0.8	727430
3812	544276800	7.2	727430
3812	546868800	11.8	727430
3812	549547200	17.1	727430
3812	552139200	20.4	727430
3812	554817600	19	727430
3812	557496000	15.6	727430
3812	560088000	6.2	727430
3812	562766400	2.6	727430
3812	565358400	-1.9	727430
3812	568036800	-8.4	727430
3812	570715200	-8.7	727430
3812	573220800	-1.9	727430
3812	575899200	3.9	727430
3812	578491200	11.9	727430
3812	581169600	17.3	727430
3812	583761600	21.1	727430
3812	586440000	19.7	727430
3812	589118400	14.5	727430
3812	591710400	5.8	727430
3812	594388800	2	727430
3812	596980800	-5.9	727430
3812	599659200	-4.3	727430
3812	602337600	-9.8	727430
3812	604756800	-4.9	727430
3812	607435200	2.6	727430
3812	610027200	10.1	727430
3812	612705600	13.5	727430
3812	615297600	19.3	727430
3812	617976000	19.1	727430
3812	620654400	15.3	727430
3812	623246400	9.3	727430
3812	625924800	-1.3	727430
3812	628516800	-9.7	727430
3812	631195200	-3.2	727430
3812	633873600	-5.3	727430
3812	636292800	-0.2	727430
3812	638971200	6.4	727430
3812	641563200	7.9	727430
3812	644241600	14.9	727430
3812	646833600	18.3	727430
3812	649512000	18.8	727430
3812	652190400	14.4	727430
3812	654782400	7.5	727430
3812	657460800	3.2	727430
3812	660052800	-4.9	727430
3812	662731200	-12.3	727430
3812	665409600	-6.6	727430
3812	667828800	-2.9	727430
3812	670507200	5.7	727430
3812	673099200	13.2	727430
3812	675777600	17.2	727430
3812	678369600	18.3	727430
3812	681048000	18.4	727430
3812	683726400	11.3	727430
3812	686318400	5	727430
3812	688996800	-2.8	727430
3812	691588800	-6.8	727430
3812	694267200	-8.3	727430
3812	696945600	-6.8	727430
3812	699451200	-5.2	727430
3812	702129600	1.4	727430
3812	704721600	11.4	727430
3812	707400000	13.5	727430
3812	709992000	14.7	727430
3812	712670400	15.1	727430
3812	715348800	11.9	727430
3812	717940800	5.2	727430
3812	720619200	-2	727430
3812	723211200	-6.6	727430
3812	725889600	-8.4	727430
3812	728568000	-10.1	727430
3812	730987200	-3.6	727430
3812	733665600	1.3	727430
3812	736257600	9.9	727430
3812	738936000	14.3	727430
3812	741528000	18.9	727430
3812	744206400	18.6	727430
3812	746884800	9.9	727430
3812	749476800	4.6	727430
3812	752155200	-2.8	727430
3812	754747200	-6.2	727430
3812	757425600	-16.2	727430
3812	760104000	-13.5	727430
3812	762523200	-2.6	727430
3812	765201600	2.7	727430
3812	767793600	10.1	727430
3812	770472000	16.6	727430
3812	773064000	17.8	727430
3812	775742400	15.9	727430
3812	778420800	14.6	727430
3812	781012800	8.5	727430
3812	783691200	0.9	727430
3812	786283200	-2.5	727430
3812	788961600	-8.1	727430
3812	791640000	-9.4	727430
3812	794059200	-2.1	727430
3812	796737600	0.1	727430
3812	799329600	10.2	727430
3812	802008000	19.1	727430
3812	804600000	18.7	727430
3812	807278400	20.2	727430
3812	809956800	12.2	727430
3812	812548800	6.8	727430
3812	815227200	-5.1	727430
3812	817819200	-8.8	727430
3812	820497600	-11.9	727430
3812	823176000	-11.6	727430
3812	825681600	-6.9	727430
3812	828360000	-0.3	727430
3812	830952000	8.1	727430
3812	833630400	16.8	727430
3812	836222400	16.4	727430
3812	838900800	18.1	727430
3812	841579200	13.5	727430
3812	844171200	6.5	727430
3812	846849600	-2.9	727430
3812	849441600	-6.9	727430
3812	852120000	-10.6	727430
3812	854798400	-8.4	727430
3812	857217600	-0.2	727430
3812	859896000	2.1	727430
3812	862488000	7.1	727430
3812	865166400	18.1	727430
3812	867758400	17.8	727430
3812	870436800	15.3	727430
3812	873115200	13.3	727430
3812	875707200	6.7	727430
3812	878385600	-2.8	727430
3812	880977600	-3.9	727430
3812	883656000	-7.8	727430
3812	886334400	-2	727430
3812	888753600	-4.2	727430
3812	891432000	5.3	727430
3812	894024000	12.7	727430
3812	896702400	15.2	727430
3812	899294400	18.6	727430
3812	901972800	17.3	727430
3812	904651200	14.6	727430
3812	907243200	8.5	727430
3812	909921600	1.1	727430
3812	912513600	-5.3	727430
3812	915192000	-11.2	727430
3812	917870400	-5.8	727430
3812	920289600	-2.8	727430
3812	922968000	3.4	727430
3812	925560000	11.5	727430
3812	928238400	15.9	727430
3812	930830400	19.5	727430
3812	933508800	16.7	727430
3812	936187200	16.7	727430
3812	938779200	5.4	727430
3812	941457600	2.8	727430
3812	944049600	-6.4	727430
3812	946728000	-10.6	727430
3812	949406400	-6.4	727430
3812	951912000	0.3	727430
3812	954590400	2.2	727430
3812	957182400	12.2	727430
3812	959860800	14.5	727430
3812	962452800	17.2	727430
3812	965131200	17	727430
3812	967809600	12.5	727430
3812	970401600	8.4	727430
3812	973080000	-0.3	727430
3812	975672000	-10.8	727430
3813	-691588800	-9.1	727440
3813	-689083200	-4.5	727440
3813	-686404800	6	727440
3813	-683812800	10.1	727440
3813	-681134400	14.9	727440
3813	-678542400	19.4	727440
4020	-2427105600	-13.8	754052
4020	-2424686400	-7.4	754052
4020	-2422008000	1	754052
4020	-2419416000	8.2	754052
4020	-2416737600	19.2	754052
4020	-2414145600	19.4	754052
4020	-2411467200	16.8	754052
4020	-2408788800	11.5	754052
4020	-2406196800	6.8	754052
4020	-2403518400	-3	754052
4020	-2400926400	-12.8	754052
4020	-2398248000	-12.2	754052
4020	-2395569600	-11.9	754052
4020	-2393150400	-2	754052
4020	-2390472000	4.8	754052
4020	-2387880000	9.9	754052
4020	-2385201600	19.3	754052
4020	-2382609600	20.6	754052
4020	-2379931200	18.2	754052
4020	-2377252800	14.5	754052
4020	-2374660800	6.1	754052
4020	-2371982400	-5.3	754052
4020	-2369390400	-6.4	754052
4020	-2366712000	-14.2	754052
4020	-2364033600	-14.4	754052
4020	-2361614400	-6.6	754052
4020	-2358936000	5.5	754052
4020	-2356344000	11.7	754052
4020	-2353665600	17.4	754052
4020	-2351073600	17.4	754052
4020	-2348395200	17	754052
4020	-2345716800	14.5	754052
4020	-2343124800	1.9	754052
4020	-2340446400	-4	754052
4020	-2337854400	-9.4	754052
4020	-2335176000	-11.5	754052
4020	-2332497600	-10	754052
4020	-2329992000	-8.1	754052
4020	-2327313600	5	754052
4020	-2324721600	14.7	754052
4020	-2322043200	18	754052
4020	-2319451200	19.1	754052
4020	-2316772800	17.6	754052
4020	-2314094400	10.1	754052
4020	-2311502400	3.1	754052
4020	-2308824000	-6.6	754052
4020	-2306232000	-8.3	754052
4020	-2303553600	-11.4	754052
4020	-2300875200	-9.9	754052
4020	-2298456000	-6.7	754052
4020	-2295777600	2.9	754052
4020	-2293185600	9.4	754052
4020	-2290507200	14	754052
4020	-2287915200	20.7	754052
4020	-2285236800	16.2	754052
4020	-2282558400	15.3	754052
4020	-2279966400	7.9	754052
4020	-2277288000	-5.1	754052
4020	-2274696000	-12.3	754052
4020	-2272017600	-9.4	754052
4020	-2269339200	-10.1	754052
4020	-2266920000	-2.5	754052
4020	-2264241600	2.4	754052
4020	-2261649600	11.2	754052
4020	-2258971200	16.4	754052
4020	-2256379200	19.6	754052
4020	-2253700800	17	754052
4020	-2251022400	13.9	754052
4020	-2248430400	4.8	754052
4020	-2245752000	-2.5	754052
4020	-2243160000	-12.8	754052
4020	-2240481600	-15.5	754052
4020	-2237803200	-17.2	754052
4020	-2235384000	-12.1	754052
4020	-2232705600	4.7	754052
4020	-2230113600	10.9	754052
4020	-2227435200	16.6	754052
4020	-2224843200	18.9	754052
4020	-2222164800	19.1	754052
4020	-2219486400	10.4	754052
4020	-2216894400	7.1	754052
4020	-2214216000	1	754052
4020	-2211624000	-10.3	754052
4020	-2208945600	-9.5	754052
4020	-2206267200	-15.9	754052
4020	-2203848000	-7.7	754052
4020	-2201169600	6.5	754052
4020	-2198577600	11.8	754052
4020	-2195899200	16.6	754052
4020	-2193307200	17.3	754052
4020	-2190628800	20.5	754052
4020	-2187950400	13.2	754052
4020	-2185358400	11.3	754052
4020	-2182680000	-4.7	754052
4020	-2180088000	-8.8	754052
4020	-2177409600	-12.4	754052
4020	-2174731200	-13.9	754052
4020	-2172312000	-7.4	754052
4020	-2169633600	4.8	754052
4020	-2167041600	11.8	754052
4020	-2164363200	17.4	754052
4020	-2161771200	21	754052
4020	-2159092800	17.9	754052
4020	-2156414400	12.4	754052
4020	-2153822400	6.6	754052
4020	-2151144000	-4	754052
4020	-2148552000	-11.3	754052
4020	-2145873600	-11.2	754052
4020	-2143195200	-12.1	754052
4020	-2140776000	0.1	754052
4020	-2138097600	3.3	754052
4020	-2135505600	11.4	754052
4020	-2132827200	13.7	754052
4020	-2130235200	19.6	754052
4020	-2127556800	16	754052
4020	-2124878400	10.6	754052
4020	-2122286400	5.5	754052
4020	-2119608000	-0.8	754052
4020	-2117016000	-10.5	754052
4020	-2114337600	-13.1	754052
4020	-2111659200	-12.5	754052
4020	-2109240000	-1.3	754052
4020	-2106561600	3.1	754052
4020	-2103969600	12.2	754052
4020	-2101291200	14.7	754052
4020	-2098699200	18.5	754052
4020	-2096020800	14.8	754052
4020	-2093342400	12.1	754052
4020	-2090750400	7.4	754052
4020	-2088072000	-2.8	754052
4020	-2085480000	-13.9	754052
4020	-2082801600	-16.2	754052
4020	-2080123200	-18.6	754052
4020	-2077617600	-6.2	754052
4020	-2074939200	-0.1	754052
4020	-2072347200	10.6	754052
4020	-2069668800	16.6	754052
4020	-2067076800	17.4	754052
4020	-2064398400	15.4	754052
4020	-2061720000	13.2	754052
4020	-2059128000	4.7	754052
4020	-2056449600	0.5	754052
4020	-2053857600	-10.5	754052
4020	-2051179200	-15.7	754052
4020	-2048500800	-14.8	754052
4020	-2046081600	-3.5	754052
4020	-2043403200	2.9	754052
4020	-2040811200	10	754052
4020	-2038132800	15.6	754052
4020	-2035540800	17.9	754052
4020	-2032862400	18.1	754052
4020	-2030184000	13.4	754052
4020	-2027592000	5	754052
4020	-2024913600	-3.3	754052
4020	-2022321600	-8.4	754052
4020	-2019643200	-8.9	754052
4020	-2016964800	-12.8	754052
4020	-2014545600	-12.4	754052
4020	-2011867200	4.2	754052
4020	-2009275200	10.1	754052
4020	-2006596800	16.7	754052
4020	-2004004800	18.5	754052
4020	-2001326400	18.5	754052
4020	-1998648000	15.7	754052
4020	-1996056000	5.5	754052
4020	-1993377600	-1.7	754052
4020	-1990785600	-9.2	754052
4020	-1988107200	-13.9	754052
4020	-1985428800	-10.4	754052
4020	-1983009600	-3.3	754052
4020	-1980331200	-2.5	754052
4020	-1977739200	5.4	754052
4020	-1975060800	16.5	754052
4020	-1972468800	18.3	754052
4020	-1969790400	16.7	754052
4020	-1967112000	11.7	754052
4020	-1964520000	4.8	754052
4020	-1961841600	-2.4	754052
4020	-1959249600	-8.1	754052
4020	-1956571200	-10.6	754052
4020	-1953892800	-10.3	754052
4020	-1951387200	-5	754052
4020	-1948708800	3.7	754052
4020	-1946116800	10.7	754052
4020	-1943438400	16.2	754052
4020	-1940846400	18.9	754052
4020	-1938168000	17	754052
4020	-1935489600	16.3	754052
4020	-1932897600	7.8	754052
4020	-1930219200	-0.8	754052
4020	-1927627200	-10.3	754052
4020	-1924948800	-11.7	754052
4020	-1922270400	-10.4	754052
4020	-1919851200	-6	754052
4020	-1917172800	-1.2	754052
4020	-1914580800	8.8	754052
4020	-1911902400	17.2	754052
4020	-1909310400	18.3	754052
4020	-1906632000	18.7	754052
4020	-1903953600	12.3	754052
4020	-1901361600	5.9	754052
4020	-1898683200	0.3	754052
4020	-1896091200	-11.3	754052
4020	-1893412800	-12	754052
4020	-1890734400	-13.7	754052
4020	-1888315200	2	754052
4020	-1885636800	7.1	754052
4020	-1883044800	8	754052
4020	-1880366400	17.6	754052
4020	-1877774400	18.8	754052
4020	-1875096000	17.4	754052
4020	-1872417600	12	754052
4020	-1869825600	7.9	754052
4020	-1867147200	-4.5	754052
4020	-1864555200	-11.4	754052
4020	-1861876800	-13.2	754052
4020	-1859198400	-8.7	754052
4020	-1856779200	-2.4	754052
4020	-1854100800	3.4	754052
4020	-1851508800	13.6	754052
4020	-1848830400	19.6	754052
4020	-1846238400	18.3	754052
4020	-1843560000	16.2	754052
4020	-1840881600	11.9	754052
4020	-1838289600	4.9	754052
4020	-1835611200	-6.5	754052
4020	-1833019200	-6	754052
4020	-1830340800	-23.6	754052
4020	-1827662400	-14.3	754052
4020	-1825156800	-9.2	754052
4020	-1822478400	4.1	754052
4020	-1819886400	10.9	754052
4020	-1817208000	15	754052
4020	-1814616000	18.5	754052
4020	-1811937600	14.4	754052
4020	-1809259200	13.2	754052
4020	-1806667200	7.2	754052
4020	-1803988800	-1	754052
4020	-1801396800	-8.3	754052
4020	-1798718400	-12.9	754052
4020	-1796040000	-15.1	754052
4020	-1793620800	-8.1	754052
4020	-1790942400	4.5	754052
4020	-1788350400	10	754052
4020	-1785672000	18.2	754052
4020	-1783080000	18.1	754052
4020	-1780401600	18.1	754052
4020	-1777723200	13	754052
4020	-1775131200	5.6	754052
4020	-1772452800	1.1	754052
4020	-1769860800	-4	754052
4020	-1767182400	-9.3	754052
4020	-1764504000	-16.5	754052
4020	-1762084800	-6	754052
4020	-1759406400	1.7	754052
4020	-1756814400	12.3	754052
4020	-1754136000	15.7	754052
4020	-1751544000	20.5	754052
4020	-1748865600	17	754052
4020	-1746187200	13.4	754052
4020	-1743595200	9.9	754052
4020	-1740916800	-1.9	754052
4020	-1738324800	-13.2	754052
4020	-1735646400	-13.5	754052
4020	-1732968000	-6.4	754052
4020	-1730548800	-5.8	754052
4020	-1727870400	8.8	754052
4020	-1725278400	8.4	754052
4020	-1722600000	13.7	754052
4020	-1720008000	16.7	754052
4020	-1717329600	14.8	754052
4020	-1714651200	13.3	754052
4020	-1712059200	6.9	754052
4020	-1709380800	-1.6	754052
4020	-1706788800	-8.9	754052
4020	-1704110400	-13.3	754052
4020	-1701432000	-13.9	754052
4020	-1698926400	-7.9	754052
4020	-1696248000	2.8	754052
4020	-1693656000	10.2	754052
4020	-1690977600	13.5	754052
4020	-1688385600	22.5	754052
4020	-1685707200	18.3	754052
4020	-1683028800	11.5	754052
4020	-1680436800	5.8	754052
4020	-1677758400	-2.8	754052
4020	-1675166400	-12.7	754052
4020	-1672488000	-15.6	754052
4020	-1669809600	-17.5	754052
4020	-1667390400	-6.2	754052
4020	-1664712000	1.3	754052
4020	-1662120000	8.4	754052
4020	-1659441600	13.9	754052
4020	-1656849600	18.9	754052
4020	-1654171200	14.4	754052
4020	-1651492800	11.6	754052
4020	-1648900800	-0.4	754052
4020	-1646222400	-1.1	754052
4020	-1643630400	-15.3	754052
4020	-1640952000	-19.4	754052
4020	-1638273600	-13.7	754052
4020	-1635854400	-1.8	754052
4020	-1633176000	2.3	754052
4020	-1630584000	12.3	754052
4020	-1627905600	15.4	754052
4020	-1625313600	17.8	754052
4020	-1622635200	17.8	754052
4020	-1619956800	9.1	754052
4020	-1617364800	6.7	754052
4020	-1614686400	0.4	754052
4020	-1612094400	-5.6	754052
4020	-1609416000	-8.2	754052
4020	-1606737600	-9.6	754052
4020	-1604318400	-3.5	754052
4020	-1601640000	3.4	754052
4020	-1599048000	11.1	754052
4020	-1596369600	19.1	754052
4020	-1593777600	19.4	754052
4020	-1591099200	16.8	754052
4020	-1588420800	13.7	754052
4020	-1585828800	4.6	754052
4020	-1583150400	-4.9	754052
4020	-1580558400	-15.3	754052
4020	-1577880000	-17.2	754052
4020	-1575201600	-13.5	754052
4020	-1572696000	-4	754052
4020	-1570017600	0.1	754052
4020	-1567425600	11.1	754052
4020	-1564747200	16.8	754052
4020	-1562155200	17	754052
4020	-1559476800	16.7	754052
4020	-1556798400	14.2	754052
4020	-1554206400	11.1	754052
4020	-1551528000	-2.9	754052
4020	-1548936000	-7.9	754052
4020	-1546257600	-9.1	754052
4020	-1543579200	-8.2	754052
4020	-1541160000	-3.9	754052
4020	-1538481600	6.6	754052
4020	-1535889600	12.5	754052
4020	-1533211200	19	754052
4020	-1530619200	21.9	754052
4020	-1527940800	17.5	754052
4020	-1525262400	14.4	754052
4020	-1522670400	7.5	754052
4020	-1519992000	-5.1	754052
4020	-1517400000	-10.2	754052
4020	-1514721600	-13.9	754052
4020	-1512043200	-13.3	754052
4020	-1509624000	-4	754052
4020	-1506945600	3.3	754052
4020	-1504353600	14.5	754052
4020	-1501675200	16.5	754052
4020	-1499083200	17.6	754052
4020	-1496404800	17.7	754052
4020	-1493726400	14.5	754052
4020	-1491134400	7.2	754052
4020	-1488456000	0	754052
4020	-1485864000	-11.7	754052
4020	-1483185600	-12.3	754052
4020	-1480507200	-16.4	754052
4020	-1478088000	-9.8	754052
4020	-1475409600	0.8	754052
4020	-1472817600	10.5	754052
4020	-1470139200	18.5	754052
4020	-1467547200	19.7	754052
4020	-1464868800	15.3	754052
4020	-1462190400	13.6	754052
4020	-1459598400	5.5	754052
4020	-1456920000	0.1	754052
4020	-1454328000	-4.8	754052
4020	-1451649600	-17.7	754052
4020	-1448971200	-9.3	754052
4020	-1446465600	-5.9	754052
4020	-1443787200	2	754052
4020	-1441195200	6.6	754052
4020	-1438516800	14.5	754052
4020	-1435924800	17.2	754052
4020	-1433246400	16.4	754052
4020	-1430568000	10.5	754052
4020	-1427976000	10.4	754052
4020	-1425297600	-2.2	754052
4020	-1422705600	-15.5	754052
4020	-1420027200	-12.8	754052
4020	-1417348800	-9.9	754052
4020	-1414929600	-3.5	754052
4020	-1412251200	7	754052
4020	-1409659200	8.8	754052
4020	-1406980800	16.4	754052
4020	-1404388800	18.1	754052
4020	-1401710400	18.8	754052
4020	-1399032000	14	754052
4020	-1396440000	0.3	754052
4020	-1393761600	-3.7	754052
4020	-1391169600	-11.4	754052
4020	-1388491200	-12.3	754052
4020	-1385812800	-10.1	754052
4020	-1383393600	-9.2	754052
4020	-1380715200	0.8	754052
4020	-1378123200	11.6	754052
4020	-1375444800	13.7	754052
4020	-1372852800	18.6	754052
4020	-1370174400	16.9	754052
4020	-1367496000	10.6	754052
4020	-1364904000	3.9	754052
4020	-1362225600	-5.9	754052
4020	-1359633600	-12.4	754052
4020	-1356955200	-15.2	754052
4020	-1354276800	-9.4	754052
4020	-1351857600	-1.8	754052
4020	-1349179200	3.6	754052
4020	-1346587200	8.5	754052
4020	-1343908800	14.5	754052
4020	-1341316800	16.8	754052
4020	-1338638400	14.5	754052
4020	-1335960000	14.5	754052
4020	-1333368000	7	754052
4020	-1330689600	-4	754052
4020	-1328097600	-14.9	754052
4020	-1325419200	-12.6	754052
4020	-1322740800	-11.3	754052
4020	-1320235200	-6.6	754052
4020	-1317556800	-0.9	754052
4020	-1314964800	11.4	754052
4020	-1312286400	12.7	754052
4020	-1309694400	18.5	754052
4020	-1307016000	16.8	754052
4020	-1304337600	10.1	754052
4020	-1301745600	6	754052
4020	-1299067200	-1	754052
4020	-1296475200	-7.4	754052
4020	-1293796800	-19.6	754052
4020	-1291118400	-16.2	754052
4020	-1288699200	-4	754052
4020	-1286020800	4.1	754052
4020	-1283428800	8.6	754052
4020	-1280750400	14.4	754052
4020	-1278158400	18.6	754052
4020	-1275480000	16.3	754052
4020	-1272801600	11.7	754052
4020	-1270209600	5.2	754052
4020	-1267531200	-5.7	754052
4020	-1264939200	-10.6	754052
4020	-1262260800	-16.9	754052
4020	-1259582400	-7.9	754052
4020	-1257163200	-4.5	754052
4020	-1254484800	4.2	754052
4020	-1251892800	11.7	754052
4020	-1249214400	16.8	754052
4020	-1246622400	18.8	754052
4020	-1243944000	18.9	754052
4020	-1241265600	12.7	754052
4020	-1238673600	5.5	754052
4020	-1235995200	-1.1	754052
4020	-1233403200	-9	754052
4020	-1230724800	-7.9	754052
4020	-1228046400	-5.3	754052
4020	-1225627200	-4.2	754052
4020	-1222948800	4.4	754052
4020	-1220356800	9.8	754052
4020	-1217678400	17.6	754052
4020	-1215086400	19.5	754052
4020	-1212408000	16.1	754052
4020	-1209729600	15.8	754052
4020	-1207137600	8.3	754052
4020	-1204459200	1.7	754052
4020	-1201867200	-5.3	754052
4020	-1199188800	-8.8	754052
4020	-1196510400	-9.9	754052
4020	-1194004800	-9	754052
4020	-1191326400	2.7	754052
4020	-1188734400	10.8	754052
4020	-1186056000	18.1	754052
4020	-1183464000	18.9	754052
4020	-1180785600	18.4	754052
4020	-1178107200	12	754052
4020	-1175515200	4.1	754052
4020	-1172836800	-4.4	754052
4020	-1170244800	-11.2	754052
4020	-1167566400	-8.7	754052
4020	-1164888000	-14	754052
4020	-1162468800	-5.9	754052
4020	-1159790400	2.2	754052
4020	-1157198400	11.5	754052
4020	-1154520000	20.5	754052
4020	-1151928000	20.2	754052
4020	-1149249600	17.6	754052
4020	-1146571200	13.9	754052
4020	-1143979200	3.7	754052
4020	-1141300800	-4.5	754052
4020	-1138708800	-12.8	754052
4020	-1136030400	-8.7	754052
4020	-1133352000	-14.8	754052
4020	-1130932800	-7.5	754052
4020	-1128254400	2.2	754052
4020	-1125662400	14.3	754052
4020	-1122984000	17.7	754052
4020	-1120392000	19.1	754052
4020	-1117713600	15.7	754052
4020	-1115035200	11.5	754052
4020	-1112443200	6.8	754052
4020	-1109764800	-0.5	754052
4020	-1107172800	-11.7	754052
4020	-1104494400	-14.4	754052
4020	-1101816000	-9.9	754052
4020	-1099396800	-3.7	754052
4020	-1096718400	2.7	754052
4020	-1094126400	8.4	754052
4020	-1091448000	13.4	754052
4020	-1088856000	21.4	754052
4020	-1086177600	17.2	754052
4020	-1083499200	11.3	754052
4020	-1080907200	5.4	754052
4020	-1078228800	-4.4	754052
4020	-1075636800	-10.1	754052
4020	-1072958400	-15.1	754052
4020	-1070280000	-19.6	754052
4020	-1067774400	-4.9	754052
4020	-1065096000	-0.5	754052
4020	-1062504000	13.5	754052
4020	-1059825600	15	754052
4020	-1057233600	21.9	754052
4020	-1054555200	17.8	754052
4020	-1051876800	14.6	754052
4020	-1049284800	3.9	754052
4020	-1046606400	-5	754052
4020	-1044014400	-8.4	754052
4020	-1041336000	-15.2	754052
4020	-1038657600	-11.8	754052
4020	-1036238400	-6.7	754052
4020	-1033560000	1.5	754052
4020	-1030968000	12.3	754052
4020	-1028289600	16	754052
4020	-1025697600	20.3	754052
4020	-1023019200	20.1	754052
4020	-1020340800	12.2	754052
4020	-1017748800	3.4	754052
4020	-1015070400	-3.8	754052
4020	-1012478400	-11.5	754052
4020	-1009800000	-13.6	754052
4020	-1007121600	-9.2	754052
4020	-1004702400	-1.9	754052
4020	-1002024000	4.4	754052
4020	-999432000	10.9	754052
4020	-996753600	15.2	754052
4020	-994161600	18.9	754052
4020	-991483200	18.9	754052
4020	-988804800	11.5	754052
4020	-986212800	8.4	754052
4020	-983534400	-2.3	754052
4020	-980942400	-9.7	754052
4020	-978264000	-10.2	754052
4020	-975585600	-14	754052
4020	-973166400	-6.6	754052
4020	-970488000	1.5	754052
4020	-967896000	12.7	754052
4020	-965217600	15.6	754052
4020	-962625600	19.1	754052
4020	-959947200	18.1	754052
4020	-957268800	13.4	754052
4020	-954676800	5.6	754052
4020	-951998400	-1.5	754052
4020	-949406400	-4.6	754052
4020	-946728000	-16.1	754052
4020	-944049600	-10	754052
4020	-941544000	-9.7	754052
4020	-938865600	1.5	754052
4020	-936273600	8.5	754052
4020	-933595200	15.1	754052
4020	-931003200	19.4	754052
4020	-928324800	17	754052
4020	-925646400	14.2	754052
4020	-923054400	7.4	754052
4020	-920376000	-3.6	754052
4020	-917784000	-8.7	754052
4020	-915105600	-10.9	754052
4020	-912427200	-10.3	754052
4020	-910008000	-6.5	754052
4020	-907329600	8	754052
4020	-904737600	13.2	754052
4020	-902059200	17.1	754052
4020	-899467200	19.1	754052
4020	-896788800	17.3	754052
4020	-894110400	13.9	754052
4020	-891518400	6.3	754052
4020	-888840000	-1.3	754052
4020	-886248000	-6	754052
4020	-883569600	-10.8	754052
4020	-880891200	-10.4	754052
4020	-878472000	-3.1	754052
4020	-875793600	7.1	754052
4020	-873201600	10.4	754052
4020	-870523200	16.3	754052
4020	-867931200	18.8	754052
4020	-865252800	17.9	754052
4020	-862574400	11.7	754052
4020	-859982400	7.8	754052
4020	-857304000	-2.5	754052
4020	-854712000	-11.6	754052
4020	-852033600	-14.4	754052
4020	-849355200	-12.6	754052
4020	-846936000	-9.5	754052
4020	-844257600	1.8	754052
4020	-841665600	10.4	754052
4020	-838987200	17.8	754052
4020	-836395200	21.3	754052
4020	-833716800	19.2	754052
4020	-831038400	10.4	754052
4020	-828446400	7.1	754052
4020	-825768000	-4.3	754052
4020	-823176000	-9.5	754052
4020	-820497600	-6.5	754052
4020	-817819200	-9.4	754052
4020	-815313600	-7.3	754052
4020	-812635200	2	754052
4020	-810043200	11.6	754052
4020	-807364800	15.7	754052
4020	-804772800	17.9	754052
4020	-802094400	18.7	754052
4020	-799416000	13.6	754052
4020	-796824000	6.3	754052
4020	-794145600	1.1	754052
4020	-791553600	-10.6	754052
4020	-788875200	-14.5	754052
4020	-786196800	-9.6	754052
4020	-783777600	0.5	754052
4020	-781099200	-0.4	754052
4020	-778507200	5.3	754052
4020	-775828800	12.5	754052
4020	-773236800	13	754052
4020	-770558400	13.3	754052
4020	-767880000	10.7	754052
4020	-765288000	5.3	754052
4020	-762609600	-2.8	754052
4020	-760017600	-11.7	754052
4020	-757339200	-9.8	754052
4020	-754660800	-12.2	754052
4020	-752241600	1.4	754052
4020	-749563200	4.9	754052
4020	-746971200	9.8	754052
4020	-744292800	15.3	754052
4020	-741700800	18.3	754052
4020	-739022400	15.7	754052
4020	-736344000	11.7	754052
4020	-733752000	7.9	754052
4020	-731073600	-2.1	754052
4020	-728481600	-9.2	754052
4020	-725803200	-10.2	754052
4020	-723124800	-12.5	754052
4020	-720705600	-6.4	754052
4020	-718027200	1.6	754052
4020	-715435200	8	754052
4020	-712756800	14.1	754052
4020	-710164800	18.3	754052
4020	-707486400	20.8	754052
4020	-704808000	12.6	754052
4020	-702216000	11.7	754052
4020	-699537600	-5.1	754052
4020	-696945600	-9.9	754052
4020	-694267200	-15.8	754052
4020	-691588800	-12.2	754052
4020	-689083200	-5	754052
4020	-686404800	6.2	754052
4020	-683812800	10.6	754052
4020	-681134400	15.9	754052
4020	-678542400	18.9	754052
4020	-675864000	18.3	754052
4020	-673185600	14.6	754052
4020	-670593600	6.4	754052
4020	-667915200	-0.8	754052
4020	-665323200	-9.7	754052
4020	-662644800	-10.4	754052
4020	-659966400	-11.1	754052
4020	-657547200	-5.4	754052
4020	-654868800	5.2	754052
4020	-652276800	12	754052
4020	-649598400	18.5	754052
4020	-647006400	19.6	754052
4020	-644328000	18.3	754052
4020	-641649600	10.1	754052
4020	-639057600	7.8	754052
4020	-636379200	-2.2	754052
4020	-633787200	-10.4	754052
4020	-631108800	-15.6	754052
4020	-628430400	-11.4	754052
4020	-626011200	-8.3	754052
4020	-623332800	-2.4	754052
4020	-620740800	8.9	754052
4020	-618062400	15.2	754052
4020	-615470400	16.6	754052
4020	-612792000	14.5	754052
4020	-610113600	12.6	754052
4020	-607521600	8.8	754052
4020	-604843200	-4.6	754052
4020	-602251200	-12.6	754052
4020	-599572800	-13.5	754052
4020	-596894400	-10.7	754052
4020	-594475200	-6.6	754052
4020	-591796800	2.6	754052
4020	-589204800	12.7	754052
4020	-586526400	13.9	754052
4020	-583934400	17.6	754052
4020	-581256000	15.5	754052
4020	-578577600	10.4	754052
4020	-575985600	6.1	754052
4020	-573307200	-6.6	754052
4020	-570715200	-11	754052
4020	-568036800	-11.7	754052
4020	-565358400	-8.6	754052
4020	-562852800	-6.4	754052
4020	-560174400	5.3	754052
4020	-557582400	10.8	754052
4020	-554904000	17	754052
4020	-552312000	19	754052
4020	-549633600	16.5	754052
4020	-546955200	13	754052
4020	-544363200	3.3	754052
4020	-541684800	-1.2	754052
4020	-539092800	-6.9	754052
4020	-536414400	-10.2	754052
4020	-533736000	-11	754052
4020	-531316800	-4	754052
4020	-528638400	1.2	754052
4020	-526046400	10.6	754052
4020	-523368000	16.5	754052
4020	-520776000	18.3	754052
4020	-518097600	18.3	754052
4020	-515419200	12.6	754052
4020	-512827200	9.8	754052
4020	-510148800	1	754052
4020	-507556800	-8.5	754052
4020	-504878400	-13.6	754052
4020	-502200000	-5.4	754052
4020	-499780800	-7.2	754052
4020	-497102400	3.7	754052
4020	-494510400	6.8	754052
4020	-491832000	16.8	754052
4020	-489240000	17.9	754052
4020	-486561600	16.2	754052
4020	-483883200	11.1	754052
4020	-481291200	5.6	754052
4020	-478612800	-0.3	754052
4020	-476020800	-8.3	754052
4020	-473342400	-13.2	754052
4020	-470664000	-11.2	754052
4020	-468244800	-6.8	754052
4020	-465566400	7.4	754052
4020	-462974400	13	754052
4020	-460296000	15.8	754052
4020	-457704000	21.1	754052
4020	-455025600	19.2	754052
4020	-452347200	11.9	754052
4020	-449755200	7.3	754052
4020	-447076800	-5.4	754052
4020	-444484800	-12.5	754052
4020	-441806400	-11	754052
4020	-439128000	-11.4	754052
4020	-436622400	-6.6	754052
4020	-433944000	1.9	754052
4020	-431352000	9.9	754052
4020	-428673600	17.3	754052
4020	-426081600	16.3	754052
4020	-423403200	16.9	754052
4020	-420724800	10.7	754052
4020	-418132800	10.1	754052
4020	-415454400	-2	754052
4020	-412862400	-8.2	754052
4020	-410184000	-16	754052
4020	-407505600	-10.3	754052
4020	-405086400	-5.2	754052
4020	-402408000	4.2	754052
4020	-399816000	10.2	754052
4020	-397137600	16.1	754052
4020	-394545600	19.2	754052
4020	-391867200	16.3	754052
4020	-389188800	10.7	754052
4020	-386596800	5.6	754052
4020	-383918400	-3.5	754052
4020	-381326400	-9.7	754052
4020	-378648000	-9.3	754052
4020	-375969600	-12.3	754052
4020	-373550400	-3.7	754052
4020	-370872000	4.6	754052
4020	-368280000	10.3	754052
4020	-365601600	13.1	754052
4020	-363009600	17.1	754052
4020	-360331200	16.8	754052
4020	-357652800	12.8	754052
4020	-355060800	7.2	754052
4020	-352382400	-1.4	754052
4020	-349790400	-14.4	754052
4020	-347112000	-16.8	754052
4020	-344433600	-13.1	754052
4020	-342014400	-5.1	754052
4020	-339336000	3.4	754052
4020	-336744000	13.1	754052
4020	-334065600	16.6	754052
4020	-331473600	17.9	754052
4020	-328795200	18.8	754052
4020	-326116800	13.1	754052
4020	-323524800	4.1	754052
4020	-320846400	-6.9	754052
4020	-318254400	-5.4	754052
4020	-315576000	-11.5	754052
4020	-312897600	-10	754052
4020	-310392000	-9.7	754052
4020	-307713600	4.1	754052
4020	-305121600	10.3	754052
4020	-302443200	14.5	754052
4020	-299851200	17.4	754052
4020	-297172800	17.6	754052
4020	-294494400	12.7	754052
4020	-291902400	6.5	754052
4020	-289224000	-0.9	754052
4020	-286632000	-11	754052
4020	-283953600	-13.4	754052
4020	-281275200	-7.5	754052
4020	-278856000	-2.9	754052
4020	-276177600	1.4	754052
4020	-273585600	8.6	754052
4020	-270907200	16	754052
4020	-268315200	17.8	754052
4020	-265636800	17.4	754052
4020	-262958400	11.7	754052
4020	-260366400	6.7	754052
4020	-257688000	-3.4	754052
4020	-255096000	-11.4	754052
4020	-252417600	-15.1	754052
4020	-249739200	-12.3	754052
4020	-247320000	-2.8	754052
4020	-244641600	3.2	754052
4020	-242049600	13.5	754052
4020	-239371200	16.2	754052
4020	-236779200	17.4	754052
4020	-234100800	17.4	754052
4020	-231422400	11.1	754052
4020	-228830400	8.1	754052
4020	-226152000	-0.8	754052
4020	-223560000	-10.6	754052
4020	-220881600	-17.6	754052
4020	-218203200	-15.1	754052
4020	-215784000	-3.3	754052
4020	-213105600	5.1	754052
4020	-210513600	9.8	754052
4020	-207835200	17.1	754052
4020	-205243200	19.5	754052
4020	-202564800	16.2	754052
4020	-199886400	12.7	754052
4020	-197294400	12	754052
4020	-194616000	1	754052
4020	-192024000	-14	754052
4020	-189345600	-9.6	754052
4020	-186667200	-10.4	754052
4020	-184161600	-6.5	754052
4020	-181483200	3.7	754052
4020	-178891200	12.9	754052
4020	-176212800	15.8	754052
4020	-173620800	19.7	754052
4020	-170942400	14.6	754052
4020	-168264000	10.9	754052
4020	-165672000	4.9	754052
4020	-162993600	-0.4	754052
4020	-160401600	-12.2	754052
4020	-157723200	-14.2	754052
4020	-155044800	-13.2	754052
4020	-152625600	-8.5	754052
4020	-149947200	2.4	754052
4020	-147355200	13.2	754052
4020	-144676800	15.5	754052
4020	-142084800	17.4	754052
4020	-139406400	16.4	754052
4020	-136728000	9.2	754052
4020	-134136000	6.9	754052
4020	-131457600	-2.2	754052
4020	-128865600	-6.3	754052
4020	-126187200	-16.1	754052
4020	-123508800	-10	754052
4020	-121089600	-2.1	754052
4020	-118411200	2	754052
4020	-115819200	8.5	754052
4020	-113140800	17.4	754052
4020	-110548800	20.5	754052
4020	-107870400	15.8	754052
4020	-105192000	12.5	754052
4020	-102600000	6.8	754052
4020	-99921600	-2.2	754052
4020	-97329600	-9.1	754052
4020	-94651200	-9.9	754052
4020	-91972800	-14.1	754052
4020	-89553600	-3.1	754052
4020	-86875200	3.8	754052
4020	-84283200	8	754052
4020	-81604800	16.4	754052
4020	-79012800	17.4	754052
4020	-76334400	15.3	754052
4020	-73656000	12.2	754052
4020	-71064000	5.6	754052
4020	-68385600	-3.8	754052
4020	-65793600	-9.3	754052
4020	-63115200	-12.8	754052
4020	-60436800	-12.7	754052
4020	-57931200	-0.4	754052
4020	-55252800	5.3	754052
4020	-52660800	9.4	754052
4020	-49982400	16	754052
4020	-47390400	17.8	754052
4020	-44712000	17.4	754052
4020	-42033600	13	754052
4020	-39441600	7.9	754052
4020	-36763200	-1.6	754052
4020	-34171200	-10.1	754052
4020	-31492800	-11.9	754052
4020	-28814400	-9.2	754052
4020	-26395200	-6	754052
4020	-23716800	5.8	754052
4020	-21124800	11.7	754052
4020	-18446400	11.9	754052
4020	-15854400	18.4	754052
4020	-13176000	19.1	754052
4020	-10497600	12.7	754052
4020	-7905600	4.5	754052
4020	-5227200	-2.3	754052
4020	-2635200	-8.9	754052
4020	43200	-15.5	754052
4020	2721600	-11.9	754052
4020	5140800	-6.6	754052
4020	7819200	4.4	754052
4020	10411200	10.3	754052
4020	13089600	17.5	754052
4020	15681600	19.9	754052
4020	18360000	18.2	754052
4020	21038400	13.5	754052
4020	23630400	8.2	754052
4020	26308800	-2.2	754052
4020	28900800	-10.5	754052
4020	31579200	-16.2	754052
4020	34257600	-11.1	754052
4020	36676800	-6.3	754052
4020	39355200	3.1	754052
4020	41947200	8.7	754052
4020	44625600	17.8	754052
4020	47217600	16.1	754052
4020	49896000	15.9	754052
4020	52574400	13.3	754052
4020	55166400	10.1	754052
4020	57844800	-2	754052
4020	60436800	-9	754052
4020	63115200	-16	754052
4020	65793600	-13.4	754052
4020	68299200	-6.5	754052
4020	70977600	1.5	754052
4020	73569600	13.6	754052
4020	76248000	15.3	754052
4020	78840000	17.1	754052
4020	81518400	16.9	754052
4020	84196800	12.7	754052
4020	86788800	4.1	754052
4020	89467200	-1.3	754052
4020	92059200	-11.3	754052
4020	94737600	-9.8	754052
4020	97416000	-8.6	754052
4020	99835200	2	754052
4020	102513600	3.6	754052
4020	105105600	8.7	754052
4020	107784000	16.8	754052
4020	110376000	18.6	754052
4020	113054400	18	754052
4020	115732800	12.7	754052
4020	118324800	9.5	754052
4020	121003200	-1.4	754052
4020	123595200	-9.8	754052
4020	126273600	-13	754052
4020	128952000	-12	754052
4020	131371200	-5	754052
4020	134049600	3.9	754052
4020	136641600	9.1	754052
4020	139320000	14	754052
4020	141912000	19.5	754052
4020	144590400	16.6	754052
4020	147268800	9.7	754052
4020	149860800	6	754052
4020	152539200	0	754052
4020	155131200	-6.5	754052
4020	157809600	-11	754052
4020	160488000	-9.6	754052
4020	162907200	-7	754052
4020	165585600	0.3	754052
4020	168177600	13	754052
4020	170856000	16	754052
4020	173448000	19.3	754052
4020	176126400	17.4	754052
4020	178804800	10.5	754052
4020	181396800	8	754052
4020	184075200	1.2	754052
4020	186667200	-9.6	754052
4020	189345600	-14.4	754052
4020	192024000	-6.4	754052
4020	194529600	-5.5	754052
4020	197208000	5.2	754052
4020	199800000	9.5	754052
4020	202478400	17.6	754052
4020	205070400	18.8	754052
4020	207748800	17	754052
4020	210427200	11.5	754052
4020	213019200	3.6	754052
4020	215697600	-6.1	754052
4020	218289600	-15.5	754052
4020	220968000	-19.2	754052
4020	223646400	-9	754052
4020	226065600	-0.5	754052
4020	228744000	5.9	754052
4020	231336000	16.2	754052
4020	234014400	15	754052
4020	236606400	19.3	754052
4020	239284800	14.6	754052
4020	241963200	12.8	754052
4020	244555200	6.6	754052
4020	247233600	-1.3	754052
4020	249825600	-9.4	754052
4020	252504000	-13.6	754052
4020	255182400	-13.3	754052
4020	257601600	-5.8	754052
4020	260280000	2.5	754052
4020	262872000	11.7	754052
4020	265550400	14.8	754052
4020	268142400	17.2	754052
4020	270820800	17.6	754052
4020	273499200	14.9	754052
4020	276091200	6.1	754052
4020	278769600	-2.5	754052
4020	281361600	-11.9	754052
4020	284040000	-17.7	754052
4020	286718400	-14.5	754052
4020	289137600	-4.7	754052
4020	291816000	2.1	754052
4020	294408000	8.1	754052
4020	297086400	14.9	754052
4020	299678400	18.6	754052
4020	302356800	16.2	754052
4020	305035200	13.2	754052
4020	307627200	4.9	754052
4020	310305600	-2	754052
4020	312897600	-7.1	754052
4020	315576000	-12.8	754052
4020	318254400	-11.8	754052
4020	320760000	-6.6	754052
4020	323438400	4.8	754052
4020	326030400	12.7	754052
4020	328708800	14.5	754052
4020	331300800	18.3	754052
4020	333979200	17	754052
4020	336657600	11.3	754052
4020	339249600	3.3	754052
4020	341928000	-1.5	754052
4020	344520000	-10.8	754052
4020	347198400	-11.8	754052
4020	349876800	-7.6	754052
4020	352296000	-2.4	754052
4020	354974400	5.1	754052
4020	357566400	10.1	754052
4020	360244800	15.9	754052
4020	362836800	18.3	754052
4020	365515200	18.2	754052
4020	368193600	11.9	754052
4020	370785600	4.4	754052
4020	373464000	1.1	754052
4020	376056000	-9	754052
4020	378734400	-18	754052
4020	381412800	-12	754052
4020	383832000	-5.3	754052
4020	386510400	0.9	754052
4020	389102400	13.7	754052
4020	391780800	12.8	754052
4020	394372800	19.2	754052
4020	397051200	16	754052
4020	399729600	12	754052
4020	402321600	7.6	754052
4020	4.05e+08	-2	754052
4020	407592000	-5.8	754052
4020	410270400	-9.4	754052
4020	412948800	-4.7	754052
4020	415368000	-2.4	754052
4020	418046400	2.1	754052
4020	420638400	8	754052
4020	423316800	16.1	754052
4020	425908800	20.9	754052
4020	428587200	19.7	754052
4020	431265600	13.7	754052
4020	433857600	6.3	754052
4020	436536000	-0.9	754052
4020	439128000	-16.1	754052
4020	441806400	-13.6	754052
4020	444484800	-4.5	754052
4020	446990400	-7.3	754052
4020	449668800	5.9	754052
4020	452260800	9.1	754052
4020	454939200	16.9	754052
4020	457531200	17.6	754052
4020	460209600	18.9	754052
4020	462888000	11.3	754052
4020	465480000	8	754052
4020	468158400	-1.7	754052
4020	470750400	-9.7	754052
4020	473428800	-13.4	754052
4020	476107200	-11.7	754052
4020	478526400	-1.7	754052
4020	481204800	5.3	754052
4020	483796800	12.8	754052
4020	486475200	13.9	754052
4020	489067200	17.5	754052
4020	491745600	15.7	754052
4020	494424000	12.3	754052
4020	497016000	5.8	754052
4020	499694400	-5.1	754052
4020	502286400	-15.5	754052
4020	504964800	-11.8	754052
4020	507643200	-11.1	754052
4020	510062400	-3.6	754052
4020	512740800	6.7	754052
4020	515332800	12.9	754052
4020	518011200	15.4	754052
4020	520603200	19.1	754052
4020	523281600	15.4	754052
4020	525960000	12.7	754052
4020	528552000	6.1	754052
4020	531230400	-4.3	754052
4020	533822400	-7.6	754052
4020	536500800	-8.8	754052
4020	539179200	-5.4	754052
4020	541598400	-0.3	754052
4020	544276800	7.1	754052
4020	546868800	12.4	754052
4020	549547200	17.9	754052
4020	552139200	19.4	754052
4020	554817600	17.1	754052
4020	557496000	13.3	754052
4020	560088000	2.9	754052
4020	562766400	0.3	754052
4020	565358400	-5.5	754052
4020	568036800	-14.2	754052
4020	570715200	-13.5	754052
4020	573220800	-4.1	754052
4020	575899200	4.7	754052
4020	578491200	14.1	754052
4020	581169600	18.1	754052
4020	583761600	20.5	754052
4020	586440000	18.9	754052
4020	589118400	13	754052
4020	591710400	3.6	754052
4020	594388800	-0.3	754052
4020	596980800	-9.7	754052
4020	599659200	-8.9	754052
4020	602337600	-14.4	754052
4020	604756800	-6.5	754052
4020	607435200	2.7	754052
4020	610027200	11.1	754052
4020	612705600	14.8	754052
4020	615297600	18.9	754052
4020	617976000	17.3	754052
4020	620654400	13	754052
4020	623246400	7.3	754052
4020	625924800	-4.7	754052
4020	628516800	-16.1	754052
4020	631195200	-7.3	754052
4020	633873600	-9.7	754052
4020	636292800	-2.3	754052
4020	638971200	5.6	754052
4020	641563200	9.3	754052
4020	644241600	16.2	754052
4020	646833600	17.7	754052
4020	649512000	17.1	754052
4020	652190400	13.4	754052
4020	654782400	5.1	754052
4020	657460800	0.4	754052
4020	660052800	-9.9	754052
4020	662731200	-14.4	754052
4020	665409600	-7.9	754052
4020	667828800	-3	754052
4020	670507200	5.7	754052
4020	673099200	13.7	754052
4020	675777600	18.6	754052
4020	678369600	18.1	754052
4020	681048000	18.5	754052
4020	683726400	11.3	754052
4020	686318400	5	754052
4020	688996800	-4.8	754052
4020	691588800	-8.8	754052
4020	694267200	-9	754052
4020	696945600	-6.5	754052
4020	699451200	-4.2	754052
4020	702129600	2.1	754052
4020	704721600	11.7	754052
4020	707400000	14.6	754052
4020	709992000	14.8	754052
4020	712670400	15.6	754052
4020	715348800	11.8	754052
4020	717940800	5.7	754052
4020	720619200	-2.8	754052
4020	723211200	-8.2	754052
4020	725889600	-11.6	754052
4020	728568000	-10.3	754052
4020	730987200	-3.4	754052
4020	733665600	1.6	754052
4020	736257600	10.3	754052
4020	738936000	14.2	754052
4020	741528000	18.1	754052
4020	744206400	18.1	754052
4020	746884800	9.9	754052
4020	749476800	4.5	754052
4020	752155200	-2.6	754052
4020	754747200	-8	754052
4020	757425600	-18.4	754052
4020	760104000	-11.8	754052
4020	762523200	-2.8	754052
4020	765201600	3.3	754052
4020	767793600	11.2	754052
4020	770472000	17.2	754052
4020	773064000	17.5	754052
4020	775742400	15.9	754052
4020	778420800	14.6	754052
4020	781012800	7.9	754052
4020	783691200	0.7	754052
4020	786283200	-6	754052
4020	788961600	-10.1	754052
4020	791640000	-10.5	754052
4020	794059200	-2.4	754052
4020	796737600	0.8	754052
4020	799329600	10.3	754052
4020	802008000	19.3	754052
4020	804600000	19.1	754052
4020	807278400	20.1	754052
4020	809956800	12.6	754052
4020	812548800	7.1	754052
4020	815227200	-6.2	754052
4020	817819200	-9.5	754052
4020	820497600	-13.8	754052
4020	823176000	-10.4	754052
4020	825681600	-6.2	754052
4020	828360000	2.1	754052
4020	830952000	10.6	754052
4020	833630400	17.7	754052
4020	836222400	17.8	754052
4020	838900800	18.9	754052
4020	841579200	14.3	754052
4020	844171200	7.5	754052
4020	846849600	-4	754052
4020	849441600	-8.2	754052
4020	852120000	-13	754052
4020	854798400	-7.7	754052
4020	857217600	-4.5	754052
4020	859896000	2.5	754052
4020	862488000	7	754052
4020	865166400	17.7	754052
4020	867758400	17.8	754052
4020	870436800	15.6	754052
4020	873115200	13.7	754052
4020	875707200	6.4	754052
4020	878385600	-3.6	754052
4020	880977600	-5	754052
4020	883656000	-8.7	754052
4020	886334400	-1.6	754052
4020	888753600	-3.1	754052
4020	891432000	6.5	754052
4020	894024000	14.9	754052
4020	896702400	15.4	754052
4020	899294400	18.7	754052
4020	901972800	19	754052
4020	904651200	15.9	754052
4020	907243200	9.2	754052
4020	909921600	0.8	754052
4020	912513600	-6.2	754052
4020	915192000	-12.9	754052
4020	917870400	-5.3	754052
4020	920289600	-2.5	754052
4020	922968000	6.7	754052
4020	925560000	13.4	754052
4020	928238400	17.3	754052
4020	930830400	20.8	754052
4020	933508800	17.5	754052
4020	936187200	12.8	754052
4020	938779200	5.1	754052
4020	941457600	2.5	754052
4020	944049600	-7.7	754052
4020	946728000	-12.3	754052
4020	949406400	-6.7	754052
4020	951912000	0.9	754052
4020	954590400	3.5	754052
4020	957182400	12.5	754052
4020	959860800	14.8	754052
4020	962452800	17.9	754052
4020	965131200	18	754052
4020	967809600	12.5	754052
4020	970401600	8.2	754052
4020	973080000	-1.3	754052
4020	975672000	-14.3	754052
4020	978350400	-8.9	754052
4020	981028800	-12.1	754052
4020	983448000	-4.4	754052
4020	986126400	5.1	754052
4020	988718400	12.3	754052
4020	991396800	16.9	754052
4020	993988800	19.1	754052
4020	996667200	19.3	754052
4020	999345600	12.4	754052
4020	1001937600	6.2	754052
4020	1004616000	4.1	754052
4020	1007208000	-4.7	754052
4020	1009886400	-7	754052
4020	1012564800	-5	754052
4020	1014984000	-6.9	754052
4020	1017662400	2.8	754052
4020	1020254400	8	754052
4020	1022932800	17.7	754052
4020	1025524800	21.7	754052
4020	1028203200	18.4	754052
4020	1030881600	14.3	754052
4020	1033473600	3	754052
4020	1036152000	-2.7	754052
4020	1038744000	-7.1	754052
4020	1041422400	-12.8	754052
4020	1044100800	-12.6	754052
4020	1046520000	-4.5	754052
4020	1049198400	2.8	754052
4020	1051790400	10.4	754052
4020	1054468800	15.9	754052
4020	1057060800	18.5	754052
4020	1059739200	19.8	754052
4020	1062417600	13.7	754052
4020	1065009600	5.7	754052
4020	1067688000	-2.7	754052
4020	1070280000	-6.8	754052
4020	1072958400	-15.6	754052
4020	1075636800	-8.3	754052
4020	1078142400	-2.7	754052
4020	1080820800	3.6	754052
4020	1083412800	9.1	754052
4020	1086091200	15.1	754052
4020	1088683200	18.3	754052
4020	1091361600	14.9	754052
4020	1094040000	16.3	754052
4020	1096632000	7.2	754052
4020	1099310400	0.7	754052
4020	1101902400	-9.4	754052
4020	1104580800	-12.9	754052
4020	1107259200	-5.9	754052
4020	1109678400	-4.6	754052
4020	1112356800	7.1	754052
4020	1114948800	9.2	754052
4020	1117627200	19.7	754052
4020	1120219200	20.7	754052
4020	1122897600	19	754052
4020	1125576000	15.8	754052
4020	1128168000	8.2	754052
4020	1130846400	-1.3	754052
4020	1133438400	-8.9	754052
4020	1136116800	-5.4	754052
4020	1138795200	-10.5	754052
4020	1141214400	-2.2	754052
4020	1143892800	7.6	754052
4020	1146484800	12.3	754052
4020	1149163200	17.4	754052
4020	1151755200	21	754052
4020	1154433600	18.1	754052
4020	1157112000	11.2	754052
4020	1159704000	3.3	754052
4020	1162382400	-0.2	754052
4020	1164974400	-5.5	754052
4020	1167652800	-9.9	754052
4020	1170331200	-13.2	754052
4020	1172750400	-0.9	754052
4020	1175428800	2.1	754052
4020	1178020800	13.3	754052
4020	1180699200	17.9	754052
4020	1183291200	19	754052
4020	1185969600	18.2	754052
4020	1188648000	14.7	754052
4020	1191240000	9.5	754052
4020	1193918400	-1.7	754052
4020	1196510400	-10.1	754052
4020	1199188800	-11.3	754052
4020	1201867200	-12.2	754052
4020	1204372800	-6.5	754052
4020	1207051200	3.3	754052
4020	1209643200	9.2	754052
4020	1212321600	16.2	754052
4020	1214913600	18.8	754052
4020	1217592000	17.5	754052
4020	1220270400	14.3	754052
4020	1222862400	6	754052
4020	1225540800	-1.6	754052
4020	1228132800	-12.9	754052
4020	1230811200	-16.4	754052
4020	1233489600	-8.6	754052
4020	1235908800	-4	754052
4020	1238587200	3.6	754052
4020	1241179200	9.9	754052
4020	1243857600	14.7	754052
4020	1246449600	14.9	754052
4020	1249128000	15.8	754052
4020	1251806400	14.9	754052
4020	1254398400	3.9	754052
4020	1257076800	2.8	754052
4020	1259668800	-9.9	754052
4020	1262347200	-9.9	754052
4020	1265025600	-8.7	754052
4020	1267444800	1.6	754052
4020	1270123200	8	754052
4020	1272715200	12.3	754052
4020	1275393600	15.8	754052
4020	1277985600	19.2	754052
4020	1280664000	17.6	754052
4020	1283342400	11.5	754052
4020	1285934400	8	754052
4020	1288612800	0.3	754052
4020	1291204800	-8.7	754052
4020	1293883200	-12.4	754052
4020	1296561600	-8.6	754052
4020	1298980800	-4.2	754052
4020	1301659200	3.4	754052
4020	1304251200	10.3	754052
4020	1306929600	16.1	754052
4020	1309521600	20.4	754052
4020	1312200000	17.8	754052
4020	1314878400	12.8	754052
4020	1317470400	8.8	754052
4020	1320148800	0.8	754052
4020	1322740800	-6.4	754052
4020	1325419200	-9	754052
4020	1328097600	-5.4	754052
4020	1330603200	5.5	754052
4020	1333281600	4.9	754052
4020	1335873600	13	754052
4020	1338552000	17.4	754052
4020	1341144000	20.7	754052
4020	1343822400	17	754052
4020	1346500800	11.8	754052
4020	1349092800	5.8	754052
4020	1351771200	-0.6	754052
4020	1354363200	-5.4	754052
4020	1357041600	-10.2	754052
4020	1359720000	-10.8	754052
4020	1362139200	-6.4	754052
4020	1364817600	0.5	754052
4020	1367409600	11.2	754052
4020	1370088000	15.6	754052
4020	1372680000	19	754052
4020	1375358400	17.1	754052
4020	1378036800	13.4	754052
4020	1380628800	6.7	754052
4020	1383307200	-2.8	754052
4020	1385899200	-14	754052
4020	1388577600	-16.9	754052
4020	1391256000	-15.3	754052
4020	1393675200	-9.9	754052
4154	-2466676800	-3	756222
4154	-2464084800	-3	756222
4156	-2569233600	15.2	756225
4156	-2566555200	11	756225
4156	-2563963200	4.2	756225
4156	-2561284800	1.1	756225
4156	-2558692800	-3.6	756225
4156	-2556014400	-5.9	756225
4156	-2553336000	-12.1	756225
4156	-2550916800	-1.8	756225
4156	-2548238400	2.8	756225
4156	-2545646400	7.6	756225
4156	-2542968000	11.2	756225
4156	-2540376000	16.5	756225
4156	-2537697600	16.8	756225
4156	-2535019200	13.7	756225
4156	-2532427200	3.3	756225
4156	-2529748800	0.6	756225
4156	-2527156800	-1.8	756225
4156	-2524478400	-7.5	756225
4156	-2521800000	-6.8	756225
4156	-2519380800	-6.8	756225
4156	-2516702400	2.5	756225
4156	-2514110400	4.8	756225
4156	-2511432000	15.5	756225
4156	-2508840000	17.1	756225
4156	-2506161600	14.7	756225
4156	-2503483200	12.1	756225
4156	-2500891200	6.4	756225
4156	-2498212800	1.1	756225
4159	-2466676800	-2.8	756233
4159	-2464084800	-2.4	756233
7638	-557582400	5.7	714330
7638	-554904000	8.5	714330
7638	-552312000	11.3	714330
7638	-549633600	13.6	714330
7638	-546955200	12.7	714330
7638	-544363200	5.6	714330
7638	-541684800	3	714330
7750	-878472000	-2.1	717490
7750	-875793600	5.5	717490
7750	-873201600	8.5	717490
7750	-870523200	14	717490
7750	-867931200	16.2	717490
7750	-865252800	16.3	717490
7750	-862574400	10.4	717490
7750	-859982400	5.4	717490
7750	-857304000	-3.4	717490
7750	-854712000	-13.6	717490
7750	-852033600	-17.7	717490
7750	-849355200	-12.1	717490
7750	-846936000	-10.6	717490
7750	-844257600	1.6	717490
7750	-841665600	8.2	717490
7750	-838987200	14	717490
7750	-836395200	18.5	717490
7750	-833716800	16.8	717490
7750	-831038400	10	717490
7750	-828446400	5.9	717490
7750	-825768000	-4.1	717490
7750	-823176000	-11.3	717490
7750	-820497600	-7	717490
7750	-817819200	-13	717490
7750	-815313600	-7.9	717490
7750	-812635200	1.6	717490
7750	-810043200	10	717490
7750	-807364800	14.1	717490
7750	-804772800	17.7	717490
7750	-802094400	17	717490
7750	-799416000	12.4	717490
7750	-796824000	6.5	717490
7750	-794145600	0.8	717490
7750	-791553600	-10.4	717490
7750	-788875200	-16.3	717490
7750	-786196800	-11.7	717490
7750	-783777600	-1	717490
7750	-781099200	1	717490
7750	-778507200	6.1	717490
7750	-775828800	13.2	717490
7750	-773236800	16	717490
7750	-770558400	16.8	717490
7750	-767880000	11.2	717490
7750	-765288000	4.1	717490
7750	-762609600	-3.2	717490
7750	-760017600	-12.7	717490
7750	-757339200	-13.2	717490
7750	-754660800	-15.1	717490
7750	-752241600	-1	717490
7750	-749563200	2.9	717490
7750	-746971200	7.8	717490
7750	-744292800	13.4	717490
7750	-741700800	17.1	717490
7750	-739022400	15.8	717490
7750	-736344000	11.1	717490
7750	-733752000	6.2	717490
7750	-731073600	-2.8	717490
7750	-728481600	-11.6	717490
7750	-725803200	-12.6	717490
7750	-723124800	-12.5	717490
7750	-720705600	-5.6	717490
7750	-718027200	0	717490
7750	-715435200	6.7	717490
7750	-712756800	11.8	717490
7750	-710164800	18.1	717490
7750	-707486400	18	717490
7750	-704808000	11.3	717490
7750	-702216000	9.5	717490
7750	-699537600	-3.9	717490
7750	-696945600	-11	717490
7750	-694267200	-17.2	717490
7750	-691588800	-14.7	717490
7750	-689083200	-7.5	717490
7750	-686404800	2.5	717490
7750	-683812800	8.7	717490
7750	-681134400	13.8	717490
7750	-678542400	17.2	717490
7750	-675864000	17.6	717490
7750	-673185600	13.7	717490
7750	-670593600	6.6	717490
7750	-667915200	-0.3	717490
7750	-665323200	-9.3	717490
7750	-662644800	-12.2	717490
7750	-659966400	-14.8	717490
7750	-657547200	-6.8	717490
7750	-654868800	4.7	717490
7750	-652276800	8.4	717490
7750	-649598400	15.4	717490
7750	-647006400	17.6	717490
7750	-644328000	17.6	717490
7750	-641649600	10.2	717490
7750	-639057600	6.8	717490
7750	-636379200	-2.8	717490
7750	-633787200	-9.9	717490
7750	-631108800	-18.9	717490
7750	-628430400	-12.8	717490
7750	-626011200	-10.1	717490
7750	-623332800	-2.2	717490
7750	-620740800	7.4	717490
7750	-618062400	13	717490
7750	-615470400	15.9	717490
7750	-612792000	13.7	717490
7750	-610113600	11.3	717490
7750	-607521600	6.7	717490
7750	-604843200	-5.3	717490
7750	-602251200	-13.4	717490
7750	-599572800	-15.6	717490
7750	-596894400	-12.7	717490
7750	-594475200	-7.6	717490
7750	-591796800	2.2	717490
7750	-589204800	11.2	717490
7750	-586526400	13.1	717490
7750	-583934400	17.4	717490
7750	-581256000	14.3	717490
7750	-578577600	10.1	717490
7750	-575985600	4.4	717490
7750	-573307200	-6.1	717490
7750	-570715200	-12.8	717490
7750	-568036800	-14.9	717490
7750	-565358400	-8.7	717490
7750	-562852800	-6.7	717490
7750	-560174400	4.9	717490
7750	-557582400	9.3	717490
7750	-554904000	14.9	717490
7750	-552312000	17.3	717490
7750	-549633600	15.8	717490
7750	-546955200	12.1	717490
7750	-544363200	2.9	717490
7750	-541684800	-1.8	717490
7750	-539092800	-5.4	717490
7750	-536414400	-12.2	717490
7750	-533736000	-11.1	717490
7750	-531316800	-4.1	717490
7750	-528638400	2.2	717490
7750	-526046400	8.4	717490
7750	-523368000	14.3	717490
7750	-520776000	17.4	717490
7750	-518097600	18.3	717490
7750	-515419200	11	717490
7750	-512827200	7.1	717490
7750	-510148800	0.6	717490
7750	-507556800	-9.5	717490
7750	-504878400	-17.9	717490
7750	-502200000	-7.1	717490
7750	-499780800	-7.5	717490
7750	-497102400	0.8	717490
7750	-494510400	5.8	717490
7750	-491832000	15	717490
7750	-489240000	17.7	717490
7750	-486561600	16.5	717490
7750	-483883200	10.5	717490
7750	-481291200	5.4	717490
7750	-478612800	0.2	717490
7750	-476020800	-9.1	717490
7750	-473342400	-14.1	717490
7750	-470664000	-13.7	717490
7750	-468244800	-10.6	717490
7750	-465566400	5.8	717490
7750	-462974400	10.3	717490
7750	-460296000	16.1	717490
7750	-457704000	20.1	717490
7750	-455025600	19.5	717490
7750	-452347200	11.7	717490
7750	-449755200	6.6	717490
7750	-447076800	-3.9	717490
7750	-444484800	-13.2	717490
7750	-441806400	-11.2	717490
7750	-439128000	-12.2	717490
7750	-436622400	-8.2	717490
7750	-433944000	0.6	717490
7750	-431352000	7	717490
7750	-428673600	15.9	717490
7750	-426081600	16.7	717490
7750	-423403200	15.5	717490
7750	-420724800	9.3	717490
7750	-418132800	8.2	717490
7750	-415454400	-2.3	717490
7750	-412862400	-11.8	717490
7750	-410184000	-19.4	717490
7750	-407505600	-12.7	717490
7750	-405086400	-5.7	717490
7750	-402408000	2.3	717490
7750	-399816000	9.1	717490
7750	-397137600	13.3	717490
7750	-394545600	17.8	717490
7750	-391867200	16.8	717490
7750	-389188800	10.7	717490
7750	-386596800	5.9	717490
7750	-383918400	-2.7	717490
7750	-381326400	-9.2	717490
7750	-378648000	-10.6	717490
7750	-375969600	-12.9	717490
7750	-373550400	-1.8	717490
7750	-370872000	4.3	717490
7750	-368280000	8.2	717490
7750	-365601600	12.3	717490
7750	-363009600	16.7	717490
7750	-360331200	16	717490
7750	-357652800	12.2	717490
7750	-355060800	7.4	717490
7750	-352382400	-1.1	717490
7750	-349790400	-16.2	717490
7750	-347112000	-18.8	717490
7750	-344433600	-14.8	717490
7750	-342014400	-5.3	717490
7750	-339336000	2.5	717490
7750	-336744000	9.3	717490
7750	-334065600	14.9	717490
7750	-331473600	18.6	717490
7750	-328795200	17.3	717490
7750	-326116800	12.8	717490
7750	-323524800	4.4	717490
7750	-320846400	-7.7	717490
7750	-318254400	-6	717490
7750	-315576000	-12.6	717490
7750	-312897600	-11	717490
7750	-310392000	-8.9	717490
7750	-307713600	2.6	717490
7750	-305121600	9.7	717490
7750	-302443200	14	717490
7750	-299851200	17.6	717490
7750	-297172800	17.5	717490
7750	-294494400	12	717490
7750	-291902400	6.1	717490
7750	-289224000	-0.4	717490
7750	-286632000	-13	717490
7750	-283953600	-15.9	717490
7750	-281275200	-9.2	717490
7750	-278856000	-3.4	717490
7750	-276177600	2.5	717490
7750	-273585600	9.2	717490
7750	-270907200	14.6	717490
7750	-268315200	17.9	717490
7750	-265636800	17.3	717490
7750	-262958400	12.4	717490
7750	-260366400	6.5	717490
7750	-257688000	-1.1	717490
7750	-255096000	-10	717490
7750	-252417600	-16.8	717490
7750	-249739200	-15.1	717490
7750	-247320000	-3.9	717490
7750	-244641600	1.1	717490
7750	-242049600	9.6	717490
7750	-239371200	13.5	717490
7750	-236779200	16.6	717490
7750	-234100800	15.8	717490
7750	-231422400	10.8	717490
7750	-228830400	7.5	717490
7750	-226152000	0	717490
7750	-223560000	-10.2	717490
7750	-220881600	-18.1	717490
7750	-218203200	-15.3	717490
7750	-215784000	-6.9	717490
7750	-213105600	2.9	717490
7750	-210513600	7.8	717490
7750	-207835200	14.1	717490
7750	-205243200	18.4	717490
7750	-202564800	16.4	717490
7750	-199886400	12.4	717490
7750	-197294400	10.9	717490
7750	-194616000	0.9	717490
7750	-192024000	-13.7	717490
7750	-189345600	-9.4	717490
7750	-186667200	-10.8	717490
7750	-184161600	-7.9	717490
7750	-181483200	2.2	717490
7750	-178891200	10.4	717490
7750	-176212800	12.9	717490
7750	-173620800	19.1	717490
7750	-170942400	15	717490
7750	-168264000	10.6	717490
7750	-165672000	4.7	717490
7750	-162993600	-1.8	717490
7750	-160401600	-13.6	717490
7750	-157723200	-16.1	717490
7750	-155044800	-15.8	717490
7750	-152625600	-8.6	717490
7750	-149947200	1.9	717490
7750	-147355200	9.6	717490
7750	-144676800	14	717490
7750	-142084800	15.4	717490
7750	-139406400	15.2	717490
7750	-136728000	9.1	717490
7750	-134136000	6.3	717490
7750	-131457600	-2.7	717490
7750	-128865600	-6.2	717490
7750	-126187200	-17.4	717490
7750	-123508800	-11.4	717490
7750	-121089600	-3.9	717490
7750	-118411200	1.8	717490
7750	-115819200	7.3	717490
7750	-113140800	15.1	717490
7750	-110548800	19.8	717490
7750	-107870400	16.2	717490
7750	-105192000	12.5	717490
7750	-102600000	4.5	717490
7750	-99921600	-4.7	717490
7750	-97329600	-11.2	717490
7750	-94651200	-14.1	717490
7750	-91972800	-17.6	717490
7750	-89553600	-5.7	717490
7750	-86875200	2.1	717490
7750	-84283200	5.9	717490
7750	-81604800	14.2	717490
7750	-79012800	16.7	717490
7750	-76334400	16	717490
7750	-73656000	12.3	717490
7750	-71064000	5.3	717490
7750	-68385600	-3.5	717490
7750	-65793600	-8.1	717490
7750	-63115200	-13.8	717490
7750	-60436800	-13.3	717490
7750	-57931200	-2.5	717490
7750	-55252800	3.5	717490
7750	-52660800	8	717490
7750	-49982400	13.2	717490
7750	-47390400	17	717490
7750	-44712000	15.3	717490
7750	-42033600	13.3	717490
7750	-39441600	7.2	717490
7750	-36763200	-1.5	717490
7750	-34171200	-10.6	717490
7750	-31492800	-13	717490
7750	-28814400	-11.3	717490
7750	-26395200	-7.1	717490
7750	-23716800	4.3	717490
7750	-21124800	8.1	717490
7750	-18446400	11	717490
7750	-15854400	17.3	717490
7750	-13176000	19.5	717490
7750	-10497600	12.1	717490
7750	-7905600	3.9	717490
7750	-5227200	-2.5	717490
7750	-2635200	-8.5	717490
7750	43200	-16.1	717490
7750	2721600	-14.8	717490
7750	5140800	-6.8	717490
7750	7819200	2.2	717490
7750	10411200	7.2	717490
7750	13089600	14.7	717490
7750	15681600	19.3	717490
7750	18360000	18.4	717490
7750	21038400	12.2	717490
7750	23630400	6.7	717490
7750	26308800	-1.9	717490
7750	28900800	-9.4	717490
7750	31579200	-17	717490
7750	34257600	-12.4	717490
7750	36676800	-6.5	717490
7750	39355200	2.5	717490
7750	41947200	8.4	717490
7750	44625600	14.7	717490
7750	47217600	16.5	717490
7750	49896000	16.1	717490
7750	52574400	13.3	717490
7750	55166400	9.4	717490
7750	57844800	-1.7	717490
7750	60436800	-9.7	717490
7750	63115200	-17.9	717490
7750	65793600	-15.3	717490
7750	68299200	-9	717490
7750	70977600	0.8	717490
7750	73569600	10.8	717490
7750	76248000	14.2	717490
7750	78840000	16.4	717490
7750	81518400	16.8	717490
7750	84196800	9.9	717490
7750	86788800	4.3	717490
7750	89467200	-2.6	717490
7750	92059200	-14.1	717490
7750	94737600	-10.6	717490
7750	97416000	-11.8	717490
7750	99835200	-0.4	717490
7750	102513600	3	717490
7750	105105600	8.7	717490
7750	107784000	14	717490
7750	110376000	17.6	717490
7750	113054400	17.9	717490
7750	115732800	11.9	717490
7750	118324800	8.2	717490
7750	121003200	-1.6	717490
7750	123595200	-10.9	717490
7750	126273600	-15.6	717490
7750	128952000	-14.3	717490
7750	131371200	-7.8	717490
7750	134049600	2.2	717490
7750	136641600	6.8	717490
7750	139320000	14.3	717490
7750	141912000	18.7	717490
7750	144590400	16.5	717490
7750	147268800	8.9	717490
7750	149860800	5.4	717490
7750	152539200	-1.6	717490
7750	155131200	-6.6	717490
7750	157809600	-11.6	717490
7750	160488000	-10.6	717490
7750	162907200	-6.6	717490
7750	165585600	1	717490
7750	168177600	12	717490
7750	170856000	14.7	717490
7750	173448000	19.5	717490
7750	176126400	16.9	717490
7750	178804800	10.2	717490
7750	181396800	6.8	717490
7750	184075200	-1.1	717490
7750	186667200	-10.8	717490
7750	189345600	-15.2	717490
7750	192024000	-7.8	717490
7750	194529600	-7.4	717490
7750	197208000	4.8	717490
7750	199800000	8.9	717490
7750	202478400	15.9	717490
7750	205070400	18.4	717490
7750	207748800	17.8	717490
7750	210427200	11.1	717490
7750	213019200	3.1	717490
7750	215697600	-5.3	717490
7750	218289600	-16.6	717490
7750	220968000	-17.6	717490
7750	223646400	-9.6	717490
7750	226065600	-0.9	717490
7750	228744000	4.5	717490
7750	231336000	12.4	717490
7750	234014400	14.1	717490
7750	236606400	17.5	717490
7750	239284800	14	717490
7750	241963200	11.6	717490
7750	244555200	6.4	717490
7750	247233600	-1.1	717490
7750	249825600	-10.7	717490
7750	252504000	-16.1	717490
7750	255182400	-13.7	717490
7750	257601600	-6.2	717490
7750	260280000	1.8	717490
7750	262872000	10.6	717490
7750	265550400	13.7	717490
7750	268142400	16.9	717490
7750	270820800	16.6	717490
7750	273499200	12.3	717490
7750	276091200	6.4	717490
7750	278769600	-3.8	717490
7750	281361600	-14	717490
7750	284040000	-18.7	717490
7750	286718400	-18	717490
7750	289137600	-6.2	717490
7750	291816000	0.9	717490
7750	294408000	7.5	717490
7750	297086400	14.1	717490
7750	299678400	18.2	717490
7750	302356800	15.6	717490
7750	305035200	12.4	717490
7750	307627200	4.2	717490
7750	310305600	-2.8	717490
7750	312897600	-6.3	717490
7750	315576000	-13	717490
7750	318254400	-12.9	717490
7750	320760000	-7.1	717490
7750	323438400	4.7	717490
7750	326030400	11.8	717490
7750	328708800	13.9	717490
7750	331300800	18.5	717490
7750	333979200	17.6	717490
7750	336657600	11	717490
7750	339249600	3.5	717490
7750	341928000	-2.3	717490
7750	344520000	-12.5	717490
7750	347198400	-12.8	717490
7750	349876800	-9.3	717490
7750	352296000	-2.3	717490
7750	354974400	3.8	717490
7750	357566400	9.3	717490
7750	360244800	13.9	717490
7750	362836800	18.3	717490
7750	365515200	18	717490
7750	368193600	11.2	717490
7750	370785600	4.3	717490
7750	373464000	0.9	717490
7750	376056000	-8.9	717490
7750	378734400	-20.6	717490
7750	381412800	-13.5	717490
7750	383832000	-5.9	717490
7750	386510400	1.2	717490
7750	389102400	10.4	717490
7750	391780800	12.7	717490
7750	394372800	17.4	717490
7750	397051200	14.6	717490
7750	399729600	11.5	717490
7750	402321600	6.9	717490
7750	4.05e+08	-3.5	717490
7750	407592000	-7.3	717490
7750	410270400	-10.7	717490
7750	412948800	-7.5	717490
7750	415368000	-3.9	717490
7750	418046400	1.8	717490
7750	420638400	6.9	717490
7750	423316800	14.3	717490
7750	425908800	20	717490
7750	428587200	20.5	717490
7750	431265600	13.5	717490
7750	433857600	5.9	717490
7750	436536000	-0.6	717490
7750	439128000	-16.1	717490
7750	441806400	-16	717490
7750	444484800	-4.8	717490
7750	446990400	-7.9	717490
7750	449668800	5.4	717490
7750	452260800	8.8	717490
7750	454939200	14.3	717490
7750	457531200	18.3	717490
7750	460209600	18.3	717490
7750	462888000	10.7	717490
7750	465480000	6.9	717490
7750	468158400	-1.5	717490
7750	470750400	-10.3	717490
7750	473428800	-15.4	717490
7750	476107200	-13.2	717490
7750	478526400	-2.1	717490
7750	481204800	3.9	717490
7750	483796800	10	717490
7750	486475200	12.8	717490
7750	489067200	16.9	717490
7750	491745600	16.1	717490
7750	494424000	11.8	717490
7750	497016000	6.1	717490
7750	499694400	-6.5	717490
7750	502286400	-15.1	717490
7750	504964800	-12.6	717490
7750	507643200	-10.6	717490
7750	510062400	-3.3	717490
7750	512740800	5.1	717490
7750	515332800	11.6	717490
7750	518011200	13.9	717490
7750	520603200	17.8	717490
7750	523281600	15.9	717490
7750	525960000	11.1	717490
7750	528552000	4.7	717490
7750	531230400	-4.7	717490
7750	533822400	-6.7	717490
7750	536500800	-9.9	717490
7750	539179200	-5.6	717490
7750	541598400	-2.6	717490
7750	544276800	6.5	717490
7750	546868800	10	717490
7750	549547200	16.3	717490
7750	552139200	18.5	717490
7750	554817600	16.9	717490
7750	557496000	13.5	717490
7750	560088000	3.4	717490
7750	562766400	-0.6	717490
7750	565358400	-5.6	717490
7750	568036800	-15.4	717490
7750	570715200	-15.5	717490
7750	573220800	-4.5	717490
7750	575899200	4	717490
7750	578491200	10.2	717490
7750	581169600	16.4	717490
7750	583761600	19.6	717490
7750	586440000	17.9	717490
7750	589118400	12.7	717490
7750	591710400	3.5	717490
7750	594388800	-1	717490
7750	596980800	-11.8	717490
7750	599659200	-11.4	717490
7750	602337600	-15.7	717490
7750	604756800	-9	717490
7750	607435200	1.8	717490
7750	610027200	9.8	717490
7750	612705600	12.8	717490
7750	615297600	18.6	717490
7750	617976000	17.2	717490
7750	620654400	12.6	717490
7750	623246400	5.8	717490
7750	625924800	-5.6	717490
7750	628516800	-17.1	717490
7750	631195200	-9.3	717490
7750	633873600	-12.1	717490
7750	636292800	-3.5	717490
7750	638971200	3.2	717490
7750	641563200	8.2	717490
7750	644241600	14.3	717490
7750	646833600	17.4	717490
7750	649512000	17.2	717490
7750	652190400	12	717490
7750	654782400	4.7	717490
7750	657460800	-1.2	717490
7750	660052800	-11.6	717490
7750	662731200	-16.6	717490
7750	665409600	-9.3	717490
7750	667828800	-4.7	717490
7750	670507200	4.9	717490
7750	673099200	11.3	717490
7750	675777600	16.4	717490
7750	678369600	17.6	717490
7750	681048000	18.6	717490
7750	683726400	10.9	717490
7750	686318400	3.9	717490
7750	688996800	-4.6	717490
7750	691588800	-9.8	717490
7750	694267200	-10.8	717490
7750	696945600	-8.4	717490
7750	699451200	-5.4	717490
7750	702129600	1.4	717490
7750	704721600	10.4	717490
7750	707400000	12.6	717490
7750	709992000	14.5	717490
7750	712670400	15.1	717490
7750	715348800	11.8	717490
7750	717940800	4.5	717490
7750	720619200	-2.9	717490
7750	723211200	-9.4	717490
7750	725889600	-13.4	717490
7750	728568000	-12	717490
7750	730987200	-4.7	717490
7750	733665600	1.8	717490
7750	736257600	8.4	717490
7750	738936000	13	717490
7750	741528000	16.9	717490
7750	744206400	18.2	717490
7750	746884800	9.1	717490
7750	749476800	3.2	717490
7750	752155200	-4.1	717490
7750	754747200	-9.8	717490
7750	757425600	-21.5	717490
7750	760104000	-15.7	717490
7750	762523200	-3.1	717490
7750	765201600	2	717490
7750	767793600	9.3	717490
7750	770472000	15.6	717490
7750	773064000	16.5	717490
7750	775742400	15.6	717490
7750	778420800	13.7	717490
7750	781012800	8.1	717490
7750	783691200	0.2	717490
7750	786283200	-5.9	717490
7750	788961600	-10.9	717490
7750	791640000	-12.7	717490
7750	794059200	-4.2	717490
7750	796737600	0.7	717490
7750	799329600	10.2	717490
7750	802008000	16.7	717490
7750	804600000	17.1	717490
7750	807278400	18.4	717490
7750	809956800	11.2	717490
7750	812548800	5.2	717490
7750	815227200	-8.3	717490
7750	817819200	-12.3	717490
7750	820497600	-18.3	717490
7750	823176000	-13.3	717490
7750	825681600	-9.2	717490
7750	828360000	0	717490
7750	830952000	7.7	717490
7750	833630400	15.2	717490
7750	836222400	16.8	717490
7750	838900800	17.7	717490
7750	841579200	13.2	717490
7750	844171200	6.1	717490
7750	846849600	-4.6	717490
7750	849441600	-10.3	717490
7750	852120000	-14.4	717490
7750	854798400	-11.4	717490
8003	-2448273600	13.1	720243
8003	-2445681600	17.8	720243
8003	-2443003200	16.1	720243
8003	-2440324800	11.3	720243
8003	-2437732800	5.5	720243
8003	-2435054400	-4.1	720243
8003	-2432462400	-9.8	720243
8003	-2429784000	-15.4	720243
8003	-2427105600	-14	720243
8003	-2424686400	-7.9	720243
8003	-2422008000	-0.8	720243
8003	-2419416000	7	720243
8003	-2416737600	15.6	720243
8003	-2414145600	16.6	720243
8003	-2411467200	15.4	720243
8003	-2408788800	10.2	720243
8003	-2406196800	5.9	720243
8003	-2403518400	-1.8	720243
8003	-2400926400	-10.2	720243
8003	-2398248000	-9.6	720243
8003	-2395569600	-12.3	720243
8003	-2393150400	-2.4	720243
8003	-2390472000	3.4	720243
8003	-2387880000	7.3	720243
8003	-2385201600	15.8	720243
8003	-2382609600	17.2	720243
8003	-2379931200	14.6	720243
8003	-2377252800	11.9	720243
8003	-2374660800	5.6	720243
8003	-2371982400	-4.6	720243
8003	-2369390400	-6.1	720243
8003	-2366712000	-12.1	720243
8003	-2364033600	-13.6	720243
8003	-2361614400	-9	720243
8003	-2358936000	2.8	720243
8003	-2356344000	10	720243
8003	-2353665600	15.8	720243
8003	-2351073600	15.5	720243
8003	-2348395200	14.9	720243
8003	-2345716800	12.9	720243
8003	-2343124800	2.6	720243
8003	-2340446400	-2.4	720243
8003	-2337854400	-6.7	720243
8003	-2335176000	-9.1	720243
8003	-2332497600	-9.8	720243
8003	-2329992000	-8.4	720243
8003	-2327313600	4	720243
8003	-2324721600	12.1	720243
8003	-2322043200	14.5	720243
8003	-2319451200	16.7	720243
8003	-2316772800	16	720243
8003	-2314094400	9	720243
8003	-2311502400	4.1	720243
8003	-2308824000	-2.5	720243
8003	-2306232000	-6.8	720243
8003	-2303553600	-9	720243
8003	-2300875200	-10	720243
8003	-2298456000	-7.3	720243
8003	-2295777600	0.2	720243
8003	-2293185600	6.7	720243
8003	-2290507200	11.7	720243
8003	-2287915200	19.2	720243
8003	-2285236800	14.3	720243
8003	-2282558400	14.1	720243
8003	-2279966400	7.1	720243
8003	-2277288000	-2.7	720243
8003	-2274696000	-9.4	720243
8003	-2272017600	-9.9	720243
8003	-2269339200	-9.9	720243
8003	-2266920000	-3.3	720243
8003	-2264241600	1.6	720243
8003	-2261649600	8.9	720243
8003	-2258971200	13.7	720243
8003	-2256379200	16.5	720243
8003	-2253700800	14.4	720243
8003	-2251022400	13	720243
8003	-2248430400	4.7	720243
8003	-2245752000	-0.3	720243
8003	-2243160000	-9.5	720243
8003	-2240481600	-11	720243
8003	-2237803200	-15.4	720243
8003	-2235384000	-8.6	720243
8003	-2232705600	1.9	720243
8003	-2230113600	10.2	720243
8003	-2227435200	15.3	720243
8003	-2224843200	17.8	720243
8003	-2222164800	17.8	720243
8003	-2219486400	8.2	720243
8003	-2216894400	7.1	720243
8003	-2214216000	1.4	720243
8003	-2211624000	-7.2	720243
8003	-2208945600	-7.3	720243
8003	-2206267200	-13	720243
8003	-2203848000	-9.8	720243
8003	-2201169600	4.3	720243
8003	-2198577600	9.7	720243
8003	-2195899200	13.4	720243
8003	-2193307200	14.6	720243
8003	-2190628800	17.5	720243
8003	-2187950400	10	720243
8003	-2185358400	9.7	720243
8003	-2182680000	-3.7	720243
8003	-2180088000	-8.3	720243
8003	-2177409600	-11.1	720243
8003	-2174731200	-13.6	720243
8003	-2172312000	-6.8	720243
8003	-2169633600	4.6	720243
8003	-2167041600	9	720243
8003	-2164363200	15.4	720243
8003	-2161771200	18.6	720243
8003	-2159092800	17.6	720243
8003	-2156414400	11.3	720243
8003	-2153822400	7.3	720243
8003	-2151144000	-2.4	720243
8003	-2148552000	-9.8	720243
8003	-2145873600	-9.2	720243
8003	-2143195200	-10.4	720243
8003	-2140776000	-2.2	720243
8003	-2138097600	3.2	720243
8003	-2135505600	8.1	720243
8003	-2132827200	10.5	720243
8003	-2130235200	16.3	720243
8003	-2127556800	13.1	720243
8003	-2124878400	7.3	720243
8003	-2122286400	4.2	720243
8003	-2119608000	1.1	720243
8003	-2117016000	-8.4	720243
8003	-2114337600	-9.8	720243
8003	-2111659200	-9	720243
8003	-2109240000	-2.6	720243
8003	-2106561600	4.4	720243
8003	-2103969600	9.8	720243
8003	-2101291200	11.9	720243
8003	-2098699200	17	720243
8003	-2096020800	14.2	720243
8003	-2093342400	12.8	720243
8003	-2090750400	5.9	720243
8003	-2088072000	-3.3	720243
8003	-2085480000	-10.5	720243
8003	-2082801600	-14.7	720243
8003	-2080123200	-18.6	720243
8003	-2077617600	-8.4	720243
8003	-2074939200	-1.2	720243
8003	-2072347200	7.5	720243
8003	-2069668800	14.9	720243
8003	-2067076800	15	720243
8003	-2064398400	14.4	720243
8003	-2061720000	10.6	720243
8003	-2059128000	4.1	720243
8003	-2056449600	-1	720243
8003	-2053857600	-8.6	720243
8003	-2051179200	-14.2	720243
8003	-2048500800	-13.5	720243
8003	-2046081600	-7.6	720243
8003	-2043403200	1.6	720243
8003	-2040811200	6.9	720243
8003	-2038132800	12.2	720243
8003	-2035540800	14.1	720243
8003	-2032862400	16.8	720243
8003	-2030184000	11.6	720243
8003	-2027592000	5.4	720243
8003	-2024913600	-2.4	720243
8003	-2022321600	-6.2	720243
8003	-2019643200	-6.8	720243
8003	-2016964800	-10.5	720243
8003	-2014545600	-10.4	720243
8003	-2011867200	2.5	720243
8003	-2009275200	7.3	720243
8003	-2006596800	16.3	720243
8003	-2004004800	17.5	720243
8003	-2001326400	18.2	720243
8003	-1998648000	13.6	720243
8003	-1996056000	5.1	720243
8003	-1993377600	-1.3	720243
8003	-1990785600	-8.9	720243
8003	-1988107200	-12.7	720243
8003	-1985428800	-12.6	720243
8003	-1983009600	-5	720243
8003	-1980331200	-2.6	720243
8003	-1977739200	3.3	720243
8003	-1975060800	14.2	720243
8003	-1972468800	16.3	720243
8003	-1969790400	14.3	720243
8003	-1967112000	15	720243
8003	-1964520000	3.7	720243
8003	-1961841600	-2.7	720243
8003	-1959249600	-7.4	720243
8003	-1956571200	-7.7	720243
8003	-1953892800	-10.1	720243
8003	-1951387200	-9.3	720243
8003	-1948708800	2.3	720243
8003	-1946116800	11.1	720243
8003	-1943438400	12.7	720243
8003	-1940846400	18.3	720243
8003	-1938168000	16	720243
8003	-1935489600	14.9	720243
8003	-1932897600	7.4	720243
8003	-1930219200	-0.4	720243
8003	-1927627200	-8.3	720243
8003	-1924948800	-9.5	720243
8003	-1922270400	-10.3	720243
8003	-1919851200	-7.1	720243
8003	-1917172800	-1	720243
8003	-1914580800	5.7	720243
8003	-1911902400	14.4	720243
8003	-1909310400	17.2	720243
8003	-1906632000	16.8	720243
8003	-1903953600	9.5	720243
8003	-1901361600	4.5	720243
8003	-1898683200	1.6	720243
8003	-1896091200	-7.6	720243
8003	-1893412800	-10.5	720243
8003	-1890734400	-12.2	720243
8003	-1888315200	0.1	720243
8003	-1885636800	4.6	720243
8003	-1883044800	5.7	720243
8003	-1880366400	15.7	720243
8003	-1877774400	17.9	720243
8003	-1875096000	15.3	720243
8003	-1872417600	10.6	720243
8003	-1869825600	6.8	720243
8003	-1867147200	-2.7	720243
8003	-1864555200	-9.3	720243
8003	-1861876800	-10.6	720243
8003	-1859198400	-8.9	720243
8003	-1856779200	-5.7	720243
8003	-1854100800	2	720243
8003	-1851508800	10.9	720243
8003	-1848830400	15.4	720243
8003	-1846238400	17.9	720243
8003	-1843560000	15	720243
8003	-1840881600	10.5	720243
8003	-1838289600	4.1	720243
8003	-1835611200	-4.3	720243
8003	-1833019200	-4.6	720243
8003	-1830340800	-18.9	720243
8003	-1827662400	-14	720243
8003	-1825156800	-9.4	720243
8003	-1822478400	1.3	720243
8003	-1819886400	8.5	720243
8003	-1817208000	12.7	720243
8003	-1814616000	16.3	720243
8003	-1811937600	12.7	720243
8003	-1809259200	12.4	720243
8003	-1806667200	6.7	720243
8003	-1803988800	-1.3	720243
8003	-1801396800	-6.2	720243
8003	-1798718400	-9.3	720243
8003	-1796040000	-14.7	720243
8003	-1793620800	-7.9	720243
8003	-1790942400	2.9	720243
8003	-1788350400	7.3	720243
8003	-1785672000	15.3	720243
8003	-1783080000	15.7	720243
8003	-1780401600	16.4	720243
8003	-1777723200	11.4	720243
8003	-1775131200	5.8	720243
8003	-1772452800	0.5	720243
8003	-1769860800	-4.1	720243
8003	-1767182400	-9.3	720243
8003	-1764504000	-14.6	720243
8003	-1762084800	-6.5	720243
8003	-1759406400	0.4	720243
8003	-1756814400	10.6	720243
8003	-1754136000	13.4	720243
8003	-1751544000	18	720243
8003	-1748865600	16.1	720243
8003	-1746187200	12.5	720243
8003	-1743595200	9	720243
8003	-1740916800	-2.4	720243
8003	-1738324800	-9.8	720243
8003	-1735646400	-11.4	720243
8003	-1732968000	-8	720243
8003	-1730548800	-5.7	720243
8003	-1727870400	5.6	720243
8003	-1725278400	7.4	720243
8003	-1722600000	12	720243
8003	-1720008000	15.4	720243
8003	-1717329600	14	720243
8003	-1714651200	12.3	720243
8003	-1712059200	5.8	720243
8003	-1709380800	-0.8	720243
8003	-1706788800	-7.6	720243
8003	-1704110400	-10.1	720243
8003	-1701432000	-12.6	720243
8003	-1698926400	-9	720243
8003	-1696248000	1.9	720243
8003	-1693656000	7.9	720243
8003	-1690977600	12.2	720243
8003	-1688385600	20.3	720243
8003	-1685707200	17.3	720243
8003	-1683028800	10.2	720243
8003	-1680436800	4.9	720243
8003	-1677758400	-2.3	720243
8003	-1675166400	-10.3	720243
8003	-1672488000	-13.3	720243
8003	-1669809600	-16.6	720243
8003	-1667390400	-6.6	720243
8003	-1664712000	-0.8	720243
8003	-1662120000	6.1	720243
8003	-1659441600	10.9	720243
8003	-1656849600	17.5	720243
8003	-1654171200	14.2	720243
8003	-1651492800	11	720243
8003	-1648900800	0.9	720243
8003	-1646222400	-2.1	720243
8003	-1643630400	-12	720243
8003	-1640952000	-16.7	720243
8003	-1638273600	-14.2	720243
8003	-1635854400	-4.3	720243
8003	-1633176000	2.1	720243
8003	-1630584000	8.7	720243
8003	-1627905600	12.8	720243
8003	-1625313600	16.2	720243
8003	-1622635200	16	720243
8003	-1619956800	8.1	720243
8003	-1617364800	5.9	720243
8003	-1614686400	0.6	720243
8003	-1612094400	-5	720243
8003	-1609416000	-7.5	720243
8003	-1606737600	-8	720243
8003	-1604318400	-4.1	720243
8003	-1601640000	1.9	720243
8003	-1599048000	9.7	720243
8003	-1596369600	18.9	720243
8003	-1593777600	18.9	720243
8003	-1591099200	16.2	720243
8003	-1588420800	12.6	720243
8003	-1585828800	4.7	720243
8003	-1583150400	-3.9	720243
8003	-1580558400	-12.3	720243
8003	-1577880000	-15.9	720243
8003	-1575201600	-13	720243
8003	-1572696000	-5.5	720243
8003	-1570017600	-0.9	720243
8003	-1567425600	8.5	720243
8003	-1564747200	15	720243
8003	-1562155200	15	720243
8003	-1559476800	16.6	720243
8003	-1556798400	13.7	720243
8003	-1554206400	9.2	720243
8003	-1551528000	-2.4	720243
8003	-1548936000	-5.7	720243
8003	-1546257600	-8.2	720243
8003	-1543579200	-8.2	720243
8003	-1541160000	-4.3	720243
8003	-1538481600	4.7	720243
8003	-1535889600	10.2	720243
8003	-1533211200	16.8	720243
8003	-1530619200	22.3	720243
8003	-1527940800	16.3	720243
8003	-1525262400	14.9	720243
8003	-1522670400	5.6	720243
8003	-1519992000	-3.9	720243
8003	-1517400000	-7.3	720243
8003	-1514721600	-11.2	720243
8003	-1512043200	-11	720243
8003	-1509624000	-4.2	720243
8003	-1506945600	1.6	720243
8003	-1504353600	12.5	720243
8003	-1501675200	14.4	720243
8003	-1499083200	15.5	720243
8003	-1496404800	16.4	720243
8003	-1493726400	14	720243
8003	-1491134400	5	720243
8003	-1488456000	0.1	720243
8003	-1485864000	-9.5	720243
8003	-1483185600	-11.6	720243
8003	-1480507200	-14	720243
8003	-1478088000	-10.9	720243
8003	-1475409600	-0.7	720243
8003	-1472817600	8.9	720243
8003	-1470139200	16.4	720243
8003	-1467547200	17.8	720243
8003	-1464868800	13.8	720243
8003	-1462190400	11.3	720243
8003	-1459598400	5	720243
8003	-1456920000	0.2	720243
8003	-1454328000	-3.1	720243
8003	-1451649600	-14.6	720243
8003	-1448971200	-10.7	720243
8003	-1446465600	-5.1	720243
8003	-1443787200	1	720243
8003	-1441195200	5.8	720243
8003	-1438516800	13	720243
8003	-1435924800	15.4	720243
8003	-1433246400	14.7	720243
8003	-1430568000	10	720243
8003	-1427976000	8.3	720243
8003	-1425297600	-1.9	720243
8003	-1422705600	-11.6	720243
8003	-1420027200	-12	720243
8003	-1417348800	-9.9	720243
8003	-1414929600	-5.5	720243
8003	-1412251200	4.5	720243
8003	-1409659200	6	720243
8003	-1406980800	14.1	720243
8003	-1404388800	15.3	720243
8003	-1401710400	17.6	720243
8003	-1399032000	11.9	720243
8003	-1396440000	0.8	720243
8003	-1393761600	-2.3	720243
8003	-1391169600	-8	720243
8003	-1388491200	-10.2	720243
8003	-1385812800	-10.3	720243
8003	-1383393600	-9	720243
8003	-1380715200	-1.7	720243
8003	-1378123200	8.7	720243
8003	-1375444800	11.3	720243
8003	-1372852800	16.4	720243
8003	-1370174400	15.6	720243
8003	-1367496000	10	720243
8003	-1364904000	3.7	720243
8003	-1362225600	-4.2	720243
8003	-1359633600	-9.6	720243
8003	-1356955200	-11.7	720243
8003	-1354276800	-8.9	720243
8003	-1351857600	-2.5	720243
8003	-1349179200	2.9	720243
8003	-1346587200	6.8	720243
8003	-1343908800	12.2	720243
8003	-1341316800	15.8	720243
8003	-1338638400	13.8	720243
8003	-1335960000	13.3	720243
8003	-1333368000	6.9	720243
8003	-1330689600	-2.3	720243
8003	-1328097600	-8.9	720243
8003	-1325419200	-9.3	720243
8003	-1322740800	-11.6	720243
8003	-1320235200	-6.8	720243
8003	-1317556800	-1.2	720243
8003	-1314964800	8.1	720243
8003	-1312286400	12.4	720243
8003	-1309694400	16.8	720243
8003	-1307016000	16.2	720243
8003	-1304337600	9.6	720243
8003	-1301745600	6	720243
8003	-1299067200	-0.9	720243
8003	-1296475200	-4.9	720243
8003	-1293796800	-14.1	720243
8003	-1291118400	-13.1	720243
8003	-1288699200	-3.9	720243
8003	-1286020800	2.4	720243
8003	-1283428800	6.5	720243
8003	-1280750400	11.9	720243
8003	-1278158400	16.2	720243
8003	-1275480000	14.5	720243
8003	-1272801600	11.5	720243
8003	-1270209600	5.1	720243
8003	-1267531200	-3.1	720243
8003	-1264939200	-10.5	720243
8003	-1262260800	-13.1	720243
8003	-1259582400	-9.4	720243
8003	-1257163200	-6.5	720243
8003	-1254484800	1.4	720243
8003	-1251892800	9.9	720243
8003	-1249214400	15	720243
8003	-1246622400	16.5	720243
8003	-1243944000	17.5	720243
8003	-1241265600	12.4	720243
8003	-1238673600	5.2	720243
8003	-1235995200	0.1	720243
8003	-1233403200	-6.9	720243
8003	-1230724800	-8.4	720243
8003	-1228046400	-6.7	720243
8003	-1225627200	-4.5	720243
8003	-1222948800	2.5	720243
8003	-1220356800	8.4	720243
8003	-1217678400	15.8	720243
8003	-1215086400	18.8	720243
8003	-1212408000	16.6	720243
8003	-1209729600	14.9	720243
8003	-1207137600	9	720243
8003	-1204459200	2.6	720243
8003	-1201867200	-3.6	720243
8003	-1199188800	-5	720243
8003	-1196510400	-7.9	720243
8003	-1194004800	-7.3	720243
8003	-1191326400	1.5	720243
8003	-1188734400	8.9	720243
8003	-1186056000	16	720243
8003	-1183464000	16.3	720243
8003	-1180785600	17.4	720243
8003	-1178107200	12.8	720243
8003	-1175515200	4.9	720243
8003	-1172836800	-2.8	720243
8003	-1170244800	-7.4	720243
8003	-1167566400	-6.9	720243
8003	-1164888000	-11.1	720243
8003	-1162468800	-6.1	720243
8003	-1159790400	2.1	720243
8003	-1157198400	9.8	720243
8003	-1154520000	17.3	720243
8003	-1151928000	18.1	720243
8003	-1149249600	14.9	720243
8003	-1146571200	12.5	720243
8003	-1143979200	3.2	720243
8003	-1141300800	-5.6	720243
8003	-1138708800	-10.8	720243
8003	-1136030400	-8.1	720243
8003	-1133352000	-15.7	720243
8003	-1130932800	-8.8	720243
8003	-1128254400	-0.2	720243
8003	-1125662400	10.2	720243
8003	-1122984000	14.8	720243
8003	-1120392000	17	720243
8003	-1117713600	13.9	720243
8003	-1115035200	11.2	720243
8003	-1112443200	5.8	720243
8003	-1109764800	0.8	720243
8003	-1107172800	-8.7	720243
8003	-1104494400	-11	720243
8003	-1101816000	-9.9	720243
8003	-1099396800	-4.4	720243
8003	-1096718400	2.9	720243
8003	-1094126400	6.8	720243
8003	-1091448000	12.3	720243
8003	-1088856000	19.2	720243
8003	-1086177600	16.9	720243
8003	-1083499200	10.4	720243
8003	-1080907200	5.5	720243
8003	-1078228800	-2.5	720243
8003	-1075636800	-8	720243
8003	-1072958400	-11.3	720243
8003	-1070280000	-15.8	720243
8003	-1067774400	-4.8	720243
8003	-1065096000	-1.1	720243
8003	-1062504000	9.9	720243
8003	-1059825600	12.8	720243
8003	-1057233600	19.9	720243
8003	-1054555200	16	720243
8003	-1051876800	12.3	720243
8003	-1049284800	3.8	720243
8003	-1046606400	-4.6	720243
8003	-1044014400	-4.9	720243
8003	-1041336000	-10	720243
8003	-1038657600	-8.7	720243
8003	-1036238400	-7.6	720243
8003	-1033560000	1.8	720243
8003	-1030968000	10.1	720243
8003	-1028289600	14.9	720243
8003	-1025697600	18.3	720243
8003	-1023019200	19	720243
8003	-1020340800	11.6	720243
8003	-1017748800	4.1	720243
8003	-1015070400	-1.7	720243
8003	-1012478400	-8.8	720243
8003	-1009800000	-11.6	720243
8003	-1007121600	-9.6	720243
8003	-1004702400	-3.3	720243
8003	-1002024000	2.4	720243
8003	-999432000	9.7	720243
8003	-996753600	13.6	720243
8003	-994161600	17.5	720243
8003	-991483200	18.2	720243
8003	-988804800	11.2	720243
8003	-986212800	7.9	720243
8003	-983534400	0.3	720243
8003	-980942400	-6.5	720243
8003	-978264000	-8.7	720243
8003	-975585600	-12.6	720243
8003	-973166400	-7.1	720243
8003	-970488000	0.6	720243
8003	-967896000	9.7	720243
8003	-965217600	14.9	720243
8003	-962625600	18.8	720243
8003	-959947200	17.4	720243
8003	-957268800	11.8	720243
8003	-954676800	4.5	720243
8003	-951998400	-0.9	720243
8003	-949406400	-4.1	720243
8003	-946728000	-11.1	720243
8003	-944049600	-8.4	720243
8003	-941544000	-7.5	720243
8003	-938865600	1.1	720243
8003	-936273600	7.5	720243
8003	-933595200	12	720243
8003	-931003200	17.2	720243
8003	-928324800	16	720243
8003	-925646400	12.5	720243
8003	-923054400	5.3	720243
8003	-920376000	-2.7	720243
8003	-917784000	-6.2	720243
8003	-915105600	-9.6	720243
8003	-912427200	-8.3	720243
8003	-910008000	-6.4	720243
8003	-907329600	5.6	720243
8003	-904737600	10.3	720243
8003	-902059200	16.3	720243
8003	-899467200	18	720243
8003	-896788800	16.1	720243
8003	-894110400	12.7	720243
8003	-891518400	6.4	720243
8003	-888840000	0.2	720243
8003	-886248000	-4.8	720243
8003	-883569600	-9.6	720243
8003	-880891200	-9.3	720243
8003	-878472000	-2.7	720243
8003	-875793600	6.3	720243
8003	-873201600	8.7	720243
8003	-870523200	15.4	720243
8003	-867931200	16.8	720243
8003	-865252800	17	720243
8003	-862574400	11.4	720243
8003	-859982400	7	720243
8003	-857304000	-1.2	720243
8003	-854712000	-8.9	720243
8003	-852033600	-11.8	720243
8003	-849355200	-9.6	720243
8003	-846936000	-9	720243
8003	-844257600	-0.1	720243
8003	-841665600	8.8	720243
8003	-838987200	14.8	720243
8003	-836395200	18.5	720243
8003	-833716800	16.3	720243
8003	-831038400	10.6	720243
8003	-828446400	5.9	720243
8003	-825768000	-2.2	720243
8003	-823176000	-7.7	720243
8003	-820497600	-5.2	720243
8003	-817819200	-8.7	720243
8003	-815313600	-7.2	720243
8003	-812635200	1.2	720243
8003	-810043200	11.5	720243
8003	-807364800	14.6	720243
8003	-804772800	17.6	720243
8003	-802094400	17.5	720243
8003	-799416000	12.1	720243
8003	-796824000	6	720243
8003	-794145600	0.3	720243
8003	-791553600	-8	720243
8003	-788875200	-13.3	720243
8003	-786196800	-8.9	720243
8003	-783777600	1.3	720243
8003	-781099200	2.9	720243
8003	-778507200	6.1	720243
8003	-775828800	13.3	720243
8003	-773236800	16	720243
8003	-770558400	16.6	720243
8003	-767880000	12	720243
8003	-765288000	5	720243
8003	-762609600	-1.5	720243
8003	-760017600	-8.7	720243
8003	-757339200	-8.7	720243
8003	-754660800	-10.8	720243
8003	-752241600	1.4	720243
8003	-749563200	2.7	720243
8003	-746971200	7.9	720243
8003	-744292800	13.5	720243
8003	-741700800	17	720243
8003	-739022400	15.4	720243
8003	-736344000	12.4	720243
8003	-733752000	8	720243
8003	-731073600	-0.1	720243
8003	-728481600	-7.1	720243
8003	-725803200	-8.4	720243
8003	-723124800	-9.9	720243
8003	-720705600	-5.1	720243
8003	-718027200	0.3	720243
8003	-715435200	5.3	720243
8003	-712756800	12.6	720243
8003	-710164800	16.8	720243
8003	-707486400	19.7	720243
8003	-704808000	12	720243
8003	-702216000	10.7	720243
8003	-699537600	-2.4	720243
8003	-696945600	-7.4	720243
8003	-694267200	-12.9	720243
8003	-691588800	-11	720243
8003	-689083200	-6.5	720243
8003	-686404800	3.7	720243
8003	-683812800	8	720243
8003	-681134400	13.7	720243
8003	-678542400	17.9	720243
8003	-675864000	16.9	720243
8003	-673185600	14.2	720243
8003	-670593600	6.1	720243
8003	-667915200	1.3	720243
8003	-665323200	-6	720243
8003	-662644800	-8	720243
8003	-659966400	-8.2	720243
8003	-657547200	-5.4	720243
8003	-654868800	3.8	720243
8003	-652276800	9.3	720243
8003	-649598400	16.1	720243
8003	-647006400	17.9	720243
8003	-644328000	17.6	720243
8003	-641649600	10.9	720243
8003	-639057600	8.2	720243
8003	-636379200	-1.6	720243
8003	-633787200	-6.1	720243
8003	-631108800	-9.9	720243
8003	-628430400	-10.3	720243
8003	-626011200	-7.6	720243
8003	-623332800	-2.4	720243
8003	-620740800	8.2	720243
8003	-618062400	13.2	720243
8003	-615470400	15.7	720243
8003	-612792000	13.4	720243
8003	-610113600	11.3	720243
8003	-607521600	7.5	720243
8003	-604843200	-2.7	720243
8003	-602251200	-8	720243
8003	-599572800	-9.6	720243
8003	-596894400	-8.5	720243
8003	-594475200	-4.8	720243
8003	-591796800	3.3	720243
8003	-589204800	10.7	720243
8003	-586526400	13	720243
8003	-583934400	16.2	720243
8003	-581256000	14.1	720243
8003	-578577600	10.6	720243
8003	-575985600	6	720243
8003	-573307200	-3.8	720243
8003	-570715200	-8	720243
8003	-568036800	-8	720243
8003	-565358400	-6.9	720243
8003	-562852800	-5.1	720243
8003	-560174400	5.3	720243
8003	-557582400	8.9	720243
8003	-554904000	14.2	720243
8003	-552312000	17.9	720243
8003	-549633600	16.1	720243
8003	-546955200	12.7	720243
8003	-544363200	3.4	720243
8003	-541684800	0.5	720243
8003	-539092800	-3.6	720243
8003	-536414400	-7.7	720243
8003	-533736000	-7.3	720243
8003	-531316800	-3.1	720243
8003	-528638400	1.6	720243
8003	-526046400	9.1	720243
8003	-523368000	14.6	720243
8003	-520776000	17.3	720243
8003	-518097600	18.1	720243
8003	-515419200	12.2	720243
8003	-512827200	8.4	720243
8003	-510148800	2.4	720243
8003	-507556800	-4	720243
8003	-504878400	-11.5	720243
8003	-502200000	-4.1	720243
8003	-499780800	-6.3	720243
8003	-497102400	2.2	720243
8003	-494510400	6.1	720243
8003	-491832000	15.6	720243
8003	-489240000	16.5	720243
8003	-486561600	15.7	720243
8003	-483883200	10.7	720243
8003	-481291200	5.9	720243
8003	-478612800	1.1	720243
8003	-476020800	-6.2	720243
8003	-473342400	-8.3	720243
8003	-470664000	-8.8	720243
8003	-468244800	-6.8	720243
8003	-465566400	6.4	720243
8003	-462974400	10.6	720243
8003	-460296000	16.1	720243
8003	-457704000	20.8	720243
8003	-455025600	19.3	720243
8003	-452347200	11.1	720243
8003	-449755200	7.6	720243
8003	-447076800	-3	720243
8003	-444484800	-8.6	720243
8003	-441806400	-8.2	720243
8003	-439128000	-8.1	720243
8003	-436622400	-6.8	720243
8003	-433944000	0.6	720243
8003	-431352000	6.3	720243
8003	-428673600	15.1	720243
8003	-426081600	14.9	720243
8003	-423403200	15.6	720243
8003	-420724800	9.2	720243
8003	-418132800	8.6	720243
8003	-415454400	-0.3	720243
8003	-412862400	-6.4	720243
8003	-410184000	-13	720243
8003	-407505600	-9.1	720243
8003	-405086400	-4.9	720243
8003	-402408000	2.7	720243
8003	-399816000	8.2	720243
8003	-397137600	13.5	720243
8003	-394545600	17.5	720243
8003	-391867200	15.3	720243
8003	-389188800	11	720243
8003	-386596800	6.3	720243
8003	-383918400	-0.6	720243
8003	-381326400	-5.6	720243
8003	-378648000	-8	720243
8003	-375969600	-11.6	720243
8003	-373550400	-2.1	720243
8003	-370872000	4	720243
8003	-368280000	6.8	720243
8003	-365601600	11	720243
8003	-363009600	15.7	720243
8003	-360331200	16.1	720243
8003	-357652800	12.1	720243
8003	-355060800	6.9	720243
8003	-352382400	0.3	720243
8003	-349790400	-10.6	720243
8003	-347112000	-12.2	720243
8003	-344433600	-12.5	720243
8003	-342014400	-5.8	720243
8003	-339336000	1.7	720243
8003	-336744000	10	720243
8003	-334065600	15.1	720243
8003	-331473600	17.3	720243
8003	-328795200	18.7	720243
8003	-326116800	13.3	720243
8003	-323524800	4.2	720243
8003	-320846400	-4.8	720243
8003	-318254400	-4.5	720243
8003	-315576000	-8	720243
8003	-312897600	-8.1	720243
8003	-310392000	-7.9	720243
8003	-307713600	2.7	720243
8003	-305121600	10.1	720243
8003	-302443200	13.4	720243
8003	-299851200	15.8	720243
8003	-297172800	17.4	720243
8003	-294494400	12.7	720243
8003	-291902400	6.7	720243
8003	-289224000	1.3	720243
8003	-286632000	-8.6	720243
8003	-283953600	-11.3	720243
8003	-281275200	-7.1	720243
8003	-278856000	-3.5	720243
8003	-276177600	2.3	720243
8003	-273585600	7.7	720243
8003	-270907200	12.9	720243
8003	-268315200	17.3	720243
8003	-265636800	16.9	720243
8003	-262958400	13.9	720243
8003	-260366400	7.3	720243
8003	-257688000	0	720243
8003	-255096000	-7.1	720243
8003	-252417600	-12.3	720243
8003	-249739200	-12.7	720243
8003	-247320000	-3.2	720243
8003	-244641600	2	720243
8003	-242049600	11.1	720243
8003	-239371200	13.9	720243
8003	-236779200	15.8	720243
8003	-234100800	15.9	720243
8003	-231422400	10.4	720243
8003	-228830400	7.2	720243
8003	-226152000	0.2	720243
8003	-223560000	-7.4	720243
8003	-220881600	-14.3	720243
8003	-218203200	-14.2	720243
8003	-215784000	-5.3	720243
8003	-213105600	3.3	720243
8003	-210513600	7.7	720243
8003	-207835200	15.6	720243
8003	-205243200	17.6	720243
8003	-202564800	15	720243
8003	-199886400	10.9	720243
8003	-197294400	11	720243
8003	-194616000	1.7	720243
8003	-192024000	-9.8	720243
8003	-189345600	-6.7	720243
8003	-186667200	-8.1	720243
8003	-184161600	-5.1	720243
8003	-181483200	3.3	720243
8003	-178891200	11.3	720243
8003	-176212800	13.6	720243
8003	-173620800	18.2	720243
8003	-170942400	14.2	720243
8003	-168264000	11.3	720243
8003	-165672000	6	720243
8003	-162993600	0.8	720243
8003	-160401600	-8.7	720243
8003	-157723200	-11.3	720243
8003	-155044800	-10.3	720243
8003	-152625600	-6.3	720243
8003	-149947200	1.6	720243
8003	-147355200	10.5	720243
8003	-144676800	13.2	720243
8003	-142084800	14.6	720243
8003	-139406400	14.6	720243
8003	-136728000	10.3	720243
8003	-134136000	5.4	720243
8003	-131457600	-1.1	720243
8003	-128865600	-4	720243
8003	-126187200	-11.3	720243
8003	-123508800	-7.6	720243
8003	-121089600	-2.9	720243
8003	-118411200	2.2	720243
8003	-115819200	6	720243
8003	-113140800	15.4	720243
8003	-110548800	18.8	720243
8003	-107870400	16	720243
8003	-105192000	11.8	720243
8003	-102600000	5.7	720243
8003	-99921600	-2	720243
8003	-97329600	-7.1	720243
8003	-94651200	-8	720243
8003	-91972800	-12.6	720243
8003	-89553600	-4.9	720243
8003	-86875200	2.2	720243
8003	-84283200	6.4	720243
8003	-81604800	15.5	720243
8003	-79012800	15.6	720243
8003	-76334400	14.8	720243
8003	-73656000	13	720243
8003	-71064000	5.5	720243
8003	-68385600	-2.6	720243
8003	-65793600	-6.3	720243
8003	-63115200	-11.2	720243
8003	-60436800	-11.4	720243
8003	-57931200	-2.3	720243
8003	-55252800	4.6	720243
8003	-52660800	8.9	720243
8003	-49982400	13.3	720243
8003	-47390400	16.4	720243
8003	-44712000	16	720243
8003	-42033600	14.4	720243
8003	-39441600	8	720243
8003	-36763200	-1	720243
8003	-34171200	-6.9	720243
8003	-31492800	-8.3	720243
8003	-28814400	-6.8	720243
8003	-26395200	-5.4	720243
8003	-23716800	3.1	720243
8003	-21124800	8.3	720243
8003	-18446400	11.3	720243
8003	-15854400	17.2	720243
8003	-13176000	19	720243
8003	-10497600	12.6	720243
8003	-7905600	5	720243
8003	-5227200	-0.5	720243
8003	-2635200	-6.6	720243
8003	43200	-11.4	720243
8003	2721600	-10.8	720243
8003	5140800	-5.8	720243
8003	7819200	3.3	720243
8003	10411200	7.6	720243
8003	13089600	14.7	720243
8003	15681600	18	720243
8003	18360000	16.8	720243
8003	21038400	11.8	720243
8003	23630400	7.7	720243
8003	26308800	-0.3	720243
8003	28900800	-7.7	720243
8003	31579200	-11.2	720243
8003	34257600	-9.6	720243
8003	36676800	-5.4	720243
8003	39355200	1.8	720243
8003	41947200	7.6	720243
8003	44625600	15.4	720243
8003	47217600	15.4	720243
8003	49896000	15	720243
8003	52574400	13.5	720243
8003	55166400	10.2	720243
8003	57844800	-0.9	720243
8003	60436800	-5.6	720243
8003	63115200	-11.3	720243
8003	65793600	-11.4	720243
8003	68299200	-7.6	720243
8003	70977600	0.2	720243
8003	73569600	11.5	720243
8003	76248000	12.6	720243
8003	78840000	16.2	720243
8003	81518400	15.3	720243
8003	84196800	10.6	720243
8003	86788800	3.7	720243
8003	89467200	-1.6	720243
8003	92059200	-8.9	720243
8003	94737600	-7.6	720243
8003	97416000	-9.8	720243
8003	99835200	0.6	720243
8003	102513600	3.4	720243
8003	105105600	7.3	720243
8003	107784000	14.3	720243
8003	110376000	17.1	720243
8003	113054400	18.6	720243
8003	115732800	11.9	720243
8003	118324800	9.3	720243
8003	121003200	-0.7	720243
8003	123595200	-7.6	720243
8003	126273600	-10.7	720243
8003	128952000	-11.4	720243
8003	131371200	-6	720243
8003	134049600	2.5	720243
8003	136641600	7.2	720243
8003	139320000	13.6	720243
8003	141912000	17.5	720243
8003	144590400	16.3	720243
8003	147268800	9.2	720243
8003	149860800	4.8	720243
8003	152539200	0.2	720243
8003	155131200	-4.6	720243
8003	157809600	-8.4	720243
8003	160488000	-7.4	720243
8003	162907200	-5.8	720243
8003	165585600	0.6	720243
8003	168177600	12.6	720243
8003	170856000	15.4	720243
8003	173448000	18.6	720243
8003	176126400	16.6	720243
8003	178804800	9.9	720243
8003	181396800	7.4	720243
8003	184075200	1.5	720243
8003	186667200	-7.5	720243
8003	189345600	-11.9	720243
8003	192024000	-7.1	720243
8003	194529600	-4.5	720243
8003	197208000	4.4	720243
8003	199800000	8.3	720243
8003	202478400	16.9	720243
8003	205070400	17.5	720243
8003	207748800	17.4	720243
8003	210427200	11.4	720243
8003	213019200	4	720243
8003	215697600	-3.9	720243
8003	218289600	-11.5	720243
8003	220968000	-13.6	720243
8003	223646400	-9.7	720243
8003	226065600	-1.6	720243
8003	228744000	4.2	720243
8003	231336000	13.5	720243
8003	234014400	13.3	720243
8003	236606400	17.9	720243
8003	239284800	14.5	720243
8003	241963200	11.8	720243
8003	244555200	6	720243
8003	247233600	0.1	720243
8003	249825600	-7.3	720243
8003	252504000	-11.1	720243
8003	255182400	-10.6	720243
8003	257601600	-5.1	720243
8003	260280000	0.9	720243
8003	262872000	11.8	720243
8003	265550400	13.3	720243
8003	268142400	16.1	720243
8003	270820800	16.7	720243
8003	273499200	12.3	720243
8003	276091200	5.7	720243
8003	278769600	-1.1	720243
8003	281361600	-8.6	720243
8003	284040000	-12.9	720243
8003	286718400	-13.6	720243
8003	289137600	-3.6	720243
8003	291816000	1.7	720243
8003	294408000	7.7	720243
8003	297086400	13.6	720243
8003	299678400	17.5	720243
8003	302356800	15.1	720243
8003	305035200	12	720243
8003	307627200	4.4	720243
8003	310305600	-0.9	720243
8003	312897600	-4.5	720243
8003	315576000	-9.4	720243
8003	318254400	-10.7	720243
8003	320760000	-5.6	720243
8003	323438400	4.3	720243
8003	326030400	12.1	720243
8003	328708800	12.4	720243
8003	331300800	17.1	720243
8003	333979200	17.4	720243
8003	336657600	10.8	720243
8003	339249600	3.4	720243
8003	341928000	-1.1	720243
8003	344520000	-9.8	720243
8003	347198400	-11	720243
8003	349876800	-7	720243
8003	352296000	-2.4	720243
8003	354974400	3	720243
8003	357566400	8.7	720243
8003	360244800	13.8	720243
8003	362836800	17.8	720243
8003	365515200	17.2	720243
8003	368193600	10.3	720243
8003	370785600	4	720243
8003	373464000	0.9	720243
8003	376056000	-5.5	720243
8003	378734400	-14	720243
8003	381412800	-10.5	720243
8003	383832000	-5.3	720243
8003	386510400	0	720243
8003	389102400	12.6	720243
8003	391780800	11.4	720243
8003	394372800	17.5	720243
8003	397051200	14	720243
8003	399729600	11.6	720243
8003	402321600	7.7	720243
8003	4.05e+08	-0.8	720243
8003	407592000	-4	720243
8003	410270400	-7.6	720243
8003	412948800	-5.9	720243
8003	415368000	-3.3	720243
8003	418046400	1.3	720243
8003	420638400	6.3	720243
8003	423316800	15.2	720243
8003	425908800	20.1	720243
8003	428587200	18.9	720243
8003	431265600	13.2	720243
8003	433857600	5.7	720243
8003	436536000	-0.2	720243
8003	439128000	-11.7	720243
8003	441806400	-12.3	720243
8003	444484800	-4	720243
8003	446990400	-7.3	720243
8003	449668800	5.3	720243
8003	452260800	7.5	720243
8003	454939200	14.6	720243
8003	457531200	16.7	720243
8003	460209600	17.4	720243
8003	462888000	10.7	720243
8003	465480000	7.5	720243
8003	468158400	-0.5	720243
8003	470750400	-6.4	720243
8003	473428800	-11.4	720243
8003	476107200	-10.9	720243
8003	478526400	-3.7	720243
8003	481204800	3.4	720243
8003	483796800	9.9	720243
8003	486475200	11.9	720243
8003	489067200	15.6	720243
8003	491745600	15.7	720243
8003	494424000	12.9	720243
8003	497016000	6.3	720243
8003	499694400	-1.6	720243
8003	502286400	-10.7	720243
8003	504964800	-10	720243
8003	507643200	-9.7	720243
8003	510062400	-3.7	720243
8003	512740800	5.6	720243
8003	515332800	11.7	720243
8003	518011200	12.6	720243
8003	520603200	17.9	720243
8003	523281600	15.1	720243
8003	525960000	11.9	720243
8003	528552000	6	720243
8003	531230400	-1.9	720243
8003	533822400	-4.7	720243
8003	536500800	-7.3	720243
8003	539179200	-5.9	720243
8003	541598400	-1.9	720243
8003	544276800	6.2	720243
8003	546868800	10.9	720243
8003	549547200	15.8	720243
8003	552139200	18.5	720243
8003	554817600	16.2	720243
8003	557496000	13.3	720243
8003	560088000	4.6	720243
8003	562766400	0.3	720243
8003	565358400	-4.1	720243
8003	568036800	-10.9	720243
8003	570715200	-11.3	720243
8003	573220800	-4.9	720243
8003	575899200	3.1	720243
8003	578491200	11	720243
8003	581169600	15.3	720243
8003	583761600	19	720243
8003	586440000	17.8	720243
8003	589118400	12.1	720243
8003	591710400	3.7	720243
8003	594388800	1.3	720243
8003	596980800	-8.3	720243
8003	599659200	-7.1	720243
8003	602337600	-11.9	720243
8003	604756800	-7.3	720243
8003	607435200	1.9	720243
8003	610027200	10.2	720243
8003	612705600	13.5	720243
8003	615297600	18.5	720243
8003	617976000	16.7	720243
8003	620654400	12.4	720243
8003	623246400	6.2	720243
8003	625924800	-3.3	720243
8003	628516800	-13.5	720243
8003	631195200	-5.5	720243
8003	633873600	-8	720243
8003	636292800	-3.7	720243
8003	638971200	4.5	720243
8003	641563200	8.2	720243
8003	644241600	13.7	720243
8003	646833600	16.7	720243
8003	649512000	16.5	720243
8003	652190400	12	720243
8003	654782400	5	720243
8003	657460800	1.4	720243
8003	660052800	-6.8	720243
8003	662731200	-11.3	720243
8003	665409600	-7.1	720243
8003	667828800	-3.1	720243
8003	670507200	4.8	720243
8003	673099200	12.6	720243
8003	675777600	16.5	720243
8003	678369600	17.6	720243
8003	681048000	18.1	720243
8003	683726400	11.2	720243
8003	686318400	5.4	720243
8003	688996800	-1.7	720243
8003	691588800	-6.2	720243
8003	694267200	-8.3	720243
8003	696945600	-7.7	720243
8003	699451200	-5.8	720243
8003	702129600	1.3	720243
8003	704721600	9.7	720243
8003	707400000	12.8	720243
8003	709992000	13.5	720243
8003	712670400	14.8	720243
8003	715348800	11.3	720243
8003	717940800	5.3	720243
8003	720619200	-2.1	720243
8003	723211200	-5.9	720243
8003	725889600	-9.4	720243
8003	728568000	-11.6	720243
8003	730987200	-4	720243
8003	733665600	2	720243
8003	736257600	8.2	720243
8003	738936000	12.9	720243
8003	741528000	17.4	720243
8003	744206400	17.7	720243
8003	746884800	9.3	720243
8003	749476800	4.1	720243
8003	752155200	-2.1	720243
8003	754747200	-6.1	720243
8003	757425600	-16.6	720243
8003	760104000	-14.5	720243
8003	762523200	-4.2	720243
8003	765201600	2.5	720243
8003	767793600	8.8	720243
8003	770472000	15.5	720243
8003	773064000	17.2	720243
8003	775742400	15.2	720243
8003	778420800	13.5	720243
8003	781012800	7.9	720243
8003	783691200	1.7	720243
8003	786283200	-2.2	720243
8003	788961600	-7.7	720243
8003	791640000	-11.2	720243
8003	794059200	-3.2	720243
8003	796737600	0.8	720243
8003	799329600	8.9	720243
8003	802008000	17.8	720243
8003	804600000	17.2	720243
8003	807278400	19.1	720243
8003	809956800	11.1	720243
8003	812548800	7.1	720243
8003	815227200	-4.4	720243
8003	817819200	-10.1	720243
8003	820497600	-11.8	720243
8003	823176000	-11.4	720243
8003	825681600	-7.8	720243
8003	828360000	-0.8	720243
8003	830952000	7.6	720243
8003	833630400	15.9	720243
8003	836222400	15.4	720243
8003	838900800	16.7	720243
8003	841579200	13.8	720243
8003	844171200	6.4	720243
8003	846849600	-3.1	720243
8003	849441600	-7	720243
8003	852120000	-11.6	720243
8003	854798400	-8.1	720243
8003	857217600	-5.4	720243
8003	859896000	1.4	720243
8003	862488000	5.7	720243
8003	865166400	16.1	720243
8003	867758400	17.1	720243
8003	870436800	15.7	720243
8003	873115200	12.3	720243
8003	875707200	6.4	720243
8003	878385600	-1.2	720243
8003	880977600	-4	720243
8003	883656000	-9	720243
8003	886334400	-2.9	720243
8003	888753600	-2.8	720243
8003	891432000	5.3	720243
8003	894024000	13	720243
8003	896702400	14.1	720243
8003	899294400	17.4	720243
8003	901972800	18.2	720243
8003	904651200	14.6	720243
8003	907243200	7.7	720243
8003	909921600	0.9	720243
8003	912513600	-4.6	720243
8003	915192000	-11.9	720243
8003	917870400	-6.7	720243
8003	920289600	-3.6	720243
8003	922968000	5	720243
8003	925560000	11.4	720243
8003	928238400	17.2	720243
8003	930830400	19.7	720243
8003	933508800	16.4	720243
8003	936187200	13.7	720243
8003	938779200	5.2	720243
8003	941457600	2.7	720243
8003	944049600	-6.1	720243
8003	946728000	-10.5	720243
8003	949406400	-5.6	720243
8003	951912000	0.5	720243
8003	954590400	3.4	720243
8003	957182400	10.6	720243
8003	959860800	14.4	720243
8003	962452800	17.2	720243
8003	965131200	17.1	720243
8003	967809600	12.2	720243
8003	970401600	7.5	720243
8003	973080000	0.3	720243
8003	975672000	-11	720243
8003	978350400	-7.4	720243
8003	981028800	-9.6	720243
8003	983448000	-4	720243
8003	986126400	4.6	720243
8003	988718400	10.6	720243
8003	991396800	16	720243
8003	993988800	17.2	720243
8003	996667200	18.7	720243
8003	999345600	12.2	720243
8003	1001937600	6.6	720243
8003	1004616000	3.3	720243
8003	1007208000	-2.7	720243
8003	1009886400	-6	720243
8003	1012564800	-6.4	720243
8003	1014984000	-5.9	720243
8003	1017662400	2.2	720243
8003	1020254400	6.4	720243
8003	1022932800	15.6	720243
8003	1025524800	19.2	720243
8003	1028203200	17.4	720243
8003	1030881600	15.7	720243
8003	1033473600	4.2	720243
8003	1036152000	-2.2	720243
8003	1038744000	-4.6	720243
8003	1041422400	-11.1	720243
8003	1044100800	-12.4	720243
8003	1046520000	-5.6	720243
8003	1049198400	2.1	720243
8003	1051790400	10	720243
8003	1054468800	14.6	720243
8003	1057060800	17.7	720243
8003	1059739200	18.4	720243
8003	1062417600	13.6	720243
8003	1065009600	6	720243
8003	1067688000	0	720243
8003	1070280000	-3.7	720243
8003	1072958400	-13.4	720243
8003	1075636800	-6.8	720243
8003	1078142400	-2.7	720243
8003	1080820800	2.3	720243
8003	1083412800	7.8	720243
8003	1086091200	13.5	720243
8003	1088683200	16.8	720243
8003	1091361600	15	720243
8003	1094040000	15.7	720243
8003	1096632000	7.2	720243
8003	1099310400	1.1	720243
8003	1101902400	-7.5	720243
8003	1104580800	-11.3	720243
8003	1107259200	-7.1	720243
8003	1109678400	-5.4	720243
8003	1112356800	6.2	720243
8003	1114948800	8.7	720243
8003	1117627200	18.2	720243
8003	1120219200	19.4	720243
8003	1122897600	18.1	720243
8003	1125576000	15.2	720243
8003	1128168000	8.5	720243
8003	1130846400	0.2	720243
8003	1133438400	-6.9	720243
8003	1136116800	-4.8	720243
8003	1138795200	-9.2	720243
8003	1141214400	-2.9	720243
8003	1143892800	6	720243
8003	1146484800	10.5	720243
8003	1149163200	14.6	720243
8003	1151755200	19.5	720243
8003	1154433600	17.6	720243
8003	1157112000	11.8	720243
8003	1159704000	5.3	720243
8003	1162382400	1.3	720243
8003	1164974400	-3.4	720243
8003	1167652800	-7.3	720243
8003	1170331200	-12.2	720243
8003	1172750400	-2.7	720243
8003	1175428800	2.3	720243
8003	1178020800	11.3	720243
8003	1180699200	17	720243
8003	1183291200	17.9	720243
8003	1185969600	18.1	720243
8003	1188648000	14	720243
8003	1191240000	10	720243
8003	1193918400	-0.6	720243
8003	1196510400	-6.9	720243
8003	1199188800	-7.9	720243
8003	1201867200	-10.2	720243
8003	1204372800	-7	720243
8003	1207051200	4.6	720243
8003	1209643200	7.2	720243
8003	1212321600	15.3	720243
8003	1214913600	17.7	720243
8003	1217592000	17.2	720243
8003	1220270400	13.1	720243
8003	1222862400	6.1	720243
8003	1225540800	-0.1	720243
8003	1228132800	-9.4	720243
8003	1230811200	-12.9	720243
8003	1233489600	-8.6	720243
8003	1235908800	-4.3	720243
8003	1238587200	3.3	720243
8003	1241179200	8.1	720243
8003	1243857600	14	720243
8003	1246449600	14.9	720243
8003	1249128000	16.3	720243
8003	1251806400	14.3	720243
8003	1254398400	4.6	720243
8003	1257076800	2.7	720243
8003	1259668800	-7.1	720243
8003	1262347200	-8.2	720243
8003	1265025600	-7.7	720243
8003	1267444800	1.2	720243
8003	1270123200	6.8	720243
8003	1272715200	12.3	720243
8003	1275393600	14.9	720243
8003	1277985600	19.4	720243
8003	1280664000	19.2	720243
8003	1283342400	11.5	720243
8003	1285934400	7	720243
8003	1288612800	1	720243
8003	1291204800	-6.9	720243
8003	1293883200	-10.7	720243
8003	1296561600	-8.3	720243
8003	1298980800	-4.9	720243
8003	1301659200	2.5	720243
8003	1304251200	10.3	720243
8003	1306929600	15	720243
8003	1309521600	19.7	720243
8003	1312200000	18.2	720243
8003	1314878400	12.8	720243
8003	1317470400	8	720243
8003	1320148800	1.9	720243
8003	1322740800	-4.3	720243
8003	1325419200	-6.8	720243
8003	1328097600	-4.8	720243
8003	1330603200	2.8	720243
8003	1333281600	3.8	720243
8003	1335873600	11.8	720243
8003	1338552000	16.7	720243
8003	1341144000	20.9	720243
8003	1343822400	17.8	720243
8003	1346500800	12	720243
8003	1349092800	6	720243
8003	1351771200	0.2	720243
8003	1354363200	-3.7	720243
8003	1357041600	-8.1	720243
8003	1359720000	-9.3	720243
8003	1362139200	-4.8	720243
8003	1364817600	0.3	720243
8003	1367409600	10	720243
8003	1370088000	15.3	720243
8003	1372680000	18.4	720243
8003	1375358400	17.7	720243
8003	1378036800	13.1	720243
8003	1380628800	6.7	720243
8003	1383307200	-1.5	720243
8003	1385899200	-11.6	720243
8003	1388577600	-13.6	720243
8003	1391256000	-13.9	720243
8003	1393675200	-11.2	720243
8405	1167652800	-8.1	727430
8405	1170331200	-12	727430
8405	1172750400	-1.9	727430
8405	1175428800	2.1	727430
8405	1178020800	12.6	727430
8405	1180699200	17.6	727430
8405	1183291200	19	727430
8405	1185969600	18.1	727430
8405	1188648000	14.3	727430
8405	1191240000	9.5	727430
8405	1193918400	-1.9	727430
8405	1196510400	-7.8	727430
8405	1199188800	-8.8	727430
8405	1201867200	-11.1	727430
8405	1204372800	-6.6	727430
8405	1207051200	3.2	727430
8405	1209643200	7.7	727430
8405	1212321600	15.7	727430
8405	1214913600	18.2	727430
8405	1217592000	17.5	727430
8405	1220270400	13.2	727430
8405	1222862400	6.8	727430
8405	1225540800	-0.7	727430
8405	1228132800	-9.4	727430
8405	1230811200	-13	727430
8405	1233489600	-8	727430
8405	1235908800	-3.4	727430
8405	1238587200	3.4	727430
8405	1241179200	8.7	727430
8405	1243857600	14.5	727430
8405	1246449600	15.6	727430
8405	1249128000	16.7	727430
8405	1251806400	15.3	727430
8405	1254398400	4	727430
8405	1257076800	3	727430
8405	1259668800	-8.5	727430
8405	1262347200	-7.8	727430
8405	1265025600	-7	727430
8405	1267444800	1.6	727430
8405	1270123200	7.2	727430
8405	1272715200	13.2	727430
8405	1275393600	15.3	727430
8405	1277985600	20	727430
8405	1280664000	19.8	727430
8405	1283342400	10.6	727430
8405	1285934400	8.2	727430
8405	1288612800	0.8	727430
8405	1291204800	-7.2	727430
8405	1293883200	-10.8	727430
8405	1296561600	-8.3	727430
8405	1298980800	-4.1	727430
8405	1301659200	2.7	727430
8405	1304251200	10.3	727430
8405	1306929600	15	727430
8405	1309521600	20.8	727430
8405	1312200000	19	727430
8405	1314878400	12.9	727430
8405	1317470400	8.8	727430
8405	1320148800	1	727430
8405	1322740800	-5.2	727430
8405	1325419200	-6.8	727430
8405	1328097600	-4.7	727430
8405	1330603200	4.3	727430
8405	1333281600	3.9	727430
8405	1335873600	12.9	727430
8405	1338552000	17.6	727430
8405	1341144000	20.7	727430
8405	1343822400	18	727430
8405	1346500800	11.8	727430
8405	1349092800	5.9	727430
8405	1351771200	0.4	727430
8405	1354363200	-4.5	727430
8405	1357041600	-9	727430
8405	1359720000	-9.8	727430
8405	1362139200	-5.9	727430
8405	1364817600	0.3	727430
8405	1367409600	9.2	727430
8405	1370088000	15.2	727430
8405	1372680000	18.4	727430
8405	1375358400	18	727430
8405	1378036800	13.7	727430
8405	1380628800	6.8	727430
8405	1383307200	-1.5	727430
8405	1385899200	-11.7	727430
8405	1388577600	-14.5	727430
8405	1391256000	-14.6	727430
8405	1393675200	-9	727430
8405	1396353600	0.7	727430
8405	1398945600	10.7	727430
8405	1401624000	16.1	727430
8405	1404216000	16.8	727430
8405	1406894400	16.5	727430
8405	1409572800	13.1	727430
8405	1412164800	5.5	727430
8405	1414843200	-5.8	727430
8405	1417435200	-6.2	727430
8405	1420113600	-11.6	727430
8405	1422792000	-16.3	727430
8405	1425211200	-4.1	727430
8405	1427889600	3.2	727430
8405	1430481600	10.8	727430
8406	-673185600	16	727440
8406	-670593600	8.4	727440
8406	-667915200	2.1	727440
8406	-665323200	-5.7	727440
8406	-662644800	-6	727440
8406	-659966400	-8.6	727440
8406	-657547200	-3.9	727440
8406	-654868800	6.6	727440
8406	-652276800	10.8	727440
8406	-649598400	17.9	727440
8406	-647006400	19.2	727440
8406	-644328000	19.4	727440
8406	-641649600	12	727440
8406	-639057600	9.7	727440
8406	-636379200	0.3	727440
8406	-633787200	-5.1	727440
8406	-631108800	-10	727440
8406	-628430400	-7.9	727440
8406	-626011200	-6.2	727440
8406	-623332800	-0.2	727440
8406	-620740800	9.5	727440
8406	-618062400	15.2	727440
8406	-615470400	16.5	727440
8406	-612792000	14.4	727440
8406	-610113600	12.9	727440
8406	-607521600	8.8	727440
8406	-604843200	-2	727440
8406	-602251200	-6.6	727440
8406	-599572800	-8.9	727440
8406	-596894400	-8.7	727440
8406	-594475200	-4.9	727440
8406	-591796800	4.3	727440
8406	-589204800	12.7	727440
8406	-586526400	14.4	727440
8406	-583934400	18.3	727440
8406	-581256000	15.5	727440
8406	-578577600	11.7	727440
8406	-575985600	6.7	727440
8406	-573307200	-3.1	727440
8406	-570715200	-6.4	727440
8406	-568036800	-7.4	727440
8406	-565358400	-5.7	727440
8406	-562852800	-4.2	727440
8406	-560174400	6.7	727440
8406	-557582400	10.7	727440
8406	-554904000	16.1	727440
8406	-552312000	19.1	727440
8406	-549633600	17.7	727440
8406	-546955200	14.2	727440
8406	-544363200	4.9	727440
8406	-541684800	0.8	727440
8406	-539092800	-2.5	727440
8406	-536414400	-6.6	727440
8406	-533736000	-6.5	727440
8406	-531316800	-1.7	727440
8626	-2429784000	-14.7	756222
8626	-2427105600	-12.3	756222
8626	-2424686400	-6.7	756222
8626	-2422008000	-0.1	756222
8626	-2419416000	7	756222
8626	-2416737600	16.5	756222
8626	-2414145600	17.9	756222
8626	-2411467200	15.5	756222
8626	-2408788800	11	756222
8626	-2406196800	6.3	756222
8626	-2403518400	-0.4	756222
8626	-2400926400	-9.2	756222
8626	-2398248000	-8.8	756222
8626	-2395569600	-10.4	756222
8626	-2393150400	-1.7	756222
8626	-2390472000	3.8	756222
8626	-2387880000	7.5	756222
8626	-2385201600	16.5	756222
8626	-2382609600	18.2	756222
8626	-2379931200	15.2	756222
8626	-2377252800	13.4	756222
8626	-2374660800	6.5	756222
8626	-2371982400	-3.1	756222
8626	-2369390400	-3.8	756222
8626	-2366712000	-10.6	756222
8626	-2364033600	-12	756222
8626	-2361614400	-7.3	756222
8626	-2358936000	3.7	756222
8626	-2356344000	10.2	756222
8626	-2353665600	14.8	756222
8626	-2351073600	15.6	756222
8626	-2348395200	15.4	756222
8626	-2345716800	13.2	756222
8626	-2343124800	2.9	756222
8626	-2340446400	-1.6	756222
8626	-2337854400	-6.1	756222
8626	-2335176000	-8.4	756222
8626	-2332497600	-8.1	756222
8626	-2329992000	-7	756222
8626	-2327313600	3.9	756222
8626	-2324721600	12.3	756222
8626	-2322043200	15.8	756222
8626	-2319451200	17.6	756222
8626	-2316772800	16.5	756222
8626	-2314094400	10.8	756222
8626	-2311502400	4.4	756222
8626	-2308824000	-2.3	756222
8626	-2306232000	-5.5	756222
8626	-2303553600	-8.3	756222
8626	-2300875200	-8	756222
8626	-2298456000	-6.6	756222
8626	-2295777600	1.8	756222
8626	-2293185600	7.8	756222
8626	-2290507200	12.2	756222
8626	-2287915200	19.5	756222
8626	-2285236800	15.2	756222
8626	-2282558400	15.7	756222
8626	-2279966400	8.2	756222
8626	-2277288000	-2.5	756222
8626	-2274696000	-8.5	756222
8626	-2272017600	-7.3	756222
8626	-2269339200	-7.7	756222
8626	-2266920000	-2	756222
8626	-2264241600	2.6	756222
8626	-2261649600	9.2	756222
8626	-2258971200	14.7	756222
8626	-2256379200	17.8	756222
8626	-2253700800	15.9	756222
8626	-2251022400	14.5	756222
8626	-2248430400	6.1	756222
8626	-2245752000	0.5	756222
8626	-2243160000	-8	756222
8626	-2240481600	-11.1	756222
8626	-2237803200	-14.5	756222
8626	-2235384000	-9.3	756222
8626	-2232705600	3.2	756222
8626	-2230113600	9.9	756222
8626	-2227435200	14.5	756222
8626	-2224843200	17.4	756222
8626	-2222164800	18.1	756222
8626	-2219486400	10.2	756222
8626	-2216894400	7.4	756222
8626	-2214216000	3	756222
8626	-2211624000	-6.3	756222
8626	-2208945600	-6.9	756222
8626	-2206267200	-13.5	756222
8626	-2203848000	-7.9	756222
8626	-2201169600	5.2	756222
8626	-2198577600	10.6	756222
8626	-2195899200	14.8	756222
8626	-2193307200	16.3	756222
8626	-2190628800	19.9	756222
8626	-2187950400	13.2	756222
8626	-2185358400	11.3	756222
8626	-2182680000	-1	756222
8626	-2180088000	-6.3	756222
8626	-2177409600	-8.8	756222
8626	-2174731200	-11.7	756222
8626	-2172312000	-6	756222
8626	-2169633600	5	756222
8626	-2167041600	10	756222
8626	-2164363200	16.2	756222
8626	-2161771200	19.4	756222
8626	-2159092800	17.2	756222
8626	-2156414400	12.6	756222
8626	-2153822400	6.9	756222
8626	-2151144000	-1.5	756222
8626	-2148552000	-7.1	756222
8626	-2145873600	-7.9	756222
8626	-2143195200	-7.7	756222
8626	-2140776000	-0.3	756222
8626	-2138097600	3	756222
8626	-2135505600	10	756222
8626	-2132827200	11.9	756222
8626	-2130235200	18.2	756222
8626	-2127556800	14.9	756222
8626	-2124878400	11.2	756222
8626	-2122286400	5.7	756222
8626	-2119608000	2.4	756222
8626	-2117016000	-6.6	756222
8626	-2114337600	-9	756222
8626	-2111659200	-9.2	756222
8626	-2109240000	-1.8	756222
8626	-2106561600	3.6	756222
8626	-2103969600	10.9	756222
8626	-2101291200	13.4	756222
8626	-2098699200	18	756222
8626	-2096020800	15.4	756222
8626	-2093342400	12.9	756222
8626	-2090750400	8.1	756222
8626	-2088072000	-0.6	756222
8626	-2085480000	-9.6	756222
8626	-2082801600	-12.2	756222
8626	-2080123200	-16.4	756222
8626	-2077617600	-5.7	756222
8626	-2074939200	0	756222
8626	-2072347200	9.1	756222
8626	-2069668800	14.7	756222
8626	-2067076800	16	756222
8626	-2064398400	14.1	756222
8626	-2061720000	10.7	756222
8626	-2059128000	6.3	756222
8626	-2056449600	2	756222
8626	-2053857600	-8.4	756222
8626	-2051179200	-11.8	756222
8626	-2048500800	-11.9	756222
8626	-2046081600	-4.9	756222
8626	-2043403200	1.9	756222
8626	-2040811200	7.8	756222
8626	-2038132800	13.9	756222
8626	-2035540800	17	756222
8626	-2032862400	17	756222
8626	-2030184000	14	756222
8626	-2027592000	5.9	756222
8626	-2024913600	-0.7	756222
8626	-2022321600	-5.1	756222
8626	-2019643200	-6.4	756222
8626	-2016964800	-10.1	756222
8626	-2014545600	-8.9	756222
8626	-2011867200	4.7	756222
8626	-2009275200	7.8	756222
8626	-2006596800	15.6	756222
8626	-2004004800	16.9	756222
8626	-2001326400	17.7	756222
8626	-1998648000	14.6	756222
8626	-1996056000	6.5	756222
8626	-1993377600	-0.4	756222
8626	-1990785600	-7.1	756222
8626	-1988107200	-10.9	756222
8626	-1985428800	-11.7	756222
8626	-1983009600	-3.3	756222
8626	-1980331200	-2.5	756222
8626	-1977739200	3.8	756222
8626	-1975060800	15.4	756222
8626	-1972468800	17.1	756222
8626	-1969790400	15.2	756222
8626	-1967112000	11.8	756222
8626	-1964520000	4.9	756222
8626	-1961841600	-1	756222
8626	-1959249600	-5.7	756222
8626	-1956571200	-7.9	756222
8626	-1953892800	-8.6	756222
8626	-1951387200	-5.6	756222
8626	-1948708800	2.6	756222
8626	-1946116800	9.9	756222
8626	-1943438400	15.9	756222
8626	-1940846400	17.8	756222
8626	-1938168000	16.2	756222
8626	-1935489600	15.6	756222
8626	-1932897600	8.7	756222
8626	-1930219200	0.9	756222
8626	-1927627200	-6.9	756222
8626	-1924948800	-8.1	756222
8626	-1922270400	-8.3	756222
8626	-1919851200	-4.8	756222
8626	-1917172800	-0.4	756222
8626	-1914580800	8.1	756222
8626	-1911902400	15.2	756222
8626	-1909310400	16.3	756222
8626	-1906632000	17.2	756222
8626	-1903953600	11.3	756222
8626	-1901361600	5.7	756222
8626	-1898683200	2.2	756222
8626	-1896091200	-7.3	756222
8626	-1893412800	-9.2	756222
8626	-1890734400	-11.6	756222
8626	-1888315200	2	756222
8626	-1885636800	5	756222
8626	-1883044800	6.8	756222
8626	-1880366400	15.7	756222
8626	-1877774400	17.5	756222
8626	-1875096000	15.8	756222
8626	-1872417600	11.6	756222
8626	-1869825600	7.5	756222
8626	-1867147200	-1.8	756222
8626	-1864555200	-6.9	756222
8626	-1861876800	-10	756222
8626	-1859198400	-6.9	756222
8626	-1856779200	-3.9	756222
8626	-1854100800	2.7	756222
8626	-1851508800	11.8	756222
8626	-1848830400	15.9	756222
8626	-1846238400	17.5	756222
8626	-1843560000	15.6	756222
8626	-1840881600	11.5	756222
8626	-1838289600	5.2	756222
8626	-1835611200	-3.3	756222
8626	-1833019200	-3.8	756222
8626	-1830340800	-19	756222
8626	-1827662400	-14.4	756222
8626	-1825156800	-10	756222
8626	-1822478400	1.9	756222
8626	-1819886400	9.5	756222
8626	-1817208000	13.4	756222
8626	-1814616000	16.8	756222
8626	-1811937600	13.7	756222
8626	-1809259200	13	756222
8626	-1806667200	8.9	756222
8626	-1803988800	0.2	756222
8626	-1801396800	-5.1	756222
8626	-1798718400	-8.9	756222
8626	-1796040000	-12.8	756222
8626	-1793620800	-5.9	756222
8626	-1790942400	3.5	756222
8626	-1788350400	8.7	756222
8626	-1785672000	16.6	756222
8626	-1783080000	16.7	756222
8626	-1780401600	17.6	756222
8626	-1777723200	12.7	756222
8626	-1775131200	7.5	756222
8626	-1772452800	3.5	756222
8626	-1769860800	-1	756222
8626	-1767182400	-6.5	756222
8626	-1764504000	-13.6	756222
8626	-1762084800	-5.9	756222
8626	-1759406400	0.5	756222
8626	-1756814400	11	756222
8626	-1754136000	14.7	756222
8626	-1751544000	18.2	756222
8626	-1748865600	16.1	756222
8626	-1746187200	12.6	756222
8626	-1743595200	9.6	756222
8626	-1740916800	0.1	756222
8626	-1738324800	-8.5	756222
8626	-1735646400	-9.2	756222
8626	-1732968000	-5	756222
8626	-1730548800	-4.6	756222
8626	-1727870400	6.4	756222
8626	-1725278400	7.5	756222
8626	-1722600000	10.9	756222
8626	-1720008000	14.9	756222
8626	-1717329600	14.2	756222
8626	-1714651200	13.4	756222
8626	-1712059200	7.4	756222
8626	-1709380800	1.2	756222
8626	-1706788800	-5.5	756222
8626	-1704110400	-8.9	756222
8626	-1701432000	-11.8	756222
8626	-1698926400	-8.3	756222
8626	-1696248000	2.9	756222
8626	-1693656000	8.7	756222
8626	-1690977600	12.9	756222
8626	-1688385600	22.2	756222
8626	-1685707200	18.2	756222
8626	-1683028800	11	756222
8626	-1680436800	6.6	756222
8626	-1677758400	-1.4	756222
8626	-1675166400	-8.8	756222
8626	-1672488000	-13.2	756222
8626	-1669809600	-18.4	756222
8626	-1667390400	-6.2	756222
8626	-1664712000	-0.3	756222
8626	-1662120000	5.1	756222
8626	-1659441600	11.8	756222
8626	-1656849600	18	756222
8626	-1654171200	14.6	756222
8626	-1651492800	11.5	756222
8626	-1648900800	1.4	756222
8626	-1646222400	-0.4	756222
8626	-1643630400	-10.9	756222
8626	-1640952000	-15.5	756222
8626	-1638273600	-13.2	756222
8626	-1635854400	-3.1	756222
8626	-1633176000	2.5	756222
8626	-1630584000	9.9	756222
8626	-1627905600	13.1	756222
8626	-1625313600	16.4	756222
8626	-1622635200	16	756222
8626	-1619956800	8.3	756222
8626	-1617364800	7.1	756222
8626	-1614686400	3.7	756222
8626	-1612094400	-2.8	756222
8626	-1609416000	-6	756222
8626	-1606737600	-7.4	756222
8626	-1604318400	-3.7	756222
8626	-1601640000	2.8	756222
8626	-1599048000	9.5	756222
8626	-1596369600	18.2	756222
8626	-1593777600	18.8	756222
8626	-1591099200	16	756222
8626	-1588420800	13.3	756222
8626	-1585828800	6.3	756222
8626	-1583150400	-2.3	756222
8626	-1580558400	-12	756222
8626	-1577880000	-14.6	756222
8626	-1575201600	-12	756222
8626	-1572696000	-5.5	756222
8626	-1570017600	-0.2	756222
8626	-1567425600	8.7	756222
8626	-1564747200	15.7	756222
8626	-1562155200	17	756222
8626	-1559476800	16.1	756222
8626	-1556798400	14.4	756222
8626	-1554206400	11.2	756222
8626	-1551528000	-0.7	756222
8626	-1548936000	-4.3	756222
8626	-1546257600	-7.1	756222
8626	-1543579200	-7.8	756222
8626	-1541160000	-2.6	756222
8626	-1538481600	5.4	756222
8626	-1535889600	11	756222
8626	-1533211200	18.3	756222
8626	-1530619200	22.1	756222
8626	-1527940800	17.2	756222
8626	-1525262400	15.1	756222
8626	-1522670400	7.1	756222
8626	-1519992000	0	756222
8626	-1517400000	-6.4	756222
8626	-1514721600	-10.7	756222
8626	-1512043200	-10.4	756222
8626	-1509624000	-4	756222
8626	-1506945600	3	756222
8626	-1504353600	13.1	756222
8626	-1501675200	16.4	756222
8626	-1499083200	17.3	756222
8626	-1496404800	16.9	756222
8626	-1493726400	14.1	756222
8626	-1491134400	6.3	756222
8626	-1488456000	1.4	756222
8626	-1485864000	-9	756222
8626	-1483185600	-9.2	756222
8626	-1480507200	-12.6	756222
8626	-1478088000	-8.6	756222
8626	-1475409600	-0.1	756222
8626	-1472817600	9.2	756222
8626	-1470139200	16.6	756222
8626	-1467547200	17.3	756222
8626	-1464868800	13.8	756222
8626	-1462190400	12.1	756222
8626	-1459598400	6.5	756222
8626	-1456920000	1.9	756222
8626	-1454328000	-1.8	756222
8626	-1451649600	-14	756222
8626	-1448971200	-8.4	756222
8626	-1446465600	-4	756222
8626	-1443787200	1.2	756222
8626	-1441195200	6.1	756222
8626	-1438516800	12.6	756222
8626	-1435924800	16.1	756222
8626	-1433246400	16.2	756222
8626	-1430568000	10.8	756222
8626	-1427976000	8.8	756222
8626	-1425297600	0	756222
8626	-1422705600	-11.2	756222
8626	-1420027200	-9.9	756222
8626	-1417348800	-9.5	756222
8626	-1414929600	-4.1	756222
8626	-1412251200	5.3	756222
8626	-1409659200	7.4	756222
8626	-1406980800	15.7	756222
8626	-1404388800	17	756222
8626	-1401710400	18.2	756222
8626	-1399032000	12.9	756222
8626	-1396440000	1.9	756222
8626	-1393761600	-1	756222
8626	-1391169600	-7.2	756222
8626	-1388491200	-9.9	756222
8626	-1385812800	-9	756222
8626	-1383393600	-7.9	756222
8626	-1380715200	-0.5	756222
8626	-1378123200	9	756222
8626	-1375444800	12.5	756222
8626	-1372852800	17	756222
8626	-1370174400	16	756222
8626	-1367496000	10.4	756222
8626	-1364904000	4.7	756222
8626	-1362225600	-3.2	756222
8626	-1359633600	-8.9	756222
8626	-1356955200	-11	756222
8626	-1354276800	-8	756222
8626	-1351857600	-1.3	756222
8626	-1349179200	3.5	756222
8626	-1346587200	7	756222
8626	-1343908800	13.1	756222
8626	-1341316800	16.4	756222
8626	-1338638400	13.7	756222
8626	-1335960000	14.1	756222
8626	-1333368000	7.7	756222
8626	-1330689600	-2.2	756222
8626	-1328097600	-9.6	756222
8626	-1325419200	-8	756222
8626	-1322740800	-9.5	756222
8626	-1320235200	-5.7	756222
8626	-1317556800	0.6	756222
8626	-1314964800	9.2	756222
8626	-1312286400	12.6	756222
8626	-1309694400	17	756222
8626	-1307016000	16.4	756222
8626	-1304337600	10.1	756222
8626	-1301745600	6.5	756222
8626	-1299067200	0	756222
8626	-1296475200	-5.3	756222
8626	-1293796800	-14.4	756222
8626	-1291118400	-13.6	756222
8626	-1288699200	-2.6	756222
8626	-1286020800	3.6	756222
8626	-1283428800	8.4	756222
8626	-1280750400	12.8	756222
8626	-1278158400	17.7	756222
8626	-1275480000	15.6	756222
8626	-1272801600	12.5	756222
8626	-1270209600	6.4	756222
8626	-1267531200	-2.2	756222
8626	-1264939200	-7.8	756222
8626	-1262260800	-11.7	756222
8626	-1259582400	-8.8	756222
8626	-1257163200	-5.7	756222
8626	-1254484800	1.7	756222
8626	-1251892800	10	756222
8626	-1249214400	16.6	756222
8626	-1246622400	17.5	756222
8626	-1243944000	17.4	756222
8626	-1241265600	13.5	756222
8626	-1238673600	6.5	756222
8626	-1235995200	1.3	756222
8626	-1233403200	-6	756222
8626	-1230724800	-6.7	756222
8626	-1228046400	-4.7	756222
8626	-1225627200	-3.8	756222
8626	-1222948800	3.5	756222
8626	-1220356800	9.5	756222
8626	-1217678400	17	756222
8626	-1215086400	20.4	756222
8626	-1212408000	17.1	756222
8626	-1209729600	16.1	756222
8626	-1207137600	9.7	756222
8626	-1204459200	3.6	756222
8626	-1201867200	-2.3	756222
8626	-1199188800	-4.2	756222
8626	-1196510400	-7.4	756222
8626	-1194004800	-6.7	756222
8626	-1191326400	1.4	756222
8626	-1188734400	9.3	756222
8626	-1186056000	16.2	756222
8626	-1183464000	17.7	756222
8626	-1180785600	18.3	756222
8626	-1178107200	13.7	756222
8626	-1175515200	5.2	756222
8626	-1172836800	-2.9	756222
8626	-1170244800	-7.2	756222
8626	-1167566400	-6.9	756222
8626	-1164888000	-11.1	756222
8626	-1162468800	-5.4	756222
8626	-1159790400	2.3	756222
8626	-1157198400	10.2	756222
8626	-1154520000	18.9	756222
8626	-1151928000	18.9	756222
8626	-1149249600	16.1	756222
8626	-1146571200	14.2	756222
8626	-1143979200	4.9	756222
8626	-1141300800	-3.5	756222
8626	-1138708800	-8.9	756222
8626	-1136030400	-6.5	756222
8626	-1133352000	-13.6	756222
8626	-1130932800	-7.4	756222
8626	-1128254400	0.8	756222
8626	-1125662400	11.6	756222
8626	-1122984000	16.1	756222
8626	-1120392000	17.4	756222
8626	-1117713600	14.4	756222
8626	-1115035200	11.8	756222
8626	-1112443200	7.2	756222
8626	-1109764800	1.3	756222
8626	-1107172800	-7.2	756222
8626	-1104494400	-10	756222
8626	-1101816000	-8.1	756222
8626	-1099396800	-3.6	756222
8626	-1096718400	2	756222
8626	-1094126400	7.3	756222
8626	-1091448000	12.8	756222
8626	-1088856000	20.4	756222
8626	-1086177600	17.8	756222
8626	-1083499200	11.9	756222
8626	-1080907200	6.6	756222
8626	-1078228800	-2.2	756222
8626	-1075636800	-7.1	756222
8626	-1072958400	-9.9	756222
8626	-1070280000	-15.8	756222
8626	-1067774400	-3.9	756222
8626	-1065096000	-0.2	756222
8626	-1062504000	11.1	756222
8626	-1059825600	13.6	756222
8626	-1057233600	20.1	756222
8626	-1054555200	17.6	756222
8626	-1051876800	14.2	756222
8626	-1049284800	5.1	756222
8626	-1046606400	-2.7	756222
8626	-1044014400	-5.3	756222
8626	-1041336000	-10.4	756222
8626	-1038657600	-7.5	756222
8626	-1036238400	-6.7	756222
8626	-1033560000	2.7	756222
8626	-1030968000	10.3	756222
8626	-1028289600	15.8	756222
8626	-1025697600	19.1	756222
8626	-1023019200	19.9	756222
8626	-1020340800	12.9	756222
8626	-1017748800	5.2	756222
8626	-1015070400	-0.6	756222
8626	-1012478400	-7.9	756222
8626	-1009800000	-10.6	756222
8626	-1007121600	-7.4	756222
8626	-1004702400	-1.8	756222
8626	-1002024000	3.6	756222
8626	-999432000	10	756222
8626	-996753600	14.5	756222
8626	-994161600	18	756222
8626	-991483200	19.5	756222
8626	-988804800	12.6	756222
8626	-986212800	9.2	756222
8626	-983534400	0	756222
8626	-980942400	-6	756222
8626	-978264000	-8.2	756222
8626	-975585600	-11.6	756222
8626	-973166400	-6.1	756222
8626	-970488000	0.9	756222
8626	-967896000	9.9	756222
8626	-965217600	15.9	756222
8626	-962625600	18.9	756222
8626	-959947200	17.4	756222
8626	-957268800	13.3	756222
8626	-954676800	5.8	756222
8626	-951998400	-0.2	756222
8626	-949406400	-2.9	756222
8626	-946728000	-10.4	756222
8626	-944049600	-7.5	756222
8626	-941544000	-6.8	756222
8626	-938865600	0.7	756222
8626	-936273600	7.9	756222
8626	-933595200	14.4	756222
8626	-931003200	18.6	756222
8626	-928324800	17.7	756222
8626	-925646400	14.4	756222
8626	-923054400	7.6	756222
8626	-920376000	-0.9	756222
8626	-917784000	-5.2	756222
8626	-915105600	-7.9	756222
8626	-912427200	-7.3	756222
8626	-910008000	-5.3	756222
8626	-907329600	7	756222
8626	-904737600	12.8	756222
8626	-902059200	16.8	756222
8626	-899467200	18.9	756222
8626	-896788800	16.7	756222
8626	-894110400	14.2	756222
8626	-891518400	7.8	756222
8626	-888840000	0.8	756222
8626	-886248000	-3.2	756222
8626	-883569600	-8.6	756222
8626	-880891200	-7.8	756222
8626	-878472000	-1.8	756222
8626	-875793600	7.5	756222
8626	-873201600	9.5	756222
8626	-870523200	15.4	756222
8626	-867931200	17.5	756222
8626	-865252800	17.9	756222
8626	-862574400	11.9	756222
8626	-859982400	7.6	756222
8626	-857304000	-0.6	756222
8626	-854712000	-7.7	756222
8626	-852033600	-10.3	756222
8626	-849355200	-8.1	756222
8626	-846936000	-7.7	756222
8626	-844257600	1.7	756222
8626	-841665600	9.4	756222
8626	-838987200	16	756222
8626	-836395200	19.7	756222
8626	-833716800	17.2	756222
8626	-831038400	11.3	756222
8626	-828446400	6.7	756222
8626	-825768000	-1.4	756222
8626	-823176000	-6.5	756222
8626	-820497600	-4.4	756222
8626	-817819200	-7.9	756222
8626	-815313600	-6.1	756222
8626	-812635200	1.9	756222
8626	-810043200	12.1	756222
8626	-807364800	15.6	756222
8626	-804772800	18.4	756222
8626	-802094400	17.8	756222
8626	-799416000	12.8	756222
8626	-796824000	7.5	756222
8626	-794145600	1.9	756222
8626	-791553600	-7.4	756222
8626	-788875200	-11.8	756222
8626	-786196800	-8.4	756222
8626	-783777600	1.5	756222
8626	-781099200	3.7	756222
8626	-778507200	5.7	756222
8626	-775828800	13.3	756222
8626	-773236800	16.6	756222
8626	-770558400	17.5	756222
8626	-767880000	12.9	756222
8626	-765288000	6.7	756222
8626	-762609600	-0.1	756222
8626	-760017600	-7.7	756222
8626	-757339200	-7.8	756222
8626	-754660800	-9	756222
8626	-752241600	2.2	756222
8626	-749563200	4.2	756222
8626	-746971200	8.2	756222
8626	-744292800	14.8	756222
8626	-741700800	17.4	756222
8626	-739022400	15.8	756222
8626	-736344000	12.6	756222
8626	-733752000	9	756222
8626	-731073600	1	756222
8626	-728481600	-6.1	756222
8626	-725803200	-7.4	756222
8626	-723124800	-8.8	756222
8626	-720705600	-4.2	756222
8626	-718027200	0.4	756222
8626	-715435200	6.1	756222
8626	-712756800	13.4	756222
8626	-710164800	17.7	756222
8626	-707486400	20.6	756222
8626	-704808000	13.5	756222
8626	-702216000	11.9	756222
8626	-699537600	-2	756222
8626	-696945600	-6.1	756222
8626	-694267200	-12.6	756222
8626	-691588800	-10.9	756222
8626	-689083200	-6.4	756222
8626	-686404800	5	756222
8626	-683812800	8.3	756222
8626	-681134400	14	756222
8626	-678542400	18.4	756222
8626	-675864000	17.9	756222
8626	-673185600	15	756222
8626	-670593600	7.3	756222
8626	-667915200	1.8	756222
8626	-665323200	-5.8	756222
8626	-662644800	-7.2	756222
8626	-659966400	-8.4	756222
8626	-657547200	-4.6	756222
8626	-654868800	5	756222
8626	-652276800	9.4	756222
8626	-649598400	16.7	756222
8626	-647006400	18.9	756222
8626	-644328000	18.3	756222
8626	-641649600	11.3	756222
8626	-639057600	8.9	756222
8626	-636379200	-0.1	756222
8626	-633787200	-6.4	756222
8626	-631108800	-10.7	756222
8626	-628430400	-9.5	756222
8626	-626011200	-7	756222
8626	-623332800	-1.7	756222
8626	-620740800	7.8	756222
8626	-618062400	14.3	756222
8626	-615470400	16.4	756222
8626	-612792000	13.8	756222
8626	-610113600	12.3	756222
8626	-607521600	8.7	756222
8626	-604843200	-2.3	756222
8626	-602251200	-7.9	756222
8626	-599572800	-9.8	756222
8626	-596894400	-8	756222
8626	-594475200	-4.8	756222
8626	-591796800	2.8	756222
8626	-589204800	11.2	756222
8626	-586526400	13.5	756222
8626	-583934400	17.5	756222
8626	-581256000	14.7	756222
8626	-578577600	11.5	756222
8626	-575985600	6.9	756222
8626	-573307200	-3.9	756222
8626	-570715200	-7.9	756222
8626	-568036800	-8.3	756222
8626	-565358400	-6.7	756222
8626	-562852800	-4.9	756222
8626	-560174400	5.4	756222
8626	-557582400	9.1	756222
8626	-554904000	15.7	756222
8626	-552312000	19.1	756222
8626	-549633600	17.2	756222
8626	-546955200	14.1	756222
8626	-544363200	4.4	756222
8626	-541684800	1.3	756222
8626	-539092800	-3.3	756222
8626	-536414400	-7.4	756222
8626	-533736000	-7.8	756222
8626	-531316800	-2.7	756222
8626	-528638400	1.9	756222
8626	-526046400	9.7	756222
8626	-523368000	15.6	756222
8626	-520776000	18.3	756222
8626	-518097600	18.7	756222
8626	-515419200	13.1	756222
8626	-512827200	9.9	756222
8626	-510148800	2.8	756222
8626	-507556800	-4.7	756222
8626	-504878400	-10.1	756222
8626	-502200000	-3.9	756222
8626	-499780800	-5	756222
8626	-497102400	2.9	756222
8626	-494510400	6.4	756222
8626	-491832000	16.6	756222
8626	-489240000	16.9	756222
8626	-486561600	16.4	756222
8626	-483883200	11.2	756222
8626	-481291200	6.5	756222
8626	-478612800	1.5	756222
8626	-476020800	-6.3	756222
8626	-473342400	-8.7	756222
8626	-470664000	-8.8	756222
8626	-468244800	-6	756222
8626	-465566400	6.4	756222
8626	-462974400	11.1	756222
8626	-460296000	15.2	756222
8626	-457704000	21	756222
8626	-455025600	20	756222
8626	-452347200	13.3	756222
8626	-449755200	8.6	756222
8626	-447076800	-1.5	756222
8626	-444484800	-8	756222
8626	-441806400	-7.4	756222
8626	-439128000	-7.7	756222
8626	-436622400	-6.1	756222
8626	-433944000	1.7	756222
8626	-431352000	8.2	756222
8626	-428673600	16.2	756222
8626	-426081600	15.4	756222
8626	-423403200	16.5	756222
8626	-420724800	10.5	756222
8626	-418132800	9.6	756222
8626	-415454400	0.3	756222
8626	-412862400	-5.7	756222
8626	-410184000	-12.2	756222
8626	-407505600	-8.5	756222
8626	-405086400	-4.5	756222
8626	-402408000	4	756222
8626	-399816000	9.4	756222
8626	-397137600	14.9	756222
8626	-394545600	18.6	756222
8626	-391867200	16.6	756222
8626	-389188800	11.8	756222
8626	-386596800	7.1	756222
8626	-383918400	0	756222
8626	-381326400	-4.9	756222
8626	-378648000	-6.7	756222
8626	-375969600	-9.6	756222
8626	-373550400	-2.2	756222
8626	-370872000	4.5	756222
8626	-368280000	8.3	756222
8626	-365601600	12.4	756222
8626	-363009600	16.9	756222
8626	-360331200	16.8	756222
8626	-357652800	13.2	756222
8626	-355060800	8.1	756222
8626	-352382400	1.1	756222
8626	-349790400	-10.1	756222
8626	-347112000	-11.8	756222
8626	-344433600	-11.4	756222
8626	-342014400	-5.1	756222
8626	-339336000	2.7	756222
8626	-336744000	11.3	756222
8626	-334065600	16.4	756222
8626	-331473600	18.2	756222
8626	-328795200	19.2	756222
8626	-326116800	13.5	756222
8626	-323524800	4.9	756222
8626	-320846400	-4.4	756222
8626	-318254400	-3.5	756222
8626	-315576000	-7.7	756222
8626	-312897600	-7	756222
8626	-310392000	-8.2	756222
8626	-307713600	2.9	756222
8626	-305121600	9.3	756222
8626	-302443200	14	756222
8626	-299851200	16.5	756222
8626	-297172800	17.5	756222
8626	-294494400	13.4	756222
8626	-291902400	7.7	756222
8626	-289224000	1.4	756222
8626	-286632000	-8.2	756222
8626	-283953600	-10.5	756222
8626	-281275200	-6.7	756222
8626	-278856000	-2.3	756222
8626	-276177600	2.8	756222
8626	-273585600	8.2	756222
8626	-270907200	14.7	756222
8626	-268315200	17.6	756222
8626	-265636800	17.9	756222
8626	-262958400	14.3	756222
8626	-260366400	7.8	756222
8626	-257688000	0.2	756222
8626	-255096000	-6.5	756222
8626	-252417600	-11.2	756222
8626	-249739200	-11.5	756222
8626	-247320000	-3.5	756222
8626	-244641600	2.5	756222
8626	-242049600	12.2	756222
8626	-239371200	13.7	756222
8626	-236779200	16.5	756222
8626	-234100800	16.8	756222
8626	-231422400	11.4	756222
8626	-228830400	7.9	756222
8626	-226152000	0.7	756222
8626	-223560000	-6.9	756222
8626	-220881600	-14	756222
8626	-218203200	-13.7	756222
8626	-215784000	-4.7	756222
8626	-213105600	4.2	756222
8626	-210513600	8.7	756222
8626	-207835200	15.4	756222
8626	-205243200	18.6	756222
8626	-202564800	16.3	756222
8626	-199886400	12.6	756222
8626	-197294400	12.2	756222
8626	-194616000	2.9	756222
8626	-192024000	-8.5	756222
8626	-189345600	-5.8	756222
8626	-186667200	-7	756222
8626	-184161600	-4.5	756222
8626	-181483200	4.4	756222
8626	-178891200	12.1	756222
8626	-176212800	15	756222
8626	-173620800	18.8	756222
8626	-170942400	15.4	756222
8626	-168264000	12.5	756222
8626	-165672000	7	756222
8626	-162993600	1.4	756222
8626	-160401600	-7.6	756222
8626	-157723200	-10.4	756222
8626	-155044800	-10.3	756222
8626	-152625600	-6.5	756222
8626	-149947200	2.7	756222
8626	-147355200	11.9	756222
8626	-144676800	14	756222
8626	-142084800	15.6	756222
8626	-139406400	16.2	756222
8626	-136728000	10.6	756222
8626	-134136000	6.9	756222
8626	-131457600	0	756222
8626	-128865600	-3.1	756222
8626	-126187200	-10.3	756222
8626	-123508800	-7.3	756222
8626	-121089600	-1.7	756222
8626	-118411200	2.3	756222
8626	-115819200	7.4	756222
8626	-113140800	16.2	756222
8626	-110548800	20.3	756222
8626	-107870400	16.9	756222
8626	-105192000	13.6	756222
8626	-102600000	7.1	756222
8626	-99921600	-1	756222
8626	-97329600	-5.9	756222
8626	-94651200	-7.7	756222
8626	-91972800	-11.8	756222
8626	-89553600	-3.5	756222
8626	-86875200	3.8	756222
8626	-84283200	6.5	756222
8626	-81604800	14.9	756222
8626	-79012800	17.4	756222
8626	-76334400	15.7	756222
8626	-73656000	13.4	756222
8626	-71064000	6.3	756222
8626	-68385600	-1.9	756222
8626	-65793600	-6	756222
8626	-63115200	-10.4	756222
8626	-60436800	-9.8	756222
8626	-57931200	-1.5	756222
8626	-55252800	4.8	756222
8626	-52660800	8.7	756222
8626	-49982400	13.9	756222
8626	-47390400	17.9	756222
8626	-44712000	16.7	756222
8626	-42033600	14.3	756222
8626	-39441600	8.5	756222
8626	-36763200	0.2	756222
8626	-34171200	-6.5	756222
8626	-31492800	-7.7	756222
8626	-28814400	-6.9	756222
8626	-26395200	-4.8	756222
8626	-23716800	4.1	756222
8626	-21124800	9.8	756222
8626	-18446400	12.5	756222
8626	-15854400	17.1	756222
8626	-13176000	19.7	756222
8626	-10497600	13.5	756222
8626	-7905600	5.8	756222
8626	-5227200	-0.3	756222
8626	-2635200	-5.1	756222
8626	43200	-11	756222
8626	2721600	-10.3	756222
8626	5140800	-5.6	756222
8626	7819200	3.8	756222
8626	10411200	8.7	756222
8626	13089600	15	756222
8626	15681600	18.9	756222
8626	18360000	18	756222
8626	21038400	13.6	756222
8626	23630400	8.9	756222
8626	26308800	0.3	756222
8626	28900800	-6.4	756222
8626	31579200	-11.6	756222
8626	34257600	-8.9	756222
8626	36676800	-5.2	756222
8626	39355200	3	756222
8626	41947200	8	756222
8626	44625600	16.7	756222
8626	47217600	16.2	756222
8626	49896000	16.1	756222
8626	52574400	14.2	756222
8626	55166400	10.8	756222
8626	57844800	0.1	756222
8626	60436800	-5.8	756222
8626	63115200	-11.8	756222
8626	65793600	-11.3	756222
8626	68299200	-6.9	756222
8626	70977600	0.5	756222
8626	73569600	11.4	756222
8626	76248000	13	756222
8626	78840000	16.5	756222
8626	81518400	16.6	756222
8626	84196800	11.2	756222
8626	86788800	5.4	756222
8626	89467200	-0.2	756222
8626	92059200	-8.6	756222
8626	94737600	-7	756222
8626	97416000	-8.3	756222
8626	99835200	1.1	756222
8626	102513600	3.8	756222
8626	105105600	8.2	756222
8626	107784000	15.9	756222
8626	110376000	18.6	756222
8626	113054400	19.2	756222
8626	115732800	13.5	756222
8626	118324800	10.9	756222
8626	121003200	0.6	756222
8626	123595200	-6	756222
8626	126273600	-9.5	756222
8626	128952000	-10.7	756222
8626	131371200	-4.8	756222
8626	134049600	3.4	756222
8626	136641600	8.2	756222
8626	139320000	14.2	756222
8626	141912000	19.1	756222
8626	144590400	17	756222
8626	147268800	10.8	756222
8626	149860800	7.3	756222
8626	152539200	1.1	756222
8626	155131200	-3.8	756222
8626	157809600	-8	756222
8626	160488000	-7	756222
8626	162907200	-4.8	756222
8626	165585600	0.5	756222
8626	168177600	12.6	756222
8626	170856000	16	756222
8626	173448000	19.7	756222
8626	176126400	17.7	756222
8626	178804800	11	756222
8626	181396800	8.7	756222
8626	184075200	2.2	756222
8626	186667200	-6.3	756222
8626	189345600	-10.6	756222
8626	192024000	-4.2	756222
8626	194529600	-3.8	756222
8626	197208000	4.5	756222
8626	199800000	8.3	756222
8626	202478400	17.2	756222
8626	205070400	17.9	756222
8626	207748800	18.2	756222
8626	210427200	12.9	756222
8626	213019200	4.8	756222
8626	215697600	-3.1	756222
8626	218289600	-11.3	756222
8626	220968000	-12.2	756222
8626	223646400	-8.5	756222
8626	226065600	-0.8	756222
8626	228744000	5.1	756222
8626	231336000	15	756222
8626	234014400	13.9	756222
8626	236606400	19.8	756222
8626	239284800	15	756222
8626	241963200	13	756222
8626	244555200	7.4	756222
8626	247233600	0.3	756222
8626	249825600	-6	756222
8626	252504000	-10.7	756222
8626	255182400	-10.5	756222
8626	257601600	-5.8	756222
8626	260280000	1.6	756222
8626	262872000	11.4	756222
8626	265550400	14.6	756222
8626	268142400	17.2	756222
8626	270820800	18	756222
8626	273499200	14.8	756222
8626	276091200	7.6	756222
8626	278769600	-0.5	756222
8626	281361600	-9.3	756222
8626	284040000	-14	756222
8626	286718400	-15.1	756222
8626	289137600	-3.4	756222
8626	291816000	2	756222
8626	294408000	8.1	756222
8626	297086400	14.4	756222
8626	299678400	18.3	756222
8626	302356800	16.5	756222
8626	305035200	13.8	756222
8626	307627200	5.3	756222
8626	310305600	-0.1	756222
8626	312897600	-3.5	756222
8626	315576000	-8.9	756222
8626	318254400	-9.4	756222
8626	320760000	-5.3	756222
8626	323438400	4.5	756222
8626	326030400	12.2	756222
8626	328708800	13.8	756222
8626	331300800	19	756222
8626	333979200	19.4	756222
8626	336657600	12.9	756222
8626	339249600	5.3	756222
8626	341928000	0.4	756222
8626	344520000	-8.3	756222
8626	347198400	-9.5	756222
8626	349876800	-7	756222
8626	352296000	-1.7	756222
8626	354974400	4.3	756222
8626	357566400	8.9	756222
8626	360244800	15.4	756222
8626	362836800	18.3	756222
8626	365515200	18	756222
8626	368193600	12	756222
8626	370785600	4.8	756222
8626	373464000	2.4	756222
8626	376056000	-5.3	756222
8626	378734400	-13.7	756222
8626	381412800	-10.2	756222
8626	383832000	-4.1	756222
8626	386510400	2	756222
8626	389102400	12.8	756222
8626	391780800	12.5	756222
8626	394372800	18.9	756222
8626	397051200	15.8	756222
8626	399729600	12.5	756222
8626	402321600	8.2	756222
8626	4.05e+08	-0.1	756222
8626	407592000	-3.3	756222
8626	410270400	-6.4	756222
8626	412948800	-5.1	756222
8626	415368000	-2.4	756222
8626	418046400	2.3	756222
8626	420638400	7.4	756222
8626	423316800	15.9	756222
8626	425908800	21.3	756222
8626	428587200	20	756222
8626	431265600	14.2	756222
8626	433857600	6.8	756222
8626	436536000	0.8	756222
8626	439128000	-11.6	756222
8626	441806400	-11.5	756222
8626	444484800	-3.7	756222
8626	446990400	-6.9	756222
8626	449668800	5.2	756222
8626	452260800	9.2	756222
8626	454939200	17.1	756222
8626	457531200	17.2	756222
8626	460209600	18.7	756222
8626	462888000	12.1	756222
8626	465480000	8.9	756222
8626	468158400	0.7	756222
8626	470750400	-6	756222
8626	473428800	-9.6	756222
8626	476107200	-10.1	756222
8626	478526400	-1.3	756222
8626	481204800	5.6	756222
8626	483796800	12	756222
8626	486475200	14.1	756222
8626	489067200	17.5	756222
8626	491745600	16.9	756222
8626	494424000	13.7	756222
8626	497016000	8	756222
8626	499694400	-1.3	756222
8626	502286400	-10.7	756222
8626	504964800	-8.2	756222
8626	507643200	-8.6	756222
8626	510062400	-1.9	756222
8626	512740800	6.6	756222
8626	515332800	13.2	756222
8626	518011200	14.5	756222
8626	520603200	19.6	756222
8626	523281600	15.7	756222
8626	525960000	13	756222
8626	528552000	6.7	756222
8626	531230400	-2.1	756222
8626	533822400	-4.3	756222
8626	536500800	-6	756222
8626	539179200	-4.5	756222
8626	541598400	-1.3	756222
8626	544276800	7.2	756222
8626	546868800	12.3	756222
8626	549547200	17.5	756222
8626	552139200	20.4	756222
8626	554817600	17.8	756222
8626	557496000	14.4	756222
8626	560088000	5.1	756222
8626	562766400	1.4	756222
8626	565358400	-3.1	756222
8626	568036800	-10.5	756222
8626	570715200	-10	756222
8626	573220800	-3.6	756222
8626	575899200	4.4	756222
8626	578491200	12.5	756222
8626	581169600	17.3	756222
8626	583761600	20.1	756222
8626	586440000	18.7	756222
8626	589118400	13.2	756222
8626	591710400	4.5	756222
8626	594388800	1.3	756222
8626	596980800	-6.9	756222
8626	599659200	-6	756222
8626	602337600	-11.3	756222
8626	604756800	-5.9	756222
8626	607435200	2.1	756222
8626	610027200	10.3	756222
8626	612705600	14.6	756222
8626	615297600	19.5	756222
8626	617976000	18.3	756222
8626	620654400	14	756222
8626	623246400	7.8	756222
8626	625924800	-3.3	756222
8626	628516800	-12.3	756222
8626	631195200	-4.5	756222
8626	633873600	-7.6	756222
8626	636292800	-0.5	756222
8626	638971200	5.9	756222
8626	641563200	8.4	756222
8626	644241600	15.4	756222
8626	646833600	17.6	756222
8626	649512000	17.6	756222
8626	652190400	13.6	756222
8626	654782400	6.3	756222
8626	657460800	1.8	756222
8626	660052800	-6.2	756222
8626	662731200	-10.9	756222
8626	665409600	-6.2	756222
8626	667828800	-2.2	756222
8626	670507200	6	756222
8626	673099200	13.2	756222
8626	675777600	17.7	756222
8626	678369600	18.7	756222
8626	681048000	19.3	756222
8626	683726400	12.7	756222
8626	686318400	6.6	756222
8626	688996800	-1.6	756222
8626	691588800	-5.4	756222
8626	694267200	-7.2	756222
8626	696945600	-6.5	756222
8626	699451200	-4.1	756222
8626	702129600	3	756222
8626	704721600	11.6	756222
8626	707400000	13.7	756222
8626	709992000	15.2	756222
8626	712670400	15.7	756222
8626	715348800	12.7	756222
8626	717940800	5.6	756222
8626	720619200	-1.4	756222
8626	723211200	-6	756222
8626	725889600	-7.5	756222
8626	728568000	-8.3	756222
8626	730987200	-5	756222
8626	733665600	1.4	756222
8626	736257600	10.4	756222
8626	738936000	14.3	756222
8626	741528000	18.8	756222
8626	744206400	19.2	756222
8626	746884800	10.6	756222
8626	749476800	6	756222
8626	752155200	-0.5	756222
8626	754747200	-5.1	756222
8626	757425600	-14.4	756222
8626	760104000	-11.8	756222
8626	762523200	-2.6	756222
8626	765201600	3.3	756222
8626	767793600	10.9	756222
8626	770472000	17.7	756222
8626	773064000	17.8	756222
8626	775742400	16	756222
8626	778420800	14.5	756222
8626	781012800	8.8	756222
8626	783691200	1.6	756222
8626	786283200	-2.1	756222
8626	788961600	-7.4	756222
8626	791640000	-8.7	756222
8626	794059200	-1.6	756222
8626	796737600	1.8	756222
8626	799329600	10	756222
8626	802008000	19	756222
8626	804600000	18.6	756222
8626	807278400	20.6	756222
8626	809956800	12.8	756222
8626	812548800	8.4	756222
8626	815227200	-4	756222
8626	817819200	-8.5	756222
8626	820497600	-9.5	756222
8626	823176000	-9.8	756222
8626	825681600	-5.9	756222
8626	828360000	0.2	756222
8626	830952000	8.3	756222
8626	833630400	17	756222
8626	836222400	16.6	756222
8626	838900800	17.3	756222
8626	841579200	13.4	756222
8626	844171200	7.3	756222
8626	846849600	-2.5	756222
8626	849441600	-5.8	756222
8626	852120000	-9.7	756222
8626	854798400	-6.6	756222
8626	857217600	-4.3	756222
8626	859896000	2.6	756222
8626	862488000	6.6	756222
8626	865166400	17.3	756222
8626	867758400	17.3	756222
8626	870436800	15.7	756222
8626	873115200	13.7	756222
8626	875707200	6.7	756222
8626	878385600	-1.6	756222
8626	880977600	-3	756222
8626	883656000	-7.5	756222
8626	886334400	-1.9	756222
8626	888753600	-3	756222
8626	891432000	5.6	756222
8626	894024000	12.3	756222
8626	896702400	15.3	756222
8626	899294400	18.5	756222
8626	901972800	19.1	756222
8626	904651200	16	756222
8626	907243200	9.4	756222
8626	909921600	2	756222
8626	912513600	-4.1	756222
8626	915192000	-10	756222
8626	917870400	-5.4	756222
8626	920289600	-2.2	756222
8626	922968000	5.3	756222
8626	925560000	12.5	756222
8626	928238400	16.6	756222
8626	930830400	21.3	756222
8626	933508800	16.9	756222
8626	936187200	14.7	756222
8626	938779200	5.9	756222
8626	941457600	4.3	756222
8626	944049600	-4.8	756222
8626	946728000	-8.6	756222
8626	949406400	-5.9	756222
8626	951912000	1.4	756222
8626	954590400	3.1	756222
8626	957182400	12.4	756222
8626	959860800	15.5	756222
8626	962452800	17.7	756222
8626	965131200	17	756222
8626	967809600	13.2	756222
8626	970401600	8.7	756222
8626	973080000	1	756222
8626	975672000	-9.6	756222
8626	978350400	-6.2	756222
8626	981028800	-10.3	756222
8626	983448000	-3.5	756222
8626	986126400	5.9	756222
8626	988718400	12.1	756222
8626	991396800	16.4	756222
8626	993988800	18.4	756222
8626	996667200	19.6	756222
8626	999345600	12.7	756222
8626	1001937600	6.4	756222
8626	1004616000	4.4	756222
8626	1007208000	-2.4	756222
8626	1009886400	-6	756222
8626	1012564800	-6	756222
8626	1014984000	-6.1	756222
8626	1017662400	2.6	756222
8626	1020254400	7.8	756222
8626	1022932800	16.7	756222
8626	1025524800	21.6	756222
8626	1028203200	18.5	756222
8626	1030881600	15.7	756222
8626	1033473600	5.3	756222
8626	1036152000	-1.3	756222
8626	1038744000	-4.3	756222
8626	1041422400	-9.3	756222
8626	1044100800	-11.3	756222
8626	1046520000	-4.6	756222
8626	1049198400	1.7	756222
8626	1051790400	9.8	756222
8626	1054468800	15.2	756222
8626	1057060800	18.5	756222
8626	1059739200	18.6	756222
8626	1062417600	14.3	756222
8626	1065009600	6.9	756222
8626	1067688000	0.8	756222
8626	1070280000	-3.6	756222
8626	1072958400	-11.1	756222
8626	1075636800	-6.6	756222
8626	1078142400	-1	756222
8626	1080820800	2.7	756222
8626	1083412800	9	756222
8626	1086091200	14	756222
8626	1088683200	16.8	756222
8626	1091361600	15.4	756222
8626	1094040000	16	756222
8626	1096632000	7.9	756222
8626	1099310400	2	756222
8626	1101902400	-6.2	756222
8626	1104580800	-8.7	756222
8626	1107259200	-5.3	756222
8626	1109678400	-4.4	756222
8626	1112356800	6.4	756222
8626	1114948800	9.4	756222
8626	1117627200	18.3	756222
8626	1120219200	19.6	756222
8626	1122897600	19.3	756222
8626	1125576000	15.5	756222
8626	1128168000	8.8	756222
8626	1130846400	-0.1	756222
8626	1133438400	-7	756222
8626	1136116800	-3.5	756222
8626	1138795200	-7	756222
8626	1141214400	-1.4	756222
8626	1143892800	7	756222
8626	1146484800	11.1	756222
8626	1149163200	15.7	756222
8626	1151755200	20.6	756222
8626	1154433600	18.1	756222
8626	1157112000	12.9	756222
8626	1159704000	6	756222
8626	1162382400	2.9	756222
8626	1164974400	-2.5	756222
8626	1167652800	-5.2	756222
8626	1170331200	-9.7	756222
8626	1172750400	0.2	756222
8626	1175428800	3.4	756222
8626	1178020800	12.8	756222
8626	1180699200	18.5	756222
8626	1183291200	19.2	756222
8626	1185969600	18.9	756222
8626	1188648000	14.8	756222
8626	1191240000	10.6	756222
8626	1193918400	0.3	756222
8626	1196510400	-6.3	756222
8626	1199188800	-6.9	756222
8626	1201867200	-9.5	756222
8626	1204372800	-5.3	756222
8626	1207051200	3.6	756222
8626	1209643200	8.2	756222
8626	1212321600	15.9	756222
8626	1214913600	18.7	756222
8626	1217592000	17.8	756222
8626	1220270400	14.3	756222
8626	1222862400	7.7	756222
8626	1225540800	1.3	756222
8626	1228132800	-8.3	756222
8626	1230811200	-12.3	756222
8626	1233489600	-7.1	756222
8626	1235908800	-2.7	756222
8626	1238587200	3.7	756222
8626	1241179200	9.5	756222
8626	1243857600	15	756222
8626	1246449600	15.9	756222
8626	1249128000	17	756222
8626	1251806400	15.9	756222
8626	1254398400	4.8	756222
8626	1257076800	4.3	756222
8626	1259668800	-7.1	756222
8626	1262347200	-6.4	756222
8626	1265025600	-5.3	756222
8626	1267444800	1.6	756222
8626	1270123200	7.5	756222
8626	1272715200	13.5	756222
8626	1275393600	15.6	756222
8626	1277985600	20.3	756222
8626	1280664000	20.3	756222
8626	1283342400	12.5	756222
8626	1285934400	8.9	756222
8626	1288612800	1.8	756222
8626	1291204800	-5.8	756222
8626	1293883200	-9.1	756222
8626	1296561600	-7.3	756222
8626	1298980800	-3.3	756222
8626	1301659200	3.4	756222
8626	1304251200	10.2	756222
8626	1306929600	15.6	756222
8626	1309521600	21.4	756222
8626	1312200000	19.7	756222
8626	1314878400	14.2	756222
8626	1317470400	9.5	756222
8626	1320148800	2.1	756222
8626	1322740800	-3.7	756222
8626	1325419200	-5.8	756222
8626	1328097600	-3.4	756222
8626	1330603200	4.6	756222
8626	1333281600	4.8	756222
8626	1335873600	13.2	756222
8626	1338552000	17.8	756222
8626	1341144000	21.3	756222
8626	1343822400	18.9	756222
8626	1346500800	12.9	756222
8626	1349092800	7.1	756222
8626	1351771200	1.5	756222
8626	1354363200	-2.4	756222
8626	1357041600	-6.9	756222
8626	1359720000	-7.5	756222
8626	1362139200	-4.1	756222
8626	1364817600	1.5	756222
8626	1367409600	9.7	756222
8626	1370088000	15.2	756222
8626	1372680000	19	756222
8626	1375358400	18.2	756222
8626	1378036800	13.4	756222
8626	1380628800	7.2	756222
8626	1383307200	-0.8	756222
8626	1385899200	-10.2	756222
8626	1388577600	-13.1	756222
8626	1391256000	-13.2	756222
8626	1393675200	-9.7	756222
8630	-2445681600	18.3	756233
8630	-2443003200	16.5	756233
11457	-1133352000	-18.3	712910
11457	-1130932800	-10.6	712910
11457	-1128254400	-0.2	712910
11457	-1125662400	8.3	712910
11457	-1122984000	13.3	712910
11457	-1120392000	16.5	712910
11457	-1117713600	14	712910
11457	-1115035200	10.1	712910
11457	-1112443200	6.1	712910
11457	-1109764800	-1.3	712910
11457	-1107172800	-11.1	712910
11457	-1104494400	-19	712910
11457	-1101816000	-11	712910
11457	-1099396800	-6.3	712910
11457	-1096718400	0.9	712910
11457	-1094126400	7.5	712910
11457	-1091448000	12.7	712910
11457	-1088856000	19	712910
11457	-1086177600	16.5	712910
11457	-1083499200	10.4	712910
11457	-1080907200	4.5	712910
11457	-1078228800	-5.1	712910
11457	-1075636800	-10	712910
11457	-1072958400	-18	712910
11457	-1070280000	-20	712910
11457	-1067774400	-5.5	712910
11457	-1065096000	-2	712910
11457	-1062504000	7.2	712910
11457	-1059825600	12.9	712910
11457	-1057233600	19.1	712910
11457	-1054555200	15.7	712910
11457	-1051876800	11.9	712910
11457	-1049284800	1.9	712910
11457	-1046606400	-6.9	712910
11457	-1044014400	-9.3	712910
11457	-1041336000	-19.4	712910
11457	-1038657600	-12	712910
11457	-1036238400	-9.5	712910
11457	-1033560000	2.4	712910
11457	-1030968000	8.1	712910
11457	-1028289600	14.6	712910
11457	-1025697600	17.2	712910
11457	-1023019200	16.3	712910
11457	-1020340800	11.4	712910
11457	-1017748800	4.2	712910
11457	-1015070400	-2.6	712910
11457	-1012478400	-12.7	712910
11457	-1009800000	-18.3	712910
11457	-1007121600	-15.3	712910
11457	-1004702400	-5.8	712910
11457	-1002024000	-0.6	712910
11457	-999432000	7.2	712910
11457	-996753600	12.7	712910
11457	-994161600	16.3	712910
11457	-991483200	16.1	712910
11457	-988804800	11	712910
11457	-986212800	6.7	712910
11457	-983534400	-4	712910
11457	-980942400	-9.2	712910
11457	-978264000	-13.6	712910
11457	-975585600	-19.3	712910
11457	-973166400	-10	712910
11457	-970488000	-0.6	712910
11457	-967896000	8	712910
11457	-965217600	14.5	712910
11457	-962625600	17.4	712910
11457	-959947200	17.5	712910
11457	-957268800	11.7	712910
11457	-954676800	3.5	712910
11457	-951998400	-0.1	712910
11457	-949406400	-4.9	712910
11457	-946728000	-12.9	712910
11457	-944049600	-10.9	712910
11457	-941544000	-11.1	712910
11457	-938865600	0.7	712910
11457	-936273600	7	712910
11457	-933595200	13.3	712910
11457	-931003200	17.5	712910
11457	-928324800	16.8	712910
11457	-925646400	14.2	712910
11457	-923054400	6.5	712910
11457	-920376000	-4.3	712910
11457	-917784000	-9	712910
11457	-915105600	-14.4	712910
11457	-912427200	-12.2	712910
11457	-910008000	-8.1	712910
11457	-907329600	4.1	712910
11457	-904737600	11	712910
11457	-902059200	15.7	712910
11457	-899467200	18	712910
11457	-896788800	15.8	712910
11495	-526046400	5.6	714330
11495	-523368000	7.8	714330
11495	-520776000	12.4	714330
11495	-518097600	16.3	714330
11495	-515419200	12.6	714330
11495	-512827200	9.2	714330
11495	-510148800	4.5	714330
11607	859896000	2	717490
11607	862488000	6.7	717490
11607	865166400	16.3	717490
11607	867758400	17.8	717490
11607	870436800	15.9	717490
11607	873115200	13.2	717490
11607	875707200	5.4	717490
11607	878385600	-3.5	717490
11607	880977600	-4.9	717490
11607	883656000	-11.1	717490
11607	886334400	-3.3	717490
11607	888753600	-3.4	717490
11607	891432000	5.8	717490
11607	894024000	11.4	717490
11607	896702400	14.5	717490
11607	899294400	18.7	717490
11607	901972800	18.4	717490
11607	904651200	14.4	717490
11607	907243200	7.5	717490
11607	909921600	-0.7	717490
11607	912513600	-8.8	717490
11607	915192000	-14.7	717490
11607	917870400	-7.3	717490
11607	920289600	-4.5	717490
11607	922968000	4.6	717490
11607	925560000	10.8	717490
11607	928238400	15.5	717490
11607	930830400	19.4	717490
11607	933508800	16.5	717490
11607	936187200	12.4	717490
11607	938779200	4.9	717490
11607	941457600	1.3	717490
11607	944049600	-7.8	717490
11607	946728000	-15.5	717490
11607	949406400	-8.4	717490
11607	951912000	-0.1	717490
11607	954590400	1.7	717490
11607	957182400	10	717490
11607	959860800	13	717490
11607	962452800	17.3	717490
11607	965131200	16.5	717490
11607	967809600	11.1	717490
11607	970401600	6.6	717490
11607	973080000	-0.9	717490
11607	975672000	-16.1	717490
11607	978350400	-10.4	717490
11607	981028800	-13.8	717490
11607	983448000	-5.6	717490
11607	986126400	3.9	717490
11607	988718400	10.5	717490
11607	991396800	15.1	717490
11607	993988800	17	717490
11607	996667200	18.9	717490
11607	999345600	12.5	717490
11607	1001937600	5.4	717490
11607	1004616000	2.7	717490
11607	1007208000	-4.6	717490
11607	1009886400	-9.9	717490
11607	1012564800	-7.2	717490
11607	1014984000	-8.3	717490
11607	1017662400	2.4	717490
11607	1020254400	7.2	717490
11607	1022932800	15.1	717490
11607	1025524800	20.4	717490
11607	1028203200	17.3	717490
11607	1030881600	14	717490
11607	1033473600	2.1	717490
11607	1036152000	-3.8	717490
11607	1038744000	-6.7	717490
11607	1041422400	-13.1	717490
11607	1044100800	-16.2	717490
11607	1046520000	-7.1	717490
11607	1049198400	1.7	717490
11607	1051790400	9.5	717490
11607	1054468800	14	717490
11607	1057060800	17.9	717490
11607	1059739200	19.2	717490
11607	1062417600	13.2	717490
11607	1065009600	5.2	717490
11607	1067688000	-2.6	717490
11607	1070280000	-6.6	717490
11607	1072958400	-18.2	717490
11607	1075636800	-8.5	717490
11607	1078142400	-3.5	717490
11607	1080820800	2.6	717490
11607	1083412800	7.2	717490
11607	1086091200	13.5	717490
11607	1088683200	16.9	717490
11607	1091361600	14.5	717490
11607	1094040000	14.3	717490
11607	1096632000	6.3	717490
11607	1099310400	0	717490
11607	1101902400	-11.4	717490
11607	1104580800	-15.9	717490
11607	1107259200	-8.3	717490
11607	1109678400	-7.9	717490
11607	1112356800	4.7	717490
11607	1114948800	8.4	717490
11607	1117627200	16.4	717490
11607	1120219200	18.7	717490
11607	1122897600	17.8	717490
11607	1125576000	14.2	717490
11607	1128168000	7.2	717490
11607	1130846400	-1.6	717490
11607	1133438400	-8.4	717490
11607	1136116800	-7	717490
11607	1138795200	-12.8	717490
11607	1141214400	-3	717490
11607	1143892800	6.4	717490
11607	1146484800	10.5	717490
11607	1149163200	15.8	717490
11607	1151755200	19.8	717490
11607	1154433600	17.9	717490
11607	1157112000	11.7	717490
11607	1159704000	4.2	717490
11607	1162382400	0.3	717490
11607	1164974400	-5.5	717490
11607	1167652800	-10.8	717490
11607	1170331200	-14.6	717490
11607	1172750400	-2.9	717490
11607	1175428800	2.4	717490
11607	1178020800	10.3	717490
11607	1180699200	15.5	717490
11607	1183291200	18.6	717490
11607	1185969600	17.2	717490
11607	1188648000	13.3	717490
11607	1191240000	8.2	717490
11607	1193918400	-2.1	717490
11607	1196510400	-11.1	717490
11607	1199188800	-11.6	717490
11607	1201867200	-13.2	717490
11607	1204372800	-7.1	717490
11607	1207051200	3	717490
11607	1209643200	7.6	717490
11607	1212321600	14.8	717490
11607	1214913600	17.8	717490
11607	1217592000	17.4	717490
11607	1220270400	12.6	717490
11607	1222862400	6.8	717490
11607	1225540800	-1.3	717490
11607	1228132800	-14.6	717490
11607	1230811200	-16.6	717490
11607	1233489600	-11.4	717490
11607	1235908800	-6	717490
11607	1238587200	2.6	717490
11607	1241179200	8.2	717490
11607	1243857600	13.9	717490
11607	1246449600	16	717490
11607	1249128000	16	717490
11607	1251806400	15.2	717490
11607	1254398400	3.9	717490
11607	1257076800	2.5	717490
11607	1259668800	-11	717490
11607	1262347200	-11.7	717490
11607	1265025600	-9.6	717490
11607	1267444800	1.7	717490
11607	1270123200	6.3	717490
11607	1272715200	11.5	717490
11607	1275393600	14.9	717490
11607	1277985600	19.5	717490
11607	1280664000	19	717490
11607	1283342400	10.7	717490
11607	1285934400	6.9	717490
11607	1288612800	-0.3	717490
11607	1291204800	-10.1	717490
11607	1293883200	-16	717490
11607	1296561600	-11.1	717490
11607	1298980800	-5.8	717490
11607	1301659200	2.4	717490
11607	1304251200	9.5	717490
11607	1306929600	14.1	717490
11607	1309521600	19.3	717490
11607	1312200000	18.7	717490
11607	1314878400	13.2	717490
11607	1317470400	7.5	717490
11607	1320148800	-0.2	717490
11607	1322740800	-7	717490
11607	1325419200	-9.4	717490
12136	-526046400	10.4	727440
12136	-523368000	16	727440
12136	-520776000	18.7	727440
12136	-518097600	19.9	727440
12136	-515419200	13	727440
12136	-512827200	10.4	727440
12136	-510148800	3.4	727440
12136	-507556800	-3.8	727440
12136	-504878400	-8.7	727440
12136	-502200000	-2.8	727440
12136	-499780800	-4.3	727440
12136	-497102400	3.7	727440
12136	-494510400	7	727440
12136	-491832000	17.2	727440
12136	-489240000	17.8	727440
12136	-486561600	17	727440
12136	-483883200	12.3	727440
12136	-481291200	6.8	727440
12136	-478612800	2.5	727440
12136	-476020800	-4.2	727440
12304	-2437732800	7.3	756233
12304	-2435054400	-3	756233
12304	-2432462400	-8.8	756233
12304	-2429784000	-14.9	756233
12304	-2427105600	-12.5	756233
12304	-2424686400	-7.1	756233
12304	-2422008000	-1	756233
12304	-2419416000	6.4	756233
12304	-2416737600	16.7	756233
12304	-2414145600	16.8	756233
12304	-2411467200	15.6	756233
12304	-2408788800	10.8	756233
12304	-2406196800	6.8	756233
12304	-2403518400	-0.8	756233
12304	-2400926400	-9.5	756233
12304	-2398248000	-8.7	756233
12304	-2395569600	-10.6	756233
12304	-2393150400	-1.8	756233
12304	-2390472000	3.2	756233
12304	-2387880000	6.4	756233
12304	-2385201600	16	756233
12304	-2382609600	17.3	756233
12304	-2379931200	15.4	756233
12304	-2377252800	13.5	756233
12304	-2374660800	6.7	756233
12304	-2371982400	-3.7	756233
12304	-2369390400	-4.7	756233
12304	-2366712000	-10.4	756233
12304	-2364033600	-12.1	756233
12304	-2361614400	-7.9	756233
12304	-2358936000	3.1	756233
12304	-2356344000	9.7	756233
12304	-2353665600	15.3	756233
12304	-2351073600	15	756233
12304	-2348395200	15.2	756233
12304	-2345716800	13.1	756233
12304	-2343124800	3.3	756233
12304	-2340446400	-1.6	756233
12304	-2337854400	-6.3	756233
12304	-2335176000	-8.4	756233
12304	-2332497600	-9.4	756233
12304	-2329992000	-8.5	756233
12304	-2327313600	3.4	756233
12304	-2324721600	11	756233
12304	-2322043200	15.2	756233
12304	-2319451200	16.6	756233
12304	-2316772800	16.3	756233
12304	-2314094400	10.4	756233
12304	-2311502400	4.1	756233
12304	-2308824000	-3.1	756233
12304	-2306232000	-6.6	756233
12304	-2303553600	-8.5	756233
12304	-2300875200	-9.3	756233
12304	-2298456000	-6.4	756233
12304	-2295777600	2	756233
12304	-2293185600	7.3	756233
12304	-2290507200	12.3	756233
12304	-2287915200	19.1	756233
12304	-2285236800	14.7	756233
12304	-2282558400	15.2	756233
12304	-2279966400	7.9	756233
12304	-2277288000	-3	756233
12304	-2274696000	-8.9	756233
12304	-2272017600	-8.5	756233
12304	-2269339200	-8.1	756233
12304	-2266920000	-2.1	756233
12304	-2264241600	2.2	756233
12304	-2261649600	9.3	756233
12304	-2258971200	13.5	756233
12304	-2256379200	17.7	756233
12304	-2253700800	15.8	756233
12304	-2251022400	14.4	756233
12304	-2248430400	6.1	756233
12304	-2245752000	-0.4	756233
12304	-2243160000	-9.1	756233
12304	-2240481600	-12.9	756233
12304	-2237803200	-15.8	756233
12304	-2235384000	-11.5	756233
12304	-2232705600	3.8	756233
12304	-2230113600	8.9	756233
12304	-2227435200	15.3	756233
12304	-2224843200	17.6	756233
12304	-2222164800	17.4	756233
12304	-2219486400	9.6	756233
12304	-2216894400	8.2	756233
12304	-2214216000	3.3	756233
12304	-2211624000	-7.3	756233
12304	-2208945600	-7.5	756233
12304	-2206267200	-13.7	756233
12304	-2203848000	-9.1	756233
12304	-2201169600	4.7	756233
12304	-2198577600	9.7	756233
12304	-2195899200	14.1	756233
12304	-2193307200	15.5	756233
12304	-2190628800	19.5	756233
12304	-2187950400	13.3	756233
12304	-2185358400	11.3	756233
12304	-2182680000	-2.5	756233
12304	-2180088000	-6.3	756233
12304	-2177409600	-9.3	756233
12304	-2174731200	-13.5	756233
12304	-2172312000	-6.4	756233
12304	-2169633600	3.3	756233
12304	-2167041600	9.4	756233
12304	-2164363200	16.6	756233
12304	-2161771200	17.2	756233
12304	-2159092800	17.8	756233
12304	-2156414400	12.1	756233
12304	-2153822400	6.7	756233
12304	-2151144000	-1.9	756233
12304	-2148552000	-7.9	756233
12304	-2145873600	-9.5	756233
12304	-2143195200	-7	756233
12304	-2140776000	-2.5	756233
12304	-2138097600	3	756233
12304	-2135505600	10.3	756233
12304	-2132827200	13.1	756233
12304	-2130235200	18.8	756233
12304	-2127556800	15.7	756233
12304	-2124878400	10.6	756233
12304	-2122286400	4.5	756233
12304	-2119608000	1.9	756233
12304	-2117016000	-7.8	756233
12304	-2114337600	-9	756233
12304	-2111659200	-9.2	756233
12304	-2109240000	-1.7	756233
12304	-2106561600	2	756233
12304	-2103969600	8.1	756233
12304	-2101291200	9.9	756233
12304	-2098699200	12.4	756233
12304	-2096020800	12	756233
12304	-2093342400	11.9	756233
12304	-2090750400	7	756233
12304	-2088072000	-2.5	756233
12304	-2085480000	-9.9	756233
12304	-2082801600	-13.7	756233
12304	-2080123200	-16	756233
12304	-2077617600	-5.2	756233
12304	-2074939200	-1.5	756233
12304	-2072347200	8.9	756233
12304	-2069668800	14.6	756233
12304	-2067076800	16	756233
12304	-2064398400	13.8	756233
12304	-2061720000	10.6	756233
12304	-2059128000	5.3	756233
12304	-2056449600	1.2	756233
12304	-2053857600	-8.3	756233
12304	-2051179200	-10.7	756233
12304	-2048500800	-12.3	756233
12304	-2046081600	-5.8	756233
12304	-2043403200	1.1	756233
12304	-2040811200	6.7	756233
12304	-2038132800	12.6	756233
12304	-2035540800	15.4	756233
12304	-2032862400	16.1	756233
12304	-2030184000	12.9	756233
12304	-2027592000	3.8	756233
12304	-2024913600	-0.3	756233
12304	-2022321600	-5.8	756233
12304	-2019643200	-6.6	756233
12304	-2016964800	-10.9	756233
12304	-2014545600	-8.9	756233
12304	-2011867200	4	756233
12304	-2009275200	7	756233
12304	-2006596800	15.9	756233
12304	-2004004800	17.2	756233
12304	-2001326400	17.5	756233
12304	-1998648000	14.5	756233
12304	-1996056000	6.2	756233
12304	-1993377600	-0.2	756233
12304	-1990785600	-7.6	756233
12304	-1988107200	-11.9	756233
12304	-1985428800	-10.7	756233
12304	-1983009600	-4.1	756233
12304	-1980331200	-2.5	756233
12304	-1977739200	3.4	756233
12304	-1975060800	15.9	756233
12304	-1972468800	15.5	756233
12304	-1969790400	14.2	756233
12304	-1967112000	10.8	756233
12304	-1964520000	4.6	756233
12304	-1961841600	-1.5	756233
12304	-1959249600	-5.6	756233
12304	-1956571200	-7.3	756233
12304	-1953892800	-9.9	756233
12304	-1951387200	-5.6	756233
12304	-1948708800	1.5	756233
12304	-1946116800	8.4	756233
12304	-1943438400	15	756233
12304	-1940846400	17	756233
12304	-1938168000	15.6	756233
12304	-1935489600	16.1	756233
12304	-1932897600	8.4	756233
12304	-1930219200	0.5	756233
12304	-1927627200	-7.8	756233
12304	-1924948800	-9	756233
12304	-1922270400	-8.9	756233
12304	-1919851200	-5.9	756233
12304	-1917172800	-0.9	756233
12304	-1914580800	7.3	756233
12304	-1911902400	15.8	756233
12304	-1909310400	16	756233
12304	-1906632000	16.4	756233
12304	-1903953600	11.5	756233
12304	-1901361600	5.6	756233
12304	-1898683200	2.6	756233
12304	-1896091200	-6	756233
12304	-1893412800	-9.4	756233
12304	-1890734400	-12.8	756233
12304	-1888315200	1.5	756233
12304	-1885636800	4.2	756233
12304	-1883044800	6.5	756233
12304	-1880366400	15.1	756233
12304	-1877774400	18	756233
12304	-1875096000	15.4	756233
12304	-1872417600	11.3	756233
12304	-1869825600	7.3	756233
12304	-1867147200	-2.1	756233
12304	-1864555200	-7.9	756233
12304	-1861876800	-10.6	756233
12304	-1859198400	-7.4	756233
12304	-1856779200	-4.6	756233
12304	-1854100800	1.4	756233
12304	-1851508800	11.6	756233
12304	-1848830400	14.6	756233
12304	-1846238400	17.4	756233
12304	-1843560000	15.8	756233
12304	-1840881600	11.5	756233
12304	-1838289600	5.4	756233
12304	-1835611200	-2.5	756233
12304	-1833019200	-3.3	756233
12304	-1830340800	-17.4	756233
12304	-1827662400	-12.8	756233
12304	-1825156800	-8.1	756233
12304	-1822478400	1.5	756233
12304	-1819886400	8	756233
12304	-1817208000	12.9	756233
12304	-1814616000	16.6	756233
12304	-1811937600	13.3	756233
12304	-1809259200	13.3	756233
12304	-1806667200	8.1	756233
12304	-1803988800	0.4	756233
12304	-1801396800	-5.1	756233
12304	-1798718400	-8.1	756233
12304	-1796040000	-12.7	756233
12304	-1793620800	-7	756233
12304	-1790942400	2.2	756233
12304	-1788350400	6.9	756233
12304	-1785672000	15	756233
12304	-1783080000	15.1	756233
12304	-1780401600	16.7	756233
12304	-1777723200	11.8	756233
12304	-1775131200	6.5	756233
12304	-1772452800	1.3	756233
12304	-1769860800	-3.3	756233
12304	-1767182400	-6.7	756233
12304	-1764504000	-12.9	756233
12304	-1762084800	-5.6	756233
12304	-1759406400	0.4	756233
12304	-1756814400	10.7	756233
12304	-1754136000	13.3	756233
12304	-1751544000	17.3	756233
12304	-1748865600	16.2	756233
12304	-1746187200	12.8	756233
12304	-1743595200	9.7	756233
12304	-1740916800	-0.3	756233
12304	-1738324800	-8.3	756233
12304	-1735646400	-10	756233
12304	-1732968000	-5.7	756233
12304	-1730548800	-4.8	756233
12304	-1727870400	6.7	756233
12304	-1725278400	5.7	756233
12304	-1722600000	10.7	756233
12304	-1720008000	14.8	756233
12304	-1717329600	13.5	756233
12304	-1714651200	13.3	756233
12304	-1712059200	7.1	756233
12304	-1709380800	0.6	756233
12304	-1706788800	-5.9	756233
12304	-1704110400	-9.1	756233
12304	-1701432000	-11.4	756233
12304	-1698926400	-8.9	756233
12304	-1696248000	1.6	756233
12304	-1693656000	7.6	756233
12304	-1690977600	11.3	756233
12304	-1688385600	19.7	756233
12304	-1685707200	18	756233
12304	-1683028800	11.4	756233
12304	-1680436800	6.1	756233
12304	-1677758400	-1.2	756233
12304	-1675166400	-9	756233
12304	-1672488000	-12.4	756233
12304	-1669809600	-16.5	756233
12304	-1667390400	-6.5	756233
12304	-1664712000	-1.3	756233
12304	-1662120000	3.8	756233
12304	-1659441600	9.4	756233
12304	-1656849600	16.1	756233
12304	-1654171200	14.6	756233
12304	-1651492800	11.6	756233
12304	-1648900800	3	756233
12304	-1646222400	0.4	756233
12304	-1643630400	-10.3	756233
12304	-1640952000	-15.3	756233
12304	-1638273600	-12.2	756233
12304	-1635854400	-1.7	756233
12304	-1633176000	3.2	756233
12304	-1630584000	10.7	756233
12304	-1627905600	12	756233
12304	-1625313600	15.6	756233
12304	-1622635200	16.1	756233
12304	-1619956800	8.3	756233
12304	-1617364800	6	756233
12304	-1614686400	1.4	756233
12304	-1612094400	-3.8	756233
12304	-1609416000	-5.6	756233
12304	-1606737600	-6.4	756233
12304	-1604318400	-3.2	756233
12304	-1601640000	2.4	756233
12304	-1599048000	8.2	756233
12304	-1596369600	17.2	756233
12304	-1593777600	18.5	756233
12304	-1591099200	16.3	756233
12304	-1588420800	13.5	756233
12304	-1585828800	5.7	756233
12304	-1583150400	-2.2	756233
12304	-1580558400	-11.5	756233
12304	-1577880000	-14.6	756233
12304	-1575201600	-11.9	756233
12304	-1572696000	-5.5	756233
12304	-1570017600	-0.7	756233
12304	-1567425600	8	756233
12304	-1564747200	13.7	756233
12304	-1562155200	14.3	756233
12304	-1559476800	15.5	756233
12304	-1556798400	13.9	756233
12304	-1554206400	10.3	756233
12304	-1551528000	-0.8	756233
12304	-1548936000	-4.2	756233
12304	-1546257600	-5.9	756233
12304	-1543579200	-6.6	756233
12304	-1541160000	-3.1	756233
12304	-1538481600	5.6	756233
12304	-1535889600	9.3	756233
12304	-1533211200	16.9	756233
12304	-1530619200	21.2	756233
12304	-1527940800	16.7	756233
12304	-1525262400	15.2	756233
12304	-1522670400	7.1	756233
12304	-1519992000	-2.3	756233
12304	-1517400000	-6.1	756233
12304	-1514721600	-10.6	756233
12304	-1512043200	-10.3	756233
12304	-1509624000	-3	756233
12304	-1506945600	2.1	756233
12304	-1504353600	11.8	756233
12304	-1501675200	14.1	756233
12304	-1499083200	15.4	756233
12304	-1496404800	16.5	756233
12304	-1493726400	14.1	756233
12304	-1491134400	6.8	756233
12304	-1488456000	1.8	756233
12304	-1485864000	-8.7	756233
12304	-1483185600	-9.1	756233
12304	-1480507200	-13.3	756233
12304	-1478088000	-9.8	756233
12304	-1475409600	-0.6	756233
12304	-1472817600	8.4	756233
12304	-1470139200	14.3	756233
12304	-1467547200	16.5	756233
12304	-1464868800	14.1	756233
12304	-1462190400	12	756233
12304	-1459598400	5.5	756233
12304	-1456920000	1.5	756233
12304	-1454328000	-2.3	756233
12304	-1451649600	-13.7	756233
12304	-1448971200	-9.4	756233
12304	-1446465600	-5.2	756233
12304	-1443787200	1.1	756233
12304	-1441195200	5.3	756233
12304	-1438516800	12	756233
12304	-1435924800	15	756233
12304	-1433246400	15.1	756233
12304	-1430568000	10.8	756233
12304	-1427976000	8.6	756233
12304	-1425297600	-0.2	756233
12304	-1422705600	-10.8	756233
12304	-1420027200	-9.8	756233
12304	-1417348800	-9.2	756233
12304	-1414929600	-4.6	756233
12304	-1412251200	3.8	756233
12304	-1409659200	6.7	756233
12304	-1406980800	14.7	756233
12304	-1404388800	15.7	756233
12304	-1401710400	18	756233
12304	-1399032000	12.6	756233
12304	-1396440000	1.9	756233
12304	-1393761600	-1	756233
12304	-1391169600	-6.7	756233
12304	-1388491200	-9.6	756233
12304	-1385812800	-8.8	756233
12304	-1383393600	-8.1	756233
12304	-1380715200	-0.7	756233
12304	-1378123200	7	756233
12304	-1375444800	11.2	756233
12304	-1372852800	15.8	756233
12304	-1370174400	15.5	756233
12304	-1367496000	9.9	756233
12304	-1364904000	4.6	756233
12304	-1362225600	-2.9	756233
12304	-1359633600	-8.7	756233
12304	-1356955200	-10.4	756233
12304	-1354276800	-8.4	756233
12304	-1351857600	-1.7	756233
12304	-1349179200	3.1	756233
12304	-1346587200	6.3	756233
12304	-1343908800	12.8	756233
12304	-1341316800	15.7	756233
12304	-1338638400	13.8	756233
12304	-1335960000	14.4	756233
12304	-1333368000	7.1	756233
12304	-1330689600	-1.2	756233
12304	-1328097600	-8.7	756233
12304	-1325419200	-8.3	756233
12304	-1322740800	-10	756233
12304	-1320235200	-5.9	756233
12304	-1317556800	-0.3	756233
12304	-1314964800	8.5	756233
12304	-1312286400	11.4	756233
12304	-1309694400	15.3	756233
12304	-1307016000	16	756233
12304	-1304337600	10.1	756233
12304	-1301745600	6.4	756233
12304	-1299067200	0.2	756233
12304	-1296475200	-4.9	756233
12304	-1293796800	-13.7	756233
12304	-1291118400	-13.3	756233
12304	-1288699200	-2.7	756233
12304	-1286020800	3.5	756233
12304	-1283428800	8.3	756233
12304	-1280750400	11.9	756233
12304	-1278158400	17	756233
12304	-1275480000	15.2	756233
12304	-1272801600	12.5	756233
12304	-1270209600	6.6	756233
12304	-1267531200	-2.4	756233
12304	-1264939200	-7.3	756233
12304	-1262260800	-11.7	756233
12304	-1259582400	-8.2	756233
12304	-1257163200	-4.9	756233
12304	-1254484800	1.8	756233
12304	-1251892800	10.2	756233
12304	-1249214400	15.6	756233
12304	-1246622400	16.5	756233
12304	-1243944000	17.1	756233
12304	-1241265600	13.1	756233
12304	-1238673600	6.8	756233
12304	-1235995200	1.6	756233
12304	-1233403200	-5.7	756233
12304	-1230724800	-6.5	756233
12304	-1228046400	-4.6	756233
12304	-1225627200	-2.9	756233
12304	-1222948800	3.5	756233
12304	-1220356800	9.1	756233
12304	-1217678400	16.3	756233
12304	-1215086400	19.4	756233
12304	-1212408000	16.6	756233
12304	-1209729600	16.4	756233
12304	-1207137600	10	756233
12304	-1204459200	3.8	756233
12304	-1201867200	-2	756233
12304	-1199188800	-4	756233
12304	-1196510400	-6.6	756233
12304	-1194004800	-5.5	756233
12304	-1191326400	1.2	756233
12304	-1188734400	9.2	756233
12304	-1186056000	15.2	756233
12304	-1183464000	16.7	756233
12304	-1180785600	17.9	756233
12304	-1178107200	13.5	756233
12304	-1175515200	5.4	756233
12304	-1172836800	-2	756233
12304	-1170244800	-6.9	756233
12304	-1167566400	-6.7	756233
12304	-1164888000	-9.8	756233
12304	-1162468800	-5.7	756233
12304	-1159790400	1.6	756233
12304	-1157198400	8.8	756233
12304	-1154520000	17.5	756233
12304	-1151928000	17.3	756233
12304	-1149249600	15.3	756233
12304	-1146571200	13.5	756233
12304	-1143979200	4	756233
12304	-1141300800	-3.7	756233
12304	-1138708800	-9.4	756233
12304	-1136030400	-6.4	756233
12304	-1133352000	-12.7	756233
12304	-1130932800	-7.8	756233
12304	-1128254400	1.4	756233
12304	-1125662400	10.7	756233
12304	-1122984000	14.5	756233
12304	-1120392000	16.2	756233
12304	-1117713600	14.3	756233
12304	-1115035200	11.6	756233
12304	-1112443200	6.8	756233
12304	-1109764800	1.3	756233
12304	-1107172800	-6.7	756233
12304	-1104494400	-9.7	756233
12304	-1101816000	-7.8	756233
12304	-1099396800	-3.3	756233
12304	-1096718400	1.6	756233
12304	-1094126400	5.8	756233
12304	-1091448000	11.5	756233
12304	-1088856000	19.2	756233
12304	-1086177600	18.3	756233
12304	-1083499200	11.3	756233
12304	-1080907200	6.2	756233
12304	-1078228800	-1.6	756233
12304	-1075636800	-6.1	756233
12304	-1072958400	-9.4	756233
12304	-1070280000	-16.2	756233
12304	-1067774400	-3.3	756233
12304	-1065096000	-0.5	756233
12304	-1062504000	9.4	756233
12304	-1059825600	12.3	756233
12304	-1057233600	18.4	756233
12304	-1054555200	17.5	756233
12304	-1051876800	13.5	756233
12304	-1049284800	4.6	756233
12304	-1046606400	-3	756233
12304	-1044014400	-5.4	756233
12304	-1041336000	-9.8	756233
12304	-1038657600	-6.6	756233
12304	-1036238400	-7.5	756233
12304	-1033560000	2.2	756233
12304	-1030968000	9.1	756233
12304	-1028289600	14.4	756233
12304	-1025697600	18.2	756233
12304	-1023019200	19.7	756233
12304	-1020340800	12.7	756233
12304	-1017748800	5.3	756233
12304	-1015070400	-0.6	756233
12304	-1012478400	-7.6	756233
12304	-1009800000	-10.3	756233
12304	-1007121600	-7.4	756233
12304	-1004702400	-2.4	756233
12304	-1002024000	3.1	756233
12304	-999432000	8.5	756233
12304	-996753600	13.6	756233
12304	-994161600	17	756233
12304	-991483200	19	756233
12304	-988804800	12.2	756233
12304	-986212800	9.1	756233
12304	-983534400	0.7	756233
12304	-980942400	-5.4	756233
12304	-978264000	-7.9	756233
12304	-975585600	-11.3	756233
12304	-973166400	-6.1	756233
12304	-970488000	0	756233
12304	-967896000	9.4	756233
12304	-965217600	15	756233
12304	-962625600	17.9	756233
12304	-959947200	16.6	756233
12304	-957268800	12.8	756233
12304	-954676800	5.3	756233
12304	-951998400	0	756233
12304	-949406400	-2.5	756233
12304	-946728000	-9.4	756233
12304	-944049600	-7.1	756233
12304	-941544000	-6.6	756233
12304	-938865600	0.3	756233
12304	-936273600	6.2	756233
12304	-933595200	13.3	756233
12304	-931003200	17.4	756233
12304	-928324800	17.1	756233
12304	-925646400	13.7	756233
12304	-923054400	6.8	756233
12304	-920376000	-1.3	756233
12304	-917784000	-5	756233
12304	-915105600	-7.3	756233
12304	-912427200	-6.8	756233
12304	-910008000	-5.5	756233
12304	-907329600	6.1	756233
12304	-904737600	11.7	756233
12304	-902059200	14.5	756233
12304	-899467200	18	756233
12304	-896788800	16.2	756233
12304	-894110400	13.9	756233
12304	-891518400	6.9	756233
12304	-888840000	1	756233
12304	-886248000	-3.4	756233
12304	-883569600	-8.4	756233
12304	-880891200	-7.4	756233
12304	-878472000	-2	756233
12304	-875793600	7	756233
12304	-873201600	8.5	756233
12304	-870523200	14.4	756233
12304	-867931200	17	756233
12304	-865252800	17.2	756233
12304	-862574400	11.6	756233
12304	-859982400	6.7	756233
12304	-857304000	-0.3	756233
12304	-854712000	-7.5	756233
12304	-852033600	-9.7	756233
12304	-849355200	-8	756233
12304	-846936000	-8.1	756233
12304	-844257600	1.1	756233
12304	-841665600	9	756233
12304	-838987200	14.6	756233
12304	-836395200	18.9	756233
12304	-833716800	16.6	756233
12304	-831038400	11	756233
12304	-828446400	6.7	756233
12304	-825768000	-1.5	756233
12304	-823176000	-6.8	756233
12304	-820497600	-4.4	756233
12304	-817819200	-7.6	756233
12304	-815313600	-6	756233
12304	-812635200	0.5	756233
12304	-810043200	11.1	756233
12304	-807364800	14.4	756233
12304	-804772800	17.9	756233
12304	-802094400	18	756233
12304	-799416000	13.3	756233
12304	-796824000	6.8	756233
12304	-794145600	2.1	756233
12304	-791553600	-7.2	756233
12304	-788875200	-11.9	756233
12304	-786196800	-8.5	756233
12304	-783777600	1.1	756233
12304	-781099200	4.1	756233
12304	-778507200	5	756233
12304	-775828800	12.8	756233
12304	-773236800	15.8	756233
12304	-770558400	17	756233
12304	-767880000	12.9	756233
12304	-765288000	6.2	756233
12304	-762609600	-0.5	756233
12304	-760017600	-8.2	756233
12304	-757339200	-8.2	756233
12304	-754660800	-9.3	756233
12304	-752241600	2.1	756233
12304	-749563200	3.9	756233
12304	-746971200	7.9	756233
12304	-744292800	13.8	756233
12304	-741700800	17.5	756233
12304	-739022400	15.8	756233
12304	-736344000	13.1	756233
12304	-733752000	9.2	756233
12304	-731073600	1.2	756233
12304	-728481600	-5.8	756233
12304	-725803200	-7.2	756233
12304	-723124800	-10.3	756233
12304	-720705600	-7.3	756233
12304	-718027200	0.3	756233
12304	-715435200	5.8	756233
12304	-712756800	12.1	756233
12304	-710164800	17.1	756233
12304	-707486400	20.6	756233
12304	-704808000	13.6	756233
12304	-702216000	11.9	756233
12304	-699537600	-1.9	756233
12304	-696945600	-6.1	756233
12304	-694267200	-12.2	756233
12304	-691588800	-10.2	756233
12304	-689083200	-5.7	756233
12304	-686404800	5	756233
12304	-683812800	7.7	756233
12304	-681134400	13.7	756233
12304	-678542400	18.1	756233
12304	-675864000	17.4	756233
12304	-673185600	15.1	756233
12304	-670593600	7.1	756233
12304	-667915200	2.1	756233
12304	-665323200	-5.9	756233
12304	-662644800	-6.8	756233
12304	-659966400	-7.5	756233
12304	-657547200	-4.2	756233
12304	-654868800	4.4	756233
12304	-652276800	9	756233
12304	-649598400	16.7	756233
12304	-647006400	19.1	756233
12304	-644328000	18.2	756233
12304	-641649600	11.8	756233
12304	-639057600	9.4	756233
12304	-636379200	-0.3	756233
12304	-633787200	-6	756233
12304	-631108800	-10.3	756233
12304	-628430400	-8.9	756233
12304	-626011200	-6.5	756233
12304	-623332800	-1.4	756233
12304	-620740800	7.9	756233
12304	-618062400	14.4	756233
12304	-615470400	15.8	756233
12304	-612792000	13.3	756233
12304	-610113600	12	756233
12304	-607521600	8.7	756233
12304	-604843200	-2.1	756233
12304	-602251200	-7.3	756233
12304	-599572800	-8.9	756233
12304	-596894400	-7.7	756233
12304	-594475200	-4.4	756233
12304	-591796800	2.6	756233
12304	-589204800	10.1	756233
12304	-586526400	12.8	756233
12304	-583934400	17.1	756233
12304	-581256000	14.8	756233
12304	-578577600	11.4	756233
12304	-575985600	7.1	756233
12304	-573307200	-3.1	756233
12304	-570715200	-7.3	756233
12304	-568036800	-7.6	756233
12304	-565358400	-6.5	756233
12304	-562852800	-4.4	756233
12304	-560174400	5.1	756233
12304	-557582400	8.2	756233
12304	-554904000	14.8	756233
12304	-552312000	18.9	756233
12304	-549633600	16.5	756233
12304	-546955200	14.3	756233
12304	-544363200	4.6	756233
12304	-541684800	1.1	756233
12304	-539092800	-2.7	756233
12304	-536414400	-6.4	756233
12304	-533736000	-6.8	756233
12304	-531316800	-2.2	756233
12304	-528638400	1.9	756233
12304	-526046400	7.9	756233
12304	-523368000	14.1	756233
12304	-520776000	18	756233
12304	-518097600	18.4	756233
12304	-515419200	13.2	756233
12304	-512827200	9.9	756233
12304	-510148800	3	756233
12304	-507556800	-4	756233
12304	-504878400	-9.1	756233
12304	-502200000	-3.3	756233
12304	-499780800	-4.6	756233
12304	-497102400	2.6	756233
12304	-494510400	5.8	756233
12304	-491832000	15.8	756233
12304	-489240000	16.4	756233
12304	-486561600	15.9	756233
12304	-483883200	12	756233
12304	-481291200	6.3	756233
12304	-478612800	1.9	756233
12304	-476020800	-5.2	756233
12304	-473342400	-7.5	756233
12304	-470664000	-7.7	756233
12304	-468244800	-5.3	756233
12304	-465566400	6.4	756233
12304	-462974400	11.2	756233
12304	-460296000	15.5	756233
12304	-457704000	20.8	756233
12304	-455025600	19.6	756233
12304	-452347200	12.7	756233
12304	-449755200	8.9	756233
12304	-447076800	-2.2	756233
12304	-444484800	-7.2	756233
12304	-441806400	-7	756233
12304	-439128000	-7.8	756233
12304	-436622400	-5.6	756233
12304	-433944000	1.6	756233
12304	-431352000	7	756233
12304	-428673600	15.7	756233
12304	-426081600	14.3	756233
12304	-423403200	16.2	756233
12304	-420724800	11.1	756233
12304	-418132800	10.1	756233
12304	-415454400	0.8	756233
12304	-412862400	-5.2	756233
12304	-410184000	-11.4	756233
12304	-407505600	-8.4	756233
12304	-405086400	-5	756233
12304	-402408000	4	756233
12304	-399816000	8.9	756233
12304	-397137600	14.3	756233
12304	-394545600	17.8	756233
12304	-391867200	16.3	756233
12304	-389188800	12.2	756233
12304	-386596800	6.9	756233
12304	-383918400	0.4	756233
12304	-381326400	-4.4	756233
12304	-378648000	-6	756233
12304	-375969600	-9	756233
12304	-373550400	-2.2	756233
12304	-370872000	4.6	756233
12304	-368280000	7.7	756233
12304	-365601600	12.3	756233
12304	-363009600	16.6	756233
12304	-360331200	17.1	756233
12304	-357652800	13.2	756233
12304	-355060800	8	756233
12304	-352382400	1.3	756233
12304	-349790400	-9.4	756233
12304	-347112000	-11	756233
12304	-344433600	-11.5	756233
12304	-342014400	-5	756233
12304	-339336000	2.5	756233
12304	-336744000	11.6	756233
12304	-334065600	16	756233
12304	-331473600	18.8	756233
12304	-328795200	19.4	756233
12304	-326116800	14.5	756233
12304	-323524800	5.2	756233
12304	-320846400	-3.8	756233
12304	-318254400	-2.8	756233
12304	-315576000	-7	756233
12304	-312897600	-6.5	756233
12304	-310392000	-7.6	756233
12304	-307713600	3	756233
12304	-305121600	8.4	756233
12304	-302443200	13.4	756233
12304	-299851200	16.4	756233
12304	-297172800	17.9	756233
12304	-294494400	13.9	756233
12304	-291902400	7.7	756233
12304	-289224000	1.8	756233
12304	-286632000	-7.4	756233
12304	-283953600	-10	756233
12304	-281275200	-6.4	756233
12304	-278856000	-2.2	756233
12304	-276177600	2.6	756233
12304	-273585600	7.6	756233
12304	-270907200	13.7	756233
12304	-268315200	17.5	756233
12304	-265636800	18.2	756233
12304	-262958400	14.8	756233
12304	-260366400	8.2	756233
12304	-257688000	0.6	756233
12304	-255096000	-5.9	756233
12304	-252417600	-10.7	756233
12304	-249739200	-11.3	756233
12304	-247320000	-4.1	756233
12304	-244641600	2.2	756233
12304	-242049600	11.2	756233
12304	-239371200	12.8	756233
12304	-236779200	15.7	756233
12304	-234100800	16.5	756233
12304	-231422400	11.3	756233
12304	-228830400	7.6	756233
12304	-226152000	0.8	756233
12304	-223560000	-6.5	756233
12304	-220881600	-13.9	756233
12304	-218203200	-13.8	756233
12304	-215784000	-4.6	756233
12304	-213105600	3	756233
12304	-210513600	8.3	756233
12304	-207835200	14.8	756233
12304	-205243200	19	756233
12304	-202564800	15.9	756233
12304	-199886400	12.6	756233
12304	-197294400	11.8	756233
12304	-194616000	2.7	756233
12304	-192024000	-8	756233
12304	-189345600	-5.4	756233
12304	-186667200	-7.4	756233
12304	-184161600	-4.2	756233
12304	-181483200	4.1	756233
12304	-178891200	11.8	756233
12304	-176212800	15.3	756233
12304	-173620800	17.9	756233
12304	-170942400	15.1	756233
12304	-168264000	12	756233
12304	-165672000	6.5	756233
12304	-162993600	1.6	756233
12304	-160401600	-7.1	756233
12304	-157723200	-10.3	756233
12304	-155044800	-10	756233
12304	-152625600	-7.2	756233
12304	-149947200	2.1	756233
12304	-147355200	11.6	756233
12304	-144676800	13.1	756233
12304	-142084800	15.2	756233
12304	-139406400	15.8	756233
12304	-136728000	10.8	756233
12304	-134136000	6.7	756233
12304	-131457600	0.1	756233
12304	-128865600	-3	756233
12304	-126187200	-9.9	756233
12304	-123508800	-7.5	756233
12304	-121089600	-1.8	756233
12304	-118411200	1.5	756233
12304	-115819200	6.8	756233
12304	-113140800	15.4	756233
12304	-110548800	19.1	756233
12304	-107870400	16	756233
12304	-105192000	13.4	756233
12304	-102600000	6.8	756233
12304	-99921600	-1	756233
12304	-97329600	-5.9	756233
12304	-94651200	-7.3	756233
12304	-91972800	-11.5	756233
12304	-89553600	-3.9	756233
12304	-86875200	3.3	756233
12304	-84283200	6.1	756233
12304	-81604800	14.1	756233
12304	-79012800	16.5	756233
12304	-76334400	15.5	756233
12304	-73656000	13.4	756233
12304	-71064000	6	756233
12304	-68385600	-1.6	756233
12304	-65793600	-5.1	756233
12304	-63115200	-9.3	756233
12304	-60436800	-9.9	756233
12304	-57931200	-1.3	756233
12304	-55252800	4.9	756233
12304	-52660800	8.2	756233
12304	-49982400	13.6	756233
12304	-47390400	17.9	756233
12304	-44712000	16.9	756233
12304	-42033600	14.5	756233
12304	-39441600	8.7	756233
12304	-36763200	0.5	756233
12304	-34171200	-5.2	756233
12304	-31492800	-7.2	756233
12304	-28814400	-6.8	756233
12304	-26395200	-5.1	756233
12304	-23716800	3.3	756233
12304	-21124800	9.4	756233
12304	-18446400	12	756233
12304	-15854400	16.6	756233
12304	-13176000	19.2	756233
12304	-10497600	13.5	756233
12304	-7905600	6.1	756233
12304	-5227200	1	756233
12304	-2635200	-4.2	756233
12304	43200	-10.8	756233
12304	2721600	-9.7	756233
12304	5140800	-6.7	756233
12304	7819200	3.6	756233
12304	10411200	7.9	756233
12304	13089600	14.8	756233
12304	15681600	18.3	756233
12304	18360000	17.9	756233
12304	21038400	13.1	756233
12304	23630400	9.2	756233
12304	26308800	1.6	756233
12304	28900800	-5.1	756233
12304	31579200	-9.4	756233
12304	34257600	-8.6	756233
12304	36676800	-5	756233
12304	39355200	2.5	756233
12304	41947200	6.9	756233
12304	44625600	15	756233
12304	47217600	15.5	756233
12304	49896000	15.4	756233
12304	52574400	14.4	756233
12304	55166400	11.7	756233
12304	57844800	1.2	756233
12304	60436800	-4.1	756233
12304	63115200	-11	756233
12304	65793600	-10.5	756233
12304	68299200	-7.9	756233
12304	70977600	0.4	756233
12304	73569600	10.5	756233
12304	76248000	12.1	756233
12304	78840000	16.4	756233
12304	81518400	16.4	756233
12304	84196800	10.8	756233
12304	86788800	5.6	756233
12304	89467200	0.1	756233
12304	92059200	-7.5	756233
12304	94737600	-6.1	756233
12304	97416000	-7.7	756233
12304	99835200	1.5	756233
12304	102513600	3.6	756233
12304	105105600	6.5	756233
12304	107784000	14.7	756233
12304	110376000	17.4	756233
12304	113054400	18.7	756233
12304	115732800	13.2	756233
12304	118324800	11.1	756233
12304	121003200	1.4	756233
12304	123595200	-5.3	756233
12304	126273600	-8.9	756233
12304	128952000	-10.2	756233
12304	131371200	-4.4	756233
12304	134049600	2.7	756233
12304	136641600	7.3	756233
12304	139320000	15	756233
12304	141912000	18.4	756233
12304	144590400	16.7	756233
12304	147268800	10.3	756233
12304	149860800	5.9	756233
12304	152539200	2.1	756233
12304	155131200	-2.7	756233
12304	157809600	-7.2	756233
12304	160488000	-6.8	756233
12304	162907200	-4.8	756233
12304	165585600	-0.2	756233
12304	168177600	11.6	756233
12304	170856000	15.3	756233
12304	173448000	19	756233
12304	176126400	17.8	756233
12304	178804800	10.9	756233
12304	181396800	8.8	756233
12304	184075200	2.7	756233
12304	186667200	-5.9	756233
12304	189345600	-10.4	756233
12304	192024000	-4.9	756233
12304	194529600	-3.3	756233
12304	197208000	4.4	756233
12304	199800000	7.9	756233
12304	202478400	16.1	756233
12304	205070400	17.3	756233
12304	207748800	17.6	756233
12304	210427200	11.6	756233
12304	213019200	5.2	756233
12304	215697600	-2.5	756233
12304	218289600	-10.4	756233
12304	220968000	-13.2	756233
12304	223646400	-7.3	756233
12304	226065600	-0.6	756233
12304	228744000	4.4	756233
12304	231336000	14	756233
12304	234014400	13.4	756233
12304	236606400	18.5	756233
12304	239284800	14.8	756233
12304	241963200	13.6	756233
12304	244555200	7.3	756233
12304	247233600	0.8	756233
12304	249825600	-6.2	756233
12304	252504000	-11.3	756233
12304	255182400	-10	756233
12304	257601600	-4.7	756233
12304	260280000	1.4	756233
12304	262872000	10.6	756233
12304	265550400	13.6	756233
12304	268142400	17.3	756233
12304	270820800	17.7	756233
12304	273499200	13.9	756233
12304	276091200	7.3	756233
12304	278769600	0.2	756233
12304	281361600	-8.1	756233
12304	284040000	-12.2	756233
12304	286718400	-12.7	756233
12304	289137600	-2.8	756233
12304	291816000	1.8	756233
12304	294408000	7.1	756233
12304	297086400	13.1	756233
12304	299678400	17.6	756233
12304	302356800	16.5	756233
12304	305035200	14.3	756233
12304	307627200	5.7	756233
12304	310305600	0.2	756233
12304	312897600	-3.1	756233
12304	315576000	-7.9	756233
12304	318254400	-9.2	756233
12304	320760000	-5.4	756233
12304	323438400	3.6	756233
12304	326030400	10.7	756233
12304	328708800	12.8	756233
12304	331300800	17.9	756233
12304	333979200	18.9	756233
12304	336657600	13.1	756233
12304	339249600	5.4	756233
12304	341928000	0.3	756233
12304	344520000	-7.5	756233
12304	347198400	-8.8	756233
12304	349876800	-5.9	756233
12304	352296000	-1.1	756233
12304	354974400	4.5	756233
12304	357566400	8.2	756233
12304	360244800	15	756233
12304	362836800	18.3	756233
12304	365515200	18.1	756233
12304	368193600	11.7	756233
12304	370785600	5.1	756233
12304	373464000	2.6	756233
12304	376056000	-4.9	756233
12304	378734400	-13.6	756233
12304	381412800	-9.8	756233
12304	383832000	-3.9	756233
12304	386510400	1.2	756233
12304	389102400	11.4	756233
12304	391780800	11.2	756233
12304	394372800	17.9	756233
12304	397051200	15.3	756233
12304	399729600	12.8	756233
12304	402321600	8.9	756233
12304	4.05e+08	0	756233
12304	407592000	-2.7	756233
12304	410270400	-6.3	756233
12304	412948800	-4.6	756233
12304	415368000	-1.7	756233
12304	418046400	1.5	756233
12304	420638400	6.3	756233
12304	423316800	15.4	756233
12304	425908800	21.4	756233
12304	428587200	20.3	756233
12304	431265600	15.1	756233
12304	433857600	7.4	756233
12304	436536000	1.1	756233
12304	439128000	-9.9	756233
12304	441806400	-10.7	756233
12304	444484800	-2.5	756233
12304	446990400	-6	756233
12304	449668800	4.4	756233
12304	452260800	8.2	756233
12304	454939200	16.1	756233
12304	457531200	17.5	756233
12304	460209600	18.5	756233
12304	462888000	12	756233
12304	465480000	8.7	756233
12304	468158400	1.2	756233
12304	470750400	-5.4	756233
12304	473428800	-9.6	756233
12304	476107200	-10	756233
12304	478526400	-1.6	756233
12304	481204800	5.9	756233
12304	483796800	10.5	756233
12304	486475200	13.4	756233
12304	489067200	16.7	756233
12304	491745600	17.2	756233
12304	494424000	14.7	756233
12304	497016000	7.9	756233
12304	499694400	-1.3	756233
12304	502286400	-10.2	756233
12304	504964800	-8.3	756233
12304	507643200	-8.4	756233
12304	510062400	-1.7	756233
12304	512740800	5.9	756233
12304	515332800	11.5	756233
12304	518011200	12	756233
12304	520603200	18.8	756233
12304	523281600	15.8	756233
12304	525960000	12.8	756233
12304	528552000	7	756233
12304	531230400	-1.7	756233
12304	533822400	-3.4	756233
12304	536500800	-5.7	756233
12304	539179200	-3.8	756233
12304	541598400	-0.3	756233
12304	544276800	6.5	756233
12304	546868800	11.3	756233
12304	549547200	16.2	756233
12304	552139200	19.5	756233
12304	554817600	17.6	756233
12304	557496000	14.5	756233
12304	560088000	5.4	756233
12304	562766400	1.8	756233
12304	565358400	-2.5	756233
12304	568036800	-9.4	756233
12304	570715200	-8.7	756233
12304	573220800	-2.9	756233
12304	575899200	3.5	756233
12304	578491200	11.4	756233
12304	581169600	16.4	756233
12304	583761600	20.3	756233
12304	586440000	19.2	756233
12304	589118400	13.9	756233
12304	591710400	5.1	756233
12304	594388800	2	756233
12304	596980800	-6.1	756233
12304	599659200	-5.4	756233
12304	602337600	-10.5	756233
12304	604756800	-6	756233
12304	607435200	2.1	756233
12304	610027200	9.2	756233
12304	612705600	13.9	756233
12304	615297600	18.3	756233
12304	617976000	17.8	756233
12304	620654400	14.1	756233
12304	623246400	8.2	756233
12304	625924800	-2.2	756233
12304	628516800	-11	756233
12304	631195200	-4	756233
12304	633873600	-6.3	756233
12304	636292800	-1.4	756233
12304	638971200	6.1	756233
12304	641563200	7.5	756233
12304	644241600	14.1	756233
12304	646833600	16.8	756233
12304	649512000	17.3	756233
12304	652190400	12.5	756233
12304	654782400	6.5	756233
12304	657460800	2.4	756233
12304	660052800	-5.9	756233
12304	662731200	-9.8	756233
12304	665409600	-5.2	756233
12304	667828800	-2.1	756233
12304	670507200	5.9	756233
12304	673099200	12.2	756233
12304	675777600	16.7	756233
12304	678369600	18.2	756233
12304	681048000	18.3	756233
12304	683726400	12.5	756233
12304	686318400	6.3	756233
12304	688996800	-1.4	756233
12304	691588800	-4.6	756233
12304	694267200	-6.5	756233
12304	696945600	-5	756233
12304	699451200	-3.5	756233
12304	702129600	2.4	756233
12304	704721600	11	756233
12304	707400000	13.2	756233
12304	709992000	14.4	756233
12304	712670400	15.9	756233
12304	715348800	12.7	756233
12304	717940800	6	756233
12304	720619200	-0.8	756233
12304	723211200	-4.9	756233
12304	725889600	-7.2	756233
12304	728568000	-8.8	756233
12304	730987200	-3.2	756233
12304	733665600	1.5	756233
12304	736257600	8.7	756233
12304	738936000	13.4	756233
12304	741528000	18.6	756233
12304	744206400	18.9	756233
12304	746884800	10.9	756233
12304	749476800	4.7	756233
12304	752155200	-1	756233
12304	754747200	-4.1	756233
12304	757425600	-14.1	756233
12304	760104000	-11.5	756233
12304	762523200	-2.8	756233
12304	765201600	2.9	756233
12304	767793600	9.1	756233
12304	770472000	14.7	756233
12304	773064000	16.5	756233
12304	775742400	15.6	756233
12304	778420800	15.1	756233
12304	781012800	8.7	756233
12304	783691200	2.6	756233
12304	786283200	-1.5	756233
12304	788961600	-6.1	756233
12304	791640000	-8.2	756233
12304	794059200	-1.7	756233
12304	796737600	1.4	756233
12304	799329600	9.4	756233
12304	802008000	17.4	756233
12304	804600000	18.3	756233
12304	807278400	19.7	756233
12304	809956800	12.3	756233
12304	812548800	7.7	756233
12304	815227200	-3.2	756233
12304	817819200	-7.6	756233
12304	820497600	-9.1	756233
12304	823176000	-9.3	756233
12304	825681600	-6.2	756233
12304	828360000	-0.1	756233
12304	830952000	7.1	756233
12304	833630400	14.4	756233
12304	836222400	15.5	756233
12304	838900800	17.8	756233
12304	841579200	13.8	756233
12304	844171200	7.2	756233
12304	846849600	-1.9	756233
12304	849441600	-5.2	756233
12304	852120000	-8.9	756233
12304	854798400	-6.5	756233
12304	857217600	-4.1	756233
12304	859896000	2.3	756233
12304	862488000	5.8	756233
12304	865166400	16	756233
12304	867758400	17	756233
12304	870436800	15.5	756233
12304	873115200	13.3	756233
12304	875707200	7.6	756233
12304	878385600	-0.5	756233
12304	880977600	-1.9	756233
12304	883656000	-6.5	756233
12304	886334400	-0.8	756233
12304	888753600	-1.7	756233
12304	891432000	5.1	756233
12304	894024000	12	756233
12304	896702400	14.5	756233
12304	899294400	18.6	756233
12304	901972800	18.9	756233
12304	904651200	14.9	756233
12304	907243200	9.1	756233
12304	909921600	2.8	756233
12304	912513600	-3.3	756233
12304	915192000	-9.4	756233
12304	917870400	-4.3	756233
12304	920289600	-1.6	756233
12304	922968000	4.4	756233
12304	925560000	11.9	756233
12304	928238400	16.6	756233
12304	930830400	20.3	756233
12304	933508800	17.1	756233
12304	936187200	13.7	756233
12304	938779200	5.9	756233
12304	941457600	4.3	756233
12304	944049600	-4.1	756233
12304	946728000	-7.5	756233
12304	949406400	-4.8	756233
12304	951912000	1.2	756233
12304	954590400	3	756233
12304	957182400	11	756233
12304	959860800	14.2	756233
12304	962452800	16.6	756233
12304	965131200	16.9	756233
12304	967809600	12.7	756233
12304	970401600	8.5	756233
12304	973080000	1.5	756233
12304	975672000	-8.8	756233
12304	978350400	-5.2	756233
12304	981028800	-7.5	756233
12304	983448000	-3	756233
12304	986126400	4.9	756233
12304	988718400	11.7	756233
12304	991396800	14.7	756233
12304	993988800	17.3	756233
12304	996667200	19.1	756233
12304	999345600	12.9	756233
12304	1001937600	7	756233
12304	1004616000	4.8	756233
12304	1007208000	-0.9	756233
12304	1009886400	-4.1	756233
12304	1012564800	-3.8	756233
12304	1014984000	-4.4	756233
12304	1017662400	3	756233
12304	1020254400	6.4	756233
12304	1022932800	14.8	756233
12304	1025524800	20.2	756233
12304	1028203200	18	756233
12304	1030881600	15.8	756233
12304	1033473600	5.5	756233
12304	1036152000	-0.7	756233
12304	1038744000	-3.9	756233
12304	1041422400	-8.7	756233
12304	1044100800	-10.8	756233
12304	1046520000	-4.6	756233
12304	1049198400	1.6	756233
12304	1051790400	8.6	756233
12304	1054468800	13.7	756233
12304	1057060800	17.5	756233
12304	1059739200	18.6	756233
12304	1062417600	14.1	756233
12304	1065009600	7	756233
12304	1067688000	1	756233
12304	1070280000	-2.5	756233
12304	1072958400	-10.4	756233
12304	1075636800	-5.6	756233
12304	1078142400	-1.1	756233
12304	1080820800	2.7	756233
12304	1083412800	8.3	756233
12304	1086091200	13.2	756233
12304	1088683200	15.3	756233
12304	1091361600	14.6	756233
12304	1094040000	15.4	756233
12304	1096632000	8.2	756233
12304	1099310400	2.3	756233
12304	1101902400	-5.4	756233
12304	1104580800	-8.6	756233
12304	1107259200	-4	756233
12304	1109678400	-3.4	756233
12304	1112356800	5.6	756233
12304	1114948800	8.8	756233
12304	1117627200	17.3	756233
12304	1120219200	19.2	756233
12304	1122897600	19.2	756233
12304	1125576000	16.4	756233
12304	1128168000	9.8	756233
12304	1130846400	1.5	756233
12304	1133438400	-5.1	756233
12304	1136116800	-2.1	756233
12304	1138795200	-5.8	756233
12304	1141214400	-0.7	756233
12304	1143892800	6.4	756233
12304	1146484800	10.7	756233
12304	1149163200	15.1	756233
12304	1151755200	20.3	756233
12304	1154433600	18.3	756233
12304	1157112000	12.8	756233
12304	1159704000	6.5	756233
12304	1162382400	3.3	756233
12304	1164974400	-2.1	756233
12304	1167652800	-5	756233
12304	1170331200	-10	756233
12304	1172750400	-0.8	756233
12304	1175428800	2.8	756233
12304	1178020800	11.6	756233
12304	1180699200	17.3	756233
12304	1183291200	18.1	756233
12304	1185969600	18.8	756233
12304	1188648000	14.5	756233
12304	1191240000	10.7	756233
12304	1193918400	1.2	756233
12304	1196510400	-5.3	756233
12304	1199188800	-6.4	756233
12304	1201867200	-8.9	756233
12304	1204372800	-4.8	756233
12304	1207051200	4.1	756233
12304	1209643200	7.5	756233
12304	1212321600	14.1	756233
12304	1214913600	17.5	756233
12304	1217592000	18	756233
12304	1220270400	14.6	756233
12304	1222862400	7.8	756233
12304	1225540800	1.8	756233
12304	1228132800	-7.8	756233
12304	1230811200	-10.9	756233
12304	1233489600	-6	756233
12304	1235908800	-2.9	756233
12304	1238587200	3.1	756233
12304	1241179200	8.5	756233
12304	1243857600	14.1	756233
12304	1246449600	14.8	756233
12304	1249128000	16.9	756233
12304	1251806400	15.5	756233
12304	1254398400	5.2	756233
12304	1257076800	4.5	756233
12304	1259668800	-5.9	756233
12304	1262347200	-6	756233
12304	1265025600	-4.6	756233
12304	1267444800	1.6	756233
12304	1270123200	7.5	756233
12304	1272715200	12.8	756233
12304	1275393600	14.8	756233
12304	1277985600	19.8	756233
12304	1280664000	19.8	756233
12304	1283342400	12.6	756233
12304	1285934400	9.1	756233
12304	1288612800	2.1	756233
12304	1291204800	-4.4	756233
12304	1293883200	-8.2	756233
12304	1296561600	-6.8	756233
12304	1298980800	-2.9	756233
12304	1301659200	3.4	756233
12304	1304251200	9	756233
12304	1306929600	14.4	756233
12304	1309521600	20.2	756233
12304	1312200000	18.9	756233
12304	1314878400	13.7	756233
12304	1317470400	9.5	756233
12304	1320148800	2.6	756233
12304	1322740800	-3.2	756233
12304	1325419200	-4.9	756233
12304	1328097600	-2.7	756233
12304	1330603200	4.4	756233
12304	1333281600	4.5	756233
12304	1335873600	12.4	756233
12304	1338552000	16.5	756233
12304	1341144000	20.9	756233
12304	1343822400	18.9	756233
12304	1346500800	13.2	756233
12304	1349092800	7.5	756233
12304	1351771200	1.5	756233
12304	1354363200	-2	756233
12304	1357041600	-6.6	756233
12304	1359720000	-6.5	756233
12304	1362139200	-3	756233
12304	1364817600	1.5	756233
12304	1367409600	8.6	756233
12304	1370088000	14.2	756233
12304	1372680000	18.1	756233
12304	1375358400	18.2	756233
12304	1378036800	13.7	756233
12304	1380628800	7.9	756233
12304	1383307200	0.2	756233
12304	1385899200	-9.2	756233
12304	1388577600	-12	756233
12304	1391256000	-12.3	756233
12304	1393675200	-9.8	756233
14775	-891518400	5.8	712910
14775	-888840000	-1.9	712910
14775	-886248000	-7.4	712910
14775	-883569600	-13.3	712910
14775	-880891200	-11.9	712910
14775	-878472000	-2.6	712910
14775	-875793600	5	712910
14775	-873201600	8	712910
14775	-870523200	14.5	712910
14775	-867931200	15.8	712910
14775	-865252800	15.6	712910
14775	-862574400	10.2	712910
14775	-859982400	6.3	712910
14775	-857304000	-3.8	712910
14775	-854712000	-14.2	712910
14775	-852033600	-18.8	712910
14775	-849355200	-12.8	712910
14775	-846936000	-9.6	712910
14775	-844257600	1.3	712910
14775	-841665600	7	712910
14775	-838987200	13	712910
14775	-836395200	18.4	712910
14775	-833716800	15.9	712910
14775	-831038400	9.8	712910
14775	-828446400	6.4	712910
14775	-825768000	-3.8	712910
14775	-823176000	-11.2	712910
14775	-820497600	-8.5	712910
14775	-817819200	-14.5	712910
14775	-815313600	-9.7	712910
14775	-812635200	0.2	712910
14775	-810043200	8.9	712910
14775	-807364800	13.3	712910
14775	-804772800	16.4	712910
14775	-802094400	16.2	712910
14775	-799416000	11.9	712910
14775	-796824000	5.1	712910
14775	-794145600	-0.6	712910
14775	-791553600	-10.4	712910
14775	-788875200	-19.2	712910
14775	-786196800	-12.4	712910
14775	-783777600	-1.6	712910
14775	-781099200	-0.5	712910
14775	-778507200	4.8	712910
14775	-775828800	12.4	712910
14775	-773236800	15.5	712910
14775	-770558400	16.5	712910
14775	-767880000	9.7	712910
14775	-765288000	3.6	712910
14808	-494510400	3.9	714330
14808	-491832000	8.5	714330
14808	-489240000	10.8	714330
14808	-486561600	14.1	714330
14808	-483883200	11.1	714330
14808	-481291200	6.7	714330
14808	-478612800	3.2	714330
15345	-220881600	-12.5	727440
15345	-218203200	-12.1	727440
15345	-215784000	-2.8	727440
15345	-213105600	5.6	727440
15345	-210513600	10.4	727440
15345	-207835200	16.9	727440
15345	-205243200	19.8	727440
15345	-202564800	17.5	727440
15345	-199886400	13.6	727440
15345	-197294400	13.9	727440
15345	-194616000	3.8	727440
15345	-192024000	-7.8	727440
15345	-189345600	-4.3	727440
15345	-186667200	-6	727440
15345	-184161600	-4.8	727440
15345	-181483200	4.6	727440
15345	-178891200	13.5	727440
15345	-176212800	15.5	727440
15345	-173620800	20.2	727440
15345	-170942400	16.3	727440
15345	-168264000	12.6	727440
15345	-165672000	7.7	727440
15345	-162993600	1.9	727440
15345	-160401600	-6.9	727440
15345	-157723200	-9.1	727440
15345	-155044800	-10.1	727440
15345	-152625600	-6	727440
15345	-149947200	3.5	727440
15345	-147355200	12.4	727440
15345	-144676800	15.4	727440
15345	-142084800	17.1	727440
15345	-139406400	16.9	727440
15345	-136728000	10.9	727440
15345	-134136000	7.9	727440
15345	-131457600	0.5	727440
15345	-128865600	-2.8	727440
15345	-126187200	-10.1	727440
15345	-123508800	-7.2	727440
15345	-121089600	-0.8	727440
15345	-118411200	3.3	727440
15345	-115819200	8.9	727440
15345	-113140800	17.8	727440
15345	-110548800	20.9	727440
15345	-107870400	17	727440
15345	-105192000	14.1	727440
15345	-102600000	7.4	727440
15345	-99921600	-0.5	727440
15345	-97329600	-5.4	727440
15345	-94651200	-7.1	727440
15345	-91972800	-11.7	727440
15345	-89553600	-2.9	727440
15345	-86875200	4.1	727440
15345	-84283200	8.1	727440
15345	-81604800	16.2	727440
15345	-79012800	18	727440
15345	-76334400	16.8	727440
15345	-73656000	14.3	727440
15345	-71064000	6.7	727440
15345	-68385600	-1.2	727440
15345	-65793600	-4.3	727440
15345	-63115200	-8.6	727440
15345	-60436800	-9.2	727440
15345	-57931200	-0.2	727440
15345	-55252800	6.1	727440
15345	-52660800	10	727440
15345	-49982400	15	727440
15345	-47390400	18.6	727440
15345	-44712000	17.5	727440
15345	-42033600	15	727440
15345	-39441600	9.6	727440
15345	-36763200	0.7	727440
15345	-34171200	-5.1	727440
15345	-31492800	-6.2	727440
15345	-28814400	-5.9	727440
15345	-26395200	-3.9	727440
15345	-23716800	6	727440
15345	-21124800	11.2	727440
15345	-18446400	12.8	727440
15345	-15854400	18.5	727440
15345	-13176000	20.5	727440
15345	-10497600	14.4	727440
15345	-7905600	5.8	727440
15345	-5227200	0.9	727440
15345	-2635200	-4.4	727440
15345	43200	-10.1	727440
15345	2721600	-10.3	727440
15345	5140800	-4.2	727440
15345	7819200	4.6	727440
15345	10411200	8.7	727440
15345	13089600	16.7	727440
15345	15681600	20.3	727440
15345	18360000	19.4	727440
15345	21038400	14.3	727440
15345	23630400	9.5	727440
15345	26308800	0.7	727440
15345	28900800	-4.9	727440
15345	31579200	-10.8	727440
15345	34257600	-8.2	727440
15345	36676800	-4.2	727440
15345	39355200	3.6	727440
15345	41947200	9.7	727440
15345	44625600	17.3	727440
15345	47217600	17.4	727440
15345	49896000	17.3	727440
15345	52574400	15.6	727440
15345	55166400	11.5	727440
15345	57844800	0.7	727440
15345	60436800	-4.7	727440
15345	63115200	-10.9	727440
15345	65793600	-10.9	727440
15345	68299200	-6.6	727440
15345	70977600	1.7	727440
15345	73569600	13.1	727440
15345	76248000	15.1	727440
15345	78840000	18	727440
15345	81518400	17.8	727440
15470	-2469355200	6.3	756225
15470	-2466676800	-1.4	756225
15470	-2464084800	-1.4	756225
15470	-2461406400	-10.4	756225
15470	-2458728000	-7.5	756225
15470	-2456222400	-5.9	756225
15470	-2453544000	0.9	756225
15470	-2450952000	6.8	756225
15470	-2448273600	12.6	756225
15470	-2445681600	17.5	756225
15470	-2443003200	17	756225
15470	-2440324800	14.3	756225
15470	-2437732800	7	756225
15470	-2435054400	-1.7	756225
15470	-2432462400	-7.6	756225
15470	-2429784000	-14.2	756225
15470	-2427105600	-11.4	756225
15470	-2424686400	-6.1	756225
15470	-2422008000	0.2	756225
15470	-2419416000	6.5	756225
15470	-2416737600	15.2	756225
15470	-2414145600	17.2	756225
15470	-2411467200	16	756225
15470	-2408788800	11.5	756225
15470	-2406196800	7.4	756225
15470	-2403518400	-0.2	756225
15470	-2400926400	-8.1	756225
15470	-2398248000	-8.2	756225
15470	-2395569600	-9.7	756225
15470	-2393150400	-0.6	756225
15470	-2390472000	4.1	756225
15470	-2387880000	7.5	756225
15470	-2385201600	15.4	756225
15470	-2382609600	17.7	756225
15470	-2379931200	16.1	756225
15470	-2377252800	14.1	756225
15470	-2374660800	7	756225
15470	-2371982400	-2.3	756225
15470	-2369390400	-2.6	756225
15470	-2366712000	-9.1	756225
15470	-2364033600	-11.2	756225
15470	-2361614400	-6.1	756225
15470	-2358936000	3.5	756225
15470	-2356344000	9.8	756225
15470	-2353665600	14.7	756225
15470	-2351073600	15.2	756225
15470	-2348395200	16.3	756225
15470	-2345716800	14.9	756225
15470	-2343124800	3.6	756225
15470	-2340446400	-0.9	756225
15470	-2337854400	-4.5	756225
15470	-2335176000	-7.5	756225
15470	-2332497600	-7.1	756225
15470	-2329992000	-6.9	756225
15470	-2327313600	3.1	756225
15470	-2324721600	10.4	756225
15470	-2322043200	14.7	756225
15470	-2319451200	17.2	756225
15470	-2316772800	17.2	756225
15470	-2314094400	10.9	756225
15470	-2311502400	5.3	756225
15470	-2308824000	-0.7	756225
15470	-2306232000	-4	756225
15470	-2303553600	-7.4	756225
15470	-2300875200	-7.3	756225
15470	-2298456000	-5.1	756225
15470	-2295777600	2.3	756225
15470	-2293185600	6.8	756225
15470	-2290507200	12	756225
15470	-2287915200	19.6	756225
15470	-2285236800	16	756225
15470	-2282558400	15.8	756225
15470	-2279966400	9.2	756225
15470	-2277288000	-0.6	756225
15470	-2274696000	-6.9	756225
15470	-2272017600	-7	756225
15470	-2269339200	-7.4	756225
15470	-2266920000	-0.9	756225
15470	-2264241600	3.1	756225
15470	-2261649600	9	756225
15470	-2258971200	13.9	756225
15470	-2256379200	17.8	756225
15470	-2253700800	16.4	756225
15470	-2251022400	15.1	756225
15470	-2248430400	7.5	756225
15470	-2245752000	1.1	756225
15470	-2243160000	-6.9	756225
15470	-2240481600	-9.9	756225
15470	-2237803200	-13.3	756225
15470	-2235384000	-7.7	756225
15470	-2232705600	4.8	756225
15470	-2230113600	9.6	756225
15470	-2227435200	14.2	756225
15470	-2224843200	17.9	756225
15470	-2222164800	18.1	756225
15470	-2219486400	11.5	756225
15470	-2216894400	8.9	756225
15470	-2214216000	4.1	756225
15470	-2211624000	-5.2	756225
15470	-2208945600	-6.5	756225
15470	-2206267200	-11.6	756225
15470	-2203848000	-7	756225
15470	-2201169600	5.3	756225
15470	-2198577600	8.8	756225
15470	-2195899200	13.5	756225
15470	-2193307200	16.6	756225
15470	-2190628800	19.4	756225
15470	-2187950400	14.6	756225
15470	-2185358400	12.3	756225
15470	-2182680000	-0.2	756225
15470	-2180088000	-4.6	756225
15470	-2177409600	-7.8	756225
15470	-2174731200	-10.9	756225
15470	-2172312000	-4.7	756225
15470	-2169633600	5.1	756225
15470	-2167041600	9.1	756225
15470	-2164363200	15.2	756225
15470	-2161771200	19.6	756225
15470	-2159092800	18.3	756225
15470	-2156414400	13.6	756225
15470	-2153822400	8.1	756225
15470	-2151144000	-0.1	756225
15470	-2148552000	-6.4	756225
15470	-2145873600	-7.3	756225
15470	-2143195200	-7.5	756225
15470	-2140776000	-0.1	756225
15470	-2138097600	3.5	756225
15470	-2135505600	8.6	756225
15470	-2132827200	12.1	756225
15470	-2130235200	18.4	756225
15470	-2127556800	15.9	756225
15470	-2124878400	12.4	756225
15470	-2122286400	7	756225
15470	-2119608000	3.8	756225
15470	-2117016000	-5	756225
15470	-2114337600	-8.7	756225
15470	-2111659200	-8	756225
15470	-2109240000	-0.4	756225
15470	-2106561600	3.2	756225
15470	-2103969600	9.5	756225
15470	-2101291200	13.7	756225
15470	-2098699200	17.7	756225
15470	-2096020800	15	756225
15470	-2093342400	13.7	756225
15470	-2090750400	8.3	756225
15470	-2088072000	-0.6	756225
15470	-2085480000	-8.1	756225
15470	-2082801600	-12.2	756225
15470	-2080123200	-15.6	756225
15470	-2077617600	-4.8	756225
15470	-2074939200	0.5	756225
15470	-2072347200	9	756225
15470	-2069668800	14	756225
15470	-2067076800	16.5	756225
15470	-2064398400	15	756225
15470	-2061720000	12.2	756225
15470	-2059128000	6.7	756225
15470	-2056449600	1.8	756225
15470	-2053857600	-6.7	756225
15470	-2051179200	-11.2	756225
15470	-2048500800	-11.2	756225
15470	-2046081600	-4.1	756225
15470	-2043403200	2.5	756225
15470	-2040811200	7.2	756225
15470	-2038132800	13.3	756225
15470	-2035540800	17.1	756225
15470	-2032862400	18.3	756225
15470	-2030184000	15	756225
15470	-2027592000	7.1	756225
15470	-2024913600	0.2	756225
15470	-2022321600	-3	756225
15470	-2019643200	-4.4	756225
15470	-2016964800	-8.5	756225
15470	-2014545600	-7.4	756225
15470	-2011867200	4.6	756225
15470	-2009275200	8.5	756225
15470	-2006596800	15.6	756225
15470	-2004004800	17.6	756225
15470	-2001326400	19.4	756225
15470	-1998648000	16.1	756225
15470	-1996056000	7.5	756225
15470	-1993377600	1.6	756225
15470	-1990785600	-4.9	756225
15470	-1988107200	-9.6	756225
15470	-1985428800	-8.8	756225
15470	-1983009600	-1.5	756225
15470	-1980331200	-1.4	756225
15470	-1977739200	4.7	756225
15470	-1975060800	13.9	756225
15470	-1972468800	17.2	756225
15470	-1969790400	16.1	756225
15470	-1967112000	13.8	756225
15470	-1964520000	6.2	756225
15470	-1961841600	0.4	756225
15470	-1959249600	-4	756225
15470	-1956571200	-6.4	756225
15470	-1953892800	-7.8	756225
15470	-1951387200	-3.9	756225
15470	-1948708800	3.1	756225
15470	-1946116800	9.1	756225
15470	-1943438400	13.9	756225
15470	-1940846400	18.3	756225
15470	-1938168000	17.5	756225
15470	-1935489600	16.8	756225
15470	-1932897600	9	756225
15470	-1930219200	2.2	756225
15470	-1927627200	-5.2	756225
15470	-1924948800	-7.3	756225
15470	-1922270400	-6.6	756225
15470	-1919851200	-3.7	756225
15470	-1917172800	0.3	756225
15470	-1914580800	8.5	756225
15470	-1911902400	14.2	756225
15470	-1909310400	17.4	756225
15470	-1906632000	18.9	756225
15470	-1903953600	13.2	756225
15470	-1901361600	6.2	756225
15470	-1898683200	3.6	756225
15470	-1896091200	-6	756225
15470	-1893412800	-8.5	756225
15470	-1890734400	-10.6	756225
15470	-1888315200	2.2	756225
15470	-1885636800	4.6	756225
15470	-1883044800	7.9	756225
15470	-1880366400	15.4	756225
15470	-1877774400	18.8	756225
15470	-1875096000	17	756225
15470	-1872417600	12.5	756225
15470	-1869825600	9	756225
15470	-1867147200	-0.7	756225
15470	-1864555200	-6.3	756225
15470	-1861876800	-8.9	756225
15470	-1859198400	-5.7	756225
15470	-1856779200	-2.5	756225
15470	-1854100800	3	756225
15470	-1851508800	10.8	756225
15470	-1848830400	15.4	756225
15470	-1846238400	18.6	756225
15470	-1843560000	16.6	756225
15470	-1840881600	13.1	756225
15470	-1838289600	6.9	756225
15470	-1835611200	-1.4	756225
15470	-1833019200	-1.7	756225
15470	-1830340800	-17.2	756225
15470	-1827662400	-11.4	756225
15470	-1825156800	-7.1	756225
15470	-1822478400	2.9	756225
15470	-1819886400	8.9	756225
15470	-1817208000	13.1	756225
15470	-1814616000	17.5	756225
15470	-1811937600	14.8	756225
15470	-1809259200	14.3	756225
15470	-1806667200	9.4	756225
15470	-1803988800	1.4	756225
15470	-1801396800	-3.1	756225
15470	-1798718400	-7.4	756225
15470	-1796040000	-11.9	756225
15470	-1793620800	-5.3	756225
15470	-1790942400	3.1	756225
15470	-1788350400	7.9	756225
15470	-1785672000	14.6	756225
15470	-1783080000	17	756225
15470	-1780401600	18.1	756225
15470	-1777723200	13.7	756225
15470	-1775131200	7.9	756225
15470	-1772452800	3.4	756225
15470	-1769860800	0	756225
15470	-1767182400	-5.4	756225
15470	-1764504000	-12.3	756225
15470	-1762084800	-3.9	756225
15470	-1759406400	1.4	756225
15470	-1756814400	10.8	756225
15470	-1754136000	13.6	756225
15470	-1751544000	18.9	756225
15470	-1748865600	17.5	756225
15470	-1746187200	14.2	756225
15470	-1743595200	11	756225
15470	-1740916800	1	756225
15470	-1738324800	-6.7	756225
15470	-1735646400	-9.8	756225
15470	-1732968000	-4.5	756225
15470	-1730548800	-3.3	756225
15470	-1727870400	6.4	756225
15470	-1725278400	8.5	756225
15470	-1722600000	11.9	756225
15470	-1720008000	16.6	756225
15470	-1717329600	15	756225
15470	-1714651200	14.2	756225
15470	-1712059200	8.2	756225
15470	-1709380800	2	756225
15470	-1706788800	-4.6	756225
15470	-1704110400	-7.9	756225
15470	-1701432000	-10.6	756225
15470	-1698926400	-6.9	756225
15470	-1696248000	2.6	756225
15470	-1693656000	8.9	756225
15470	-1690977600	11.7	756225
15470	-1688385600	20.9	756225
15470	-1685707200	19	756225
15470	-1683028800	12.4	756225
15470	-1680436800	7.5	756225
15470	-1677758400	0.2	756225
15470	-1675166400	-7.4	756225
15470	-1672488000	-11.4	756225
15470	-1669809600	-14.5	756225
15470	-1667390400	-4.3	756225
15470	-1664712000	0.8	756225
15470	-1662120000	6.7	756225
15470	-1659441600	11.4	756225
15470	-1656849600	17.9	756225
15470	-1654171200	15.8	756225
15470	-1651492800	12.6	756225
15470	-1648900800	3.4	756225
15470	-1646222400	1.5	756225
15470	-1643630400	-9.1	756225
15470	-1640952000	-14.4	756225
15470	-1638273600	-10.6	756225
15470	-1635854400	-1	756225
15470	-1633176000	2.8	756225
15470	-1630584000	9.4	756225
15470	-1627905600	13.3	756225
15470	-1625313600	16.9	756225
15470	-1622635200	18.2	756225
15470	-1619956800	10.7	756225
15470	-1617364800	8.1	756225
15470	-1614686400	3.1	756225
15470	-1612094400	-1.7	756225
15470	-1609416000	-4.8	756225
15470	-1606737600	-6	756225
15470	-1604318400	-1.8	756225
15470	-1601640000	3.3	756225
15470	-1599048000	9.4	756225
15470	-1596369600	18.4	756225
15470	-1593777600	19.7	756225
15470	-1591099200	17.7	756225
15470	-1588420800	15.1	756225
15470	-1585828800	7	756225
15470	-1583150400	-0.7	756225
15470	-1580558400	-9.3	756225
15470	-1577880000	-12.5	756225
15470	-1575201600	-9.8	756225
15470	-1572696000	-3.1	756225
15470	-1570017600	0.4	756225
15470	-1567425600	8.7	756225
15470	-1564747200	14.8	756225
15470	-1562155200	15.4	756225
15470	-1559476800	17	756225
15470	-1556798400	15.6	756225
15470	-1554206400	11.9	756225
15470	-1551528000	0.6	756225
15470	-1548936000	-2.8	756225
15470	-1546257600	-4.5	756225
15470	-1543579200	-5.3	756225
15470	-1541160000	-1	756225
15470	-1538481600	5.8	756225
15470	-1535889600	10.7	756225
15470	-1533211200	17.5	756225
15470	-1530619200	22.8	756225
15470	-1527940800	18.3	756225
15470	-1525262400	16.8	756225
15470	-1522670400	8.7	756225
15470	-1519992000	-0.5	756225
15470	-1517400000	-4.6	756225
15470	-1514721600	-9.1	756225
15470	-1512043200	-9.1	756225
15470	-1509624000	-2.8	756225
15470	-1506945600	2.8	756225
15470	-1504353600	12.2	756225
15470	-1501675200	14.8	756225
15470	-1499083200	16.8	756225
15470	-1496404800	17.7	756225
15470	-1493726400	15.4	756225
15470	-1491134400	7.7	756225
15470	-1488456000	2.9	756225
15470	-1485864000	-6.6	756225
15470	-1483185600	-8.3	756225
15470	-1480507200	-12	756225
15470	-1478088000	-7.7	756225
15470	-1475409600	0.9	756225
15470	-1472817600	8.2	756225
15470	-1470139200	15.2	756225
15470	-1467547200	17.8	756225
15470	-1464868800	15.4	756225
15470	-1462190400	13.6	756225
15470	-1459598400	7.2	756225
15470	-1456920000	2.8	756225
15470	-1454328000	-1.2	756225
15470	-1451649600	-12.6	756225
15470	-1448971200	-8.5	756225
15470	-1446465600	-3.3	756225
15470	-1443787200	2.5	756225
15470	-1441195200	6.4	756225
15470	-1438516800	13	756225
15470	-1435924800	15.6	756225
15470	-1433246400	15.9	756225
15470	-1430568000	12.1	756225
15470	-1427976000	10.2	756225
15470	-1425297600	1.5	756225
15470	-1422705600	-9.4	756225
15470	-1420027200	-9.1	756225
15470	-1417348800	-7.7	756225
15470	-1414929600	-2.7	756225
15470	-1412251200	5.3	756225
15470	-1409659200	7.1	756225
15470	-1406980800	14	756225
15470	-1404388800	17	756225
15470	-1401710400	18.6	756225
15470	-1399032000	14.7	756225
15470	-1396440000	3.9	756225
15470	-1393761600	0.3	756225
15470	-1391169600	-6.2	756225
15470	-1388491200	-8.9	756225
15470	-1385812800	-7.8	756225
15470	-1383393600	-7.6	756225
15470	-1380715200	-0.1	756225
15470	-1378123200	9.1	756225
15470	-1375444800	12.7	756225
15470	-1372852800	17.2	756225
15470	-1370174400	16.8	756225
15470	-1367496000	12.1	756225
15470	-1364904000	6.2	756225
15470	-1362225600	-1	756225
15470	-1359633600	-7.2	756225
15470	-1356955200	-10.1	756225
15470	-1354276800	-6.2	756225
15470	-1351857600	-0.3	756225
15470	-1349179200	3.3	756225
15470	-1346587200	8.2	756225
15470	-1343908800	12.6	756225
15470	-1341316800	16.6	756225
15470	-1338638400	15	756225
15470	-1335960000	15	756225
15470	-1333368000	8.7	756225
15470	-1330689600	0.4	756225
15470	-1328097600	-7.7	756225
15470	-1325419200	-7.4	756225
15470	-1322740800	-8.5	756225
15470	-1320235200	-4.3	756225
15470	-1317556800	1	756225
15470	-1314964800	8.9	756225
15470	-1312286400	12.7	756225
15470	-1309694400	17.8	756225
15470	-1307016000	17.4	756225
15470	-1304337600	11.3	756225
15470	-1301745600	8.1	756225
15470	-1299067200	1.4	756225
15470	-1296475200	-3	756225
15470	-1293796800	-13.3	756225
15470	-1291118400	-12.2	756225
15470	-1288699200	-1.6	756225
15470	-1286020800	3.7	756225
15470	-1283428800	7.1	756225
15470	-1280750400	12.3	756225
15470	-1278158400	17.4	756225
15470	-1275480000	16.1	756225
15470	-1272801600	12.9	756225
15470	-1270209600	7.2	756225
15470	-1267531200	-0.8	756225
15470	-1264939200	-6.5	756225
15470	-1262260800	-11.4	756225
15470	-1259582400	-6.6	756225
15470	-1257163200	-3.6	756225
15470	-1254484800	3	756225
15470	-1251892800	9.5	756225
15470	-1249214400	14.8	756225
15470	-1246622400	18	756225
15470	-1243944000	19.4	756225
15470	-1241265600	14.8	756225
15470	-1238673600	7.9	756225
15470	-1235995200	2.2	756225
15470	-1233403200	-4.6	756225
15470	-1230724800	-5.7	756225
15470	-1228046400	-3.3	756225
15470	-1225627200	-2	756225
15470	-1222948800	4.1	756225
15470	-1220356800	8.3	756225
15470	-1217678400	15.9	756225
15470	-1215086400	19.7	756225
15470	-1212408000	17.7	756225
15470	-1209729600	16.5	756225
15470	-1207137600	10.9	756225
15470	-1204459200	4.8	756225
15470	-1201867200	-0.8	756225
15470	-1199188800	-2.4	756225
15470	-1196510400	-5.9	756225
15470	-1194004800	-5.2	756225
15470	-1191326400	2.7	756225
15470	-1188734400	9.1	756225
15470	-1186056000	16.3	756225
15470	-1183464000	18.5	756225
15470	-1180785600	18.7	756225
15470	-1178107200	14.7	756225
15470	-1175515200	6.8	756225
15470	-1172836800	-0.3	756225
15470	-1170244800	-4.8	756225
15470	-1167566400	-4.7	756225
15470	-1164888000	-9	756225
15470	-1162468800	-3.9	756225
15470	-1159790400	3	756225
15470	-1157198400	9.8	756225
15470	-1154520000	17	756225
15470	-1151928000	19.4	756225
15470	-1149249600	18.2	756225
15470	-1146571200	16.2	756225
15470	-1143979200	6.6	756225
15470	-1141300800	-2.4	756225
15470	-1138708800	-7.1	756225
15470	-1136030400	-5	756225
15470	-1133352000	-11.8	756225
15470	-1130932800	-5.6	756225
15470	-1128254400	1.4	756225
15470	-1125662400	9.3	756225
15470	-1122984000	15.2	756225
15470	-1120392000	18.2	756225
15470	-1117713600	16.2	756225
15470	-1115035200	12.9	756225
15470	-1112443200	8.2	756225
15470	-1109764800	2.9	756225
15470	-1107172800	-5	756225
15470	-1104494400	-8.6	756225
15470	-1101816000	-7.1	756225
15470	-1099396800	-2.1	756225
15470	-1096718400	3.2	756225
15470	-1094126400	8.4	756225
15470	-1091448000	13.8	756225
15470	-1088856000	20.6	756225
15470	-1086177600	18.6	756225
15470	-1083499200	12.9	756225
15470	-1080907200	7.4	756225
15470	-1078228800	0.4	756225
15470	-1075636800	-5.2	756225
15470	-1072958400	-9.3	756225
15470	-1070280000	-14.8	756225
15470	-1067774400	-2.8	756225
15470	-1065096000	0.7	756225
15470	-1062504000	10.9	756225
15470	-1059825600	13	756225
15470	-1057233600	20.2	756225
15470	-1054555200	17.5	756225
15470	-1051876800	14.9	756225
15470	-1049284800	5.8	756225
15470	-1046606400	-1.6	756225
15470	-1044014400	-3.9	756225
15470	-1041336000	-8.9	756225
15470	-1038657600	-6.4	756225
15470	-1036238400	-4.4	756225
15470	-1033560000	2.9	756225
15470	-1030968000	9.8	756225
15470	-1028289600	15.5	756225
15470	-1025697600	19.6	756225
15470	-1023019200	19.6	756225
15470	-1020340800	14.2	756225
15470	-1017748800	6	756225
15470	-1015070400	0.8	756225
15470	-1012478400	-6.5	756225
15470	-1009800000	-8.9	756225
15470	-1007121600	-6.5	756225
15470	-1004702400	-1.9	756225
15470	-1002024000	3.9	756225
15470	-999432000	9.7	756225
15470	-996753600	14.7	756225
15470	-994161600	18.3	756225
15470	-991483200	19.8	756225
15470	-988804800	13.6	756225
15470	-986212800	9.9	756225
15470	-983534400	2	756225
15470	-980942400	-3.9	756225
15470	-978264000	-6.6	756225
15470	-975585600	-10.7	756225
15470	-973166400	-4.6	756225
15470	-970488000	1.7	756225
15470	-967896000	8.7	756225
15470	-965217600	14.6	756225
15470	-962625600	19.5	756225
15470	-959947200	18.6	756225
15470	-957268800	14.4	756225
15470	-954676800	7	756225
15470	-951998400	1.4	756225
15470	-949406400	-1.6	756225
15470	-946728000	-8.9	756225
15470	-944049600	-5.8	756225
15470	-941544000	-5	756225
15470	-938865600	2.2	756225
15470	-936273600	8.8	756225
15470	-933595200	14	756225
15470	-931003200	18.3	756225
15470	-928324800	17.6	756225
15470	-925646400	14.6	756225
15470	-923054400	8.4	756225
15470	-920376000	0.6	756225
15470	-917784000	-3.7	756225
15470	-915105600	-6.3	756225
15470	-912427200	-6.5	756225
15470	-910008000	-4.8	756225
15470	-907329600	5.6	756225
15470	-904737600	11.3	756225
15470	-902059200	15.9	756225
15470	-899467200	18.4	756225
15470	-896788800	17.5	756225
15470	-894110400	14.2	756225
15470	-891518400	8.7	756225
15470	-888840000	2.3	756225
15470	-886248000	-2.2	756225
15470	-883569600	-7.4	756225
15470	-880891200	-6.9	756225
15470	-878472000	-1.1	756225
15470	-875793600	5.7	756225
15470	-873201600	8.9	756225
15470	-870523200	15.4	756225
15470	-867931200	17.8	756225
15470	-865252800	18.1	756225
15470	-862574400	13.2	756225
15470	-859982400	8.6	756225
15470	-857304000	0.8	756225
15470	-854712000	-6.6	756225
15470	-852033600	-9.1	756225
15470	-849355200	-7.7	756225
15470	-846936000	-6.3	756225
15470	-844257600	1.7	756225
15470	-841665600	8.3	756225
15470	-838987200	14.8	756225
15470	-836395200	19.8	756225
15470	-833716800	18.2	756225
15470	-831038400	12.4	756225
15470	-828446400	8	756225
15470	-825768000	0	756225
15470	-823176000	-5.1	756225
15470	-820497600	-3.5	756225
15470	-817819200	-5.8	756225
15470	-815313600	-4.4	756225
15470	-812635200	2.5	756225
15470	-810043200	10.9	756225
15470	-807364800	14.6	756225
15470	-804772800	18.4	756225
15470	-802094400	19	756225
15470	-799416000	14.5	756225
15470	-796824000	7.7	756225
15470	-794145600	3	756225
15470	-791553600	-5.6	756225
15470	-788875200	-10.7	756225
15470	-786196800	-8.2	756225
15470	-783777600	1.1	756225
15470	-781099200	3.3	756225
15470	-778507200	7.5	756225
15470	-775828800	13.2	756225
15470	-773236800	17.1	756225
15470	-770558400	18.1	756225
15470	-767880000	13.8	756225
15470	-765288000	6.9	756225
15470	-762609600	1.1	756225
15470	-760017600	-5.8	756225
15470	-757339200	-6.7	756225
15470	-754660800	-8.4	756225
15470	-752241600	1.6	756225
15470	-749563200	4.2	756225
15470	-746971200	8.4	756225
15470	-744292800	13.7	756225
15470	-741700800	18.4	756225
15470	-739022400	16.7	756225
15470	-736344000	13.8	756225
15470	-733752000	9.8	756225
15470	-731073600	2.4	756225
15470	-728481600	-4.8	756225
15470	-725803200	-6.7	756225
15470	-723124800	-8.4	756225
15470	-720705600	-3.4	756225
15470	-718027200	1.7	756225
15470	-715435200	6.3	756225
15470	-712756800	12.6	756225
15470	-710164800	18	756225
15470	-707486400	20.3	756225
15470	-704808000	15	756225
15470	-702216000	12.6	756225
15470	-699537600	0.3	756225
15470	-696945600	-4.2	756225
15470	-694267200	-10.6	756225
15470	-691588800	-9.3	756225
15470	-689083200	-4.1	756225
15470	-686404800	4.5	756225
15470	-683812800	8.8	756225
15470	-681134400	14.1	756225
15470	-678542400	18.5	756225
15470	-675864000	18.4	756225
15470	-673185600	16.4	756225
15470	-670593600	8.9	756225
15470	-667915200	3.6	756225
15470	-665323200	-3.5	756225
15470	-662644800	-5.5	756225
15470	-659966400	-6.6	756225
15470	-657547200	-2.9	756225
15470	-654868800	4.8	756225
15470	-652276800	9.1	756225
15470	-649598400	16.3	756225
15470	-647006400	20.1	756225
15470	-644328000	19.5	756225
15470	-641649600	12.7	756225
15470	-639057600	10	756225
15470	-636379200	1	756225
15470	-633787200	-4.2	756225
15470	-631108800	-8.3	756225
15470	-628430400	-8.1	756225
15470	-626011200	-5.5	756225
15470	-623332800	-0.1	756225
15470	-620740800	8.3	756225
15470	-618062400	13.3	756225
15470	-615470400	16.4	756225
15470	-612792000	14.6	756225
15470	-610113600	13.1	756225
15470	-607521600	9.5	756225
15470	-604843200	-0.4	756225
15470	-602251200	-6.6	756225
15470	-599572800	-8.4	756225
15470	-596894400	-6.8	756225
15470	-594475200	-3.1	756225
15470	-591796800	3.7	756225
15470	-589204800	11	756225
15470	-586526400	13.7	756225
15470	-583934400	17.7	756225
15470	-581256000	15.7	756225
15470	-578577600	12.8	756225
15470	-575985600	7.5	756225
15470	-573307200	-2.2	756225
15470	-570715200	-5.9	756225
15470	-568036800	-7	756225
15470	-565358400	-5.2	756225
15470	-562852800	-3.6	756225
15470	-560174400	4.9	756225
15470	-557582400	10.2	756225
15470	-554904000	15.2	756225
15470	-552312000	18.4	756225
15470	-549633600	17.5	756225
15470	-546955200	14.4	756225
15470	-544363200	6	756225
15470	-541684800	2.6	756225
15470	-539092800	-1.7	756225
15470	-536414400	-4.8	756225
15470	-533736000	-6.3	756225
15470	-531316800	-1.2	756225
15470	-528638400	3.1	756225
15470	-526046400	9.1	756225
15470	-523368000	15	756225
15470	-520776000	18.9	756225
15470	-518097600	19.4	756225
15470	-515419200	14.6	756225
15470	-512827200	10.6	756225
15470	-510148800	3.7	756225
15470	-507556800	-2.9	756225
15470	-504878400	-8.6	756225
15470	-502200000	-2.7	756225
15470	-499780800	-3.1	756225
15470	-497102400	3.5	756225
15470	-494510400	7.5	756225
15470	-491832000	15.8	756225
15470	-489240000	18	756225
15470	-486561600	17.2	756225
15470	-483883200	13	756225
15470	-481291200	7.9	756225
15470	-478612800	2.5	756225
15470	-476020800	-3.5	756225
15470	-473342400	-6.9	756225
15470	-470664000	-7.4	756225
15470	-468244800	-4.1	756225
15470	-465566400	6.3	756225
15470	-462974400	10.7	756225
15470	-460296000	15.9	756225
15470	-457704000	21.7	756225
15470	-455025600	21.4	756225
15470	-452347200	14.7	756225
15470	-449755200	9.6	756225
15470	-447076800	0.2	756225
15470	-444484800	-6.6	756225
15470	-441806400	-6.9	756225
15470	-439128000	-7.5	756225
15470	-436622400	-4.6	756225
15470	-433944000	2.5	756225
15470	-431352000	7.1	756225
15470	-428673600	15.2	756225
15470	-426081600	16.3	756225
15470	-423403200	17.4	756225
15470	-420724800	12	756225
15470	-418132800	10	756225
15470	-415454400	2.2	756225
15470	-412862400	-4.1	756225
15470	-410184000	-10.8	756225
15470	-407505600	-6.8	756225
15470	-405086400	-2.8	756225
15470	-402408000	4	756225
15470	-399816000	9.4	756225
15470	-397137600	14.8	756225
15470	-394545600	18.4	756225
15470	-391867200	17.5	756225
15470	-389188800	13.4	756225
15470	-386596800	7.9	756225
15470	-383918400	2	756225
15470	-381326400	-3.4	756225
15470	-378648000	-5.5	756225
15470	-375969600	-9.3	756225
15470	-373550400	-0.6	756225
15470	-370872000	4.8	756225
15470	-368280000	8.7	756225
15470	-365601600	12.4	756225
15470	-363009600	17.3	756225
15470	-360331200	17.7	756225
15470	-357652800	14.3	756225
15470	-355060800	9.2	756225
15470	-352382400	3.5	756225
15470	-349790400	-8.6	756225
15470	-347112000	-11.4	756225
15470	-344433600	-10.6	756225
15470	-342014400	-4	756225
15470	-339336000	3.4	756225
15470	-336744000	10.8	756225
15470	-334065600	16.3	756225
15470	-331473600	18.6	756225
15470	-328795200	20.1	756225
15470	-326116800	15.3	756225
15470	-323524800	6.8	756225
15470	-320846400	-2.1	756225
15470	-318254400	-1.5	756225
15470	-315576000	-6.3	756225
15470	-312897600	-6.5	756225
15470	-310392000	-6.6	756225
15470	-307713600	3.7	756225
15470	-305121600	9.7	756225
15470	-302443200	14.5	756225
15470	-299851200	17.7	756225
15470	-297172800	18.4	756225
15470	-294494400	14.8	756225
15470	-291902400	8.8	756225
15470	-289224000	3.1	756225
15470	-286632000	-6.6	756225
15470	-283953600	-9.5	756225
15470	-281275200	-5.3	756225
15470	-278856000	-1.7	756225
15470	-276177600	3.1	756225
15470	-273585600	8.3	756225
15470	-270907200	14.8	756225
15470	-268315200	18.6	756225
15470	-265636800	18.6	756225
15470	-262958400	15.9	756225
15470	-260366400	9.2	756225
15470	-257688000	1.9	756225
15470	-255096000	-4.9	756225
15470	-252417600	-10.4	756225
15470	-249739200	-10.4	756225
15470	-247320000	-2.7	756225
15470	-244641600	2.5	756225
15470	-242049600	11.1	756225
15470	-239371200	15.2	756225
15470	-236779200	17.8	756225
15470	-234100800	17.6	756225
15470	-231422400	13.1	756225
15470	-228830400	9.2	756225
15470	-226152000	2.2	756225
15470	-223560000	-5.6	756225
15470	-220881600	-13.2	756225
15470	-218203200	-12.5	756225
15470	-215784000	-3.5	756225
15470	-213105600	4.7	756225
15470	-210513600	8.5	756225
15470	-207835200	16.2	756225
15470	-205243200	19.6	756225
15470	-202564800	17.2	756225
15470	-199886400	13.1	756225
15470	-197294400	12.7	756225
15470	-194616000	4.8	756225
15470	-192024000	-7.1	756225
15470	-189345600	-4.9	756225
15470	-186667200	-5.9	756225
15470	-184161600	-2.4	756225
15470	-181483200	4	756225
15470	-178891200	11.8	756225
15470	-176212800	15.1	756225
15470	-173620800	19.9	756225
15470	-170942400	16.7	756225
15470	-168264000	13.5	756225
15470	-165672000	7.5	756225
15470	-162993600	2.8	756225
15470	-160401600	-5.9	756225
15470	-157723200	-8.9	756225
15470	-155044800	-9.4	756225
15470	-152625600	-4.7	756225
15470	-149947200	2.5	756225
15470	-147355200	10.2	756225
15470	-144676800	14.4	756225
15470	-142084800	17.3	756225
15470	-139406400	17.1	756225
15470	-136728000	12.2	756225
15470	-134136000	8	756225
15470	-131457600	1.6	756225
15470	-128865600	-1.1	756225
15470	-126187200	-9.7	756225
15470	-123508800	-6.1	756225
15470	-121089600	-0.2	756225
15470	-118411200	3.4	756225
15470	-115819200	7.8	756225
15470	-113140800	16.5	756225
15470	-110548800	21	756225
15470	-107870400	17.8	756225
15470	-105192000	14.9	756225
15470	-102600000	8	756225
15470	-99921600	1.1	756225
15470	-97329600	-4.6	756225
15470	-94651200	-6.2	756225
15470	-91972800	-10.2	756225
15470	-89553600	-3.2	756225
15470	-86875200	3.6	756225
15470	-84283200	7.6	756225
15470	-81604800	15.9	756225
15470	-79012800	17.7	756225
15470	-76334400	16.5	756225
15470	-73656000	14.1	756225
15470	-71064000	7.5	756225
15470	-68385600	-0.4	756225
15470	-65793600	-4.2	756225
15470	-63115200	-8.7	756225
15470	-60436800	-8.9	756225
15470	-57931200	-0.4	756225
15470	-55252800	4.8	756225
15470	-52660800	9.2	756225
15470	-49982400	14	756225
15470	-47390400	17.4	756225
15470	-44712000	17.7	756225
15470	-42033600	15.5	756225
15470	-39441600	9.7	756225
15470	-36763200	2	756225
15470	-34171200	-4.8	756225
15470	-31492800	-6.9	756225
15470	-28814400	-5.7	756225
15470	-26395200	-3.9	756225
15470	-23716800	4.3	756225
15470	-21124800	9.3	756225
15470	-18446400	12.1	756225
15470	-15854400	18.2	756225
15470	-13176000	20	756225
15470	-10497600	15	756225
15470	-7905600	7.2	756225
15470	-5227200	1.6	756225
15470	-2635200	-3.7	756225
15470	43200	-10.4	756225
15470	2721600	-9.5	756225
15470	5140800	-3.9	756225
15470	7819200	3.8	756225
15470	10411200	8.8	756225
15470	13089600	15.1	756225
15470	15681600	19.3	756225
15470	18360000	18.8	756225
15470	21038400	14.3	756225
15470	23630400	10.1	756225
15470	26308800	2.1	756225
15470	28900800	-4.3	756225
15470	31579200	-10.2	756225
15470	34257600	-8.6	756225
15470	36676800	-3.7	756225
15470	39355200	2.9	756225
15470	41947200	8.3	756225
15470	44625600	15.4	756225
15470	47217600	16.8	756225
15470	49896000	16.9	756225
15470	52574400	15.1	756225
15470	55166400	11.8	756225
15470	57844800	1.5	756225
15470	60436800	-3.7	756225
15470	63115200	-10.3	756225
15470	65793600	-10.2	756225
15470	68299200	-5.6	756225
15470	70977600	1.4	756225
15470	73569600	11.8	756225
15470	76248000	13.7	756225
15470	78840000	17.4	756225
15470	81518400	17.1	756225
15470	84196800	13.1	756225
15470	86788800	6.3	756225
15470	89467200	0.9	756225
15470	92059200	-6.9	756225
15470	94737600	-6.6	756225
15470	97416000	-7.4	756225
15470	99835200	1.4	756225
15470	102513600	3.7	756225
15470	105105600	8.3	756225
15470	107784000	15.3	756225
15470	110376000	19	756225
15470	113054400	19.1	756225
15470	115732800	14	756225
15470	118324800	11.2	756225
15470	121003200	1.6	756225
15470	123595200	-6.4	756225
15470	126273600	-8.2	756225
15470	128952000	-10.2	756225
15470	131371200	-3.6	756225
15470	134049600	3.5	756225
15470	136641600	8.2	756225
15470	139320000	13.9	756225
15470	141912000	18.6	756225
15470	144590400	17.7	756225
15470	147268800	11.7	756225
15470	149860800	8	756225
15470	152539200	2.6	756225
15470	155131200	-2.6	756225
15470	157809600	-6.5	756225
15470	160488000	-7.1	756225
15470	162907200	-3.9	756225
15470	165585600	0.9	756225
15470	168177600	12	756225
15470	170856000	15.5	756225
15470	173448000	19.6	756225
15470	176126400	18.7	756225
15470	178804800	12.3	756225
15470	181396800	9.3	756225
15470	184075200	4	756225
15470	186667200	-4.3	756225
15470	189345600	-10.3	756225
15470	192024000	-5.1	756225
15470	194529600	-3.1	756225
15470	197208000	4.3	756225
15470	199800000	8.6	756225
15470	202478400	16.5	756225
15470	205070400	19.2	756225
15470	207748800	17.8	756225
15470	210427200	13	756225
15470	213019200	6	756225
15470	215697600	-1.5	756225
15470	218289600	-10.1	756225
15470	220968000	-13	756225
15470	223646400	-8	756225
15470	226065600	-0.4	756225
15470	228744000	5	756225
15470	231336000	12.6	756225
15470	234014400	14.5	756225
15470	236606400	18.9	756225
15470	239284800	16.3	756225
15470	241963200	14.3	756225
15470	244555200	7.9	756225
15470	247233600	1.9	756225
15470	249825600	-5.6	756225
15470	252504000	-9.5	756225
15470	255182400	-10.2	756225
15470	257601600	-3.7	756225
15470	260280000	2.7	756225
15470	262872000	11.1	756225
15470	265550400	13.9	756225
15470	268142400	17.6	756225
15470	270820800	18.7	756225
15470	273499200	14.9	756225
15470	276091200	8.8	756225
15470	278769600	1.5	756225
15470	281361600	-6.4	756225
15470	284040000	-11.6	756225
15470	286718400	-11.7	756225
15470	289137600	-2.6	756225
15470	291816000	2.3	756225
15470	294408000	8.2	756225
15470	297086400	14	756225
15470	299678400	18.7	756225
15470	302356800	16.9	756225
15470	305035200	14	756225
15470	307627200	6.8	756225
15470	310305600	1.3	756225
15470	312897600	-2.8	756225
15470	315576000	-7.3	756225
15470	318254400	-7.8	756225
15470	320760000	-4	756225
15470	323438400	4.7	756225
15470	326030400	12	756225
15470	328708800	12.8	756225
15470	331300800	18.8	756225
15470	333979200	19.4	756225
15470	336657600	13.9	756225
15470	339249600	6	756225
15470	341928000	1.1	756225
15470	344520000	-6.8	756225
15470	347198400	-9	756225
15470	349876800	-5.8	756225
15470	352296000	-0.9	756225
15470	354974400	4.4	756225
15470	357566400	9	756225
15470	360244800	15.2	756225
15470	362836800	19	756225
15470	365515200	18.3	756225
15470	368193600	12.8	756225
15470	370785600	6	756225
15470	373464000	2.7	756225
15470	376056000	-3.9	756225
15470	378734400	-12.1	756225
15470	381412800	-8.8	756225
15470	383832000	-3.5	756225
15470	386510400	1.8	756225
15470	389102400	12.5	756225
15470	391780800	13.1	756225
15470	394372800	18.8	756225
15470	397051200	16.7	756225
15470	399729600	13.1	756225
15470	402321600	9.5	756225
15470	4.05e+08	2.4	756225
15470	407592000	-1.9	756225
15470	410270400	-5.1	756225
15470	412948800	-3.6	756225
15470	415368000	-1.6	756225
15470	418046400	3.3	756225
15470	420638400	7.6	756225
15470	423316800	15.7	756225
15470	425908800	21.4	756225
15470	428587200	20.9	756225
15470	431265600	15.8	756225
15470	433857600	9.4	756225
15470	436536000	2.4	756225
15470	439128000	-10	756225
15470	441806400	-10.6	756225
15470	444484800	-3	756225
15470	446990400	-5.2	756225
15470	449668800	5	756225
15470	452260800	8.7	756225
15470	454939200	15.6	756225
15470	457531200	18.5	756225
15470	460209600	19.3	756225
15470	462888000	13.6	756225
15470	465480000	10.7	756225
15470	468158400	1.8	756225
15470	470750400	-4.6	756225
15470	473428800	-9.5	756225
15470	476107200	-8.8	756225
15470	478526400	-0.3	756225
15470	481204800	4.5	756225
15470	483796800	11	756225
15470	486475200	14	756225
15470	489067200	17.4	756225
15470	491745600	17.5	756225
15470	494424000	15.4	756225
15470	497016000	9.2	756225
15470	499694400	-0.9	756225
15470	502286400	-9.4	756225
15470	504964800	-8.3	756225
15470	507643200	-8.7	756225
15470	510062400	-2	756225
15470	512740800	6	756225
15470	515332800	12.2	756225
15470	518011200	14.2	756225
15470	520603200	19.6	756225
15470	523281600	17.2	756225
15470	525960000	13.7	756225
15470	528552000	7.6	756225
15470	531230400	-0.5	756225
15470	533822400	-3.4	756225
15470	536500800	-5.1	756225
15470	539179200	-3.4	756225
15470	541598400	0.4	756225
15470	544276800	6.3	756225
15470	546868800	10.8	756225
15470	549547200	17.8	756225
15470	552139200	20.3	756225
15470	554817600	19	756225
15470	557496000	15.5	756225
15470	560088000	6.5	756225
15470	562766400	2.9	756225
15470	565358400	-1.7	756225
15470	568036800	-8.7	756225
15470	570715200	-9.6	756225
15470	573220800	-2.8	756225
15470	575899200	4.6	756225
15470	578491200	11.5	756225
15470	581169600	17.3	756225
15470	583761600	20.2	756225
15470	586440000	20.1	756225
15470	589118400	14.8	756225
15470	591710400	6.1	756225
15470	594388800	2.6	756225
15470	596980800	-5.3	756225
15470	599659200	-5.2	756225
15470	602337600	-11	756225
15470	604756800	-5.4	756225
15470	607435200	2.7	756225
15470	610027200	10.1	756225
15470	612705600	14.4	756225
15470	615297600	19.6	756225
15470	617976000	18.3	756225
15470	620654400	14.4	756225
15470	623246400	7.6	756225
15470	625924800	-1	756225
15470	628516800	-10.9	756225
15470	631195200	-4.1	756225
15470	633873600	-6.7	756225
15470	636292800	-1.2	756225
15470	638971200	4.9	756225
15470	641563200	9.4	756225
15470	644241600	15	756225
15470	646833600	18.3	756225
15470	649512000	17.7	756225
15470	652190400	14.7	756225
15470	654782400	7.6	756225
15470	657460800	3.3	756225
15470	660052800	-4.3	756225
15470	662731200	-9.9	756225
15470	665409600	-5.8	756225
15470	667828800	-0.8	756225
15470	670507200	5.3	756225
15470	673099200	11.7	756225
15470	675777600	18	756225
15470	678369600	19.5	756225
15470	681048000	20	756225
15470	683726400	13.6	756225
15470	686318400	7.5	756225
15470	688996800	-0.1	756225
15470	691588800	-4.2	756225
15470	694267200	-6.1	756225
15470	696945600	-5.2	756225
15470	699451200	-3	756225
15470	702129600	2.7	756225
15470	704721600	9.8	756225
15470	707400000	14.3	756225
15470	709992000	16	756225
15470	712670400	16.6	756225
15470	715348800	13.1	756225
15470	717940800	7.7	756225
15470	720619200	-0.1	756225
15470	723211200	-3.9	756225
15470	725889600	-7.1	756225
15470	728568000	-8.8	756225
15470	730987200	-1.8	756225
15470	733665600	3	756225
15470	736257600	9.9	756225
15470	738936000	14.2	756225
15470	741528000	18.7	756225
15470	744206400	19.2	756225
15470	746884800	12.1	756225
15470	749476800	6.9	756225
15470	752155200	0.6	756225
15470	754747200	-3.9	756225
15470	757425600	-14	756225
15470	760104000	-11.7	756225
15470	762523200	-2.5	756225
15470	765201600	3.4	756225
15470	767793600	9.5	756225
15470	770472000	16.4	756225
15470	773064000	18.2	756225
15470	775742400	17.2	756225
15470	778420800	15.5	756225
15470	781012800	10.2	756225
15470	783691200	4	756225
15470	786283200	-0.9	756225
15470	788961600	-6	756225
15470	791640000	-7.8	756225
15470	794059200	-1.3	756225
15470	796737600	2.4	756225
15470	799329600	10.3	756225
15470	802008000	18.5	756225
15470	804600000	19.4	756225
15470	807278400	20.6	756225
15470	809956800	13.7	756225
15470	812548800	8.5	756225
15470	815227200	-1.8	756225
15470	817819200	-7.4	756225
15470	820497600	-9.6	756225
15470	823176000	-8.5	756225
15470	825681600	-6	756225
15470	828360000	1	756225
15470	830952000	8.5	756225
15470	833630400	15.1	756225
15470	836222400	17	756225
15470	838900800	19.2	756225
15470	841579200	15.2	756225
15470	844171200	8.1	756225
15470	846849600	-0.6	756225
15470	849441600	-5.3	756225
15470	852120000	-8.8	756225
15470	854798400	-6.1	756225
15470	857217600	-3.3	756225
15470	859896000	2.7	756225
15470	862488000	7	756225
15470	865166400	16.8	756225
15470	867758400	18.3	756225
15470	870436800	16.9	756225
15470	873115200	14.4	756225
15470	875707200	8.5	756225
15470	878385600	0.8	756225
15470	880977600	-1.4	756225
15470	883656000	-6	756225
15470	886334400	-0.5	756225
15470	888753600	-0.9	756225
15470	891432000	6.1	756225
15470	894024000	13.8	756225
15470	896702400	15.7	756225
15470	899294400	19.8	756225
15470	901972800	19.8	756225
15470	904651200	16.4	756225
15470	907243200	10	756225
15470	909921600	3.8	756225
15470	912513600	-2.2	756225
15470	915192000	-8.9	756225
15470	917870400	-3.5	756225
15470	920289600	-1.1	756225
15470	922968000	6.1	756225
15470	925560000	11.9	756225
15470	928238400	17	756225
15470	930830400	21	756225
15470	933508800	18.2	756225
15470	936187200	15.1	756225
15470	938779200	7.7	756225
15470	941457600	5	756225
15470	944049600	-3.7	756225
15470	946728000	-8	756225
15470	949406400	-5.2	756225
15470	951912000	2.5	756225
15470	954590400	4	756225
15470	957182400	11	756225
15470	959860800	15.6	756225
15470	962452800	18	756225
15470	965131200	18.1	756225
15470	967809600	13.9	756225
15470	970401600	9.9	756225
15470	973080000	2.7	756225
15470	975672000	-8.8	756225
15470	978350400	-4.8	756225
15470	981028800	-7.6	756225
15470	983448000	-2.2	756225
15470	986126400	5.8	756225
15470	988718400	11.5	756225
15470	991396800	16.5	756225
15470	993988800	19.4	756225
15470	996667200	20.6	756225
15470	999345600	14.5	756225
15470	1001937600	8.4	756225
15470	1004616000	6	756225
15470	1007208000	-0.1	756225
15470	1009886400	-3.4	756225
15470	1012564800	-3.2	756225
15470	1014984000	-4.3	756225
15470	1017662400	3.9	756225
15470	1020254400	7.7	756225
15470	1022932800	16.2	756225
15470	1025524800	21.1	756225
15470	1028203200	19.4	756225
15470	1030881600	17.2	756225
15470	1033473600	6.2	756225
15470	1036152000	0.8	756225
15470	1038744000	-2.9	756225
15470	1041422400	-8.9	756225
15470	1044100800	-10.7	756225
15470	1046520000	-3.4	756225
15470	1049198400	2.2	756225
15470	1051790400	10.4	756225
15470	1054468800	15	756225
15470	1057060800	18.9	756225
15470	1059739200	20	756225
15470	1062417600	15.3	756225
15470	1065009600	8.3	756225
15470	1067688000	2.3	756225
15470	1070280000	-1.6	756225
15470	1072958400	-10.7	756225
15470	1075636800	-5.8	756225
15470	1078142400	-0.5	756225
15470	1080820800	4	756225
15470	1083412800	8.8	756225
15470	1086091200	14.7	756225
15470	1088683200	17.6	756225
15470	1091361600	16.8	756225
15470	1094040000	17.2	756225
15470	1096632000	9.4	756225
15470	1099310400	3.5	756225
15470	1101902400	-4.4	756225
15470	1104580800	-8.5	756225
15470	1107259200	-3.9	756225
15470	1109678400	-3.4	756225
15470	1112356800	6.3	756225
15470	1114948800	9.5	756225
15470	1117627200	19	756225
15470	1120219200	20.5	756225
15470	1122897600	20.2	756225
15470	1125576000	17.5	756225
15470	1128168000	10.2	756225
15470	1130846400	2.5	756225
15470	1133438400	-5	756225
15470	1136116800	-2.2	756225
15470	1138795200	-6.6	756225
15470	1141214400	-0.8	756225
15470	1143892800	7	756225
15470	1146484800	10.9	756225
15470	1149163200	16.6	756225
15470	1151755200	21.1	756225
15470	1154433600	19.2	756225
15470	1157112000	13.9	756225
15470	1159704000	6.9	756225
15470	1162382400	3.8	756225
15470	1164974400	-1.3	756225
15470	1167652800	-5.3	756225
15470	1170331200	-9.8	756225
15470	1172750400	-0.6	756225
15470	1175428800	4	756225
15470	1178020800	11.5	756225
15470	1180699200	17.6	756225
15470	1183291200	18.9	756225
15470	1185969600	20	756225
15470	1188648000	16.3	756225
15470	1191240000	12.5	756225
15470	1193918400	2.2	756225
15470	1196510400	-4.8	756225
15470	1199188800	-6.2	756225
15470	1201867200	-9	756225
15470	1204372800	-4.3	756225
15470	1207051200	5.5	756225
15470	1209643200	8.8	756225
15470	1212321600	15.7	756225
15470	1214913600	19.2	756225
15470	1217592000	19	756225
15470	1220270400	15.8	756225
15470	1222862400	8.8	756225
15470	1225540800	2.3	756225
15470	1228132800	-7.6	756225
15470	1230811200	-11.1	756225
15470	1233489600	-6	756225
15470	1235908800	-2.3	756225
15470	1238587200	3.9	756225
15470	1241179200	10	756225
15470	1243857600	15.3	756225
15470	1246449600	16.8	756225
15470	1249128000	17.8	756225
15470	1251806400	16.2	756225
15470	1254398400	6.8	756225
15470	1257076800	5.3	756225
15470	1259668800	-5.2	756225
15470	1262347200	-5.8	756225
15470	1265025600	-4.6	756225
15470	1267444800	2.2	756225
15470	1270123200	7.2	756225
15470	1272715200	12.5	756225
15470	1275393600	16	756225
15470	1277985600	20.3	756225
15470	1280664000	20.8	756225
15470	1283342400	13.7	756225
15470	1285934400	10.1	756225
15470	1288612800	3.3	756225
15470	1291204800	-4.7	756225
15470	1293883200	-8.5	756225
15470	1296561600	-6.6	756225
15470	1298980800	-3	756225
15470	1301659200	3.7	756225
15470	1304251200	10	756225
15470	1306929600	15.8	756225
15470	1309521600	20.9	756225
15470	1312200000	19.8	756225
15470	1314878400	14.5	756225
15470	1317470400	10	756225
15470	1320148800	3.7	756225
15470	1322740800	-2.1	756225
15470	1325419200	-4.6	756225
15470	1328097600	-2	756225
15470	1330603200	4.6	756225
15470	1333281600	4.9	756225
15470	1335873600	12.5	756225
15470	1338552000	17.7	756225
15470	1341144000	21.6	756225
15470	1343822400	19.6	756225
15470	1346500800	14.4	756225
15470	1349092800	8	756225
15470	1351771200	2.6	756225
15470	1354363200	-1.4	756225
15470	1357041600	-6.1	756225
15470	1359720000	-6.8	756225
15470	1362139200	-3.6	756225
15470	1364817600	1.9	756225
15470	1367409600	10.5	756225
15470	1370088000	15	756225
15470	1372680000	19	756225
15470	1375358400	18.8	756225
15470	1378036800	14.9	756225
15470	1380628800	9.2	756225
15470	1383307200	1.3	756225
15470	1385899200	-8.9	756225
15470	1388577600	-11.7	756225
15470	1391256000	-12.3	756225
15470	1393675200	-8.4	756225
17669	-754660800	-17.5	712910
17669	-752241600	-1.5	712910
17669	-749563200	0.7	712910
17701	-462974400	5.6	714330
17701	-460296000	8.8	714330
17701	-457704000	15.2	714330
17701	-455025600	17.4	714330
17701	-452347200	11.7	714330
17701	-449755200	8.9	714330
17701	-447076800	1	714330
18151	86788800	6	727440
18151	89467200	0	727440
18151	92059200	-7.9	727440
18151	94737600	-5.8	727440
18151	97416000	-7.3	727440
18151	99835200	1.9	727440
18151	102513600	5.3	727440
18151	105105600	10	727440
18151	107784000	16.6	727440
18151	110376000	20	727440
18151	113054400	20.7	727440
18151	115732800	14.2	727440
18151	118324800	11.3	727440
18151	121003200	1	727440
18151	123595200	-6.1	727440
18151	126273600	-9.2	727440
18151	128952000	-9.9	727440
18151	131371200	-3.9	727440
18151	134049600	4.3	727440
18151	136641600	10.1	727440
18151	139320000	16.3	727440
18151	141912000	21	727440
18151	144590400	18.1	727440
18151	147268800	10.9	727440
18151	149860800	7.7	727440
18151	152539200	1.5	727440
18151	155131200	-2.9	727440
18151	157809600	-7.2	727440
18151	160488000	-6	727440
18151	162907200	-3.5	727440
18151	165585600	2	727440
18151	168177600	14.7	727440
18151	170856000	16.9	727440
18151	173448000	21.8	727440
18151	176126400	19.1	727440
18151	178804800	11.9	727440
18151	181396800	9.3	727440
18151	184075200	2.6	727440
18151	186667200	-6.2	727440
18151	189345600	-9.8	727440
18151	192024000	-4.3	727440
20244	-731073600	-2.9	712910
20244	-728481600	-12.3	712910
20244	-725803200	-15.8	712910
20244	-723124800	-15.2	712910
20244	-720705600	-7.2	712910
20244	-718027200	-1.6	712910
20244	-715435200	4.5	712910
20244	-712756800	11	712910
20244	-710164800	16.9	712910
20244	-707486400	17.1	712910
20244	-704808000	10.3	712910
20244	-702216000	9.7	712910
20244	-699537600	-3.8	712910
20244	-696945600	-11.7	712910
20244	-694267200	-18.1	712910
20244	-691588800	-17	712910
20244	-689083200	-9.3	712910
20244	-686404800	2.9	712910
20244	-683812800	8.3	712910
20244	-681134400	13.8	712910
20244	-678542400	17.5	712910
20244	-675864000	16.7	712910
20244	-673185600	14.4	712910
20244	-670593600	6.7	712910
20244	-667915200	0	712910
20244	-665323200	-9.4	712910
20244	-662644800	-14.1	712910
20244	-659966400	-17.3	712910
20244	-657547200	-9.7	712910
20244	-654868800	2.3	712910
20244	-652276800	6.7	712910
20244	-649598400	13.8	712910
20244	-647006400	16.5	712910
20244	-644328000	17.4	712910
20244	-641649600	9.3	712910
20244	-639057600	6.1	712910
20244	-636379200	-3.2	712910
20244	-633787200	-10.3	712910
20244	-631108800	-20.5	712910
20244	-628430400	-14.3	712910
20244	-626011200	-11.2	712910
20244	-623332800	-2.5	712910
20244	-620740800	7	712910
20244	-618062400	12	712910
20244	-615470400	15.7	712910
20244	-612792000	14	712910
20244	-610113600	11.8	712910
20244	-607521600	5.9	712910
20244	-604843200	-3.6	712910
20244	-602251200	-14.2	712910
20244	-599572800	-15.7	712910
20244	-596894400	-11.8	712910
20244	-594475200	-7	712910
20244	-591796800	2.4	712910
20244	-589204800	11.1	712910
20244	-586526400	14.1	712910
20279	-431352000	4.2	714330
20279	-428673600	8.6	714330
20279	-426081600	10.7	714330
20279	-423403200	14.2	714330
20279	-420724800	10.5	714330
20279	-418132800	7.9	714330
20279	-415454400	1.7	714330
20650	197208000	6.6	727440
20650	199800000	11.1	727440
20650	202478400	19	727440
20650	205070400	20.1	727440
20650	207748800	20	727440
20650	210427200	13.2	727440
20650	213019200	5.6	727440
20650	215697600	-2.2	727440
20650	218289600	-10.2	727440
20650	220968000	-13.5	727440
20650	223646400	-7.8	727440
20650	226065600	0.8	727440
20650	228744000	7.3	727440
20650	231336000	16	727440
20650	234014400	16.3	727440
20650	236606400	19.7	727440
20650	239284800	16.2	727440
20650	241963200	13.4	727440
20650	244555200	8.4	727440
20650	247233600	1.2	727440
20650	249825600	-5.7	727440
20650	252504000	-8.6	727440
20650	255182400	-8.8	727440
20650	257601600	-3.2	727440
20650	260280000	3.6	727440
20650	262872000	13.2	727440
20650	265550400	16	727440
20650	268142400	18.7	727440
20650	270820800	18.9	727440
20650	273499200	14.4	727440
20650	276091200	8.1	727440
20650	278769600	0.4	727440
20650	281361600	-6.9	727440
20650	284040000	-12.1	727440
20650	286718400	-13.1	727440
20650	289137600	-3.5	727440
20650	291816000	3.1	727440
20650	294408000	9.5	727440
20650	297086400	16.3	727440
20650	299678400	20.2	727440
20650	302356800	17.6	727440
20650	305035200	14.4	727440
20650	307627200	6.2	727440
20650	310305600	0.3	727440
20650	312897600	-3	727440
20650	315576000	-9.1	727440
20650	318254400	-10.2	727440
20650	320760000	-5.5	727440
20650	323438400	4.4	727440
20650	326030400	12.9	727440
20650	328708800	14.5	727440
20650	331300800	19.4	727440
20650	333979200	18.4	727440
20650	336657600	11.8	727440
20650	339249600	4.1	727440
20650	341928000	-0.3	727440
20650	344520000	-8.2	727440
20650	347198400	-9	727440
20650	349876800	-7.3	727440
20650	352296000	-2.5	727440
20650	354974400	4.4	727440
20650	357566400	10.1	727440
20650	360244800	14.6	727440
20650	362836800	19.3	727440
20650	365515200	18.7	727440
20650	368193600	11.6	727440
20650	370785600	5.2	727440
20650	373464000	2.6	727440
20650	376056000	-5.7	727440
20650	378734400	-13.8	727440
20650	381412800	-10.6	727440
20650	383832000	-5	727440
20650	386510400	1.2	727440
20650	389102400	11.7	727440
22554	-581256000	15.2	712910
22554	-578577600	10.9	712910
22554	-575985600	4.2	712910
22554	-573307200	-5.9	712910
22554	-570715200	-13.4	712910
22554	-568036800	-15.5	712910
22554	-565358400	-11.2	712910
22554	-562852800	-7.1	712910
22554	-560174400	4.2	712910
22554	-557582400	9.4	712910
22554	-554904000	13.8	712910
22554	-552312000	16.3	712910
22554	-549633600	15.5	712910
22554	-546955200	11.5	712910
22554	-544363200	3	712910
22554	-541684800	-1.7	712910
22554	-539092800	-5.3	712910
22554	-536414400	-12.3	712910
22554	-533736000	-11.8	712910
22554	-531316800	-4.2	712910
22554	-528638400	2.1	712910
22554	-526046400	8.9	712910
22588	-399816000	5.8	714330
22588	-397137600	8.2	714330
22588	-394545600	11	714330
22588	-391867200	14.4	714330
22588	-389188800	12	714330
22588	-386596800	7.8	714330
22588	-383918400	2.1	714330
22917	423316800	16.2	727440
22917	425908800	21.2	727440
22917	428587200	20.9	727440
22917	431265600	14.2	727440
22917	433857600	6.8	727440
24692	-518097600	16.6	712910
24692	-515419200	10	712910
24692	-512827200	7.1	712910
24692	-510148800	0.8	712910
24692	-507556800	-9.2	712910
24692	-504878400	-18.8	712910
24692	-502200000	-6.8	712910
24692	-499780800	-11.8	712910
24692	-497102400	-0.2	712910
24692	-494510400	5.1	712910
24692	-491832000	13.9	712910
24692	-489240000	16.8	712910
24692	-486561600	15.9	712910
24692	-483883200	10.1	712910
24723	-368280000	4.8	714330
24723	-365601600	8.2	714330
24723	-363009600	11.7	714330
24723	-360331200	14.6	714330
24723	-357652800	12.2	714330
24723	-355060800	8.3	714330
24723	-352382400	2.9	714330
25028	565358400	-3.3	727440
25028	568036800	-10.3	727440
25028	570715200	-11.5	727440
25028	573220800	-3.9	727440
25028	575899200	4.3	727440
25028	578491200	13.2	727440
25028	581169600	17.7	727440
25028	583761600	21.6	727440
25028	586440000	18.8	727440
25028	589118400	13.5	727440
25028	591710400	4.7	727440
25028	594388800	0.5	727440
25028	596980800	-7.2	727440
25028	599659200	-6.1	727440
25028	602337600	-11.6	727440
25028	604756800	-6.5	727440
25028	607435200	2.3	727440
25028	610027200	11.6	727440
25028	612705600	14.2	727440
25028	615297600	20.2	727440
25028	617976000	18.5	727440
25028	620654400	14.2	727440
25028	623246400	8.1	727440
25028	625924800	-2.9	727440
25028	628516800	-11.3	727440
25028	631195200	-4.9	727440
25028	633873600	-7.3	727440
25028	636292800	-1.6	727440
25028	638971200	5.4	727440
25028	641563200	9.1	727440
25028	644241600	15.9	727440
25028	646833600	18.6	727440
25028	649512000	18.6	727440
25028	652190400	13.1	727440
25028	654782400	6.1	727440
25028	657460800	1.8	727440
25028	660052800	-6.7	727440
25028	662731200	-10.6	727440
25028	665409600	-6.4	727440
25028	667828800	-2.7	727440
25028	670507200	6.2	727440
25028	673099200	13.1	727440
25028	675777600	17.7	727440
25028	678369600	18.8	727440
25028	681048000	19.6	727440
25028	683726400	11.9	727440
25028	686318400	5	727440
25028	688996800	-2.3	727440
25028	691588800	-5.9	727440
25028	694267200	-7.2	727440
25028	696945600	-5.9	727440
25028	699451200	-4.2	727440
25028	702129600	2.2	727440
25028	704721600	12.1	727440
25028	707400000	14.1	727440
25028	709992000	15.2	727440
25028	712670400	15.9	727440
25028	715348800	13	727440
25028	717940800	6.1	727440
25028	720619200	-1	727440
25028	723211200	-5.7	727440
25028	725889600	-7.9	727440
25028	728568000	-9.1	727440
25028	730987200	-3.8	727440
25028	733665600	2	727440
25028	736257600	9.8	727440
25028	738936000	14.3	727440
25028	741528000	18.4	727440
25028	744206400	19.3	727440
25028	746884800	10.7	727440
25028	749476800	4.9	727440
25028	752155200	-1.9	727440
25028	754747200	-5.5	727440
25028	757425600	-15.1	727440
25028	760104000	-12.7	727440
25028	762523200	-2.6	727440
25028	765201600	2.7	727440
25028	767793600	10.7	727440
25028	770472000	16.3	727440
25028	773064000	17.5	727440
25028	775742400	16.8	727440
25028	778420800	15	727440
25028	781012800	9.1	727440
25028	783691200	1.7	727440
25028	786283200	-2.6	727440
25028	788961600	-6.8	727440
25028	791640000	-9	727440
25028	794059200	-1.9	727440
25028	796737600	0.8	727440
25028	799329600	10.7	727440
25028	802008000	19	727440
25028	804600000	19.2	727440
25028	807278400	20.4	727440
25028	809956800	12.1	727440
25028	812548800	7	727440
25028	815227200	-4.3	727440
25028	817819200	-7.6	727440
25028	820497600	-10.9	727440
25028	823176000	-10.7	727440
25028	825681600	-7.1	727440
25028	828360000	0.2	727440
25028	830952000	9	727440
25028	833630400	16.4	727440
25028	836222400	15.8	727440
25028	838900800	18.6	727440
25028	841579200	13.8	727440
25028	844171200	7.1	727440
25028	846849600	-2.6	727440
25028	849441600	-6.4	727440
25028	852120000	-9.9	727440
25028	854798400	-8.2	727440
25028	857217600	-5	727440
25028	859896000	2.3	727440
25028	862488000	7.5	727440
25028	865166400	17.9	727440
25028	867758400	18.1	727440
25028	870436800	17	727440
25028	873115200	13.9	727440
25028	875707200	6.8	727440
25028	878385600	-1.4	727440
25028	880977600	-2.8	727440
25028	883656000	-6.1	727440
25028	886334400	-0.9	727440
25028	888753600	-1.9	727440
25028	891432000	7	727440
25028	894024000	13.4	727440
25028	896702400	15.6	727440
25028	899294400	19.2	727440
25028	901972800	19.9	727440
25028	904651200	13.1	727440
25028	907243200	8.9	727440
25028	909921600	1.8	727440
25028	912513600	-4.4	727440
25028	915192000	-9.7	727440
25028	917870400	-4.6	727440
25028	920289600	-1.5	727440
25028	922968000	5.5	727440
25028	925560000	12.2	727440
25028	928238400	16.8	727440
25028	930830400	20.9	727440
25028	933508800	17.7	727440
25028	936187200	14.1	727440
25028	938779200	5.9	727440
25028	941457600	3.2	727440
25028	944049600	-4.8	727440
25028	946728000	-8.9	727440
25028	949406400	-4.4	727440
25028	951912000	0.9	727440
25028	954590400	3.5	727440
25028	957182400	11.8	727440
25028	959860800	14	727440
25028	962452800	18	727440
25028	965131200	18.1	727440
25028	967809600	12.1	727440
25028	970401600	8.7	727440
25028	973080000	0.6	727440
25028	975672000	-10.7	727440
26642	-478612800	0.8	712910
26642	-476020800	-7.7	712910
26642	-473342400	-14.5	712910
26642	-470664000	-13.9	712910
26642	-468244800	-10.6	712910
26642	-465566400	4.9	712910
26642	-462974400	9.4	712910
26642	-460296000	16.5	712910
26642	-457704000	19.4	712910
26642	-455025600	18.9	712910
26642	-452347200	11.6	712910
26642	-449755200	6.4	712910
26642	-447076800	-3.5	712910
26642	-444484800	-13.1	712910
26642	-441806400	-12.5	712910
26642	-439128000	-12.2	712910
26642	-436622400	-9.7	712910
26642	-433944000	-0.6	712910
26642	-431352000	5.6	712910
26642	-428673600	16.3	712910
26642	-426081600	17.1	712910
26642	-423403200	16.1	712910
26642	-420724800	9.2	712910
26642	-418132800	7.9	712910
26642	-415454400	-1.7	712910
26642	-412862400	-13.2	712910
26642	-410184000	-20.7	712910
26642	-407505600	-12.9	712910
26642	-405086400	-5.6	712910
26642	-402408000	1.4	712910
26642	-399816000	9	712910
26642	-397137600	13.3	712910
26642	-394545600	17.6	712910
26642	-391867200	16.4	712910
26642	-389188800	10.7	712910
26642	-386596800	6	712910
26642	-383918400	-3.6	712910
26642	-381326400	-9.6	712910
26642	-378648000	-11.8	712910
26642	-375969600	-15.1	712910
26642	-373550400	-3.2	712910
26642	-370872000	3.2	712910
26642	-368280000	7.7	712910
26642	-365601600	11.2	712910
26642	-363009600	16.7	712910
26642	-360331200	15.6	712910
26642	-357652800	11.9	712910
26667	-331473600	11.3	714330
26667	-328795200	14.6	714330
26667	-326116800	12.8	714330
26667	-323524800	5.8	714330
26667	-320846400	-1.4	714330
28433	-349790400	-16.3	712910
28433	-347112000	-19.5	712910
28433	-344433600	-14.8	712910
28433	-342014400	-6	712910
28433	-339336000	2	712910
28433	-336744000	8.9	712910
28433	-334065600	15.7	712910
28433	-331473600	18.3	712910
28433	-328795200	17.7	712910
28433	-326116800	13	712910
28433	-323524800	4.4	712910
28433	-320846400	-7.5	712910
28433	-318254400	-6.5	712910
28433	-315576000	-13.4	712910
28433	-312897600	-11.9	712910
28433	-310392000	-10.3	712910
28433	-307713600	1.5	712910
28433	-305121600	10.2	712910
28433	-302443200	14	712910
28433	-299851200	17.1	712910
28433	-297172800	17.6	712910
28433	-294494400	12.3	712910
28433	-291902400	6.1	712910
28433	-289224000	-1.2	712910
28433	-286632000	-14.5	712910
28433	-283953600	-16.9	712910
28433	-281275200	-10.5	712910
28433	-278856000	-5.1	712910
28433	-276177600	1.9	712910
28433	-273585600	8.1	712910
28433	-270907200	14.3	712910
28433	-268315200	18	712910
28433	-265636800	17.2	712910
28433	-262958400	12.5	712910
28433	-260366400	5.8	712910
28433	-257688000	-1.5	712910
28433	-255096000	-11	712910
28433	-252417600	-18.5	712910
28433	-249739200	-16.3	712910
28433	-247320000	-4.2	712910
28433	-244641600	0.1	712910
28433	-242049600	10.2	712910
28433	-239371200	14.4	712910
28433	-236779200	16.8	712910
28433	-234100800	15.4	712910
28433	-231422400	11	712910
28433	-228830400	7.1	712910
28433	-226152000	-0.5	712910
28433	-223560000	-12.3	712910
28433	-220881600	-20.6	712910
28433	-218203200	-17.5	712910
28433	-215784000	-8.3	712910
28454	-305121600	5.4	714330
28454	-302443200	7.7	714330
28454	-299851200	10.7	714330
28454	-297172800	14.9	714330
28454	-294494400	12.4	714330
28454	-291902400	7.6	714330
28454	-289224000	2.7	714330
30056	-207835200	14.8	712910
30056	-205243200	18.3	712910
30056	-202564800	16.2	712910
30056	-199886400	11.6	712910
30056	-197294400	10.9	712910
30056	-194616000	0.1	712910
30056	-192024000	-14.5	712910
30056	-189345600	-10.7	712910
30056	-186667200	-12	712910
30056	-184161600	-10.8	712910
30056	-181483200	1.1	712910
30056	-178891200	10.2	712910
30056	-176212800	12.8	712910
30056	-173620800	18.5	712910
30056	-170942400	14.5	712910
30056	-168264000	10.4	712910
30056	-165672000	4.5	712910
30056	-162993600	-2.8	712910
30056	-160401600	-14	712910
30056	-157723200	-16.7	712910
30056	-155044800	-15.9	712910
30056	-152625600	-9.8	712910
30056	-149947200	1.7	712910
30056	-147355200	8.8	712910
30056	-144676800	14.3	712910
30056	-142084800	14.5	712910
30056	-139406400	14.9	712910
30056	-136728000	9.2	712910
30056	-134136000	5.7	712910
30056	-131457600	-3.6	712910
30056	-128865600	-7.2	712910
30056	-126187200	-18.7	712910
30056	-123508800	-12.8	712910
30056	-121089600	-4.8	712910
30056	-118411200	1	712910
30056	-115819200	6.1	712910
30056	-113140800	14.5	712910
30056	-110548800	19.2	712910
30056	-107870400	16	712910
30056	-105192000	12.3	712910
30056	-102600000	4.4	712910
30056	-99921600	-5.9	712910
30056	-97329600	-11.7	712910
30079	-273585600	4.6	714330
30079	-270907200	8	714330
30079	-268315200	12.9	714330
30079	-265636800	16.5	714330
30079	-262958400	13.4	714330
30079	-260366400	6.9	714330
30079	-257688000	2.1	714330
31536	-91972800	-19.7	712910
31536	-89553600	-8.2	712910
31536	-86875200	0.7	712910
31536	-84283200	5.2	712910
31536	-81604800	14.5	712910
31536	-79012800	16	712910
31536	-76334400	15.2	712910
31536	-73656000	12.2	712910
31536	-71064000	4.2	712910
31536	-68385600	-3.6	712910
31536	-65793600	-9.6	712910
31536	-63115200	-15.4	712910
31536	-60436800	-14.6	712910
31536	-57931200	-4.2	712910
31536	-55252800	2.4	712910
31536	-52660800	8.2	712910
31536	-49982400	12.9	712910
31536	-47390400	16.2	712910
31536	-44712000	15.1	712910
31536	-42033600	13.5	712910
31536	-39441600	6.5	712910
31536	-36763200	-2.7	712910
31536	-34171200	-10.5	712910
31536	-31492800	-14.2	712910
31536	-28814400	-11	712910
31536	-26395200	-8.1	712910
31536	-23716800	3.3	712910
31536	-21124800	7.1	712910
31536	-18446400	10.8	712910
31536	-15854400	16.8	712910
31536	-13176000	18.7	712910
31536	-10497600	11.8	712910
31536	-7905600	3.7	712910
31536	-5227200	-2.5	712910
31536	-2635200	-8	712910
31536	43200	-17.3	712910
31536	2721600	-16.4	712910
31536	5140800	-7.2	712910
31536	7819200	0.9	712910
31536	10411200	6.9	712910
31536	13089600	14.2	712910
31536	15681600	18.7	712910
31536	18360000	17.6	712910
31536	21038400	11.8	712910
31536	23630400	7.1	712910
31536	26308800	-2.6	712910
31536	28900800	-11	712910
31536	31579200	-17.9	712910
31536	34257600	-12.5	712910
31536	36676800	-7.3	712910
31536	39355200	1.6	712910
31536	41947200	7.2	712910
31536	44625600	14.8	712910
31536	47217600	15.2	712910
31536	49896000	15.5	712910
31536	52574400	13	712910
31536	55166400	8.7	712910
31536	57844800	-1.8	712910
31536	60436800	-10.1	712910
31536	63115200	-19.3	712910
31536	65793600	-16.8	712910
31536	68299200	-9.3	712910
31536	70977600	1.4	712910
31536	73569600	11.4	712910
31554	-242049600	5.8	714330
31554	-239371200	8.8	714330
31554	-236779200	11.8	714330
31554	-234100800	13.7	714330
31554	-231422400	11	714330
31554	-228830400	8	714330
31554	-226152000	2.6	714330
32860	78840000	15.3	712910
32860	81518400	16.3	712910
32860	84196800	9.6	712910
32860	86788800	3.8	712910
32860	89467200	-3	712910
32860	92059200	-15.9	712910
32860	94737600	-13.2	712910
32860	97416000	-14	712910
32860	99835200	-1.8	712910
32860	102513600	1.5	712910
32860	105105600	8	712910
32860	107784000	13.4	712910
32860	110376000	16.5	712910
32860	113054400	17.3	712910
32860	115732800	11.6	712910
32860	118324800	8.3	712910
32860	121003200	-2.7	712910
32860	123595200	-12.1	712910
32860	126273600	-17.8	712910
32860	128952000	-16.1	712910
32860	131371200	-8.8	712910
32860	134049600	0.3	712910
32883	-210513600	4.4	714330
32883	-207835200	7.9	714330
32883	-205243200	11.1	714330
32883	-202564800	12.7	714330
32883	-199886400	10.8	714330
32883	-197294400	10.2	714330
32883	-194616000	4.1	714330
34096	139320000	13.1	712910
34096	141912000	17.8	712910
34096	144590400	15.6	712910
34096	147268800	8.1	712910
34096	149860800	4.3	712910
34096	152539200	-2	712910
34096	155131200	-7.5	712910
34096	157809600	-14.3	712910
34096	160488000	-12.4	712910
34096	162907200	-7.8	712910
34096	165585600	-0.1	712910
34096	168177600	11.6	712910
34096	170856000	14.7	712910
34096	173448000	18.3	712910
34096	176126400	16.2	712910
34096	178804800	10.4	712910
34096	181396800	6.2	712910
34096	184075200	-1.7	712910
34096	186667200	-12.7	712910
34096	189345600	-17.7	712910
34096	192024000	-10.3	712910
34096	194529600	-9.3	712910
34096	197208000	3.3	712910
34096	199800000	8.7	712910
34096	202478400	16.1	712910
34096	205070400	17.4	712910
34096	207748800	16.9	712910
34096	210427200	10.5	712910
34096	213019200	3.3	712910
34096	215697600	-5.8	712910
34096	218289600	-18.5	712910
34096	220968000	-18.5	712910
34096	223646400	-11.2	712910
34096	226065600	-1.8	712910
34096	228744000	3.2	712910
34096	231336000	12.7	712910
34096	234014400	13.2	712910
34096	236606400	17	712910
34096	239284800	13.9	712910
34096	241963200	12.2	712910
34096	244555200	6.6	712910
34096	247233600	-1.1	712910
34096	249825600	-12.7	712910
34096	252504000	-17.9	712910
34096	255182400	-15	712910
34096	257601600	-7.7	712910
34096	260280000	0.7	712910
34096	262872000	10.6	712910
34096	265550400	13	712910
34096	268142400	16.1	712910
34096	270820800	16.1	712910
34096	273499200	11.5	712910
34096	276091200	6	712910
34096	278769600	-4.4	712910
34096	281361600	-14.7	712910
34096	284040000	-20.2	712910
34096	286718400	-18.3	712910
34096	289137600	-6.4	712910
34096	291816000	0.9	712910
34096	294408000	6.9	712910
34096	297086400	13.3	712910
34096	299678400	17.9	712910
34096	302356800	15.1	712910
34096	305035200	11.5	712910
34096	307627200	3.8	712910
34096	310305600	-3.4	712910
34096	312897600	-8.5	712910
34096	315576000	-14.9	712910
34096	318254400	-15.2	712910
34096	320760000	-9.1	712910
34096	323438400	2.4	712910
34096	326030400	11	712910
34096	328708800	13	712910
34096	331300800	17.7	712910
34096	333979200	17.2	712910
34096	336657600	10.2	712910
34096	339249600	2.2	712910
34096	341928000	-2.9	712910
34096	344520000	-14.5	712910
34096	347198400	-14.9	712910
34096	349876800	-10.3	712910
34096	352296000	-3.4	712910
34096	354974400	2	712910
34096	357566400	8.4	712910
34096	360244800	13.2	712910
34096	362836800	18	712910
34096	365515200	17.9	712910
34117	-178891200	5.7	714330
34117	-176212800	7.5	714330
34117	-173620800	12.5	714330
34117	-170942400	11.1	714330
34117	-168264000	9	714330
34117	-165672000	4.7	714330
34117	-162993600	1.6	714330
35220	370785600	3.4	712910
35220	373464000	0.8	712910
35220	376056000	-9.6	712910
35220	378734400	-22	712910
35220	381412800	-15.2	712910
35220	383832000	-7.4	712910
35220	386510400	-0.8	712910
35220	389102400	10.8	712910
35220	391780800	12.3	712910
35220	394372800	17.4	712910
35220	397051200	14.4	712910
35220	399729600	11	712910
35220	402321600	6.6	712910
35220	4.05e+08	-4.4	712910
35220	407592000	-8.7	712910
35220	410270400	-13.5	712910
35220	412948800	-10	712910
35220	415368000	-5.2	712910
35220	418046400	1.1	712910
35220	420638400	6.1	712910
35220	423316800	14.2	712910
35220	425908800	19.8	712910
35220	428587200	19.8	712910
35220	431265600	13.4	712910
35220	433857600	6.2	712910
35220	436536000	-1.3	712910
35220	439128000	-16.7	712910
35220	441806400	-18.8	712910
35220	444484800	-6.3	712910
35220	446990400	-9.3	712910
35220	449668800	5.2	712910
35220	452260800	7.7	712910
35220	454939200	13.9	712910
35220	457531200	17.3	712910
35220	460209600	18.3	712910
35220	462888000	10.4	712910
35220	465480000	7.3	712910
35220	468158400	-1.8	712910
35220	470750400	-12.5	712910
35220	473428800	-17.2	712910
35220	476107200	-15.1	712910
35220	478526400	-3.3	712910
35220	481204800	3.3	712910
35220	483796800	10.4	712910
35220	486475200	12.6	712910
35220	489067200	15.9	712910
35220	491745600	16	712910
35220	494424000	11.4	712910
35220	497016000	5.8	712910
35220	499694400	-6.8	712910
35220	502286400	-15.8	712910
35220	504964800	-14.8	712910
35220	507643200	-12.2	712910
35220	510062400	-4.4	712910
35220	512740800	4.2	712910
35220	515332800	11.9	712910
35220	518011200	13.3	712910
35220	520603200	18.3	712910
35220	523281600	15.9	712910
35220	525960000	10.4	712910
35220	528552000	5.5	712910
35220	531230400	-5.7	712910
35220	533822400	-7.2	712910
35220	536500800	-10.9	712910
35220	539179200	-6.5	712910
35220	541598400	-3.5	712910
35220	544276800	6.4	712910
35220	546868800	9.9	712910
35220	549547200	16.4	712910
35220	552139200	18.2	712910
35220	554817600	16.6	712910
35220	557496000	13.4	712910
35220	560088000	3.1	712910
35220	562766400	-1.3	712910
35220	565358400	-6.1	712910
35220	568036800	-16.6	712910
35220	570715200	-16.4	712910
35220	573220800	-6.4	712910
35220	575899200	2.9	712910
35220	578491200	10.9	712910
35220	581169600	16.3	712910
35220	583761600	19.2	712910
35220	586440000	17.9	712910
35220	589118400	12.4	712910
35220	591710400	3.9	712910
35220	594388800	-1.2	712910
35220	596980800	-12.7	712910
35220	599659200	-12.6	712910
35220	602337600	-16.2	712910
35220	604756800	-10.2	712910
35220	607435200	0.9	712910
35220	610027200	10.4	712910
35220	612705600	13.4	712910
35220	615297600	18.5	712910
35220	617976000	16.4	712910
35220	620654400	12.7	712910
35220	623246400	5.6	712910
35220	625924800	-6.5	712910
35220	628516800	-18.3	712910
35220	631195200	-10.6	712910
35220	633873600	-13.2	712910
35220	636292800	-4.5	712910
35220	638971200	2.1	712910
35220	641563200	8.3	712910
35220	644241600	13.9	712910
35220	646833600	17	712910
35220	649512000	17	712910
35220	652190400	11.8	712910
35220	654782400	5	712910
35220	657460800	-1.2	712910
35220	660052800	-13.3	712910
35220	662731200	-18.4	712910
35220	665409600	-10.8	712910
35220	667828800	-5.2	712910
35220	670507200	4.9	712910
35220	673099200	12.2	712910
35220	675777600	17.3	712910
35220	678369600	17.8	712910
35220	681048000	18.6	712910
35220	683726400	10.7	712910
35220	686318400	3.5	712910
35220	688996800	-4.7	712910
35220	691588800	-10.7	712910
35220	694267200	-12.4	712910
35220	696945600	-10.5	712910
35220	699451200	-7.6	712910
35220	702129600	0.5	712910
35220	704721600	9.3	712910
35220	707400000	12.2	712910
35220	709992000	14.1	712910
35220	712670400	14.5	712910
35220	715348800	10.6	712910
35220	717940800	4.4	712910
35220	720619200	-4.4	712910
35220	723211200	-10.6	712910
35220	725889600	-14.4	712910
35220	728568000	-14.4	712910
35220	730987200	-5.6	712910
35220	733665600	1.3	712910
35220	736257600	8.4	712910
35220	738936000	13.4	712910
35220	741528000	16.5	712910
35220	744206400	17.5	712910
35220	746884800	9.1	712910
35220	749476800	2.8	712910
35220	752155200	-4.8	712910
35220	754747200	-11.1	712910
35220	757425600	-22.9	712910
35220	760104000	-17.3	712910
35220	762523200	-4.7	712910
35220	765201600	0.8	712910
35220	767793600	8.5	712910
35220	770472000	15.2	712910
35220	773064000	16	712910
35220	775742400	15.1	712910
35220	778420800	13.4	712910
35220	781012800	8.2	712910
35220	783691200	0.5	712910
35220	786283200	-5.3	712910
35220	788961600	-11.8	712910
35220	791640000	-13.7	712910
35220	794059200	-4.2	712910
35220	796737600	1	712910
35220	799329600	9.8	712910
35220	802008000	17	712910
35220	804600000	17.2	712910
35220	807278400	19.1	712910
35220	809956800	11.4	712910
35220	812548800	5.6	712910
35220	815227200	-8.3	712910
35220	817819200	-12.5	712910
35220	820497600	-19.5	712910
35220	823176000	-14.1	712910
35220	825681600	-9.4	712910
35220	828360000	-0.3	712910
35220	830952000	6.8	712910
35220	833630400	15.7	712910
35220	836222400	16.2	712910
35220	838900800	17.2	712910
35220	841579200	13.1	712910
35220	844171200	5.5	712910
35220	846849600	-4.9	712910
35220	849441600	-11	712910
35220	852120000	-16.3	712910
35220	854798400	-13.1	712910
35220	857217600	-8.4	712910
35220	859896000	1	712910
35220	862488000	6.4	712910
35220	865166400	16.1	712910
35220	867758400	18.3	712910
35220	870436800	16.1	712910
35220	873115200	13	712910
35220	875707200	5.3	712910
35220	878385600	-3.5	712910
35239	-147355200	5.4	714330
35239	-144676800	7.7	714330
35239	-142084800	9.9	714330
35239	-139406400	12.4	714330
35239	-136728000	9.6	714330
35239	-134136000	6	714330
35239	-131457600	0.9	714330
36253	894024000	10.9	712910
36253	896702400	15.4	712910
36253	899294400	18.7	712910
36253	901972800	18.5	712910
36253	904651200	13.9	712910
36253	907243200	6.5	712910
36253	909921600	-0.7	712910
36253	912513600	-10.4	712910
36253	915192000	-16.7	712910
36253	917870400	-7	712910
36253	920289600	-4.3	712910
36253	922968000	4.3	712910
36253	925560000	10.1	712910
36253	928238400	14.9	712910
36253	930830400	19.3	712910
36253	933508800	17.1	712910
36253	936187200	13	712910
36253	938779200	4.6	712910
36253	941457600	0.6	712910
36253	944049600	-8.1	712910
36253	946728000	-15.2	712910
36253	949406400	-8.8	712910
36253	951912000	-1	712910
36253	954590400	0.9	712910
36253	957182400	9.5	712910
36253	959860800	12.7	712910
36253	962452800	17.3	712910
36253	965131200	16.5	712910
36253	967809600	11.3	712910
36253	970401600	6.7	712910
36253	973080000	-1.5	712910
36253	975672000	-17.3	712910
36253	978350400	-11.7	712910
36253	981028800	-14.6	712910
36270	-115819200	4	714330
36270	-113140800	8.2	714330
36270	-110548800	12.8	714330
36270	-107870400	14.5	714330
36270	-105192000	12.9	714330
36270	-102600000	6.3	714330
36270	-99921600	0.7	714330
37228	986126400	3.1	712910
37228	988718400	10.1	712910
37228	991396800	14.6	712910
37228	993988800	17	712910
37228	996667200	18.6	712910
37228	999345600	12.4	712910
37228	1001937600	5.3	712910
37228	1004616000	2	712910
37228	1007208000	-5.1	712910
37228	1009886400	-12.7	712910
37228	1012564800	-9.7	712910
37228	1014984000	-10.1	712910
37228	1017662400	0.9	712910
37228	1020254400	5.8	712910
37228	1022932800	14.4	712910
37228	1025524800	19.7	712910
37242	-84283200	4.4	714330
37242	-81604800	8	714330
37242	-79012800	9.8	714330
37242	-76334400	12.6	714330
37242	-73656000	11.6	714330
37242	-71064000	6.4	714330
37242	-68385600	-0.5	714330
38113	1030881600	14	712910
38113	1033473600	2.1	712910
38113	1036152000	-4.7	712910
38113	1038744000	-8.3	712910
38113	1041422400	-15.4	712910
38113	1044100800	-17.3	712910
38113	1046520000	-7.5	712910
38113	1049198400	0.2	712910
38113	1051790400	9.7	712910
38113	1054468800	14.6	712910
38113	1057060800	17.9	712910
38113	1059739200	18.9	712910
38113	1062417600	12.9	712910
38113	1065009600	5.2	712910
38113	1067688000	-2.6	712910
38113	1070280000	-6.8	712910
38113	1072958400	-19.2	712910
38113	1075636800	-8.7	712910
38113	1078142400	-4.6	712910
38113	1080820800	1.3	712910
38113	1083412800	6.4	712910
38113	1086091200	12.8	712910
38113	1088683200	16.5	712910
38113	1091361600	14	712910
38113	1094040000	13.9	712910
38113	1096632000	6.2	712910
38113	1099310400	0	712910
38113	1101902400	-12.3	712910
38113	1104580800	-17.1	712910
38113	1107259200	-9.9	712910
38113	1109678400	-7.7	712910
38113	1112356800	4.2	712910
38113	1114948800	7.8	712910
38113	1117627200	15.8	712910
38113	1120219200	18.1	712910
38113	1122897600	17.9	712910
38113	1125576000	13.7	712910
38113	1128168000	7.1	712910
38113	1130846400	-3.1	712910
38113	1133438400	-9.8	712910
38113	1136116800	-9.2	712910
38113	1138795200	-14.2	712910
38113	1141214400	-3.8	712910
38113	1143892800	4.6	712910
38113	1146484800	9.2	712910
38113	1149163200	15.5	712910
38113	1151755200	18.7	712910
38113	1154433600	17.3	712910
38113	1157112000	11.3	712910
38113	1159704000	4.1	712910
38113	1162382400	-0.4	712910
38113	1164974400	-6.5	712910
38113	1167652800	-12.5	712910
38113	1170331200	-16.7	712910
38113	1172750400	-4.9	712910
38113	1175428800	1.2	712910
38113	1178020800	9.6	712910
38113	1180699200	15	712910
38113	1183291200	17.4	712910
38113	1185969600	16.7	712910
38113	1188648000	12.4	712910
38113	1191240000	7.5	712910
38113	1193918400	-3.1	712910
38113	1196510400	-12	712910
38113	1199188800	-12.3	712910
38113	1201867200	-14	712910
38113	1204372800	-8.5	712910
38113	1207051200	1.6	712910
38113	1209643200	6.4	712910
38113	1212321600	13	712910
38113	1214913600	16.9	712910
38113	1217592000	17.3	712910
38113	1220270400	12	712910
38113	1222862400	6.2	712910
38113	1225540800	-1.9	712910
38113	1228132800	-15.6	712910
38113	1230811200	-17.8	712910
38113	1233489600	-12.2	712910
38113	1235908800	-6.6	712910
38113	1238587200	1.7	712910
38113	1241179200	6.8	712910
38113	1243857600	13.3	712910
38113	1246449600	14.7	712910
38113	1249128000	15.3	712910
38113	1251806400	15.1	712910
38113	1254398400	4	712910
38113	1257076800	2.5	712910
38113	1259668800	-11.8	712910
38113	1262347200	-12.5	712910
38113	1265025600	-10.5	712910
38113	1267444800	0.7	712910
38113	1270123200	5.9	712910
38113	1272715200	11.4	712910
38113	1275393600	14.4	712910
38113	1277985600	19	712910
38113	1280664000	18.8	712910
38113	1283342400	10.1	712910
38113	1285934400	6.6	712910
38113	1288612800	-1.2	712910
38113	1291204800	-9.8	712910
38113	1293883200	-16.7	712910
38113	1296561600	-12.9	712910
38113	1298980800	-7.8	712910
38113	1301659200	1.3	712910
38113	1304251200	9	712910
38113	1306929600	13.8	712910
38113	1309521600	18.4	712910
38113	1312200000	18.8	712910
38113	1314878400	12.4	712910
38113	1317470400	7.8	712910
38113	1320148800	-0.8	712910
38113	1322740800	-8	712910
38113	1325419200	-11	712910
38113	1328097600	-8.3	712910
38113	1330603200	-0.1	712910
38113	1333281600	2.3	712910
38113	1335873600	9.5	712910
38113	1338552000	16.2	712910
38113	1341144000	19.7	712910
38113	1343822400	17.2	712910
38113	1346500800	11.6	712910
38113	1349092800	5.4	712910
38113	1351771200	-2.2	712910
38113	1354363200	-8.2	712910
38130	-52660800	5.5	714330
38130	-49982400	7.3	714330
38130	-47390400	9.4	714330
38130	-44712000	11.5	714330
38130	-42033600	12.8	714330
38130	-39441600	8.2	714330
38130	-36763200	1.4	714330
38944	-21124800	4.7	714330
38944	-18446400	6.6	714330
38944	-15854400	11.9	714330
38944	-13176000	15.5	714330
38944	-10497600	12.8	714330
38944	-7905600	6.4	714330
38944	-5227200	1.8	714330
39690	10411200	4.6	714330
39690	13089600	8.6	714330
39690	15681600	11.4	714330
39690	18360000	15.9	714330
39690	21038400	11.6	714330
39690	23630400	8.4	714330
39690	26308800	2.5	714330
40401	41947200	4.7	714330
40401	44625600	7.9	714330
40401	47217600	9.9	714330
40401	49896000	12.7	714330
40401	52574400	13.7	714330
40401	55166400	9.7	714330
40401	57844800	1.5	714330
41057	73569600	6.1	714330
41057	76248000	7.5	714330
41057	78840000	9.6	714330
41057	81518400	12.1	714330
41057	84196800	10.1	714330
41057	86788800	5	714330
41057	89467200	1.2	714330
41658	105105600	5.2	714330
41658	107784000	7.6	714330
41658	110376000	11.7	714330
41658	113054400	15.4	714330
41658	115732800	12.7	714330
41658	118324800	9.8	714330
41658	121003200	2.2	714330
42232	136641600	4.1	714330
42232	139320000	7.8	714330
42232	141912000	11.6	714330
42232	144590400	14.2	714330
42232	147268800	10.6	714330
42232	149860800	5.7	714330
42232	152539200	2.5	714330
42765	168177600	6.6	714330
42765	170856000	8.2	714330
42765	173448000	12.2	714330
42765	176126400	15.5	714330
42765	178804800	11.7	714330
42765	181396800	8.2	714330
42765	184075200	2.4	714330
43266	199800000	5.2	714330
43266	202478400	8.5	714330
43266	205070400	11.2	714330
43266	207748800	14.9	714330
43266	210427200	11.1	714330
43266	213019200	5.7	714330
43266	215697600	-0.2	714330
43727	231336000	6.6	714330
43727	234014400	7.6	714330
43727	236606400	10.3	714330
43727	239284800	12.4	714330
43727	241963200	11.1	714330
43727	244555200	7.2	714330
43727	247233600	2.1	714330
44153	262872000	5.5	714330
44153	265550400	6.6	714330
44153	268142400	10	714330
44153	270820800	12.6	714330
44153	273499200	11	714330
44153	276091200	6.6	714330
44153	278769600	0.7	714330
44555	294408000	4.7	714330
44555	297086400	7.4	714330
44555	299678400	12.1	714330
44555	302356800	13.9	714330
44555	305035200	11.7	714330
44555	307627200	5.7	714330
44555	310305600	0.7	714330
44935	326030400	5.8	714330
44935	328708800	6.8	714330
44935	331300800	11.9	714330
44935	333979200	15.6	714330
44935	336657600	10.8	714330
44935	339249600	3.8	714330
45306	357566400	4.3	714330
45306	360244800	6.8	714330
45306	362836800	11.6	714330
45306	365515200	16	714330
45306	368193600	11.2	714330
45306	370785600	4.9	714330
45306	373464000	2.7	714330
45631	389102400	6	714330
45631	391780800	6.4	714330
45631	394372800	9.7	714330
45631	397051200	10	714330
45631	399729600	9.7	714330
45631	402321600	6.8	714330
45631	4.05e+08	1	714330
45938	420638400	4.1	714330
45938	423316800	8	714330
45938	425908800	13.9	714330
45938	428587200	17.9	714330
45938	431265600	13.8	714330
45938	433857600	7.7	714330
46228	452260800	4.5	714330
46228	454939200	7.1	714330
46228	457531200	9.7	714330
46228	460209600	14.8	714330
46228	462888000	11.3	714330
46228	465480000	7.5	714330
46497	483796800	5	714330
46497	486475200	6.5	714330
46497	489067200	10.1	714330
46497	491745600	13.8	714330
46497	494424000	12.3	714330
46497	497016000	5.5	714330
46743	515332800	6.2	714330
46743	518011200	7.6	714330
46743	520603200	12.3	714330
46743	523281600	14.2	714330
46743	525960000	10.5	714330
46743	528552000	6.3	714330
46743	531230400	-0.5	714330
46970	544276800	5.2	714330
46970	546868800	6.2	714330
46970	549547200	10.7	714330
46970	552139200	15.6	714330
46970	554817600	16.5	714330
46970	557496000	14.5	714330
46970	560088000	6.1	714330
46970	562766400	2.8	714330
47192	578491200	6.4	714330
47192	581169600	9	714330
47192	583761600	14.4	714330
47192	586440000	16	714330
47192	589118400	12.6	714330
47192	591710400	5.9	714330
47192	594388800	2.9	714330
