group	x	y	clickSelects
1742	-4070779200	-6.4	545110
1742	-4068100800	-2.9	545110
1742	-4065681600	2.5	545110
1742	-4063003200	13.4	545110
1742	-4060411200	19.8	545110
1742	-4057732800	21.5	545110
1742	-4055140800	25.2	545110
1742	-4052462400	23.5	545110
1742	-4049784000	18.8	545110
1742	-4047192000	11.7	545110
1742	-4044513600	3.8	545110
1742	-4041921600	-3.9	545110
1742	-4039243200	-4.1	545110
1742	-4036564800	-1.6	545110
1742	-4034145600	6.7	545110
1742	-4031467200	15.2	545110
1742	-4028875200	19.8	545110
1742	-4026196800	23.8	545110
1742	-4023604800	23.9	545110
1742	-4020926400	23.8	545110
1742	-4018248000	20	545110
1742	-4015656000	11.6	545110
1742	-4012977600	3.7	545110
1742	-4010385600	-0.5	545110
1742	-4007707200	-3.7	545110
1742	-4005028800	1.1	545110
1742	-4002609600	5.3	545110
1742	-3999931200	15.2	545110
1742	-3997339200	19	545110
1742	-3994660800	22.7	545110
1742	-3992068800	25	545110
1742	-3989390400	24.8	545110
1742	-3986712000	20	545110
1742	-3984120000	10.9	545110
1742	-3981441600	3.9	545110
1742	-3978849600	-0.3	545110
1742	-3976171200	-3.4	545110
1742	-3973492800	0.3	545110
1742	-3970987200	7	545110
1742	-3968308800	13.4	545110
1742	-3965716800	19	545110
1742	-3963038400	23.1	545110
1742	-3960446400	24.7	545110
1742	-3957768000	25.4	545110
1742	-3955089600	19.6	545110
1742	-3952497600	13.8	545110
1742	-3949819200	6.8	545110
1742	-3947227200	-2.8	545110
1742	-3944548800	-2.9	545110
1742	-3941870400	-1	545110
1742	-3939451200	6.4	545110
1742	-3936772800	14.1	545110
1742	-3934180800	21.7	545110
1742	-3931502400	26.2	545110
1742	-3928910400	25.6	545110
1742	-3926232000	23.8	545110
1742	-3923553600	19.9	545110
1742	-3920961600	12.4	545110
1742	-3918283200	4.7	545110
1742	-3915691200	-6.2	545110
1742	-3913012800	-4	545110
1742	-3910334400	1.2	545110
1742	-3907915200	6	545110
1742	-3905236800	13.4	545110
1742	-3902644800	18.2	545110
1742	-3899966400	25	545110
1742	-3897374400	27	545110
1742	-3894696000	25.7	545110
1742	-3892017600	21.4	545110
1742	-3889425600	13.1	545110
1742	-3886747200	3.6	545110
1742	-3884155200	0.5	545110
1742	-3881476800	-2.3	545110
1742	-3878798400	-0.9	545110
1742	-3876379200	5	545110
1742	-3873700800	15.9	545110
1742	-3871108800	20.3	545110
1742	-3868430400	23.5	545110
1742	-3865838400	27.4	545110
1742	-3863160000	24.7	545110
1742	-3860481600	20.1	545110
1742	-3857889600	12.6	545110
1742	-3855211200	7.2	545110
1742	-3852619200	-2	545110
1742	-3849940800	-6.1	545110
1742	-3847262400	-0.1	545110
1742	-3844756800	6.2	545110
1742	-3842078400	13.9	545110
1742	-3839486400	21.2	545110
1742	-3836808000	23.9	545110
1742	-3834216000	26.9	545110
1742	-3831537600	24.1	545110
1742	-3828859200	20	545110
1742	-3826267200	12.6	545110
1742	-3823588800	4.4	545110
1742	-3820996800	0.4	545110
1742	-3818318400	-2.3	545110
1742	-3815640000	1.9	545110
1742	-3813220800	6.9	545110
1742	-3810542400	11.9	545110
1742	-3807950400	18.7	545110
1742	-3805272000	24.4	545110
1742	-3802680000	24.8	545110
1742	-3800001600	25.6	545110
1742	-3797323200	20.4	545110
1742	-3794731200	11.5	545110
1742	-3792052800	4.5	545110
1742	-3789460800	-2.3	545110
1742	-3786782400	-4.1	545110
1742	-3784104000	-1	545110
1742	-3781684800	6.9	545110
1742	-3779006400	10.9	545110
1742	-3776414400	20.2	545110
1742	-3773736000	22.9	545110
1742	-3771144000	25.5	545110
1742	-3768465600	23.2	545110
1742	-3765787200	19.9	545110
1742	-3763195200	12.4	545110
1742	-3760516800	0.8	545110
1742	-3757924800	-3.1	545110
1742	-3755246400	-3.4	545110
1742	-3752568000	-1.2	545110
1742	-3750148800	2.2	545110
1742	-3747470400	11.8	545110
1742	-3744878400	18.8	545110
1742	-3742200000	25.9	545110
1742	-3739608000	25.9	545110
1742	-3736929600	23.9	545110
1742	-3734251200	18.6	545110
1742	-3731659200	11.5	545110
1742	-3728980800	2.3	545110
1742	-3726388800	-3.6	545110
1742	-3723710400	-5	545110
1742	-3721032000	-5.4	545110
1742	-3718526400	2.8	545110
1742	-3715848000	12.9	545110
1742	-3713256000	19.9	545110
1742	-3710577600	24.8	545110
1742	-3707985600	26.8	545110
1742	-3705307200	24	545110
1742	-3702628800	19.2	545110
1742	-3700036800	14	545110
1742	-3697358400	3.1	545110
1742	-3694766400	-1.9	545110
1742	-3692088000	-5	545110
1742	-3689409600	-3.3	545110
1742	-3686990400	4.5	545110
1742	-3684312000	12	545110
1742	-3681720000	19.4	545110
1742	-3679041600	24.8	545110
1742	-3676449600	27.8	545110
1742	-3673771200	25.5	545110
1742	-3671092800	21.5	545110
1742	-3668500800	10.7	545110
1742	-3665822400	4	545110
1742	-3663230400	-3.2	545110
1742	-3660552000	-4.3	545110
1742	-3657873600	-6.2	545110
1742	-3655454400	6	545110
1742	-3652776000	14.4	545110
1742	-3650184000	21.7	545110
1742	-3647505600	24.7	545110
1742	-3644913600	28	545110
1742	-3642235200	25.1	545110
1742	-3639556800	20.4	545110
1742	-3636964800	12.9	545110
1742	-3634286400	5.2	545110
1742	-3631694400	-2.5	545110
1742	-3629016000	-5.1	545110
1742	-3626337600	-1.3	545110
1742	-3623918400	5.7	545110
1742	-3621240000	16.9	545110
1742	-3618648000	20.7	545110
1742	-3615969600	24.5	545110
1742	-3613377600	26.6	545110
1742	-3610699200	24.5	545110
1742	-3608020800	20	545110
1742	-3605428800	12.9	545110
1742	-3602750400	3.7	545110
1742	-3600158400	-0.5	545110
1743	-2503483200	22.1	545270
1743	-2500891200	14.3	545270
1743	-2498212800	6	545270
1743	-2495620800	-0.7	545270
1743	-2492942400	-4.4	545270
1743	-2490264000	-1.2	545270
1743	-2487844800	6.5	545270
1743	-2485166400	12.1	545270
1743	-2482574400	21.1	545270
1743	-2479896000	23.7	545270
1743	-2477304000	25.7	545270
1743	-2474625600	25.3	545270
1743	-2471947200	21.3	545270
1743	-2469355200	15.4	545270
1743	-2466676800	3.4	545270
1743	-2464084800	-0.8	545270
1743	-2461406400	-1	545270
1743	-2458728000	1.4	545270
1743	-2456222400	4.5	545270
1743	-2453544000	13.8	545270
1743	-2450952000	18.8	545270
1743	-2448273600	24.7	545270
1743	-2445681600	25.9	545270
1743	-2443003200	25.1	545270
1743	-2440324800	19.5	545270
1743	-2437732800	12.4	545270
1743	-2435054400	3.8	545270
1743	-2432462400	-1.1	545270
1743	-2429784000	-8.3	545270
1743	-2427105600	-3.2	545270
1743	-2424686400	5	545270
1743	-2422008000	14.4	545270
1743	-2419416000	18.8	545270
1743	-2416737600	24.3	545270
1743	-2414145600	27	545270
1743	-2411467200	26.2	545270
1743	-2408788800	21.2	545270
1743	-2406196800	12.8	545270
1743	-2403518400	3	545270
1743	-2400926400	-2.8	545270
1743	-2398248000	-5.7	545270
1743	-2395569600	-1.5	545270
1743	-2393150400	6.2	545270
1743	-2390472000	14.1	545270
1743	-2387880000	20	545270
1743	-2385201600	24.5	545270
1743	-2382609600	27.2	545270
1743	-2379931200	26.3	545270
1743	-2377252800	21.8	545270
1743	-2374660800	14.8	545270
1743	-2371982400	4.5	545270
1743	-2369390400	-3	545270
1743	-2366712000	-7	545270
1743	-2364033600	-5.5	545270
1743	-2361614400	1.6	545270
1743	-2358936000	13.9	545270
1743	-2356344000	18.6	545270
1743	-2353665600	23.5	545270
1743	-2351073600	26.1	545270
1743	-2348395200	24.2	545270
1743	-2345716800	20.3	545270
1743	-2343124800	13.8	545270
1743	-2340446400	3.6	545270
1743	-2337854400	-2.1	545270
1743	-2335176000	-4.4	545270
1743	-2332497600	-2.4	545270
1743	-2329992000	1.9	545270
1743	-2327313600	12.5	545270
1743	-2324721600	20.1	545270
1743	-2322043200	24.7	545270
1743	-2319451200	25.9	545270
1743	-2316772800	26.1	545270
1743	-2314094400	20.7	545270
1743	-2311502400	12.6	545270
1743	-2308824000	6.6	545270
1743	-2306232000	-2.6	545270
1743	-2303553600	-8.4	545270
1743	-2300875200	-4.7	545270
1743	-2298456000	3	545270
1743	-2295777600	12.6	545270
1743	-2293185600	21.6	545270
1743	-2290507200	25.7	545270
1743	-2287915200	27.6	545270
1743	-2285236800	26.3	545270
1743	-2282558400	22	545270
1743	-2279966400	15	545270
1743	-2277288000	4.7	545270
1743	-2274696000	-5	545270
1743	-2272017600	-3.1	545270
1743	-2269339200	-0.7	545270
1743	-2266920000	0.9	545270
1743	-2264241600	14.3	545270
1743	-2261649600	23.3	545270
1743	-2258971200	27	545270
1743	-2256379200	27.4	545270
1743	-2253700800	24.8	545270
1743	-2251022400	19.5	545270
1743	-2248430400	14.8	545270
1743	-2245752000	6.6	545270
1743	-2243160000	-1.1	545270
1743	-2240481600	-4.4	545270
1743	-2237803200	-0.8	545270
1743	-2235384000	6	545270
1743	-2232705600	15	545270
1743	-2230113600	22.8	545270
1743	-2227435200	27.3	545270
1743	-2224843200	26.8	545270
1743	-2222164800	26.3	545270
1743	-2219486400	22.8	545270
1743	-2216894400	14.1	545270
1743	-2214216000	4.2	545270
1743	-2211624000	-3.6	545270
1743	-2208945600	-9.3	545270
1743	-2206267200	-1.8	545270
1743	-2203848000	4.9	545270
1743	-2201169600	13.8	545270
1743	-2198577600	22.1	545270
1743	-2195899200	27.7	545270
1743	-2193307200	27.3	545270
1743	-2190628800	26.3	545270
1743	-2187950400	21.8	545270
1743	-2185358400	13.3	545270
1743	-2182680000	4.3	545270
1743	-2180088000	-3.5	545270
1743	-2177409600	-7.7	545270
1743	-2174731200	-3.3	545270
1743	-2172312000	7.2	545270
1743	-2169633600	15.5	545270
1743	-2167041600	20.1	545270
1743	-2164363200	25.1	545270
1743	-2161771200	25.6	545270
1743	-2159092800	24.5	545270
1743	-2156414400	20.7	545270
1743	-2153822400	12	545270
1743	-2151144000	4	545270
1743	-2148552000	-5.6	545270
1743	-2145873600	-4.4	545270
1743	-2143195200	-1.8	545270
1743	-2140776000	5.9	545270
1743	-2138097600	12.5	545270
1743	-2135505600	19.8	545270
1743	-2132827200	25.3	545270
1743	-2130235200	26.5	545270
1743	-2127556800	23.9	545270
1743	-2124878400	20.4	545270
1743	-2122286400	16.1	545270
1743	-2119608000	6.7	545270
1743	-2117016000	-2.9	545270
1743	-2114337600	-5.1	545270
1743	-2111659200	-0.4	545270
1743	-2109240000	4.6	545270
1743	-2106561600	14.2	545270
1743	-2103969600	20.8	545270
1743	-2101291200	24.9	545270
1743	-2098699200	28	545270
1743	-2096020800	25.9	545270
1743	-2093342400	20.2	545270
1743	-2090750400	11.8	545270
1743	-2088072000	2.5	545270
1743	-2085480000	-3.8	545270
1743	-2082801600	-6.7	545270
1743	-2080123200	-1.6	545270
1743	-2077617600	3.5	545270
1743	-2074939200	11.9	545270
1743	-2072347200	19.4	545270
1743	-2069668800	26.5	545270
1743	-2067076800	24.5	545270
1743	-2064398400	25	545270
1743	-2061720000	20.4	545270
1743	-2059128000	10.9	545270
1743	-2056449600	4	545270
1743	-2053857600	-3.8	545270
1743	-2051179200	-3.1	545270
1743	-2048500800	-4.3	545270
1743	-2046081600	3	545270
1743	-2043403200	10.6	545270
1743	-2040811200	20.5	545270
1743	-2038132800	25.5	545270
1743	-2035540800	26.9	545270
1743	-2032862400	25.8	545270
1743	-2030184000	21.2	545270
1743	-2027592000	12.1	545270
1743	-2024913600	3	545270
1743	-2022321600	-2.1	545270
1743	-2019643200	-6.8	545270
1743	-2016964800	-4.4	545270
1743	-2014545600	7.2	545270
1743	-2011867200	15.9	545270
1743	-2009275200	21.8	545270
1743	-2006596800	27.7	545270
1743	-2004004800	27.6	545270
1743	-2001326400	25.9	545270
1743	-1998648000	21.2	545270
1743	-1996056000	14	545270
1743	-1993377600	1.8	545270
1743	-1990785600	-1.8	545270
1743	-1988107200	-2.5	545270
1743	-1985428800	-4.4	545270
1743	-1983009600	4.8	545270
1743	-1980331200	15.1	545270
1743	-1977739200	21.8	545270
1743	-1975060800	25.4	545270
1743	-1972468800	26.9	545270
1743	-1969790400	27	545270
1743	-1967112000	22.6	545270
1743	-1964520000	16.1	545270
1743	-1961841600	3.4	545270
1743	-1959249600	-2.1	545270
1743	-1956571200	-6	545270
1743	-1953892800	-3.1	545270
1743	-1951387200	4.4	545270
1743	-1948708800	12.8	545270
1743	-1946116800	20.3	545270
1743	-1943438400	25.9	545270
1743	-1940846400	27.3	545270
1743	-1938168000	27.3	545270
1743	-1935489600	20.8	545270
1743	-1932897600	15.3	545270
1743	-1930219200	4.7	545270
1743	-1927627200	0.4	545270
1743	-1924948800	-4.5	545270
1743	-1922270400	-1.3	545270
1743	-1919851200	2.4	545270
1743	-1917172800	12.9	545270
1743	-1914580800	20.2	545270
1743	-1911902400	23.4	545270
1743	-1909310400	27.1	545270
1743	-1906632000	26.1	545270
1743	-1903953600	21.5	545270
1743	-1901361600	13.7	545270
1743	-1898683200	6.5	545270
1743	-1896091200	-2.9	545270
1743	-1893412800	-5.1	545270
1743	-1890734400	-1.6	545270
1743	-1888315200	4.1	545270
1743	-1885636800	13	545270
1743	-1883044800	20.9	545270
1743	-1880366400	24.8	545270
1743	-1877774400	28.4	545270
1743	-1875096000	26.1	545270
1743	-1872417600	20.5	545270
1743	-1869825600	15.7	545270
1743	-1867147200	3.7	545270
1743	-1864555200	-4.8	545270
1743	-1861876800	-5.5	545270
1743	-1859198400	-4.1	545270
1743	-1856779200	4.1	545270
1743	-1854100800	12.1	545270
1743	-1851508800	19.6	545270
1743	-1848830400	24	545270
1743	-1846238400	26.3	545270
1743	-1843560000	25.8	545270
1743	-1840881600	22.1	545270
1743	-1838289600	14	545270
1743	-1835611200	4.9	545270
1743	-1833019200	-3.7	545270
1743	-1830340800	-3.8	545270
1743	-1827662400	0.9	545270
1743	-1825156800	4.7	545270
1743	-1822478400	14.1	545270
1743	-1819886400	19.7	545270
1743	-1817208000	24.8	545270
1743	-1814616000	26.4	545270
1743	-1811937600	27.3	545270
1743	-1809259200	20.1	545270
1743	-1806667200	11.6	545270
1743	-1803988800	2.3	545270
1743	-1801396800	-4.2	545270
1743	-1798718400	-4.9	545270
1743	-1796040000	-1.8	545270
1743	-1793620800	5	545270
1743	-1790942400	14.2	545270
1743	-1788350400	20.5	545270
1743	-1785672000	23.2	545270
1743	-1783080000	27.6	545270
1743	-1780401600	26.3	545270
1743	-1777723200	22.1	545270
1743	-1775131200	13.6	545270
1743	-1772452800	5.8	545270
1743	-1769860800	-4.5	545270
1743	-1767182400	-1.4	545270
1743	-1764504000	0.5	545270
1743	-1762084800	5.9	545270
1743	-1759406400	14.2	545270
1743	-1756814400	21.2	545270
1743	-1754136000	25.6	545270
1743	-1751544000	27.1	545270
1743	-1748865600	27.3	545270
1743	-1746187200	21.6	545270
1743	-1743595200	15.8	545270
1743	-1740916800	4	545270
1743	-1738324800	-1.9	545270
1743	-1735646400	-6.9	545270
1743	-1732968000	-3.3	545270
1743	-1730548800	4	545270
1743	-1727870400	11.6	545270
1743	-1725278400	19.4	545270
1743	-1722600000	24.1	545270
1743	-1720008000	27.1	545270
1743	-1717329600	27.4	545270
1743	-1714651200	20.7	545270
1743	-1712059200	15	545270
1743	-1709380800	9.5	545270
1743	-1706788800	-0.3	545270
1743	-1704110400	-2.9	545270
1743	-1701432000	-0.9	545270
1743	-1698926400	3.4	545270
1743	-1696248000	11.4	545270
1743	-1693656000	20.5	545270
1743	-1690977600	24.8	545270
1743	-1688385600	28.5	545270
1743	-1685707200	26	545270
1743	-1683028800	20.8	545270
1743	-1680436800	14.1	545270
1743	-1677758400	5.8	545270
1743	-1675166400	-4	545270
1743	-1672488000	-6.4	545270
1743	-1669809600	-2.6	545270
1743	-1667390400	4.8	545270
1743	-1664712000	13.9	545270
1743	-1662120000	19.1	545270
1743	-1659441600	26.5	545270
1743	-1656849600	28	545270
1743	-1654171200	27.5	545270
1743	-1651492800	20.7	545270
1743	-1648900800	14.6	545270
1743	-1646222400	4.7	545270
1743	-1643630400	-4.5	545270
1743	-1640952000	-3.1	545270
1743	-1638273600	-0.1	545270
1743	-1635854400	6.7	545270
1743	-1633176000	13.8	545270
1743	-1630584000	18.5	545270
1743	-1627905600	25.3	545270
1743	-1625313600	27.8	545270
1743	-1622635200	26.1	545270
1743	-1619956800	21.9	545270
1743	-1617364800	15.3	545270
1743	-1614686400	4.3	545270
1743	-1612094400	-3.1	545270
1743	-1609416000	-7.1	545270
1743	-1606737600	0.4	545270
1743	-1604318400	7.1	545270
1743	-1601640000	14.1	545270
1743	-1599048000	19.9	545270
1743	-1596369600	26.2	545270
1743	-1593777600	28.1	545270
1743	-1591099200	28.8	545270
1743	-1588420800	21.7	545270
1743	-1585828800	15	545270
1743	-1583150400	5.8	545270
1743	-1580558400	-2.1	545270
1743	-1577880000	-3.2	545270
1743	-1575201600	-3.6	545270
1743	-1572696000	6.2	545270
1743	-1570017600	15.9	545270
1743	-1567425600	22.7	545270
1743	-1564747200	25.5	545270
1743	-1562155200	29.4	545270
1743	-1559476800	28.5	545270
1743	-1556798400	20.5	545270
1743	-1554206400	17.2	545270
1743	-1551528000	7.1	545270
1743	-1548936000	-1.7	545270
1743	-1546257600	-3.3	545270
1743	-1543579200	-0.4	545270
1743	-1541160000	4.8	545270
1743	-1538481600	13.6	545270
1743	-1535889600	19.8	545270
1743	-1533211200	24	545270
1743	-1530619200	27.5	545270
1743	-1527940800	25.4	545270
1743	-1525262400	21.7	545270
1743	-1522670400	14.2	545270
1743	-1519992000	4.6	545270
1743	-1517400000	-1.3	545270
1743	-1514721600	-6.5	545270
1743	-1512043200	0.9	545270
1743	-1509624000	5.5	545270
1743	-1506945600	15.4	545270
1743	-1504353600	19.2	545270
1743	-1501675200	26.6	545270
1743	-1499083200	28.6	545270
1743	-1496404800	27.1	545270
1743	-1493726400	21.5	545270
1743	-1491134400	15.8	545270
1743	-1488456000	3.3	545270
1743	-1485864000	-1.3	545270
1743	-1483185600	-4.9	545270
1743	-1480507200	-1.7	545270
1743	-1478088000	6.5	545270
1743	-1475409600	12.9	545270
1743	-1472817600	20.8	545270
1743	-1470139200	25.8	545270
1743	-1467547200	28.2	545270
1743	-1464868800	27	545270
1743	-1462190400	21.4	545270
1743	-1459598400	13.2	545270
1743	-1456920000	4.2	545270
1743	-1454328000	-1.7	545270
1743	-1451649600	-2.2	545270
1743	-1448971200	-1.6	545270
1743	-1446465600	4.1	545270
1743	-1443787200	13.8	545270
1743	-1441195200	21.7	545270
1743	-1438516800	26	545270
1743	-1435924800	26.7	545270
1743	-1433246400	27.4	545270
1743	-1430568000	22.3	545270
1743	-1427976000	13.9	545270
1743	-1425297600	4.1	545270
1743	-1422705600	-2	545270
1743	-1420027200	-3.4	545270
1743	-1417348800	-1.3	545270
1743	-1414929600	4.9	545270
1743	-1412251200	14.4	545270
1743	-1409659200	19.5	545270
1743	-1406980800	24.2	545270
1743	-1404388800	27.2	545270
1743	-1401710400	25.9	545270
1743	-1399032000	22.7	545270
1743	-1396440000	16.4	545270
1743	-1393761600	7.6	545270
1743	-1391169600	-1.7	545270
1743	-1388491200	-2.7	545270
1743	-1385812800	-0.1	545270
1743	-1383393600	7	545270
1743	-1380715200	14.4	545270
1743	-1378123200	20.7	545270
1743	-1375444800	26.4	545270
1743	-1372852800	28	545270
1743	-1370174400	27.6	545270
1743	-1367496000	22.6	545270
1743	-1364904000	16.3	545270
1743	-1362225600	7.8	545270
1743	-1359633600	-3.2	545270
1743	-1356955200	-3.8	545270
1743	-1354276800	-0.1	545270
1743	-1351857600	5.6	545270
1743	-1349179200	17.4	545270
1743	-1346587200	22.8	545270
1743	-1343908800	28.9	545270
1743	-1341316800	31.1	545270
1743	-1338638400	29.5	545270
1743	-1335960000	25.8	545270
1743	-1333368000	17.3	545270
1743	-1330689600	9.9	545270
1743	-1328097600	-1.2	545270
1743	-1325419200	-3.4	545270
1743	-1322740800	-1.2	545270
1743	-1320235200	6.8	545270
1743	-1317556800	16.3	545270
1743	-1314964800	23.8	545270
1743	-1312286400	27.2	545270
1743	-1309694400	29	545270
1743	-1307016000	27.4	545270
1743	-1304337600	22	545270
1743	-1301745600	15	545270
1743	-1299067200	4.4	545270
1743	-1296475200	-1.8	545270
1743	-1293796800	-3.6	545270
1743	-1291118400	-1.3	545270
1743	-1288699200	6.5	545270
1743	-1286020800	14.7	545270
1743	-1283428800	22.8	545270
1743	-1280750400	28.7	545270
1743	-1278158400	29	545270
1743	-1275480000	27.8	545270
1743	-1272801600	23	545270
1743	-1270209600	15.4	545270
1743	-1267531200	5.7	545270
1743	-1264939200	-2.7	545270
1743	-1262260800	-4.1	545270
1743	-1259582400	0.7	545270
1743	-1257163200	8.2	545270
1743	-1254484800	16.1	545270
1743	-1251892800	22.6	545270
1743	-1249214400	27.6	545270
1743	-1246622400	29.4	545270
1743	-1243944000	27.6	545270
1743	-1241265600	23	545270
1743	-1238673600	16.3	545270
1743	-1235995200	4	545270
1743	-1233403200	-0.2	545270
1743	-1230724800	-2.9	545270
1743	-1228046400	-1.7	545270
1743	-1225627200	9	545270
1743	-1222948800	13.7	545270
1743	-1220356800	20.6	545270
1743	-1217678400	24.9	545270
1743	-1215086400	26.6	545270
1743	-1212408000	26.2	545270
1743	-1209729600	22.4	545270
1743	-1207137600	14.4	545270
1743	-1204459200	5.8	545270
1743	-1201867200	-1.7	545270
1743	-1199188800	-0.5	545270
1743	-1196510400	-2.3	545270
1743	-1194004800	4.3	545270
1743	-1191326400	13.4	545270
1743	-1188734400	20.4	545270
1743	-1186056000	24.5	545270
1743	-1183464000	27.5	545270
1743	-1180785600	26.7	545270
1743	-1178107200	21.3	545270
1743	-1175515200	14.2	545270
1743	-1172836800	6.4	545270
1743	-1170244800	0.2	545270
1743	-1167566400	-5.6	545270
1743	-1164888000	-1.3	545270
1743	-1162468800	3	545270
1743	-1159790400	13.3	545270
1743	-1157198400	20.8	545270
1743	-1154520000	24.4	545270
1743	-1151928000	28.3	545270
1743	-1149249600	26.1	545270
1743	-1146571200	23.1	545270
1743	-1143979200	14.6	545270
1743	-1141300800	5.4	545270
1743	-1138708800	0.2	545270
1743	-1136030400	-5.5	545270
1743	-1133352000	0.6	545270
1743	-1130932800	5.4	545270
1743	-1128254400	12.2	545270
1743	-1125662400	21.8	545270
1743	-1122984000	24.9	545270
1743	-1120392000	28.9	545270
1743	-1117713600	25.2	545270
1743	-1115035200	21.7	545270
1743	-1112443200	13.8	545270
1743	-1109764800	6.3	545270
1743	-1107172800	1.1	545270
1743	-1104494400	-1.8	545270
1743	-1101816000	2.9	545270
1743	-1099396800	8.5	545270
1743	-1096718400	15.8	545270
1743	-1094126400	21	545270
1743	-1091448000	25.2	545270
1743	-1088856000	26.6	545270
1743	-1086177600	27.1	545270
1743	-1083499200	23.4	545270
1743	-1080907200	17	545270
1743	-1078228800	4.6	545270
1743	-1075636800	-4.5	545270
1743	-1072958400	-6	545270
1743	-1070280000	-3.9	545270
1743	-1067774400	2.4	545270
1743	-1065096000	12.6	545270
1743	-1062504000	20.2	545270
1743	-1059825600	26	545270
1743	-1057233600	28.1	545270
1743	-1054555200	26.7	545270
1743	-1051876800	22.5	545270
1743	-1049284800	16.5	545270
1743	-1046606400	6.4	545270
1743	-1044014400	-0.5	545270
1743	-1041336000	-2.2	545270
1743	-1038657600	-0.1	545270
1743	-1036238400	4.3	545270
1743	-1033560000	12.7	545270
1743	-1030968000	21.3	545270
1743	-1028289600	25.5	545270
1743	-1025697600	28.3	545270
1743	-1023019200	26.4	545270
1743	-1020340800	21.8	545270
1743	-1017748800	15.7	545270
1743	-1015070400	6.4	545270
1743	-1012478400	-2.2	545270
1743	-1009800000	-5	545270
1743	-1007121600	0.1	545270
1743	-1004702400	7.3	545270
1743	-1002024000	16.8	545270
1743	-999432000	19.1	545270
1743	-996753600	24.5	545270
1743	-994161600	27.8	545270
1743	-991483200	28	545270
1743	-988804800	21.7	545270
1743	-986212800	16.7	545270
1743	-983534400	6.9	545270
1743	-980942400	-1.9	545270
1743	-978264000	-2.6	545270
1743	-975585600	0.6	545270
1743	-973166400	7.1	545270
1743	-970488000	15.4	545270
1743	-967896000	20.8	545270
1743	-965217600	26.6	545270
1743	-962625600	29.5	545270
1743	-959947200	28.6	545270
1743	-957268800	21.7	545270
1743	-954676800	14.7	545270
1743	-951998400	5.2	545270
1743	-949406400	4	545270
1743	-946728000	-4.1	545270
1743	-944049600	-0.1	545270
1743	-941544000	7.4	545270
1743	-938865600	14.5	545270
1743	-936273600	22.3	545270
1743	-933595200	25.3	545270
1743	-931003200	28.5	545270
1743	-928324800	24.1	545270
1743	-925646400	22.8	545270
1743	-923054400	16.8	545270
1743	-920376000	6	545270
1743	-917784000	0.6	545270
1743	-915105600	-2.1	545270
1743	-912427200	-0.5	545270
1743	-910008000	7.2	545270
1743	-907329600	13.8	545270
1743	-904737600	21.7	545270
1743	-902059200	25.2	545270
1743	-899467200	28	545270
1743	-896788800	27.3	545270
1743	-894110400	23.3	545270
1743	-891518400	15.1	545270
1743	-888840000	7.2	545270
1743	-886248000	0.7	545270
1743	-883569600	-2.4	545270
1743	-880891200	-1.7	545270
1743	-878472000	8.3	545270
1743	-875793600	14.8	545270
1743	-873201600	19.5	545270
1743	-870523200	28.1	545270
1743	-867931200	28.5	545270
1743	-865252800	26.6	545270
1743	-862574400	23.3	545270
1743	-859982400	15.3	545270
1743	-857304000	7.3	545270
1743	-854712000	-0.5	545270
1743	-852033600	-3.7	545270
1743	-849355200	1	545270
1743	-846936000	8	545270
1743	-844257600	14.3	545270
1743	-841665600	22	545270
1743	-838987200	27.4	545270
1743	-836395200	28.8	545270
1743	-833716800	27.5	545270
1743	-831038400	21.2	545270
1743	-828446400	16.9	545270
1743	-825768000	6.5	545270
1743	-823176000	0.3	545270
1743	-820497600	-1.6	545270
1743	-817819200	0.1	545270
1743	-815313600	6.3	545270
1743	-812635200	14.1	545270
1743	-810043200	21.1	545270
1743	-807364800	26	545270
1743	-804772800	29.5	545270
1743	-802094400	27.4	545270
1743	-799416000	23.4	545270
1743	-796824000	15.9	545270
1743	-794145600	5.8	545270
1743	-791553600	-4.4	545270
1743	-788875200	-3.8	545270
1743	-786196800	-2.9	545270
1743	-783777600	5.1	545270
1743	-781099200	17	545270
1743	-778507200	20.5	545270
1743	-775828800	26.1	545270
1743	-773236800	28	545270
1743	-770558400	28	545270
1743	-767880000	22.5	545270
1743	-765288000	16.2	545270
1743	-762609600	9	545270
1743	-760017600	0.4	545270
1743	-757339200	-0.9	545270
1743	-754660800	2	545270
1743	-752241600	4.3	545270
1743	-749563200	15.4	545270
1743	-746971200	20	545270
1743	-744292800	27.9	545270
1743	-741700800	28.2	545270
1743	-739022400	27.2	545270
1743	-736344000	22.7	545270
1743	-733752000	16.6	545270
1743	-731073600	8.5	545270
1743	-728481600	-2.5	545270
1743	-725803200	-3.6	545270
1743	-723124800	-3	545270
1743	-720705600	3.3	545270
1743	-718027200	15.8	545270
1743	-715435200	21.1	545270
1743	-712756800	24.3	545270
1743	-710164800	27.6	545270
1743	-707486400	26.7	545270
1743	-704808000	20.9	545270
1743	-702216000	14.2	545270
1743	-699537600	3.5	545270
1743	-696945600	-4.2	545270
1743	-694267200	-4	545270
1743	-691588800	0.9	545270
1743	-689083200	6.3	545270
1743	-686404800	16.8	545270
1743	-683812800	20.5	545270
1743	-681134400	26.9	545270
1743	-678542400	27.7	545270
1743	-675864000	27.9	545270
1743	-673185600	23.2	545270
1743	-670593600	14.8	545270
1743	-667915200	5.3	545270
1743	-665323200	1.5	545270
1743	-662644800	-1.2	545270
1743	-659966400	1.9	545270
1743	-657547200	6.4	545270
1743	-654868800	14.5	545270
1743	-652276800	22	545270
1743	-649598400	26.5	545270
1743	-647006400	26	545270
1743	-644328000	27	545270
1743	-641649600	22.2	545270
1743	-639057600	16.6	545270
1743	-636379200	7.8	545270
1743	-633787200	-2.1	545270
1743	-631108800	-1.8	545270
1743	-628430400	1.3	545270
1743	-626011200	7.9	545270
1743	-623332800	15.3	545270
1743	-620740800	21.2	545270
1743	-618062400	25.1	545270
1743	-615470400	27.7	545270
1743	-612792000	28.2	545270
1743	-610113600	22.5	545270
1743	-607521600	15.3	545270
1743	-604843200	5.2	545270
1743	-602251200	-0.6	545270
1743	-599572800	-4.6	545270
1743	-596894400	-0.4	545270
1743	-594475200	5.7	545270
1743	-591796800	13.4	545270
1743	-589204800	22.1	545270
1743	-586526400	26.4	545270
1743	-583934400	27.8	545270
1743	-581256000	28.3	545270
1743	-578577600	20.9	545270
1743	-575985600	15.9	545270
1743	-573307200	7.1	545270
1743	-570715200	2.8	545270
1743	-568036800	-0.8	545270
1743	-565358400	-2.8	545270
1743	-562852800	5.5	545270
1743	-560174400	15.2	545270
1743	-557582400	21.6	545270
1743	-554904000	25.8	545270
1743	-552312000	27.6	545270
1743	-549633600	26.8	545270
1743	-546955200	22.6	545270
1743	-544363200	14.9	545270
1743	-541684800	5.4	545270
1743	-539092800	-3	545270
1743	-536414400	-4.7	545270
1743	-533736000	-1.9	545270
1743	-531316800	7.8	545270
1743	-528638400	13.9	545270
1743	-526046400	19.4	545270
1743	-523368000	25	545270
1743	-520776000	28.1	545270
1743	-518097600	24.6	545270
1743	-515419200	22.4	545270
1743	-512827200	17.2	545270
1743	-510148800	6.1	545270
1743	-507556800	0.7	545270
1743	-504878400	-1.2	545270
1743	-502200000	0.8	545270
1743	-499780800	4.9	545270
1743	-497102400	14.4	545270
1743	-494510400	20	545270
1743	-491832000	23.7	545270
1743	-489240000	25.2	545270
1743	-486561600	26.5	545270
1743	-483883200	22.1	545270
1743	-481291200	14.3	545270
1743	-478612800	8.1	545270
1743	-476020800	-4	545270
1743	-473342400	-4.1	545270
1743	-470664000	0.3	545270
1743	-468244800	2.7	545270
1743	-465566400	13.3	545270
1743	-462974400	20.2	545270
1743	-460296000	25.5	545270
1743	-457704000	27.1	545270
1743	-455025600	27.1	545270
1743	-452347200	22.2	545270
1743	-449755200	12.8	545270
1743	-447076800	5.8	545270
1743	-444484800	1	545270
1743	-441806400	-3.9	545270
1743	-439128000	-2.4	545270
1743	-436622400	3.1	545270
1743	-433944000	13.1	545270
1743	-431352000	18	545270
1743	-428673600	23.3	545270
1743	-426081600	27	545270
1743	-423403200	25.6	545270
1743	-420724800	22.2	545270
1743	-418132800	13.7	545270
1743	-415454400	2.7	545270
1743	-412862400	-4.3	545270
1743	-410184000	-5.5	545270
1743	-407505600	-4.9	545270
1743	-405086400	2.5	545270
1743	-402408000	13.3	545270
1743	-399816000	20.7	545270
1743	-397137600	22.6	545270
1743	-394545600	26	545270
1743	-391867200	25.8	545270
1743	-389188800	19.7	545270
1743	-386596800	14.8	545270
1743	-383918400	7.6	545270
1743	-381326400	-0.7	545270
1743	-378648000	-4.3	545270
1743	-375969600	-0.8	545270
1743	-373550400	5.1	545270
1743	-370872000	13.9	545270
1743	-368280000	20.1	545270
1743	-365601600	24.7	545270
1743	-363009600	27.4	545270
1743	-360331200	25.2	545270
1743	-357652800	22.3	545270
1743	-355060800	13.3	545270
1743	-352382400	6	545270
1743	-349790400	2	545270
1743	-347112000	-3.5	545270
1743	-344433600	1.3	545270
1743	-342014400	8.7	545270
1743	-339336000	14.4	545270
1743	-336744000	20.9	545270
1743	-334065600	24	545270
1743	-331473600	26.5	545270
1743	-328795200	26.3	545270
1743	-326116800	21.4	545270
1743	-323524800	15.9	545270
1743	-320846400	4.4	545270
1743	-318254400	-0.7	545270
1743	-315576000	-4.2	545270
1743	-312897600	3.2	545270
1743	-310392000	6.4	545270
1743	-307713600	14.4	545270
1743	-305121600	18.9	545270
1743	-302443200	25.3	545270
1743	-299851200	27.1	545270
1743	-297172800	26	545270
1743	-294494400	22.2	545270
1743	-291902400	14.1	545270
1743	-289224000	5.1	545270
1743	-286632000	-2.6	545270
1743	-283953600	-3.2	545270
1743	-281275200	1.4	545270
1743	-278856000	8.6	545270
1743	-276177600	15.6	545270
1743	-273585600	21.4	545270
1743	-270907200	25.6	545270
1743	-268315200	28.2	545270
1743	-265636800	26.8	545270
1743	-262958400	21.3	545270
1743	-260366400	14.1	545270
1743	-257688000	7.6	545270
1743	-255096000	-1.3	545270
1743	-252417600	-2.5	545270
1743	-249739200	0.5	545270
1743	-247320000	5.7	545270
1743	-244641600	12.8	545270
1743	-242049600	21	545270
1743	-239371200	24	545270
1743	-236779200	27.1	545270
1743	-234100800	26.6	545270
1743	-231422400	21.8	545270
1743	-228830400	14.1	545270
1743	-226152000	5	545270
1743	-223560000	1.3	545270
1743	-220881600	-3.8	545270
1743	-218203200	-0.5	545270
1743	-215784000	7.3	545270
1743	-213105600	13.3	545270
1743	-210513600	19.3	545270
1743	-207835200	26.2	545270
1743	-205243200	27.8	545270
1743	-202564800	27	545270
1743	-199886400	21.6	545270
1743	-197294400	14.2	545270
1743	-194616000	6.7	545270
1743	-192024000	-0.6	545270
1743	-189345600	-2.7	545270
1743	-186667200	-4.2	545270
1743	-184161600	4.8	545270
1743	-181483200	12.1	545270
1743	-178891200	21.3	545270
1743	-176212800	24.6	545270
1743	-173620800	25.9	545270
1743	-170942400	25.9	545270
1743	-168264000	20.8	545270
1743	-165672000	13.6	545270
1743	-162993600	6.6	545270
1743	-160401600	-0.3	545270
1743	-157723200	-2.5	545270
1743	-155044800	0.5	545270
1743	-152625600	6.2	545270
1743	-149947200	11.6	545270
1743	-147355200	21.7	545270
1743	-144676800	24.6	545270
1743	-142084800	27.2	545270
1743	-139406400	26	545270
1743	-136728000	21.8	545270
1743	-134136000	15.9	545270
1743	-131457600	6.7	545270
1743	-128865600	-1.5	545270
1743	-126187200	-3.3	545270
1743	-123508800	0.4	545270
1743	-121089600	5	545270
1743	-118411200	12.9	545270
1743	-115819200	19.9	545270
1743	-113140800	24.2	545270
1743	-110548800	26.2	545270
1743	-107870400	26.6	545270
1743	-105192000	20.4	545270
1743	-102600000	14.4	545270
1743	-99921600	6.1	545270
1743	-97329600	-2.9	545270
1743	-94651200	-3	545270
1743	-91972800	-1.4	545270
1743	-89553600	6.7	545270
1743	-86875200	14.1	545270
1743	-84283200	23	545270
1743	-81604800	24.5	545270
1743	-79012800	26.5	545270
1743	-76334400	27	545270
1743	-73656000	20	545270
1743	-71064000	15.2	545270
1743	-68385600	3.9	545270
1743	-65793600	-4.4	545270
1743	-63115200	-4	545270
1743	-60436800	-3.7	545270
1743	-57931200	7.5	545270
1743	-55252800	15	545270
1743	-52660800	20.6	545270
1743	-49982400	25	545270
1743	-47390400	27.7	545270
1743	-44712000	26.3	545270
1743	-42033600	21.7	545270
1743	-39441600	12.8	545270
1743	-36763200	6.4	545270
1743	-34171200	0.4	545270
1743	-31492800	-5.6	545270
1743	-28814400	-4.7	545270
1743	-26395200	2.8	545270
1743	-23716800	12.8	545270
1743	-21124800	19.9	545270
1743	-18446400	23.7	545270
1743	-15854400	25.9	545270
1743	-13176000	25.6	545270
1743	-10497600	21	545270
1743	-7905600	14.4	545270
1743	-5227200	4.3	545270
1743	-2635200	-2.2	545270
1743	43200	-4.2	545270
1743	2721600	-0.5	545270
1743	5140800	2.7	545270
1743	7819200	14	545270
1743	10411200	19.9	545270
1743	13089600	23.7	545270
1743	15681600	25.8	545270
1743	18360000	25	545270
1743	21038400	20.9	545270
1743	23630400	14.9	545270
1743	26308800	5.3	545270
1743	28900800	-0.8	545270
1743	31579200	-2.5	545270
1743	34257600	-1.8	545270
1743	36676800	2.6	545270
1743	39355200	14.1	545270
1743	41947200	21.4	545270
1743	44625600	24.6	545270
1743	47217600	26.7	545270
1743	49896000	25.2	545270
1743	52574400	21.1	545270
1743	55166400	14.4	545270
1743	57844800	8.1	545270
1743	60436800	-2.2	545270
1743	63115200	-3.6	545270
1743	65793600	-2.8	545270
1743	68299200	6.2	545270
1743	70977600	14.7	545270
1743	73569600	19.3	545270
1743	76248000	26.8	545270
1743	78840000	27.9	545270
1743	81518400	25.3	545270
1743	84196800	20.4	545270
1743	86788800	13.9	545270
1743	89467200	5.4	545270
1743	92059200	-0.4	545270
1743	94737600	-3	545270
1743	97416000	-0.6	545270
1743	99835200	8	545270
1743	102513600	15.4	545270
1743	105105600	20.1	545270
1743	107784000	23.3	545270
1743	110376000	26.1	545270
1743	113054400	26	545270
1743	115732800	21.1	545270
1743	118324800	12.8	545270
1743	121003200	6.1	545270
1743	123595200	-0.5	545270
1743	126273600	-2.5	545270
1743	128952000	-0.7	545270
1743	131371200	5.6	545270
1743	134049600	14.4	545270
1743	136641600	20.7	545270
1743	139320000	24.2	545270
1743	141912000	26.1	545270
1743	144590400	25.6	545270
1743	147268800	21.2	545270
1743	149860800	12.8	545270
1743	152539200	5.7	545270
1743	155131200	-2.1	545270
1743	157809600	-1.9	545270
1743	160488000	-0.6	545270
1743	162907200	7.6	545270
1743	165585600	15.6	545270
1743	168177600	20.3	545270
1743	170856000	25.3	545270
1743	173448000	26.8	545270
1743	176126400	26.5	545270
1743	178804800	22.6	545270
1743	181396800	15.2	545270
1743	184075200	7.5	545270
1743	186667200	-1.4	545270
1743	189345600	-2.5	545270
1743	192024000	0.9	545270
1743	194529600	5.6	545270
1743	197208000	12.6	545270
1743	199800000	20.4	545270
1743	202478400	23.6	545270
1743	205070400	24.8	545270
1743	207748800	24.7	545270
1743	210427200	21	545270
1743	213019200	14.1	545270
1743	215697600	3.3	545270
1743	218289600	-0.9	545270
1743	220968000	-6	545270
1743	223646400	-1	545270
1743	226065600	7.9	545270
1743	228744000	15	545270
1743	231336000	19.6	545270
1743	234014400	24.3	545270
1743	236606400	26.8	545270
1743	239284800	25.6	545270
1743	241963200	22.2	545270
1743	244555200	15.8	545270
1743	247233600	6.4	545270
1743	249825600	1.2	545270
1743	252504000	-1.8	545270
1743	255182400	-1.9	545270
1743	257601600	5.8	545270
1743	260280000	14.9	545270
1743	262872000	20	545270
1743	265550400	26.1	545270
1743	268142400	27.1	545270
1743	270820800	25.8	545270
1743	273499200	20.9	545270
1743	276091200	14	545270
1743	278769600	6.8	545270
1743	281361600	-0.5	545270
1743	284040000	-2.9	545270
1743	286718400	0.8	545270
1743	289137600	6.4	545270
1743	291816000	11.6	545270
1743	294408000	20.2	545270
1743	297086400	23.8	545270
1743	299678400	26.2	545270
1743	302356800	25.9	545270
1743	305035200	20.7	545270
1743	307627200	16.1	545270
1743	310305600	4.3	545270
1743	312897600	0.1	545270
1743	315576000	-3.2	545270
1743	318254400	-1.6	545270
1743	320760000	5.2	545270
1743	323438400	11.7	545270
1743	326030400	20.6	545270
1743	328708800	25.9	545270
1743	331300800	27.3	545270
1743	333979200	25.3	545270
1743	336657600	20.3	545270
1743	339249600	13.9	545270
1743	341928000	8.8	545270
1743	344520000	-2	545270
1743	347198400	-3.7	545270
1743	349876800	-0.5	545270
1743	352296000	8.1	545270
1743	354974400	16.2	545270
1743	357566400	20.9	545270
1743	360244800	25.5	545270
1743	362836800	28.1	545270
1743	365515200	25.9	545270
1743	368193600	21.9	545270
1743	370785600	13	545270
1743	373464000	3.9	545270
1743	376056000	-0.7	545270
1743	378734400	-3.4	545270
1743	381412800	1.5	545270
1743	383832000	7.7	545270
1743	386510400	16.5	545270
1743	389102400	21.5	545270
1743	391780800	24.6	545270
1743	394372800	26.3	545270
1743	397051200	27.1	545270
1743	399729600	21.5	545270
1743	402321600	16.9	545270
1743	4.05e+08	6.9	545270
1743	407592000	-0.4	545270
1743	410270400	-1.2	545270
1743	412948800	-0.9	545270
1743	415368000	7.3	545270
1743	418046400	15.7	545270
1743	420638400	21.3	545270
1743	423316800	26.3	545270
1743	425908800	27.6	545270
1743	428587200	26.8	545270
1743	431265600	23.2	545270
1743	433857600	14.8	545270
1743	436536000	7.4	545270
1743	439128000	1	545270
1743	441806400	-3.6	545270
1743	444484800	-1.9	545270
1743	446990400	4.7	545270
1743	449668800	13.8	545270
1743	452260800	20.8	545270
1743	454939200	24.8	545270
1743	457531200	27	545270
1743	460209600	26.5	545270
1743	462888000	21.3	545270
1743	465480000	15.3	545270
1743	468158400	6.4	545270
1743	470750400	-1.8	545270
1743	473428800	-4	545270
1743	476107200	-0.8	545270
1743	478526400	4.7	545270
1743	481204800	15.3	545270
1743	483796800	19.1	545270
1743	486475200	24.4	545270
1743	489067200	26.7	545270
1743	491745600	26.4	545270
1743	494424000	19.7	545270
1743	497016000	15.4	545270
1743	499694400	5.3	545270
1743	502286400	-2.6	545270
1743	504964800	-2.7	545270
1743	507643200	-0.8	545270
1743	510062400	7	545270
1743	512740800	15.4	545270
1743	515332800	21.1	545270
1743	518011200	25.5	545270
1743	520603200	26.5	545270
1743	523281600	25.6	545270
1743	525960000	21.8	545270
1743	528552000	13.1	545270
1743	531230400	5.4	545270
1743	533822400	-0.4	545270
1743	536500800	-2.8	545270
1743	539179200	0.9	545270
1743	541598400	5.7	545270
1743	544276800	14.3	545270
1743	546868800	20	545270
1743	549547200	23.9	545270
1743	552139200	27.2	545270
1743	554817600	26.2	545270
1743	557496000	22.5	545270
1743	560088000	15.8	545270
1743	562766400	5.4	545270
1743	565358400	0.1	545270
1743	568036800	-2.3	545270
1743	570715200	-0.7	545270
1743	573220800	5.1	545270
1743	575899200	15.1	545270
1743	578491200	20.4	545270
1743	581169600	25.6	545270
1743	583761600	26.4	545270
1743	586440000	25.8	545270
1743	589118400	22.2	545270
1743	591710400	15.8	545270
1743	594388800	7.6	545270
1743	596980800	0.8	545270
1743	599659200	-1	545270
1743	602337600	2.5	545270
1743	604756800	8.4	545270
1743	607435200	16.1	545270
1743	610027200	21.2	545270
1743	612705600	24.8	545270
1743	615297600	26.4	545270
1743	617976000	26.1	545270
1743	620654400	21.2	545270
1743	623246400	15.4	545270
1743	625924800	6	545270
1743	628516800	0.8	545270
1743	631195200	-3.8	545270
1743	633873600	-0.3	545270
1743	636292800	8.4	545270
1743	638971200	14	545270
1743	641563200	20	545270
1743	644241600	25.1	545270
1743	646833600	26.8	545270
1743	649512000	26.8	545270
1743	652190400	21.9	545270
1743	654782400	16.8	545270
1743	657460800	7.6	545270
1743	660052800	0.1	545270
1743	662731200	-1	545270
1743	665409600	1	545270
1743	667828800	5	545270
1743	670507200	14.4	545270
1743	673099200	19.5	545270
1743	675777600	24.6	545270
1743	678369600	26.5	545270
1743	681048000	27.2	545270
1743	683726400	21.9	545270
1743	686318400	14.8	545270
1743	688996800	6.1	545270
1743	691588800	-0.7	545270
1743	694267200	-2.1	545270
1743	696945600	1.3	545270
1743	699451200	6.1	545270
1743	702129600	15.3	545270
1743	704721600	20.2	545270
1743	707400000	23.5	545270
1743	709992000	26.8	545270
1743	712670400	25.6	545270
1743	715348800	21.1	545270
1743	717940800	12.4	545270
1743	720619200	4.1	545270
1743	723211200	-0.4	545270
1743	725889600	-3.8	545270
1743	728568000	1.5	545270
1743	730987200	7.7	545270
1743	733665600	13.8	545270
1743	736257600	20.4	545270
1743	738936000	24.8	545270
1743	741528000	25	545270
1743	744206400	25.6	545270
1743	746884800	21.2	545270
1743	749476800	13.8	545270
1743	752155200	3.8	545270
1743	754747200	-1.2	545270
1743	757425600	-1.9	545270
1743	760104000	0.6	545270
1743	762523200	5.1	545270
1743	765201600	16.8	545270
1743	767793600	20.4	545270
1743	770472000	26.3	545270
1743	773064000	28.2	545270
1743	775742400	27	545270
1743	778420800	20.6	545270
1743	781012800	13.8	545270
1743	783691200	6.4	545270
1743	786283200	-1.4	545270
1743	788961600	-1.4	545270
1743	791640000	1.8	545270
1743	794059200	7.6	545270
1743	796737600	14.4	545270
1743	799329600	19.5	545270
1743	802008000	24.2	545270
1743	804600000	25.8	545270
1743	807278400	25.7	545270
1743	809956800	19.5	545270
1743	812548800	15.2	545270
1743	815227200	7.5	545270
1743	817819200	-0.1	545270
1743	820497600	-2.7	545270
1743	823176000	-0.6	545270
1743	825681600	5.9	545270
1743	828360000	13.7	545270
1743	830952000	20.7	545270
1743	833630400	25	545270
1743	836222400	26	545270
1743	838900800	24.5	545270
1743	841579200	21	545270
1743	844171200	13.8	545270
1743	846849600	4.7	545270
1743	849441600	0.4	545270
1743	852120000	-4.2	545270
1743	854798400	1.2	545270
1743	857217600	8.4	545270
1743	859896000	14.8	545270
1743	862488000	20.1	545270
1743	865166400	24.5	545270
1743	867758400	29	545270
1743	870436800	27.7	545270
1743	873115200	19.6	545270
1743	875707200	14.3	545270
1743	878385600	6.1	545270
1743	880977600	-1.2	545270
1743	883656000	-3.7	545270
1743	886334400	2.2	545270
1743	888753600	7.9	545270
1743	891432000	16.2	545270
1743	894024000	20.5	545270
1743	896702400	24.8	545270
1743	899294400	27.5	545270
1743	901972800	26.3	545270
1743	904651200	23.8	545270
1743	907243200	15.9	545270
1743	909921600	6	545270
1743	912513600	0.4	545270
1743	915192000	-1.2	545270
1743	917870400	2.6	545270
1743	920289600	6.1	545270
1743	922968000	15.3	545270
1743	925560000	20.2	545270
1743	928238400	25.8	545270
1743	930830400	27.9	545270
1743	933508800	26.6	545270
1743	936187200	22.4	545270
1743	938779200	14	545270
1743	941457600	6.3	545270
1743	944049600	0.1	545270
1743	946728000	-6	545270
1743	949406400	-1.1	545270
1743	951912000	8.6	545270
1743	954590400	15.4	545270
1743	957182400	20.8	545270
1743	959860800	26.6	545270
1743	962452800	29.2	545270
1743	965131200	26.8	545270
1743	967809600	22.8	545270
1743	970401600	13.7	545270
1743	973080000	4.2	545270
1743	975672000	0.3	545270
1743	978350400	-4.5	545270
1743	981028800	-0.8	545270
1743	983448000	8.3	545270
1743	986126400	15.2	545270
1743	988718400	23.3	545270
1743	991396800	26.1	545270
1743	993988800	27.7	545270
1743	996667200	26.8	545270
1743	999345600	22	545270
1743	1001937600	16	545270
1743	1004616000	6.4	545270
1743	1007208000	-1.9	545270
1743	1009886400	1.1	545270
1743	1012564800	5	545270
1743	1014984000	10.2	545270
1743	1017662400	15.1	545270
1743	1020254400	21.6	545270
1743	1022932800	24.3	545270
1743	1025524800	27.6	545270
1743	1028203200	26.4	545270
1743	1030881600	21.3	545270
1743	1033473600	11.9	545270
1743	1036152000	3.9	545270
1743	1038744000	-2	545270
1743	1041422400	-2.8	545270
1743	1044100800	1.4	545270
1743	1046520000	7.2	545270
1743	1049198400	16.1	545270
1743	1051790400	21.8	545270
1743	1054468800	24.6	545270
1743	1057060800	26.6	545270
1743	1059739200	26.1	545270
1743	1062417600	21.6	545270
1743	1065009600	14.1	545270
1743	1067688000	4.6	545270
1743	1070280000	0.4	545270
1743	1072958400	-2.2	545270
1743	1075636800	3.2	545270
1743	1078142400	8.1	545270
1743	1080820800	16.3	545270
1743	1083412800	20.5	545270
1743	1086091200	25.1	545270
1743	1088683200	26.4	545270
1743	1091361600	25	545270
1743	1094040000	21.7	545270
1743	1096632000	14.8	545270
1743	1099310400	6.9	545270
1743	1101902400	-0.5	545270
1743	1104580800	-3.2	545270
1743	1107259200	-2.6	545270
1743	1109678400	6	545270
1743	1112356800	16.5	545270
1743	1114948800	20	545270
1743	1117627200	26.3	545270
1743	1120219200	28.1	545270
1743	1122897600	26.2	545270
1743	1125576000	22.3	545270
1743	1128168000	15.4	545270
1743	1130846400	7.9	545270
1743	1133438400	-2.5	545270
1743	1136116800	-2.2	545270
1743	1138795200	-0.9	545270
1743	1141214400	8.1	545270
1743	1143892800	13.7	545270
1743	1146484800	20.8	545270
1743	1149163200	26.8	545270
1743	1151755200	26.3	545270
1743	1154433600	26.8	545270
1743	1157112000	22	545270
1743	1159704000	16.9	545270
1743	1162382400	7.1	545270
1743	1164974400	-1	545270
1743	1167652800	-2.2	545270
1743	1170331200	4.2	545270
1743	1172750400	6.6	545270
1743	1175428800	15.1	545270
1743	1178020800	22.4	545270
1743	1180699200	26.1	545270
1743	1183291200	27.5	545270
1743	1185969600	27.1	545270
1743	1188648000	22.8	545270
1743	1191240000	13.8	545270
1743	1193918400	6.3	545270
1743	1196510400	0.6	545270
1743	1199188800	-3.1	545270
1743	1201867200	-0.1	545270
1743	1204372800	9	545270
1743	1207051200	16.3	545270
1743	1209643200	21.2	545270
1743	1212321600	23.8	545270
1743	1214913600	27.6	545270
1743	1217592000	26.9	545270
1743	1220270400	22.1	545270
1743	1222862400	15.6	545270
1743	1225540800	7.2	545270
1743	1228132800	-0.7	545270
1743	1230811200	-2.8	545270
1743	1233489600	1.2	545270
1743	1235908800	7.2	545270
1743	1238587200	16	545270
1743	1241179200	22.8	545270
1743	1243857600	26	545270
1743	1246449600	27.3	545270
1743	1249128000	26.2	545270
1743	1251806400	21.6	545270
1743	1254398400	15.8	545270
1743	1257076800	2.2	545270
1743	1259668800	-2.2	545270
1743	1262347200	-4.9	545270
1743	1265025600	-0.9	545270
1743	1267444800	4.7	545270
1743	1270123200	11.5	545270
1743	1272715200	21.6	545270
1743	1275393600	24.8	545270
1743	1277985600	28.4	545270
1743	1280664000	26.3	545270
1743	1283342400	21.5	545270
1743	1285934400	14	545270
1743	1288612800	6.4	545270
1743	1291204800	-1	545270
1743	1293883200	-4.9	545270
1743	1296561600	0	545270
1743	1298980800	7.4	545270
1743	1301659200	14.7	545270
1743	1304251200	20.7	545270
1743	1306929600	26.3	545270
1743	1309521600	27.4	545270
1743	1312200000	26.4	545270
1743	1314878400	20.5	545270
1743	1317470400	14.9	545270
1743	1320148800	7.3	545270
1743	1322740800	-1	545270
1743	1325419200	-3.2	545270
1743	1328097600	-1.5	545270
1743	1330603200	5.6	545270
1743	1333281600	16	545270
1743	1335873600	22.9	545270
1743	1338552000	24.9	545270
1743	1341144000	27.6	545270
1743	1343822400	25.6	545270
1743	1346500800	21.2	545270
1743	1349092800	15.2	545270
1743	1351771200	5	545270
1743	1354363200	-3.7	545270
1744	-410184000	-7.7	545340
1744	-407505600	-8.6	545340
1744	-405086400	-0.7	545340
1744	-402408000	11	545340
1744	-399816000	18.5	545340
1744	-397137600	21.1	545340
1744	-394545600	24.3	545340
1744	-391867200	24.2	545340
1744	-389188800	17.5	545340
1744	-386596800	12	545340
1744	-383918400	5	545340
1744	-381326400	-4.4	545340
1744	-378648000	-7.6	545340
1744	-375969600	-4.4	545340
1744	-373550400	2.1	545340
1744	-370872000	11.8	545340
1744	-368280000	18.2	545340
1744	-365601600	23.3	545340
1744	-363009600	26.1	545340
1744	-360331200	23.5	545340
1744	-357652800	20.1	545340
1744	-355060800	11.1	545340
1744	-352382400	3.2	545340
1744	-349790400	-1.4	545340
1744	-347112000	-7.4	545340
1744	-344433600	-2.3	545340
1744	-342014400	6.3	545340
1744	-339336000	12.5	545340
1744	-336744000	19.5	545340
1744	-334065600	22.8	545340
1744	-331473600	25	545340
1744	-328795200	25.3	545340
1744	-326116800	19.4	545340
1744	-323524800	13.5	545340
1744	-320846400	1.7	545340
1744	-318254400	-3.5	545340
1744	-315576000	-7.8	545340
1744	-312897600	-0.4	545340
1744	-310392000	3.9	545340
1744	-307713600	11.8	545340
1744	-305121600	17.4	545340
1744	-302443200	23.5	545340
1744	-299851200	26.1	545340
1744	-297172800	24.8	545340
1744	-294494400	20.2	545340
1744	-291902400	11.8	545340
1744	-289224000	2.2	545340
1744	-286632000	-6.4	545340
1744	-283953600	-6.6	545340
1744	-281275200	-1.6	545340
1744	-278856000	5	545340
1744	-276177600	13.4	545340
1744	-273585600	19	545340
1744	-270907200	24	545340
1744	-268315200	27	545340
1744	-265636800	25.3	545340
1744	-262958400	19.2	545340
1744	-260366400	12	545340
1744	-257688000	5	545340
1744	-255096000	-4.8	545340
1744	-252417600	-6.3	545340
1744	-249739200	-3.2	545340
1744	-247320000	2.4	545340
1744	-244641600	10.5	545340
1744	-242049600	19	545340
1744	-239371200	22.2	545340
1744	-236779200	25.5	545340
1744	-234100800	25	545340
1744	-231422400	19.4	545340
1744	-228830400	11.6	545340
1744	-226152000	1.7	545340
1744	-223560000	-2.5	545340
1744	-220881600	-7.8	545340
1744	-218203200	-4.2	545340
1744	-215784000	3.7	545340
1744	-213105600	10.9	545340
1744	-210513600	17.9	545340
1744	-207835200	23.3	545340
1744	-205243200	25.9	545340
1744	-202564800	25.5	545340
1744	-199886400	19.5	545340
1744	-197294400	10.8	545340
1744	-194616000	3.2	545340
1744	-192024000	-4.7	545340
1744	-189345600	-6	545340
1744	-186667200	-7.6	545340
1744	-184161600	2	545340
1744	-181483200	10.5	545340
1744	-178891200	19.8	545340
1744	-176212800	22.7	545340
1744	-173620800	24	545340
1744	-170942400	24.3	545340
1744	-168264000	19	545340
1744	-165672000	11.3	545340
1744	-162993600	3.7	545340
1744	-160401600	-3.7	545340
1744	-157723200	-6.4	545340
1744	-155044800	-2.9	545340
1744	-152625600	2.8	545340
1744	-149947200	9.8	545340
1744	-147355200	20	545340
1744	-144676800	23.3	545340
1744	-142084800	25.5	545340
1744	-139406400	23.7	545340
1744	-136728000	19.6	545340
1744	-134136000	14	545340
1744	-131457600	3.8	545340
1744	-128865600	-5	545340
1744	-126187200	-6.8	545340
1744	-123508800	-2.3	545340
1744	-121089600	2.2	545340
1744	-118411200	10.7	545340
1744	-115819200	18.4	545340
1744	-113140800	22.6	545340
1744	-110548800	24.9	545340
1744	-107870400	24.8	545340
1744	-105192000	18.8	545340
1744	-102600000	12.3	545340
1744	-99921600	3.2	545340
1744	-97329600	-7.1	545340
1744	-94651200	-6.6	545340
1744	-91972800	-5.3	545340
1744	-89553600	3.7	545340
1744	-86875200	12	545340
1744	-84283200	21.1	545340
1744	-81604800	22.5	545340
1744	-79012800	24.7	545340
1744	-76334400	25.6	545340
1744	-73656000	18.3	545340
1744	-71064000	13	545340
1744	-68385600	1.4	545340
1744	-65793600	-8.5	545340
1744	-63115200	-7.2	545340
1744	-60436800	-7.4	545340
1744	-57931200	4.6	545340
1744	-55252800	12.8	545340
1744	-52660800	18.5	545340
1744	-49982400	23.4	545340
1744	-47390400	26.3	545340
1744	-44712000	24.3	545340
1744	-42033600	19.8	545340
1744	-39441600	11.2	545340
1744	-36763200	3.8	545340
1744	-34171200	-3.6	545340
1744	-31492800	-9	545340
1744	-28814400	-7.5	545340
1744	-26395200	0.4	545340
1744	-23716800	10.7	545340
1744	-21124800	18	545340
1744	-18446400	21.3	545340
1744	-15854400	24.2	545340
1744	-13176000	23.7	545340
1744	-10497600	19.3	545340
1744	-7905600	12.5	545340
1744	-5227200	1	545340
1744	-2635200	-5.7	545340
1744	43200	-7.8	545340
1744	2721600	-4	545340
1744	5140800	-0.4	545340
1744	7819200	12.2	545340
1744	10411200	18.3	545340
1744	13089600	21.6	545340
1744	15681600	24.2	545340
1744	18360000	23.3	545340
1744	21038400	19	545340
1744	23630400	12.9	545340
1744	26308800	2.2	545340
1744	28900800	-4.4	545340
1744	31579200	-6.3	545340
1744	34257600	-5.3	545340
1744	36676800	-0.8	545340
1744	39355200	11.8	545340
1744	41947200	18.9	545340
1744	44625600	23	545340
1744	47217600	25.1	545340
1744	49896000	23.8	545340
1744	52574400	19.3	545340
1744	55166400	12.4	545340
1744	57844800	5.6	545340
1744	60436800	-5.2	545340
1744	63115200	-6.9	545340
1744	65793600	-6	545340
1744	68299200	3.8	545340
1744	70977600	12.3	545340
1744	73569600	17.3	545340
1744	76248000	24.4	545340
1744	78840000	26.3	545340
1744	81518400	23.5	545340
1744	84196800	18.3	545340
1744	86788800	11.6	545340
1744	89467200	3	545340
1744	92059200	-3	545340
1744	94737600	-6.4	545340
1744	97416000	-4.2	545340
1744	99835200	4.9	545340
1744	102513600	13.2	545340
1744	105105600	18.2	545340
1744	107784000	21.1	545340
1744	110376000	24.6	545340
1744	113054400	24.3	545340
1744	115732800	19.2	545340
1744	118324800	10.9	545340
1744	121003200	2.9	545340
1744	123595200	-3.9	545340
1744	126273600	-6.2	545340
1744	128952000	-4.2	545340
1744	131371200	2.4	545340
1744	134049600	11.7	545340
1744	136641600	18.7	545340
1744	139320000	21.9	545340
1744	141912000	24.4	545340
1744	144590400	24.1	545340
1744	147268800	19.2	545340
1744	149860800	10.8	545340
1744	152539200	2.9	545340
1744	155131200	-5	545340
1744	157809600	-4.6	545340
1744	160488000	-3.3	545340
1744	162907200	4.8	545340
1744	165585600	13.8	545340
1744	168177600	18.4	545340
1744	170856000	23.5	545340
1744	173448000	25.4	545340
1744	176126400	25	545340
1744	178804800	20.9	545340
1744	181396800	13.2	545340
1744	184075200	5	545340
1744	186667200	-4.3	545340
1744	189345600	-5.9	545340
1744	192024000	-1.2	545340
1744	194529600	2.9	545340
1744	197208000	10.7	545340
1744	199800000	18.1	545340
1744	202478400	21.3	545340
1744	205070400	23.2	545340
1744	207748800	23.1	545340
1744	210427200	19.5	545340
1744	213019200	11.9	545340
1744	215697600	0.7	545340
1744	218289600	-4	545340
1744	220968000	-9.6	545340
1744	223646400	-3.9	545340
1744	226065600	4.9	545340
1744	228744000	12.8	545340
1744	231336000	17.5	545340
1744	234014400	22.4	545340
1744	236606400	25.5	545340
1744	239284800	23.5	545340
1744	241963200	20.3	545340
1744	244555200	13.5	545340
1744	247233600	3.8	545340
1744	249825600	-1.7	545340
1744	252504000	-5	545340
1744	255182400	-4	545340
1744	257601600	2.9	545340
1744	260280000	12.9	545340
1744	262872000	18.5	545340
1744	265550400	24.2	545340
1744	268142400	26	545340
1744	270820800	24.2	545340
1744	273499200	19.2	545340
1744	276091200	11.6	545340
1744	278769600	4.5	545340
1744	281361600	-3.4	545340
1744	284040000	-6.1	545340
1744	286718400	-2.3	545340
1744	289137600	3.1	545340
1744	291816000	9.2	545340
1744	294408000	18.1	545340
1744	297086400	21.9	545340
1744	299678400	24.7	545340
1744	302356800	23.9	545340
1744	305035200	18.6	545340
1744	307627200	13.9	545340
1744	310305600	2.2	545340
1744	312897600	-2.2	545340
1744	315576000	-6.4	545340
1744	318254400	-4.4	545340
1744	320760000	2.9	545340
1744	323438400	9.1	545340
1744	326030400	18.5	545340
1744	328708800	24.1	545340
1744	331300800	25.8	545340
1744	333979200	23.7	545340
1744	336657600	18.5	545340
1744	339249600	11	545340
1744	341928000	6	545340
1744	344520000	-5.4	545340
1744	347198400	-7	545340
1744	349876800	-3.3	545340
1744	352296000	5.1	545340
1744	354974400	14.1	545340
1744	357566400	18.8	545340
1744	360244800	23.8	545340
1744	362836800	27	545340
1744	365515200	24.6	545340
1744	368193600	20.2	545340
1744	370785600	10.6	545340
1744	373464000	0.6	545340
1744	376056000	-3.9	545340
1744	378734400	-7.6	545340
1744	381412800	-1.3	545340
1744	383832000	5	545340
1744	386510400	14.2	545340
1744	389102400	19.6	545340
1744	391780800	22.8	545340
1744	394372800	24.6	545340
1744	397051200	25.1	545340
1744	399729600	19.1	545340
1744	402321600	14.2	545340
1744	4.05e+08	4	545340
1744	407592000	-3.6	545340
1744	410270400	-5.2	545340
1744	412948800	-4.2	545340
1744	415368000	4.3	545340
1744	418046400	13.1	545340
1744	420638400	19.4	545340
1744	423316800	24	545340
1744	425908800	25.5	545340
1744	428587200	24.5	545340
1744	431265600	21.4	545340
1744	433857600	12.7	545340
1744	436536000	4.3	545340
1744	439128000	-2.8	545340
1744	441806400	-7.6	545340
1744	444484800	-5	545340
1744	446990400	1.3	545340
1744	449668800	11.4	545340
1744	452260800	19	545340
1744	454939200	22.7	545340
1744	457531200	25.7	545340
1744	460209600	24.5	545340
1744	462888000	19.1	545340
1744	465480000	12.8	545340
1744	468158400	3.5	545340
1744	470750400	-4.5	545340
1744	473428800	-7.4	545340
1744	476107200	-3.7	545340
1744	478526400	1.5	545340
1744	481204800	12.8	545340
1744	483796800	17.3	545340
1744	486475200	21.8	545340
1744	489067200	24.9	545340
1744	491745600	24.7	545340
1744	494424000	18	545340
1744	497016000	13.3	545340
1744	499694400	2.2	545340
1744	502286400	-5.6	545340
1744	504964800	-5.5	545340
1744	507643200	-3.6	545340
1744	510062400	4.2	545340
1744	512740800	13.1	545340
1744	515332800	18.8	545340
1744	518011200	22.9	545340
1744	520603200	24.4	545340
1744	523281600	23.4	545340
1744	525960000	19.1	545340
1744	528552000	10.2	545340
1744	531230400	2.3	545340
1744	533822400	-2.9	545340
1744	536500800	-5.8	545340
1744	539179200	-2.2	545340
1744	541598400	2.7	545340
1744	544276800	11.8	545340
1744	546868800	17.5	545340
1744	549547200	21.9	545340
1744	552139200	25.1	545340
1744	554817600	24.5	545340
1744	557496000	20.4	545340
1744	560088000	13.3	545340
1744	562766400	2.4	545340
1744	565358400	-2.8	545340
1744	568036800	-5.2	545340
1744	570715200	-3.6	545340
1744	573220800	2	545340
1744	575899200	12.2	545340
1744	578491200	18.6	545340
1744	581169600	23.4	545340
1744	583761600	25.3	545340
1744	586440000	24.3	545340
1744	589118400	20.2	545340
1744	591710400	13.7	545340
1744	594388800	3.9	545340
1744	596980800	-2.7	545340
1744	599659200	-3.9	545340
1744	602337600	-0.6	545340
1744	604756800	5.3	545340
1744	607435200	13.9	545340
1744	610027200	19.2	545340
1744	612705600	22.9	545340
1744	615297600	24.7	545340
1744	617976000	23.6	545340
1744	620654400	18.5	545340
1744	623246400	12.6	545340
1744	625924800	3	545340
1744	628516800	-2.2	545340
1744	631195200	-7.2	545340
1744	633873600	-2.5	545340
1744	636292800	6.2	545340
1744	638971200	11.9	545340
1744	641563200	17.6	545340
1744	644241600	22.8	545340
1744	646833600	25.2	545340
1744	649512000	24.9	545340
1744	652190400	19.9	545340
1744	654782400	14.3	545340
1744	657460800	5	545340
1744	660052800	-2.5	545340
1744	662731200	-4.4	545340
1744	665409600	-2.2	545340
1744	667828800	2.8	545340
1744	670507200	12.3	545340
1744	673099200	17.7	545340
1744	675777600	22.9	545340
1744	678369600	24.7	545340
1744	681048000	25.6	545340
1744	683726400	20.1	545340
1744	686318400	12.3	545340
1744	688996800	2.8	545340
1744	691588800	-3.8	545340
1744	694267200	-3.7	545340
1744	696945600	-1.1	545340
1744	699451200	4.1	545340
1744	702129600	13.4	545340
1744	704721600	18.6	545340
1744	707400000	22.2	545340
1744	709992000	25.5	545340
1744	712670400	24.5	545340
1744	715348800	19.9	545340
1744	717940800	11.4	545340
1744	720619200	1.7	545340
1744	723211200	-2.1	545340
1744	725889600	-6.1	545340
1744	728568000	-0.4	545340
1744	730987200	5.3	545340
1744	733665600	11.7	545340
1744	736257600	19.4	545340
1744	738936000	23.6	545340
1744	741528000	24.3	545340
1744	744206400	24.3	545340
1744	746884800	20	545340
1744	749476800	12.1	545340
1744	752155200	2.4	545340
1744	754747200	-3.2	545340
1744	757425600	-4.3	545340
1744	760104000	-1.4	545340
1744	762523200	3	545340
1744	765201600	15.4	545340
1744	767793600	19	545340
1744	770472000	25.2	545340
1744	773064000	27.4	545340
1744	775742400	26.2	545340
1744	778420800	19.1	545340
1744	781012800	12.4	545340
1744	783691200	5.2	545340
1744	786283200	-3.2	545340
1744	788961600	-4.4	545340
1744	791640000	-0.5	545340
1744	794059200	5.1	545340
1744	796737600	12.5	545340
1744	799329600	17.7	545340
1744	802008000	22.8	545340
1744	804600000	24.7	545340
1744	807278400	24.6	545340
1744	809956800	18.2	545340
1744	812548800	13.6	545340
1744	815227200	5.4	545340
1744	817819200	-2.5	545340
1744	820497600	-4.7	545340
1744	823176000	-2.4	545340
1744	825681600	4.2	545340
1744	828360000	12.5	545340
1744	830952000	19.7	545340
1744	833630400	23.9	545340
1744	836222400	25.5	545340
1744	838900800	24	545340
1744	841579200	20.5	545340
1744	844171200	12.4	545340
1744	846849600	2.3	545340
1744	849441600	-1.5	545340
1744	852120000	-7	545340
1744	854798400	-1.4	545340
1744	857217600	6.2	545340
1744	859896000	13.4	545340
1744	862488000	18.4	545340
1744	865166400	23.8	545340
1744	867758400	28.2	545340
1744	870436800	26.6	545340
1744	873115200	18.6	545340
1744	875707200	12.7	545340
1744	878385600	4.5	545340
1744	880977600	-3.3	545340
1744	883656000	-6	545340
1744	886334400	0.7	545340
1744	888753600	6.5	545340
1744	891432000	14.1	545340
1744	894024000	19.1	545340
1744	896702400	22.4	545340
1744	899294400	26.2	545340
1744	901972800	24.6	545340
1744	904651200	22.5	545340
1744	907243200	14.7	545340
1744	909921600	3.3	545340
1744	912513600	-1.8	545340
1744	915192000	-3.5	545340
1744	917870400	0.2	545340
1744	920289600	3.5	545340
1744	922968000	12.8	545340
1744	925560000	18.4	545340
1744	928238400	24.1	545340
1744	930830400	27.8	545340
1744	933508800	25.5	545340
1744	936187200	21	545340
1744	938779200	12.5	545340
1744	941457600	4.5	545340
1744	944049600	-2.2	545340
1744	946728000	-8.6	545340
1744	949406400	-3.2	545340
1744	951912000	6.5	545340
1744	954590400	12.9	545340
1744	957182400	19.3	545340
1744	959860800	25.9	545340
1744	962452800	28.8	545340
1744	965131200	25.9	545340
1744	967809600	22	545340
1744	970401600	12.2	545340
1744	973080000	2.5	545340
1744	975672000	-2.1	545340
1744	978350400	-7.3	545340
1744	981028800	-2.9	545340
1744	983448000	5.1	545340
1744	986126400	13.2	545340
1744	988718400	21.5	545340
1744	991396800	24.9	545340
1744	993988800	26.8	545340
1744	996667200	25.8	545340
1744	999345600	21	545340
1744	1001937600	14.2	545340
1744	1004616000	4.2	545340
1744	1007208000	-4.4	545340
1744	1009886400	-1.1	545340
1744	1012564800	2.6	545340
1744	1014984000	8.3	545340
1744	1017662400	13.1	545340
1744	1020254400	20.4	545340
1744	1022932800	22.8	545340
1744	1025524800	26.9	545340
1744	1028203200	25.7	545340
1744	1030881600	20.7	545340
1744	1033473600	10.4	545340
1744	1036152000	1.6	545340
1744	1038744000	-4.3	545340
1744	1041422400	-4.7	545340
1744	1044100800	-0.5	545340
1744	1046520000	5.1	545340
1744	1049198400	14.4	545340
1744	1051790400	20.5	545340
1744	1054468800	23.8	545340
1744	1057060800	25.5	545340
1744	1059739200	25.3	545340
1744	1062417600	20.5	545340
1744	1065009600	12.5	545340
1744	1067688000	2.9	545340
1744	1070280000	-1.1	545340
1744	1072958400	-3.9	545340
1744	1075636800	1.1	545340
1744	1078142400	6	545340
1744	1080820800	14.7	545340
1744	1083412800	19	545340
1744	1086091200	23.9	545340
1744	1088683200	25.4	545340
1744	1091361600	24.3	545340
1744	1094040000	20.8	545340
1744	1096632000	13.6	545340
1744	1099310400	5.6	545340
1744	1101902400	-2.1	545340
1744	1104580800	-4.9	545340
1744	1107259200	-4.6	545340
1744	1109678400	4.1	545340
1744	1112356800	14.9	545340
1744	1114948800	18	545340
1744	1117627200	24	545340
1744	1120219200	27.1	545340
1744	1122897600	25.3	545340
1744	1125576000	21.9	545340
1744	1128168000	13.9	545340
1744	1130846400	6.8	545340
1744	1133438400	-4.8	545340
1744	1136116800	-3.5	545340
1744	1138795200	-2.9	545340
1744	1141214400	6.1	545340
1744	1143892800	11.6	545340
1744	1146484800	19.6	545340
1744	1149163200	25.4	545340
1744	1151755200	25.4	545340
1744	1154433600	26.4	545340
1744	1157112000	21.1	545340
1744	1159704000	15.3	545340
1744	1162382400	5.3	545340
1744	1164974400	-2.8	545340
1744	1167652800	-3.4	545340
1744	1170331200	2.9	545340
1744	1172750400	4.2	545340
1744	1175428800	13.1	545340
1744	1178020800	20.6	545340
1744	1180699200	24.9	545340
1744	1183291200	25.6	545340
1744	1185969600	26	545340
1744	1188648000	21.9	545340
1744	1191240000	12.1	545340
1744	1193918400	4.3	545340
1744	1196510400	-1.2	545340
1744	1199188800	-5	545340
1744	1201867200	-2.2	545340
1744	1204372800	6.7	545340
1744	1207051200	14.5	545340
1744	1209643200	18.9	545340
1744	1212321600	22.7	545340
1744	1214913600	26.3	545340
1744	1217592000	25.4	545340
1744	1220270400	20.7	545340
1744	1222862400	13.4	545340
1744	1225540800	4.6	545340
1744	1228132800	-2.9	545340
1744	1230811200	-5	545340
1744	1233489600	-0.3	545340
1744	1235908800	5.3	545340
1744	1238587200	14.1	545340
1744	1241179200	21.1	545340
1744	1243857600	24.5	545340
1744	1246449600	25.8	545340
1744	1249128000	25	545340
1744	1251806400	20.4	545340
1744	1254398400	14	545340
1744	1257076800	1.2	545340
1744	1259668800	-3.6	545340
1744	1262347200	-7.1	545340
1744	1265025600	-2.3	545340
1744	1267444800	3	545340
1744	1270123200	10.1	545340
1744	1272715200	19.7	545340
1744	1275393600	23.4	545340
1744	1277985600	27.2	545340
1744	1280664000	25	545340
1744	1283342400	19.8	545340
1744	1285934400	11.8	545340
1744	1288612800	4.3	545340
1744	1291204800	-2.9	545340
1744	1293883200	-7.5	545340
1744	1296561600	-1.9	545340
1744	1298980800	5.1	545340
1744	1301659200	12.6	545340
1744	1304251200	19.2	545340
1744	1306929600	24.4	545340
1744	1309521600	26	545340
1744	1312200000	25.5	545340
1744	1314878400	19.2	545340
1744	1317470400	13.1	545340
1744	1320148800	5.6	545340
1744	1322740800	-3.6	545340
1744	1325419200	-5.9	545340
1744	1328097600	-3.9	545340
1744	1330603200	4.1	545340
1744	1333281600	13.8	545340
1744	1335873600	20.6	545340
1744	1338552000	23.5	545340
1744	1341144000	26.4	545340
1744	1343822400	24.4	545340
1744	1346500800	19.9	545340
1744	1349092800	13.4	545340
1744	1351771200	3.4	545340
1744	1354363200	-6	545340
1745	-410184000	-6.5	545390
1745	-407505600	-7.6	545390
1745	-405086400	-0.1	545390
1745	-402408000	10.2	545390
1745	-399816000	17.7	545390
1745	-397137600	20.6	545390
1745	-394545600	24	545390
1745	-391867200	24	545390
1745	-389188800	17.3	545390
1745	-386596800	12	545390
1745	-383918400	5.3	545390
1745	-381326400	-3.4	545390
1745	-378648000	-6.6	545390
1745	-375969600	-4	545390
1745	-373550400	1.9	545390
1745	-370872000	10.6	545390
1745	-368280000	16.9	545390
1745	-365601600	22.1	545390
1745	-363009600	26	545390
1745	-360331200	23.6	545390
1745	-357652800	20.3	545390
1745	-355060800	10.9	545390
1745	-352382400	3.7	545390
1745	-349790400	-0.5	545390
1745	-347112000	-6.6	545390
1745	-344433600	-2	545390
1745	-342014400	5.4	545390
1745	-339336000	11.1	545390
1745	-336744000	18.3	545390
1745	-334065600	21.7	545390
1745	-331473600	25	545390
1745	-328795200	25.1	545390
1745	-326116800	19.3	545390
1745	-323524800	13.1	545390
1745	-320846400	2.6	545390
1745	-318254400	-2.8	545390
1745	-315576000	-6.8	545390
1745	-312897600	-0.6	545390
1745	-310392000	3.4	545390
1745	-307713600	10.5	545390
1745	-305121600	16.1	545390
1745	-302443200	22.5	545390
1745	-299851200	25.4	545390
1745	-297172800	24.3	545390
1745	-294494400	20.2	545390
1745	-291902400	11.2	545390
1745	-289224000	1.9	545390
1745	-286632000	-5.5	545390
1745	-283953600	-5.9	545390
1745	-281275200	-1.8	545390
1745	-278856000	4.4	545390
1745	-276177600	11.7	545390
1745	-273585600	17.7	545390
1745	-270907200	23.1	545390
1745	-268315200	26.5	545390
1745	-265636800	25	545390
1745	-262958400	19	545390
1745	-260366400	11.8	545390
1745	-257688000	5.6	545390
1745	-255096000	-3.6	545390
1745	-252417600	-5.5	545390
1745	-249739200	-3.3	545390
1745	-247320000	2.4	545390
1745	-244641600	9.7	545390
1745	-242049600	18	545390
1745	-239371200	21.4	545390
1745	-236779200	25	545390
1745	-234100800	24.9	545390
1745	-231422400	19.5	545390
1745	-228830400	11.6	545390
1745	-226152000	2.8	545390
1745	-223560000	-1.2	545390
1745	-220881600	-7.2	545390
1745	-218203200	-3.6	545390
1745	-215784000	3.7	545390
1745	-213105600	9.6	545390
1745	-210513600	16.4	545390
1745	-207835200	22.5	545390
1745	-205243200	25.6	545390
1745	-202564800	25.2	545390
1745	-199886400	19.5	545390
1745	-197294400	11.3	545390
1745	-194616000	4.5	545390
1745	-192024000	-2.6	545390
1745	-189345600	-5.9	545390
1745	-186667200	-6.7	545390
1745	-184161600	2.1	545390
1745	-181483200	8.9	545390
1745	-178891200	18.3	545390
1745	-176212800	21.9	545390
1745	-173620800	23.7	545390
1745	-170942400	24.6	545390
1745	-168264000	19.4	545390
1745	-165672000	11.9	545390
1745	-162993600	4.5	545390
1745	-160401600	-2.4	545390
1745	-157723200	-5.3	545390
1745	-155044800	-2.2	545390
1745	-152625600	2.7	545390
1745	-149947200	9.1	545390
1745	-147355200	18.8	545390
1745	-144676800	22.3	545390
1745	-142084800	25.2	545390
1745	-139406400	23.3	545390
1745	-136728000	19.7	545390
1745	-134136000	13.8	545390
1745	-131457600	4.3	545390
1745	-128865600	-4	545390
1745	-126187200	-6	545390
1745	-123508800	-2.2	545390
1745	-121089600	2.4	545390
1745	-118411200	10.1	545390
1745	-115819200	17.8	545390
1745	-113140800	21.8	545390
1745	-110548800	24.5	545390
1745	-107870400	25	545390
1745	-105192000	18.5	545390
1745	-102600000	12.5	545390
1745	-99921600	4.2	545390
1745	-97329600	-5.7	545390
1745	-94651200	-5.7	545390
1745	-91972800	-4.3	545390
1745	-89553600	3.5	545390
1745	-86875200	11.1	545390
1745	-84283200	19.5	545390
1745	-81604800	21.8	545390
1745	-79012800	25	545390
1745	-76334400	25.7	545390
1745	-73656000	18.2	545390
1745	-71064000	13	545390
1745	-68385600	2.6	545390
1745	-65793600	-6.9	545390
1745	-63115200	-6.1	545390
1745	-60436800	-6.8	545390
1745	-57931200	4.7	545390
1745	-55252800	12.2	545390
1745	-52660800	17.6	545390
1745	-49982400	23	545390
1745	-47390400	26.6	545390
1745	-44712000	24.6	545390
1745	-42033600	20.1	545390
1745	-39441600	11.7	545390
1745	-36763200	4.9	545390
1745	-34171200	-1.9	545390
1745	-31492800	-7.5	545390
1745	-28814400	-7.1	545390
1745	-26395200	0.4	545390
1745	-23716800	9.7	545390
1745	-21124800	16.7	545390
1745	-18446400	21.2	545390
1745	-15854400	24.4	545390
1745	-13176000	24.3	545390
1745	-10497600	19.5	545390
1745	-7905600	12.5	545390
1745	-5227200	1.7	545390
1745	-2635200	-4.6	545390
1745	43200	-6.9	545390
1745	2721600	-3.3	545390
1745	5140800	-0.8	545390
1745	7819200	10.6	545390
1745	10411200	17.2	545390
1745	13089600	20.9	545390
1745	15681600	24.3	545390
1745	18360000	23.7	545390
1745	21038400	19.1	545390
1745	23630400	13.1	545390
1745	26308800	3.3	545390
1745	28900800	-3.1	545390
1745	31579200	-5.2	545390
1745	34257600	-4.3	545390
1745	36676800	0.2	545390
1745	39355200	10.9	545390
1745	41947200	17.8	545390
1745	44625600	22.6	545390
1745	47217600	25.1	545390
1745	49896000	23.8	545390
1745	52574400	19.4	545390
1745	55166400	12.4	545390
1745	57844800	6.1	545390
1745	60436800	-3.6	545390
1745	63115200	-4.9	545390
1745	65793600	-5.4	545390
1745	68299200	3.7	545390
1745	70977600	11.3	545390
1745	73569600	16.1	545390
1745	76248000	23.1	545390
1745	78840000	25.4	545390
1745	81518400	23.1	545390
1745	84196800	18	545390
1745	86788800	11.5	545390
1745	89467200	3.7	545390
1745	92059200	-2	545390
1745	94737600	-5.3	545390
1745	97416000	-3.4	545390
1745	99835200	5.1	545390
1745	102513600	11.8	545390
1745	105105600	16.9	545390
1745	107784000	20.8	545390
1745	110376000	24.9	545390
1745	113054400	24.7	545390
1745	115732800	19.7	545390
1745	118324800	11.4	545390
1745	121003200	4	545390
1745	123595200	-2.9	545390
1745	126273600	-5.3	545390
1745	128952000	-3.7	545390
1745	131371200	2.8	545390
1745	134049600	10.4	545390
1745	136641600	17	545390
1745	139320000	21.1	545390
1745	141912000	24	545390
1745	144590400	24	545390
1745	147268800	19.6	545390
1745	149860800	11.5	545390
1745	152539200	4.1	545390
1745	155131200	-3.6	545390
1745	157809600	-3.5	545390
1745	160488000	-2.7	545390
1745	162907200	4.8	545390
1745	165585600	12.9	545390
1745	168177600	16.8	545390
1745	170856000	22.3	545390
1745	173448000	25.1	545390
1745	176126400	24.8	545390
1745	178804800	20.6	545390
1745	181396800	13	545390
1745	184075200	5.3	545390
1745	186667200	-3.4	545390
1745	189345600	-5.2	545390
1745	192024000	-1	545390
1745	194529600	2.9	545390
1745	197208000	9.7	545390
1745	199800000	16.3	545390
1745	202478400	20.4	545390
1745	205070400	23.1	545390
1745	207748800	22.9	545390
1745	210427200	19	545390
1745	213019200	12.3	545390
1745	215697600	1.5	545390
1745	218289600	-3.1	545390
1745	220968000	-8.6	545390
1745	223646400	-3.8	545390
1745	226065600	4.4	545390
1745	228744000	11.6	545390
1745	231336000	16.4	545390
1745	234014400	21.5	545390
1745	236606400	25.3	545390
1745	239284800	23.1	545390
1745	241963200	19.6	545390
1745	244555200	13.5	545390
1745	247233600	4.6	545390
1745	249825600	-0.7	545390
1745	252504000	-4.4	545390
1745	255182400	-3.7	545390
1745	257601600	3.3	545390
1745	260280000	12.4	545390
1745	262872000	17.1	545390
1745	265550400	22.9	545390
1745	268142400	25.9	545390
1745	270820800	24.1	545390
1745	273499200	19.7	545390
1745	276091200	11.6	545390
1745	278769600	4.9	545390
1745	281361600	-2.6	545390
1745	284040000	-5.3	545390
1745	286718400	-2.1	545390
1745	289137600	3.6	545390
1745	291816000	9.2	545390
1745	294408000	17.2	545390
1745	297086400	21.4	545390
1745	299678400	24.9	545390
1745	302356800	23.9	545390
1745	305035200	18.3	545390
1745	307627200	13.8	545390
1745	310305600	3.2	545390
1745	312897600	-0.9	545390
1745	315576000	-5.5	545390
1745	318254400	-3.7	545390
1745	320760000	3.6	545390
1745	323438400	9.3	545390
1745	326030400	17.9	545390
1745	328708800	23.3	545390
1745	331300800	25.4	545390
1745	333979200	23.5	545390
1745	336657600	18.4	545390
1745	339249600	11.8	545390
1745	341928000	6.7	545390
1745	344520000	-4.2	545390
1745	347198400	-6.4	545390
1745	349876800	-2.7	545390
1745	352296000	4.8	545390
1745	354974400	13.8	545390
1745	357566400	18.1	545390
1745	360244800	23	545390
1745	362836800	26.6	545390
1745	365515200	24.3	545390
1745	368193600	19.7	545390
1745	370785600	11.3	545390
1745	373464000	1.6	545390
1745	376056000	-3.1	545390
1745	378734400	-5.5	545390
1745	381412800	-0.7	545390
1745	383832000	4.9	545390
1745	386510400	12.9	545390
1745	389102400	18.4	545390
1745	391780800	22	545390
1745	394372800	24.2	545390
1745	397051200	25	545390
1745	399729600	18.9	545390
1745	402321600	14.4	545390
1745	4.05e+08	4.9	545390
1745	407592000	-2.6	545390
1745	410270400	-4.8	545390
1745	412948800	-3.8	545390
1745	415368000	4	545390
1745	418046400	12.4	545390
1745	420638400	18.1	545390
1745	423316800	23.5	545390
1745	425908800	25.1	545390
1745	428587200	24.3	545390
1745	431265600	21.4	545390
1745	433857600	12.8	545390
1745	436536000	5.1	545390
1745	439128000	-2	545390
1745	441806400	-6.9	545390
1745	444484800	-4.7	545390
1745	446990400	1.2	545390
1745	449668800	10.5	545390
1745	452260800	17.9	545390
1745	454939200	22.1	545390
1745	457531200	24.9	545390
1745	460209600	24.5	545390
1745	462888000	19.1	545390
1745	465480000	12.7	545390
1745	468158400	4.4	545390
1745	470750400	-3.4	545390
1745	473428800	-6.8	545390
1745	476107200	-3.2	545390
1745	478526400	1.9	545390
1745	481204800	12.2	545390
1745	483796800	16.1	545390
1745	486475200	20.9	545390
1745	489067200	24.8	545390
1745	491745600	24.3	545390
1745	494424000	18.2	545390
1745	497016000	13.5	545390
1745	499694400	2.9	545390
1745	502286400	-4.9	545390
1745	504964800	-5.1	545390
1745	507643200	-3.2	545390
1745	510062400	4.2	545390
1745	512740800	12.2	545390
1745	515332800	17.9	545390
1745	518011200	22.2	545390
1745	520603200	24	545390
1745	523281600	23.7	545390
1745	525960000	19.1	545390
1745	528552000	10.6	545390
1745	531230400	3.5	545390
1745	533822400	-1.8	545390
1745	536500800	-4.8	545390
1745	539179200	-2.1	545390
1745	541598400	2.8	545390
1745	544276800	10.7	545390
1745	546868800	16.5	545390
1745	549547200	21.2	545390
1745	552139200	24.7	545390
1745	554817600	24.6	545390
1745	557496000	20.2	545390
1745	560088000	13.7	545390
1745	562766400	3.4	545390
1745	565358400	-1.7	545390
1745	568036800	-4.1	545390
1745	570715200	-3	545390
1745	573220800	2.2	545390
1745	575899200	11.4	545390
1745	578491200	17.8	545390
1745	581169600	22.3	545390
1745	583761600	24.6	545390
1745	586440000	24.5	545390
1745	589118400	20.6	545390
1745	591710400	13.9	545390
1745	594388800	4.8	545390
1745	596980800	-1.4	545390
1745	599659200	-2.7	545390
1745	602337600	-0.2	545390
1745	604756800	5.5	545390
1745	607435200	12.9	545390
1745	610027200	18.8	545390
1745	612705600	21.9	545390
1745	615297600	24.2	545390
1745	617976000	23.9	545390
1745	620654400	19.1	545390
1745	623246400	12.8	545390
1745	625924800	3.4	545390
1745	628516800	-1.5	545390
1745	631195200	-6.2	545390
1745	633873600	-1.6	545390
1745	636292800	6.1	545390
1745	638971200	11.3	545390
1745	641563200	16.4	545390
1745	644241600	22.2	545390
1745	646833600	24.7	545390
1745	649512000	24.8	545390
1745	652190400	19.9	545390
1745	654782400	14.8	545390
1745	657460800	6	545390
1745	660052800	-1.4	545390
1745	662731200	-3.7	545390
1745	665409600	-2.1	545390
1745	667828800	2.7	545390
1745	670507200	12	545390
1745	673099200	17.3	545390
1745	675777600	22.7	545390
1745	678369600	25	545390
1745	681048000	25.8	545390
1745	683726400	20.3	545390
1745	686318400	13	545390
1745	688996800	4.3	545390
1745	691588800	-3.1	545390
1745	694267200	-2.7	545390
1745	696945600	-0.4	545390
1745	699451200	4.2	545390
1745	702129600	13	545390
1745	704721600	18	545390
1745	707400000	20.9	545390
1745	709992000	25.2	545390
1745	712670400	24.4	545390
1745	715348800	20.1	545390
1745	717940800	12.2	545390
1745	720619200	2.6	545390
1745	723211200	-1.1	545390
1745	725889600	-4.3	545390
1745	728568000	0	545390
1745	730987200	5.8	545390
1745	733665600	11.6	545390
1745	736257600	19	545390
1745	738936000	22.7	545390
1745	741528000	24.1	545390
1745	744206400	25.2	545390
1745	746884800	21.2	545390
1745	749476800	13.3	545390
1745	752155200	3.5	545390
1745	754747200	-1.7	545390
1745	757425600	-3.3	545390
1745	760104000	-0.4	545390
1745	762523200	3.4	545390
1745	765201600	14.6	545390
1745	767793600	18.5	545390
1745	770472000	24.1	545390
1745	773064000	27.1	545390
1745	775742400	26	545390
1745	778420800	20	545390
1745	781012800	13.3	545390
1745	783691200	6.3	545390
1745	786283200	-1.9	545390
1745	788961600	-2.8	545390
1745	791640000	0	545390
1745	794059200	4.9	545390
1745	796737600	12.2	545390
1745	799329600	17.2	545390
1745	802008000	22.1	545390
1745	804600000	24.3	545390
1745	807278400	24.6	545390
1745	809956800	19	545390
1745	812548800	13.8	545390
1745	815227200	6.2	545390
1745	817819200	-1.6	545390
1745	820497600	-3.9	545390
1745	823176000	-2	545390
1745	825681600	4.4	545390
1745	828360000	11.4	545390
1745	830952000	18.6	545390
1745	833630400	22.5	545390
1745	836222400	24.5	545390
1745	838900800	23.7	545390
1745	841579200	20.2	545390
1745	844171200	13	545390
1745	846849600	3.8	545390
1745	849441600	-0.1	545390
1745	852120000	-5.2	545390
1745	854798400	-0.3	545390
1745	857217600	6.5	545390
1745	859896000	13.2	545390
1745	862488000	17.9	545390
1745	865166400	22.7	545390
1745	867758400	27.4	545390
1745	870436800	26.5	545390
1745	873115200	19.1	545390
1745	875707200	13.2	545390
1745	878385600	5.7	545390
1745	880977600	-1.6	545390
1745	883656000	-5	545390
1745	886334400	1.2	545390
1745	888753600	6.4	545390
1745	891432000	13	545390
1745	894024000	18.2	545390
1745	896702400	21.9	545390
1745	899294400	26	545390
1745	901972800	24.6	545390
1745	904651200	22.4	545390
1745	907243200	15.2	545390
1745	909921600	4.3	545390
1745	912513600	-0.5	545390
1745	915192000	-2.7	545390
1745	917870400	0.6	545390
1745	920289600	3.7	545390
1745	922968000	12.3	545390
1745	925560000	17.6	545390
1745	928238400	23.5	545390
1745	930830400	27.1	545390
1745	933508800	25.3	545390
1745	936187200	21.3	545390
1745	938779200	12.8	545390
1745	941457600	5.1	545390
1745	944049600	-1.1	545390
1745	946728000	-7.5	545390
1745	949406400	-2.7	545390
1745	951912000	6.2	545390
1745	954590400	12.6	545390
1745	957182400	18.5	545390
1745	959860800	24.6	545390
1745	962452800	27.7	545390
1745	965131200	26.1	545390
1745	967809600	21.9	545390
1745	970401600	13.1	545390
1745	973080000	3.8	545390
1745	975672000	-1.3	545390
1745	978350400	-6.3	545390
1745	981028800	-2.4	545390
1745	983448000	5.1	545390
1745	986126400	12.5	545390
1745	988718400	20.2	545390
1745	991396800	24.2	545390
1745	993988800	26.6	545390
1745	996667200	25.5	545390
1745	999345600	21.2	545390
1745	1001937600	14.7	545390
1745	1004616000	5.2	545390
1745	1007208000	-3	545390
1745	1009886400	-0.7	545390
1745	1012564800	2.7	545390
1745	1014984000	8.2	545390
1745	1017662400	13.2	545390
1745	1020254400	20	545390
1745	1022932800	22	545390
1745	1025524800	26.3	545390
1745	1028203200	25.3	545390
1745	1030881600	21.1	545390
1745	1033473600	11	545390
1745	1036152000	2.2	545390
1745	1038744000	-3.2	545390
1745	1041422400	-4.3	545390
1745	1044100800	-0.1	545390
1745	1046520000	5	545390
1745	1049198400	13.8	545390
1745	1051790400	19.6	545390
1745	1054468800	22.8	545390
1745	1057060800	24.8	545390
1745	1059739200	25	545390
1745	1062417600	20.8	545390
1745	1065009600	13.2	545390
1745	1067688000	4.3	545390
1745	1070280000	-0.2	545390
1745	1072958400	-3.4	545390
1745	1075636800	1.4	545390
1745	1078142400	5.9	545390
1745	1080820800	13.7	545390
1745	1083412800	18.4	545390
1745	1086091200	23.4	545390
1745	1088683200	25.3	545390
1745	1091361600	24.1	545390
1745	1094040000	21.1	545390
1745	1096632000	14.1	545390
1745	1099310400	6.3	545390
1745	1101902400	-0.6	545390
1745	1104580800	-3.7	545390
1745	1107259200	-3.4	545390
1745	1109678400	3.8	545390
1745	1112356800	13.8	545390
1745	1114948800	17.5	545390
1745	1117627200	23.3	545390
1745	1120219200	26.7	545390
1745	1122897600	25.3	545390
1745	1125576000	22.2	545390
1745	1128168000	14.6	545390
1745	1130846400	7.5	545390
1745	1133438400	-4.1	545390
1745	1136116800	-2.8	545390
1745	1138795200	-2.3	545390
1745	1141214400	5.9	545390
1745	1143892800	11.1	545390
1745	1146484800	18.6	545390
1745	1149163200	24.3	545390
1745	1151755200	24.9	545390
1745	1154433600	26.2	545390
1745	1157112000	21	545390
1745	1159704000	15.8	545390
1745	1162382400	6.1	545390
1745	1164974400	-1.4	545390
1745	1167652800	-2	545390
1745	1170331200	3	545390
1745	1172750400	4.6	545390
1745	1175428800	12.7	545390
1745	1178020800	19.8	545390
1745	1180699200	23.8	545390
1745	1183291200	25.2	545390
1745	1185969600	25.9	545390
1745	1188648000	22.2	545390
1745	1191240000	12.9	545390
1745	1193918400	5.2	545390
1745	1196510400	0	545390
1745	1199188800	-4	545390
1745	1201867200	-0.9	545390
1745	1204372800	7.3	545390
1745	1207051200	13.8	545390
1745	1209643200	18.2	545390
1745	1212321600	22.1	545390
1745	1214913600	25.7	545390
1745	1217592000	25.8	545390
1745	1220270400	21.3	545390
1745	1222862400	14.6	545390
1745	1225540800	6.3	545390
1745	1228132800	-0.7	545390
1745	1230811200	-2.9	545390
1745	1233489600	0.2	545390
1745	1235908800	5.5	545390
1745	1238587200	13.8	545390
1745	1241179200	20.9	545390
1745	1243857600	24.3	545390
1745	1246449600	26.1	545390
1745	1249128000	25.7	545390
1745	1251806400	21	545390
1745	1254398400	15.1	545390
1745	1257076800	2.5	545390
1745	1259668800	-1.6	545390
1745	1262347200	-5.2	545390
1745	1265025600	-1.8	545390
1745	1267444800	3	545390
1745	1270123200	10	545390
1745	1272715200	18.8	545390
1745	1275393600	22.5	545390
1745	1277985600	27.1	545390
1745	1280664000	25.2	545390
1745	1283342400	20.7	545390
1745	1285934400	12.8	545390
1745	1288612800	6.1	545390
1745	1291204800	-1.4	545390
1745	1293883200	-5.5	545390
1745	1296561600	-0.8	545390
1745	1298980800	5.6	545390
1745	1301659200	12.7	545390
1745	1304251200	19.2	545390
1745	1306929600	23.3	545390
1745	1309521600	25.4	545390
1745	1312200000	25.8	545390
1745	1314878400	20.6	545390
1745	1317470400	14.1	545390
1745	1320148800	6.9	545390
1745	1322740800	-1.8	545390
1745	1325419200	-4.3	545390
1745	1328097600	-2.4	545390
1745	1330603200	4.5	545390
1745	1333281600	13.1	545390
1745	1335873600	20.4	545390
1745	1338552000	22.6	545390
1745	1341144000	26.3	545390
1745	1343822400	24.5	545390
1745	1346500800	20.6	545390
1745	1349092800	14.6	545390
1745	1351771200	4.5	545390
1745	1354363200	-4.2	545390
1746	-631108800	-2.5	546020
1746	-628430400	0.3	546020
1746	-626011200	7.9	546020
1746	-623332800	14.6	546020
1746	-620740800	20.4	546020
1746	-618062400	24.7	546020
1746	-615470400	27.3	546020
1746	-612792000	27	546020
1746	-610113600	21.1	546020
1746	-607521600	13.7	546020
1746	-604843200	4.3	546020
1746	-602251200	-0.8	546020
1746	-599572800	-8.7	546020
1746	-596894400	-2	546020
1746	-594475200	2.7	546020
1746	-591796800	13.5	546020
1746	-589204800	22.2	546020
1746	-586526400	25.8	546020
1746	-583934400	26.3	546020
1746	-581256000	25.8	546020
1746	-578577600	18.1	546020
1746	-575985600	14.1	546020
1746	-573307200	4.2	546020
1746	-570715200	1	546020
1746	-568036800	-2.4	546020
1746	-565358400	-3.1	546020
1746	-562852800	4.3	546020
1746	-560174400	14.6	546020
1746	-557582400	19.8	546020
1746	-554904000	23.5	546020
1746	-552312000	26.1	546020
1746	-549633600	25.3	546020
1746	-546955200	20.7	546020
1746	-544363200	13.7	546020
1746	-541684800	3.5	546020
1746	-539092800	-4.5	546020
1746	-536414400	-5.7	546020
1746	-533736000	-3.6	546020
1746	-531316800	7.3	546020
1746	-528638400	13.6	546020
1746	-526046400	19.3	546020
1746	-523368000	25.3	546020
1746	-520776000	27.8	546020
1746	-518097600	23.9	546020
1746	-515419200	21	546020
1746	-512827200	15.1	546020
1746	-510148800	4.8	546020
1746	-507556800	-1.3	546020
1746	-504878400	-2.6	546020
1746	-502200000	-0.3	546020
1746	-499780800	4.6	546020
1746	-497102400	13.7	546020
1746	-494510400	19.4	546020
1746	-491832000	23	546020
1746	-489240000	24.6	546020
1746	-486561600	24.8	546020
1746	-483883200	20.1	546020
1746	-481291200	12.7	546020
1746	-478612800	6.7	546020
1746	-476020800	-6.7	546020
1746	-473342400	-4.9	546020
1746	-470664000	1.1	546020
1746	-468244800	3.1	546020
1746	-465566400	14	546020
1746	-462974400	21	546020
1746	-460296000	26.4	546020
1746	-457704000	28	546020
1746	-455025600	26.3	546020
1746	-452347200	21.4	546020
1746	-449755200	12.8	546020
1746	-447076800	5	546020
1746	-444484800	0.1	546020
1746	-441806400	-3	546020
1746	-439128000	-2	546020
1746	-436622400	3.8	546020
1746	-433944000	14	546020
1746	-431352000	18.6	546020
1746	-428673600	23.2	546020
1746	-426081600	27.1	546020
1746	-423403200	24.7	546020
1746	-420724800	21.6	546020
1746	-418132800	13	546020
1746	-415454400	2.3	546020
1746	-412862400	-4.4	546020
1746	-410184000	-4.7	546020
1746	-407505600	-4.6	546020
1746	-405086400	3.5	546020
1746	-402408000	14.2	546020
1746	-399816000	21.2	546020
1746	-397137600	23.7	546020
1746	-394545600	27.1	546020
1746	-391867200	25.8	546020
1746	-389188800	19.6	546020
1746	-386596800	14.4	546020
1746	-383918400	6.9	546020
1746	-381326400	-0.9	546020
1746	-378648000	-4.2	546020
1746	-375969600	-0.7	546020
1746	-373550400	5.7	546020
1746	-370872000	14.4	546020
1746	-368280000	20.4	546020
1746	-365601600	26.1	546020
1746	-363009600	27.6	546020
1746	-360331200	24.4	546020
1746	-357652800	21.8	546020
1746	-355060800	12.8	546020
1746	-352382400	5.4	546020
1746	-349790400	1.6	546020
1746	-347112000	-3	546020
1746	-344433600	1	546020
1746	-342014400	8.5	546020
1746	-339336000	14.7	546020
1746	-336744000	21.1	546020
1746	-334065600	24.5	546020
1746	-331473600	26.8	546020
1746	-328795200	26.1	546020
1746	-326116800	20.6	546020
1746	-323524800	15.2	546020
1746	-320846400	3.6	546020
1746	-318254400	-1.2	546020
1746	-315576000	-4.1	546020
1746	-312897600	3.3	546020
1746	-310392000	6.5	546020
1746	-307713600	15.1	546020
1746	-305121600	19.1	546020
1746	-302443200	26.5	546020
1746	-299851200	27.3	546020
1746	-297172800	25.9	546020
1746	-294494400	21.3	546020
1746	-291902400	12.9	546020
1746	-289224000	4	546020
1746	-286632000	-2.8	546020
1746	-283953600	-2.7	546020
1746	-281275200	1.8	546020
1746	-278856000	8.5	546020
1746	-276177600	15.9	546020
1746	-273585600	21.9	546020
1746	-270907200	26.2	546020
1746	-268315200	28.1	546020
1746	-265636800	25.9	546020
1746	-262958400	20.5	546020
1746	-260366400	13.2	546020
1746	-257688000	6.9	546020
1746	-255096000	-3.3	546020
1746	-252417600	-3.3	546020
1746	-249739200	0.2	546020
1746	-247320000	5.9	546020
1746	-244641600	13.4	546020
1746	-242049600	21.4	546020
1746	-239371200	25.2	546020
1746	-236779200	27.2	546020
1746	-234100800	26.3	546020
1746	-231422400	21.4	546020
1746	-228830400	13	546020
1746	-226152000	4.4	546020
1746	-223560000	0.5	546020
1746	-220881600	-3	546020
1746	-218203200	-0.1	546020
1746	-215784000	7.4	546020
1746	-213105600	13	546020
1746	-210513600	19.3	546020
1746	-207835200	26.3	546020
1746	-205243200	27.8	546020
1746	-202564800	26.2	546020
1746	-199886400	20.8	546020
1746	-197294400	13.2	546020
1746	-194616000	5.8	546020
1746	-192024000	-1.2	546020
1746	-189345600	-5.7	546020
1746	-186667200	-7.5	546020
1746	-184161600	4.4	546020
1746	-181483200	12.1	546020
1746	-178891200	20.5	546020
1746	-176212800	25.7	546020
1746	-173620800	26.9	546020
1746	-170942400	25.7	546020
1746	-168264000	20.4	546020
1746	-165672000	12.8	546020
1746	-162993600	6.4	546020
1746	-160401600	-0.1	546020
1746	-157723200	-2.3	546020
1746	-155044800	0.6	546020
1746	-152625600	6.6	546020
1746	-149947200	12.1	546020
1746	-147355200	21.6	546020
1746	-144676800	25.9	546020
1746	-142084800	28.2	546020
1746	-139406400	26.3	546020
1746	-136728000	22.2	546020
1746	-134136000	16.1	546020
1746	-131457600	6.4	546020
1746	-128865600	-1.2	546020
1746	-126187200	-2.8	546020
1746	-123508800	0.1	546020
1746	-121089600	5.7	546020
1746	-118411200	13.7	546020
1746	-115819200	20.6	546020
1746	-113140800	25.9	546020
1746	-110548800	26.9	546020
1746	-107870400	26.7	546020
1746	-105192000	20.5	546020
1746	-102600000	14.7	546020
1746	-99921600	6.2	546020
1746	-97329600	-3.2	546020
1746	-94651200	-2.5	546020
1746	-91972800	-1.2	546020
1746	-89553600	7.5	546020
1746	-86875200	14.2	546020
1746	-84283200	23.5	546020
1746	-81604800	25.4	546020
1746	-79012800	26.9	546020
1746	-76334400	26.3	546020
1746	-73656000	19.5	546020
1746	-71064000	14.7	546020
1746	-68385600	3.4	546020
1746	-65793600	-4.4	546020
1746	-63115200	-3.5	546020
1746	-60436800	-3.2	546020
1746	-57931200	7.3	546020
1746	-55252800	15.5	546020
1746	-52660800	21.2	546020
1746	-49982400	26.8	546020
1746	-47390400	28.5	546020
1746	-44712000	25.8	546020
1746	-42033600	21.2	546020
1746	-39441600	12.5	546020
1746	-36763200	6.3	546020
1746	-34171200	0.3	546020
1746	-31492800	-6	546020
1746	-28814400	-4	546020
1746	-26395200	2.9	546020
1746	-23716800	13.1	546020
1746	-21124800	19.8	546020
1746	-18446400	24.4	546020
1746	-15854400	25.9	546020
1746	-13176000	25.4	546020
1746	-10497600	20.6	546020
1746	-7905600	13.7	546020
1746	-5227200	4.2	546020
1746	-2635200	-2.2	546020
1746	43200	-5	546020
1746	2721600	-0.4	546020
1746	5140800	2.7	546020
1746	7819200	14.3	546020
1746	10411200	21	546020
1746	13089600	24.9	546020
1746	15681600	26.6	546020
1746	18360000	25	546020
1746	21038400	20.7	546020
1746	23630400	14.7	546020
1746	26308800	4.3	546020
1746	28900800	-1.5	546020
1746	31579200	-2.7	546020
1746	34257600	-1.2	546020
1746	36676800	3.4	546020
1746	39355200	14.5	546020
1746	41947200	21.5	546020
1746	44625600	25.7	546020
1746	47217600	27.2	546020
1746	49896000	25.8	546020
1746	52574400	21.2	546020
1746	55166400	14	546020
1746	57844800	7.6	546020
1746	60436800	-2.5	546020
1746	63115200	-4.3	546020
1746	65793600	-3.4	546020
1746	68299200	6.4	546020
1746	70977600	15	546020
1746	73569600	19.9	546020
1746	76248000	27.6	546020
1746	78840000	28.2	546020
1746	81518400	25.2	546020
1746	84196800	20.3	546020
1746	86788800	14.1	546020
1746	89467200	4.7	546020
1746	92059200	-0.8	546020
1746	94737600	-3.5	546020
1746	97416000	-0.9	546020
1746	99835200	7.8	546020
1746	102513600	15.8	546020
1746	105105600	20.3	546020
1746	107784000	23.6	546020
1746	110376000	25.9	546020
1746	113054400	25.5	546020
1746	115732800	20.3	546020
1746	118324800	12.2	546020
1746	121003200	6.1	546020
1746	123595200	-0.1	546020
1746	126273600	-2.4	546020
1746	128952000	-0.5	546020
1746	131371200	6.1	546020
1746	134049600	14.6	546020
1746	136641600	21	546020
1746	139320000	25.3	546020
1746	141912000	26	546020
1746	144590400	25.4	546020
1746	147268800	21	546020
1746	149860800	12.6	546020
1746	152539200	5.5	546020
1746	155131200	-2.3	546020
1746	157809600	-1.5	546020
1746	160488000	0	546020
1746	162907200	7.7	546020
1746	165585600	15.2	546020
1746	168177600	20.5	546020
1746	170856000	26	546020
1746	173448000	27.7	546020
1746	176126400	27	546020
1746	178804800	22.5	546020
1746	181396800	15	546020
1746	184075200	7	546020
1746	186667200	-1.9	546020
1746	189345600	-1.9	546020
1746	192024000	1.3	546020
1746	194529600	5.9	546020
1746	197208000	12.4	546020
1746	199800000	20.7	546020
1746	202478400	24.9	546020
1746	205070400	24.9	546020
1746	207748800	24.4	546020
1746	210427200	20.8	546020
1746	213019200	13.4	546020
1746	215697600	3.4	546020
1746	218289600	-0.4	546020
1746	220968000	-6.4	546020
1746	223646400	-0.1	546020
1746	226065600	8.5	546020
1746	228744000	16	546020
1746	231336000	20	546020
1746	234014400	24.6	546020
1746	236606400	26.6	546020
1746	239284800	25.6	546020
1746	241963200	21.8	546020
1746	244555200	15.2	546020
1746	247233600	6.1	546020
1746	249825600	0.4	546020
1746	252504000	-1.1	546020
1746	255182400	-1	546020
1746	257601600	6.1	546020
1746	260280000	15.4	546020
1746	262872000	20.3	546020
1746	265550400	26.9	546020
1746	268142400	27.2	546020
1746	270820800	25.2	546020
1746	273499200	20.7	546020
1746	276091200	13.5	546020
1746	278769600	6.5	546020
1746	281361600	-1.9	546020
1746	284040000	-2.9	546020
1746	286718400	1.1	546020
1746	289137600	6.5	546020
1746	291816000	12	546020
1746	294408000	20.1	546020
1746	297086400	24.7	546020
1746	299678400	26	546020
1746	302356800	25	546020
1746	305035200	19.9	546020
1746	307627200	15.8	546020
1746	310305600	4.4	546020
1746	312897600	0	546020
1746	315576000	-2.7	546020
1746	318254400	-0.9	546020
1746	320760000	5.5	546020
1746	323438400	12.9	546020
1746	326030400	21.4	546020
1746	328708800	26.9	546020
1746	331300800	28.3	546020
1746	333979200	25.2	546020
1746	336657600	20.4	546020
1746	339249600	13.3	546020
1746	341928000	8.3	546020
1746	344520000	-1.9	546020
1746	347198400	-3.6	546020
1746	349876800	-0.1	546020
1746	352296000	8.6	546020
1746	354974400	16.2	546020
1746	357566400	21.2	546020
1746	360244800	25.7	546020
1746	362836800	28.4	546020
1746	365515200	25.4	546020
1746	368193600	21.6	546020
1746	370785600	13	546020
1746	373464000	3.4	546020
1746	376056000	-1.5	546020
1746	378734400	-3.2	546020
1746	381412800	1.4	546020
1746	383832000	8.2	546020
1746	386510400	16.6	546020
1746	389102400	22.3	546020
1746	391780800	25.1	546020
1746	394372800	25.8	546020
1746	397051200	26.2	546020
1746	399729600	20.7	546020
1746	402321600	15.9	546020
1746	4.05e+08	5.9	546020
1746	407592000	0	546020
1746	410270400	-1.7	546020
1746	412948800	-0.6	546020
1746	415368000	7.4	546020
1746	418046400	15.7	546020
1746	420638400	21.4	546020
1746	423316800	26.3	546020
1746	425908800	27.6	546020
1746	428587200	26.2	546020
1746	431265600	22.6	546020
1746	433857600	14.3	546020
1746	436536000	7.4	546020
1746	439128000	0.9	546020
1746	441806400	-3.7	546020
1746	444484800	-1.7	546020
1746	446990400	5.3	546020
1746	449668800	14.1	546020
1746	452260800	20.4	546020
1746	454939200	25.6	546020
1746	457531200	27.8	546020
1746	460209600	26.3	546020
1746	462888000	20.3	546020
1746	465480000	14.6	546020
1746	468158400	6.1	546020
1746	470750400	-2.4	546020
1746	473428800	-3.9	546020
1746	476107200	-1	546020
1746	478526400	4.6	546020
1746	481204800	15.3	546020
1746	483796800	20.1	546020
1746	486475200	25.4	546020
1746	489067200	26.4	546020
1746	491745600	25.8	546020
1746	494424000	19.1	546020
1746	497016000	14.6	546020
1746	499694400	4.9	546020
1746	502286400	-3.6	546020
1746	504964800	-2.4	546020
1746	507643200	-0.6	546020
1746	510062400	7.4	546020
1746	512740800	15.3	546020
1746	515332800	21.3	546020
1746	518011200	26.2	546020
1746	520603200	26.8	546020
1746	523281600	25	546020
1746	525960000	21.2	546020
1746	528552000	12.6	546020
1746	531230400	4.5	546020
1746	533822400	-1.2	546020
1746	536500800	-3.3	546020
1746	539179200	1.2	546020
1746	541598400	5.8	546020
1746	544276800	14.6	546020
1746	546868800	20.7	546020
1746	549547200	24.4	546020
1746	552139200	27.7	546020
1746	554817600	25.9	546020
1746	557496000	22	546020
1746	560088000	14.8	546020
1746	562766400	4.5	546020
1746	565358400	-0.6	546020
1746	568036800	-2.9	546020
1746	570715200	-0.4	546020
1746	573220800	5.4	546020
1746	575899200	15.5	546020
1746	578491200	20.2	546020
1746	581169600	25.8	546020
1746	583761600	26.4	546020
1746	586440000	25.2	546020
1746	589118400	21.6	546020
1746	591710400	14.8	546020
1746	594388800	7.2	546020
1746	596980800	0.4	546020
1746	599659200	-1.6	546020
1746	602337600	2.4	546020
1746	604756800	8.8	546020
1746	607435200	15.8	546020
1746	610027200	20.8	546020
1746	612705600	25.3	546020
1746	615297600	26.2	546020
1746	617976000	25.6	546020
1746	620654400	20.3	546020
1746	623246400	14.5	546020
1746	625924800	5.5	546020
1746	628516800	0.3	546020
1746	631195200	-4.5	546020
1746	633873600	-0.7	546020
1746	636292800	7.9	546020
1746	638971200	14	546020
1746	641563200	20	546020
1746	644241600	24.8	546020
1746	646833600	26.7	546020
1746	649512000	25.9	546020
1746	652190400	20.9	546020
1746	654782400	15.8	546020
1746	657460800	6.7	546020
1746	660052800	-0.1	546020
1746	662731200	-1.3	546020
1746	665409600	0.8	546020
1746	667828800	4.8	546020
1746	670507200	14.1	546020
1746	673099200	19.9	546020
1746	675777600	25	546020
1746	678369600	26.7	546020
1746	681048000	26.9	546020
1746	683726400	21.4	546020
1746	686318400	14.6	546020
1746	688996800	5.4	546020
1746	691588800	-1.4	546020
1746	694267200	-0.3	546020
1746	696945600	3	546020
1746	699451200	6.9	546020
1746	702129600	16.1	546020
1746	704721600	20.7	546020
1746	707400000	24.8	546020
1746	709992000	28	546020
1746	712670400	25.3	546020
1746	715348800	21.4	546020
1746	717940800	12.7	546020
1746	720619200	4.7	546020
1746	723211200	0	546020
1746	725889600	-3.6	546020
1746	728568000	3	546020
1746	730987200	8.8	546020
1746	733665600	14.5	546020
1746	736257600	21	546020
1746	738936000	25.9	546020
1746	741528000	25.9	546020
1746	744206400	25.7	546020
1746	746884800	22.1	546020
1746	749476800	14.7	546020
1746	752155200	4.4	546020
1746	754747200	0.2	546020
1746	757425600	-0.8	546020
1746	760104000	1	546020
1746	762523200	6.1	546020
1746	765201600	17.1	546020
1746	767793600	21.8	546020
1746	770472000	27	546020
1746	773064000	28.4	546020
1746	775742400	26.9	546020
1746	778420800	21.5	546020
1746	781012800	14.7	546020
1746	783691200	6.1	546020
1746	786283200	-0.9	546020
1746	788961600	0	546020
1746	791640000	2.8	546020
1746	794059200	8.4	546020
1746	796737600	14.9	546020
1746	799329600	20.3	546020
1746	802008000	25.1	546020
1746	804600000	26.1	546020
1746	807278400	25.7	546020
1746	809956800	19.5	546020
1746	812548800	15.3	546020
1746	815227200	8.6	546020
1746	817819200	0.5	546020
1746	820497600	-1.5	546020
1746	823176000	1	546020
1746	825681600	6.7	546020
1746	828360000	14.4	546020
1746	830952000	21.4	546020
1746	833630400	26	546020
1746	836222400	26.2	546020
1746	838900800	24.2	546020
1746	841579200	21.2	546020
1746	844171200	13.8	546020
1746	846849600	5.4	546020
1746	849441600	1.5	546020
1746	852120000	-2.9	546020
1746	854798400	2.4	546020
1746	857217600	9	546020
1746	859896000	15.1	546020
1746	862488000	20.9	546020
1746	865166400	26.3	546020
1746	867758400	29.8	546020
1746	870436800	27.7	546020
1746	873115200	19.6	546020
1746	875707200	15.3	546020
1746	878385600	6.2	546020
1746	880977600	-0.2	546020
1746	883656000	-2	546020
1746	886334400	3.7	546020
1746	888753600	8.9	546020
1746	891432000	16.1	546020
1746	894024000	20.3	546020
1746	896702400	26.3	546020
1746	899294400	28.1	546020
1746	901972800	26.7	546020
1746	904651200	24	546020
1746	907243200	16.1	546020
1746	909921600	6.5	546020
1746	912513600	1.9	546020
1746	915192000	0.1	546020
1746	917870400	4.4	546020
1746	920289600	6.7	546020
1746	922968000	16.5	546020
1746	925560000	21	546020
1746	928238400	27.1	546020
1746	930830400	28.5	546020
1746	933508800	26.2	546020
1746	936187200	22.4	546020
1746	938779200	14.5	546020
1746	941457600	7	546020
1746	944049600	1	546020
1746	946728000	-5.1	546020
1746	949406400	0.1	546020
1746	951912000	9.6	546020
1746	954590400	16.2	546020
1746	957182400	21.9	546020
1746	959860800	27.4	546020
1746	962452800	30.1	546020
1746	965131200	26.9	546020
1746	967809600	22.6	546020
1746	970401600	13.1	546020
1746	973080000	4.2	546020
1746	975672000	0.6	546020
1746	978350400	-4.3	546020
1746	981028800	0.3	546020
1746	983448000	9.8	546020
1746	986126400	15.5	546020
1746	988718400	23.6	546020
1746	991396800	26.9	546020
1746	993988800	28.1	546020
1746	996667200	26.7	546020
1746	999345600	22.5	546020
1746	1001937600	15.6	546020
1746	1004616000	6.7	546020
1746	1007208000	-1	546020
1746	1009886400	2.3	546020
1746	1012564800	5.7	546020
1746	1014984000	11	546020
1746	1017662400	15.5	546020
1746	1020254400	22.2	546020
1746	1022932800	25.2	546020
1746	1025524800	28.3	546020
1746	1028203200	26.7	546020
1746	1030881600	21.3	546020
1746	1033473600	12.8	546020
1746	1036152000	4.6	546020
1746	1038744000	-1.9	546020
1746	1041422400	-2.2	546020
1746	1044100800	2.5	546020
1746	1046520000	7.5	546020
1746	1049198400	15.8	546020
1746	1051790400	22	546020
1746	1054468800	25.7	546020
1746	1057060800	26.9	546020
1746	1059739200	26	546020
1746	1062417600	21.6	546020
1746	1065009600	14.3	546020
1746	1067688000	4.6	546020
1746	1070280000	1.3	546020
1746	1072958400	-0.7	546020
1746	1075636800	5	546020
1746	1078142400	9.1	546020
1746	1080820800	16.8	546020
1746	1083412800	21.1	546020
1746	1086091200	25.4	546020
1746	1088683200	25.6	546020
1746	1091361600	25.1	546020
1746	1094040000	21.8	546020
1746	1096632000	14.8	546020
1746	1099310400	7.4	546020
1746	1101902400	-0.1	546020
1746	1104580800	-2.5	546020
1746	1107259200	-1.4	546020
1746	1109678400	7.7	546020
1746	1112356800	17.2	546020
1746	1114948800	20.8	546020
1746	1117627200	27.4	546020
1746	1120219200	28.8	546020
1746	1122897600	26.5	546020
1746	1125576000	22.3	546020
1746	1128168000	15.5	546020
1746	1130846400	8.8	546020
1746	1133438400	-1.1	546020
1746	1136116800	-1	546020
1746	1138795200	0.6	546020
1746	1141214400	9.5	546020
1746	1143892800	14.6	546020
1746	1146484800	21.1	546020
1746	1149163200	27.3	546020
1746	1151755200	26.8	546020
1746	1154433600	26.6	546020
1746	1157112000	22.5	546020
1746	1159704000	17.2	546020
1746	1162382400	7.5	546020
1746	1164974400	-0.2	546020
1746	1167652800	-1	546020
1746	1170331200	5.1	546020
1746	1172750400	7.6	546020
1746	1175428800	15.7	546020
1746	1178020800	23.1	546020
1746	1180699200	26.7	546020
1746	1183291200	27.3	546020
1746	1185969600	27	546020
1746	1188648000	22.3	546020
1746	1191240000	14.2	546020
1746	1193918400	6.5	546020
1746	1196510400	1	546020
1746	1199188800	-1.9	546020
1746	1201867200	1.5	546020
1746	1204372800	9.9	546020
1746	1207051200	16.6	546020
1746	1209643200	21.4	546020
1746	1212321600	24.1	546020
1746	1214913600	27.7	546020
1746	1217592000	26.6	546020
1746	1220270400	21.8	546020
1746	1222862400	15.8	546020
1746	1225540800	7.9	546020
1746	1228132800	0.8	546020
1746	1230811200	-0.9	546020
1746	1233489600	2.6	546020
1746	1235908800	8.5	546020
1746	1238587200	16.4	546020
1746	1241179200	22.6	546020
1746	1243857600	27.2	546020
1746	1246449600	27.8	546020
1746	1249128000	25.8	546020
1746	1251806400	21.4	546020
1746	1254398400	16.3	546020
1746	1257076800	2.4	546020
1746	1259668800	-0.9	546020
1746	1262347200	-3.4	546020
1746	1265025600	0.5	546020
1746	1267444800	5.2	546020
1746	1270123200	12	546020
1746	1272715200	22.3	546020
1746	1275393600	25.9	546020
1746	1277985600	29.5	546020
1746	1280664000	26.3	546020
1746	1283342400	21.4	546020
1746	1285934400	14.3	546020
1746	1288612800	7.1	546020
1746	1291204800	0.9	546020
1746	1293883200	-5.9	546020
1746	1296561600	-0.3	546020
1746	1298980800	6.6	546020
1746	1301659200	13.7	546020
1746	1304251200	19.1	546020
1746	1306929600	25.7	546020
1746	1309521600	27.3	546020
1746	1312200000	25.4	546020
1746	1314878400	18.9	546020
1746	1317470400	13.8	546020
1746	1320148800	6.5	546020
1746	1322740800	-2	546020
1746	1325419200	-4.6	546020
1746	1328097600	-2	546020
1746	1330603200	5.6	546020
1746	1333281600	15.5	546020
1746	1335873600	21.8	546020
1746	1338552000	25	546020
1746	1341144000	27	546020
1746	1343822400	24.9	546020
1746	1346500800	19.6	546020
1746	1349092800	14.2	546020
1746	1351771200	3.9	546020
1746	1354363200	-4	546020
1747	-410184000	-6.6	546180
1747	-407505600	-4.4	546180
1747	-405086400	3.8	546180
1747	-402408000	14.3	546180
1747	-399816000	20.9	546180
1747	-397137600	22.9	546180
1747	-394545600	25.8	546180
1747	-391867200	26.2	546180
1747	-389188800	19.7	546180
1747	-386596800	15	546180
1747	-383918400	8.4	546180
1747	-381326400	-0.4	546180
1747	-378648000	-4.2	546180
1747	-375969600	-0.6	546180
1747	-373550400	6	546180
1747	-370872000	14.7	546180
1747	-368280000	20.3	546180
1747	-365601600	25.4	546180
1747	-363009600	27.4	546180
1747	-360331200	24.5	546180
1747	-357652800	22.2	546180
1747	-355060800	13.4	546180
1747	-352382400	6.1	546180
1747	-349790400	2.5	546180
1747	-347112000	-2.5	546180
1747	-344433600	1.5	546180
1747	-342014400	8.6	546180
1747	-339336000	14.3	546180
1747	-336744000	20.4	546180
1747	-334065600	24.4	546180
1747	-331473600	27.2	546180
1747	-328795200	26.2	546180
1747	-326116800	20.8	546180
1747	-323524800	16.2	546180
1747	-320846400	4.6	546180
1747	-318254400	-1.4	546180
1747	-315576000	-3.3	546180
1747	-312897600	3.6	546180
1747	-310392000	7.3	546180
1747	-307713600	14.5	546180
1747	-305121600	18.7	546180
1747	-302443200	25.6	546180
1747	-299851200	26.7	546180
1747	-297172800	25	546180
1747	-294494400	21.2	546180
1747	-291902400	13.3	546180
1747	-289224000	4.8	546180
1747	-286632000	-2.3	546180
1747	-283953600	-2.8	546180
1747	-281275200	1.8	546180
1747	-278856000	8.1	546180
1747	-276177600	15.7	546180
1747	-273585600	21.4	546180
1747	-270907200	26.2	546180
1747	-268315200	27.4	546180
1747	-265636800	26.2	546180
1747	-262958400	20.2	546180
1747	-260366400	13.3	546180
1747	-257688000	7.5	546180
1747	-255096000	-0.8	546180
1749	-252417600	-2.5	547150
1749	-249739200	1.4	547150
1749	-247320000	5.9	547150
1749	-244641600	12.6	547150
1749	-242049600	21	547150
1749	-239371200	24.9	547150
1749	-236779200	27.9	547150
1749	-234100800	25.7	547150
1749	-231422400	21.5	547150
1749	-228830400	13.6	547150
1749	-226152000	5.5	547150
1749	-223560000	1.8	547150
1749	-220881600	-4.2	547150
1749	-218203200	-0.5	547150
1749	-215784000	7.1	547150
1749	-213105600	12.1	547150
1749	-210513600	18.1	547150
1749	-207835200	25.9	547150
1749	-205243200	27	547150
1749	-202564800	26.9	547150
1749	-199886400	20.9	547150
1749	-197294400	13.8	547150
1749	-194616000	7.2	547150
1749	-192024000	-0.2	547150
1749	-189345600	-4.1	547150
1749	-186667200	-5.3	547150
1749	-184161600	5.8	547150
1749	-181483200	12.1	547150
1749	-178891200	20.1	547150
1749	-176212800	25.5	547150
1749	-173620800	26.4	547150
1749	-170942400	26	547150
1749	-168264000	20.5	547150
1749	-165672000	14.5	547150
1749	-162993600	6.3	547150
1749	-160401600	0.3	547150
1749	-157723200	-1.4	547150
1749	-155044800	1.2	547150
1749	-152625600	5.7	547150
1749	-149947200	11.5	547150
1749	-147355200	20.6	547150
1749	-144676800	25.8	547150
1749	-142084800	27.6	547150
1749	-139406400	25.7	547150
1749	-136728000	21.8	547150
1749	-134136000	15.7	547150
1749	-131457600	7	547150
1749	-128865600	-1.1	547150
1749	-126187200	-2.3	547150
1749	-123508800	1.6	547150
1749	-121089600	6.2	547150
1749	-118411200	13.7	547150
1749	-115819200	20.9	547150
1749	-113140800	25.6	547150
1749	-110548800	27.3	547150
1749	-107870400	27.1	547150
1749	-105192000	19.5	547150
1749	-102600000	14.4	547150
1749	-99921600	6.6	547150
1749	-97329600	-2.8	547150
1749	-94651200	-3	547150
1749	-91972800	-0.7	547150
1749	-89553600	7.2	547150
1749	-86875200	14.7	547150
1749	-84283200	24.3	547150
1749	-81604800	26.4	547150
1749	-79012800	27.3	547150
1749	-76334400	27.2	547150
1749	-73656000	19.3	547150
1749	-71064000	14.5	547150
1749	-68385600	4.6	547150
1749	-65793600	-4.9	547150
1749	-63115200	-3.6	547150
1749	-60436800	-3.6	547150
1749	-57931200	7.1	547150
1749	-55252800	15.2	547150
1749	-52660800	21.3	547150
1749	-49982400	27.4	547150
1749	-47390400	28.7	547150
1749	-44712000	25.8	547150
1749	-42033600	21.6	547150
1749	-39441600	12.8	547150
1749	-36763200	7.1	547150
1749	-34171200	1.7	547150
1749	-31492800	-4.7	547150
1749	-28814400	-4	547150
1749	-26395200	4.2	547150
1749	-23716800	13.1	547150
1749	-21124800	20.6	547150
1749	-18446400	25.6	547150
1749	-15854400	26.9	547150
1749	-13176000	26.1	547150
1749	-10497600	20.5	547150
1749	-7905600	14.9	547150
1749	-5227200	4.3	547150
1749	-2635200	-1.8	547150
1749	43200	-4.2	547150
1749	2721600	0.8	547150
1749	5140800	3.9	547150
1749	7819200	14.2	547150
1749	10411200	20.5	547150
1749	13089600	24.9	547150
1749	15681600	26.1	547150
1749	18360000	25.3	547150
1749	21038400	20.6	547150
1749	23630400	15	547150
1749	26308800	5.1	547150
1749	28900800	-0.2	547150
1749	31579200	-2.5	547150
1749	34257600	-1.5	547150
1749	36676800	4.1	547150
1749	39355200	13.7	547150
1749	41947200	21.8	547150
1749	44625600	24.6	547150
1749	47217600	27.7	547150
1749	49896000	24.7	547150
1749	52574400	20.6	547150
1749	55166400	13.8	547150
1749	57844800	7.7	547150
1749	60436800	-2.9	547150
1749	63115200	-4	547150
1749	65793600	-4.6	547150
1749	68299200	6.7	547150
1749	70977600	14	547150
1749	73569600	19.4	547150
1749	76248000	27.3	547150
1749	78840000	26.8	547150
1749	81518400	25	547150
1749	84196800	19.9	547150
1749	86788800	14.3	547150
1749	89467200	6	547150
1749	92059200	0.2	547150
1749	94737600	-1.6	547150
1749	97416000	1.2	547150
1749	99835200	8	547150
1749	102513600	15.4	547150
1749	105105600	19.6	547150
1749	107784000	24.1	547150
1749	110376000	25.7	547150
1749	113054400	26.7	547150
1749	115732800	20.3	547150
1749	118324800	12.9	547150
1749	121003200	6.5	547150
1749	123595200	-0.6	547150
1749	126273600	-2.5	547150
1749	128952000	-0.4	547150
1749	131371200	5.7	547150
1749	134049600	14.5	547150
1749	136641600	20.8	547150
1749	139320000	24.3	547150
1749	141912000	26.6	547150
1749	144590400	24.7	547150
1749	147268800	20.8	547150
1749	149860800	12.4	547150
1749	152539200	6.4	547150
1749	155131200	-1	547150
1749	157809600	-1	547150
1749	160488000	0.3	547150
1749	162907200	7.7	547150
1749	165585600	14.2	547150
1749	168177600	19.5	547150
1749	170856000	25.8	547150
1749	173448000	26.2	547150
1749	176126400	26.6	547150
1749	178804800	21.9	547150
1749	181396800	14.5	547150
1749	184075200	7	547150
1749	186667200	-1.4	547150
1749	189345600	-2.3	547150
1749	192024000	1	547150
1749	194529600	5.9	547150
1749	197208000	12.3	547150
1749	199800000	19.3	547150
1749	202478400	23.8	547150
1749	205070400	25	547150
1749	207748800	23.9	547150
1749	210427200	20.4	547150
1749	213019200	14.2	547150
1749	215697600	3.8	547150
1749	218289600	0.1	547150
1749	220968000	-5.3	547150
1749	223646400	-0.2	547150
1749	226065600	8.5	547150
1749	228744000	14.8	547150
1749	231336000	18.4	547150
1749	234014400	25	547150
1749	236606400	26.9	547150
1749	239284800	25	547150
1749	241963200	21.1	547150
1749	244555200	16.3	547150
1749	247233600	6	547150
1749	249825600	2	547150
1749	252504000	-0.9	547150
1749	255182400	-0.6	547150
1749	257601600	6.4	547150
1749	260280000	15.4	547150
1749	262872000	20.9	547150
1749	265550400	26.5	547150
1749	268142400	27.1	547150
1749	270820800	26	547150
1749	273499200	20.7	547150
1749	276091200	13.9	547150
1749	278769600	6.5	547150
1749	281361600	0.2	547150
1749	284040000	-1.8	547150
1749	286718400	1.3	547150
1749	289137600	6.8	547150
1749	291816000	11.5	547150
1749	294408000	19.2	547150
1749	297086400	25.1	547150
1749	299678400	26	547150
1749	302356800	25.6	547150
1749	305035200	19.3	547150
1749	307627200	16.3	547150
1749	310305600	5	547150
1749	312897600	1.1	547150
1749	315576000	-2.7	547150
1749	318254400	-1	547150
1749	320760000	5.4	547150
1749	323438400	12.7	547150
1749	326030400	20.2	547150
1749	328708800	25.6	547150
1749	331300800	26.5	547150
1749	333979200	24.5	547150
1749	336657600	20.1	547150
1749	339249600	14.3	547150
1749	341928000	8.7	547150
1749	344520000	-1.6	547150
1749	347198400	-5	547150
1749	349876800	0.2	547150
1749	352296000	8.7	547150
1749	354974400	15.5	547150
1749	357566400	20.2	547150
1749	360244800	25.2	547150
1749	362836800	27.4	547150
1749	365515200	25.1	547150
1749	368193600	20.8	547150
1749	370785600	12.7	547150
1749	373464000	4.1	547150
1749	376056000	-0.7	547150
1749	378734400	-2.3	547150
1749	381412800	1.5	547150
1749	383832000	8.2	547150
1749	386510400	14.6	547150
1749	389102400	21.5	547150
1749	391780800	24.2	547150
1749	394372800	25.8	547150
1749	397051200	25.7	547150
1749	399729600	19.4	547150
1749	402321600	16.3	547150
1749	4.05e+08	6.7	547150
1749	407592000	0	547150
1749	410270400	-1.4	547150
1749	412948800	-0.6	547150
1749	415368000	6.9	547150
1749	418046400	15	547150
1749	420638400	20.7	547150
1749	423316800	26	547150
1749	425908800	26.7	547150
1749	428587200	25.4	547150
1749	431265600	22.1	547150
1749	433857600	14.3	547150
1749	436536000	7.3	547150
1749	439128000	0.7	547150
1749	441806400	-3.9	547150
1749	444484800	-1.8	547150
1749	446990400	5.2	547150
1749	449668800	13.8	547150
1749	452260800	19.3	547150
1749	454939200	24.8	547150
1749	457531200	25.6	547150
1749	460209600	25.7	547150
1749	462888000	19.7	547150
1749	465480000	14.5	547150
1749	468158400	7.5	547150
1749	470750400	-2.2	547150
1749	473428800	-2.8	547150
1749	476107200	-0.6	547150
1749	478526400	4.5	547150
1749	481204800	14.3	547150
1749	483796800	18.8	547150
1749	486475200	25.3	547150
1749	489067200	26.8	547150
1749	491745600	25.9	547150
1749	494424000	18.7	547150
1749	497016000	15.3	547150
1749	499694400	5.3	547150
1749	502286400	-3.1	547150
1749	504964800	-1.8	547150
1749	507643200	-0.7	547150
1749	510062400	7.3	547150
1749	512740800	14.2	547150
1749	515332800	20.3	547150
1749	518011200	25.9	547150
1749	520603200	27.4	547150
1749	523281600	24.8	547150
1749	525960000	20.6	547150
1749	528552000	12.6	547150
1749	531230400	5.5	547150
1749	533822400	-0.6	547150
1749	536500800	-1.7	547150
1749	539179200	1.8	547150
1749	541598400	5.7	547150
1749	544276800	14.2	547150
1749	546868800	19.6	547150
1749	549547200	23.8	547150
1749	552139200	27.5	547150
1749	554817600	25.8	547150
1749	557496000	21.5	547150
1749	560088000	15.7	547150
1749	562766400	6.2	547150
1749	565358400	0.2	547150
1749	568036800	-1.5	547150
1749	570715200	-0.2	547150
1749	573220800	5.3	547150
1749	575899200	14.4	547150
1749	578491200	20	547150
1749	581169600	26.3	547150
1749	583761600	26	547150
1749	586440000	25.2	547150
1749	589118400	21.3	547150
1749	591710400	15	547150
1749	594388800	6.4	547150
1749	596980800	-0.1	547150
1749	599659200	-0.9	547150
1749	602337600	1.5	547150
1749	604756800	7.3	547150
1749	607435200	15	547150
1749	610027200	20.4	547150
1749	612705600	24.9	547150
1749	615297600	26.7	547150
1749	617976000	25.1	547150
1749	620654400	20.7	547150
1749	623246400	15.2	547150
1749	625924800	5.7	547150
1749	628516800	0.6	547150
1749	631195200	-3.1	547150
1749	633873600	0.8	547150
1749	636292800	7.4	547150
1749	638971200	13.3	547150
1749	641563200	18.6	547150
1749	644241600	25.1	547150
1749	646833600	27	547150
1749	649512000	26.1	547150
1749	652190400	21.7	547150
1749	654782400	15.9	547150
1749	657460800	8.4	547150
1749	660052800	0.1	547150
1749	662731200	-0.9	547150
1749	665409600	0.8	547150
1749	667828800	4.7	547150
1749	670507200	13.6	547150
1749	673099200	18.3	547150
1749	675777600	24	547150
1749	678369600	26.9	547150
1749	681048000	25.8	547150
1749	683726400	21.4	547150
1749	686318400	14.3	547150
1749	688996800	6.3	547150
1749	691588800	-0.6	547150
1749	694267200	-1.6	547150
1749	696945600	2.1	547150
1749	699451200	6.1	547150
1749	702129600	14.6	547150
1749	704721600	19.4	547150
1749	707400000	24.1	547150
1749	709992000	27.9	547150
1749	712670400	25.3	547150
1749	715348800	20.4	547150
1749	717940800	12.6	547150
1749	720619200	5.7	547150
1749	723211200	0.8	547150
1749	725889600	-2.4	547150
1749	728568000	3.3	547150
1749	730987200	7.8	547150
1749	733665600	13.4	547150
1749	736257600	18.9	547150
1749	738936000	25.1	547150
1749	741528000	25.1	547150
1749	744206400	24.7	547150
1749	746884800	21.2	547150
1749	749476800	14.4	547150
1749	752155200	4.5	547150
1749	754747200	-0.1	547150
1749	757425600	-0.5	547150
1749	760104000	1.7	547150
1749	762523200	5.7	547150
1749	765201600	16.3	547150
1749	767793600	20.1	547150
1749	770472000	26.2	547150
1749	773064000	28.7	547150
1749	775742400	27.2	547150
1749	778420800	20.7	547150
1749	781012800	14.3	547150
1749	783691200	7.7	547150
1749	786283200	0.5	547150
1749	788961600	-0.8	547150
1749	791640000	2.3	547150
1749	794059200	7.6	547150
1749	796737600	13.2	547150
1749	799329600	19.3	547150
1749	802008000	25.3	547150
1749	804600000	26.6	547150
1749	807278400	25.7	547150
1749	809956800	19.8	547150
1749	812548800	15.2	547150
1749	815227200	7.5	547150
1749	817819200	0.1	547150
1749	820497600	-1.6	547150
1749	823176000	0.3	547150
1749	825681600	6.2	547150
1749	828360000	13.1	547150
1749	830952000	19.8	547150
1749	833630400	25	547150
1749	836222400	26.4	547150
1749	838900800	24.9	547150
1749	841579200	21.3	547150
1749	844171200	14.7	547150
1749	846849600	5.4	547150
1749	849441600	1.5	547150
1749	852120000	-2	547150
1749	854798400	1.9	547150
1749	857217600	8.3	547150
1749	859896000	13.6	547150
1749	862488000	19	547150
1749	865166400	25.7	547150
1749	867758400	29.4	547150
1749	870436800	27.4	547150
1749	873115200	19.4	547150
1749	875707200	14.7	547150
1749	878385600	6.1	547150
1749	880977600	0.4	547150
1749	883656000	-2.3	547150
1749	886334400	2.7	547150
1749	888753600	7.8	547150
1749	891432000	15.8	547150
1749	894024000	19.1	547150
1749	896702400	25.4	547150
1749	899294400	27.3	547150
1749	901972800	25.7	547150
1749	904651200	23.4	547150
1749	907243200	16.8	547150
1749	909921600	8	547150
1749	912513600	1.1	547150
1749	915192000	-0.3	547150
1749	917870400	3.1	547150
1749	920289600	6.5	547150
1749	922968000	14.9	547150
1749	925560000	19.6	547150
1749	928238400	25.5	547150
1749	930830400	27.1	547150
1749	933508800	25.7	547150
1749	936187200	22.8	547150
1749	938779200	14.9	547150
1749	941457600	7.2	547150
1749	944049600	0.9	547150
1749	946728000	-4.3	547150
1749	949406400	-0.3	547150
1749	951912000	9.1	547150
1749	954590400	14.7	547150
1749	957182400	20	547150
1749	959860800	26.3	547150
1749	962452800	28.5	547150
1749	965131200	26.5	547150
1749	967809600	21.7	547150
1749	970401600	14.2	547150
1749	973080000	5.3	547150
1749	975672000	1.8	547150
1749	978350400	-3.2	547150
1749	981028800	0.6	547150
1749	983448000	8.7	547150
1749	986126400	13.8	547150
1749	988718400	21.7	547150
1749	991396800	26.2	547150
1749	993988800	27.4	547150
1749	996667200	25.3	547150
1749	999345600	20.8	547150
1749	1001937600	16	547150
1749	1004616000	7	547150
1749	1007208000	-1.1	547150
1749	1009886400	1.3	547150
1749	1012564800	5.3	547150
1749	1014984000	10.5	547150
1749	1017662400	14.7	547150
1749	1020254400	20	547150
1749	1022932800	25.4	547150
1749	1025524800	27.8	547150
1749	1028203200	26.3	547150
1749	1030881600	21	547150
1749	1033473600	13.6	547150
1749	1036152000	4.8	547150
1749	1038744000	-1.9	547150
1749	1041422400	-2.8	547150
1749	1044100800	2.7	547150
1749	1046520000	7.4	547150
1749	1049198400	14.2	547150
1749	1051790400	20.8	547150
1749	1054468800	25.2	547150
1749	1057060800	26	547150
1749	1059739200	25.1	547150
1749	1062417600	21.2	547150
1749	1065009600	14.2	547150
1749	1067688000	5.8	547150
1749	1070280000	0.4	547150
1749	1072958400	-1	547150
1749	1075636800	4.3	547150
1749	1078142400	9.1	547150
1749	1080820800	15.8	547150
1749	1083412800	19.4	547150
1749	1086091200	23.9	547150
1749	1088683200	26.2	547150
1749	1091361600	24.7	547150
1749	1094040000	21.4	547150
1749	1096632000	14.3	547150
1749	1099310400	6.8	547150
1749	1101902400	-0.1	547150
1749	1104580800	-2.7	547150
1749	1107259200	-2.2	547150
1749	1109678400	5.9	547150
1749	1112356800	15.8	547150
1749	1114948800	19.5	547150
1749	1117627200	27.2	547150
1749	1120219200	27.7	547150
1749	1122897600	25.5	547150
1749	1125576000	21.1	547150
1749	1128168000	14.4	547150
1749	1130846400	8.6	547150
1749	1133438400	-1.9	547150
1749	1136116800	-1.3	547150
1749	1138795200	0.8	547150
1749	1141214400	8.5	547150
1749	1143892800	13.8	547150
1749	1146484800	19.6	547150
1749	1149163200	26.1	547150
1749	1151755200	27	547150
1749	1154433600	26.3	547150
1749	1157112000	21.3	547150
1749	1159704000	18.2	547150
1749	1162382400	7.8	547150
1749	1164974400	0	547150
1749	1167652800	-1.1	547150
1749	1170331200	5.5	547150
1749	1172750400	7.8	547150
1749	1175428800	14.4	547150
1749	1178020800	21.3	547150
1749	1180699200	25.6	547150
1749	1183291200	26.7	547150
1749	1185969600	26.2	547150
1749	1188648000	22.1	547150
1749	1191240000	14.3	547150
1749	1193918400	7	547150
1749	1196510400	1.6	547150
1749	1199188800	-2.1	547150
1749	1201867200	0.8	547150
1749	1204372800	9.7	547150
1749	1207051200	15.6	547150
1749	1209643200	20.8	547150
1749	1212321600	24.7	547150
1749	1214913600	27	547150
1749	1217592000	26	547150
1749	1220270400	21.6	547150
1749	1222862400	16.1	547150
1749	1225540800	7.7	547150
1749	1228132800	0.8	547150
1749	1230811200	-1.3	547150
1749	1233489600	3.2	547150
1749	1235908800	8.4	547150
1749	1238587200	15.3	547150
1749	1241179200	20.3	547150
1749	1243857600	26.8	547150
1749	1246449600	26.6	547150
1749	1249128000	25.3	547150
1749	1251806400	20.6	547150
1749	1254398400	17.4	547150
1749	1257076800	3.2	547150
1749	1259668800	0	547150
1749	1262347200	-2.2	547150
1749	1265025600	1.4	547150
1749	1267444800	5.8	547150
1749	1270123200	11.6	547150
1749	1272715200	21.1	547150
1749	1275393600	25.8	547150
1749	1277985600	28.6	547150
1749	1280664000	25.4	547150
1749	1283342400	21.3	547150
1749	1285934400	14.5	547150
1749	1288612800	7.9	547150
1749	1291204800	1	547150
1749	1293883200	-4.1	547150
1749	1296561600	1.2	547150
1749	1298980800	8	547150
1749	1301659200	14.1	547150
1749	1304251200	19.4	547150
1749	1306929600	26.3	547150
1749	1309521600	27.5	547150
1749	1312200000	25.4	547150
1749	1314878400	19.4	547150
1749	1317470400	15	547150
1749	1320148800	8.3	547150
1749	1322740800	-0.7	547150
1749	1325419200	-2.2	547150
1749	1328097600	0	547150
1749	1330603200	6.7	547150
1749	1333281600	15.9	547150
1749	1335873600	22.1	547150
1749	1338552000	26.3	547150
1749	1341144000	27.8	547150
1749	1343822400	25.3	547150
1749	1346500800	20.6	547150
1749	1349092800	16.2	547150
1749	1351771200	6	547150
1749	1354363200	-2	547150
1750	-599572800	-5.1	547250
1750	-596894400	-1.3	547250
1750	-594475200	5.2	547250
1750	-591796800	12.5	547250
1750	-589204800	20.9	547250
1750	-586526400	25.9	547250
1750	-583934400	26.2	547250
1750	-581256000	26.7	547250
1750	-578577600	19.2	547250
1750	-575985600	15.5	547250
1750	-573307200	5.7	547250
1750	-570715200	1.5	547250
1750	-568036800	-1.9	547250
1750	-565358400	-3.2	547250
1750	-562852800	4.2	547250
1750	-560174400	14.5	547250
1750	-557582400	20.4	547250
1750	-554904000	24.9	547250
1750	-552312000	27.2	547250
1750	-549633600	24.6	547250
1750	-546955200	21.5	547250
1750	-544363200	13.4	547250
1750	-541684800	5.8	547250
1750	-539092800	-3	547250
1750	-536414400	-4.2	547250
1750	-533736000	-2	547250
1750	-531316800	6.4	547250
1750	-528638400	13	547250
1750	-526046400	19.1	547250
1750	-523368000	24.5	547250
1750	-520776000	27.6	547250
1750	-518097600	24.7	547250
1750	-515419200	20.5	547250
1750	-512827200	16	547250
1750	-510148800	6.2	547250
1750	-507556800	0.1	547250
1750	-504878400	-1.3	547250
1750	-502200000	-0.1	547250
1750	-499780800	4.8	547250
1750	-497102400	13.3	547250
1750	-494510400	19.5	547250
1750	-491832000	22.9	547250
1750	-489240000	24.5	547250
1750	-486561600	24.8	547250
1750	-483883200	19.4	547250
1750	-481291200	13.2	547250
1750	-478612800	8.1	547250
1750	-476020800	-4	547250
1750	-473342400	-4.2	547250
1750	-470664000	1.6	547250
1750	-468244800	3.4	547250
1750	-465566400	12.9	547250
1750	-462974400	21.4	547250
1750	-460296000	26.4	547250
1750	-457704000	26.4	547250
1750	-455025600	25.5	547250
1750	-452347200	20.5	547250
1750	-449755200	11.5	547250
1750	-447076800	4.7	547250
1750	-444484800	0.4	547250
1750	-441806400	-4.1	547250
1750	-439128000	-2.9	547250
1750	-436622400	3.6	547250
1750	-433944000	14.5	547250
1750	-431352000	19.2	547250
1750	-428673600	23.2	547250
1750	-426081600	26.9	547250
1750	-423403200	25	547250
1750	-420724800	21.3	547250
1750	-418132800	13.8	547250
1750	-415454400	3.3	547250
1750	-412862400	-3.7	547250
1750	-410184000	-6.4	547250
1750	-407505600	-4.5	547250
1750	-405086400	3.5	547250
1750	-402408000	13.8	547250
1750	-399816000	20.9	547250
1750	-397137600	22.4	547250
1750	-394545600	25.3	547250
1750	-391867200	25.4	547250
1750	-389188800	19.3	547250
1750	-386596800	14.6	547250
1750	-383918400	8.3	547250
1750	-381326400	0.1	547250
1750	-378648000	-3.7	547250
1750	-375969600	0	547250
1750	-373550400	6	547250
1750	-370872000	14.2	547250
1750	-368280000	19.8	547250
1750	-365601600	25.5	547250
1750	-363009600	27.6	547250
1750	-360331200	24	547250
1750	-357652800	21.2	547250
1750	-355060800	12.6	547250
1750	-352382400	5.8	547250
1750	-349790400	2.3	547250
1750	-347112000	-3.2	547250
1750	-344433600	1.3	547250
1750	-342014400	8.1	547250
1750	-339336000	13.7	547250
1750	-336744000	20.5	547250
1750	-334065600	24.4	547250
1750	-331473600	27.6	547250
1750	-328795200	26.3	547250
1750	-326116800	20.1	547250
1750	-323524800	15.3	547250
1750	-320846400	4.7	547250
1750	-318254400	-1	547250
1750	-315576000	-3.3	547250
1750	-312897600	3.3	547250
1750	-310392000	7.1	547250
1750	-307713600	14.3	547250
1750	-305121600	19.5	547250
1750	-302443200	25.2	547250
1750	-299851200	26.2	547250
1750	-297172800	24.7	547250
1750	-294494400	20.7	547250
1750	-291902400	13.6	547250
1750	-289224000	5.4	547250
1750	-286632000	-2.7	547250
1750	-283953600	-3	547250
1750	-281275200	1.9	547250
1750	-278856000	7.4	547250
1750	-276177600	15.4	547250
1750	-273585600	20.8	547250
1750	-270907200	25.7	547250
1750	-268315200	27.3	547250
1750	-265636800	25.6	547250
1750	-262958400	19.5	547250
1750	-260366400	13.2	547250
1750	-257688000	7.2	547250
1750	-255096000	-0.8	547250
1750	-252417600	-3.3	547250
1750	-249739200	1	547250
1750	-247320000	5.4	547250
1750	-244641600	12.2	547250
1750	-242049600	20.6	547250
1750	-239371200	23.3	547250
1750	-236779200	26.3	547250
1750	-234100800	24.9	547250
1750	-231422400	20.7	547250
1750	-228830400	13.1	547250
1750	-226152000	5.2	547250
1750	-223560000	1.6	547250
1750	-220881600	-4.7	547250
1750	-218203200	-0.8	547250
1750	-215784000	6.6	547250
1750	-213105600	11.6	547250
1750	-210513600	17.8	547250
1750	-207835200	25.1	547250
1750	-205243200	26.6	547250
1750	-202564800	26.6	547250
1750	-199886400	20.7	547250
1750	-197294400	13.5	547250
1750	-194616000	7.1	547250
1750	-192024000	-0.3	547250
1750	-189345600	-4.3	547250
1750	-186667200	-5.2	547250
1750	-184161600	5.4	547250
1750	-181483200	12	547250
1750	-178891200	20.3	547250
1750	-176212800	24.7	547250
1750	-173620800	25.8	547250
1750	-170942400	25.6	547250
1750	-168264000	20.1	547250
1750	-165672000	14.5	547250
1750	-162993600	6.4	547250
1750	-160401600	0.3	547250
1750	-157723200	-1.4	547250
1750	-155044800	1.5	547250
1750	-152625600	5.8	547250
1750	-149947200	10.8	547250
1750	-147355200	20.7	547250
1750	-144676800	24.8	547250
1750	-142084800	27	547250
1750	-139406400	24.5	547250
1750	-136728000	21.2	547250
1750	-134136000	15.6	547250
1750	-131457600	6.9	547250
1750	-128865600	-1.1	547250
1750	-126187200	-2.5	547250
1750	-123508800	1.6	547250
1750	-121089600	5.7	547250
1750	-118411200	13.1	547250
1750	-115819200	20.6	547250
1750	-113140800	24.6	547250
1750	-110548800	26.4	547250
1750	-107870400	26.5	547250
1750	-105192000	19	547250
1750	-102600000	14	547250
1750	-99921600	6.6	547250
1750	-97329600	-2.6	547250
1750	-94651200	-3.1	547250
1750	-91972800	-1.6	547250
1750	-89553600	6.9	547250
1750	-86875200	14.4	547250
1750	-84283200	23.3	547250
1750	-81604800	24.7	547250
1750	-79012800	26.6	547250
1750	-76334400	26.9	547250
1750	-73656000	18.9	547250
1750	-71064000	14.3	547250
1750	-68385600	4.6	547250
1750	-65793600	-5	547250
1750	-63115200	-3.9	547250
1750	-60436800	-3.8	547250
1750	-57931200	6.8	547250
1750	-55252800	14.8	547250
1750	-52660800	20.8	547250
1750	-49982400	26.1	547250
1750	-47390400	27.7	547250
1750	-44712000	25.1	547250
1750	-42033600	21.2	547250
1750	-39441600	12.8	547250
1750	-36763200	7.1	547250
1750	-34171200	1.5	547250
1750	-31492800	-5	547250
1750	-28814400	-4.6	547250
1750	-26395200	3.3	547250
1750	-23716800	12.6	547250
1750	-21124800	19.8	547250
1750	-18446400	24.1	547250
1750	-15854400	26.2	547250
1750	-13176000	25.8	547250
1750	-10497600	20.3	547250
1750	-7905600	14.4	547250
1750	-5227200	4.3	547250
1750	-2635200	-1.8	547250
1750	43200	-3.9	547250
1750	2721600	0.2	547250
1750	5140800	3.3	547250
1750	7819200	13.6	547250
1750	10411200	19.5	547250
1750	13089600	23.6	547250
1750	15681600	25.4	547250
1750	18360000	25.3	547250
1750	21038400	20.1	547250
1750	23630400	14.6	547250
1750	26308800	5	547250
1750	28900800	-0.2	547250
1750	31579200	-2.8	547250
1750	34257600	-2	547250
1750	36676800	3.5	547250
1750	39355200	13.3	547250
1750	41947200	20.9	547250
1750	44625600	24	547250
1750	47217600	26.9	547250
1750	49896000	24.4	547250
1750	52574400	20.4	547250
1750	55166400	13.9	547250
1750	57844800	7.9	547250
1750	60436800	-2.5	547250
1750	63115200	-3.8	547250
1750	65793600	-4.8	547250
1750	68299200	6.3	547250
1750	70977600	13.8	547250
1750	73569600	18.8	547250
1750	76248000	26.1	547250
1750	78840000	25.9	547250
1750	81518400	24.2	547250
1750	84196800	19.4	547250
1750	86788800	14.1	547250
1750	89467200	6.2	547250
1750	92059200	0.4	547250
1750	94737600	-1.1	547250
1750	97416000	1.1	547250
1750	99835200	7.9	547250
1750	102513600	14.8	547250
1750	105105600	19	547250
1750	107784000	23.6	547250
1750	110376000	25.8	547250
1750	113054400	26.5	547250
1750	115732800	20.3	547250
1750	118324800	13	547250
1750	121003200	6.5	547250
1750	123595200	-0.4	547250
1750	126273600	-2.3	547250
1750	128952000	-0.5	547250
1750	131371200	5.5	547250
1750	134049600	13.9	547250
1750	136641600	20.2	547250
1750	139320000	23.8	547250
1750	141912000	26.5	547250
1750	144590400	24.8	547250
1750	147268800	20.8	547250
1750	149860800	12.7	547250
1750	152539200	6.6	547250
1750	155131200	-0.7	547250
1750	157809600	-0.7	547250
1750	160488000	0	547250
1750	162907200	7.2	547250
1750	165585600	14.6	547250
1750	168177600	19.8	547250
1750	170856000	25.4	547250
1750	173448000	26.3	547250
1750	176126400	26.7	547250
1750	178804800	22	547250
1750	181396800	14.6	547250
1750	184075200	7	547250
1750	186667200	-1.2	547250
1750	189345600	-2.3	547250
1750	192024000	1	547250
1750	194529600	5.7	547250
1750	197208000	12.2	547250
1750	199800000	19.7	547250
1750	202478400	23.5	547250
1750	205070400	25.2	547250
1750	207748800	23.8	547250
1750	210427200	20	547250
1750	213019200	14.1	547250
1750	215697600	3.5	547250
1750	218289600	-0.1	547250
1750	220968000	-5.8	547250
1750	223646400	0	547250
1750	226065600	8.3	547250
1750	228744000	14.9	547250
1750	231336000	19.2	547250
1750	234014400	25.3	547250
1750	236606400	27.6	547250
1750	239284800	24.7	547250
1750	241963200	21	547250
1750	244555200	16.5	547250
1750	247233600	6.2	547250
1750	249825600	2.4	547250
1750	252504000	-1.1	547250
1750	255182400	-0.8	547250
1750	257601600	6.2	547250
1750	260280000	15.3	547250
1750	262872000	20.4	547250
1750	265550400	25.3	547250
1750	268142400	26.7	547250
1750	270820800	25.9	547250
1750	273499200	20.5	547250
1750	276091200	13.8	547250
1750	278769600	6.8	547250
1750	281361600	0.5	547250
1750	284040000	-1.4	547250
1750	286718400	1	547250
1750	289137600	6.7	547250
1750	291816000	11.2	547250
1750	294408000	19.6	547250
1750	297086400	24	547250
1750	299678400	26.1	547250
1750	302356800	25.9	547250
1750	305035200	19.5	547250
1750	307627200	16.1	547250
1750	310305600	4.9	547250
1750	312897600	1.2	547250
1750	315576000	-2.8	547250
1750	318254400	-1	547250
1750	320760000	5	547250
1750	323438400	12.1	547250
1750	326030400	20	547250
1750	328708800	25.3	547250
1750	331300800	26.2	547250
1750	333979200	24.1	547250
1750	336657600	19.7	547250
1750	339249600	13.9	547250
1750	341928000	8.3	547250
1750	344520000	-1.7	547250
1750	347198400	-4.1	547250
1750	349876800	0.1	547250
1750	352296000	8.2	547250
1750	354974400	15.6	547250
1750	357566400	20.7	547250
1750	360244800	24.8	547250
1750	362836800	27.4	547250
1750	365515200	24.9	547250
1750	368193600	20.6	547250
1750	370785600	12.2	547250
1750	373464000	3.8	547250
1750	376056000	-1	547250
1750	378734400	-2.7	547250
1750	381412800	1.2	547250
1750	383832000	7.7	547250
1750	386510400	15.2	547250
1750	389102400	22.1	547250
1750	391780800	24	547250
1750	394372800	25.8	547250
1750	397051200	25.6	547250
1750	399729600	19.5	547250
1750	402321600	15.9	547250
1750	4.05e+08	6.4	547250
1750	407592000	-0.4	547250
1750	410270400	-1.7	547250
1750	412948800	-1	547250
1750	415368000	6.2	547250
1750	418046400	15.1	547250
1750	420638400	20.6	547250
1750	423316800	25.4	547250
1750	425908800	25.8	547250
1750	428587200	24.9	547250
1750	431265600	21.8	547250
1750	433857600	14	547250
1750	436536000	7.3	547250
1750	439128000	0	547250
1750	441806400	-4.3	547250
1750	444484800	-2.3	547250
1750	446990400	4.3	547250
1750	449668800	13.6	547250
1750	452260800	19.7	547250
1750	454939200	24.2	547250
1750	457531200	25.4	547250
1750	460209600	25.6	547250
1750	462888000	19.6	547250
1750	465480000	14.2	547250
1750	468158400	7.4	547250
1750	470750400	-1.9	547250
1750	473428800	-3.3	547250
1750	476107200	-0.4	547250
1750	478526400	4.1	547250
1750	481204800	14.3	547250
1750	483796800	18.8	547250
1750	486475200	24.7	547250
1750	489067200	26.5	547250
1750	491745600	25.8	547250
1750	494424000	18.4	547250
1750	497016000	15	547250
1750	499694400	5	547250
1750	502286400	-3.3	547250
1750	504964800	-2.3	547250
1750	507643200	-1.3	547250
1750	510062400	6.7	547250
1750	512740800	14.4	547250
1750	515332800	20.5	547250
1750	518011200	25.1	547250
1750	520603200	26.4	547250
1750	523281600	24	547250
1750	525960000	20.2	547250
1750	528552000	11.9	547250
1750	531230400	5.2	547250
1750	533822400	-0.8	547250
1750	536500800	-2.4	547250
1750	539179200	1.1	547250
1750	541598400	5.4	547250
1750	544276800	13.9	547250
1750	546868800	19.2	547250
1750	549547200	23.3	547250
1750	552139200	26.4	547250
1750	554817600	25.3	547250
1750	557496000	20.6	547250
1750	560088000	15.3	547250
1750	562766400	5.9	547250
1750	565358400	0.2	547250
1750	568036800	-2.3	547250
1750	570715200	-0.8	547250
1750	573220800	4.9	547250
1750	575899200	14.1	547250
1750	578491200	19.7	547250
1750	581169600	25.7	547250
1750	583761600	26	547250
1750	586440000	25.3	547250
1750	589118400	21.1	547250
1750	591710400	15.1	547250
1750	594388800	6.5	547250
1750	596980800	0	547250
1750	599659200	-0.8	547250
1750	602337600	1.5	547250
1750	604756800	7	547250
1750	607435200	15	547250
1750	610027200	21.1	547250
1750	612705600	24.1	547250
1750	615297600	26.4	547250
1750	617976000	25	547250
1750	620654400	20.4	547250
1750	623246400	14.9	547250
1750	625924800	5.6	547250
1750	628516800	0.8	547250
1750	631195200	-4.1	547250
1750	633873600	0.1	547250
1750	636292800	7.5	547250
1750	638971200	13.4	547250
1750	641563200	18.6	547250
1750	644241600	24.5	547250
1750	646833600	26.6	547250
1750	649512000	25.9	547250
1750	652190400	21.3	547250
1750	654782400	15.5	547250
1750	657460800	8.2	547250
1750	660052800	-0.1	547250
1750	662731200	-1.4	547250
1750	665409600	0.6	547250
1750	667828800	4.2	547250
1750	670507200	13.6	547250
1750	673099200	18.3	547250
1750	675777600	23.6	547250
1750	678369600	26.4	547250
1750	681048000	25.5	547250
1750	683726400	21	547250
1750	686318400	13.7	547250
1750	688996800	6	547250
1750	691588800	-0.7	547250
1750	694267200	-2.3	547250
1750	696945600	1.7	547250
1750	699451200	5.9	547250
1750	702129600	14.6	547250
1750	704721600	19.5	547250
1750	707400000	23	547250
1750	709992000	26.6	547250
1750	712670400	24.6	547250
1750	715348800	19.9	547250
1750	717940800	12.2	547250
1750	720619200	5.1	547250
1750	723211200	0.5	547250
1750	725889600	-2.7	547250
1750	728568000	2.3	547250
1750	730987200	7.2	547250
1750	733665600	13	547250
1750	736257600	19.2	547250
1750	738936000	24.6	547250
1750	741528000	24.7	547250
1750	744206400	24.6	547250
1750	746884800	21	547250
1750	749476800	14	547250
1750	752155200	4.8	547250
1750	754747200	-0.1	547250
1750	757425600	-0.6	547250
1750	760104000	1.5	547250
1750	762523200	5.7	547250
1750	765201600	16.3	547250
1750	767793600	20.4	547250
1750	770472000	25.9	547250
1750	773064000	28.5	547250
1750	775742400	26.7	547250
1750	778420800	20.6	547250
1750	781012800	14.5	547250
1750	783691200	7.7	547250
1750	786283200	0	547250
1750	788961600	-0.8	547250
1750	791640000	1.9	547250
1750	794059200	7.4	547250
1750	796737600	14.1	547250
1750	799329600	19.4	547250
1750	802008000	24	547250
1750	804600000	26	547250
1750	807278400	25.7	547250
1750	809956800	20	547250
1750	812548800	15.2	547250
1750	815227200	8	547250
1750	817819200	0	547250
1750	820497600	-1.9	547250
1750	823176000	0.1	547250
1750	825681600	5.8	547250
1750	828360000	13.2	547250
1750	830952000	20.3	547250
1750	833630400	24.6	547250
1750	836222400	26.4	547250
1750	838900800	24.8	547250
1750	841579200	21.3	547250
1750	844171200	14.3	547250
1750	846849600	5.3	547250
1750	849441600	1.4	547250
1750	852120000	-2.5	547250
1750	854798400	1.6	547250
1750	857217600	8.2	547250
1750	859896000	13.9	547250
1750	862488000	19	547250
1750	865166400	25.2	547250
1750	867758400	29.6	547250
1750	870436800	27.2	547250
1750	873115200	19.5	547250
1750	875707200	14.8	547250
1750	878385600	6.1	547250
1750	880977600	0.5	547250
1750	883656000	-2.4	547250
1750	886334400	2.5	547250
1750	888753600	7.9	547250
1750	891432000	15.6	547250
1750	894024000	19.4	547250
1750	896702400	24.7	547250
1750	899294400	27.2	547250
1750	901972800	25.7	547250
1750	904651200	23.7	547250
1750	907243200	17	547250
1750	909921600	8	547250
1750	912513600	1.5	547250
1750	915192000	-0.2	547250
1750	917870400	3.2	547250
1750	920289600	6.4	547250
1750	922968000	15	547250
1750	925560000	19.8	547250
1750	928238400	25.9	547250
1750	930830400	27.5	547250
1750	933508800	25.8	547250
1750	936187200	22.6	547250
1750	938779200	14.7	547250
1750	941457600	7.2	547250
1750	944049600	1.1	547250
1750	946728000	-3.8	547250
1750	949406400	-0.3	547250
1750	951912000	8.9	547250
1750	954590400	15	547250
1750	957182400	20.1	547250
1750	959860800	25.9	547250
1750	962452800	28.6	547250
1750	965131200	26.6	547250
1750	967809600	21.9	547250
1750	970401600	14.1	547250
1750	973080000	5.4	547250
1750	975672000	1.5	547250
1750	978350400	-3.6	547250
1750	981028800	0.3	547250
1750	983448000	8.5	547250
1750	986126400	14	547250
1750	988718400	22.2	547250
1750	991396800	26.3	547250
1750	993988800	27.1	547250
1750	996667200	25.6	547250
1750	999345600	20.9	547250
1750	1001937600	15.6	547250
1750	1004616000	7	547250
1750	1007208000	-1.4	547250
1750	1009886400	1.2	547250
1750	1012564800	5.3	547250
1750	1014984000	10.1	547250
1750	1017662400	14.7	547250
1750	1020254400	20.3	547250
1750	1022932800	24.8	547250
1750	1025524800	27.6	547250
1750	1028203200	25.8	547250
1750	1030881600	21.4	547250
1750	1033473600	13	547250
1750	1036152000	4.4	547250
1750	1038744000	-1.8	547250
1750	1041422400	-2.5	547250
1750	1044100800	2.2	547250
1750	1046520000	6.9	547250
1750	1049198400	14.5	547250
1750	1051790400	20.7	547250
1750	1054468800	24.5	547250
1750	1057060800	25.8	547250
1750	1059739200	25.3	547250
1750	1062417600	21.3	547250
1750	1065009600	14.2	547250
1750	1067688000	5.8	547250
1750	1070280000	0.6	547250
1750	1072958400	-1.3	547250
1750	1075636800	4.2	547250
1750	1078142400	8.8	547250
1750	1080820800	16.4	547250
1750	1083412800	19.9	547250
1750	1086091200	24.3	547250
1750	1088683200	26.6	547250
1750	1091361600	25.1	547250
1750	1094040000	22.2	547250
1750	1096632000	15	547250
1750	1099310400	7.8	547250
1750	1101902400	0.4	547250
1750	1104580800	-2	547250
1750	1107259200	-2.3	547250
1750	1109678400	6	547250
1750	1112356800	16.3	547250
1750	1114948800	20.4	547250
1750	1117627200	26.8	547250
1750	1120219200	27.8	547250
1750	1122897600	25.8	547250
1750	1125576000	21.5	547250
1750	1128168000	15.5	547250
1750	1130846400	9.5	547250
1750	1133438400	-1.6	547250
1750	1136116800	-0.7	547250
1750	1138795200	0.9	547250
1750	1141214400	8.8	547250
1750	1143892800	14.4	547250
1750	1146484800	20.9	547250
1750	1149163200	26.5	547250
1750	1151755200	26.9	547250
1750	1154433600	26.5	547250
1750	1157112000	21.6	547250
1750	1159704000	18.4	547250
1750	1162382400	8.7	547250
1750	1164974400	0.4	547250
1750	1167652800	-1	547250
1750	1170331200	5.6	547250
1750	1172750400	7.9	547250
1750	1175428800	14.6	547250
1750	1178020800	21.9	547250
1750	1180699200	25.6	547250
1750	1183291200	26.5	547250
1750	1185969600	26	547250
1750	1188648000	22.1	547250
1750	1191240000	14.1	547250
1750	1193918400	7.3	547250
1750	1196510400	1.6	547250
1750	1199188800	-2.5	547250
1750	1201867200	0.7	547250
1750	1204372800	9.1	547250
1750	1207051200	15.6	547250
1750	1209643200	21.3	547250
1750	1212321600	24.7	547250
1750	1214913600	26.7	547250
1750	1217592000	26.1	547250
1750	1220270400	21.9	547250
1750	1222862400	16.2	547250
1750	1225540800	7.6	547250
1750	1228132800	0.6	547250
1750	1230811200	-1.3	547250
1750	1233489600	2.8	547250
1750	1235908800	8	547250
1750	1238587200	15.5	547250
1750	1241179200	21	547250
1750	1243857600	26.3	547250
1750	1246449600	26.5	547250
1750	1249128000	25.6	547250
1750	1251806400	21.2	547250
1750	1254398400	17.2	547250
1750	1257076800	3.7	547250
1750	1259668800	-0.3	547250
1750	1262347200	-2.8	547250
1750	1265025600	1.2	547250
1750	1267444800	5.4	547250
1750	1270123200	11.7	547250
1750	1272715200	21.4	547250
1750	1275393600	25.1	547250
1750	1277985600	28.9	547250
1750	1280664000	25.6	547250
1750	1283342400	21.4	547250
1750	1285934400	14.5	547250
1750	1288612800	7.8	547250
1750	1291204800	0.6	547250
1750	1293883200	-4.7	547250
1750	1296561600	0.7	547250
1750	1298980800	8	547250
1750	1301659200	14.4	547250
1750	1304251200	19.7	547250
1750	1306929600	26	547250
1750	1309521600	27.3	547250
1750	1312200000	25.2	547250
1750	1314878400	19.6	547250
1750	1317470400	14.7	547250
1750	1320148800	8.2	547250
1750	1322740800	-0.7	547250
1750	1325419200	-2.3	547250
1750	1328097600	-0.3	547250
1750	1330603200	6.1	547250
1750	1333281600	16	547250
1750	1335873600	22.3	547250
1750	1338552000	26	547250
1750	1341144000	27.5	547250
1750	1343822400	24.9	547250
1750	1346500800	20.6	547250
1750	1349092800	15.6	547250
1750	1351771200	5.7	547250
1750	1354363200	-2.6	547250
1751	-410184000	-7.3	547270
1751	-407505600	-4.4	547270
1751	-405086400	3.9	547270
1751	-402408000	14.2	547270
1751	-399816000	20.8	547270
1751	-397137600	22.8	547270
1751	-394545600	25.7	547270
1751	-391867200	25.8	547270
1751	-389188800	19.5	547270
1751	-386596800	15	547270
1751	-383918400	8.7	547270
1751	-381326400	0.7	547270
1751	-378648000	-3.7	547270
1751	-375969600	0.2	547270
1751	-373550400	6.6	547270
1751	-370872000	14.3	547270
1751	-368280000	20.3	547270
1751	-365601600	25.9	547270
1751	-363009600	28.4	547270
1751	-360331200	24.4	547270
1751	-357652800	21.4	547270
1751	-355060800	13.1	547270
1751	-352382400	6	547270
1751	-349790400	2.5	547270
1751	-347112000	-3.1	547270
1751	-344433600	1.5	547270
1751	-342014400	8.8	547270
1751	-339336000	14.3	547270
1751	-336744000	20.8	547270
1751	-334065600	25	547270
1751	-331473600	28.7	547270
1751	-328795200	27.8	547270
1751	-326116800	21.1	547270
1751	-323524800	16.3	547270
1751	-320846400	5.6	547270
1751	-318254400	-1.3	547270
1751	-315576000	-2.7	547270
1751	-312897600	3.5	547270
1751	-310392000	7.7	547270
1751	-307713600	14.1	547270
1751	-305121600	19.8	547270
1751	-302443200	26.9	547270
1751	-299851200	27	547270
1751	-297172800	25.4	547270
1751	-294494400	21.7	547270
1751	-291902400	14.2	547270
1751	-289224000	6.2	547270
1751	-286632000	-2.6	547270
1751	-283953600	-1.6	547270
1751	-281275200	3.5	547270
1751	-278856000	8.7	547270
1751	-276177600	16.7	547270
1751	-273585600	22	547270
1751	-270907200	26.3	547270
1751	-268315200	28.2	547270
1751	-265636800	26.1	547270
1751	-262958400	20.2	547270
1751	-260366400	14.4	547270
1751	-257688000	8.1	547270
1751	-255096000	0.1	547270
1751	-252417600	-3.2	547270
1751	-249739200	1.6	547270
1751	-247320000	5.8	547270
1751	-244641600	12.6	547270
1751	-242049600	21	547270
1751	-239371200	23.8	547270
1751	-236779200	27.3	547270
1751	-234100800	25.1	547270
1751	-231422400	20.9	547270
1751	-228830400	13.7	547270
1751	-226152000	5.8	547270
1751	-223560000	1.8	547270
1751	-220881600	-4.7	547270
1751	-218203200	-0.6	547270
1751	-215784000	7.3	547270
1751	-213105600	12.2	547270
1751	-210513600	17.6	547270
1751	-207835200	25.6	547270
1751	-205243200	26.2	547270
1751	-202564800	26.6	547270
1751	-199886400	20.8	547270
1751	-197294400	14.1	547270
1751	-194616000	7.7	547270
1751	-192024000	0.3	547270
1751	-189345600	-2.5	547270
1751	-186667200	-5.1	547270
1751	-184161600	6.5	547270
1751	-181483200	13	547270
1751	-178891200	19.8	547270
1751	-176212800	25.2	547270
1751	-173620800	26.6	547270
1751	-170942400	26.2	547270
1751	-168264000	20.4	547270
1751	-165672000	15.1	547270
1751	-162993600	7.1	547270
1751	-160401600	1	547270
1751	-157723200	-0.4	547270
1751	-155044800	2	547270
1751	-152625600	6.2	547270
1751	-149947200	11.6	547270
1751	-147355200	20.1	547270
1751	-144676800	25.5	547270
1751	-142084800	27.4	547270
1751	-139406400	25.2	547270
1751	-136728000	21.6	547270
1751	-134136000	16.2	547270
1751	-131457600	8	547270
1751	-128865600	-0.2	547270
1751	-126187200	-0.8	547270
1751	-123508800	3.2	547270
1751	-121089600	7.1	547270
1751	-118411200	13.5	547270
1751	-115819200	20.3	547270
1751	-113140800	25.4	547270
1751	-110548800	27.4	547270
1751	-107870400	27.5	547270
1751	-105192000	19.5	547270
1751	-102600000	15	547270
1751	-99921600	8.1	547270
1751	-97329600	-1.6	547270
1751	-94651200	-2.3	547270
1751	-91972800	-0.1	547270
1751	-89553600	7.8	547270
1751	-86875200	14.6	547270
1751	-84283200	22.7	547270
1751	-81604800	26.5	547270
1751	-79012800	27.7	547270
1751	-76334400	28.3	547270
1751	-73656000	19.6	547270
1751	-71064000	14.9	547270
1751	-68385600	5.7	547270
1751	-65793600	-4.3	547270
1751	-63115200	-2.5	547270
1751	-60436800	-2.9	547270
1751	-57931200	8.1	547270
1751	-55252800	15.1	547270
1751	-52660800	20.1	547270
1751	-49982400	27.4	547270
1751	-47390400	28.3	547270
1751	-44712000	25.7	547270
1751	-42033600	21.7	547270
1751	-39441600	13.3	547270
1751	-36763200	8.7	547270
1751	-34171200	3	547270
1751	-31492800	-4.1	547270
1751	-28814400	-3.8	547270
1751	-26395200	5	547270
1751	-23716800	13.3	547270
1751	-21124800	20.3	547270
1751	-18446400	25	547270
1751	-15854400	27.4	547270
1751	-13176000	26.4	547270
1751	-10497600	21.1	547270
1751	-7905600	15.3	547270
1751	-5227200	5.1	547270
1751	-2635200	-0.6	547270
1751	43200	-3.2	547270
1751	2721600	2.2	547270
1751	5140800	4.4	547270
1751	7819200	14.2	547270
1751	10411200	20	547270
1751	13089600	23.6	547270
1751	15681600	26	547270
1751	18360000	26.1	547270
1751	21038400	20.5	547270
1751	23630400	15.1	547270
1751	26308800	5.8	547270
1751	28900800	0.9	547270
1751	31579200	-2.2	547270
1751	34257600	-1	547270
1751	36676800	4.7	547270
1751	39355200	13.9	547270
1751	41947200	21.5	547270
1751	44625600	24.3	547270
1751	47217600	27.8	547270
1751	49896000	24.6	547270
1751	52574400	20.5	547270
1751	55166400	14	547270
1751	57844800	8.2	547270
1751	60436800	-1.5	547270
1751	63115200	-2.7	547270
1751	65793600	-3.2	547270
1751	68299200	7.2	547270
1751	70977600	14.3	547270
1751	73569600	19.3	547270
1751	76248000	27	547270
1751	78840000	26.3	547270
1751	81518400	24.7	547270
1751	84196800	19.4	547270
1751	86788800	14.6	547270
1751	89467200	7	547270
1751	92059200	1.1	547270
1751	94737600	-0.9	547270
1751	97416000	1.8	547270
1751	99835200	8.6	547270
1751	102513600	15.1	547270
1751	105105600	18.2	547270
1751	107784000	23.7	547270
1751	110376000	26	547270
1751	113054400	27	547270
1751	115732800	20.3	547270
1751	118324800	13.1	547270
1751	121003200	6.8	547270
1751	123595200	-0.5	547270
1751	126273600	-2	547270
1751	128952000	0	547270
1751	131371200	5.7	547270
1751	134049600	14	547270
1751	136641600	19.9	547270
1751	139320000	23.6	547270
1751	141912000	26.5	547270
1751	144590400	24.5	547270
1751	147268800	20.5	547270
1751	149860800	13.1	547270
1751	152539200	7.5	547270
1751	155131200	-1	547270
1751	157809600	-0.6	547270
1751	160488000	0.7	547270
1751	162907200	7.3	547270
1751	165585600	13.7	547270
1751	168177600	18.5	547270
1751	170856000	25.9	547270
1751	173448000	26.2	547270
1751	176126400	26.1	547270
1751	178804800	22.2	547270
1751	181396800	14.8	547270
1751	184075200	7.1	547270
1751	186667200	-0.9	547270
1751	189345600	-2	547270
1751	192024000	2	547270
1751	194529600	6.1	547270
1751	197208000	12	547270
1751	199800000	19	547270
1751	202478400	23.4	547270
1751	205070400	25.4	547270
1751	207748800	24	547270
1751	210427200	19.9	547270
1751	213019200	15	547270
1751	215697600	4.3	547270
1751	218289600	0.4	547270
1751	220968000	-5.4	547270
1751	223646400	0.2	547270
1751	226065600	9.1	547270
1751	228744000	15.6	547270
1751	231336000	19.1	547270
1751	234014400	25.8	547270
1751	236606400	27.8	547270
1751	239284800	25.1	547270
1751	241963200	21.6	547270
1751	244555200	16.9	547270
1751	247233600	5.9	547270
1751	249825600	2.6	547270
1751	252504000	-1	547270
1751	255182400	-0.4	547270
1751	257601600	6.1	547270
1751	260280000	15.1	547270
1751	262872000	20.2	547270
1751	265550400	26.1	547270
1751	268142400	26.7	547270
1751	270820800	26.2	547270
1751	273499200	21	547270
1751	276091200	14.3	547270
1751	278769600	7.1	547270
1751	281361600	1.3	547270
1751	284040000	-1	547270
1751	286718400	1.9	547270
1751	289137600	6.9	547270
1751	291816000	11.1	547270
1751	294408000	17.8	547270
1751	297086400	24.9	547270
1751	299678400	26.4	547270
1751	302356800	25.8	547270
1751	305035200	19.3	547270
1751	307627200	16.2	547270
1751	310305600	5.6	547270
1751	312897600	2	547270
1751	315576000	-2.7	547270
1751	318254400	-0.9	547270
1751	320760000	4.8	547270
1751	323438400	12	547270
1751	326030400	18.8	547270
1751	328708800	24.7	547270
1751	331300800	25.8	547270
1751	333979200	23.8	547270
1751	336657600	19.9	547270
1751	339249600	14.8	547270
1751	341928000	8.9	547270
1751	344520000	-1.5	547270
1751	347198400	-4.5	547270
1751	349876800	0.6	547270
1751	352296000	8.5	547270
1751	354974400	14.1	547270
1751	357566400	19.3	547270
1751	360244800	25.2	547270
1751	362836800	27.5	547270
1751	365515200	25.6	547270
1751	368193600	21.6	547270
1751	370785600	13.4	547270
1751	373464000	4.6	547270
1751	376056000	-0.5	547270
1751	378734400	-2	547270
1751	381412800	1.4	547270
1751	383832000	8.2	547270
1751	386510400	14.6	547270
1751	389102400	22	547270
1751	391780800	24	547270
1751	394372800	25.7	547270
1751	397051200	26	547270
1751	399729600	19.7	547270
1751	402321600	16.6	547270
1751	4.05e+08	6.8	547270
1751	407592000	-0.3	547270
1751	410270400	-1.2	547270
1751	412948800	-0.6	547270
1751	415368000	6.4	547270
1751	418046400	15	547270
1751	420638400	20.9	547270
1751	423316800	26.1	547270
1751	425908800	26.4	547270
1751	428587200	25.8	547270
1751	431265600	22.2	547270
1751	433857600	14.6	547270
1751	436536000	7.1	547270
1751	439128000	0.2	547270
1751	441806400	-4.4	547270
1751	444484800	-2.5	547270
1751	446990400	5.1	547270
1751	449668800	14	547270
1751	452260800	19.3	547270
1751	454939200	24.8	547270
1751	457531200	25.2	547270
1751	460209600	25.4	547270
1751	462888000	19.6	547270
1751	465480000	14.3	547270
1751	468158400	8.2	547270
1751	470750400	-2.8	547270
1751	473428800	-3.6	547270
1751	476107200	-0.4	547270
1751	478526400	4.1	547270
1751	481204800	14.3	547270
1751	483796800	18.4	547270
1751	486475200	26	547270
1751	489067200	26.6	547270
1751	491745600	26.1	547270
1751	494424000	18.8	547270
1751	497016000	15.4	547270
1751	499694400	5.2	547270
1751	502286400	-3.7	547270
1751	504964800	-2.6	547270
1751	507643200	-1.4	547270
1751	510062400	6.9	547270
1751	512740800	13.9	547270
1751	515332800	20	547270
1751	518011200	25.6	547270
1751	520603200	27.3	547270
1751	523281600	24	547270
1751	525960000	20.8	547270
1751	528552000	12.3	547270
1751	531230400	5.4	547270
1751	533822400	0	547270
1751	536500800	-1.1	547270
1751	539179200	1.6	547270
1751	541598400	5.6	547270
1751	544276800	14.2	547270
1751	546868800	19.6	547270
1751	549547200	24	547270
1751	552139200	27.2	547270
1751	554817600	25.5	547270
1751	557496000	21.6	547270
1751	560088000	16	547270
1751	562766400	6.2	547270
1751	565358400	0.5	547270
1751	568036800	-1.6	547270
1751	570715200	-0.8	547270
1751	573220800	4.6	547270
1751	575899200	13.6	547270
1751	578491200	19.5	547270
1751	581169600	26	547270
1751	583761600	26.4	547270
1751	586440000	25.1	547270
1751	589118400	21.2	547270
1751	591710400	14.9	547270
1751	594388800	6.3	547270
1751	596980800	0	547270
1751	599659200	-0.6	547270
1751	602337600	1.2	547270
1751	604756800	6.4	547270
1751	607435200	14.2	547270
1751	610027200	20	547270
1751	612705600	24.8	547270
1751	615297600	26.2	547270
1751	617976000	25.2	547270
1751	620654400	20.7	547270
1751	623246400	15.2	547270
1751	625924800	5.8	547270
1751	628516800	1.4	547270
1751	631195200	-3.3	547270
1751	633873600	1.3	547270
1751	636292800	7.4	547270
1751	638971200	13.6	547270
1751	641563200	19	547270
1751	644241600	25.2	547270
1751	646833600	27.2	547270
1751	649512000	25.7	547270
1751	652190400	21.6	547270
1751	654782400	15.6	547270
1751	657460800	8.8	547270
1751	660052800	0	547270
1751	662731200	-1.2	547270
1751	665409600	0.8	547270
1751	667828800	5.3	547270
1751	670507200	13.7	547270
1751	673099200	18.1	547270
1751	675777600	24.4	547270
1751	678369600	27.4	547270
1751	681048000	25.2	547270
1751	683726400	21.3	547270
1751	686318400	14	547270
1751	688996800	6.9	547270
1751	691588800	0.6	547270
1751	694267200	-1.1	547270
1751	696945600	1.8	547270
1751	699451200	5.5	547270
1751	702129600	14.7	547270
1751	704721600	19.1	547270
1751	707400000	23.9	547270
1751	709992000	27.7	547270
1751	712670400	25.1	547270
1751	715348800	20.3	547270
1751	717940800	12.7	547270
1751	720619200	5.9	547270
1751	723211200	1.1	547270
1751	725889600	-2.2	547270
1751	728568000	3	547270
1751	730987200	7.1	547270
1751	733665600	14	547270
1751	736257600	19.4	547270
1751	738936000	25.9	547270
1751	741528000	25	547270
1751	744206400	24.9	547270
1751	746884800	21.7	547270
1751	749476800	14.4	547270
1751	752155200	5.7	547270
1751	754747200	0.1	547270
1751	757425600	-0.2	547270
1751	760104000	1.2	547270
1751	762523200	5.7	547270
1751	765201600	16.5	547270
1751	767793600	21.3	547270
1751	770472000	26.9	547270
1751	773064000	28.8	547270
1751	775742400	26.5	547270
1751	778420800	20	547270
1751	781012800	14.1	547270
1751	783691200	8.4	547270
1751	786283200	1.4	547270
1751	788961600	-0.2	547270
1751	791640000	2.6	547270
1751	794059200	8	547270
1751	796737600	15.5	547270
1751	799329600	21.2	547270
1751	802008000	24.8	547270
1751	804600000	26.3	547270
1751	807278400	25.7	547270
1751	809956800	20.4	547270
1751	812548800	15.5	547270
1751	815227200	8.7	547270
1751	817819200	0.3	547270
1751	820497600	-1	547270
1751	823176000	0.9	547270
1751	825681600	6.5	547270
1751	828360000	14.2	547270
1751	830952000	21.4	547270
1751	833630400	25.1	547270
1751	836222400	26.2	547270
1751	838900800	24.8	547270
1751	841579200	21.6	547270
1751	844171200	15.1	547270
1751	846849600	5.9	547270
1751	849441600	2.9	547270
1751	852120000	-1.8	547270
1751	854798400	2.4	547270
1751	857217600	9.4	547270
1751	859896000	14.8	547270
1751	862488000	20.4	547270
1751	865166400	26	547270
1751	867758400	29.1	547270
1751	870436800	26.7	547270
1751	873115200	19.5	547270
1751	875707200	15.6	547270
1751	878385600	7	547270
1751	880977600	1.7	547270
1751	883656000	-1.4	547270
1751	886334400	3.3	547270
1751	888753600	8.6	547270
1751	891432000	16.7	547270
1751	894024000	19.9	547270
1751	896702400	25.3	547270
1751	899294400	27.8	547270
1751	901972800	25.8	547270
1751	904651200	24	547270
1751	907243200	17.6	547270
1751	909921600	9.8	547270
1751	912513600	2.8	547270
1751	915192000	0.8	547270
1751	917870400	4.1	547270
1751	920289600	8.1	547270
1751	922968000	16.5	547270
1751	925560000	21.4	547270
1751	928238400	25.9	547270
1751	930830400	26.5	547270
1751	933508800	25.6	547270
1751	936187200	23.4	547270
1751	938779200	15.2	547270
1751	941457600	8.1	547270
1751	944049600	2.3	547270
1751	946728000	-3.2	547270
1751	949406400	0.5	547270
1751	951912000	10	547270
1751	954590400	15.6	547270
1751	957182400	20.7	547270
1751	959860800	26.3	547270
1751	962452800	28.6	547270
1751	965131200	26.1	547270
1751	967809600	21.6	547270
1751	970401600	14.4	547270
1751	973080000	6	547270
1751	975672000	3	547270
1751	978350400	-1.6	547270
1751	981028800	1.5	547270
1751	983448000	9.3	547270
1751	986126400	14.8	547270
1751	988718400	23.7	547270
1751	991396800	26.6	547270
1751	993988800	27.2	547270
1751	996667200	25.1	547270
1751	999345600	21	547270
1751	1001937600	16.1	547270
1751	1004616000	8.1	547270
1751	1007208000	-0.6	547270
1751	1009886400	2	547270
1751	1012564800	6.5	547270
1751	1014984000	11.7	547270
1751	1017662400	15.8	547270
1751	1020254400	20.7	547270
1751	1022932800	26.1	547270
1751	1025524800	27.8	547270
1751	1028203200	26.4	547270
1751	1030881600	21.9	547270
1751	1033473600	14.5	547270
1751	1036152000	6.1	547270
1751	1038744000	-0.9	547270
1751	1041422400	-1.5	547270
1751	1044100800	2.9	547270
1751	1046520000	7.5	547270
1751	1049198400	15.2	547270
1751	1051790400	21.2	547270
1751	1054468800	25.7	547270
1751	1057060800	25.9	547270
1751	1059739200	25.2	547270
1751	1062417600	21.6	547270
1751	1065009600	15	547270
1751	1067688000	6.7	547270
1751	1070280000	1.2	547270
1751	1072958400	-0.3	547270
1751	1075636800	5.5	547270
1751	1078142400	9.9	547270
1751	1080820800	17.6	547270
1751	1083412800	20.2	547270
1751	1086091200	24.4	547270
1751	1088683200	26.3	547270
1751	1091361600	24.7	547270
1751	1094040000	22.1	547270
1751	1096632000	14.9	547270
1751	1099310400	8.7	547270
1751	1101902400	1.2	547270
1751	1104580800	-1.4	547270
1751	1107259200	-1.6	547270
1751	1109678400	6.5	547270
1751	1112356800	17.3	547270
1751	1114948800	21.1	547270
1751	1117627200	28	547270
1751	1120219200	27.7	547270
1751	1122897600	25.5	547270
1751	1125576000	21.3	547270
1751	1128168000	15.3	547270
1751	1130846400	10.4	547270
1751	1133438400	-0.8	547270
1751	1136116800	0	547270
1751	1138795200	1.7	547270
1751	1141214400	9.8	547270
1751	1143892800	15.7	547270
1751	1146484800	21.6	547270
1751	1149163200	27	547270
1751	1151755200	27.1	547270
1751	1154433600	26.3	547270
1751	1157112000	21.5	547270
1751	1159704000	19.5	547270
1751	1162382400	9.7	547270
1751	1164974400	1.4	547270
1751	1167652800	0.2	547270
1751	1170331200	6.7	547270
1751	1172750400	8.9	547270
1751	1175428800	15.5	547270
1751	1178020800	23	547270
1751	1180699200	26.2	547270
1751	1183291200	26.3	547270
1751	1185969600	25.6	547270
1751	1188648000	21.9	547270
1751	1191240000	14.8	547270
1751	1193918400	8.2	547270
1751	1196510400	2.5	547270
1751	1199188800	-2	547270
1751	1201867200	1.3	547270
1751	1204372800	10	547270
1751	1207051200	16.1	547270
1751	1209643200	21.8	547270
1751	1212321600	24.8	547270
1751	1214913600	26.1	547270
1751	1217592000	25.7	547270
1751	1220270400	21.6	547270
1751	1222862400	16.9	547270
1751	1225540800	8.4	547270
1751	1228132800	1.9	547270
1751	1230811200	-0.3	547270
1751	1233489600	4.8	547270
1751	1235908800	8.9	547270
1751	1238587200	16.3	547270
1751	1241179200	21.5	547270
1751	1243857600	27.2	547270
1751	1246449600	26.2	547270
1751	1249128000	25.3	547270
1751	1251806400	21	547270
1751	1254398400	17.8	547270
1751	1257076800	4	547270
1751	1259668800	0	547270
1751	1262347200	-1.8	547270
1751	1265025600	2.2	547270
1751	1267444800	5.4	547270
1751	1270123200	12	547270
1751	1272715200	21.6	547270
1751	1275393600	25.2	547270
1751	1277985600	28.3	547270
1751	1280664000	25.7	547270
1751	1283342400	21.6	547270
1751	1285934400	15.3	547270
1751	1288612800	9.4	547270
1751	1291204800	2.3	547270
1751	1293883200	-3.7	547270
1751	1296561600	1.9	547270
1751	1298980800	8.3	547270
1751	1301659200	15	547270
1751	1304251200	20.5	547270
1751	1306929600	26.6	547270
1751	1309521600	27.3	547270
1751	1312200000	25.2	547270
1751	1314878400	19.7	547270
1751	1317470400	15.5	547270
1751	1320148800	8.3	547270
1751	1322740800	-0.3	547270
1751	1325419200	-1.7	547270
1751	1328097600	0.3	547270
1751	1330603200	6.7	547270
1751	1333281600	16.8	547270
1751	1335873600	23	547270
1751	1338552000	26.3	547270
1751	1341144000	27.4	547270
1751	1343822400	24.8	547270
1751	1346500800	20.4	547270
1751	1349092800	16.4	547270
1751	1351771200	6.3	547270
1751	1354363200	-1.9	547270
1756	-410184000	-4.9	548080
1756	-407505600	-2.7	548080
1756	-405086400	5.5	548080
1756	-402408000	14.7	548080
1756	-399816000	21.4	548080
1756	-397137600	23.7	548080
1756	-394545600	25.9	548080
1756	-391867200	26.5	548080
1756	-389188800	20.3	548080
1756	-386596800	15.4	548080
1756	-383918400	9	548080
1756	-381326400	1.8	548080
1756	-378648000	-2.2	548080
1756	-375969600	1.8	548080
1756	-373550400	7.8	548080
1756	-370872000	14.6	548080
1756	-368280000	20.4	548080
1756	-365601600	26.7	548080
1756	-363009600	27.8	548080
1756	-360331200	24.4	548080
1756	-357652800	21.8	548080
1756	-355060800	13.4	548080
1756	-352382400	6.8	548080
1756	-349790400	2.8	548080
1756	-347112000	-1.7	548080
1756	-344433600	2.4	548080
1756	-342014400	8.6	548080
1756	-339336000	14.7	548080
1756	-336744000	20.4	548080
1756	-334065600	25.8	548080
1756	-331473600	29.4	548080
1756	-328795200	28	548080
1756	-326116800	21	548080
1756	-323524800	16.2	548080
1756	-320846400	5.7	548080
1756	-318254400	0.4	548080
1756	-315576000	-1.1	548080
1756	-312897600	4.6	548080
1756	-310392000	8.5	548080
1756	-307713600	15.1	548080
1756	-305121600	20.2	548080
1756	-302443200	27.4	548080
1756	-299851200	26.4	548080
1756	-297172800	25.8	548080
1756	-294494400	21.7	548080
1756	-291902400	14.3	548080
1756	-289224000	6.8	548080
1756	-286632000	-0.7	548080
1756	-283953600	-1.1	548080
1756	-281275200	3.9	548080
1756	-278856000	8.9	548080
1756	-276177600	16.6	548080
1756	-273585600	22.2	548080
1756	-270907200	26.1	548080
1756	-268315200	28.6	548080
1756	-265636800	26.6	548080
1756	-262958400	20.7	548080
1756	-260366400	14.7	548080
1756	-257688000	8.6	548080
1756	-255096000	1.3	548080
1756	-252417600	-1	548080
1756	-249739200	2.5	548080
1756	-247320000	6.9	548080
1756	-244641600	13	548080
1756	-242049600	21.6	548080
1756	-239371200	25.2	548080
1756	-236779200	27.9	548080
1756	-234100800	25.4	548080
1756	-231422400	21.3	548080
1756	-228830400	14.1	548080
1756	-226152000	6.1	548080
1756	-223560000	2.6	548080
1756	-220881600	-2.3	548080
1756	-218203200	0.7	548080
1756	-215784000	7.6	548080
1756	-213105600	12.3	548080
1756	-210513600	18	548080
1756	-207835200	25.8	548080
1756	-205243200	27	548080
1756	-202564800	26.1	548080
1756	-199886400	20.7	548080
1756	-197294400	14.4	548080
1756	-194616000	8	548080
1756	-192024000	1.1	548080
1756	-189345600	-1.7	548080
1756	-186667200	-4	548080
1756	-184161600	7.1	548080
1756	-181483200	12.7	548080
1756	-178891200	19.9	548080
1756	-176212800	25.8	548080
1756	-173620800	26.6	548080
1756	-170942400	26.1	548080
1756	-168264000	20.2	548080
1756	-165672000	15	548080
1756	-162993600	7.6	548080
1756	-160401600	1.9	548080
1756	-157723200	0.3	548080
1756	-155044800	2.8	548080
1756	-152625600	7	548080
1756	-149947200	12.4	548080
1756	-147355200	21.7	548080
1756	-144676800	26.1	548080
1756	-142084800	27.2	548080
1756	-139406400	26.2	548080
1756	-136728000	22.5	548080
1756	-134136000	16.7	548080
1756	-131457600	8.4	548080
1756	-128865600	0.5	548080
1756	-126187200	-0.4	548080
1756	-123508800	3.7	548080
1756	-121089600	7.3	548080
1756	-118411200	15.2	548080
1756	-115819200	21.2	548080
1756	-113140800	26.6	548080
1756	-110548800	28.1	548080
1756	-107870400	28.2	548080
1756	-105192000	20.2	548080
1756	-102600000	14.8	548080
1756	-99921600	7.6	548080
1756	-97329600	-1.5	548080
1756	-94651200	-1.8	548080
1756	-91972800	0.6	548080
1756	-89553600	8.2	548080
1756	-86875200	15.3	548080
1756	-84283200	24.2	548080
1756	-81604800	27.6	548080
1756	-79012800	27.6	548080
1756	-76334400	28	548080
1756	-73656000	19.9	548080
1756	-71064000	15	548080
1756	-68385600	5.4	548080
1756	-65793600	-2.9	548080
1756	-63115200	-1.9	548080
1756	-60436800	-1.4	548080
1756	-57931200	8.3	548080
1756	-55252800	15.6	548080
1756	-52660800	21.3	548080
1756	-49982400	27.5	548080
1756	-47390400	28	548080
1756	-44712000	25.9	548080
1756	-42033600	21.6	548080
1756	-39441600	13.2	548080
1756	-36763200	8.2	548080
1756	-34171200	2.8	548080
1756	-31492800	-3.7	548080
1756	-28814400	-3	548080
1756	-26395200	5.2	548080
1756	-23716800	13.9	548080
1756	-21124800	20.9	548080
1756	-18446400	26	548080
1756	-15854400	27.3	548080
1756	-13176000	26.8	548080
1756	-10497600	20.5	548080
1756	-7905600	15.4	548080
1756	-5227200	5.7	548080
1756	-2635200	-0.6	548080
1756	43200	-2.3	548080
1756	2721600	2.3	548080
1756	5140800	5.2	548080
1756	7819200	14.7	548080
1756	10411200	20.9	548080
1756	13089600	25	548080
1756	15681600	26.9	548080
1756	18360000	25.7	548080
1756	21038400	20.7	548080
1756	23630400	15.4	548080
1756	26308800	6.1	548080
1756	28900800	0.7	548080
1756	31579200	-1.5	548080
1756	34257600	-0.1	548080
1756	36676800	5.6	548080
1756	39355200	14.3	548080
1756	41947200	22.2	548080
1756	44625600	24.4	548080
1756	47217600	28.4	548080
1756	49896000	24.9	548080
1756	52574400	21.2	548080
1756	55166400	14.4	548080
1756	57844800	8.3	548080
1756	60436800	-1.7	548080
1756	63115200	-4.4	548080
1756	65793600	-2.5	548080
1756	68299200	7.4	548080
1756	70977600	15	548080
1756	73569600	20	548080
1756	76248000	26.7	548080
1756	78840000	26.3	548080
1756	81518400	25.1	548080
1756	84196800	20.2	548080
1756	86788800	14.9	548080
1756	89467200	7.3	548080
1756	92059200	1.3	548080
1756	94737600	-0.4	548080
1756	97416000	2.6	548080
1756	99835200	9.1	548080
1756	102513600	15.7	548080
1756	105105600	19.7	548080
1756	107784000	24.7	548080
1756	110376000	25.7	548080
1756	113054400	27.1	548080
1756	115732800	20.5	548080
1756	118324800	13.4	548080
1756	121003200	7.5	548080
1756	123595200	0.5	548080
1756	126273600	-1.6	548080
1756	128952000	0.9	548080
1756	131371200	6.7	548080
1756	134049600	15.8	548080
1756	136641600	21.3	548080
1756	139320000	25	548080
1756	141912000	27.6	548080
1756	144590400	25.2	548080
1756	147268800	21.1	548080
1756	149860800	13.4	548080
1756	152539200	7.5	548080
1756	155131200	-0.1	548080
1756	157809600	-0.7	548080
1756	160488000	1.9	548080
1756	162907200	8.5	548080
1756	165585600	14.6	548080
1756	168177600	20.1	548080
1756	170856000	26.3	548080
1756	173448000	26.3	548080
1756	176126400	26.8	548080
1756	178804800	22.5	548080
1756	181396800	15	548080
1756	184075200	7.4	548080
1756	186667200	-0.3	548080
1756	189345600	-1.1	548080
1756	192024000	2.2	548080
1756	194529600	6.8	548080
1756	197208000	13.2	548080
1756	199800000	20.4	548080
1756	202478400	24.8	548080
1756	205070400	25.9	548080
1756	207748800	24.2	548080
1756	210427200	21.1	548080
1756	213019200	15.1	548080
1756	215697600	4.8	548080
1756	218289600	0.9	548080
1756	220968000	-3.8	548080
1756	223646400	1.2	548080
1756	226065600	9.8	548080
1756	228744000	15.8	548080
1756	231336000	18.9	548080
1756	234014400	26	548080
1756	236606400	27.8	548080
1756	239284800	25.4	548080
1756	241963200	21.4	548080
1756	244555200	16.7	548080
1756	247233600	7.1	548080
1756	249825600	2.7	548080
1756	252504000	0	548080
1756	255182400	1	548080
1756	257601600	7.2	548080
1756	260280000	16.3	548080
1756	262872000	21.7	548080
1756	265550400	26.8	548080
1756	268142400	27.1	548080
1756	270820800	26.9	548080
1756	273499200	21	548080
1756	276091200	14.7	548080
1756	278769600	7.6	548080
1756	281361600	1	548080
1756	284040000	-0.2	548080
1756	286718400	3.4	548080
1756	289137600	7.8	548080
1756	291816000	12.4	548080
1756	294408000	19.5	548080
1756	297086400	26	548080
1756	299678400	26.2	548080
1756	302356800	25.8	548080
1756	305035200	19.7	548080
1756	307627200	16.4	548080
1756	310305600	6.2	548080
1756	312897600	2.2	548080
1756	315576000	-1.3	548080
1756	318254400	0.6	548080
1756	320760000	6.1	548080
1756	323438400	13.5	548080
1756	326030400	20.4	548080
1756	328708800	25.6	548080
1756	331300800	26.2	548080
1756	333979200	24.7	548080
1756	336657600	20.7	548080
1756	339249600	15.1	548080
1756	341928000	9.5	548080
1756	344520000	-0.1	548080
1756	347198400	-3	548080
1756	349876800	1.8	548080
1756	352296000	9.6	548080
1756	354974400	16.2	548080
1756	357566400	21.6	548080
1756	360244800	25.6	548080
1756	362836800	28	548080
1756	365515200	26	548080
1756	368193600	21.2	548080
1756	370785600	13.4	548080
1756	373464000	5.5	548080
1756	376056000	0.4	548080
1756	378734400	-1.4	548080
1756	381412800	1.4	548080
1756	383832000	9	548080
1756	386510400	15	548080
1756	389102400	22.2	548080
1756	391780800	24.8	548080
1756	394372800	25.6	548080
1756	397051200	25.8	548080
1756	399729600	19.6	548080
1756	402321600	16.5	548080
1756	4.05e+08	7.4	548080
1756	407592000	0.5	548080
1756	410270400	-0.9	548080
1756	412948800	0.9	548080
1756	415368000	7.5	548080
1756	418046400	15.4	548080
1756	420638400	21.2	548080
1756	423316800	25.7	548080
1756	425908800	26.6	548080
1756	428587200	26	548080
1756	431265600	22.1	548080
1756	433857600	14.3	548080
1756	436536000	7.7	548080
1756	439128000	1.3	548080
1756	441806400	-2.4	548080
1756	444484800	-1	548080
1756	446990400	6.3	548080
1756	449668800	14	548080
1756	452260800	19.5	548080
1756	454939200	24.9	548080
1756	457531200	25.1	548080
1756	460209600	25.6	548080
1756	462888000	20	548080
1756	465480000	14.6	548080
1756	468158400	8.2	548080
1756	470750400	-2.1	548080
1756	473428800	-2	548080
1756	476107200	0.5	548080
1756	478526400	5.2	548080
1756	481204800	14.7	548080
1756	483796800	19	548080
1756	486475200	26.5	548080
1756	489067200	27.6	548080
1756	491745600	25.9	548080
1756	494424000	19	548080
1756	497016000	15.1	548080
1756	499694400	6.7	548080
1756	502286400	-1.5	548080
1756	504964800	-0.8	548080
1756	507643200	0.1	548080
1756	510062400	7.9	548080
1756	512740800	14.6	548080
1756	515332800	20.9	548080
1756	518011200	26.1	548080
1756	520603200	27.5	548080
1756	523281600	24.6	548080
1756	525960000	20.7	548080
1756	528552000	13.2	548080
1756	531230400	6.1	548080
1756	533822400	0	548080
1756	536500800	-0.4	548080
1756	539179200	2.8	548080
1756	541598400	6.2	548080
1756	544276800	14	548080
1756	546868800	19.9	548080
1756	549547200	23.7	548080
1756	552139200	27.4	548080
1756	554817600	26.2	548080
1756	557496000	21.7	548080
1756	560088000	15.9	548080
1756	562766400	6.2	548080
1756	565358400	1.4	548080
1756	568036800	0	548080
1756	570715200	0.8	548080
1756	573220800	5.9	548080
1756	575899200	14.3	548080
1756	578491200	19.7	548080
1756	581169600	26	548080
1756	583761600	26	548080
1756	586440000	25	548080
1756	589118400	21.3	548080
1756	591710400	15.3	548080
1756	594388800	7.3	548080
1756	596980800	0.9	548080
1756	599659200	-0.4	548080
1756	602337600	2.1	548080
1756	604756800	7.4	548080
1756	607435200	15	548080
1756	610027200	19.8	548080
1756	612705600	24.9	548080
1756	615297600	26.1	548080
1756	617976000	24.9	548080
1756	620654400	20.9	548080
1756	623246400	15.6	548080
1756	625924800	6.4	548080
1756	628516800	1.8	548080
1756	631195200	-2.2	548080
1756	633873600	1.3	548080
1756	636292800	7.7	548080
1756	638971200	13.8	548080
1756	641563200	19	548080
1756	644241600	25.1	548080
1756	646833600	27.8	548080
1756	649512000	26	548080
1756	652190400	21.8	548080
1756	654782400	16.1	548080
1756	657460800	8.9	548080
1756	660052800	1	548080
1756	662731200	0.4	548080
1756	665409600	2.6	548080
1756	667828800	5.5	548080
1756	670507200	13.6	548080
1756	673099200	18.4	548080
1756	675777600	25	548080
1756	678369600	27.6	548080
1756	681048000	25.5	548080
1756	683726400	21.8	548080
1756	686318400	14.7	548080
1756	688996800	7.2	548080
1756	691588800	0.3	548080
1756	694267200	-0.4	548080
1756	696945600	3.2	548080
1756	699451200	6.3	548080
1756	702129600	15.2	548080
1756	704721600	19.5	548080
1756	707400000	24.5	548080
1756	709992000	28	548080
1756	712670400	25.5	548080
1756	715348800	20.2	548080
1756	717940800	12.9	548080
1756	720619200	6.1	548080
1756	723211200	0.7	548080
1756	725889600	-2.3	548080
1756	728568000	4.2	548080
1756	730987200	7.9	548080
1756	733665600	14.2	548080
1756	736257600	18.8	548080
1756	738936000	25.7	548080
1756	741528000	25.4	548080
1756	744206400	24.9	548080
1756	746884800	21.4	548080
1756	749476800	14.7	548080
1756	752155200	4.2	548080
1756	754747200	0.7	548080
1756	757425600	0.5	548080
1756	760104000	2.4	548080
1756	762523200	6.7	548080
1756	765201600	16.2	548080
1756	767793600	20.7	548080
1756	770472000	26.1	548080
1756	773064000	28.3	548080
1756	775742400	26.5	548080
1756	778420800	20.8	548080
1756	781012800	14.5	548080
1756	783691200	8.1	548080
1756	786283200	1.8	548080
1756	788961600	0.2	548080
1756	791640000	2.9	548080
1756	794059200	7.8	548080
1756	796737600	13.5	548080
1756	799329600	19.5	548080
1756	802008000	25.4	548080
1756	804600000	26.4	548080
1756	807278400	25.8	548080
1756	809956800	20.1	548080
1756	812548800	15.8	548080
1756	815227200	7.9	548080
1756	817819200	0.5	548080
1756	820497600	-0.7	548080
1756	823176000	1.3	548080
1756	825681600	6.4	548080
1756	828360000	13.1	548080
1756	830952000	19.6	548080
1756	833630400	25.4	548080
1756	836222400	26.9	548080
1756	838900800	25.3	548080
1756	841579200	21.2	548080
1756	844171200	15.1	548080
1756	846849600	5.9	548080
1756	849441600	2.2	548080
1756	852120000	-1.4	548080
1756	854798400	3.1	548080
1756	857217600	9.4	548080
1756	859896000	14.1	548080
1756	862488000	19.7	548080
1756	865166400	25.6	548080
1756	867758400	28.8	548080
1756	870436800	26.9	548080
1756	873115200	19.4	548080
1756	875707200	15.1	548080
1756	878385600	6.3	548080
1756	880977600	0.9	548080
1756	883656000	-1.8	548080
1756	886334400	3.5	548080
1756	888753600	8.4	548080
1756	891432000	15.9	548080
1756	894024000	18.8	548080
1756	896702400	25.3	548080
1756	899294400	28.1	548080
1756	901972800	25.9	548080
1756	904651200	23.2	548080
1756	907243200	17.1	548080
1756	909921600	8.7	548080
1756	912513600	1.9	548080
1756	915192000	0.4	548080
1756	917870400	4.2	548080
1756	920289600	7.5	548080
1756	922968000	15.1	548080
1756	925560000	20	548080
1756	928238400	25.3	548080
1756	930830400	26.8	548080
1756	933508800	25.6	548080
1756	936187200	22.6	548080
1756	938779200	15.1	548080
1756	941457600	8.1	548080
1756	944049600	1.6	548080
1756	946728000	-4.7	548080
1756	949406400	1.1	548080
1756	951912000	9.7	548080
1756	954590400	14.8	548080
1756	957182400	20	548080
1756	959860800	26	548080
1756	962452800	27.6	548080
1756	965131200	25.7	548080
1756	967809600	21.3	548080
1756	970401600	14.2	548080
1756	973080000	6	548080
1756	975672000	2.7	548080
1756	978350400	-3.1	548080
1756	981028800	1.5	548080
1756	983448000	9.2	548080
1756	986126400	13.8	548080
1756	988718400	21.6	548080
1756	991396800	26.6	548080
1756	993988800	27.2	548080
1756	996667200	25.5	548080
1756	999345600	21	548080
1756	1001937600	15.8	548080
1756	1004616000	7.3	548080
1756	1007208000	-0.7	548080
1756	1009886400	1.9	548080
1756	1012564800	6.1	548080
1756	1014984000	10.8	548080
1756	1017662400	14.7	548080
1756	1020254400	19.3	548080
1756	1022932800	25.9	548080
1756	1025524800	27.7	548080
1756	1028203200	26.2	548080
1756	1030881600	20.4	548080
1756	1033473600	14.1	548080
1756	1036152000	5.4	548080
1756	1038744000	-0.6	548080
1756	1041422400	-1.7	548080
1756	1044100800	3	548080
1756	1046520000	7.8	548080
1756	1049198400	14.2	548080
1756	1051790400	20.4	548080
1756	1054468800	25.4	548080
1756	1057060800	26.1	548080
1756	1059739200	24.9	548080
1756	1062417600	21	548080
1756	1065009600	14.2	548080
1756	1067688000	6.3	548080
1756	1070280000	0.9	548080
1756	1072958400	-0.1	548080
1756	1075636800	5.2	548080
1756	1078142400	10	548080
1756	1080820800	16.3	548080
1756	1083412800	19.8	548080
1756	1086091200	24.3	548080
1756	1088683200	26.6	548080
1756	1091361600	25	548080
1756	1094040000	22	548080
1756	1096632000	14.8	548080
1756	1099310400	7.7	548080
1756	1101902400	0.5	548080
1756	1104580800	-1.6	548080
1756	1107259200	-1	548080
1756	1109678400	6.8	548080
1756	1112356800	16.4	548080
1756	1114948800	19.7	548080
1756	1117627200	27.4	548080
1756	1120219200	27.4	548080
1756	1122897600	25.6	548080
1756	1125576000	21.4	548080
1756	1128168000	15	548080
1756	1130846400	9.5	548080
1756	1133438400	-1	548080
1756	1136116800	-0.5	548080
1756	1138795200	2	548080
1756	1141214400	9.7	548080
1756	1143892800	15.3	548080
1756	1146484800	20.3	548080
1756	1149163200	26.9	548080
1756	1151755200	27.9	548080
1756	1154433600	26.4	548080
1756	1157112000	21.9	548080
1756	1159704000	19	548080
1756	1162382400	9.2	548080
1756	1164974400	0.9	548080
1756	1167652800	-0.3	548080
1756	1170331200	6.5	548080
1756	1172750400	8.7	548080
1756	1175428800	15.2	548080
1756	1178020800	22	548080
1756	1180699200	26	548080
1756	1183291200	26.5	548080
1756	1185969600	26.2	548080
1756	1188648000	22.2	548080
1756	1191240000	15	548080
1756	1193918400	8.2	548080
1756	1196510400	2.4	548080
1756	1199188800	-1.7	548080
1756	1201867200	1.3	548080
1756	1204372800	10.2	548080
1756	1207051200	15.4	548080
1756	1209643200	21.4	548080
1756	1212321600	24.3	548080
1756	1214913600	26.5	548080
1756	1217592000	26.1	548080
1756	1220270400	21.6	548080
1756	1222862400	16.7	548080
1756	1225540800	8.6	548080
1756	1228132800	1.5	548080
1756	1230811200	-0.6	548080
1756	1233489600	5.1	548080
1756	1235908800	9.2	548080
1756	1238587200	16	548080
1756	1241179200	20.9	548080
1756	1243857600	27.4	548080
1756	1246449600	26.9	548080
1756	1249128000	25.8	548080
1756	1251806400	21.2	548080
1756	1254398400	18	548080
1756	1257076800	3.6	548080
1756	1259668800	0.8	548080
1756	1262347200	-0.9	548080
1756	1265025600	2.3	548080
1756	1267444800	6.9	548080
1756	1270123200	12.4	548080
1756	1272715200	21.2	548080
1756	1275393600	26.2	548080
1756	1277985600	28.5	548080
1756	1280664000	25.8	548080
1756	1283342400	21.6	548080
1756	1285934400	15.2	548080
1756	1288612800	9.2	548080
1756	1291204800	2.5	548080
1756	1293883200	-3.3	548080
1756	1296561600	2.1	548080
1756	1298980800	8.6	548080
1756	1301659200	15.1	548080
1756	1304251200	20.1	548080
1756	1306929600	26.9	548080
1756	1309521600	28.3	548080
1756	1312200000	25.5	548080
1756	1314878400	19.6	548080
1756	1317470400	15.8	548080
1756	1320148800	8.9	548080
1756	1322740800	0.4	548080
1756	1325419200	-1.1	548080
1756	1328097600	1.2	548080
1756	1330603200	7.6	548080
1756	1333281600	16.6	548080
1756	1335873600	22.5	548080
1756	1338552000	26.6	548080
1756	1341144000	28.5	548080
1756	1343822400	25.6	548080
1756	1346500800	21.1	548080
1756	1349092800	16.8	548080
1756	1351771200	7.1	548080
1756	1354363200	-1.2	548080
1757	-662644800	-1.1	548230
1757	-659966400	3	548230
1757	-657547200	7.9	548230
1757	-654868800	14.9	548230
1757	-652276800	22.7	548230
1757	-649598400	27.4	548230
1757	-647006400	26.6	548230
1757	-644328000	25.8	548230
1757	-641649600	21.1	548230
1757	-639057600	15.3	548230
1757	-636379200	8.1	548230
1757	-633787200	0.4	548230
1757	-631108800	-0.4	548230
1757	-628430400	1	548230
1757	-626011200	9.2	548230
1757	-623332800	15.5	548230
1757	-620740800	21.2	548230
1757	-618062400	24.9	548230
1757	-615470400	27.5	548230
1757	-612792000	26.4	548230
1757	-610113600	20.8	548230
1757	-607521600	14.7	548230
1757	-604843200	6.1	548230
1757	-602251200	0.4	548230
1757	-599572800	-4.4	548230
1757	-596894400	-1.5	548230
1757	-594475200	6	548230
1757	-591796800	12.9	548230
1757	-589204800	20.8	548230
1757	-586526400	26.1	548230
1757	-583934400	26.3	548230
1757	-581256000	26.6	548230
1757	-578577600	19.3	548230
1757	-575985600	16.4	548230
1757	-573307200	6.7	548230
1757	-570715200	2.3	548230
1757	-568036800	-0.7	548230
1757	-565358400	-1.9	548230
1757	-562852800	5.4	548230
1757	-560174400	15.5	548230
1757	-557582400	20.9	548230
1757	-554904000	25.9	548230
1757	-552312000	28.3	548230
1757	-549633600	25.3	548230
1757	-546955200	22.1	548230
1757	-544363200	14.2	548230
1757	-541684800	6.5	548230
1757	-539092800	-2.2	548230
1757	-536414400	-2.6	548230
1757	-533736000	-0.4	548230
1757	-531316800	7.6	548230
1757	-528638400	14.6	548230
1757	-526046400	20.4	548230
1757	-523368000	26.6	548230
1757	-520776000	27.7	548230
1757	-518097600	25	548230
1757	-515419200	21.6	548230
1757	-512827200	16.9	548230
1757	-510148800	7.1	548230
1757	-507556800	0.9	548230
1757	-504878400	-0.6	548230
1757	-502200000	1.1	548230
1757	-499780800	6.4	548230
1757	-497102400	14.5	548230
1757	-494510400	20.1	548230
1757	-491832000	23.8	548230
1757	-489240000	25.8	548230
1757	-486561600	25	548230
1757	-483883200	20.6	548230
1757	-481291200	14.3	548230
1757	-478612800	9.4	548230
1757	-476020800	-4.3	548230
1757	-473342400	-3.2	548230
1757	-470664000	2.7	548230
1757	-468244800	4.7	548230
1757	-465566400	13.9	548230
1757	-462974400	22.7	548230
1757	-460296000	28.8	548230
1757	-457704000	27.7	548230
1757	-455025600	26.9	548230
1757	-452347200	21.8	548230
1757	-449755200	13.1	548230
1757	-447076800	7.2	548230
1757	-444484800	3	548230
1757	-441806400	-2.9	548230
1757	-439128000	-0.6	548230
1757	-436622400	4.2	548230
1757	-433944000	15.6	548230
1757	-431352000	19.6	548230
1757	-428673600	23.7	548230
1757	-426081600	28.4	548230
1757	-423403200	25.6	548230
1757	-420724800	22.2	548230
1757	-418132800	14.8	548230
1757	-415454400	5	548230
1757	-412862400	-2.3	548230
1757	-410184000	-4.8	548230
1757	-407505600	-3.6	548230
1757	-405086400	4.3	548230
1757	-402408000	14.4	548230
1757	-399816000	21.9	548230
1757	-397137600	22.8	548230
1757	-394545600	25.5	548230
1757	-391867200	26.8	548230
1757	-389188800	20.6	548230
1757	-386596800	16.1	548230
1757	-383918400	9.6	548230
1757	-381326400	1.9	548230
1757	-378648000	-2.7	548230
1757	-375969600	1.7	548230
1757	-373550400	7.5	548230
1757	-370872000	14.8	548230
1757	-368280000	20.6	548230
1757	-365601600	26.6	548230
1757	-363009600	28.5	548230
1757	-360331200	24.2	548230
1757	-357652800	22	548230
1757	-355060800	13.6	548230
1757	-352382400	6.7	548230
1757	-349790400	3.5	548230
1757	-347112000	-1.8	548230
1757	-344433600	2	548230
1757	-342014400	9	548230
1757	-339336000	14.7	548230
1757	-336744000	20.7	548230
1757	-334065600	25.4	548230
1757	-331473600	28.5	548230
1757	-328795200	27.9	548230
1757	-326116800	21.2	548230
1757	-323524800	17.3	548230
1757	-320846400	5.8	548230
1757	-318254400	0	548230
1757	-315576000	-1.8	548230
1757	-312897600	5.1	548230
1757	-310392000	8.5	548230
1757	-307713600	15.6	548230
1757	-305121600	20.4	548230
1757	-302443200	27.6	548230
1757	-299851200	26.5	548230
1757	-297172800	25.5	548230
1757	-294494400	22.6	548230
1757	-291902400	14.8	548230
1757	-289224000	6.9	548230
1757	-286632000	-1.1	548230
1757	-283953600	-0.8	548230
1757	-281275200	4	548230
1757	-278856000	9.1	548230
1757	-276177600	16.8	548230
1757	-273585600	22.3	548230
1757	-270907200	26.4	548230
1757	-268315200	27.9	548230
1757	-265636800	25.8	548230
1757	-262958400	20	548230
1757	-260366400	14	548230
1757	-257688000	7.9	548230
1757	-255096000	0	548230
1757	-252417600	-2	548230
1757	-249739200	1.9	548230
1757	-247320000	7	548230
1757	-244641600	13.1	548230
1757	-242049600	22.5	548230
1757	-239371200	24.8	548230
1757	-236779200	27.9	548230
1757	-234100800	24.9	548230
1757	-231422400	21	548230
1757	-228830400	13.9	548230
1757	-226152000	5.8	548230
1757	-223560000	2.8	548230
1757	-220881600	-2.9	548230
1757	-218203200	0.9	548230
1757	-215784000	8.1	548230
1757	-213105600	12.4	548230
1757	-210513600	17.9	548230
1757	-207835200	26.5	548230
1757	-205243200	26.3	548230
1757	-202564800	26.6	548230
1757	-199886400	20.7	548230
1757	-197294400	15.1	548230
1757	-194616000	8.3	548230
1757	-192024000	1.2	548230
1757	-189345600	-2.7	548230
1757	-186667200	-5.1	548230
1757	-184161600	6.8	548230
1757	-181483200	12.3	548230
1757	-178891200	20.9	548230
1757	-176212800	25.8	548230
1757	-173620800	26.3	548230
1757	-170942400	25.8	548230
1757	-168264000	19.6	548230
1757	-165672000	14.5	548230
1757	-162993600	7.5	548230
1757	-160401600	1.1	548230
1757	-157723200	-0.4	548230
1757	-155044800	2.2	548230
1757	-152625600	7.1	548230
1757	-149947200	12.1	548230
1757	-147355200	22	548230
1757	-144676800	26.3	548230
1757	-142084800	27.2	548230
1757	-139406400	24.9	548230
1757	-136728000	22.6	548230
1757	-134136000	16.6	548230
1757	-131457600	8.3	548230
1757	-128865600	0.5	548230
1757	-126187200	-0.2	548230
1757	-123508800	3.7	548230
1757	-121089600	6.9	548230
1757	-118411200	14.3	548230
1757	-115819200	21.6	548230
1757	-113140800	25.8	548230
1757	-110548800	27.4	548230
1757	-107870400	27.7	548230
1757	-105192000	19.7	548230
1757	-102600000	15.2	548230
1757	-99921600	8.8	548230
1757	-97329600	-1.5	548230
1757	-94651200	-1.5	548230
1757	-91972800	0	548230
1757	-89553600	8.1	548230
1757	-86875200	15.2	548230
1757	-84283200	24.5	548230
1757	-81604800	26.9	548230
1757	-79012800	27.4	548230
1757	-76334400	27.9	548230
1757	-73656000	19.6	548230
1757	-71064000	15.4	548230
1757	-68385600	5.5	548230
1757	-65793600	-3.7	548230
1757	-63115200	-2	548230
1757	-60436800	-2	548230
1757	-57931200	8.4	548230
1757	-55252800	15.7	548230
1757	-52660800	21.5	548230
1757	-49982400	28.1	548230
1757	-47390400	28.6	548230
1757	-44712000	25.9	548230
1757	-42033600	22.1	548230
1757	-39441600	13.4	548230
1757	-36763200	8.3	548230
1757	-34171200	2.5	548230
1757	-31492800	-4	548230
1757	-28814400	-3.9	548230
1757	-26395200	4.9	548230
1757	-23716800	13.1	548230
1757	-21124800	20.6	548230
1757	-18446400	25.2	548230
1757	-15854400	27	548230
1757	-13176000	26.8	548230
1757	-10497600	20.7	548230
1757	-7905600	15.6	548230
1757	-5227200	6.2	548230
1757	-2635200	-0.2	548230
1757	43200	-2.4	548230
1757	2721600	2.2	548230
1757	5140800	4.6	548230
1757	7819200	14.5	548230
1757	10411200	20.5	548230
1757	13089600	24.3	548230
1757	15681600	25.8	548230
1757	18360000	25.6	548230
1757	21038400	20.5	548230
1757	23630400	15.3	548230
1757	26308800	6.4	548230
1757	28900800	1.1	548230
1757	31579200	-1.5	548230
1757	34257600	-0.6	548230
1757	36676800	4.7	548230
1757	39355200	14.5	548230
1757	41947200	22.5	548230
1757	44625600	23.9	548230
1757	47217600	27.7	548230
1757	49896000	24.1	548230
1757	52574400	20.5	548230
1757	55166400	14.7	548230
1757	57844800	9	548230
1757	60436800	-1.3	548230
1757	63115200	-2.5	548230
1757	65793600	-2.8	548230
1757	68299200	7.6	548230
1757	70977600	15.7	548230
1757	73569600	20.2	548230
1757	76248000	27.5	548230
1757	78840000	26	548230
1757	81518400	24.5	548230
1757	84196800	19.7	548230
1757	86788800	14.6	548230
1757	89467200	7.2	548230
1757	92059200	2.1	548230
1757	94737600	-0.9	548230
1757	97416000	2	548230
1757	99835200	9.4	548230
1757	102513600	16.4	548230
1757	105105600	20.1	548230
1757	107784000	24.6	548230
1757	110376000	25.8	548230
1757	113054400	27.4	548230
1757	115732800	20.5	548230
1757	118324800	13.5	548230
1757	121003200	8.3	548230
1757	123595200	1	548230
1757	126273600	-1.4	548230
1757	128952000	0.9	548230
1757	131371200	6.5	548230
1757	134049600	15.4	548230
1757	136641600	21.9	548230
1757	139320000	25.1	548230
1757	141912000	27.2	548230
1757	144590400	24.7	548230
1757	147268800	21.5	548230
1757	149860800	13.5	548230
1757	152539200	7.7	548230
1757	155131200	-0.4	548230
1757	157809600	-0.2	548230
1757	160488000	1.6	548230
1757	162907200	8.7	548230
1757	165585600	14.9	548230
1757	168177600	20.6	548230
1757	170856000	26.7	548230
1757	173448000	26.3	548230
1757	176126400	26.7	548230
1757	178804800	22.3	548230
1757	181396800	14.7	548230
1757	184075200	7.8	548230
1757	186667200	-0.4	548230
1757	189345600	-0.8	548230
1757	192024000	2.2	548230
1757	194529600	7	548230
1757	197208000	12.9	548230
1757	199800000	20.8	548230
1757	202478400	24.5	548230
1757	205070400	25.9	548230
1757	207748800	24	548230
1757	210427200	20.5	548230
1757	213019200	14.8	548230
1757	215697600	4.8	548230
1757	218289600	0.8	548230
1757	220968000	-4.4	548230
1757	223646400	1.9	548230
1757	226065600	10.2	548230
1757	228744000	16.3	548230
1757	231336000	19.2	548230
1757	234014400	26.7	548230
1757	236606400	27.7	548230
1757	239284800	25.4	548230
1757	241963200	21.5	548230
1757	244555200	17.4	548230
1757	247233600	7.1	548230
1757	249825600	3.3	548230
1757	252504000	0.2	548230
1757	255182400	0.4	548230
1757	257601600	7.3	548230
1757	260280000	16.6	548230
1757	262872000	21.9	548230
1757	265550400	26.7	548230
1757	268142400	26.6	548230
1757	270820800	26.2	548230
1757	273499200	21.2	548230
1757	276091200	14.5	548230
1757	278769600	7.8	548230
1757	281361600	1.7	548230
1757	284040000	0	548230
1757	286718400	2.9	548230
1757	289137600	8	548230
1757	291816000	12	548230
1757	294408000	20.4	548230
1757	297086400	25.8	548230
1757	299678400	26.4	548230
1757	302356800	26.2	548230
1757	305035200	19.8	548230
1757	307627200	17.2	548230
1757	310305600	6.6	548230
1757	312897600	2.4	548230
1757	315576000	-1.6	548230
1757	318254400	0.7	548230
1757	320760000	6.1	548230
1757	323438400	13.3	548230
1757	326030400	20.7	548230
1757	328708800	25.7	548230
1757	331300800	26.6	548230
1757	333979200	24.3	548230
1757	336657600	20.7	548230
1757	339249600	14.9	548230
1757	341928000	10.4	548230
1757	344520000	0	548230
1757	347198400	-3	548230
1757	349876800	1.7	548230
1757	352296000	9.7	548230
1757	354974400	16.6	548230
1757	357566400	21.8	548230
1757	360244800	25.9	548230
1757	362836800	27.9	548230
1757	365515200	25.9	548230
1757	368193600	22.3	548230
1757	370785600	13.9	548230
1757	373464000	5.6	548230
1757	376056000	0.8	548230
1757	378734400	-1.3	548230
1757	381412800	2.4	548230
1757	383832000	9.1	548230
1757	386510400	15.8	548230
1757	389102400	23.4	548230
1757	391780800	24.9	548230
1757	394372800	26.5	548230
1757	397051200	26.1	548230
1757	399729600	20.5	548230
1757	402321600	17.3	548230
1757	4.05e+08	7.8	548230
1757	407592000	1.3	548230
1757	410270400	0	548230
1757	412948800	0.6	548230
1757	415368000	7.6	548230
1757	418046400	16.1	548230
1757	420638400	21.9	548230
1757	423316800	27	548230
1757	425908800	27.4	548230
1757	428587200	26.3	548230
1757	431265600	22.6	548230
1757	433857600	14.7	548230
1757	436536000	8.8	548230
1757	439128000	2.1	548230
1757	441806400	-2.2	548230
1757	444484800	-0.8	548230
1757	446990400	6.2	548230
1757	449668800	14.9	548230
1757	452260800	20.2	548230
1757	454939200	25	548230
1757	457531200	25.9	548230
1757	460209600	26.1	548230
1757	462888000	20.2	548230
1757	465480000	15.6	548230
1757	468158400	8.7	548230
1757	470750400	-1.4	548230
1757	473428800	-1.8	548230
1757	476107200	0.6	548230
1757	478526400	5.3	548230
1757	481204800	15.8	548230
1757	483796800	19.1	548230
1757	486475200	26.5	548230
1757	489067200	27.3	548230
1757	491745600	26.7	548230
1757	494424000	18.7	548230
1757	497016000	15.8	548230
1757	499694400	6.8	548230
1757	502286400	-1.3	548230
1757	504964800	-0.4	548230
1757	507643200	0.5	548230
1757	510062400	8.6	548230
1757	512740800	15.7	548230
1757	515332800	22.2	548230
1757	518011200	26.5	548230
1757	520603200	27.9	548230
1757	523281600	25	548230
1757	525960000	21.8	548230
1757	528552000	13.5	548230
1757	531230400	6.7	548230
1757	533822400	0.4	548230
1757	536500800	-0.4	548230
1757	539179200	2.6	548230
1757	541598400	6.5	548230
1757	544276800	15.3	548230
1757	546868800	21	548230
1757	549547200	24.5	548230
1757	552139200	28	548230
1757	554817600	26.4	548230
1757	557496000	22.2	548230
1757	560088000	16.4	548230
1757	562766400	7.3	548230
1757	565358400	2.6	548230
1757	568036800	0	548230
1757	570715200	0.9	548230
1757	573220800	6.1	548230
1757	575899200	15.8	548230
1757	578491200	20.6	548230
1757	581169600	27	548230
1757	583761600	26	548230
1757	586440000	25.5	548230
1757	589118400	21.9	548230
1757	591710400	15.8	548230
1757	594388800	8.9	548230
1757	596980800	1.7	548230
1757	599659200	0	548230
1757	602337600	2.8	548230
1757	604756800	8.2	548230
1757	607435200	16.4	548230
1757	610027200	22	548230
1757	612705600	25.8	548230
1757	615297600	27.2	548230
1757	617976000	26.2	548230
1757	620654400	21.5	548230
1757	623246400	16.4	548230
1757	625924800	6.7	548230
1757	628516800	2.4	548230
1757	631195200	-2.5	548230
1757	633873600	1.6	548230
1757	636292800	8.5	548230
1757	638971200	14.6	548230
1757	641563200	20.3	548230
1757	644241600	26	548230
1757	646833600	27.6	548230
1757	649512000	26.5	548230
1757	652190400	22.2	548230
1757	654782400	17.1	548230
1757	657460800	9.8	548230
1757	660052800	2.1	548230
1757	662731200	0.2	548230
1757	665409600	2.3	548230
1757	667828800	5.7	548230
1757	670507200	15	548230
1757	673099200	19.6	548230
1757	675777600	25.4	548230
1757	678369600	27.9	548230
1757	681048000	25.8	548230
1757	683726400	22.3	548230
1757	686318400	15.4	548230
1757	688996800	8.8	548230
1757	691588800	1	548230
1757	694267200	0.2	548230
1757	696945600	4	548230
1757	699451200	6.8	548230
1757	702129600	16.2	548230
1757	704721600	20.9	548230
1757	707400000	25	548230
1757	709992000	28.6	548230
1757	712670400	25.8	548230
1757	715348800	20.9	548230
1757	717940800	13.5	548230
1757	720619200	7.1	548230
1757	723211200	2	548230
1757	725889600	-1.2	548230
1757	728568000	4.3	548230
1757	730987200	8.5	548230
1757	733665600	15.5	548230
1757	736257600	20.2	548230
1757	738936000	26	548230
1757	741528000	24.8	548230
1757	744206400	25.1	548230
1757	746884800	22.2	548230
1757	749476800	15.3	548230
1757	752155200	5.6	548230
1757	754747200	1.4	548230
1757	757425600	1.1	548230
1757	760104000	2.6	548230
1757	762523200	7.2	548230
1757	765201600	17.6	548230
1757	767793600	22.5	548230
1757	770472000	27.6	548230
1757	773064000	29.2	548230
1757	775742400	27.3	548230
1757	778420800	21.7	548230
1757	781012800	15.2	548230
1757	783691200	8.7	548230
1757	786283200	1.3	548230
1757	788961600	0.8	548230
1757	791640000	3.4	548230
1757	794059200	8.6	548230
1757	796737600	15.3	548230
1757	799329600	21	548230
1757	802008000	25.4	548230
1757	804600000	26.7	548230
1757	807278400	25.9	548230
1757	809956800	20.5	548230
1757	812548800	15.8	548230
1757	815227200	9.8	548230
1757	817819200	1.3	548230
1757	820497600	-0.4	548230
1757	823176000	2	548230
1757	825681600	6.9	548230
1757	828360000	14.2	548230
1757	830952000	21.8	548230
1757	833630400	25.7	548230
1757	836222400	26.4	548230
1757	838900800	25.1	548230
1757	841579200	21.9	548230
1757	844171200	15.1	548230
1757	846849600	6.3	548230
1757	849441600	3.5	548230
1757	852120000	-0.6	548230
1757	854798400	3.3	548230
1757	857217600	9.5	548230
1757	859896000	15.1	548230
1757	862488000	20.9	548230
1757	865166400	27.1	548230
1757	867758400	30.2	548230
1757	870436800	27.8	548230
1757	873115200	20.2	548230
1757	875707200	16.1	548230
1757	878385600	6.8	548230
1757	880977600	1.7	548230
1757	883656000	-1	548230
1757	886334400	3.9	548230
1757	888753600	8.9	548230
1757	891432000	17.1	548230
1757	894024000	19.9	548230
1757	896702400	25.9	548230
1757	899294400	28	548230
1757	901972800	26.4	548230
1757	904651200	24.9	548230
1757	907243200	17.9	548230
1757	909921600	10	548230
1757	912513600	3	548230
1757	915192000	2.1	548230
1757	917870400	5.2	548230
1757	920289600	8.4	548230
1757	922968000	17	548230
1757	925560000	21.9	548230
1757	928238400	26.1	548230
1757	930830400	26.6	548230
1757	933508800	25.8	548230
1757	936187200	23.7	548230
1757	938779200	15.7	548230
1757	941457600	9	548230
1757	944049600	3.3	548230
1757	946728000	-2.7	548230
1757	949406400	1.3	548230
1757	951912000	10.9	548230
1757	954590400	16.6	548230
1757	957182400	21.8	548230
1757	959860800	26.7	548230
1757	962452800	28.7	548230
1757	965131200	26.7	548230
1757	967809600	22.6	548230
1757	970401600	14.9	548230
1757	973080000	6.7	548230
1757	975672000	3.9	548230
1757	978350400	-1	548230
1757	981028800	2.2	548230
1757	983448000	9.9	548230
1757	986126400	15.7	548230
1757	988718400	24.8	548230
1757	991396800	27.2	548230
1757	993988800	27.5	548230
1757	996667200	26	548230
1757	999345600	21.3	548230
1757	1001937600	16.6	548230
1757	1004616000	8.9	548230
1757	1007208000	0	548230
1757	1009886400	2.9	548230
1757	1012564800	7.3	548230
1757	1014984000	12.2	548230
1757	1017662400	16.1	548230
1757	1020254400	20.8	548230
1757	1022932800	26.3	548230
1757	1025524800	28.8	548230
1757	1028203200	27	548230
1757	1030881600	22.1	548230
1757	1033473600	15	548230
1757	1036152000	7	548230
1757	1038744000	-0.1	548230
1757	1041422400	-0.5	548230
1757	1044100800	3.7	548230
1757	1046520000	8.2	548230
1757	1049198400	15.5	548230
1757	1051790400	21.6	548230
1757	1054468800	25.9	548230
1757	1057060800	26	548230
1757	1059739200	25.3	548230
1757	1062417600	22	548230
1757	1065009600	15.2	548230
1757	1067688000	7.2	548230
1757	1070280000	1.8	548230
1757	1072958400	0.4	548230
1757	1075636800	6.1	548230
1757	1078142400	10.7	548230
1757	1080820800	18.4	548230
1757	1083412800	21.1	548230
1757	1086091200	24.7	548230
1757	1088683200	26.8	548230
1757	1091361600	25.4	548230
1757	1094040000	22.6	548230
1757	1096632000	15.7	548230
1757	1099310400	9.5	548230
1757	1101902400	1.9	548230
1757	1104580800	-0.6	548230
1757	1107259200	-1	548230
1757	1109678400	7.5	548230
1757	1112356800	18	548230
1757	1114948800	21.8	548230
1757	1117627200	28.9	548230
1757	1120219200	27.9	548230
1757	1122897600	25.9	548230
1757	1125576000	22	548230
1757	1128168000	16	548230
1757	1130846400	11.4	548230
1757	1133438400	-0.1	548230
1757	1136116800	0.4	548230
1757	1138795200	2.7	548230
1757	1141214400	10.7	548230
1757	1143892800	16.8	548230
1757	1146484800	22.2	548230
1757	1149163200	27.1	548230
1757	1151755200	27.7	548230
1757	1154433600	26.8	548230
1757	1157112000	22	548230
1757	1159704000	20.1	548230
1757	1162382400	10.2	548230
1757	1164974400	2.2	548230
1757	1167652800	0.8	548230
1757	1170331200	7.5	548230
1757	1172750400	9.3	548230
1757	1175428800	16.4	548230
1757	1178020800	23.8	548230
1757	1180699200	26.6	548230
1757	1183291200	26.9	548230
1757	1185969600	26.1	548230
1757	1188648000	22.4	548230
1757	1191240000	15.1	548230
1757	1193918400	8.9	548230
1757	1196510400	2.7	548230
1757	1199188800	-1.4	548230
1757	1201867200	1.7	548230
1757	1204372800	10.7	548230
1757	1207051200	16.7	548230
1757	1209643200	22.5	548230
1757	1212321600	25.4	548230
1757	1214913600	26.5	548230
1757	1217592000	26.2	548230
1757	1220270400	22.2	548230
1757	1222862400	17.7	548230
1757	1225540800	9.4	548230
1757	1228132800	2.9	548230
1757	1230811200	0.4	548230
1757	1233489600	5.6	548230
1757	1235908800	9.6	548230
1757	1238587200	17.1	548230
1757	1241179200	22.2	548230
1757	1243857600	28.1	548230
1757	1246449600	26.9	548230
1757	1249128000	25.7	548230
1757	1251806400	21.6	548230
1757	1254398400	19.3	548230
1757	1257076800	5.2	548230
1757	1259668800	1.2	548230
1757	1262347200	-0.4	548230
1757	1265025600	3.1	548230
1757	1267444800	6.6	548230
1757	1270123200	13.1	548230
1757	1272715200	22.7	548230
1757	1275393600	26.1	548230
1757	1277985600	28.6	548230
1757	1280664000	25.9	548230
1757	1283342400	21.9	548230
1757	1285934400	15.9	548230
1757	1288612800	10.6	548230
1757	1291204800	3.5	548230
1757	1293883200	-2.7	548230
1757	1296561600	3	548230
1757	1298980800	9.1	548230
1757	1301659200	15.7	548230
1757	1304251200	21.1	548230
1757	1306929600	27.3	548230
1757	1309521600	27.9	548230
1757	1312200000	25.5	548230
1757	1314878400	20.1	548230
1757	1317470400	16.5	548230
1757	1320148800	9.4	548230
1757	1322740800	1	548230
1757	1325419200	-0.4	548230
1757	1328097600	1.4	548230
1757	1330603200	7.7	548230
1757	1333281600	17.9	548230
1757	1335873600	23.9	548230
1757	1338552000	27.4	548230
1757	1341144000	28.4	548230
1757	1343822400	25.2	548230
1757	1346500800	21.3	548230
1757	1349092800	17.8	548230
1757	1351771200	7.5	548230
1757	1354363200	-0.9	548230
1757	1357041600	-1.6	548230
1757	1359720000	1.9	548230
1757	1362139200	9.3	548230
1757	1364817600	14.2	548230
1757	1367409600	22.1	548230
1757	1370088000	25.7	548230
1757	1372680000	27.6	548230
1757	1375358400	28.6	548230
1757	1378036800	22.7	548230
1757	1380628800	16.4	548230
1757	1383307200	8.2	548230
1757	1385899200	1.8	548230
1757	1388577600	2.9	548230
1757	1391256000	1.9	548230
1757	1393675200	12.4	548230
1757	1396353600	17.2	548230
1757	1398945600	24.1	548230
1757	1401624000	25	548230
1757	1404216000	27.3	548230
1757	1406894400	25.3	548230
1757	1409572800	21.1	548230
1757	1412164800	17.7	548230
1757	1414843200	9.2	548230
1757	1417435200	1.5	548230
1757	1420113600	2	548230
1757	1422792000	3.7	548230
1757	1425211200	10.8	548230
1757	1427889600	14.9	548230
1757	1430481600	21.7	548230
1758	-504878400	-8.6	548260
1758	-502200000	-6.2	548260
1758	-499780800	-3	548260
1758	-497102400	5.7	548260
1758	-494510400	10.3	548260
1758	-491832000	13.8	548260
1758	-489240000	15.9	548260
1758	-486561600	16.7	548260
1758	-483883200	12.2	548260
1758	-481291200	5.5	548260
1758	-478612800	2.6	548260
1758	-476020800	-10.6	548260
1758	-473342400	-11.1	548260
1758	-470664000	-4.7	548260
1758	-468244800	-2.9	548260
1758	-465566400	6.3	548260
1758	-462974400	12.5	548260
1758	-460296000	17.3	548260
1758	-457704000	18.5	548260
1758	-455025600	17.5	548260
1758	-452347200	13.7	548260
1758	-449755200	4.3	548260
1758	-447076800	-1.3	548260
1758	-444484800	-3.3	548260
1758	-441806400	-10.3	548260
1758	-439128000	-9.3	548260
1758	-436622400	-4	548260
1758	-433944000	5.9	548260
1758	-431352000	9.4	548260
1758	-428673600	14.2	548260
1758	-426081600	18.3	548260
1758	-423403200	15.7	548260
1758	-420724800	13.6	548260
1758	-418132800	5.7	548260
1758	-415454400	-3.1	548260
1758	-412862400	-8.8	548260
1758	-410184000	-9.4	548260
1758	-407505600	-11	548260
1758	-405086400	-3.2	548260
1758	-402408000	4.9	548260
1758	-399816000	11.1	548260
1758	-397137600	13.8	548260
1758	-394545600	17	548260
1758	-391867200	17.3	548260
1758	-389188800	11.4	548260
1758	-386596800	6.8	548260
1758	-383918400	2.2	548260
1758	-381326400	-5.6	548260
1758	-378648000	-10.9	548260
1758	-375969600	-5.8	548260
1758	-373550400	-0.8	548260
1758	-370872000	5.6	548260
1758	-368280000	10.4	548260
1758	-365601600	16.1	548260
1758	-363009600	18.6	548260
1758	-360331200	15.7	548260
1758	-357652800	13	548260
1758	-355060800	4.6	548260
1758	-352382400	-1.1	548260
1758	-349790400	-3.5	548260
1758	-347112000	-10.3	548260
1758	-344433600	-5.9	548260
1758	-342014400	-0.4	548260
1758	-339336000	4.9	548260
1758	-336744000	10.9	548260
1758	-334065600	15.2	548260
1758	-331473600	19.1	548260
1758	-328795200	18.7	548260
1758	-326116800	12.3	548260
1758	-323524800	8.2	548260
1758	-320846400	-1.8	548260
1758	-318254400	-6	548260
1758	-315576000	-8.2	548260
1758	-312897600	-2.9	548260
1758	-310392000	0.6	548260
1758	-307713600	5.5	548260
1758	-305121600	10	548260
1758	-302443200	17	548260
1758	-299851200	17	548260
1758	-297172800	16.5	548260
1758	-294494400	13.6	548260
1758	-291902400	6.7	548260
1758	-289224000	-0.4	548260
1758	-286632000	-8.4	548260
1758	-283953600	-9	548260
1758	-281275200	-4.5	548260
1758	-278856000	-0.2	548260
1758	-276177600	6.8	548260
1758	-273585600	11.6	548260
1758	-270907200	16.1	548260
1758	-268315200	19.4	548260
1758	-265636800	18	548260
1758	-262958400	12.3	548260
1758	-260366400	7.4	548260
1758	-257688000	1.2	548260
1758	-255096000	-6.3	548260
1758	-252417600	-9.8	548260
1758	-249739200	-4.9	548260
1758	-247320000	-2.3	548260
1758	-244641600	3.4	548260
1758	-242049600	12.3	548260
1758	-239371200	14.9	548260
1758	-236779200	18.7	548260
1758	-234100800	16.8	548260
1758	-231422400	12.2	548260
1758	-228830400	6.2	548260
1758	-226152000	-1.9	548260
1758	-223560000	-3.8	548260
1758	-220881600	-11.6	548260
1758	-218203200	-7.3	548260
1758	-215784000	-0.4	548260
1758	-213105600	4.3	548260
1758	-210513600	10.8	548260
1758	-207835200	16.4	548260
1758	-205243200	17.5	548260
1758	-202564800	17.4	548260
1758	-199886400	12.7	548260
1758	-197294400	6.7	548260
1758	-194616000	0.2	548260
1758	-192024000	-5.9	548260
1758	-189345600	-7.7	548260
1758	-186667200	-11.5	548260
1758	-184161600	-1.3	548260
1758	-181483200	7.9	548260
1758	-178891200	11.1	548260
1758	-176212800	15.8	548260
1758	-173620800	18.2	548260
1758	-170942400	17.2	548260
1758	-168264000	12.2	548260
1758	-165672000	6.3	548260
1758	-162993600	0.7	548260
1758	-160401600	-6	548260
1758	-157723200	-8	548260
1758	-155044800	-6.2	548260
1758	-152625600	-2.2	548260
1758	-149947200	3.8	548260
1758	-147355200	12.3	548260
1758	-144676800	16.3	548260
1758	-142084800	17.4	548260
1758	-139406400	16.7	548260
1758	-136728000	13.2	548260
1758	-134136000	8.4	548260
1758	-131457600	0.2	548260
1758	-128865600	-6.9	548260
1758	-126187200	-7.2	548260
1758	-123508800	-3.8	548260
1758	-121089600	-0.7	548260
1758	-118411200	5	548260
1758	-115819200	11.8	548260
1758	-113140800	15.9	548260
1758	-110548800	18.4	548260
1758	-107870400	18.7	548260
1758	-105192000	12	548260
1758	-102600000	7.5	548260
1758	-99921600	-0.5	548260
1758	-97329600	-8.6	548260
1758	-94651200	-9.1	548260
1758	-91972800	-8.7	548260
1758	-89553600	-1.1	548260
1758	-86875200	5.4	548260
1758	-84283200	14.2	548260
1758	-81604800	16.8	548260
1758	-79012800	18.2	548260
1758	-76334400	19.9	548260
1758	-73656000	11.4	548260
1758	-71064000	7.5	548260
1758	-68385600	-2.6	548260
1758	-65793600	-12.1	548260
1758	-63115200	-8.7	548260
1758	-60436800	-11	548260
1758	-57931200	-0.3	548260
1758	-55252800	5.3	548260
1758	-52660800	11.7	548260
1758	-49982400	16.9	548260
1758	-47390400	18.1	548260
1758	-44712000	16.7	548260
1758	-42033600	12.1	548260
1758	-39441600	4.8	548260
1758	-36763200	2	548260
1758	-34171200	-3.6	548260
1758	-31492800	-10.6	548260
1758	-28814400	-9.8	548260
1758	-26395200	-3.4	548260
1758	-23716800	5.3	548260
1758	-21124800	11.6	548260
1758	-18446400	14.6	548260
1758	-15854400	16.9	548260
1758	-13176000	17.2	548260
1758	-10497600	13.1	548260
1758	-7905600	7.5	548260
1758	-5227200	-2.5	548260
1758	-2635200	-7.7	548260
1758	43200	-9.4	548260
1758	2721600	-4.7	548260
1758	5140800	-5.2	548260
1758	7819200	5.2	548260
1758	10411200	12	548260
1758	13089600	14.4	548260
1758	15681600	17	548260
1758	18360000	17.4	548260
1758	21038400	12.3	548260
1758	23630400	7.6	548260
1758	26308800	-0.4	548260
1758	28900800	-5.1	548260
1758	31579200	-8.8	548260
1758	34257600	-8.6	548260
1758	36676800	-3.3	548260
1758	39355200	5.4	548260
1758	41947200	12.3	548260
1758	44625600	15	548260
1758	47217600	18.7	548260
1758	49896000	16.4	548260
1758	52574400	12.3	548260
1758	55166400	7	548260
1758	57844800	0.6	548260
1758	60436800	-7.2	548260
1758	63115200	-7	548260
1758	65793600	-10.1	548260
1758	68299200	-1.2	548260
1758	70977600	6	548260
1758	73569600	10.8	548260
1758	76248000	17.3	548260
1758	78840000	17	548260
1758	81518400	16.7	548260
1758	84196800	12	548260
1758	86788800	6.7	548260
1758	89467200	-0.6	548260
1758	92059200	-5.6	548260
1758	94737600	-7	548260
1758	97416000	-5.5	548260
1758	99835200	-0.2	548260
1758	102513600	7.3	548260
1758	105105600	9.8	548260
1758	107784000	14.5	548260
1758	110376000	17.3	548260
1758	113054400	18.2	548260
1758	115732800	11.6	548260
1758	118324800	5.1	548260
1758	121003200	0.1	548260
1758	123595200	-6.8	548260
1758	126273600	-7	548260
1758	128952000	-7.9	548260
1758	131371200	-2.6	548260
1758	134049600	6	548260
1758	136641600	11.9	548260
1758	139320000	14.7	548260
1758	141912000	17.3	548260
1758	144590400	16.1	548260
1758	147268800	12.6	548260
1758	149860800	5.9	548260
1758	152539200	0.5	548260
1758	155131200	-8.1	548260
1758	157809600	-7.6	548260
1758	160488000	-6.1	548260
1758	162907200	-1	548260
1758	165585600	5.5	548260
1758	168177600	10.7	548260
1758	170856000	16.4	548260
1758	173448000	17.1	548260
1758	176126400	17.7	548260
1758	178804800	13.9	548260
1758	181396800	7.3	548260
1758	184075200	-0.1	548260
1758	186667200	-7.4	548260
1758	189345600	-8.6	548260
1758	192024000	-4.6	548260
1758	194529600	-3.1	548260
1758	197208000	3.5	548260
1758	199800000	11.1	548260
1758	202478400	14.4	548260
1758	205070400	16.2	548260
1758	207748800	16.1	548260
1758	210427200	12.1	548260
1758	213019200	7	548260
1758	215697600	-4.1	548260
1758	218289600	-6.4	548260
1758	220968000	-12.6	548260
1758	223646400	-7	548260
1758	226065600	0.4	548260
1758	228744000	7.5	548260
1758	231336000	10.2	548260
1758	234014400	16.1	548260
1758	236606400	18	548260
1758	239284800	16	548260
1758	241963200	13.5	548260
1758	244555200	9.3	548260
1758	247233600	-1.5	548260
1758	249825600	-3.2	548260
1758	252504000	-8.3	548260
1758	255182400	-7.4	548260
1758	257601600	-1.9	548260
1758	260280000	7.6	548260
1758	262872000	12.1	548260
1758	265550400	16.3	548260
1758	268142400	17.6	548260
1758	270820800	18.5	548260
1758	273499200	13.5	548260
1758	276091200	6.8	548260
1758	278769600	0.4	548260
1758	281361600	-4.9	548260
1758	284040000	-6.2	548260
1758	286718400	-4.5	548260
1758	289137600	-1.1	548260
1758	291816000	3.3	548260
1758	294408000	10.6	548260
1758	297086400	15.8	548260
1758	299678400	17.4	548260
1758	302356800	17.3	548260
1758	305035200	11.2	548260
1758	307627200	9.5	548260
1758	310305600	-2.2	548260
1758	312897600	-3.7	548260
1758	315576000	-9.2	548260
1758	318254400	-8.7	548260
1758	320760000	-3.2	548260
1758	323438400	3.3	548260
1758	326030400	10.8	548260
1758	328708800	15.8	548260
1758	331300800	16.9	548260
1758	333979200	15.3	548260
1758	336657600	12	548260
1758	339249600	6.5	548260
1758	341928000	2.5	548260
1758	344520000	-8.1	548260
1758	347198400	-9.3	548260
1758	349876800	-6.7	548260
1758	352296000	1.2	548260
1758	354974400	6.7	548260
1758	357566400	11.4	548260
1758	360244800	15.9	548260
1758	362836800	18.6	548260
1758	365515200	17.1	548260
1758	368193600	12.6	548260
1758	370785600	4.7	548260
1758	373464000	-2.8	548260
1758	376056000	-5.9	548260
1758	378734400	-8.2	548260
1758	381412800	-5.8	548260
1758	383832000	-0.5	548260
1758	386510400	5.5	548260
1758	389102400	13.4	548260
1758	391780800	15	548260
1758	394372800	16.3	548260
1758	397051200	16.9	548260
1758	399729600	12	548260
1758	402321600	8.6	548260
1758	4.05e+08	-0.4	548260
1758	407592000	-7.1	548260
1758	410270400	-7.5	548260
1758	412948800	-8	548260
1758	415368000	-2	548260
1758	418046400	5.9	548260
1758	420638400	12.5	548260
1758	423316800	15.9	548260
1758	425908800	17.7	548260
1758	428587200	17.1	548260
1758	431265600	14.1	548260
1758	433857600	6.5	548260
1758	436536000	0.6	548260
1758	439128000	-5.9	548260
1758	441806400	-10.4	548260
1758	444484800	-9.8	548260
1758	446990400	-3	548260
1758	449668800	5.1	548260
1758	452260800	10.8	548260
1758	454939200	15	548260
1758	457531200	17.4	548260
1758	460209600	17.1	548260
1758	462888000	11	548260
1758	465480000	6.8	548260
1758	468158400	1	548260
1758	470750400	-8.7	548260
1758	473428800	-9.4	548260
1758	476107200	-7.4	548260
1758	478526400	-3.7	548260
1758	481204800	6.1	548260
1758	483796800	11.2	548260
1758	486475200	16.3	548260
1758	489067200	18	548260
1758	491745600	17.6	548260
1758	494424000	11.1	548260
1758	497016000	7.6	548260
1758	499694400	-2	548260
1758	502286400	-8.6	548260
1758	504964800	-8.2	548260
1758	507643200	-8.6	548260
1758	510062400	-0.5	548260
1758	512740800	5.1	548260
1758	515332800	12.7	548260
1758	518011200	16.4	548260
1758	520603200	17.1	548260
1758	523281600	16.1	548260
1758	525960000	13	548260
1758	528552000	4.9	548260
1758	531230400	-1.5	548260
1758	533822400	-5	548260
1758	536500800	-6.7	548260
1758	539179200	-5.2	548260
1758	541598400	-2.6	548260
1758	544276800	5.7	548260
1758	546868800	11.9	548260
1758	549547200	14.4	548260
1758	552139200	18.1	548260
1758	554817600	17.3	548260
1758	557496000	12.9	548260
1758	560088000	8.1	548260
1758	562766400	-0.4	548260
1758	565358400	-4.9	548260
1758	568036800	-8.3	548260
1758	570715200	-7.7	548260
1758	573220800	-3.8	548260
1758	575899200	5.6	548260
1758	578491200	11.4	548260
1758	581169600	16.2	548260
1758	583761600	18.3	548260
1758	586440000	16.6	548260
1758	589118400	12.9	548260
1758	591710400	7.4	548260
1758	594388800	0.4	548260
1758	596980800	-5.7	548260
1758	599659200	-7.4	548260
1758	602337600	-6.7	548260
1758	604756800	-2.5	548260
1758	607435200	7.2	548260
1758	610027200	11.7	548260
1758	612705600	15.5	548260
1758	615297600	16.8	548260
1758	617976000	16.7	548260
1758	620654400	13	548260
1758	623246400	7.5	548260
1758	625924800	-1.6	548260
1758	628516800	-3.8	548260
1758	631195200	-9.6	548260
1758	633873600	-6	548260
1758	636292800	0.2	548260
1758	638971200	4.2	548260
1758	641563200	10.6	548260
1758	644241600	15.5	548260
1758	646833600	18.1	548260
1758	649512000	17.7	548260
1758	652190400	13.4	548260
1758	654782400	8.2	548260
1758	657460800	3.5	548260
1758	660052800	-5	548260
1758	662731200	-7.2	548260
1758	665409600	-6.6	548260
1758	667828800	-2.2	548260
1758	670507200	4.9	548260
1758	673099200	10.3	548260
1758	675777600	14.8	548260
1758	678369600	17.9	548260
1758	681048000	17.1	548260
1758	683726400	13.3	548260
1758	686318400	7	548260
1758	688996800	0.3	548260
1758	691588800	-5.8	548260
1758	694267200	-6.4	548260
1758	696945600	-5.3	548260
1758	699451200	-1.9	548260
1758	702129600	6.5	548260
1758	704721600	12.2	548260
1758	707400000	15	548260
1758	709992000	18.2	548260
1758	712670400	16.4	548260
1758	715348800	12.2	548260
1758	717940800	5	548260
1758	720619200	-0.8	548260
1758	723211200	-4.5	548260
1758	725889600	-9.4	548260
1758	728568000	-4.4	548260
1758	730987200	-1.4	548260
1758	733665600	5.3	548260
1758	736257600	10.5	548260
1758	738936000	15.9	548260
1758	741528000	15.7	548260
1758	744206400	16.3	548260
1758	746884800	13.4	548260
1758	749476800	7	548260
1758	752155200	0	548260
1758	754747200	-7.2	548260
1758	757425600	-6.8	548260
1758	760104000	-6	548260
1758	762523200	-2.1	548260
1758	765201600	7.5	548260
1758	767793600	13	548260
1758	770472000	16.8	548260
1758	773064000	19.1	548260
1758	775742400	17.6	548260
1758	778420800	12.4	548260
1758	781012800	6.8	548260
1758	783691200	3.1	548260
1758	786283200	-5	548260
1758	788961600	-7.7	548260
1758	791640000	-5.2	548260
1758	794059200	-0.8	548260
1758	796737600	5	548260
1758	799329600	10.9	548260
1758	802008000	15.1	548260
1758	804600000	17.6	548260
1758	807278400	17.4	548260
1758	809956800	12.4	548260
1758	812548800	7.6	548260
1758	815227200	1	548260
1758	817819200	-6.1	548260
1758	820497600	-7.5	548260
1758	823176000	-7.5	548260
1758	825681600	-2.7	548260
1758	828360000	4.1	548260
1758	830952000	11.7	548260
1758	833630400	15.6	548260
1758	836222400	17.2	548260
1758	838900800	16.8	548260
1758	841579200	13.9	548260
1758	844171200	7.2	548260
1758	846849600	-1.5	548260
1758	849441600	-3.1	548260
1758	852120000	-7.9	548260
1758	854798400	-4.9	548260
1758	857217600	0.7	548260
1758	859896000	6.2	548260
1758	862488000	12.1	548260
1758	865166400	17	548260
1758	867758400	19.2	548260
1758	870436800	18.3	548260
1758	873115200	10.9	548260
1758	875707200	8.3	548260
1758	878385600	0.9	548260
1758	880977600	-4.4	548260
1758	883656000	-8.7	548260
1758	886334400	-4.1	548260
1758	888753600	-0.3	548260
1758	891432000	8.1	548260
1758	894024000	10.2	548260
1758	896702400	15	548260
1758	899294400	18.9	548260
1758	901972800	17.2	548260
1758	904651200	15.4	548260
1758	907243200	9.4	548260
1758	909921600	2.8	548260
1758	912513600	-3.2	548260
1758	915192000	-5.5	548260
1758	917870400	-4.1	548260
1758	920289600	-1.2	548260
1758	922968000	7.1	548260
1758	925560000	12.2	548260
1758	928238400	15.6	548260
1758	930830400	17.8	548260
1758	933508800	17.2	548260
1758	936187200	14.2	548260
1758	938779200	7.1	548260
1758	941457600	0.4	548260
1758	944049600	-5.2	548260
1758	946728000	-9.2	548260
1758	949406400	-6.8	548260
1758	951912000	0.8	548260
1758	954590400	6	548260
1758	957182400	12	548260
1758	959860800	16.7	548260
1758	962452800	18.9	548260
1758	965131200	17.3	548260
1758	967809600	13.5	548260
1758	970401600	6.2	548260
1758	973080000	-1	548260
1758	975672000	-4.3	548260
1758	978350400	-8.2	548260
1758	981028800	-5	548260
1758	983448000	-0.2	548260
1758	986126400	5.9	548260
1758	988718400	14.4	548260
1758	991396800	16.7	548260
1758	993988800	18.5	548260
1758	996667200	16.6	548260
1758	999345600	12.4	548260
1758	1001937600	7.8	548260
1758	1004616000	0.5	548260
1758	1007208000	-8	548260
1758	1009886400	-4.3	548260
1758	1012564800	-1.9	548260
1758	1014984000	2.5	548260
1758	1017662400	6	548260
1758	1020254400	11.3	548260
1758	1022932800	16.1	548260
1758	1025524800	18.5	548260
1758	1028203200	17.1	548260
1758	1030881600	13.2	548260
1758	1033473600	5.8	548260
1758	1036152000	-1.1	548260
1758	1038744000	-6.3	548260
1758	1041422400	-7.8	548260
1758	1044100800	-4.1	548260
1758	1046520000	-1.6	548260
1758	1049198400	6	548260
1758	1051790400	11.5	548260
1758	1054468800	15.5	548260
1758	1057060800	17	548260
1758	1059739200	16.4	548260
1758	1062417600	13.2	548260
1758	1065009600	6.9	548260
1758	1067688000	-0.2	548260
1758	1070280000	-5.1	548260
1758	1072958400	-7.9	548260
1758	1075636800	-2.8	548260
1758	1078142400	0.3	548260
1758	1080820800	7.6	548260
1758	1083412800	11.6	548260
1758	1086091200	15.2	548260
1758	1088683200	17.7	548260
1758	1091361600	16.3	548260
1758	1094040000	13.4	548260
1758	1096632000	7.2	548260
1758	1099310400	2.3	548260
1758	1101902400	-4.7	548260
1758	1104580800	-8.1	548260
1758	1107259200	-8	548260
1758	1109678400	-0.9	548260
1758	1112356800	8.7	548260
1758	1114948800	11.6	548260
1758	1117627200	18.1	548260
1758	1120219200	18.6	548260
1758	1122897600	16.3	548260
1758	1125576000	13.7	548260
1758	1128168000	7.5	548260
1758	1130846400	3.3	548260
1758	1133438400	-8.1	548260
1758	1136116800	-5.4	548260
1758	1138795200	-6	548260
1758	1141214400	1.7	548260
1758	1143892800	7.5	548260
1758	1146484800	11.9	548260
1758	1149163200	17.2	548260
1758	1151755200	18.7	548260
1758	1154433600	18	548260
1758	1157112000	12.9	548260
1758	1159704000	11.2	548260
1758	1162382400	2.2	548260
1758	1164974400	-4.9	548260
1758	1167652800	-5.9	548260
1758	1170331200	-0.6	548260
1758	1172750400	0.4	548260
1758	1175428800	6.4	548260
1758	1178020800	13.7	548260
1758	1180699200	16.9	548260
1758	1183291200	17.8	548260
1758	1185969600	17.6	548260
1758	1188648000	13.5	548260
1758	1191240000	7.2	548260
1758	1193918400	1.5	548260
1758	1196510400	-3.9	548260
1758	1199188800	-8.7	548260
1758	1201867200	-6.8	548260
1758	1204372800	1.4	548260
1758	1207051200	6.6	548260
1758	1209643200	12.3	548260
1758	1212321600	14.9	548260
1758	1214913600	17.7	548260
1758	1217592000	17	548260
1758	1220270400	13.4	548260
1758	1222862400	8.7	548260
1758	1225540800	1	548260
1758	1228132800	-5.3	548260
1758	1230811200	-7.4	548260
1758	1233489600	-1.9	548260
1758	1235908800	0.5	548260
1758	1238587200	7.1	548260
1758	1241179200	12.4	548260
1758	1243857600	17.7	548260
1758	1246449600	18	548260
1758	1249128000	16.8	548260
1758	1251806400	13.5	548260
1758	1254398400	10.1	548260
1758	1257076800	-1.8	548260
1758	1259668800	-6.7	548260
1758	1262347200	-7.3	548260
1758	1265025600	-4.6	548260
1758	1267444800	-1.8	548260
1758	1270123200	2.5	548260
1758	1272715200	12	548260
1758	1275393600	16	548260
1758	1277985600	19	548260
1758	1280664000	17.7	548260
1758	1283342400	13.5	548260
1758	1285934400	7.6	548260
1758	1288612800	1.7	548260
1758	1291204800	-5.5	548260
1758	1293883200	-11.1	548260
1758	1296561600	-4.6	548260
1758	1298980800	-1.1	548260
1758	1301659200	5.9	548260
1758	1304251200	11.8	548260
1758	1306929600	16.6	548260
1758	1309521600	18.4	548260
1758	1312200000	16.8	548260
1758	1314878400	11.9	548260
1758	1317470400	7.4	548260
1758	1320148800	2.1	548260
1758	1322740800	-6.4	548260
1758	1325419200	-8.5	548260
1758	1328097600	-7.8	548260
1758	1330603200	-1.1	548260
1758	1333281600	8.3	548260
1758	1335873600	14.2	548260
1758	1338552000	16.8	548260
1758	1341144000	18.9	548260
1758	1343822400	17.5	548260
1758	1346500800	12.2	548260
1758	1349092800	8.4	548260
1758	1351771200	-1.2	548260
1758	1354363200	-8.6	548260
1759	-378648000	-4.5	548360
1759	-375969600	0.3	548360
1759	-373550400	5.6	548360
1759	-370872000	12.9	548360
1759	-368280000	18.4	548360
1759	-365601600	23.8	548360
1759	-363009600	26.4	548360
1759	-360331200	23.2	548360
1759	-357652800	19.6	548360
1759	-355060800	11.8	548360
1759	-352382400	5.2	548360
1759	-349790400	1.7	548360
1759	-347112000	-3.9	548360
1759	-344433600	0.5	548360
1759	-342014400	7	548360
1759	-339336000	13	548360
1759	-336744000	18.7	548360
1759	-334065600	22.9	548360
1759	-331473600	27	548360
1759	-328795200	26.9	548360
1760	-599572800	-4.7	548430
1760	-596894400	-2	548430
1760	-594475200	4.4	548430
1760	-591796800	10.9	548430
1760	-589204800	18.7	548430
1760	-586526400	23.6	548430
1760	-583934400	25.8	548430
1760	-581256000	26.5	548430
1760	-578577600	19.7	548430
1760	-575985600	16.5	548430
1760	-573307200	6.1	548430
1760	-570715200	1.8	548430
1760	-568036800	-1.5	548430
1760	-565358400	-3.3	548430
1760	-562852800	3.6	548430
1760	-560174400	13.5	548430
1760	-557582400	19.1	548430
1760	-554904000	24	548430
1760	-552312000	26.8	548430
1760	-549633600	24.1	548430
1760	-546955200	21.2	548430
1760	-544363200	13.3	548430
1760	-541684800	6.6	548430
1760	-539092800	-2.9	548430
1760	-536414400	-3.9	548430
1760	-533736000	-1.4	548430
1760	-531316800	5.3	548430
1760	-528638400	12.1	548430
1760	-526046400	18.1	548430
1760	-523368000	24	548430
1760	-520776000	26.9	548430
1760	-518097600	25.9	548430
1760	-515419200	21	548430
1760	-512827200	16.3	548430
1760	-510148800	5.8	548430
1760	-507556800	0	548430
1760	-504878400	-1.3	548430
1760	-502200000	-0.9	548430
1760	-499780800	4.6	548430
1760	-497102400	12.4	548430
1760	-494510400	18	548430
1760	-491832000	22.7	548430
1760	-489240000	24.4	548430
1760	-486561600	25.4	548430
1760	-483883200	20.1	548430
1760	-481291200	13.7	548430
1760	-478612800	9.3	548430
1760	-476020800	-3.8	548430
1760	-473342400	-4.3	548430
1760	-470664000	1.3	548430
1760	-468244800	3.8	548430
1760	-465566400	12.5	548430
1760	-462974400	20.3	548430
1760	-460296000	25	548430
1760	-457704000	25.1	548430
1760	-455025600	25.8	548430
1760	-452347200	21.8	548430
1760	-449755200	12.7	548430
1760	-447076800	6	548430
1760	-444484800	2.1	548430
1760	-441806400	-3.7	548430
1760	-439128000	-2.3	548430
1760	-436622400	2.5	548430
1760	-433944000	13	548430
1760	-431352000	17.6	548430
1760	-428673600	22.2	548430
1760	-426081600	26.6	548430
1760	-423403200	24.5	548430
1760	-420724800	21	548430
1760	-418132800	14	548430
1760	-415454400	3.7	548430
1760	-412862400	-3.1	548430
1760	-410184000	-5.9	548430
1760	-407505600	-5.1	548430
1760	-405086400	2.7	548430
1760	-402408000	12.4	548430
1760	-399816000	19.4	548430
1760	-397137600	22	548430
1760	-394545600	24.7	548430
1760	-391867200	25.5	548430
1760	-389188800	19	548430
1760	-386596800	14.4	548430
1760	-383918400	8.4	548430
1760	-381326400	0	548430
1760	-378648000	-4	548430
1760	-375969600	-0.4	548430
1760	-373550400	5.3	548430
1760	-370872000	12.3	548430
1760	-368280000	18	548430
1760	-365601600	24	548430
1760	-363009600	27.5	548430
1760	-360331200	24.4	548430
1760	-357652800	20.6	548430
1760	-355060800	12.8	548430
1760	-352382400	5.8	548430
1760	-349790400	2.7	548430
1760	-347112000	-3.7	548430
1760	-344433600	0.5	548430
1760	-342014400	6.7	548430
1760	-339336000	12.5	548430
1760	-336744000	19.8	548430
1760	-334065600	23.4	548430
1760	-331473600	27.5	548430
1760	-328795200	27.3	548430
1760	-326116800	20.3	548430
1760	-323524800	15.4	548430
1760	-320846400	5.2	548430
1760	-318254400	-0.9	548430
1760	-315576000	-2.9	548430
1760	-312897600	3.1	548430
1760	-310392000	6.6	548430
1760	-307713600	13.1	548430
1760	-305121600	18.6	548430
1760	-302443200	24.3	548430
1760	-299851200	25.9	548430
1760	-297172800	25	548430
1760	-294494400	21.2	548430
1760	-291902400	14.1	548430
1760	-289224000	5.7	548430
1760	-286632000	-3.1	548430
1760	-283953600	-3.5	548430
1760	-281275200	1.1	548430
1760	-278856000	6.2	548430
1760	-276177600	13.5	548430
1760	-273585600	19.1	548430
1760	-270907200	23.7	548430
1760	-268315200	27	548430
1760	-265636800	25.7	548430
1760	-262958400	19.9	548430
1760	-260366400	14.2	548430
1760	-257688000	8.2	548430
1760	-255096000	-0.4	548430
1760	-252417600	-3.4	548430
1760	-249739200	0.7	548430
1760	-247320000	5.1	548430
1760	-244641600	11.7	548430
1760	-242049600	20.4	548430
1760	-239371200	22.8	548430
1760	-236779200	26.4	548430
1760	-234100800	25.4	548430
1760	-231422400	20.7	548430
1760	-228830400	13.5	548430
1760	-226152000	5.4	548430
1760	-223560000	1.7	548430
1760	-220881600	-4.9	548430
1760	-218203200	-1.3	548430
1760	-215784000	6.3	548430
1760	-213105600	11.1	548430
1760	-210513600	16.6	548430
1760	-207835200	24.3	548430
1760	-205243200	25.6	548430
1760	-202564800	26.1	548430
1760	-199886400	20.6	548430
1760	-197294400	14.1	548430
1760	-194616000	7.5	548430
1760	-192024000	0.1	548430
1760	-189345600	-1.9	548430
1760	-186667200	-5.4	548430
1760	-184161600	5	548430
1760	-181483200	11.4	548430
1760	-178891200	19.1	548430
1760	-176212800	23.1	548430
1760	-173620800	26.1	548430
1760	-170942400	25.4	548430
1760	-168264000	19.9	548430
1760	-165672000	14.2	548430
1760	-162993600	6.8	548430
1760	-160401600	0.3	548430
1760	-157723200	-2.1	548430
1760	-155044800	0.7	548430
1760	-152625600	4.7	548430
1760	-149947200	10.2	548430
1760	-147355200	19.5	548430
1760	-144676800	23.9	548430
1760	-142084800	26	548430
1760	-139406400	24	548430
1760	-136728000	20.7	548430
1760	-134136000	15.7	548430
1760	-131457600	7.3	548430
1760	-128865600	-0.9	548430
1760	-126187200	-2.5	548430
1760	-123508800	1.7	548430
1760	-121089600	5.4	548430
1760	-118411200	11.9	548430
1760	-115819200	18.9	548430
1760	-113140800	23	548430
1760	-110548800	26.8	548430
1760	-107870400	27.2	548430
1760	-105192000	18.6	548430
1760	-102600000	14.4	548430
1760	-99921600	7.1	548430
1760	-97329600	-2.3	548430
1760	-94651200	-4	548430
1760	-91972800	-1.7	548430
1760	-89553600	5.9	548430
1760	-86875200	13.1	548430
1760	-84283200	21.4	548430
1760	-81604800	23.4	548430
1760	-79012800	26.3	548430
1760	-76334400	27.7	548430
1760	-73656000	19.3	548430
1760	-71064000	14.3	548430
1760	-68385600	5.5	548430
1760	-65793600	-4.7	548430
1760	-63115200	-3.6	548430
1760	-60436800	-4.2	548430
1760	-57931200	5.9	548430
1760	-55252800	13.5	548430
1760	-52660800	19.1	548430
1760	-49982400	24.6	548430
1760	-47390400	26.1	548430
1760	-44712000	24.4	548430
1760	-42033600	20.7	548430
1760	-39441600	12.5	548430
1760	-36763200	8.1	548430
1760	-34171200	2.4	548430
1760	-31492800	-5	548430
1760	-28814400	-5.7	548430
1760	-26395200	3.2	548430
1760	-23716800	11.6	548430
1760	-21124800	18.9	548430
1760	-18446400	23.3	548430
1760	-15854400	26.2	548430
1760	-13176000	26.2	548430
1760	-10497600	20.7	548430
1760	-7905600	14.4	548430
1760	-5227200	4.5	548430
1760	-2635200	-1.5	548430
1760	43200	-4.2	548430
1760	2721600	0.3	548430
1760	5140800	2.7	548430
1760	7819200	12.6	548430
1760	10411200	18.6	548430
1760	13089600	21.8	548430
1760	15681600	24.8	548430
1760	18360000	25.2	548430
1760	21038400	19.9	548430
1760	23630400	14.7	548430
1760	26308800	5.7	548430
1760	28900800	-0.4	548430
1760	31579200	-3.1	548430
1760	34257600	-2.1	548430
1760	36676800	3.1	548430
1760	39355200	11.6	548430
1760	41947200	19.5	548430
1760	44625600	23.8	548430
1760	47217600	27.3	548430
1760	49896000	24.2	548430
1760	52574400	19.7	548430
1760	55166400	13.3	548430
1760	57844800	8.2	548430
1760	60436800	-1.7	548430
1760	63115200	-2.8	548430
1760	65793600	-3.8	548430
1760	68299200	5.4	548430
1760	70977600	13	548430
1760	73569600	17.8	548430
1760	76248000	25.1	548430
1760	78840000	25.1	548430
1760	81518400	24.5	548430
1760	84196800	18.4	548430
1760	86788800	13.8	548430
1760	89467200	6	548430
1760	92059200	0	548430
1760	94737600	-1.8	548430
1760	97416000	0.2	548430
1760	99835200	6.7	548430
1760	102513600	13.8	548430
1760	105105600	17.3	548430
1760	107784000	22.8	548430
1760	110376000	26.3	548430
1760	113054400	26.6	548430
1760	115732800	19.6	548430
1760	118324800	12.9	548430
1760	121003200	6	548430
1760	123595200	-0.8	548430
1760	126273600	-2.9	548430
1760	128952000	-1.2	548430
1760	131371200	4.4	548430
1760	134049600	12.6	548430
1760	136641600	17.9	548430
1760	139320000	22	548430
1760	141912000	25.2	548430
1760	144590400	24.2	548430
1760	147268800	20	548430
1760	149860800	12.4	548430
1760	152539200	6.8	548430
1760	155131200	-1.4	548430
1760	157809600	-1.2	548430
1760	160488000	0	548430
1760	162907200	6.1	548430
1760	165585600	13.5	548430
1760	168177600	18.6	548430
1760	170856000	24.3	548430
1760	173448000	25.9	548430
1760	176126400	25.6	548430
1760	178804800	21.9	548430
1760	181396800	14.4	548430
1760	184075200	7.1	548430
1760	186667200	-0.5	548430
1760	189345600	-2.2	548430
1760	192024000	1	548430
1760	194529600	5.2	548430
1760	197208000	11.8	548430
1760	199800000	18.7	548430
1760	202478400	22.1	548430
1760	205070400	24.2	548430
1760	207748800	24.4	548430
1760	210427200	20	548430
1760	213019200	14.6	548430
1760	215697600	4.2	548430
1760	218289600	0.1	548430
1760	220968000	-5.6	548430
1760	223646400	-0.4	548430
1760	226065600	7.7	548430
1760	228744000	14.4	548430
1760	231336000	17.7	548430
1760	234014400	24.1	548430
1760	236606400	27.7	548430
1760	239284800	24.9	548430
1760	241963200	21	548430
1760	244555200	16.9	548430
1760	247233600	6.1	548430
1760	249825600	2.4	548430
1760	252504000	-1.9	548430
1760	255182400	-1.2	548430
1760	257601600	5.6	548430
1760	260280000	14.8	548430
1760	262872000	19.5	548430
1760	265550400	25.6	548430
1760	268142400	26.5	548430
1760	270820800	26.2	548430
1760	273499200	20.7	548430
1760	276091200	13.5	548430
1760	278769600	6.6	548430
1760	281361600	0.7	548430
1760	284040000	-0.9	548430
1760	286718400	1.1	548430
1760	289137600	6.2	548430
1760	291816000	10.6	548430
1760	294408000	18.3	548430
1760	297086400	23.9	548430
1760	299678400	25.8	548430
1760	302356800	25.6	548430
1760	305035200	19.3	548430
1760	307627200	15.6	548430
1760	310305600	5.5	548430
1760	312897600	0.9	548430
1760	315576000	-3.3	548430
1760	318254400	-1.4	548430
1760	320760000	4.7	548430
1760	323438400	10.8	548430
1760	326030400	18.4	548430
1760	328708800	24	548430
1760	331300800	25.1	548430
1760	333979200	23.9	548430
1760	336657600	19.7	548430
1760	339249600	14	548430
1760	341928000	9.2	548430
1760	344520000	-1.6	548430
1760	347198400	-4.7	548430
1760	349876800	-0.3	548430
1760	352296000	7.5	548430
1760	354974400	14.6	548430
1760	357566400	19.8	548430
1760	360244800	24.7	548430
1760	362836800	27.4	548430
1760	365515200	25.7	548430
1760	368193600	21.2	548430
1760	370785600	13.1	548430
1760	373464000	4.3	548430
1760	376056000	-0.3	548430
1760	378734400	-2.7	548430
1760	381412800	0.7	548430
1760	383832000	6.9	548430
1760	386510400	13.8	548430
1760	389102400	22.2	548430
1760	391780800	23.1	548430
1760	394372800	24.9	548430
1760	397051200	25.6	548430
1760	399729600	19.7	548430
1760	402321600	16.1	548430
1760	4.05e+08	6.6	548430
1760	407592000	-0.2	548430
1760	410270400	-1.8	548430
1760	412948800	-1.2	548430
1760	415368000	5.3	548430
1760	418046400	14.2	548430
1760	420638400	19.7	548430
1760	423316800	24.8	548430
1760	425908800	26.3	548430
1760	428587200	25.9	548430
1760	431265600	22.5	548430
1760	433857600	14.3	548430
1760	436536000	7	548430
1760	439128000	0	548430
1760	441806400	-4.2	548430
1760	444484800	-2.5	548430
1760	446990400	4.7	548430
1760	449668800	13.2	548430
1760	452260800	19.1	548430
1760	454939200	23.7	548430
1760	457531200	25.3	548430
1760	460209600	26.2	548430
1760	462888000	20	548430
1760	465480000	14.5	548430
1760	468158400	8.3	548430
1760	470750400	-2	548430
1760	473428800	-3.7	548430
1760	476107200	-0.8	548430
1760	478526400	3.6	548430
1760	481204800	13.9	548430
1760	483796800	17.6	548430
1760	486475200	24.5	548430
1760	489067200	26.4	548430
1760	491745600	25.8	548430
1760	494424000	19.2	548430
1760	497016000	15.5	548430
1760	499694400	5.3	548430
1760	502286400	-2.9	548430
1760	504964800	-2.8	548430
1760	507643200	-1.5	548430
1760	510062400	6.7	548430
1760	512740800	13.2	548430
1760	515332800	20	548430
1760	518011200	24.1	548430
1760	520603200	26	548430
1760	523281600	24.2	548430
1760	525960000	20.8	548430
1760	528552000	12.6	548430
1760	531230400	5.8	548430
1760	533822400	-0.3	548430
1760	536500800	-1.9	548430
1760	539179200	0.7	548430
1760	541598400	4.6	548430
1760	544276800	12.8	548430
1760	546868800	19	548430
1760	549547200	22.7	548430
1760	552139200	26.7	548430
1760	554817600	26.2	548430
1760	557496000	21.3	548430
1760	560088000	16	548430
1760	562766400	6.4	548430
1760	565358400	0.7	548430
1760	568036800	-1.4	548430
1760	570715200	-0.5	548430
1760	573220800	5	548430
1760	575899200	14.1	548430
1760	578491200	20	548430
1760	581169600	25.4	548430
1760	583761600	26.7	548430
1760	586440000	25.8	548430
1760	589118400	22	548430
1760	591710400	16	548430
1760	594388800	7.4	548430
1760	596980800	0.8	548430
1760	599659200	0	548430
1760	602337600	1.9	548430
1760	604756800	6.8	548430
1760	607435200	15.4	548430
1760	610027200	21.2	548430
1760	612705600	23.7	548430
1760	615297600	26.1	548430
1760	617976000	25.2	548430
1760	620654400	21.1	548430
1760	623246400	15.8	548430
1760	625924800	6.3	548430
1760	628516800	1.9	548430
1760	631195200	-2.7	548430
1760	633873600	1.4	548430
1760	636292800	7.9	548430
1760	638971200	13.4	548430
1760	641563200	18.6	548430
1760	644241600	23.9	548430
1760	646833600	27.4	548430
1760	649512000	26.4	548430
1760	652190400	22.1	548430
1760	654782400	15.8	548430
1760	657460800	9.7	548430
1760	660052800	1	548430
1760	662731200	-1.5	548430
1760	665409600	0.2	548430
1760	667828800	4.2	548430
1760	670507200	12.7	548430
1760	673099200	17.1	548430
1760	675777600	23.2	548430
1760	678369600	27.2	548430
1760	681048000	25.6	548430
1760	683726400	21.3	548430
1760	686318400	14.1	548430
1760	688996800	6.7	548430
1760	691588800	0.7	548430
1760	694267200	-2.4	548430
1760	696945600	1.4	548430
1760	699451200	4.8	548430
1760	702129600	13.5	548430
1760	704721600	17.7	548430
1760	707400000	22.1	548430
1760	709992000	27.1	548430
1760	712670400	24.8	548430
1760	715348800	20.2	548430
1760	717940800	12.7	548430
1760	720619200	5.6	548430
1760	723211200	0.8	548430
1760	725889600	-2.6	548430
1760	728568000	1.5	548430
1760	730987200	5.6	548430
1760	733665600	11.9	548430
1760	736257600	17.9	548430
1760	738936000	23.2	548430
1760	741528000	24.1	548430
1760	744206400	24.2	548430
1760	746884800	21.3	548430
1760	749476800	13.7	548430
1760	752155200	6.4	548430
1760	754747200	-0.5	548430
1760	757425600	-1.2	548430
1760	760104000	0.2	548430
1760	762523200	4.6	548430
1760	765201600	15	548430
1760	767793600	19.3	548430
1760	770472000	25	548430
1760	773064000	28.4	548430
1760	775742400	26.2	548430
1760	778420800	20.1	548430
1760	781012800	14.1	548430
1760	783691200	8.1	548430
1760	786283200	0.5	548430
1760	788961600	-1.8	548430
1760	791640000	0.5	548430
1760	794059200	6.3	548430
1760	796737600	12.2	548430
1760	799329600	18.1	548430
1760	802008000	23.6	548430
1760	804600000	26.1	548430
1760	807278400	25.8	548430
1760	809956800	19.9	548430
1760	812548800	15.1	548430
1760	815227200	7	548430
1760	817819200	-0.5	548430
1760	820497600	-2.8	548430
1760	823176000	-1	548430
1760	825681600	5.1	548430
1760	828360000	11.6	548430
1760	830952000	18.5	548430
1760	833630400	23.7	548430
1760	836222400	25.9	548430
1760	838900800	25	548430
1760	841579200	20.8	548430
1760	844171200	14.4	548430
1760	846849600	5.3	548430
1760	849441600	1.2	548430
1760	852120000	-3.3	548430
1760	854798400	0.5	548430
1760	857217600	7.2	548430
1760	859896000	12.3	548430
1760	862488000	18.5	548430
1760	865166400	24.2	548430
1760	867758400	28.9	548430
1760	870436800	26.3	548430
1760	873115200	19.2	548430
1760	875707200	14.5	548430
1760	878385600	7.1	548430
1760	880977600	1.1	548430
1760	883656000	-2.6	548430
1760	886334400	1.8	548430
1760	888753600	6.8	548430
1760	891432000	14.2	548430
1760	894024000	18.1	548430
1760	896702400	23	548430
1760	899294400	27.4	548430
1760	901972800	25.6	548430
1760	904651200	23.1	548430
1760	907243200	16.9	548430
1760	909921600	7.8	548430
1760	912513600	1.6	548430
1760	915192000	-0.7	548430
1760	917870400	2	548430
1760	920289600	6.8	548430
1760	922968000	14.1	548430
1760	925560000	19.1	548430
1760	928238400	24.1	548430
1760	930830400	26.4	548430
1760	933508800	25.2	548430
1760	936187200	22.2	548430
1760	938779200	14.5	548430
1760	941457600	6.9	548430
1760	944049600	0.6	548430
1760	946728000	-3.1	548430
1760	949406400	-1.2	548430
1760	951912000	7.4	548430
1760	954590400	13.1	548430
1760	957182400	18.5	548430
1760	959860800	24.4	548430
1760	962452800	27.9	548430
1760	965131200	26.2	548430
1760	967809600	21.4	548430
1760	970401600	14.5	548430
1760	973080000	5.6	548430
1760	975672000	1.8	548430
1760	978350400	-2.5	548430
1760	981028800	1.4	548430
1760	983448000	6.8	548430
1760	986126400	12.5	548430
1760	988718400	20.9	548430
1760	991396800	24.9	548430
1760	993988800	26.7	548430
1760	996667200	24.7	548430
1760	999345600	20.5	548430
1760	1001937600	15.5	548430
1760	1004616000	6.2	548430
1760	1007208000	-1.5	548430
1760	1009886400	0.8	548430
1760	1012564800	4	548430
1760	1014984000	9.2	548430
1760	1017662400	13.9	548430
1760	1020254400	18.7	548430
1760	1022932800	23.5	548430
1760	1025524800	26.8	548430
1760	1028203200	25.7	548430
1760	1030881600	21.2	548430
1760	1033473600	13.7	548430
1760	1036152000	5.1	548430
1760	1038744000	-0.5	548430
1760	1041422400	-2.3	548430
1760	1044100800	1.5	548430
1760	1046520000	6.1	548430
1760	1049198400	13.3	548430
1760	1051790400	18.6	548430
1760	1054468800	23.4	548430
1760	1057060800	24.9	548430
1760	1059739200	24.8	548430
1760	1062417600	21.1	548430
1760	1065009600	14.6	548430
1760	1067688000	6.6	548430
1760	1070280000	0.5	548430
1760	1072958400	-1.6	548430
1760	1075636800	3.5	548430
1760	1078142400	7.8	548430
1760	1080820800	14.4	548430
1760	1083412800	18.7	548430
1760	1086091200	23.9	548430
1760	1088683200	26.3	548430
1760	1091361600	24.7	548430
1760	1094040000	21.5	548430
1760	1096632000	14.7	548430
1760	1099310400	8.2	548430
1760	1101902400	1.5	548430
1760	1104580800	-2.1	548430
1760	1107259200	-1.9	548430
1760	1109678400	5.1	548430
1760	1112356800	15.2	548430
1760	1114948800	18.4	548430
1760	1117627200	25.7	548430
1760	1120219200	27.3	548430
1760	1122897600	25.3	548430
1760	1125576000	20.7	548430
1760	1128168000	15.1	548430
1760	1130846400	9.2	548430
1760	1133438400	-1.6	548430
1760	1136116800	-0.5	548430
1760	1138795200	0.5	548430
1760	1141214400	7.7	548430
1760	1143892800	13.7	548430
1760	1146484800	19.6	548430
1760	1149163200	25.1	548430
1760	1151755200	26.6	548430
1760	1154433600	26.3	548430
1760	1157112000	20.9	548430
1760	1159704000	18.4	548430
1760	1162382400	9.1	548430
1760	1164974400	0.4	548430
1760	1167652800	-0.8	548430
1760	1170331200	5.1	548430
1760	1172750400	7.4	548430
1760	1175428800	14.1	548430
1760	1178020800	21.1	548430
1760	1180699200	24.7	548430
1760	1183291200	25.9	548430
1760	1185969600	25.8	548430
1760	1188648000	22	548430
1760	1191240000	14.8	548430
1760	1193918400	7.4	548430
1760	1196510400	1.7	548430
1760	1199188800	-2.1	548430
1760	1201867200	-0.2	548430
1760	1204372800	8.5	548430
1760	1207051200	14.2	548430
1760	1209643200	19.9	548430
1760	1212321600	23.1	548430
1760	1214913600	26.2	548430
1760	1217592000	25.5	548430
1760	1220270400	21.6	548430
1760	1222862400	16	548430
1760	1225540800	7.6	548430
1760	1228132800	0.9	548430
1760	1230811200	-1.1	548430
1760	1233489600	3.1	548430
1760	1235908800	7.3	548430
1760	1238587200	14.7	548430
1760	1241179200	20.7	548430
1760	1243857600	26.2	548430
1760	1246449600	26	548430
1760	1249128000	25.9	548430
1760	1251806400	21.5	548430
1760	1254398400	17	548430
1760	1257076800	4.8	548430
1760	1259668800	0.2	548430
1760	1262347200	-2	548430
1760	1265025600	1.1	548430
1760	1267444800	4.7	548430
1760	1270123200	11.2	548430
1760	1272715200	20.3	548430
1760	1275393600	24	548430
1760	1277985600	28	548430
1760	1280664000	26.4	548430
1760	1283342400	21.9	548430
1760	1285934400	14.8	548430
1760	1288612800	8.6	548430
1760	1291204800	1.8	548430
1760	1293883200	-4.2	548430
1760	1296561600	1.3	548430
1760	1298980800	7.3	548430
1760	1301659200	13.6	548430
1760	1304251200	20	548430
1760	1306929600	24.9	548430
1760	1309521600	26.7	548430
1760	1312200000	25.8	548430
1760	1314878400	20.5	548430
1760	1317470400	15	548430
1760	1320148800	9.6	548430
1760	1322740800	0.5	548430
1760	1325419200	-1.7	548430
1760	1328097600	0	548430
1760	1330603200	5.5	548430
1760	1333281600	15.5	548430
1760	1335873600	21.7	548430
1760	1338552000	25	548430
1760	1341144000	27.6	548430
1760	1343822400	25.8	548430
1760	1346500800	21.4	548430
1760	1349092800	16.1	548430
1760	1351771200	6.2	548430
1760	1354363200	-1.8	548430
1763	-1041336000	-1.9	549060
1763	-1038657600	0.9	549060
1763	-1036238400	7.5	549060
1763	-1033560000	14.7	549060
1763	-1030968000	23.5	549060
1763	-1028289600	27.5	549060
1763	-1025697600	27.2	549060
1763	-1023019200	28	549060
1763	-1020340800	19.4	549060
1763	-1017748800	14.7	549060
1763	-1015070400	5.4	549060
1763	-1012478400	-2.7	549060
1764	-220881600	-1	549090
1764	-218203200	1.9	549090
1764	-215784000	8.3	549090
1764	-213105600	13	549090
1764	-210513600	18.3	549090
1764	-207835200	25.8	549090
1764	-205243200	26.9	549090
1764	-202564800	26.4	549090
1764	-199886400	21.6	549090
1764	-197294400	15.4	549090
1764	-194616000	9	549090
1764	-192024000	2.2	549090
1764	-189345600	0	549090
1764	-186667200	-3.9	549090
1764	-184161600	7.8	549090
1764	-181483200	13.3	549090
1764	-178891200	19.8	549090
1764	-176212800	26.2	549090
1764	-173620800	28.1	549090
1764	-170942400	26.3	549090
1764	-168264000	20.5	549090
1764	-165672000	15.4	549090
1764	-162993600	8.5	549090
1764	-160401600	2.8	549090
1764	-157723200	1.3	549090
1764	-155044800	3.5	549090
1764	-152625600	7.4	549090
1764	-149947200	12.9	549090
1764	-147355200	21.7	549090
1764	-144676800	26.4	549090
1764	-142084800	26.8	549090
1764	-139406400	25.6	549090
1764	-136728000	22.2	549090
1764	-134136000	16.9	549090
1764	-131457600	9.4	549090
1764	-128865600	1.8	549090
1764	-126187200	0.9	549090
1764	-123508800	4.7	549090
1764	-121089600	7.8	549090
1764	-118411200	15.4	549090
1764	-115819200	21.2	549090
1764	-113140800	27.1	549090
1764	-110548800	29	549090
1764	-107870400	28.7	549090
1764	-105192000	20.7	549090
1764	-102600000	15.7	549090
1764	-99921600	8.9	549090
1764	-97329600	0	549090
1764	-94651200	-0.7	549090
1764	-91972800	2	549090
1764	-89553600	8.4	549090
1764	-86875200	15.2	549090
1764	-84283200	23.6	549090
1764	-81604800	28.1	549090
1764	-79012800	27.6	549090
1764	-76334400	28.8	549090
1764	-73656000	20	549090
1764	-71064000	15.4	549090
1764	-68385600	6.6	549090
1764	-65793600	-1.7	549090
1764	-63115200	-0.8	549090
1764	-60436800	-0.1	549090
1764	-57931200	9.4	549090
1764	-55252800	15.9	549090
1764	-52660800	21.3	549090
1764	-49982400	27.3	549090
1764	-47390400	27.4	549090
1764	-44712000	25.5	549090
1764	-42033600	20.8	549090
1764	-39441600	13.3	549090
1764	-36763200	9.1	549090
1764	-34171200	4	549090
1764	-31492800	-2.5	549090
1764	-28814400	-2.7	549090
1764	-26395200	6.1	549090
1764	-23716800	14.2	549090
1764	-21124800	21	549090
1764	-18446400	26.1	549090
1764	-15854400	27.4	549090
1764	-13176000	26.5	549090
1764	-10497600	20.6	549090
1764	-7905600	15.6	549090
1764	-5227200	6.5	549090
1764	-2635200	0.5	549090
1764	43200	-1.3	549090
1764	2721600	3.5	549090
1764	5140800	5.9	549090
1764	7819200	14.9	549090
1764	10411200	21	549090
1764	13089600	24.7	549090
1764	15681600	27.3	549090
1764	18360000	26.3	549090
1764	21038400	20.9	549090
1764	23630400	15.8	549090
1764	26308800	7.2	549090
1764	28900800	2.3	549090
1764	31579200	0	549090
1764	34257600	1	549090
1764	36676800	6.7	549090
1764	39355200	14.9	549090
1764	41947200	22.3	549090
1764	44625600	24.6	549090
1764	47217600	29	549090
1764	49896000	25.4	549090
1764	52574400	21.4	549090
1764	55166400	15	549090
1764	57844800	9.4	549090
1764	60436800	0.1	549090
1764	63115200	-1.9	549090
1764	65793600	-0.7	549090
1764	68299200	7.7	549090
1764	70977600	15.2	549090
1764	73569600	20.2	549090
1764	76248000	26.7	549090
1764	78840000	26.3	549090
1764	81518400	25.4	549090
1764	84196800	20.4	549090
1764	86788800	15.5	549090
1764	89467200	8.6	549090
1764	92059200	2.3	549090
1764	94737600	0	549090
1764	97416000	3.5	549090
1764	99835200	9.3	549090
1764	102513600	15.8	549090
1764	105105600	19.5	549090
1764	107784000	25.4	549090
1764	110376000	26.5	549090
1764	113054400	27.7	549090
1764	115732800	21	549090
1764	118324800	14.1	549090
1764	121003200	8.6	549090
1764	123595200	1.2	549090
1764	126273600	-0.6	549090
1764	128952000	2.1	549090
1764	131371200	7.5	549090
1764	134049600	15.9	549090
1764	136641600	21.2	549090
1764	139320000	25.4	549090
1764	141912000	27.7	549090
1764	144590400	25.6	549090
1764	147268800	21.4	549090
1764	149860800	13.9	549090
1764	152539200	8.5	549090
1764	155131200	0.6	549090
1764	157809600	0.6	549090
1764	160488000	2.8	549090
1764	162907200	8.8	549090
1764	165585600	14.2	549090
1764	168177600	20	549090
1764	170856000	26.6	549090
1764	173448000	26.9	549090
1764	176126400	26.9	549090
1764	178804800	23	549090
1764	181396800	15.6	549090
1764	184075200	8.3	549090
1764	186667200	0.6	549090
1764	189345600	0	549090
1764	192024000	2.9	549090
1764	194529600	7.1	549090
1764	197208000	13.1	549090
1764	199800000	20.5	549090
1764	202478400	25	549090
1764	205070400	26.2	549090
1764	207748800	25	549090
1764	210427200	21	549090
1764	213019200	16	549090
1764	215697600	5.6	549090
1764	218289600	1.5	549090
1764	220968000	-3	549090
1764	223646400	2.3	549090
1764	226065600	10	549090
1764	228744000	16.2	549090
1764	231336000	19	549090
1764	234014400	26.5	549090
1764	236606400	28.1	549090
1764	239284800	25.7	549090
1764	241963200	21.6	549090
1764	244555200	17	549090
1764	247233600	7.6	549090
1764	249825600	3.2	549090
1764	252504000	0.8	549090
1764	255182400	1.9	549090
1764	257601600	7.3	549090
1764	260280000	16.4	549090
1764	262872000	21.7	549090
1764	265550400	27.3	549090
1764	268142400	27.3	549090
1764	270820800	27.1	549090
1764	273499200	21.4	549090
1764	276091200	15.4	549090
1764	278769600	8.2	549090
1764	281361600	2.6	549090
1764	284040000	0.4	549090
1764	286718400	4	549090
1764	289137600	8.2	549090
1764	291816000	12.6	549090
1764	294408000	19.3	549090
1764	297086400	26.4	549090
1764	299678400	26.5	549090
1764	302356800	26.6	549090
1764	305035200	19.9	549090
1764	307627200	16.9	549090
1764	310305600	7.2	549090
1764	312897600	3.2	549090
1764	315576000	-0.1	549090
1764	318254400	1.4	549090
1764	320760000	6.4	549090
1764	323438400	13.6	549090
1764	326030400	19.9	549090
1764	328708800	25.4	549090
1764	331300800	26.4	549090
1764	333979200	24.6	549090
1764	336657600	21	549090
1764	339249600	15.5	549090
1764	341928000	10.3	549090
1764	344520000	0.9	549090
1764	347198400	-1.7	549090
1764	349876800	2.7	549090
1764	352296000	10	549090
1764	354974400	15.9	549090
1764	357566400	21.6	549090
1764	360244800	25.5	549090
1764	362836800	28	549090
1764	365515200	25.9	549090
1764	368193600	21.4	549090
1764	370785600	13.7	549090
1764	373464000	6.2	549090
1764	376056000	1.5	549090
1764	378734400	-0.2	549090
1764	381412800	2.2	549090
1764	383832000	8.8	549090
1764	386510400	14.8	549090
1764	389102400	22.2	549090
1764	391780800	25.6	549090
1764	394372800	25.8	549090
1764	397051200	25.8	549090
1764	399729600	20.2	549090
1764	402321600	16.8	549090
1764	4.05e+08	8.5	549090
1764	407592000	1.7	549090
1764	410270400	0	549090
1764	412948800	1.8	549090
1764	415368000	7.5	549090
1764	418046400	15.3	549090
1764	420638400	21.3	549090
1764	423316800	25.2	549090
1764	425908800	26.7	549090
1764	428587200	26.4	549090
1764	431265600	22.8	549090
1764	433857600	15.1	549090
1764	436536000	8.6	549090
1764	439128000	2.3	549090
1764	441806400	-1.1	549090
1764	444484800	0.1	549090
1764	446990400	7.3	549090
1764	449668800	14	549090
1764	452260800	19.1	549090
1764	454939200	25	549090
1764	457531200	25.5	549090
1764	460209600	25.9	549090
1764	462888000	20.3	549090
1764	465480000	15.1	549090
1764	468158400	9.4	549090
1764	470750400	-0.6	549090
1764	473428800	-0.6	549090
1764	476107200	1.7	549090
1764	478526400	5.6	549090
1764	481204800	14.9	549090
1764	483796800	19.4	549090
1764	486475200	26.2	549090
1764	489067200	27.4	549090
1764	491745600	26.6	549090
1764	494424000	19.6	549090
1764	497016000	15.3	549090
1764	499694400	7.6	549090
1764	502286400	0	549090
1764	504964800	0.6	549090
1764	507643200	1.5	549090
1764	510062400	8.3	549090
1764	512740800	14.9	549090
1764	515332800	21.1	549090
1764	518011200	26.3	549090
1764	520603200	27.4	549090
1764	523281600	25.2	549090
1764	525960000	21.3	549090
1764	528552000	14.1	549090
1764	531230400	7.1	549090
1764	533822400	0.9	549090
1764	536500800	0.8	549090
1764	539179200	3.5	549090
1764	541598400	6.5	549090
1764	544276800	14.1	549090
1764	546868800	20.6	549090
1764	549547200	24.1	549090
1764	552139200	27.5	549090
1764	554817600	26.6	549090
1764	557496000	22.3	549090
1764	560088000	16.8	549090
1764	562766400	7.5	549090
1764	565358400	2.5	549090
1764	568036800	0.9	549090
1764	570715200	1.8	549090
1764	573220800	6.4	549090
1764	575899200	15.2	549090
1764	578491200	20.1	549090
1764	581169600	26.3	549090
1764	583761600	27.4	549090
1764	586440000	25.6	549090
1764	589118400	21.6	549090
1764	591710400	15.8	549090
1764	594388800	8.6	549090
1764	596980800	2.4	549090
1764	599659200	0.6	549090
1764	602337600	2.4	549090
1764	604756800	8	549090
1764	607435200	15.7	549090
1764	610027200	20	549090
1764	612705600	24.9	549090
1764	615297600	26	549090
1764	617976000	25.5	549090
1764	620654400	21.4	549090
1764	623246400	16.3	549090
1764	625924800	7.2	549090
1764	628516800	2.4	549090
1765	-599572800	-1.6	549160
1765	-596894400	0.5	549160
1765	-594475200	6.3	549160
1765	-591796800	13	549160
1765	-589204800	20	549160
1765	-586526400	25	549160
1765	-583934400	25.8	549160
1765	-581256000	27	549160
1765	-578577600	21.2	549160
1765	-575985600	17.6	549160
1765	-573307200	7.7	549160
1765	-570715200	3.7	549160
1765	-568036800	0.3	549160
1765	-565358400	-0.4	549160
1765	-562852800	5.8	549160
1765	-560174400	15.5	549160
1765	-557582400	21.1	549160
1765	-554904000	25.8	549160
1765	-552312000	27.2	549160
1765	-549633600	24.7	549160
1765	-546955200	22	549160
1765	-544363200	14.1	549160
1765	-541684800	8.5	549160
1765	-539092800	-0.5	549160
1765	-536414400	-0.8	549160
1765	-533736000	1.7	549160
1765	-531316800	7.5	549160
1765	-528638400	14	549160
1765	-526046400	20.8	549160
1765	-523368000	25.9	549160
1765	-520776000	28.1	549160
1765	-518097600	26.9	549160
1765	-515419200	22.1	549160
1765	-512827200	17.8	549160
1765	-510148800	7.9	549160
1765	-507556800	2.1	549160
1765	-504878400	0.8	549160
1765	-502200000	2.5	549160
1765	-499780800	7.1	549160
1765	-497102400	14.8	549160
1765	-494510400	19.8	549160
1765	-491832000	23.7	549160
1765	-489240000	26.2	549160
1765	-486561600	26.7	549160
1765	-483883200	21.6	549160
1765	-481291200	15	549160
1765	-478612800	10.3	549160
1765	-476020800	-2.5	549160
1765	-473342400	-2.9	549160
1765	-470664000	4.4	549160
1765	-468244800	6.6	549160
1765	-465566400	15	549160
1765	-462974400	21.2	549160
1765	-460296000	27	549160
1765	-457704000	26.9	549160
1765	-455025600	27	549160
1765	-452347200	22.6	549160
1765	-449755200	13.3	549160
1765	-447076800	7	549160
1765	-444484800	3.8	549160
1765	-441806400	-3.3	549160
1765	-439128000	1.1	549160
1765	-436622400	5.7	549160
1765	-433944000	15	549160
1765	-431352000	19	549160
1765	-428673600	23.6	549160
1765	-426081600	27.7	549160
1765	-423403200	25.7	549160
1765	-420724800	22.2	549160
1765	-418132800	15.1	549160
1765	-415454400	5.7	549160
1765	-412862400	-0.3	549160
1765	-410184000	-3.9	549160
1765	-407505600	-2	549160
1765	-405086400	6.4	549160
1765	-402408000	14	549160
1765	-399816000	20.3	549160
1765	-397137600	23.5	549160
1765	-394545600	25.8	549160
1765	-391867200	26.6	549160
1765	-389188800	20.9	549160
1765	-386596800	15.4	549160
1765	-383918400	9.8	549160
1765	-381326400	2.8	549160
1765	-378648000	-1.6	549160
1765	-375969600	2.9	549160
1765	-373550400	8.2	549160
1765	-370872000	14.3	549160
1765	-368280000	19.6	549160
1765	-365601600	26.2	549160
1765	-363009600	28.1	549160
1765	-360331200	25.1	549160
1765	-357652800	22	549160
1765	-355060800	13.5	549160
1765	-352382400	7.6	549160
1765	-349790400	4	549160
1765	-347112000	-1.3	549160
1765	-344433600	2.7	549160
1765	-342014400	8.9	549160
1765	-339336000	14.8	549160
1765	-336744000	20.1	549160
1765	-334065600	25.2	549160
1765	-331473600	29.6	549160
1765	-328795200	28.6	549160
1765	-326116800	21.6	549160
1765	-323524800	16.7	549160
1765	-320846400	7.2	549160
1765	-318254400	0.5	549160
1765	-315576000	-0.2	549160
1765	-312897600	5.3	549160
1765	-310392000	9.7	549160
1765	-307713600	15.2	549160
1765	-305121600	20.4	549160
1765	-302443200	27.2	549160
1765	-299851200	26.8	549160
1765	-297172800	26.5	549160
1765	-294494400	22.1	549160
1765	-291902400	15	549160
1765	-289224000	7.8	549160
1765	-286632000	-0.6	549160
1765	-283953600	-0.9	549160
1765	-281275200	3.8	549160
1765	-278856000	8.9	549160
1765	-276177600	16.3	549160
1765	-273585600	21.4	549160
1765	-270907200	25.8	549160
1765	-268315200	28.6	549160
1765	-265636800	26.6	549160
1765	-262958400	21	549160
1765	-260366400	15.9	549160
1765	-257688000	9.4	549160
1765	-255096000	1.2	549160
1765	-252417600	-1.6	549160
1765	-249739200	3	549160
1765	-247320000	7.4	549160
1765	-244641600	13.1	549160
1765	-242049600	21.4	549160
1765	-239371200	24.6	549160
1765	-236779200	27.9	549160
1765	-234100800	25.6	549160
1765	-231422400	21.4	549160
1765	-228830400	14.6	549160
1765	-226152000	7.4	549160
1765	-223560000	3.2	549160
1765	-220881600	-2.9	549160
1765	-218203200	0.5	549160
1765	-215784000	8.3	549160
1765	-213105600	13.3	549160
1765	-210513600	18.9	549160
1765	-207835200	25.7	549160
1765	-205243200	26.5	549160
1765	-202564800	26.4	549160
1765	-199886400	21.3	549160
1765	-197294400	14.7	549160
1765	-194616000	8.8	549160
1765	-192024000	1.5	549160
1765	-189345600	0.5	549160
1765	-186667200	-3.8	549160
1765	-184161600	8.1	549160
1765	-181483200	14.6	549160
1765	-178891200	20.3	549160
1765	-176212800	25.3	549160
1765	-173620800	27.2	549160
1765	-170942400	26.1	549160
1765	-168264000	20.7	549160
1765	-165672000	15.5	549160
1765	-162993600	7.9	549160
1765	-160401600	2.3	549160
1765	-157723200	0.7	549160
1765	-155044800	3.1	549160
1765	-152625600	7	549160
1765	-149947200	12.3	549160
1765	-147355200	21	549160
1765	-144676800	25.7	549160
1765	-142084800	26.6	549160
1765	-139406400	25.3	549160
1765	-136728000	21.3	549160
1765	-134136000	16.9	549160
1765	-131457600	9	549160
1765	-128865600	0.7	549160
1765	-126187200	0.3	549160
1765	-123508800	4.2	549160
1765	-121089600	7.5	549160
1765	-118411200	14.8	549160
1765	-115819200	20.4	549160
1765	-113140800	25.9	549160
1765	-110548800	28	549160
1765	-107870400	27.6	549160
1765	-105192000	20	549160
1765	-102600000	15.3	549160
1765	-99921600	7.9	549160
1765	-97329600	0.1	549160
1765	-94651200	-2.5	549160
1765	-91972800	1.3	549160
1765	-89553600	8	549160
1765	-86875200	14.9	549160
1765	-84283200	22.5	549160
1765	-81604800	27	549160
1765	-79012800	27.3	549160
1765	-76334400	28.6	549160
1765	-73656000	20.1	549160
1765	-71064000	14.9	549160
1765	-68385600	6.8	549160
1765	-65793600	-3	549160
1765	-63115200	-1.5	549160
1765	-60436800	-1.3	549160
1765	-57931200	8.9	549160
1765	-55252800	15.1	549160
1765	-52660800	20.7	549160
1765	-49982400	26.8	549160
1765	-47390400	27.6	549160
1765	-44712000	25.4	549160
1765	-42033600	20.9	549160
1765	-39441600	13.2	549160
1765	-36763200	9.2	549160
1765	-34171200	4.2	549160
1765	-31492800	-2.6	549160
1765	-28814400	-2.6	549160
1765	-26395200	5.6	549160
1765	-23716800	14.2	549160
1765	-21124800	20.7	549160
1765	-18446400	24.4	549160
1765	-15854400	26.9	549160
1765	-13176000	26.4	549160
1765	-10497600	21.4	549160
1765	-7905600	15.6	549160
1765	-5227200	6	549160
1765	-2635200	0.3	549160
1765	43200	-1.8	549160
1765	2721600	3.5	549160
1765	5140800	5.7	549160
1765	7819200	14.4	549160
1765	10411200	20.4	549160
1765	13089600	24.1	549160
1765	15681600	26	549160
1765	18360000	26.4	549160
1765	21038400	20.6	549160
1765	23630400	15.7	549160
1765	26308800	7.1	549160
1765	28900800	2	549160
1765	31579200	-0.5	549160
1765	34257600	0.5	549160
1765	36676800	6.3	549160
1765	39355200	14.2	549160
1765	41947200	21.4	549160
1765	44625600	24	549160
1765	47217600	28.5	549160
1765	49896000	25.5	549160
1765	52574400	21.2	549160
1765	55166400	14.5	549160
1765	57844800	9	549160
1765	60436800	0.5	549160
1765	63115200	-1.5	549160
1765	65793600	-1.8	549160
1765	68299200	7.7	549160
1765	70977600	14.7	549160
1765	73569600	19.4	549160
1765	76248000	25.9	549160
1765	78840000	26	549160
1765	81518400	25.4	549160
1765	84196800	19.9	549160
1765	86788800	14.9	549160
1765	89467200	8.3	549160
1765	92059200	2.1	549160
1765	94737600	0	549160
1765	97416000	3.4	549160
1765	99835200	9.3	549160
1765	102513600	15.7	549160
1765	105105600	18.9	549160
1765	107784000	24.5	549160
1765	110376000	26.4	549160
1765	113054400	27.3	549160
1765	115732800	20.8	549160
1765	118324800	13.8	549160
1765	121003200	7.6	549160
1765	123595200	0.3	549160
1765	126273600	-0.3	549160
1765	128952000	1.4	549160
1765	131371200	7	549160
1765	134049600	15.7	549160
1765	136641600	20.6	549160
1765	139320000	24.4	549160
1765	141912000	27	549160
1765	144590400	25.3	549160
1765	147268800	20.9	549160
1765	149860800	13.8	549160
1765	152539200	8.5	549160
1765	155131200	0.3	549160
1765	157809600	0.6	549160
1765	160488000	2.6	549160
1765	162907200	8.4	549160
1765	165585600	14.6	549160
1765	168177600	19.7	549160
1765	170856000	26.3	549160
1765	173448000	26.2	549160
1765	176126400	26.9	549160
1765	178804800	23	549160
1765	181396800	16	549160
1765	184075200	7.8	549160
1765	186667200	0.6	549160
1765	189345600	-0.2	549160
1765	192024000	3	549160
1765	194529600	6.9	549160
1765	197208000	12.8	549160
1765	199800000	19.4	549160
1765	202478400	23.8	549160
1765	205070400	25.8	549160
1765	207748800	25.1	549160
1765	210427200	21	549160
1765	213019200	15.8	549160
1765	215697600	5	549160
1765	218289600	1.2	549160
1765	220968000	-3.5	549160
1765	223646400	1.8	549160
1765	226065600	9.7	549160
1765	228744000	15.8	549160
1765	231336000	18.4	549160
1765	234014400	25.4	549160
1765	236606400	27.5	549160
1765	239284800	25.3	549160
1765	241963200	21.4	549160
1765	244555200	17	549160
1765	247233600	6.9	549160
1765	249825600	4	549160
1765	252504000	0	549160
1765	255182400	1.1	549160
1765	257601600	7.1	549160
1765	260280000	15.6	549160
1765	262872000	20.9	549160
1765	265550400	25.8	549160
1765	268142400	27	549160
1765	270820800	26.8	549160
1765	273499200	21	549160
1765	276091200	15	549160
1765	278769600	7.9	549160
1765	281361600	2.4	549160
1765	284040000	0.4	549160
1765	286718400	3.4	549160
1765	289137600	7.7	549160
1765	291816000	12.3	549160
1765	294408000	18.4	549160
1765	297086400	25.2	549160
1765	299678400	26.3	549160
1765	302356800	26.5	549160
1765	305035200	19.9	549160
1765	307627200	16.2	549160
1765	310305600	7	549160
1765	312897600	2.6	549160
1765	315576000	-0.5	549160
1765	318254400	0.7	549160
1765	320760000	6.4	549160
1765	323438400	13.1	549160
1765	326030400	18.7	549160
1765	328708800	24.8	549160
1765	331300800	25.9	549160
1765	333979200	24.2	549160
1765	336657600	20.4	549160
1765	339249600	15.2	549160
1765	341928000	9.6	549160
1765	344520000	0	549160
1765	347198400	-2.4	549160
1765	349876800	2.1	549160
1765	352296000	9.3	549160
1765	354974400	15.3	549160
1765	357566400	19.9	549160
1765	360244800	24.8	549160
1765	362836800	27.7	549160
1765	365515200	25.5	549160
1765	368193600	21.2	549160
1765	370785600	13.3	549160
1765	373464000	6	549160
1765	376056000	0.9	549160
1765	378734400	-0.6	549160
1765	381412800	2	549160
1765	383832000	8.4	549160
1765	386510400	14.4	549160
1765	389102400	21.7	549160
1765	391780800	24.6	549160
1765	394372800	26	549160
1765	397051200	26.1	549160
1765	399729600	20	549160
1765	402321600	16.7	549160
1765	4.05e+08	8.2	549160
1765	407592000	1.1	549160
1765	410270400	-0.3	549160
1765	412948800	1.5	549160
1765	415368000	7.4	549160
1765	418046400	15.4	549160
1765	420638400	21.5	549160
1765	423316800	25.2	549160
1765	425908800	26.6	549160
1765	428587200	26.7	549160
1765	431265600	22.5	549160
1765	433857600	14.7	549160
1765	436536000	7.9	549160
1765	439128000	1.2	549160
1765	441806400	-2.1	549160
1765	444484800	-0.2	549160
1765	446990400	6.9	549160
1765	449668800	14	549160
1765	452260800	19.1	549160
1765	454939200	23.9	549160
1765	457531200	25.7	549160
1765	460209600	26	549160
1765	462888000	20	549160
1765	465480000	14.7	549160
1765	468158400	9.3	549160
1765	470750400	-0.7	549160
1765	473428800	-1	549160
1765	476107200	1.4	549160
1765	478526400	5.7	549160
1765	481204800	15.1	549160
1765	483796800	19.6	549160
1765	486475200	25.8	549160
1765	489067200	27.1	549160
1765	491745600	26.7	549160
1765	494424000	19.9	549160
1765	497016000	15.7	549160
1765	499694400	7	549160
1765	502286400	-0.8	549160
1765	504964800	-0.1	549160
1765	507643200	0.6	549160
1765	510062400	7.6	549160
1765	512740800	13.8	549160
1765	515332800	20.3	549160
1765	518011200	25.6	549160
1765	520603200	26.6	549160
1765	523281600	24.7	549160
1765	525960000	21.1	549160
1765	528552000	13.4	549160
1765	531230400	6.9	549160
1765	533822400	0.8	549160
1765	536500800	0.7	549160
1765	539179200	2.9	549160
1765	541598400	6.4	549160
1765	544276800	14.3	549160
1765	546868800	20.5	549160
1765	549547200	23.9	549160
1765	552139200	27.4	549160
1765	554817600	26.3	549160
1765	557496000	21.5	549160
1765	560088000	16.6	549160
1765	562766400	7.5	549160
1765	565358400	1.5	549160
1765	568036800	0	549160
1765	570715200	1.1	549160
1765	573220800	5.7	549160
1765	575899200	14.4	549160
1765	578491200	20	549160
1765	581169600	25.8	549160
1765	583761600	27.2	549160
1765	586440000	25.4	549160
1765	589118400	21.7	549160
1765	591710400	15.3	549160
1765	594388800	7.1	549160
1765	596980800	1.6	549160
1765	599659200	0.5	549160
1765	602337600	2.2	549160
1765	604756800	7.5	549160
1765	607435200	15.3	549160
1765	610027200	19.9	549160
1765	612705600	24.5	549160
1765	615297600	25.8	549160
1765	617976000	25.6	549160
1765	620654400	21.6	549160
1765	623246400	15.6	549160
1765	625924800	6.7	549160
1765	628516800	2.4	549160
1765	631195200	-1.1	549160
1765	633873600	2.1	549160
1765	636292800	8.2	549160
1765	638971200	13.4	549160
1765	641563200	19.2	549160
1765	644241600	24.7	549160
1765	646833600	27.4	549160
1765	649512000	26.5	549160
1765	652190400	22	549160
1765	654782400	15.5	549160
1765	657460800	9.2	549160
1765	660052800	1	549160
1765	662731200	0.4	549160
1765	665409600	2.5	549160
1765	667828800	6	549160
1765	670507200	13	549160
1765	673099200	18.6	549160
1765	675777600	24.2	549160
1765	678369600	27	549160
1765	681048000	25.5	549160
1765	683726400	21.7	549160
1765	686318400	14.4	549160
1765	688996800	7.4	549160
1765	691588800	1.1	549160
1765	694267200	0.1	549160
1765	696945600	3.4	549160
1765	699451200	6.7	549160
1765	702129600	15.2	549160
1765	704721600	19.6	549160
1765	707400000	24.1	549160
1765	709992000	27.7	549160
1765	712670400	25.5	549160
1765	715348800	20.3	549160
1765	717940800	13	549160
1765	720619200	6.6	549160
1765	723211200	2.3	549160
1765	725889600	-1.5	549160
1765	728568000	3.9	549160
1765	730987200	7.9	549160
1765	733665600	14.3	549160
1765	736257600	19.2	549160
1765	738936000	25.6	549160
1765	741528000	25	549160
1765	744206400	24.9	549160
1765	746884800	21.6	549160
1765	749476800	14.9	549160
1765	752155200	6.3	549160
1765	754747200	0.7	549160
1765	757425600	0.7	549160
1765	760104000	2.2	549160
1765	762523200	6.7	549160
1765	765201600	15.8	549160
1765	767793600	20.7	549160
1765	770472000	25.5	549160
1765	773064000	28.3	549160
1765	775742400	26.4	549160
1765	778420800	20.7	549160
1765	781012800	14.6	549160
1765	783691200	9.1	549160
1765	786283200	2.6	549160
1765	788961600	0	549160
1765	791640000	2.9	549160
1765	794059200	8.2	549160
1765	796737600	13.8	549160
1765	799329600	20	549160
1765	802008000	24.9	549160
1765	804600000	26.7	549160
1765	807278400	26.6	549160
1765	809956800	20.8	549160
1765	812548800	15.7	549160
1765	815227200	7.7	549160
1765	817819200	0.7	549160
1765	820497600	0	549160
1765	823176000	1.3	549160
1765	825681600	7	549160
1765	828360000	13.4	549160
1765	830952000	19.5	549160
1765	833630400	25.4	549160
1765	836222400	26.9	549160
1765	838900800	25.7	549160
1765	841579200	21.1	549160
1765	844171200	15.3	549160
1765	846849600	6.3	549160
1765	849441600	2.4	549160
1765	852120000	-1	549160
1765	854798400	3	549160
1765	857217600	9.5	549160
1765	859896000	14.1	549160
1765	862488000	20.2	549160
1765	865166400	25.6	549160
1765	867758400	28.5	549160
1765	870436800	26.4	549160
1765	873115200	19.2	549160
1765	875707200	15.7	549160
1765	878385600	7.5	549160
1765	880977600	1.9	549160
1765	883656000	-0.7	549160
1765	886334400	4.4	549160
1765	888753600	8.2	549160
1765	891432000	16.5	549160
1765	894024000	18.9	549160
1765	896702400	24.9	549160
1765	899294400	28.3	549160
1765	901972800	26	549160
1765	904651200	23.8	549160
1765	907243200	17.5	549160
1765	909921600	9.7	549160
1765	912513600	2.6	549160
1765	915192000	1.2	549160
1765	917870400	4.3	549160
1765	920289600	8.2	549160
1765	922968000	15.4	549160
1765	925560000	20.5	549160
1765	928238400	25	549160
1765	930830400	26.7	549160
1765	933508800	25.7	549160
1765	936187200	23.3	549160
1765	938779200	15.5	549160
1765	941457600	8	549160
1765	944049600	2	549160
1765	946728000	-1.2	549160
1765	949406400	1.4	549160
1765	951912000	9.6	549160
1765	954590400	15.3	549160
1765	957182400	20.1	549160
1765	959860800	25.7	549160
1765	962452800	27.9	549160
1765	965131200	26.4	549160
1765	967809600	22.2	549160
1765	970401600	15.1	549160
1765	973080000	6.7	549160
1765	975672000	3.6	549160
1765	978350400	-0.1	549160
1765	981028800	2.7	549160
1765	983448000	8.9	549160
1765	986126400	14.6	549160
1765	988718400	21.8	549160
1765	991396800	25.5	549160
1765	993988800	26.9	549160
1765	996667200	25.5	549160
1765	999345600	21.8	549160
1765	1001937600	15.9	549160
1765	1004616000	7.9	549160
1765	1007208000	0.3	549160
1765	1009886400	2.2	549160
1765	1012564800	5.6	549160
1765	1014984000	10.9	549160
1765	1017662400	15.5	549160
1765	1020254400	19.5	549160
1765	1022932800	25.8	549160
1765	1025524800	27.9	549160
1765	1028203200	26.7	549160
1765	1030881600	21.5	549160
1765	1033473600	14.6	549160
1765	1036152000	6.5	549160
1765	1038744000	1.3	549160
1765	1041422400	-0.8	549160
1765	1044100800	3.3	549160
1765	1046520000	7.8	549160
1765	1049198400	14.5	549160
1765	1051790400	19.9	549160
1765	1054468800	24.3	549160
1765	1057060800	25.6	549160
1765	1059739200	25.3	549160
1765	1062417600	21.6	549160
1765	1065009600	14.9	549160
1765	1067688000	7.6	549160
1765	1070280000	1.2	549160
1765	1072958400	0.3	549160
1765	1075636800	5.7	549160
1765	1078142400	10	549160
1765	1080820800	16.3	549160
1765	1083412800	19.8	549160
1765	1086091200	24.3	549160
1765	1088683200	27.1	549160
1765	1091361600	25.6	549160
1765	1094040000	21.8	549160
1765	1096632000	14.7	549160
1765	1099310400	8.7	549160
1765	1101902400	2.7	549160
1765	1104580800	-0.9	549160
1765	1107259200	0.1	549160
1765	1109678400	6.9	549160
1765	1112356800	16.6	549160
1765	1114948800	19.5	549160
1765	1117627200	26.4	549160
1765	1120219200	27.2	549160
1765	1122897600	25.9	549160
1765	1125576000	21.6	549160
1765	1128168000	15.2	549160
1765	1130846400	9.6	549160
1765	1133438400	0.2	549160
1765	1136116800	1.6	549160
1765	1138795200	2.5	549160
1765	1141214400	10.3	549160
1765	1143892800	15.9	549160
1765	1146484800	20.1	549160
1765	1149163200	25.9	549160
1765	1151755200	27.3	549160
1765	1154433600	26.4	549160
1765	1157112000	21.3	549160
1765	1159704000	18.6	549160
1765	1162382400	9.7	549160
1765	1164974400	1.4	549160
1765	1167652800	0.1	549160
1765	1170331200	5.8	549160
1765	1172750400	9	549160
1765	1175428800	14.7	549160
1765	1178020800	21.5	549160
1765	1180699200	24.7	549160
1765	1183291200	26.1	549160
1765	1185969600	26.3	549160
1765	1188648000	22.3	549160
1765	1191240000	15.6	549160
1765	1193918400	7.8	549160
1765	1196510400	2.6	549160
1765	1199188800	-1.2	549160
1765	1201867200	0.8	549160
1765	1204372800	9.3	549160
1765	1207051200	14.7	549160
1765	1209643200	21.1	549160
1765	1212321600	24	549160
1765	1214913600	26.5	549160
1765	1217592000	25.9	549160
1765	1220270400	21.5	549160
1765	1222862400	16.5	549160
1765	1225540800	8.1	549160
1765	1228132800	1.7	549160
1765	1230811200	-0.8	549160
1765	1233489600	6.1	549160
1765	1235908800	9	549160
1765	1238587200	15.3	549160
1765	1241179200	20.5	549160
1765	1243857600	27.1	549160
1765	1246449600	26.7	549160
1765	1249128000	25.8	549160
1765	1251806400	21.2	549160
1765	1254398400	17.7	549160
1765	1257076800	4.8	549160
1765	1259668800	1.1	549160
1765	1262347200	-0.4	549160
1765	1265025600	3.8	549160
1765	1267444800	7.1	549160
1765	1270123200	12.6	549160
1765	1272715200	20.4	549160
1765	1275393600	25.4	549160
1765	1277985600	28	549160
1765	1280664000	26.7	549160
1765	1283342400	22.1	549160
1765	1285934400	15.4	549160
1765	1288612800	8.6	549160
1765	1291204800	2.1	549160
1765	1293883200	-3.3	549160
1765	1296561600	2.5	549160
1765	1298980800	7.6	549160
1765	1301659200	14.5	549160
1765	1304251200	19.9	549160
1765	1306929600	26.1	549160
1765	1309521600	27.5	549160
1765	1312200000	25.3	549160
1765	1314878400	20.3	549160
1765	1317470400	15.4	549160
1765	1320148800	9.7	549160
1765	1322740800	1	549160
1765	1325419200	-0.5	549160
1765	1328097600	1.2	549160
1765	1330603200	7.6	549160
1765	1333281600	16.4	549160
1765	1335873600	22	549160
1765	1338552000	25.7	549160
1765	1341144000	28.2	549160
1765	1343822400	25.7	549160
1765	1346500800	20.5	549160
1765	1349092800	16.1	549160
1765	1351771200	6.6	549160
1765	1354363200	-0.7	549160
1766	-347112000	-2.4	549290
1766	-344433600	2.1	549290
1766	-342014400	7.7	549290
1766	-339336000	13.4	549290
1766	-336744000	19.1	549290
1766	-334065600	24.4	549290
1766	-331473600	28.1	549290
1766	-328795200	28.3	549290
1766	-326116800	20.7	549290
1766	-323524800	15.2	549290
1766	-320846400	6.9	549290
1766	-318254400	0.4	549290
1766	-315576000	-0.8	549290
1766	-312897600	4	549290
1766	-310392000	8.4	549290
1766	-307713600	13.6	549290
1766	-305121600	19.4	549290
1766	-302443200	25.3	549290
1766	-299851200	26.6	549290
1766	-297172800	26	549290
1766	-294494400	21.4	549290
1766	-291902400	14.6	549290
1766	-289224000	7.4	549290
1766	-286632000	-0.9	549290
1766	-283953600	-1.5	549290
1766	-281275200	3.2	549290
1766	-278856000	8.1	549290
1766	-276177600	15.3	549290
1766	-273585600	19.9	549290
1766	-270907200	23.9	549290
1766	-268315200	28	549290
1766	-265636800	26.5	549290
1766	-262958400	20.6	549290
1766	-260366400	16.1	549290
1766	-257688000	9.2	549290
1766	-255096000	1.1	549290
1766	-252417600	-2.5	549290
1766	-249739200	2.1	549290
1766	-247320000	6.3	549290
1766	-244641600	12.3	549290
1766	-242049600	19.8	549290
1766	-239371200	23.3	549290
1766	-236779200	27	549290
1766	-234100800	25.7	549290
1766	-231422400	21.1	549290
1766	-228830400	14.4	549290
1766	-226152000	7	549290
1766	-223560000	3.1	549290
1766	-220881600	-2.9	549290
1766	-218203200	-0.3	549290
1766	-215784000	7.6	549290
1766	-213105600	12.8	549290
1766	-210513600	18.3	549290
1766	-207835200	24.8	549290
1766	-205243200	26	549290
1766	-202564800	26.2	549290
1766	-199886400	21.2	549290
1766	-197294400	14.2	549290
1766	-194616000	8.5	549290
1766	-192024000	1.3	549290
1766	-189345600	0.5	549290
1766	-186667200	-4.5	549290
1766	-184161600	7.2	549290
1766	-181483200	14	549290
1766	-178891200	19.8	549290
1766	-176212800	24.4	549290
1766	-173620800	27.8	549290
1766	-170942400	26.3	549290
1766	-168264000	20.4	549290
1766	-165672000	15	549290
1766	-162993600	8.3	549290
1766	-160401600	2.4	549290
1766	-157723200	0.4	549290
1766	-155044800	2.8	549290
1766	-152625600	6.7	549290
1766	-149947200	11.9	549290
1766	-147355200	21.3	549290
1766	-144676800	25.6	549290
1766	-142084800	26.2	549290
1766	-139406400	24.8	549290
1766	-136728000	21.4	549290
1766	-134136000	17.1	549290
1766	-131457600	9	549290
1766	-128865600	0.6	549290
1766	-126187200	0	549290
1766	-123508800	3.4	549290
1766	-121089600	7.4	549290
1766	-118411200	13.9	549290
1766	-115819200	20.3	549290
1766	-113140800	25	549290
1766	-110548800	27.5	549290
1766	-107870400	27.9	549290
1766	-105192000	20.6	549290
1766	-102600000	15.5	549290
1766	-99921600	8.2	549290
1766	-97329600	-0.1	549290
1766	-94651200	-2.5	549290
1766	-91972800	0.6	549290
1766	-89553600	7.3	549290
1766	-86875200	14.2	549290
1766	-84283200	21.4	549290
1766	-81604800	25.5	549290
1766	-79012800	26.7	549290
1766	-76334400	28.7	549290
1766	-73656000	20.2	549290
1766	-71064000	15.1	549290
1766	-68385600	7	549290
1766	-65793600	-2.8	549290
1766	-63115200	-1	549290
1766	-60436800	-1.5	549290
1766	-57931200	8.2	549290
1766	-55252800	14.6	549290
1766	-52660800	20.5	549290
1766	-49982400	25.6	549290
1766	-47390400	26.7	549290
1766	-44712000	25.1	549290
1766	-42033600	20.6	549290
1766	-39441600	13.2	549290
1766	-36763200	9	549290
1766	-34171200	4.1	549290
1766	-31492800	-2.7	549290
1766	-28814400	-3.4	549290
1766	-26395200	4.9	549290
1766	-23716800	13.3	549290
1766	-21124800	20	549290
1766	-18446400	23.9	549290
1766	-15854400	25.9	549290
1766	-13176000	26.5	549290
1766	-10497600	21.1	549290
1766	-7905600	15.3	549290
1766	-5227200	6.4	549290
1766	-2635200	0	549290
1766	43200	-1.9	549290
1766	2721600	2.9	549290
1766	5140800	4.9	549290
1766	7819200	13.9	549290
1766	10411200	19.9	549290
1766	13089600	23	549290
1766	15681600	25.4	549290
1766	18360000	26.3	549290
1766	21038400	20.6	549290
1766	23630400	15.4	549290
1766	26308800	7.3	549290
1766	28900800	1.8	549290
1766	31579200	-0.7	549290
1766	34257600	0.2	549290
1766	36676800	6.1	549290
1766	39355200	13.7	549290
1766	41947200	21.1	549290
1766	44625600	23.3	549290
1766	47217600	28.2	549290
1766	49896000	25.1	549290
1766	52574400	21.1	549290
1766	55166400	14.6	549290
1766	57844800	9	549290
1766	60436800	0.4	549290
1766	63115200	-0.7	549290
1766	65793600	-0.9	549290
1766	68299200	6.8	549290
1766	70977600	14.8	549290
1766	73569600	18.8	549290
1766	76248000	25.2	549290
1766	78840000	25.2	549290
1766	81518400	25.4	549290
1766	84196800	19.8	549290
1766	86788800	14.7	549290
1766	89467200	7.7	549290
1766	92059200	1.9	549290
1766	94737600	-0.3	549290
1766	97416000	2.7	549290
1766	99835200	8.5	549290
1766	102513600	15.2	549290
1766	105105600	18.5	549290
1766	107784000	24.2	549290
1766	110376000	26.2	549290
1766	113054400	27.8	549290
1766	115732800	20.6	549290
1766	118324800	13.5	549290
1766	121003200	7.2	549290
1766	123595200	0	549290
1766	126273600	-1	549290
1766	128952000	0.3	549290
1766	131371200	6.1	549290
1766	134049600	14.5	549290
1766	136641600	19.8	549290
1766	139320000	23.5	549290
1766	141912000	25.9	549290
1766	144590400	24.9	549290
1766	147268800	20.9	549290
1766	149860800	13.5	549290
1766	152539200	7.9	549290
1766	155131200	-1	549290
1766	157809600	0.1	549290
1766	160488000	2.1	549290
1766	162907200	7.5	549290
1766	165585600	13.9	549290
1766	168177600	19.8	549290
1766	170856000	25.2	549290
1766	173448000	25.5	549290
1766	176126400	26.2	549290
1766	178804800	22.5	549290
1766	181396800	15.4	549290
1766	184075200	8	549290
1766	186667200	0.7	549290
1766	189345600	-0.5	549290
1766	192024000	2.7	549290
1766	194529600	6.8	549290
1766	197208000	12.5	549290
1766	199800000	19.6	549290
1766	202478400	22.8	549290
1766	205070400	24.6	549290
1766	207748800	24.9	549290
1766	210427200	20.8	549290
1766	213019200	15.8	549290
1766	215697600	5	549290
1766	218289600	0.9	549290
1766	220968000	-3.4	549290
1766	223646400	1.3	549290
1766	226065600	9.4	549290
1766	228744000	15.5	549290
1766	231336000	17.9	549290
1766	234014400	25	549290
1766	236606400	27.1	549290
1766	239284800	25.1	549290
1766	241963200	21.6	549290
1766	244555200	17	549290
1766	247233600	7.1	549290
1766	249825600	3.9	549290
1766	252504000	-0.1	549290
1766	255182400	0.9	549290
1766	257601600	6.7	549290
1766	260280000	16.2	549290
1766	262872000	21.1	549290
1766	265550400	26	549290
1766	268142400	27.2	549290
1766	270820800	26.8	549290
1766	273499200	21.6	549290
1766	276091200	14.9	549290
1766	278769600	7.8	549290
1766	281361600	2.2	549290
1766	284040000	0.4	549290
1766	286718400	3.2	549290
1766	289137600	7.3	549290
1766	291816000	12	549290
1766	294408000	18.9	549290
1766	297086400	25	549290
1766	299678400	25.7	549290
1766	302356800	26.4	549290
1766	305035200	19.6	549290
1766	307627200	16.1	549290
1766	310305600	6.7	549290
1766	312897600	2.6	549290
1766	315576000	-0.7	549290
1766	318254400	0.2	549290
1766	320760000	5.8	549290
1766	323438400	12.8	549290
1766	326030400	18.9	549290
1766	328708800	24.1	549290
1766	331300800	25.1	549290
1766	333979200	24	549290
1766	336657600	20.5	549290
1766	339249600	14.7	549290
1766	341928000	9.8	549290
1766	344520000	0	549290
1766	347198400	-2.5	549290
1766	349876800	1.5	549290
1766	352296000	8.9	549290
1766	354974400	15.6	549290
1766	357566400	21	549290
1766	360244800	24.2	549290
1766	362836800	27.1	549290
1766	365515200	25.5	549290
1766	368193600	21.6	549290
1766	370785600	13.2	549290
1766	373464000	5.8	549290
1766	376056000	0.9	549290
1766	378734400	-0.7	549290
1766	381412800	1.9	549290
1766	383832000	7.7	549290
1766	386510400	14.2	549290
1766	389102400	22.8	549290
1766	391780800	24	549290
1766	394372800	24.8	549290
1766	397051200	25.5	549290
1766	399729600	20	549290
1766	402321600	16.1	549290
1766	4.05e+08	8.2	549290
1766	407592000	0.7	549290
1766	410270400	-0.3	549290
1766	412948800	1.1	549290
1766	415368000	6.5	549290
1766	418046400	15.1	549290
1766	420638400	21.3	549290
1766	423316800	24.5	549290
1766	425908800	26.2	549290
1766	428587200	26.5	549290
1766	431265600	22.4	549290
1766	433857600	14.6	549290
1766	436536000	7.8	549290
1766	439128000	1.3	549290
1766	441806400	-1.9	549290
1766	444484800	-0.3	549290
1766	446990400	6.5	549290
1766	449668800	13.7	549290
1766	452260800	19.5	549290
1766	454939200	23	549290
1766	457531200	25.1	549290
1766	460209600	26	549290
1766	462888000	19.5	549290
1766	465480000	14.5	549290
1766	468158400	9.3	549290
1766	470750400	-0.4	549290
1766	473428800	-0.8	549290
1766	476107200	0.6	549290
1766	478526400	4.9	549290
1766	481204800	14.7	549290
1766	483796800	19	549290
1766	486475200	24.3	549290
1766	489067200	26.3	549290
1766	491745600	26.1	549290
1766	494424000	19.5	549290
1766	497016000	15.3	549290
1766	499694400	6.6	549290
1766	502286400	-0.9	549290
1766	504964800	-0.4	549290
1766	507643200	0.4	549290
1766	510062400	7.3	549290
1766	512740800	14.4	549290
1766	515332800	21	549290
1766	518011200	24.6	549290
1766	520603200	25.7	549290
1766	523281600	24.6	549290
1766	525960000	20.9	549290
1766	528552000	13.3	549290
1766	531230400	6.7	549290
1766	533822400	0.9	549290
1766	536500800	0	549290
1766	539179200	2.4	549290
1766	541598400	5.8	549290
1766	544276800	14.1	549290
1766	546868800	20.7	549290
1766	549547200	23.3	549290
1766	552139200	26.6	549290
1766	554817600	26.3	549290
1766	557496000	21.3	549290
1766	560088000	16.3	549290
1766	562766400	7.4	549290
1766	565358400	1.7	549290
1766	568036800	-0.1	549290
1766	570715200	0.8	549290
1766	573220800	5.2	549290
1766	575899200	14.7	549290
1766	578491200	19.9	549290
1766	581169600	24.9	549290
1766	583761600	27.7	549290
1766	586440000	25.3	549290
1766	589118400	21.5	549290
1766	591710400	15.5	549290
1766	594388800	8.1	549290
1766	596980800	1.8	549290
1766	599659200	0.8	549290
1766	602337600	2.5	549290
1766	604756800	7.2	549290
1766	607435200	15.7	549290
1766	610027200	20.1	549290
1766	612705600	23	549290
1766	615297600	25.2	549290
1766	617976000	25.3	549290
1766	620654400	21.6	549290
1766	623246400	15.9	549290
1766	625924800	6.8	549290
1766	628516800	2.4	549290
1766	631195200	-1	549290
1766	633873600	1.9	549290
1766	636292800	8.7	549290
1766	638971200	13.2	549290
1766	641563200	19.2	549290
1766	644241600	23.9	549290
1766	646833600	27.2	549290
1766	649512000	26.2	549290
1766	652190400	21.7	549290
1766	654782400	15.6	549290
1766	657460800	10.1	549290
1766	660052800	1.7	549290
1766	662731200	0.5	549290
1766	665409600	2.7	549290
1766	667828800	5.9	549290
1766	670507200	13.6	549290
1766	673099200	18.4	549290
1766	675777600	23.1	549290
1766	678369600	26.8	549290
1766	681048000	25.6	549290
1766	683726400	21.5	549290
1766	686318400	14.9	549290
1766	688996800	8.1	549290
1766	691588800	1.4	549290
1766	694267200	0.2	549290
1766	696945600	3.1	549290
1766	699451200	6.2	549290
1766	702129600	15.5	549290
1766	704721600	19.8	549290
1766	707400000	23.8	549290
1766	709992000	27.4	549290
1766	712670400	25.2	549290
1766	715348800	20.3	549290
1766	717940800	13.3	549290
1766	720619200	7	549290
1766	723211200	2.8	549290
1766	725889600	-0.9	549290
1766	728568000	3.8	549290
1766	730987200	7.7	549290
1766	733665600	14.5	549290
1766	736257600	19.5	549290
1766	738936000	24.9	549290
1766	741528000	24.5	549290
1766	744206400	24.6	549290
1766	746884800	22	549290
1766	749476800	15.3	549290
1766	752155200	7.4	549290
1766	754747200	1.3	549290
1766	757425600	1	549290
1766	760104000	2.2	549290
1766	762523200	6.8	549290
1766	765201600	15.7	549290
1766	767793600	21.9	549290
1766	770472000	25.4	549290
1766	773064000	28.3	549290
1766	775742400	26.6	549290
1766	778420800	21.1	549290
1766	781012800	15	549290
1766	783691200	9.6	549290
1766	786283200	2.8	549290
1766	788961600	0.6	549290
1766	791640000	3.2	549290
1766	794059200	8	549290
1766	796737600	13.9	549290
1766	799329600	20.2	549290
1766	802008000	24.4	549290
1766	804600000	26.3	549290
1766	807278400	26.6	549290
1766	809956800	20.8	549290
1766	812548800	15.8	549290
1766	815227200	8.1	549290
1766	817819200	1.3	549290
1766	820497600	0.2	549290
1766	823176000	1.1	549290
1766	825681600	6.6	549290
1766	828360000	13.4	549290
1766	830952000	20.1	549290
1766	833630400	24.9	549290
1766	836222400	26.3	549290
1766	838900800	25.6	549290
1766	841579200	21.3	549290
1766	844171200	15	549290
1766	846849600	6.6	549290
1766	849441600	2.3	549290
1766	852120000	-0.7	549290
1766	854798400	2.8	549290
1766	857217600	9.4	549290
1766	859896000	14.3	549290
1766	862488000	20.9	549290
1766	865166400	25.6	549290
1766	867758400	28	549290
1766	870436800	26.3	549290
1766	873115200	19.7	549290
1766	875707200	16.4	549290
1766	878385600	8.3	549290
1766	880977600	2.7	549290
1766	883656000	-0.6	549290
1766	886334400	4.3	549290
1766	888753600	8.2	549290
1766	891432000	16	549290
1766	894024000	18.6	549290
1766	896702400	23.6	549290
1766	899294400	28.1	549290
1766	901972800	26	549290
1766	904651200	23.9	549290
1766	907243200	17.8	549290
1766	909921600	10.2	549290
1766	912513600	3.2	549290
1766	915192000	1.9	549290
1766	917870400	4.7	549290
1766	920289600	8.2	549290
1766	922968000	16.1	549290
1766	925560000	21	549290
1766	928238400	24.7	549290
1766	930830400	26.8	549290
1766	933508800	26	549290
1766	936187200	23.2	549290
1766	938779200	15.4	549290
1766	941457600	8.4	549290
1766	944049600	2.5	549290
1766	946728000	-0.8	549290
1766	949406400	1.5	549290
1766	951912000	9.9	549290
1766	954590400	16	549290
1766	957182400	20.9	549290
1766	959860800	25.2	549290
1766	962452800	27.7	549290
1766	965131200	26.6	549290
1766	967809600	22.2	549290
1766	970401600	15.4	549290
1766	973080000	7	549290
1766	975672000	3.6	549290
1766	978350400	0	549290
1766	981028800	2.7	549290
1766	983448000	8.7	549290
1766	986126400	14.7	549290
1766	988718400	23	549290
1766	991396800	25.4	549290
1766	993988800	27	549290
1766	996667200	25.7	549290
1766	999345600	22.2	549290
1766	1001937600	16.5	549290
1766	1004616000	8.7	549290
1766	1007208000	0.8	549290
1766	1009886400	2.8	549290
1766	1012564800	6.1	549290
1766	1014984000	11.2	549290
1766	1017662400	15.7	549290
1766	1020254400	19.5	549290
1766	1022932800	25.3	549290
1766	1025524800	28.3	549290
1766	1028203200	27.2	549290
1766	1030881600	22.5	549290
1766	1033473600	15.1	549290
1766	1036152000	7.4	549290
1766	1038744000	2	549290
1766	1041422400	-0.1	549290
1766	1044100800	3.4	549290
1766	1046520000	7.9	549290
1766	1049198400	15.2	549290
1766	1051790400	20.1	549290
1766	1054468800	24.6	549290
1766	1057060800	25.3	549290
1766	1059739200	25.2	549290
1766	1062417600	22.1	549290
1766	1065009600	15.7	549290
1766	1067688000	8.3	549290
1766	1070280000	2.2	549290
1766	1072958400	0.2	549290
1766	1075636800	5.5	549290
1766	1078142400	10	549290
1766	1080820800	16.8	549290
1766	1083412800	21	549290
1766	1086091200	24.8	549290
1766	1088683200	27.2	549290
1766	1091361600	25.6	549290
1766	1094040000	22	549290
1766	1096632000	15.5	549290
1766	1099310400	9.6	549290
1766	1101902400	2.9	549290
1766	1104580800	-0.5	549290
1766	1107259200	0.1	549290
1766	1109678400	7.1	549290
1766	1112356800	17.2	549290
1766	1114948800	20.3	549290
1766	1117627200	26.7	549290
1766	1120219200	27	549290
1766	1122897600	25.5	549290
1766	1125576000	21.3	549290
1766	1128168000	15.6	549290
1766	1130846400	10.6	549290
1766	1133438400	0.2	549290
1766	1136116800	1.4	549290
1766	1138795200	2	549290
1766	1141214400	9.5	549290
1766	1143892800	16.2	549290
1766	1146484800	20.8	549290
1766	1149163200	26.1	549290
1766	1151755200	27	549290
1766	1154433600	26.8	549290
1766	1157112000	21.5	549290
1766	1159704000	19.3	549290
1766	1162382400	11.2	549290
1766	1164974400	2	549290
1766	1167652800	1.2	549290
1766	1170331200	6.4	549290
1766	1172750400	9.3	549290
1766	1175428800	15.7	549290
1766	1178020800	22.7	549290
1766	1180699200	24.3	549290
1766	1183291200	26	549290
1766	1185969600	26.5	549290
1766	1188648000	22.6	549290
1766	1191240000	16	549290
1766	1193918400	8.8	549290
1766	1196510400	3.5	549290
1766	1199188800	-0.9	549290
1766	1201867200	1.3	549290
1766	1204372800	9.7	549290
1766	1207051200	15.4	549290
1766	1209643200	21.3	549290
1766	1212321600	23.1	549290
1766	1214913600	26.3	549290
1766	1217592000	25.9	549290
1766	1220270400	22	549290
1766	1222862400	17.1	549290
1766	1225540800	9.1	549290
1766	1228132800	2.2	549290
1766	1230811200	-0.1	549290
1766	1233489600	5.4	549290
1766	1235908800	8.3	549290
1766	1238587200	15.6	549290
1766	1241179200	21.4	549290
1766	1243857600	26.7	549290
1766	1246449600	26.4	549290
1766	1249128000	25.6	549290
1766	1251806400	21.7	549290
1766	1254398400	18	549290
1766	1257076800	5.8	549290
1766	1259668800	1.3	549290
1766	1262347200	-0.3	549290
1766	1265025600	3.4	549290
1766	1267444800	6.5	549290
1766	1270123200	12.3	549290
1766	1272715200	20.6	549290
1766	1275393600	24.7	549290
1766	1277985600	27.7	549290
1766	1280664000	27	549290
1766	1283342400	22.6	549290
1766	1285934400	15.9	549290
1766	1288612800	9.4	549290
1766	1291204800	2.8	549290
1766	1293883200	-2.9	549290
1766	1296561600	2.6	549290
1766	1298980800	8	549290
1766	1301659200	15.4	549290
1766	1304251200	20.8	549290
1766	1306929600	25.8	549290
1766	1309521600	27.3	549290
1766	1312200000	25.6	549290
1766	1314878400	20.6	549290
1766	1317470400	15.4	549290
1766	1320148800	10.2	549290
1766	1322740800	1.4	549290
1766	1325419200	-0.2	549290
1766	1328097600	1.1	549290
1766	1330603200	7.3	549290
1766	1333281600	16.6	549290
1766	1335873600	23	549290
1766	1338552000	25.8	549290
1766	1341144000	28.3	549290
1766	1343822400	26.2	549290
1766	1346500800	21.2	549290
1766	1349092800	16.7	549290
1766	1351771200	7.2	549290
1766	1354363200	-0.4	549290
1767	-473342400	-2.2	549450
1767	-470664000	2.1	549450
1767	-468244800	4	549450
1767	-465566400	10.5	549450
1767	-462974400	16.8	549450
1767	-460296000	21.4	549450
1767	-457704000	23.9	549450
1767	-455025600	26.1	549450
1767	-452347200	23	549450
1767	-449755200	14.3	549450
1767	-447076800	7.9	549450
1767	-444484800	4.5	549450
1767	-441806400	-1.4	549450
1767	-439128000	-0.2	549450
1767	-436622400	3	549450
1767	-433944000	11.2	549450
1767	-431352000	15.2	549450
1767	-428673600	20.4	549450
1767	-426081600	24.6	549450
1767	-423403200	24.9	549450
1767	-420724800	21.9	549450
1767	-418132800	15	549450
1767	-415454400	6.5	549450
1767	-412862400	0	549450
1767	-410184000	-2.2	549450
1767	-407505600	-2.5	549450
1767	-405086400	3.1	549450
1767	-402408000	9.5	549450
1767	-399816000	16.2	549450
1767	-397137600	19.7	549450
1767	-394545600	23.7	549450
1767	-391867200	24.7	549450
1767	-389188800	20.2	549450
1767	-386596800	15.4	549450
1767	-383918400	10.4	549450
1767	-381326400	2.8	549450
1767	-378648000	-1.5	549450
1767	-375969600	1.4	549450
1767	-373550400	4.9	549450
1767	-370872000	10.5	549450
1767	-368280000	15.2	549450
1767	-365601600	21	549450
1767	-363009600	25.9	549450
1767	-360331200	24.6	549450
1767	-357652800	21.1	549450
1767	-355060800	14	549450
1767	-352382400	7.9	549450
1767	-349790400	4.8	549450
1767	-347112000	-1.7	549450
1767	-344433600	2	549450
1767	-342014400	6.8	549450
1767	-339336000	11.7	549450
1767	-336744000	17.2	549450
1767	-334065600	21.6	549450
1767	-331473600	26.1	549450
1767	-328795200	27.2	549450
1767	-326116800	21.5	549450
1767	-323524800	16.3	549450
1767	-320846400	7.8	549450
1767	-318254400	2.5	549450
1767	-315576000	-0.1	549450
1767	-312897600	3.3	549450
1767	-310392000	6.2	549450
1767	-307713600	11.4	549450
1767	-305121600	17.1	549450
1767	-302443200	21.6	549450
1767	-299851200	25.5	549450
1767	-297172800	25.2	549450
1767	-294494400	21.7	549450
1767	-291902400	15.5	549450
1767	-289224000	8.5	549450
1767	-286632000	0.4	549450
1767	-283953600	-0.2	549450
1767	-281275200	3	549450
1767	-278856000	6.5	549450
1767	-276177600	12.1	549450
1767	-273585600	16.2	549450
1767	-270907200	21	549450
1767	-268315200	26.1	549450
1767	-265636800	26.3	549450
1767	-262958400	21.4	549450
1767	-260366400	16.1	549450
1767	-257688000	10.5	549450
1767	-255096000	2	549450
1767	-252417600	-1	549450
1767	-249739200	2.3	549450
1767	-247320000	5.4	549450
1767	-244641600	10.4	549450
1767	-242049600	17.4	549450
1767	-239371200	20.9	549450
1767	-236779200	25.3	549450
1767	-234100800	25.5	549450
1767	-231422400	21	549450
1767	-228830400	15.2	549450
1767	-226152000	7.6	549450
1767	-223560000	3.8	549450
1767	-220881600	-2.6	549450
1767	-218203200	0.3	549450
1767	-215784000	6.2	549450
1767	-213105600	9.7	549450
1767	-210513600	14.4	549450
1767	-207835200	20.7	549450
1767	-205243200	24.3	549450
1767	-202564800	25.4	549450
1767	-199886400	21.5	549450
1767	-197294400	15.2	549450
1767	-194616000	9.7	549450
1767	-192024000	2.3	549450
1767	-189345600	1	549450
1767	-186667200	-3.5	549450
1767	-184161600	5.2	549450
1767	-181483200	9.5	549450
1767	-178891200	16	549450
1767	-176212800	20.6	549450
1767	-173620800	26.2	549450
1767	-170942400	25.9	549450
1767	-168264000	21	549450
1767	-165672000	15.7	549450
1767	-162993600	8.9	549450
1767	-160401600	2.8	549450
1767	-157723200	0.4	549450
1767	-155044800	1.7	549450
1767	-152625600	5.3	549450
1767	-149947200	9.8	549450
1767	-147355200	17.3	549450
1767	-144676800	21.7	549450
1767	-142084800	24.6	549450
1767	-139406400	24	549450
1767	-136728000	21.3	549450
1767	-134136000	17.7	549450
1767	-131457600	9.8	549450
1767	-128865600	1.1	549450
1767	-126187200	-0.2	549450
1767	-123508800	2.4	549450
1767	-121089600	5.8	549450
1767	-118411200	9.9	549450
1767	-115819200	16.5	549450
1767	-113140800	21.5	549450
1767	-110548800	25.2	549450
1767	-107870400	27.2	549450
1767	-105192000	20.3	549450
1767	-102600000	15.9	549450
1767	-99921600	8.9	549450
1767	-97329600	0	549450
1767	-94651200	-2.5	549450
1767	-91972800	0.1	549450
1767	-89553600	5.4	549450
1767	-86875200	11.4	549450
1767	-84283200	16.6	549450
1767	-81604800	20.9	549450
1767	-79012800	25.6	549450
1767	-76334400	27.7	549450
1767	-73656000	20.3	549450
1767	-71064000	15.6	549450
1767	-68385600	7.4	549450
1767	-65793600	-2.4	549450
1767	-63115200	-1.1	549450
1767	-60436800	-2.5	549450
1767	-57931200	5.8	549450
1767	-55252800	11.3	549450
1767	-52660800	15.9	549450
1767	-49982400	21.4	549450
1767	-47390400	24.7	549450
1767	-44712000	25.1	549450
1767	-42033600	21.3	549450
1767	-39441600	13.9	549450
1767	-36763200	9.6	549450
1767	-34171200	4.8	549450
1767	-31492800	-2.5	549450
1767	-28814400	-3.6	549450
1767	-26395200	2.9	549450
1767	-23716800	9.8	549450
1767	-21124800	15.6	549450
1767	-18446400	20.7	549450
1767	-15854400	23.8	549450
1767	-13176000	26.1	549450
1767	-10497600	21.1	549450
1767	-7905600	15.6	549450
1767	-5227200	6.9	549450
1767	-2635200	0.6	549450
1767	43200	-2.3	549450
1767	2721600	1.9	549450
1767	5140800	3.2	549450
1767	7819200	10.6	549450
1767	10411200	16.7	549450
1767	13089600	20.4	549450
1767	15681600	24.2	549450
1767	18360000	25.6	549450
1767	21038400	20.9	549450
1767	23630400	16.1	549450
1767	26308800	8.1	549450
1767	28900800	1.8	549450
1767	31579200	-0.9	549450
1767	34257600	-0.2	549450
1767	36676800	4.1	549450
1767	39355200	10.6	549450
1767	41947200	17.4	549450
1767	44625600	21	549450
1767	47217600	26.7	549450
1767	49896000	25.1	549450
1767	52574400	21	549450
1767	55166400	14.6	549450
1767	57844800	10	549450
1767	60436800	1	549450
1767	63115200	-0.3	549450
1767	65793600	-1.3	549450
1767	68299200	4.6	549450
1767	70977600	10.8	549450
1767	73569600	16	549450
1767	76248000	20.9	549450
1767	78840000	23.6	549450
1767	81518400	24.4	549450
1767	84196800	20	549450
1767	86788800	15.6	549450
1767	89467200	8.3	549450
1767	92059200	2.5	549450
1767	94737600	0.6	549450
1767	97416000	2	549450
1767	99835200	6.3	549450
1767	102513600	12.2	549450
1767	105105600	16.8	549450
1767	107784000	20.8	549450
1767	110376000	25.5	549450
1767	113054400	27.1	549450
1767	115732800	20.5	549450
1767	118324800	14.6	549450
1767	121003200	8.1	549450
1767	123595200	1.2	549450
1767	126273600	-0.6	549450
1767	128952000	0	549450
1767	131371200	4.5	549450
1767	134049600	11.6	549450
1767	136641600	16.1	549450
1767	139320000	21.7	549450
1767	141912000	24.1	549450
1767	144590400	24.9	549450
1767	147268800	21.5	549450
1767	149860800	14.3	549450
1767	152539200	8.7	549450
1767	155131200	0.3	549450
1767	157809600	0.6	549450
1767	160488000	1.5	549450
1767	162907200	6	549450
1767	165585600	11.7	549450
1767	168177600	16.4	549450
1767	170856000	21.8	549450
1767	173448000	24.8	549450
1767	176126400	26	549450
1767	178804800	22.8	549450
1767	181396800	15.6	549450
1767	184075200	9.1	549450
1767	186667200	1.4	549450
1767	189345600	0	549450
1767	192024000	2.3	549450
1767	194529600	5.4	549450
1767	197208000	10.1	549450
1767	199800000	15.9	549450
1767	202478400	19.6	549450
1767	205070400	22.3	549450
1767	207748800	24.7	549450
1767	210427200	20.9	549450
1767	213019200	15.9	549450
1767	215697600	5.9	549450
1767	218289600	1.8	549450
1767	220968000	-3.4	549450
1767	223646400	0.3	549450
1767	226065600	6.7	549450
1767	228744000	11.7	549450
1767	231336000	14.5	549450
1767	234014400	20.6	549450
1767	236606400	25.7	549450
1767	239284800	24.7	549450
1767	241963200	20.9	549450
1767	244555200	17.1	549450
1767	247233600	8.2	549450
1767	249825600	4.4	549450
1767	252504000	0	549450
1767	255182400	0.7	549450
1767	257601600	5.1	549450
1767	260280000	12.8	549450
1767	262872000	17.3	549450
1767	265550400	23.8	549450
1767	268142400	26.2	549450
1767	270820800	26.7	549450
1767	273499200	21.2	549450
1767	276091200	15.2	549450
1767	278769600	8.6	549450
1767	281361600	2.7	549450
1767	284040000	0.9	549450
1767	286718400	2.5	549450
1767	289137600	5.8	549450
1767	291816000	10.8	549450
1767	294408000	16.8	549450
1767	297086400	21.8	549450
1767	299678400	24.8	549450
1767	302356800	26.7	549450
1767	305035200	20.1	549450
1767	307627200	16.1	549450
1767	310305600	7.2	549450
1767	312897600	3	549450
1767	315576000	-1	549450
1767	318254400	-0.5	549450
1767	320760000	4.4	549450
1767	323438400	9.9	549450
1767	326030400	15.6	549450
1767	328708800	21.4	549450
1767	331300800	23.9	549450
1767	333979200	24	549450
1767	336657600	20.6	549450
1767	339249600	15	549450
1767	341928000	10.8	549450
1767	344520000	0.9	549450
1767	347198400	-2.2	549450
1767	349876800	0.9	549450
1767	352296000	6.6	549450
1767	354974400	12.9	549450
1767	357566400	18.3	549450
1767	360244800	21.3	549450
1767	362836800	26.3	549450
1767	365515200	25.4	549450
1767	368193600	21.3	549450
1767	370785600	14.1	549450
1767	373464000	6.3	549450
1767	376056000	1.7	549450
1767	378734400	-0.6	549450
1767	381412800	1.3	549450
1767	383832000	5.4	549450
1767	386510400	11.3	549450
1767	389102400	18.3	549450
1767	391780800	21	549450
1767	394372800	23.9	549450
1767	397051200	25.6	549450
1767	399729600	21	549450
1767	402321600	16.7	549450
1767	4.05e+08	9.1	549450
1767	407592000	1.8	549450
1767	410270400	0	549450
1767	412948800	0.5	549450
1767	415368000	5.3	549450
1767	418046400	12.6	549450
1767	420638400	16.5	549450
1767	423316800	21.5	549450
1767	425908800	25	549450
1767	428587200	25.7	549450
1767	431265600	22.9	549450
1767	433857600	15.4	549450
1767	436536000	9	549450
1767	439128000	2.1	549450
1767	441806400	-1.5	549450
1767	444484800	-0.6	549450
1767	446990400	5.2	549450
1767	449668800	10.3	549450
1767	452260800	16.1	549450
1767	454939200	20.5	549450
1767	457531200	24.3	549450
1767	460209600	26.1	549450
1767	462888000	20.5	549450
1767	465480000	15.5	549450
1767	468158400	10.2	549450
1767	470750400	0.5	549450
1767	473428800	-1.2	549450
1767	476107200	0.5	549450
1767	478526400	3.7	549450
1767	481204800	12.1	549450
1767	483796800	15.9	549450
1767	486475200	20.5	549450
1767	489067200	24.8	549450
1767	491745600	25.9	549450
1767	494424000	20.4	549450
1767	497016000	16.5	549450
1767	499694400	7.6	549450
1767	502286400	-0.2	549450
1767	504964800	-1	549450
1767	507643200	-0.1	549450
1767	510062400	5.5	549450
1767	512740800	11.6	549450
1767	515332800	17.3	549450
1767	518011200	21.1	549450
1767	520603200	23.9	549450
1767	523281600	24.4	549450
1767	525960000	21.1	549450
1767	528552000	13.8	549450
1767	531230400	7.5	549450
1767	533822400	1.7	549450
1767	536500800	-0.1	549450
1767	539179200	1.4	549450
1767	541598400	4.6	549450
1767	544276800	9.3	549450
1767	546868800	15.8	549450
1767	549547200	20	549450
1767	552139200	24.3	549450
1767	554817600	25.4	549450
1767	557496000	21.4	549450
1767	560088000	16.6	549450
1767	562766400	8.1	549450
1767	565358400	2.1	549450
1767	568036800	0.1	549450
1767	570715200	0.3	549450
1767	573220800	3.9	549450
1767	575899200	11.5	549450
1767	578491200	16.5	549450
1767	581169600	21.3	549450
1767	583761600	25.2	549450
1767	586440000	25.2	549450
1767	589118400	21.8	549450
1767	591710400	16.3	549450
1767	594388800	9	549450
1767	596980800	2.2	549450
1767	599659200	0.8	549450
1767	602337600	2.4	549450
1767	604756800	6.6	549450
1767	607435200	12.9	549450
1767	610027200	17.3	549450
1767	612705600	20.6	549450
1767	615297600	24.1	549450
1767	617976000	24.8	549450
1767	620654400	21.6	549450
1767	623246400	16	549450
1767	625924800	7.5	549450
1767	628516800	3.1	549450
1767	631195200	-1.2	549450
1767	633873600	1.7	549450
1767	636292800	7.2	549450
1767	638971200	11.3	549450
1767	641563200	17.1	549450
1767	644241600	21	549450
1767	646833600	25.5	549450
1767	649512000	26.4	549450
1767	652190400	22	549450
1767	654782400	16.3	549450
1767	657460800	10.8	549450
1767	660052800	2.6	549450
1767	662731200	0.6	549450
1767	665409600	2.1	549450
1767	667828800	4.5	549450
1767	670507200	11	549450
1767	673099200	15.9	549450
1767	675777600	20.9	549450
1767	678369600	25.3	549450
1767	681048000	25.1	549450
1767	683726400	22	549450
1767	686318400	15.8	549450
1767	688996800	8.9	549450
1767	691588800	2.2	549450
1767	694267200	0.5	549450
1767	696945600	2.3	549450
1767	699451200	4.7	549450
1767	702129600	13.2	549450
1767	704721600	16.6	549450
1767	707400000	20.5	549450
1767	709992000	25.8	549450
1767	712670400	24.8	549450
1767	715348800	21.5	549450
1767	717940800	14.6	549450
1767	720619200	7.6	549450
1767	723211200	3.4	549450
1767	725889600	-0.8	549450
1767	728568000	2.5	549450
1767	730987200	6.4	549450
1767	733665600	11.5	549450
1767	736257600	16.8	549450
1767	738936000	20.7	549450
1767	741528000	23.3	549450
1767	744206400	24.1	549450
1767	746884800	22.7	549450
1767	749476800	16.1	549450
1767	752155200	8.2	549450
1767	754747200	2.1	549450
1767	757425600	0.9	549450
1767	760104000	2.1	549450
1767	762523200	5.4	549450
1767	765201600	12.7	549450
1767	767793600	18.4	549450
1767	770472000	22.5	549450
1767	773064000	27.1	549450
1767	775742400	26.9	549450
1767	778420800	22.2	549450
1767	781012800	16.3	549450
1767	783691200	10.7	549450
1767	786283200	3.2	549450
1767	788961600	1.2	549450
1767	791640000	2.7	549450
1767	794059200	7	549450
1767	796737600	11.5	549450
1767	799329600	17.5	549450
1767	802008000	21.4	549450
1767	804600000	25	549450
1767	807278400	26.3	549450
1767	809956800	21.1	549450
1767	812548800	16.3	549450
1767	815227200	9.3	549450
1767	817819200	2.3	549450
1767	820497600	0.3	549450
1767	823176000	0.8	549450
1767	825681600	5.6	549450
1767	828360000	10.7	549450
1767	830952000	17.8	549450
1767	833630400	21.7	549450
1767	836222400	24.6	549450
1767	838900800	25.7	549450
1767	841579200	22.1	549450
1767	844171200	16	549450
1767	846849600	7.5	549450
1767	849441600	3.2	549450
1767	852120000	-0.6	549450
1767	854798400	2.3	549450
1767	857217600	7.1	549450
1767	859896000	12.5	549450
1767	862488000	17.9	549450
1767	865166400	22.6	549450
1767	867758400	26.5	549450
1767	870436800	26.7	549450
1767	873115200	20.9	549450
1767	875707200	17	549450
1767	878385600	9.2	549450
1767	880977600	3.5	549450
1767	883656000	-0.2	549450
1767	886334400	3.7	549450
1767	888753600	6.4	549450
1767	891432000	12	549450
1767	894024000	16.1	549450
1767	896702400	20.4	549450
1767	899294400	26.3	549450
1767	901972800	25.5	549450
1767	904651200	23.8	549450
1767	907243200	18.4	549450
1767	909921600	10.9	549450
1767	912513600	4	549450
1767	915192000	1.7	549450
1767	917870400	3.9	549450
1767	920289600	6.7	549450
1767	922968000	13.2	549450
1767	925560000	18.5	549450
1767	928238400	21.7	549450
1767	930830400	25.3	549450
1767	933508800	25.2	549450
1767	936187200	22.8	549450
1767	938779200	15.7	549450
1767	941457600	9	549450
1767	944049600	3.2	549450
1767	946728000	-0.5	549450
1767	949406400	0.7	549450
1767	951912000	7.8	549450
1767	954590400	13.7	549450
1767	957182400	18.2	549450
1767	959860800	22.4	549450
1767	962452800	25.9	549450
1767	965131200	26	549450
1767	967809600	22.4	549450
1767	970401600	15.9	549450
1767	973080000	7.5	549450
1767	975672000	3.9	549450
1767	978350400	0	549450
1767	981028800	2.1	549450
1767	983448000	7.4	549450
1767	986126400	12.2	549450
1767	988718400	19.6	549450
1767	991396800	22.8	549450
1767	993988800	25.8	549450
1767	996667200	25	549450
1767	999345600	21.6	549450
1767	1001937600	16.8	549450
1767	1004616000	8.9	549450
1767	1007208000	1.4	549450
1767	1009886400	2.9	549450
1767	1012564800	5	549450
1767	1014984000	9.4	549450
1767	1017662400	13.7	549450
1767	1020254400	17.7	549450
1767	1022932800	21.8	549450
1767	1025524800	26.5	549450
1767	1028203200	26	549450
1767	1030881600	22.5	549450
1767	1033473600	15.2	549450
1767	1036152000	7.6	549450
1767	1038744000	2.2	549450
1767	1041422400	0	549450
1767	1044100800	2.8	549450
1767	1046520000	6.1	549450
1767	1049198400	13.3	549450
1767	1051790400	17.1	549450
1767	1054468800	22.2	549450
1767	1057060800	23.3	549450
1767	1059739200	24.9	549450
1767	1062417600	22.1	549450
1767	1065009600	16.4	549450
1767	1067688000	8.9	549450
1767	1070280000	3.2	549450
1767	1072958400	0.5	549450
1767	1075636800	4.9	549450
1767	1078142400	8.4	549450
1767	1080820800	14.2	549450
1767	1083412800	18.7	549450
1767	1086091200	22.5	549450
1767	1088683200	26.1	549450
1767	1091361600	25.4	549450
1767	1094040000	22.4	549450
1767	1096632000	16.8	549450
1767	1099310400	10.5	549450
1767	1101902400	4	549450
1767	1104580800	0.1	549450
1767	1107259200	-0.2	549450
1767	1109678400	6.1	549450
1767	1112356800	14.8	549450
1767	1114948800	18	549450
1767	1117627200	24.7	549450
1767	1120219200	26	549450
1767	1122897600	25.1	549450
1767	1125576000	21.7	549450
1767	1128168000	16.5	549450
1767	1130846400	11.5	549450
1767	1133438400	1.1	549450
1767	1136116800	1.8	549450
1767	1138795200	1.4	549450
1767	1141214400	7.8	549450
1767	1143892800	13.6	549450
1767	1146484800	18.7	549450
1767	1149163200	22.6	549450
1767	1151755200	25.4	549450
1767	1154433600	26.8	549450
1767	1157112000	21.8	549450
1767	1159704000	19.6	549450
1767	1162382400	11.7	549450
1767	1164974400	3.1	549450
1767	1167652800	1.7	549450
1767	1170331200	5.9	549450
1767	1172750400	8.4	549450
1767	1175428800	14.3	549450
1767	1178020800	21.3	549450
1767	1180699200	22.2	549450
1767	1183291200	25.2	549450
1767	1185969600	26.4	549450
1767	1188648000	22.9	549450
1767	1191240000	16.6	549450
1767	1193918400	9.8	549450
1767	1196510400	4.5	549450
1767	1199188800	-0.1	549450
1767	1201867200	1.6	549450
1767	1204372800	8.2	549450
1767	1207051200	13.1	549450
1767	1209643200	18.2	549450
1767	1212321600	20.4	549450
1767	1214913600	25.5	549450
1767	1217592000	25.7	549450
1767	1220270400	22.2	549450
1767	1222862400	17.5	549450
1767	1225540800	10.1	549450
1767	1228132800	3.5	549450
1767	1230811200	0.4	549450
1767	1233489600	4.3	549450
1767	1235908800	7.6	549450
1767	1238587200	13.4	549450
1767	1241179200	20	549450
1767	1243857600	24	549450
1767	1246449600	25.1	549450
1767	1249128000	25.6	549450
1767	1251806400	22.2	549450
1767	1254398400	18.8	549450
1767	1257076800	6.4	549450
1767	1259668800	2	549450
1767	1262347200	-0.3	549450
1767	1265025600	2.4	549450
1767	1267444800	5	549450
1767	1270123200	10.2	549450
1767	1272715200	18.7	549450
1767	1275393600	21.7	549450
1767	1277985600	26.5	549450
1767	1280664000	26.3	549450
1767	1283342400	22.7	549450
1767	1285934400	16.6	549450
1767	1288612800	10.5	549450
1767	1291204800	3.5	549450
1767	1293883200	-2.1	549450
1767	1296561600	1.9	549450
1767	1298980800	7.3	549450
1767	1301659200	13.1	549450
1767	1304251200	19.2	549450
1767	1306929600	22.1	549450
1767	1309521600	25.3	549450
1767	1312200000	25.7	549450
1767	1314878400	21.5	549450
1767	1317470400	16.4	549450
1767	1320148800	11.6	549450
1767	1322740800	2.5	549450
1767	1325419200	0.4	549450
1767	1328097600	0.8	549450
1767	1330603200	5.6	549450
1767	1333281600	13.7	549450
1767	1335873600	19.8	549450
1767	1338552000	22.5	549450
1767	1341144000	26.8	549450
1767	1343822400	25.9	549450
1767	1346500800	21.7	549450
1767	1349092800	17.5	549450
1767	1351771200	8.2	549450
1767	1354363200	0.4	549450
6918	-3500107200	-2.4	545110
6918	-3497688000	6.1	545110
6918	-3495009600	15.6	545110
6918	-3492417600	21.6	545110
6918	-3489739200	25	545110
6918	-3487147200	27	545110
6918	-3484468800	25.2	545110
6918	-3481790400	20	545110
6918	-3479198400	13	545110
6918	-3476520000	4.5	545110
6918	-3473928000	-1.6	545110
6918	-3471249600	-5.9	545110
6918	-3468571200	-1.9	545110
6918	-3466065600	1.3	545110
6918	-3463387200	13.3	545110
6918	-3460795200	17.5	545110
6918	-3458116800	24.3	545110
6918	-3455524800	24.7	545110
6918	-3452846400	25.2	545110
6918	-3450168000	22.5	545110
6918	-3447576000	11.2	545110
6918	-3444897600	1.6	545110
6918	-3442305600	-3.5	545110
6918	-3439627200	-8.1	545110
6918	-3436948800	-4.4	545110
6918	-3434529600	5.4	545110
6918	-3431851200	15.2	545110
6918	-3429259200	18.2	545110
6918	-3426580800	25.7	545110
6918	-3423988800	27.3	545110
6918	-3421310400	24.8	545110
6918	-3418632000	18.6	545110
6918	-3416040000	13	545110
6918	-3413361600	4.7	545110
6918	-3410769600	-4.5	545110
6919	-220881600	-3.9	546180
6919	-218203200	-0.2	546180
6919	-215784000	7.5	546180
6919	-213105600	13	546180
6919	-210513600	18.8	546180
6919	-207835200	26	546180
6919	-205243200	27.2	546180
6919	-202564800	26.2	546180
6919	-199886400	21.3	546180
6919	-197294400	14.1	546180
6919	-194616000	6.9	546180
6919	-192024000	0	546180
6919	-189345600	-5.9	546180
6919	-186667200	-7.8	546180
6919	-184161600	5.4	546180
6919	-181483200	12.1	546180
6919	-178891200	20.1	546180
6919	-176212800	25.5	546180
6919	-173620800	26.1	546180
6919	-170942400	25.8	546180
6919	-168264000	20.3	546180
6919	-165672000	14.5	546180
6919	-162993600	6.7	546180
6919	-160401600	0.3	546180
6919	-157723200	-1.6	546180
6919	-155044800	1.1	546180
6919	-152625600	6.3	546180
6919	-149947200	11.4	546180
6919	-147355200	21.4	546180
6919	-144676800	25.5	546180
6919	-142084800	27.8	546180
6919	-139406400	26.1	546180
6919	-136728000	21.7	546180
6919	-134136000	16.1	546180
6919	-131457600	6.7	546180
6919	-128865600	-1.4	546180
6919	-126187200	-2.9	546180
6919	-123508800	1.1	546180
6919	-121089600	6.1	546180
6919	-118411200	14.3	546180
6919	-115819200	20.7	546180
6919	-113140800	25.3	546180
6919	-110548800	26.5	546180
6919	-107870400	26.3	546180
6919	-105192000	18.9	546180
6919	-102600000	13.8	546180
6919	-99921600	6.4	546180
6919	-97329600	-3	546180
6919	-94651200	-3.1	546180
6919	-91972800	-1.4	546180
6919	-89553600	7.5	546180
6919	-86875200	14.6	546180
6919	-84283200	23.8	546180
6919	-81604800	25.7	546180
6919	-79012800	26.6	546180
6922	-323524800	14.5	548360
6922	-320846400	5.3	548360
6922	-318254400	-0.9	548360
6922	-315576000	-2.7	548360
6922	-312897600	3.3	548360
6922	-310392000	7.4	548360
6922	-307713600	12.8	548360
6922	-305121600	18.5	548360
6922	-302443200	24.3	548360
6922	-299851200	24.9	548360
6922	-297172800	24.2	548360
6922	-294494400	20.4	548360
6922	-291902400	13.2	548360
6922	-289224000	5.5	548360
6922	-286632000	-2.6	548360
6922	-283953600	-3	548360
6922	-281275200	1.4	548360
6922	-278856000	7	548360
6922	-276177600	13.8	548360
6922	-273585600	19	548360
6922	-270907200	23	548360
6922	-268315200	25.9	548360
6922	-265636800	24.5	548360
6922	-262958400	19.3	548360
6922	-260366400	14.1	548360
6922	-257688000	7.7	548360
6922	-255096000	-0.8	548360
6922	-252417600	-3.5	548360
6922	-249739200	0.9	548360
6922	-247320000	4.7	548360
6922	-244641600	11.1	548360
6922	-242049600	19.6	548360
6922	-239371200	22.3	548360
6922	-236779200	25.7	548360
6922	-234100800	24.3	548360
6922	-231422400	19.5	548360
6922	-228830400	12.7	548360
6922	-226152000	4.4	548360
6922	-223560000	1.2	548360
6922	-220881600	-4.7	548360
6922	-218203200	-1.2	548360
6922	-215784000	6.1	548360
6922	-213105600	11.4	548360
6922	-210513600	17.2	548360
6922	-207835200	24.1	548360
6922	-205243200	24.5	548360
6922	-202564800	25	548360
6922	-199886400	19.8	548360
6922	-197294400	13.1	548360
6922	-194616000	7	548360
6922	-192024000	-0.1	548360
6922	-189345600	-1.3	548360
6922	-186667200	-5.7	548360
6922	-184161600	5.8	548360
6922	-181483200	13.1	548360
6922	-178891200	19	548360
6922	-176212800	23.1	548360
6922	-173620800	25.4	548360
6922	-170942400	24.5	548360
6922	-168264000	18.8	548360
6922	-165672000	13.8	548360
6922	-162993600	6.3	548360
6922	-160401600	0.2	548360
6922	-157723200	-1.5	548360
6922	-155044800	0.9	548360
6922	-152625600	5.1	548360
6922	-149947200	10.4	548360
6922	-147355200	19.2	548360
6922	-144676800	23.3	548360
6922	-142084800	25.2	548360
6922	-139406400	23.4	548360
6922	-136728000	19.7	548360
6922	-134136000	15	548360
6922	-131457600	7	548360
6922	-128865600	-1.5	548360
6922	-126187200	-2.1	548360
6922	-123508800	1.5	548360
6922	-121089600	5.9	548360
6922	-118411200	12.7	548360
6922	-115819200	19.5	548360
6922	-113140800	23.3	548360
6922	-110548800	25.9	548360
6922	-107870400	26.4	548360
6922	-105192000	18.2	548360
6922	-102600000	13.9	548360
6922	-99921600	6.1	548360
6922	-97329600	-2.2	548360
6922	-94651200	-3.6	548360
6922	-91972800	-1.2	548360
6922	-89553600	6.1	548360
6922	-86875200	13.1	548360
6922	-84283200	21.1	548360
6922	-81604800	23.9	548360
6922	-79012800	25.7	548360
6922	-76334400	27	548360
6922	-73656000	18.6	548360
6922	-71064000	13.5	548360
6922	-68385600	5.3	548360
6922	-65793600	-5	548360
6922	-63115200	-3.6	548360
6922	-60436800	-3.7	548360
6922	-57931200	6.4	548360
6922	-55252800	13.1	548360
6922	-52660800	19	548360
6922	-49982400	24.5	548360
6922	-47390400	26.7	548360
6922	-44712000	23.9	548360
6922	-42033600	19.6	548360
6922	-39441600	11.7	548360
6922	-36763200	7.6	548360
6922	-34171200	2.3	548360
6922	-31492800	-5	548360
6922	-28814400	-5.6	548360
6922	-26395200	3.5	548360
6922	-23716800	12.4	548360
6922	-21124800	18.6	548360
6922	-18446400	22.6	548360
6922	-15854400	25.5	548360
6922	-13176000	25.2	548360
6922	-10497600	19.6	548360
6922	-7905600	13.9	548360
6922	-5227200	4.1	548360
6922	-2635200	-1.8	548360
6922	43200	-4.2	548360
6922	2721600	0.6	548360
6922	5140800	2.9	548360
6922	7819200	12.9	548360
6922	10411200	18.9	548360
6922	13089600	22	548360
6922	15681600	24.3	548360
6922	18360000	24.6	548360
6922	21038400	19.1	548360
6922	23630400	14.1	548360
6922	26308800	5.4	548360
6922	28900800	0	548360
6922	31579200	-2.7	548360
6922	34257600	-1.6	548360
6922	36676800	3.6	548360
6922	39355200	12.3	548360
6922	41947200	20.2	548360
6922	44625600	22.7	548360
6922	47217600	26.4	548360
6922	49896000	23.5	548360
6922	52574400	19.4	548360
6922	55166400	12.9	548360
6922	57844800	7.2	548360
6922	60436800	-1.8	548360
6922	63115200	-3.1	548360
6922	65793600	-4.4	548360
6922	68299200	5.7	548360
6922	70977600	13.4	548360
6922	73569600	18.3	548360
6922	76248000	24.9	548360
6922	78840000	24.6	548360
6922	81518400	24	548360
6922	84196800	18.1	548360
6922	86788800	13	548360
6922	89467200	6	548360
6922	92059200	0	548360
6922	94737600	-1.8	548360
6922	97416000	0.6	548360
6922	99835200	7.3	548360
6922	102513600	14.5	548360
6922	105105600	17.4	548360
6922	107784000	22.5	548360
6922	110376000	25.1	548360
6922	113054400	26.5	548360
6922	115732800	19.2	548360
6922	118324800	12.1	548360
6922	121003200	5.9	548360
6922	123595200	-1.2	548360
6922	126273600	-2.5	548360
6922	128952000	-1.2	548360
6922	131371200	5	548360
6922	134049600	13.6	548360
6922	136641600	19.1	548360
6922	139320000	22.5	548360
6922	141912000	25.3	548360
6922	144590400	23.9	548360
6922	147268800	19.4	548360
6922	149860800	12	548360
6922	152539200	6.3	548360
6922	155131200	-2.1	548360
6922	157809600	-1.6	548360
6922	160488000	0.2	548360
6922	162907200	6.4	548360
6922	165585600	13.1	548360
6922	168177600	18.5	548360
6922	170856000	24.3	548360
6922	173448000	25.2	548360
6922	176126400	25.3	548360
6922	178804800	21.2	548360
6922	181396800	13.8	548360
6922	184075200	6.5	548360
6922	186667200	-1	548360
6922	189345600	-2.3	548360
6922	192024000	1	548360
6922	194529600	5.1	548360
6922	197208000	11.7	548360
6922	199800000	18.8	548360
6922	202478400	21.6	548360
6922	205070400	24	548360
6922	207748800	23.6	548360
6922	210427200	19.3	548360
6922	213019200	14.1	548360
6922	215697600	3.4	548360
6922	218289600	-0.6	548360
6922	220968000	-5.5	548360
6922	223646400	-0.9	548360
6922	226065600	7.6	548360
6922	228744000	14.9	548360
6922	231336000	17.8	548360
6922	234014400	23.7	548360
6922	236606400	26	548360
6922	239284800	23.7	548360
6922	241963200	20.1	548360
6922	244555200	15.9	548360
6922	247233600	5.8	548360
6922	249825600	2.3	548360
6922	252504000	-1.9	548360
6922	255182400	-0.6	548360
6922	257601600	5.5	548360
6922	260280000	14.8	548360
6922	262872000	19.5	548360
6922	265550400	24.5	548360
6922	268142400	25.6	548360
6922	270820800	25.5	548360
6922	273499200	20	548360
6922	276091200	13	548360
6922	278769600	6.5	548360
6922	281361600	0.3	548360
6922	284040000	-0.9	548360
6922	286718400	1.4	548360
6922	289137600	6.2	548360
6922	291816000	10.5	548360
6922	294408000	18.1	548360
6922	297086400	23.6	548360
6922	299678400	25.1	548360
6922	302356800	25.2	548360
6922	305035200	18.3	548360
6922	307627200	14.6	548360
6922	310305600	5	548360
6922	312897600	1.2	548360
6922	315576000	-3.1	548360
6922	318254400	-1.5	548360
6922	320760000	4.3	548360
6922	323438400	11.3	548360
6922	326030400	18.4	548360
6922	328708800	23.3	548360
6922	331300800	24.4	548360
6922	333979200	22.7	548360
6922	336657600	18.8	548360
6922	339249600	13.2	548360
6922	341928000	8.3	548360
6922	344520000	-1.5	548360
6922	347198400	-4.4	548360
6922	349876800	0	548360
6922	352296000	7.7	548360
6922	354974400	14.3	548360
6922	357566400	19.2	548360
6922	360244800	23.8	548360
6922	362836800	26.2	548360
6922	365515200	24.4	548360
6922	368193600	20.2	548360
6922	370785600	12.1	548360
6922	373464000	4	548360
6922	376056000	-0.8	548360
6922	378734400	-2.5	548360
6922	381412800	0.8	548360
6922	383832000	6.3	548360
6922	386510400	13.4	548360
6922	389102400	21.8	548360
6922	391780800	22.3	548360
6922	394372800	24	548360
6922	397051200	24.4	548360
6922	399729600	18.6	548360
6922	402321600	15.1	548360
6922	4.05e+08	6.6	548360
6922	407592000	-0.5	548360
6922	410270400	-1.8	548360
6922	412948800	-0.7	548360
6922	415368000	5.4	548360
6922	418046400	13.9	548360
6922	420638400	19.9	548360
6922	423316800	24.1	548360
6922	425908800	25.5	548360
6922	428587200	25.1	548360
6922	431265600	21	548360
6922	433857600	13.3	548360
6922	436536000	6.6	548360
6922	439128000	-0.3	548360
6922	441806400	-4.2	548360
6922	444484800	-2.4	548360
6922	446990400	4.5	548360
6922	449668800	13.4	548360
6922	452260800	18.5	548360
6922	454939200	22.6	548360
6922	457531200	24.3	548360
6922	460209600	25	548360
6922	462888000	18.8	548360
6922	465480000	13.4	548360
6922	468158400	7.9	548360
6922	470750400	-2.4	548360
6922	473428800	-3.1	548360
6922	476107200	-0.7	548360
6922	478526400	3.9	548360
6922	481204800	14.1	548360
6922	483796800	18.4	548360
6922	486475200	23.9	548360
6922	489067200	25.4	548360
6922	491745600	25.2	548360
6922	494424000	18.3	548360
6922	497016000	14.5	548360
6922	499694400	5.5	548360
6922	502286400	-3	548360
6922	504964800	-2.7	548360
6922	507643200	-1.1	548360
6922	510062400	6.8	548360
6922	512740800	13.6	548360
6922	515332800	19.9	548360
6922	518011200	23.7	548360
6922	520603200	25.4	548360
6922	523281600	23.3	548360
6922	525960000	19.9	548360
6922	528552000	11.6	548360
6922	531230400	5.5	548360
6922	533822400	-0.5	548360
6922	536500800	-1.4	548360
6922	539179200	0.8	548360
6922	541598400	4.3	548360
6922	544276800	13.7	548360
6922	546868800	19.6	548360
6922	549547200	22.3	548360
6922	552139200	26.1	548360
6922	554817600	25.1	548360
6922	557496000	20.1	548360
6922	560088000	14.7	548360
6922	562766400	5.9	548360
6922	565358400	0.1	548360
6922	568036800	-1.8	548360
6922	570715200	-1	548360
6922	573220800	4.1	548360
6922	575899200	13.7	548360
6922	578491200	19.3	548360
6922	581169600	24	548360
6922	583761600	25.6	548360
6922	586440000	24.4	548360
6922	589118400	20.2	548360
6922	591710400	14	548360
6922	594388800	6.4	548360
6922	596980800	0	548360
6922	599659200	-0.8	548360
6922	602337600	1.1	548360
6922	604756800	5.6	548360
6922	607435200	14.8	548360
6922	610027200	19.9	548360
6922	612705600	22.6	548360
6922	615297600	24.6	548360
6922	617976000	24.5	548360
6922	620654400	19.9	548360
6922	623246400	14.1	548360
6922	625924800	5.4	548360
6922	628516800	1.2	548360
6922	631195200	-3.7	548360
6922	633873600	0.6	548360
6922	636292800	7.5	548360
6922	638971200	12.5	548360
6922	641563200	18.5	548360
6922	644241600	23.2	548360
6922	646833600	26.2	548360
6922	649512000	25.2	548360
6922	652190400	20.6	548360
6922	654782400	14.3	548360
6922	657460800	8.9	548360
6922	660052800	0.3	548360
6922	662731200	-1.1	548360
6922	665409600	1.2	548360
6922	667828800	4.7	548360
6922	670507200	12.8	548360
6922	673099200	17.6	548360
6922	675777600	22.5	548360
6922	678369600	26.1	548360
6922	681048000	24.7	548360
6922	683726400	20.1	548360
6922	686318400	13.1	548360
6922	688996800	6.2	548360
6922	691588800	0	548360
6922	694267200	-2	548360
6922	696945600	1.4	548360
6922	699451200	4.9	548360
6922	702129600	14.3	548360
6922	704721600	18.8	548360
6922	707400000	22.7	548360
6922	709992000	27	548360
6922	712670400	24	548360
6922	715348800	19.5	548360
6922	717940800	12	548360
6922	720619200	5.3	548360
6922	723211200	0.9	548360
6922	725889600	-2.7	548360
6922	728568000	2.2	548360
6922	730987200	6.4	548360
6922	733665600	13.3	548360
6922	736257600	18.5	548360
6922	738936000	23.6	548360
6922	741528000	23.3	548360
6922	744206400	23.6	548360
6922	746884800	20.4	548360
6922	749476800	13.4	548360
6922	752155200	5.4	548360
6922	754747200	-0.5	548360
6922	757425600	-0.8	548360
6922	760104000	0.9	548360
6922	762523200	5.2	548360
6922	765201600	15.1	548360
6922	767793600	20.8	548360
6922	770472000	24.8	548360
6922	773064000	27.3	548360
6922	775742400	25.2	548360
6922	778420800	19.5	548360
6922	781012800	13.3	548360
6922	783691200	8.1	548360
6922	786283200	0.9	548360
6922	788961600	-1.2	548360
6922	791640000	1.2	548360
6922	794059200	6.6	548360
6922	796737600	13.2	548360
6922	799329600	19.5	548360
6922	802008000	23.2	548360
6922	804600000	25.5	548360
6922	807278400	25.1	548360
6922	809956800	19.4	548360
6922	812548800	14.2	548360
6922	815227200	7	548360
6922	817819200	-0.2	548360
6922	820497600	-2	548360
6922	823176000	-0.5	548360
6922	825681600	5.5	548360
6922	828360000	12.3	548360
6922	830952000	19.2	548360
6922	833630400	23.7	548360
6922	836222400	25.3	548360
6922	838900800	24.2	548360
6922	841579200	20.1	548360
6922	844171200	13.4	548360
6922	846849600	5.1	548360
6922	849441600	1	548360
6922	852120000	-2.8	548360
6922	854798400	1	548360
6922	857217600	8	548360
6922	859896000	13.2	548360
6922	862488000	19.7	548360
6922	865166400	24.4	548360
6922	867758400	27.6	548360
6922	870436800	25.5	548360
6922	873115200	18	548360
6922	875707200	14.1	548360
6922	878385600	6.6	548360
6922	880977600	0.8	548360
6922	883656000	-2.3	548360
6922	886334400	2.5	548360
6922	888753600	7.3	548360
6922	891432000	15.6	548360
6922	894024000	17.9	548360
6922	896702400	22.4	548360
6922	899294400	27.1	548360
6922	901972800	25.1	548360
6922	904651200	22.3	548360
6922	907243200	16	548360
6922	909921600	8.2	548360
6922	912513600	1.4	548360
6922	915192000	0.1	548360
6922	917870400	2.9	548360
6922	920289600	7.1	548360
6922	922968000	14.9	548360
6922	925560000	20	548360
6922	928238400	23.5	548360
6922	930830400	25.4	548360
6922	933508800	24.7	548360
6922	936187200	21.4	548360
6922	938779200	13.6	548360
6922	941457600	6.5	548360
6922	944049600	1.1	548360
6922	946728000	-2.7	548360
6922	949406400	-0.5	548360
6922	951912000	8.3	548360
6922	954590400	14.3	548360
6922	957182400	19.1	548360
6922	959860800	24.2	548360
6922	962452800	26.9	548360
6922	965131200	25.4	548360
6922	967809600	20.6	548360
6922	970401600	13.7	548360
6922	973080000	5.1	548360
6922	975672000	2.2	548360
6922	978350400	-2.2	548360
6922	981028800	1.2	548360
6922	983448000	7.1	548360
6922	986126400	13.7	548360
6922	988718400	22.1	548360
6922	991396800	24.6	548360
6922	993988800	26.1	548360
6922	996667200	24.2	548360
6922	999345600	20.3	548360
6922	1001937600	15.1	548360
6922	1004616000	6.7	548360
6922	1007208000	-1.1	548360
6922	1009886400	1.3	548360
6922	1012564800	4.9	548360
6922	1014984000	10.1	548360
6922	1017662400	14.9	548360
6922	1020254400	19.2	548360
6922	1022932800	23.8	548360
6922	1025524800	27	548360
6922	1028203200	25.8	548360
6922	1030881600	21.1	548360
6922	1033473600	13.2	548360
6922	1036152000	5.5	548360
6922	1038744000	-0.3	548360
6922	1041422400	-2.3	548360
6922	1044100800	1.7	548360
6922	1046520000	6.4	548360
6922	1049198400	14.3	548360
6922	1051790400	19.3	548360
6922	1054468800	23.3	548360
6922	1057060800	24.6	548360
6922	1059739200	24.4	548360
6922	1062417600	20.6	548360
6922	1065009600	13.9	548360
6922	1067688000	6.5	548360
6922	1070280000	0.8	548360
6922	1072958400	-1.7	548360
6922	1075636800	3.7	548360
6922	1078142400	8.4	548360
6922	1080820800	15.5	548360
6922	1083412800	19.5	548360
6922	1086091200	23.1	548360
6922	1088683200	25.8	548360
6922	1091361600	24	548360
6922	1094040000	20.7	548360
6922	1096632000	13.7	548360
6922	1099310400	7.8	548360
6922	1101902400	1.3	548360
6922	1104580800	-2.1	548360
6922	1107259200	-2	548360
6922	1109678400	5.4	548360
6922	1112356800	15.9	548360
6922	1114948800	19.2	548360
6922	1117627200	25.7	548360
6922	1120219200	26.4	548360
6922	1122897600	24.7	548360
6922	1125576000	20.3	548360
6922	1128168000	14	548360
6922	1130846400	8.8	548360
6922	1133438400	-1.7	548360
6922	1136116800	-0.2	548360
6922	1138795200	0.4	548360
6922	1141214400	8.2	548360
6922	1143892800	14.9	548360
6922	1146484800	20	548360
6922	1149163200	25.2	548360
6922	1151755200	26.2	548360
6922	1154433600	26	548360
6922	1157112000	20.3	548360
6922	1159704000	17.7	548360
6922	1162382400	9.1	548360
6922	1164974400	0.5	548360
6922	1167652800	-0.3	548360
6922	1170331200	5.3	548360
6922	1172750400	7.9	548360
6922	1175428800	14.3	548360
6922	1178020800	21.3	548360
6922	1180699200	23.9	548360
6922	1183291200	25.5	548360
6922	1185969600	25	548360
6922	1188648000	21.3	548360
6922	1191240000	14.3	548360
6922	1193918400	7.1	548360
6922	1196510400	2.4	548360
6922	1199188800	-2.4	548360
6922	1201867200	-0.3	548360
6922	1204372800	8.6	548360
6922	1207051200	14.3	548360
6922	1209643200	20.3	548360
6922	1212321600	22.8	548360
6922	1214913600	25.5	548360
6922	1217592000	24.9	548360
6922	1220270400	20.7	548360
6922	1222862400	15.5	548360
6922	1225540800	7.2	548360
6922	1228132800	0.5	548360
6922	1230811200	-1.5	548360
6922	1233489600	4.1	548360
6922	1235908800	7.4	548360
6922	1238587200	14.7	548360
6922	1241179200	20.7	548360
6922	1243857600	25.9	548360
6922	1246449600	25.4	548360
6922	1249128000	24.7	548360
6922	1251806400	20.8	548360
6922	1254398400	16.5	548360
6922	1257076800	4	548360
6922	1259668800	0	548360
6922	1262347200	-1.8	548360
6922	1265025600	1.5	548360
6922	1267444800	4.9	548360
6922	1270123200	11.2	548360
6922	1272715200	20.1	548360
6922	1275393600	23.6	548360
6922	1277985600	27	548360
6922	1280664000	25.6	548360
6922	1283342400	21.3	548360
6922	1285934400	14.2	548360
6922	1288612800	7.7	548360
6922	1291204800	0.9	548360
6922	1293883200	-4.6	548360
6922	1296561600	1.1	548360
6922	1298980800	6.6	548360
6922	1301659200	13.8	548360
6922	1304251200	19.7	548360
6922	1306929600	24.5	548360
6922	1309521600	25.9	548360
6922	1312200000	24.5	548360
6922	1314878400	19.2	548360
6922	1317470400	14.1	548360
6922	1320148800	8.4	548360
6922	1322740800	0	548360
6922	1325419200	-2	548360
6922	1328097600	-0.4	548360
6922	1330603200	5.8	548360
6922	1333281600	15.9	548360
6922	1335873600	21.9	548360
6922	1338552000	24.3	548360
6922	1341144000	27	548360
6922	1343822400	24.9	548360
6922	1346500800	20.1	548360
6922	1349092800	15.2	548360
6922	1351771200	5.7	548360
6922	1354363200	-2.1	548360
6924	-283953600	-0.9	549060
6924	-281275200	3.8	549060
6924	-278856000	8.8	549060
6924	-276177600	16.4	549060
6924	-273585600	21.2	549060
6924	-270907200	25.3	549060
6924	-268315200	28.8	549060
6924	-265636800	26.3	549060
6924	-262958400	20.6	549060
6924	-260366400	15	549060
6924	-257688000	8.4	549060
6924	-255096000	0.9	549060
6924	-252417600	-2.1	549060
6924	-249739200	2.1	549060
6924	-247320000	7.2	549060
6924	-244641600	13.3	549060
6924	-242049600	21.8	549060
6924	-239371200	25.4	549060
6924	-236779200	28.1	549060
6924	-234100800	25.4	549060
6924	-231422400	21.3	549060
6924	-228830400	14.2	549060
6924	-226152000	6.3	549060
6924	-223560000	2.5	549060
6924	-220881600	-2.5	549060
6924	-218203200	0.6	549060
6924	-215784000	7.5	549060
6924	-213105600	12.4	549060
6924	-210513600	18.2	549060
6924	-207835200	25.3	549060
6924	-205243200	26.7	549060
6924	-202564800	26.2	549060
6924	-199886400	21.2	549060
6924	-197294400	14.8	549060
6924	-194616000	8.3	549060
6924	-192024000	1.1	549060
6924	-189345600	-1.1	549060
6924	-186667200	-4.1	549060
6924	-184161600	7.2	549060
6924	-181483200	12.9	549060
6924	-178891200	19.8	549060
6924	-176212800	26	549060
6924	-173620800	27.1	549060
6924	-170942400	26.1	549060
6924	-168264000	20	549060
6924	-165672000	15	549060
6924	-162993600	7.8	549060
6924	-160401600	1.7	549060
6924	-157723200	0.5	549060
6924	-155044800	2.7	549060
6924	-152625600	6.9	549060
6924	-149947200	12.6	549060
6924	-147355200	21.6	549060
6924	-144676800	26.2	549060
6924	-142084800	26.4	549060
6924	-139406400	25.3	549060
6924	-136728000	21.9	549060
6924	-134136000	16.6	549060
6924	-131457600	8.5	549060
6924	-128865600	0.7	549060
6924	-126187200	-0.2	549060
6924	-123508800	3.6	549060
6924	-121089600	7.1	549060
6924	-118411200	15.1	549060
6924	-115819200	21	549060
6924	-113140800	26.6	549060
6924	-110548800	28	549060
6924	-107870400	28	549060
6924	-105192000	19.9	549060
6924	-102600000	14.7	549060
6924	-99921600	7.8	549060
6924	-97329600	-1	549060
6925	788961600	1.2	549090
6925	791640000	3.9	549090
6925	794059200	8.9	549090
6925	796737600	14.3	549090
6925	799329600	20.4	549090
6925	802008000	25.1	549090
6925	804600000	26.8	549090
6925	807278400	26.5	549090
6925	809956800	20.9	549090
6925	812548800	16.6	549090
6925	815227200	9.1	549090
6925	817819200	1.9	549090
6925	820497600	0.6	549090
6925	823176000	1.9	549090
6925	825681600	7	549090
6925	828360000	13.4	549090
6925	830952000	19.5	549090
6925	833630400	25.5	549090
6925	836222400	27.3	549090
6925	838900800	25.8	549090
6925	841579200	21.2	549090
6925	844171200	15.6	549090
6925	846849600	6.7	549090
6925	849441600	3.1	549090
6925	852120000	-0.3	549090
6925	854798400	4.1	549090
6925	857217600	10	549090
6925	859896000	14.5	549090
6925	862488000	20.3	549090
6925	865166400	25.7	549090
6925	867758400	28.8	549090
6925	870436800	27.4	549090
6925	873115200	19.9	549090
6925	875707200	16.3	549090
6925	878385600	7.7	549090
6925	880977600	2.1	549090
6925	883656000	-0.4	549090
6925	886334400	4.6	549090
6925	888753600	9.1	549090
6925	891432000	17.1	549090
6925	894024000	19.3	549090
6925	896702400	25.6	549090
6925	899294400	28.5	549090
6925	901972800	26.3	549090
6925	904651200	23.9	549090
6925	907243200	17.7	549090
6925	909921600	10.2	549090
6925	912513600	3.2	549090
6925	915192000	2.3	549090
6925	917870400	5.4	549090
6925	920289600	8.6	549090
6925	922968000	16.2	549090
6925	925560000	20.7	549090
6925	928238400	25.9	549090
6925	930830400	27.4	549090
6925	933508800	26.1	549090
6925	936187200	23.1	549090
6925	938779200	15.5	549090
6925	941457600	9.4	549090
6925	944049600	2.8	549090
6925	946728000	-3.3	549090
6925	949406400	2.2	549090
6925	951912000	10.9	549090
6925	954590400	16.1	549090
6925	957182400	21.1	549090
6925	959860800	26.3	549090
6925	962452800	28	549090
6925	965131200	26.3	549090
6925	967809600	21.8	549090
6925	970401600	14.9	549090
6925	973080000	7	549090
6925	975672000	3.8	549090
6925	978350400	-1.7	549090
6925	981028800	2.3	549090
6925	983448000	10	549090
6925	986126400	14.6	549090
6925	988718400	22.4	549090
6925	991396800	26.5	549090
6925	993988800	27.3	549090
6925	996667200	25.8	549090
6925	999345600	21.5	549090
6925	1001937600	16.2	549090
6925	1004616000	8.7	549090
6925	1007208000	0.3	549090
6925	1009886400	3.2	549090
6925	1012564800	7.1	549090
6925	1014984000	11.8	549090
6925	1017662400	15.6	549090
6925	1020254400	19.6	549090
6925	1022932800	26.5	549090
6925	1025524800	27.9	549090
6925	1028203200	26.7	549090
6925	1030881600	21.2	549090
6925	1033473600	14.9	549090
6925	1036152000	7.1	549090
6925	1038744000	0.8	549090
6925	1041422400	-0.2	549090
6925	1044100800	3.7	549090
6925	1046520000	8.2	549090
6925	1049198400	14.5	549090
6925	1051790400	20.4	549090
6925	1054468800	25.4	549090
6925	1057060800	26	549090
6925	1059739200	24.8	549090
6925	1062417600	21.2	549090
6925	1065009600	14.7	549090
6925	1067688000	7.2	549090
6925	1070280000	1.6	549090
6925	1072958400	0.9	549090
6925	1075636800	6.6	549090
6925	1078142400	10.2	549090
6925	1080820800	16.7	549090
6925	1083412800	20.3	549090
6925	1086091200	24.8	549090
6925	1088683200	27.1	549090
6925	1091361600	25	549090
6925	1094040000	21.9	549090
6925	1096632000	14.9	549090
6925	1099310400	8.8	549090
6925	1101902400	1.9	549090
6925	1104580800	-0.6	549090
6925	1107259200	0	549090
6925	1109678400	7.5	549090
6925	1112356800	16.9	549090
6925	1114948800	20	549090
6925	1117627200	27.4	549090
6925	1120219200	27	549090
6925	1122897600	25.6	549090
6925	1125576000	21.2	549090
6925	1128168000	15.5	549090
6925	1130846400	10.9	549090
6925	1133438400	0.5	549090
6925	1136116800	0.2	549090
6925	1138795200	2.8	549090
6925	1141214400	10.6	549090
6925	1143892800	16.1	549090
6925	1146484800	20.7	549090
6925	1149163200	26.5	549090
6925	1151755200	27.4	549090
6925	1154433600	26.4	549090
6925	1157112000	21.4	549090
6925	1159704000	19	549090
6925	1162382400	10	549090
6925	1164974400	1.9	549090
6925	1167652800	0.6	549090
6925	1170331200	6.9	549090
6925	1172750400	9.2	549090
6925	1175428800	15.4	549090
6925	1178020800	22.5	549090
6925	1180699200	25.3	549090
6925	1183291200	26.1	549090
6925	1185969600	26.3	549090
6925	1188648000	22.2	549090
6925	1191240000	15.8	549090
6925	1193918400	8.8	549090
6925	1196510400	2.9	549090
6925	1199188800	-1.5	549090
6925	1201867200	1.9	549090
6925	1204372800	10.9	549090
6925	1207051200	15.3	549090
6925	1209643200	21.6	549090
6925	1212321600	24.1	549090
6925	1214913600	26.1	549090
6925	1217592000	25.9	549090
6925	1220270400	21.5	549090
6925	1222862400	16.9	549090
6925	1225540800	9.2	549090
6925	1228132800	2.5	549090
6925	1230811200	0	549090
6925	1233489600	6.1	549090
6925	1235908800	9.4	549090
6925	1238587200	15.8	549090
6925	1241179200	20.6	549090
6925	1243857600	27.1	549090
6925	1246449600	27.1	549090
6925	1249128000	25.8	549090
6925	1251806400	20.7	549090
6925	1254398400	18.4	549090
6925	1257076800	4.6	549090
6925	1259668800	1.8	549090
6925	1262347200	0.3	549090
6925	1265025600	3.7	549090
6925	1267444800	7.9	549090
6925	1270123200	12.9	549090
6925	1272715200	20.9	549090
6925	1275393600	25.9	549090
6925	1277985600	28.2	549090
6925	1280664000	26.6	549090
6925	1283342400	22.1	549090
6925	1285934400	16.2	549090
6925	1288612800	10.6	549090
6925	1291204800	4	549090
6925	1293883200	-2.2	549090
6925	1296561600	3.1	549090
6925	1298980800	8.5	549090
6925	1301659200	14.9	549090
6925	1304251200	19.4	549090
6925	1306929600	26.2	549090
6925	1309521600	27.6	549090
6925	1312200000	24.8	549090
6925	1314878400	19.3	549090
6925	1317470400	15.6	549090
6925	1320148800	9.4	549090
6925	1322740800	1.2	549090
6925	1325419200	0	549090
6925	1328097600	1.9	549090
6925	1330603200	7.8	549090
6925	1333281600	16.1	549090
6925	1335873600	21.8	549090
6925	1338552000	26.2	549090
6925	1341144000	28.3	549090
6925	1343822400	25.4	549090
6925	1346500800	20.7	549090
6925	1349092800	16.8	549090
6925	1351771200	7.5	549090
6925	1354363200	-0.6	549090
10892	-3210926400	14.1	545110
10892	-3208334400	18.7	545110
10892	-3205656000	24	545110
10892	-3203064000	27.2	545110
10892	-3200385600	24.4	545110
10892	-3197707200	19.3	545110
10892	-3195115200	13.4	545110
10892	-3192436800	3.2	545110
10892	-3189844800	-2.3	545110
10892	-3187166400	-3.1	545110
10892	-3184488000	0.8	545110
10892	-3182068800	4.6	545110
10892	-3179390400	12.5	545110
10892	-3176798400	21.6	545110
10892	-3174120000	24.6	545110
10892	-3171528000	26.9	545110
10892	-3168849600	25.4	545110
10892	-3166171200	20.4	545110
10892	-3163579200	14.5	545110
10892	-3160900800	3.8	545110
10892	-3158308800	-3.1	545110
10892	-3155630400	-5	545110
10892	-3152952000	-1.9	545110
10892	-3150532800	5.2	545110
10892	-3147854400	12.7	545110
10892	-3145262400	21.2	545110
10892	-3142584000	24.3	545110
10892	-3139992000	26	545110
10892	-3137313600	24.8	545110
10892	-3134635200	21.1	545110
10892	-3132043200	13.5	545110
10892	-3129364800	2.9	545110
10892	-3126772800	-3.5	545110
10892	-3124094400	-5	545110
10892	-3121416000	-2.6	545110
10892	-3118996800	6.5	545110
10892	-3116318400	13.6	545110
10892	-3113726400	20.4	545110
10892	-3111048000	24.7	545110
10892	-3108456000	26	545110
10892	-3105777600	24.6	545110
10892	-3103099200	19.1	545110
10892	-3100507200	13.8	545110
10892	-3097828800	2.8	545110
10892	-3095236800	-3.6	545110
10892	-3092558400	-6.2	545110
10892	-3089880000	-2	545110
10892	-3087374400	4	545110
10892	-3084696000	12.7	545110
10892	-3082104000	20.1	545110
10892	-3079425600	24.1	545110
10892	-3076833600	26.7	545110
10892	-3074155200	24.5	545110
10892	-3071476800	20.1	545110
10892	-3068884800	12.7	545110
10892	-3066206400	3.3	545110
10892	-3063614400	-1.3	545110
10892	-3060936000	-5.4	545110
10892	-3058257600	-0.8	545110
10892	-3055838400	4	545110
10892	-3053160000	15	545110
10892	-3050568000	20.9	545110
10892	-3047889600	24.9	545110
10892	-3045297600	25.7	545110
10892	-3042619200	23.5	545110
10892	-3039940800	20.2	545110
10892	-3037348800	12.6	545110
10892	-3034670400	4.9	545110
10892	-3032078400	-0.8	545110
10892	-3029400000	-4.4	545110
10892	-3026721600	0.1	545110
10892	-3024302400	4.7	545110
10892	-3021624000	15.9	545110
10892	-3019032000	18.1	545110
10892	-3016353600	24.7	545110
10892	-3013761600	24.9	545110
10892	-3011083200	25.3	545110
10892	-3008404800	20.8	545110
10892	-3005812800	12.4	545110
10892	-3003134400	3.5	545110
10892	-3000542400	-2.2	545110
10892	-2997864000	-4.3	545110
10892	-2995185600	-2.2	545110
10892	-2992766400	6	545110
10892	-2990088000	11.9	545110
10892	-2987496000	21.2	545110
10892	-2984817600	25.2	545110
10892	-2982225600	24.9	545110
10892	-2979547200	26.9	545110
10892	-2976868800	19	545110
10892	-2974276800	11.8	545110
10892	-2971598400	2.8	545110
10892	-2969006400	-3.1	545110
10893	-65793600	-4.9	546180
10893	-63115200	-3.7	546180
10893	-60436800	-4	546180
10893	-57931200	7.2	546180
10893	-55252800	15.7	546180
10893	-52660800	21.5	546180
10893	-49982400	27.3	546180
10893	-47390400	28.8	546180
10893	-44712000	25.5	546180
10893	-42033600	21.5	546180
10893	-39441600	12.7	546180
10893	-36763200	6.6	546180
10893	-34171200	0.9	546180
10893	-31492800	-5.5	546180
10893	-28814400	-4.8	546180
10893	-26395200	3.5	546180
10893	-23716800	13.3	546180
10893	-21124800	20.7	546180
10893	-18446400	24.9	546180
10893	-15854400	26.1	546180
10893	-13176000	25.6	546180
10893	-10497600	20.4	546180
10893	-7905600	14.8	546180
10893	-5227200	4.2	546180
10893	-2635200	-2.4	546180
10893	43200	-4.5	546180
10893	2721600	-0.3	546180
10893	5140800	2.9	546180
10893	7819200	14.2	546180
10893	10411200	20.3	546180
10893	13089600	24.4	546180
10893	15681600	25.9	546180
10893	18360000	24.5	546180
10893	21038400	20.3	546180
10893	23630400	15	546180
10893	26308800	4.6	546180
10893	28900800	-1.3	546180
10893	31579200	-3.5	546180
10893	34257600	-2	546180
10893	36676800	3.5	546180
10893	39355200	13.9	546180
10893	41947200	21.9	546180
10893	44625600	24.3	546180
10893	47217600	27	546180
10893	49896000	24.2	546180
10893	52574400	20.3	546180
10893	55166400	14.2	546180
10893	57844800	7.8	546180
10893	60436800	-2.6	546180
10893	63115200	-4.4	546180
10893	65793600	-4.4	546180
10893	68299200	6.6	546180
10893	70977600	14.9	546180
10893	73569600	20.2	546180
10893	76248000	28	546180
10893	78840000	27.2	546180
10893	81518400	25	546180
10893	84196800	20	546180
10893	86788800	14.1	546180
10893	89467200	5.3	546180
10893	92059200	-0.3	546180
10893	94737600	-2.6	546180
10893	97416000	0.4	546180
10893	99835200	8.3	546180
10893	102513600	16.2	546180
10893	105105600	20.8	546180
10893	107784000	24	546180
10893	110376000	25.7	546180
10893	113054400	25.9	546180
10893	115732800	20	546180
10893	118324800	12.5	546180
10893	121003200	6.2	546180
10893	123595200	-1	546180
10893	126273600	-3.1	546180
10893	128952000	-1.2	546180
10893	131371200	5.6	546180
10893	134049600	14.5	546180
10893	136641600	21.3	546180
10893	139320000	24.6	546180
10893	141912000	26	546180
10893	144590400	24.3	546180
10893	147268800	20.3	546180
10893	149860800	12.1	546180
10893	152539200	5.6	546180
10893	155131200	-2.3	546180
10893	157809600	-2.2	546180
10893	160488000	-0.8	546180
10893	162907200	7.1	546180
10893	165585600	14.5	546180
10893	168177600	19.9	546180
10893	170856000	26.1	546180
10893	173448000	26.8	546180
10893	176126400	26.8	546180
10893	178804800	22.1	546180
10893	181396800	14.8	546180
10893	184075200	6.9	546180
10893	186667200	-2.2	546180
10893	189345600	-2.8	546180
10893	192024000	0.8	546180
10893	194529600	6	546180
10893	197208000	12.8	546180
10893	199800000	20.6	546180
10893	202478400	24.4	546180
10893	205070400	25.1	546180
10893	207748800	24.2	546180
10893	210427200	20.5	546180
10893	213019200	14.1	546180
10893	215697600	3.6	546180
10893	218289600	-0.2	546180
10893	220968000	-6.4	546180
10893	223646400	-0.6	546180
10893	226065600	8.4	546180
10893	228744000	15.1	546180
10893	231336000	19	546180
10893	234014400	24.2	546180
10893	236606400	26.4	546180
10893	239284800	24.9	546180
10893	241963200	21.4	546180
10893	244555200	16.1	546180
10893	247233600	6	546180
10893	249825600	1.3	546180
10893	252504000	-1.6	546180
10893	255182400	-1.5	546180
10893	257601600	5.9	546180
10893	260280000	15.5	546180
10893	262872000	20.6	546180
10893	265550400	26.6	546180
10893	268142400	27.1	546180
10893	270820800	25.4	546180
10893	273499200	20.3	546180
10893	276091200	13.9	546180
10893	278769600	6.5	546180
10893	281361600	-1.1	546180
10893	284040000	-2.8	546180
10893	286718400	0.5	546180
10893	289137600	6.7	546180
10893	291816000	11.8	546180
10893	294408000	19.7	546180
10893	297086400	24.6	546180
10893	299678400	25.9	546180
10893	302356800	25.4	546180
10893	305035200	19.6	546180
10893	307627200	16.2	546180
10893	310305600	4.4	546180
10893	312897600	0.6	546180
10893	315576000	-3.7	546180
10893	318254400	-1.3	546180
10893	320760000	5.1	546180
10893	323438400	12.5	546180
10893	326030400	21.4	546180
10893	328708800	26.6	546180
10893	331300800	27.5	546180
10893	333979200	24.6	546180
10893	336657600	20.1	546180
10893	339249600	14.1	546180
10893	341928000	8.5	546180
10893	344520000	-2.3	546180
10893	347198400	-4.8	546180
10893	349876800	-0.5	546180
10893	352296000	9	546180
10893	354974400	16.2	546180
10893	357566400	21.7	546180
10893	360244800	25.7	546180
10893	362836800	27.5	546180
10893	365515200	25.3	546180
10893	368193600	21.3	546180
10893	370785600	13.1	546180
10893	373464000	3.8	546180
10893	376056000	-1.3	546180
10893	378734400	-3.1	546180
10893	381412800	1.4	546180
10893	383832000	8	546180
10893	386510400	15.9	546180
10893	389102400	22.5	546180
10893	391780800	24.6	546180
10893	394372800	25.8	546180
10893	397051200	26	546180
10893	399729600	20.1	546180
10893	402321600	16.5	546180
10893	4.05e+08	6.6	546180
10893	407592000	-0.7	546180
10893	410270400	-2.1	546180
10893	412948800	-1.1	546180
10893	415368000	7.2	546180
10893	418046400	15.7	546180
10893	420638400	21.8	546180
10893	423316800	26.7	546180
10893	425908800	27.2	546180
10893	428587200	26.2	546180
10893	431265600	22.5	546180
10893	433857600	14.5	546180
10893	436536000	7.3	546180
10893	439128000	0.3	546180
10893	441806400	-4.6	546180
10893	444484800	-2.4	546180
10893	446990400	4.7	546180
10893	449668800	14.2	546180
10893	452260800	20.5	546180
10893	454939200	25.3	546180
10893	457531200	26.6	546180
10893	460209600	26	546180
10893	462888000	20	546180
10893	465480000	14.6	546180
10893	468158400	6.6	546180
10893	470750400	-2.3	546180
10893	473428800	-3.5	546180
10893	476107200	-1	546180
10893	478526400	4.7	546180
10893	481204800	14.8	546180
10893	483796800	19.4	546180
10893	486475200	25.9	546180
10893	489067200	26.5	546180
10893	491745600	25.5	546180
10893	494424000	18.3	546180
10893	497016000	14.9	546180
10893	499694400	4.9	546180
10893	502286400	-3.6	546180
10893	504964800	-2.4	546180
10893	507643200	-1.2	546180
10893	510062400	6.7	546180
10893	512740800	14.9	546180
10893	515332800	20.8	546180
10893	518011200	25.9	546180
10893	520603200	27.4	546180
10893	523281600	24.9	546180
10893	525960000	20.8	546180
10893	528552000	12.9	546180
10893	531230400	5.1	546180
10893	533822400	-1.1	546180
10893	536500800	-2.7	546180
10893	539179200	1.1	546180
10893	541598400	6	546180
10893	544276800	14.7	546180
10893	546868800	20.6	546180
10893	549547200	24.3	546180
10893	552139200	27.7	546180
10893	554817600	25.8	546180
10893	557496000	21.5	546180
10893	560088000	15.5	546180
10893	562766400	5	546180
10893	565358400	-0.3	546180
10893	568036800	-2.5	546180
10893	570715200	-0.7	546180
10893	573220800	5.1	546180
10893	575899200	14.7	546180
10893	578491200	20.3	546180
10893	581169600	26.2	546180
10893	583761600	25.8	546180
10893	586440000	25	546180
10893	589118400	21.6	546180
10893	591710400	15.2	546180
10893	594388800	6.4	546180
10893	596980800	-0.1	546180
10893	599659200	-1.8	546180
10893	602337600	1.5	546180
10893	604756800	7.9	546180
10893	607435200	15.7	546180
10893	610027200	21	546180
10893	612705600	25.4	546180
10893	615297600	26.8	546180
10893	617976000	25.5	546180
10893	620654400	20.6	546180
10893	623246400	15	546180
10893	625924800	5.5	546180
10893	628516800	0.6	546180
10893	631195200	-4.4	546180
10893	633873600	-0.2	546180
10893	636292800	7.5	546180
10893	638971200	13.8	546180
10893	641563200	19.3	546180
10893	644241600	24.8	546180
10893	646833600	26.5	546180
10893	649512000	25.8	546180
10893	652190400	21.4	546180
10893	654782400	16	546180
10893	657460800	7.2	546180
10893	660052800	-0.3	546180
10893	662731200	-1.5	546180
10893	665409600	0.7	546180
10893	667828800	4.6	546180
10893	670507200	14.4	546180
10893	673099200	19.4	546180
10893	675777600	24.1	546180
10893	678369600	26.5	546180
10893	681048000	26.3	546180
10893	683726400	22	546180
10893	686318400	14.6	546180
10893	688996800	5.5	546180
10893	691588800	-1.9	546180
10893	694267200	-1.8	546180
10893	696945600	2.1	546180
10893	699451200	6.2	546180
10893	702129600	15.4	546180
10893	704721600	20.4	546180
10893	707400000	24.4	546180
10893	709992000	28	546180
10893	712670400	25.1	546180
10893	715348800	21	546180
10893	717940800	12.9	546180
10893	720619200	4.8	546180
10893	723211200	-0.3	546180
10893	725889600	-3.3	546180
10893	728568000	2.8	546180
10893	730987200	8.1	546180
10893	733665600	14.3	546180
10893	736257600	20.4	546180
10893	738936000	25.7	546180
10893	741528000	24.8	546180
10893	744206400	24.8	546180
10893	746884800	21.6	546180
10893	749476800	14.4	546180
10893	752155200	4.1	546180
10893	754747200	-0.7	546180
10893	757425600	-1.5	546180
10893	760104000	1.1	546180
10893	762523200	5.6	546180
10893	765201600	16.9	546180
10893	767793600	21.1	546180
10893	770472000	26.7	546180
10893	773064000	28.3	546180
10893	775742400	26.9	546180
10893	778420800	20.8	546180
10893	781012800	14.2	546180
10893	783691200	6.8	546180
10893	786283200	-0.5	546180
10893	788961600	-1.4	546180
10893	791640000	2.1	546180
10893	794059200	7.9	546180
10893	796737600	14.1	546180
10893	799329600	19.9	546180
10893	802008000	24.7	546180
10893	804600000	25.9	546180
10893	807278400	25.2	546180
10893	809956800	19.3	546180
10893	812548800	15.5	546180
10893	815227200	8	546180
10893	817819200	-0.1	546180
10893	820497600	-2.4	546180
10893	823176000	0.2	546180
10893	825681600	6.1	546180
10893	828360000	13.7	546180
10893	830952000	21	546180
10893	833630400	25.3	546180
10893	836222400	26.2	546180
10893	838900800	24.5	546180
10893	841579200	21.1	546180
10893	844171200	14.6	546180
10893	846849600	5.4	546180
10893	849441600	1.1	546180
10893	852120000	-2.7	546180
10893	854798400	2	546180
10893	857217600	8.6	546180
10893	859896000	14.7	546180
10893	862488000	19.8	546180
10893	865166400	25.5	546180
10893	867758400	29.8	546180
10893	870436800	28	546180
10893	873115200	19.8	546180
10893	875707200	15	546180
10893	878385600	6.2	546180
10893	880977600	0	546180
10893	883656000	-2.7	546180
10893	886334400	2.7	546180
10893	888753600	8.3	546180
10893	891432000	16.4	546180
10893	894024000	20.2	546180
10893	896702400	25.8	546180
10893	899294400	27.5	546180
10893	901972800	26	546180
10893	904651200	24	546180
10893	907243200	16.5	546180
10893	909921600	7.3	546180
10893	912513600	1.2	546180
10893	915192000	-0.8	546180
10893	917870400	3.5	546180
10893	920289600	6.6	546180
10893	922968000	15.6	546180
10893	925560000	20.2	546180
10893	928238400	26.3	546180
10893	930830400	28.2	546180
10893	933508800	25.9	546180
10893	936187200	22.8	546180
10893	938779200	14.4	546180
10893	941457600	7	546180
10893	944049600	0.6	546180
10893	946728000	-5	546180
10893	949406400	-0.1	546180
10893	951912000	9.4	546180
10893	954590400	15.6	546180
10893	957182400	20.9	546180
10893	959860800	26.4	546180
10893	962452800	28.9	546180
10893	965131200	26.7	546180
10893	967809600	22	546180
10893	970401600	14	546180
10893	973080000	5.1	546180
10893	975672000	1.3	546180
10893	978350400	-4.4	546180
10893	981028800	0.4	546180
10893	983448000	9.3	546180
10893	986126400	14.6	546180
10893	988718400	22.5	546180
10893	991396800	26.4	546180
10893	993988800	27.2	546180
10893	996667200	26	546180
10893	999345600	21.1	546180
10893	1001937600	16.1	546180
10893	1004616000	7	546180
10893	1007208000	-1.4	546180
10893	1009886400	1.7	546180
10893	1012564800	5.6	546180
10893	1014984000	10.8	546180
10893	1017662400	15.3	546180
10893	1020254400	21.1	546180
10893	1022932800	25	546180
10893	1025524800	27.7	546180
10893	1028203200	26.4	546180
10893	1030881600	21.2	546180
10893	1033473600	12.8	546180
10893	1036152000	4.4	546180
10893	1038744000	-2.1	546180
10893	1041422400	-2.8	546180
10893	1044100800	2.5	546180
10893	1046520000	7.6	546180
10893	1049198400	15.2	546180
10893	1051790400	21.6	546180
10893	1054468800	25	546180
10893	1057060800	26	546180
10893	1059739200	25.4	546180
10893	1062417600	21.4	546180
10893	1065009600	14.2	546180
10893	1067688000	5.2	546180
10893	1070280000	0.7	546180
10893	1072958400	-1.4	546180
10893	1075636800	4.5	546180
10893	1078142400	8.9	546180
10893	1080820800	16.6	546180
10893	1083412800	20.3	546180
10893	1086091200	24.6	546180
10893	1088683200	26.4	546180
10893	1091361600	25	546180
10893	1094040000	22.1	546180
10893	1096632000	15.1	546180
10893	1099310400	7.1	546180
10893	1101902400	-0.4	546180
10893	1104580800	-2.7	546180
10893	1107259200	-2.2	546180
10893	1109678400	6.5	546180
10893	1112356800	17.3	546180
10893	1114948800	20.9	546180
10893	1117627200	27.7	546180
10893	1120219200	28.6	546180
10893	1122897600	25.9	546180
10893	1125576000	22.1	546180
10893	1128168000	15.5	546180
10893	1130846400	8.9	546180
10893	1133438400	-2	546180
10893	1136116800	-1.2	546180
10893	1138795200	0.7	546180
10893	1141214400	8.9	546180
10893	1143892800	14.4	546180
10893	1146484800	20.7	546180
10893	1149163200	27.3	546180
10893	1151755200	26.6	546180
10893	1154433600	26.5	546180
10893	1157112000	22.1	546180
10893	1159704000	18	546180
10893	1162382400	8.2	546180
10893	1164974400	0	546180
10893	1167652800	-1	546180
10893	1170331200	5.6	546180
10893	1172750400	7.7	546180
10893	1175428800	15.3	546180
10893	1178020800	22.5	546180
10893	1180699200	26.2	546180
10893	1183291200	27.4	546180
10893	1185969600	26.6	546180
10893	1188648000	22.5	546180
10893	1191240000	14.1	546180
10893	1193918400	6.9	546180
10893	1196510400	1.2	546180
10893	1199188800	-2.5	546180
10893	1201867200	0.6	546180
10893	1204372800	9.2	546180
10893	1207051200	16.2	546180
10893	1209643200	21.3	546180
10893	1212321600	24.1	546180
10893	1214913600	27.1	546180
10893	1217592000	26.2	546180
10893	1220270400	21.8	546180
10893	1222862400	15.9	546180
10893	1225540800	7.5	546180
10893	1228132800	0.4	546180
10893	1230811200	-1.3	546180
10893	1233489600	2.1	546180
10893	1235908800	8.1	546180
10893	1238587200	16	546180
10893	1241179200	21.7	546180
10893	1243857600	26.7	546180
10893	1246449600	27.1	546180
10893	1249128000	25.5	546180
10893	1251806400	21.4	546180
10893	1254398400	16.7	546180
10893	1257076800	3	546180
10893	1259668800	-1	546180
10893	1262347200	-3.3	546180
10893	1265025600	0.1	546180
10893	1267444800	5.1	546180
10893	1270123200	11.6	546180
10893	1272715200	21.5	546180
10893	1275393600	25.3	546180
10893	1277985600	28.8	546180
10893	1280664000	25.7	546180
10893	1283342400	21.3	546180
10893	1285934400	14.6	546180
10893	1288612800	7.5	546180
10893	1291204800	0.4	546180
10893	1293883200	-4.2	546180
10893	1296561600	1	546180
10893	1298980800	8.3	546180
10893	1301659200	15	546180
10893	1304251200	20.5	546180
10893	1306929600	26.8	546180
10893	1309521600	27.9	546180
10893	1312200000	25.9	546180
10893	1314878400	20	546180
10893	1317470400	15.3	546180
10893	1320148800	8.1	546180
10893	1322740800	-0.6	546180
10893	1325419200	-2.2	546180
10893	1328097600	-0.2	546180
10893	1330603200	6.6	546180
10893	1333281600	16.3	546180
10893	1335873600	22.8	546180
10893	1338552000	26.2	546180
10893	1341144000	27.7	546180
10893	1343822400	25	546180
10893	1346500800	20.7	546180
10893	1349092800	15.7	546180
10893	1351771200	5.7	546180
10893	1354363200	-2.9	546180
10895	-63115200	-1.8	549060
10895	-60436800	-1.2	549060
10895	-57931200	8.7	549060
10895	-55252800	15.6	549060
10895	-52660800	21.4	549060
10895	-49982400	27.1	549060
10895	-47390400	27.1	549060
10895	-44712000	25.1	549060
10895	-42033600	20.6	549060
10895	-39441600	12.8	549060
10895	-36763200	8.3	549060
10895	-34171200	2.9	549060
10895	-31492800	-3.5	549060
10895	-28814400	-3.3	549060
10895	-26395200	5	549060
10895	-23716800	13.7	549060
10895	-21124800	20.5	549060
10895	-18446400	25.7	549060
10895	-15854400	27.2	549060
10895	-13176000	26.4	549060
10895	-10497600	20.4	549060
10895	-7905600	15.3	549060
10895	-5227200	5.5	549060
10895	-2635200	-0.5	549060
10895	43200	-2.2	549060
10895	2721600	2.4	549060
10895	5140800	5.3	549060
10895	7819200	14.4	549060
10895	10411200	21	549060
10895	13089600	24.3	549060
10895	15681600	27.1	549060
10895	18360000	25.7	549060
10895	21038400	20.4	549060
10895	23630400	15.2	549060
10895	26308800	6.3	549060
10895	28900800	1.1	549060
14269	-2503483200	20.5	545110
14269	-2500891200	13.1	545110
14269	-2498212800	4.7	545110
14269	-2495620800	-1.3	545110
14269	-2492942400	-5.3	545110
14269	-2490264000	-0.3	545110
14269	-2487844800	6.4	545110
14269	-2485166400	12.4	545110
14269	-2482574400	21.7	545110
14269	-2479896000	24.3	545110
14269	-2477304000	25.6	545110
14269	-2474625600	24.9	545110
14269	-2471947200	20.8	545110
14269	-2469355200	14.2	545110
14269	-2466676800	3	545110
14269	-2464084800	-1.9	545110
14269	-2461406400	-5.4	545110
14269	-2458728000	-2.9	545110
14269	-2456222400	1.3	545110
14269	-2453544000	14	545110
14269	-2450952000	20.2	545110
14269	-2448273600	25.5	545110
14269	-2445681600	25.5	545110
14269	-2443003200	24.4	545110
14269	-2440324800	19.3	545110
14269	-2437732800	13.1	545110
14269	-2435054400	3	545110
14269	-2432462400	-2.6	545110
14269	-2429784000	-7.9	545110
14269	-2427105600	-2.8	545110
14269	-2424686400	5.1	545110
14269	-2422008000	14.2	545110
14269	-2419416000	18.5	545110
14269	-2416737600	23.1	545110
14269	-2414145600	25.9	545110
14269	-2411467200	24.7	545110
14269	-2408788800	20.1	545110
14269	-2406196800	12.8	545110
14269	-2403518400	3.4	545110
14269	-2400926400	-1.8	545110
14269	-2398248000	-4	545110
14269	-2395569600	-0.6	545110
14269	-2393150400	5.8	545110
14269	-2390472000	14.1	545110
14269	-2387880000	20.2	545110
14269	-2385201600	24.8	545110
14269	-2382609600	26.1	545110
14269	-2379931200	24.7	545110
14269	-2377252800	20.5	545110
14269	-2374660800	13.7	545110
14269	-2371982400	4.4	545110
14269	-2369390400	-2.2	545110
14269	-2366712000	-6.1	545110
14269	-2364033600	-4.2	545110
14269	-2361614400	1.9	545110
14269	-2358936000	14.2	545110
14269	-2356344000	18.9	545110
14269	-2353665600	23.4	545110
14269	-2351073600	25.5	545110
14269	-2348395200	24.1	545110
14269	-2345716800	19.8	545110
14269	-2343124800	13.5	545110
14269	-2340446400	4.4	545110
14269	-2337854400	-1.8	545110
14269	-2335176000	-3.9	545110
14269	-2332497600	-2.4	545110
14269	-2329992000	2.3	545110
14269	-2327313600	12.4	545110
14269	-2324721600	19.6	545110
14269	-2322043200	24.8	545110
14269	-2319451200	25.4	545110
14269	-2316772800	24.6	545110
14269	-2314094400	19.6	545110
14269	-2311502400	13	545110
14269	-2308824000	6.1	545110
14269	-2306232000	-2.3	545110
14269	-2303553600	-6.2	545110
14269	-2300875200	-3.3	545110
14269	-2298456000	2.7	545110
14269	-2295777600	12.2	545110
14269	-2293185600	19.4	545110
14269	-2290507200	24.3	545110
14269	-2287915200	26.1	545110
14269	-2285236800	25.8	545110
14269	-2282558400	20.4	545110
14269	-2279966400	13.7	545110
14269	-2277288000	5	545110
14269	-2274696000	-6	545110
14269	-2272017600	-2.3	545110
14269	-2269339200	-0.4	545110
14269	-2266920000	0.7	545110
14269	-2264241600	13.4	545110
14269	-2261649600	21.2	545110
14269	-2258971200	25.5	545110
14269	-2256379200	26.3	545110
14269	-2253700800	24.7	545110
14269	-2251022400	19.3	545110
14269	-2248430400	13.6	545110
14269	-2245752000	5.5	545110
14269	-2243160000	-0.2	545110
14269	-2240481600	-3.9	545110
14269	-2237803200	-0.9	545110
14269	-2235384000	5.9	545110
14269	-2232705600	13.7	545110
14269	-2230113600	20.5	545110
14269	-2227435200	25.6	545110
14269	-2224843200	26.3	545110
14269	-2222164800	25.3	545110
14269	-2219486400	21	545110
14269	-2216894400	13	545110
14269	-2214216000	4.4	545110
14269	-2211624000	-2.9	545110
14269	-2208945600	-7.4	545110
14269	-2206267200	-1.4	545110
14269	-2203848000	4.7	545110
14269	-2201169600	13.3	545110
14269	-2198577600	21	545110
14269	-2195899200	26.4	545110
14269	-2193307200	26.3	545110
14269	-2190628800	25.1	545110
14269	-2187950400	20.3	545110
14269	-2185358400	12.7	545110
14269	-2182680000	3.4	545110
14269	-2180088000	-3.7	545110
14269	-2177409600	-7.2	545110
14269	-2174731200	-3.3	545110
14269	-2172312000	6.8	545110
14269	-2169633600	14.8	545110
14269	-2167041600	19.5	545110
14269	-2164363200	24.4	545110
14269	-2161771200	25	545110
14269	-2159092800	23.9	545110
14269	-2156414400	19.6	545110
14269	-2153822400	12	545110
14269	-2151144000	3.2	545110
14269	-2148552000	-5.6	545110
14269	-2145873600	-4.6	545110
14269	-2143195200	-2	545110
14269	-2140776000	5.6	545110
14269	-2138097600	12.3	545110
14269	-2135505600	19.3	545110
14269	-2132827200	24.5	545110
14269	-2130235200	25.7	545110
14269	-2127556800	23.5	545110
14269	-2124878400	19.4	545110
14269	-2122286400	14	545110
14269	-2119608000	5.2	545110
14269	-2117016000	-3.2	545110
14269	-2114337600	-5.1	545110
14269	-2111659200	-0.8	545110
14269	-2109240000	4.4	545110
14269	-2106561600	13.7	545110
14269	-2103969600	20.3	545110
14269	-2101291200	24	545110
14269	-2098699200	27.7	545110
14269	-2096020800	26.3	545110
14269	-2093342400	20.1	545110
14269	-2090750400	12.7	545110
14269	-2088072000	3.4	545110
14269	-2085480000	-2.6	545110
14269	-2082801600	-6.4	545110
14269	-2080123200	-1.9	545110
14269	-2077617600	3.4	545110
14269	-2074939200	11.8	545110
14269	-2072347200	19	545110
14269	-2069668800	25.4	545110
14269	-2067076800	24.2	545110
14269	-2064398400	24.2	545110
14269	-2061720000	19.4	545110
14269	-2059128000	11.5	545110
14269	-2056449600	3.2	545110
14269	-2053857600	-4	545110
14269	-2051179200	-1.6	545110
14269	-2048500800	-3	545110
14269	-2046081600	3.4	545110
14269	-2043403200	10.7	545110
14269	-2040811200	19.4	545110
14269	-2038132800	24.2	545110
14269	-2035540800	26.7	545110
14269	-2032862400	25.4	545110
14269	-2030184000	20.6	545110
14269	-2027592000	12.9	545110
14269	-2024913600	3.8	545110
14269	-2022321600	-1.2	545110
14269	-2019643200	-5.3	545110
14269	-2016964800	-3.4	545110
14269	-2014545600	6.3	545110
14269	-2011867200	14.2	545110
14269	-2009275200	20.2	545110
14269	-2006596800	26.5	545110
14269	-2004004800	26.8	545110
14269	-2001326400	24.4	545110
14269	-1998648000	19.8	545110
14269	-1996056000	13.3	545110
14269	-1993377600	1.7	545110
14269	-1990785600	-1.5	545110
14269	-1988107200	-1.7	545110
14269	-1985428800	-3.8	545110
14269	-1983009600	4.5	545110
14269	-1980331200	13.8	545110
14269	-1977739200	20.7	545110
14269	-1975060800	25.7	545110
14269	-1972468800	26.2	545110
14269	-1969790400	25.8	545110
14269	-1967112000	20.5	545110
14269	-1964520000	13.8	545110
14269	-1961841600	2.2	545110
14269	-1959249600	-3.3	545110
14269	-1956571200	-6.6	545110
14269	-1953892800	-3.2	545110
14269	-1951387200	3.4	545110
14269	-1948708800	12.5	545110
14269	-1946116800	20.5	545110
14269	-1943438400	25.2	545110
14269	-1940846400	25.8	545110
14269	-1938168000	25.7	545110
14269	-1935489600	19.5	545110
14269	-1932897600	13.6	545110
14269	-1930219200	4.4	545110
14269	-1927627200	-0.3	545110
14269	-1924948800	-4.7	545110
14269	-1922270400	-1.6	545110
14269	-1919851200	2.3	545110
14269	-1917172800	12.6	545110
14269	-1914580800	19.6	545110
14269	-1911902400	23	545110
14269	-1909310400	26.2	545110
14269	-1906632000	24.9	545110
14269	-1903953600	20.1	545110
14269	-1901361600	12.9	545110
14269	-1898683200	5.1	545110
14269	-1896091200	-3.2	545110
14269	-1893412800	-5.6	545110
14269	-1890734400	-1.4	545110
14269	-1888315200	3.8	545110
14269	-1885636800	13	545110
14269	-1883044800	20.8	545110
14269	-1880366400	23.7	545110
14269	-1877774400	27.3	545110
14269	-1875096000	25.2	545110
14269	-1872417600	19.1	545110
14269	-1869825600	13.4	545110
14269	-1867147200	2.8	545110
14269	-1864555200	-4.6	545110
14269	-1861876800	-5.5	545110
14269	-1859198400	-2.4	545110
14269	-1856779200	3.3	545110
14269	-1854100800	12	545110
14269	-1851508800	19.5	545110
14269	-1848830400	24.1	545110
14269	-1846238400	25.2	545110
14269	-1843560000	24.7	545110
14269	-1840881600	20.6	545110
14269	-1838289600	13.2	545110
14269	-1835611200	3.8	545110
14269	-1833019200	-4.3	545110
14269	-1830340800	-4.1	545110
14269	-1827662400	0.3	545110
14269	-1825156800	4.5	545110
14269	-1822478400	13.6	545110
14269	-1819886400	19.2	545110
14269	-1817208000	24.1	545110
14269	-1814616000	25.6	545110
14269	-1811937600	25.7	545110
14269	-1809259200	19.1	545110
14269	-1806667200	11.8	545110
14269	-1803988800	1.9	545110
14269	-1801396800	-4.4	545110
14269	-1798718400	-5	545110
14269	-1796040000	-2	545110
14269	-1793620800	4.8	545110
14269	-1790942400	13.7	545110
14269	-1788350400	19.8	545110
14269	-1785672000	22.9	545110
14269	-1783080000	26.5	545110
14269	-1780401600	25.1	545110
14269	-1777723200	20.5	545110
14269	-1775131200	12.8	545110
14269	-1772452800	4.5	545110
14269	-1769860800	-4.2	545110
14269	-1767182400	-2.1	545110
14269	-1764504000	-0.4	545110
14269	-1762084800	5.9	545110
14269	-1759406400	13.7	545110
14269	-1756814400	20.8	545110
14269	-1754136000	24.8	545110
14269	-1751544000	25.8	545110
14269	-1748865600	25.2	545110
14269	-1746187200	20.1	545110
14269	-1743595200	13.9	545110
14269	-1740916800	3.6	545110
14269	-1738324800	-2.4	545110
14269	-1735646400	-6.6	545110
14269	-1732968000	-3.6	545110
14269	-1730548800	3.9	545110
14269	-1727870400	12.5	545110
14269	-1725278400	19.1	545110
14269	-1722600000	22.9	545110
14269	-1720008000	25.9	545110
14269	-1717329600	25	545110
14269	-1714651200	18.9	545110
14269	-1712059200	13.4	545110
14269	-1709380800	6.1	545110
14269	-1706788800	-0.2	545110
14269	-1704110400	-2.4	545110
14269	-1701432000	-1.1	545110
14269	-1698926400	3.7	545110
14269	-1696248000	12.1	545110
14269	-1693656000	20.3	545110
14269	-1690977600	24.4	545110
14269	-1688385600	26.9	545110
14269	-1685707200	24.7	545110
14269	-1683028800	19.6	545110
14269	-1680436800	13	545110
14269	-1677758400	5.3	545110
14269	-1675166400	-4.3	545110
14269	-1672488000	-6.7	545110
14269	-1669809600	-1.4	545110
14269	-1667390400	6.9	545110
14269	-1664712000	14	545110
14269	-1662120000	18.9	545110
14269	-1659441600	25.8	545110
14269	-1656849600	26.7	545110
14269	-1654171200	25.4	545110
14269	-1651492800	19	545110
14269	-1648900800	12.8	545110
14269	-1646222400	4.3	545110
14269	-1643630400	-4.9	545110
14269	-1640952000	-3.2	545110
14269	-1638273600	0.2	545110
14269	-1635854400	6.4	545110
14269	-1633176000	13.7	545110
14269	-1630584000	18.1	545110
14269	-1627905600	23.8	545110
14269	-1625313600	25.6	545110
14269	-1622635200	24.5	545110
14269	-1619956800	20.5	545110
14269	-1617364800	13.4	545110
14269	-1614686400	3.4	545110
14269	-1612094400	-4.3	545110
14269	-1609416000	-7.1	545110
14269	-1606737600	0.8	545110
14269	-1604318400	6.8	545110
14269	-1601640000	14.4	545110
14269	-1599048000	20.5	545110
14269	-1596369600	25.5	545110
14269	-1593777600	26.2	545110
14269	-1591099200	26.8	545110
14269	-1588420800	20.7	545110
14269	-1585828800	13	545110
14269	-1583150400	4.5	545110
14269	-1580558400	-2.6	545110
14269	-1577880000	-3.2	545110
14269	-1575201600	-4.1	545110
14269	-1572696000	6.5	545110
14269	-1570017600	15.9	545110
14269	-1567425600	22	545110
14269	-1564747200	24.9	545110
14269	-1562155200	28.1	545110
14269	-1559476800	26.7	545110
14269	-1556798400	19.5	545110
14269	-1554206400	16.1	545110
14269	-1551528000	6	545110
14269	-1548936000	-2.1	545110
14269	-1546257600	-2.5	545110
14269	-1543579200	0.3	545110
14269	-1541160000	5	545110
14269	-1538481600	13.1	545110
14269	-1535889600	19.6	545110
14269	-1533211200	23.7	545110
14269	-1530619200	26.9	545110
14269	-1527940800	25.3	545110
14269	-1525262400	21.5	545110
14269	-1522670400	13.7	545110
14269	-1519992000	4	545110
14269	-1517400000	-1.4	545110
14269	-1514721600	-7.4	545110
14269	-1512043200	0.3	545110
14269	-1509624000	5.4	545110
14269	-1506945600	15.9	545110
14269	-1504353600	19.2	545110
14269	-1501675200	26.5	545110
14269	-1499083200	27.3	545110
14269	-1496404800	26.1	545110
14269	-1493726400	19.8	545110
14269	-1491134400	13.9	545110
14269	-1488456000	2.5	545110
14269	-1485864000	-1.3	545110
14269	-1483185600	-4.6	545110
14269	-1480507200	-1.4	545110
14269	-1478088000	6.2	545110
14269	-1475409600	12.7	545110
14269	-1472817600	20.5	545110
14269	-1470139200	24.9	545110
14269	-1467547200	27	545110
14269	-1464868800	26	545110
14269	-1462190400	20.5	545110
14269	-1459598400	12.9	545110
14269	-1456920000	3.1	545110
14269	-1454328000	-1.8	545110
14269	-1451649600	-2.3	545110
14269	-1448971200	-1.5	545110
14269	-1446465600	3.6	545110
14269	-1443787200	13.6	545110
14269	-1441195200	21.8	545110
14269	-1438516800	25.7	545110
14269	-1435924800	25.5	545110
14269	-1433246400	26	545110
14269	-1430568000	21.3	545110
14269	-1427976000	12.5	545110
14269	-1425297600	3.5	545110
14269	-1422705600	-1.8	545110
14269	-1420027200	-3.5	545110
14269	-1417348800	-2	545110
14269	-1414929600	4.2	545110
14269	-1412251200	13.6	545110
14269	-1409659200	18.6	545110
14269	-1406980800	23.4	545110
14269	-1404388800	26	545110
14269	-1401710400	24.9	545110
14269	-1399032000	21.2	545110
14269	-1396440000	15.1	545110
14269	-1393761600	6.4	545110
14269	-1391169600	-2.3	545110
14269	-1388491200	-2.8	545110
14269	-1385812800	-0.9	545110
14269	-1383393600	6.8	545110
14269	-1380715200	14	545110
14269	-1378123200	20.2	545110
14269	-1375444800	24.5	545110
14269	-1372852800	26.9	545110
14269	-1370174400	26.8	545110
14269	-1367496000	20.9	545110
14269	-1364904000	13.1	545110
14269	-1362225600	6.1	545110
14269	-1359633600	-4.3	545110
14269	-1356955200	-5.1	545110
14269	-1354276800	-1.4	545110
14269	-1351857600	4.7	545110
14269	-1349179200	15	545110
14269	-1346587200	19.7	545110
14269	-1343908800	26.6	545110
14269	-1341316800	27.5	545110
14269	-1338638400	26	545110
14269	-1335960000	21.9	545110
14269	-1333368000	14.5	545110
14269	-1330689600	7.7	545110
14269	-1328097600	-2.4	545110
14269	-1325419200	-4	545110
14269	-1322740800	-2	545110
14269	-1320235200	6.1	545110
14269	-1317556800	14.4	545110
14269	-1314964800	22.1	545110
14269	-1312286400	25.8	545110
14269	-1309694400	26.6	545110
14269	-1307016000	25.3	545110
14269	-1304337600	20.1	545110
14269	-1301745600	13.1	545110
14269	-1299067200	3	545110
14269	-1296475200	-2.9	545110
14269	-1293796800	-4.3	545110
14269	-1291118400	-2.2	545110
14269	-1288699200	6.6	545110
14269	-1286020800	13.7	545110
14269	-1283428800	21	545110
14269	-1280750400	26.7	545110
14269	-1278158400	26.8	545110
14269	-1275480000	25.4	545110
14269	-1272801600	21.1	545110
14269	-1270209600	13.5	545110
14269	-1267531200	4.3	545110
14269	-1264939200	-3.8	545110
14269	-1262260800	-4.4	545110
14269	-1259582400	-0.2	545110
14269	-1257163200	7.6	545110
14269	-1254484800	14.4	545110
14269	-1251892800	20.6	545110
14269	-1249214400	25.8	545110
14269	-1246622400	27.6	545110
14269	-1243944000	25.4	545110
14269	-1241265600	20.8	545110
14269	-1238673600	14.1	545110
14269	-1235995200	2.5	545110
14269	-1233403200	-1.3	545110
14269	-1230724800	-4	545110
14269	-1228046400	-3.6	545110
14269	-1225627200	6.2	545110
14269	-1222948800	12.2	545110
14269	-1220356800	19.5	545110
14269	-1217678400	25.3	545110
14269	-1215086400	26.2	545110
14269	-1212408000	26	545110
14269	-1209729600	20.8	545110
14269	-1207137600	12.7	545110
14269	-1204459200	5.1	545110
14269	-1201867200	-2.8	545110
14269	-1199188800	-1.4	545110
14269	-1196510400	-3	545110
14269	-1194004800	3.7	545110
14269	-1191326400	12.9	545110
14269	-1188734400	20.7	545110
14269	-1186056000	24.3	545110
14269	-1183464000	26.3	545110
14269	-1180785600	25.6	545110
14269	-1178107200	20.5	545110
14269	-1175515200	12.7	545110
14269	-1172836800	4.9	545110
14269	-1170244800	-0.3	545110
14269	-1167566400	-5.9	545110
14269	-1164888000	-1.9	545110
14269	-1162468800	2.4	545110
14269	-1159790400	12.6	545110
14269	-1157198400	20.3	545110
14269	-1154520000	22.2	545110
14269	-1151928000	26.3	545110
14269	-1149249600	24.6	545110
14269	-1146571200	21	545110
14269	-1143979200	12.6	545110
14269	-1141300800	4	545110
14269	-1138708800	-1	545110
14269	-1136030400	-5.5	545110
14269	-1133352000	0.7	545110
14269	-1130932800	3.8	545110
14269	-1128254400	11.6	545110
14269	-1125662400	20.5	545110
14269	-1122984000	23.6	545110
14269	-1120392000	27	545110
14269	-1117713600	24.1	545110
14269	-1115035200	19.8	545110
14269	-1112443200	12	545110
14269	-1109764800	4.6	545110
14269	-1107172800	-0.1	545110
14269	-1104494400	-2.9	545110
14269	-1101816000	1.8	545110
14269	-1099396800	7.7	545110
14269	-1096718400	14.4	545110
14269	-1094126400	20.1	545110
14269	-1091448000	24	545110
14269	-1088856000	26.7	545110
14269	-1086177600	25.9	545110
14269	-1083499200	22	545110
14269	-1080907200	15	545110
14269	-1078228800	3.3	545110
14269	-1075636800	-6	545110
14269	-1072958400	-7.3	545110
14269	-1070280000	-4.7	545110
14269	-1067774400	1.8	545110
14269	-1065096000	12.2	545110
14269	-1062504000	19.6	545110
14269	-1059825600	25.6	545110
14269	-1057233600	27.5	545110
14269	-1054555200	25.9	545110
14269	-1051876800	20.9	545110
14269	-1049284800	14.3	545110
14269	-1046606400	4.2	545110
14269	-1044014400	-1.9	545110
14269	-1041336000	-3.7	545110
14269	-1038657600	-0.6	545110
14269	-1036238400	3.6	545110
14269	-1033560000	12.3	545110
14269	-1030968000	21.1	545110
14269	-1028289600	24.7	545110
14269	-1025697600	26.8	545110
14269	-1023019200	26	545110
14269	-1020340800	20	545110
14269	-1017748800	14	545110
14269	-1015070400	4.9	545110
14269	-1012478400	-3.3	545110
14269	-1009800000	-5.4	545110
14269	-1007121600	-0.8	545110
14269	-1004702400	6.6	545110
14269	-1002024000	15.6	545110
14269	-999432000	18.6	545110
14269	-996753600	23.9	545110
14269	-994161600	26.5	545110
14269	-991483200	26.1	545110
14269	-988804800	19.8	545110
14269	-986212800	14.8	545110
14269	-983534400	5.3	545110
14269	-980942400	-3.2	545110
14269	-978264000	-4.4	545110
14269	-975585600	-1	545110
14269	-973166400	5.4	545110
14269	-970488000	13.9	545110
14269	-967896000	19.4	545110
14269	-965217600	24.4	545110
14269	-962625600	27.2	545110
14269	-959947200	26.8	545110
14269	-957268800	19.5	545110
14269	-954676800	12.8	545110
14269	-951998400	2.8	545110
14269	-949406400	-1.5	545110
14269	-946728000	-5.9	545110
14269	-944049600	-1.4	545110
14269	-941544000	6.3	545110
14269	-938865600	13.9	545110
14269	-936273600	20.7	545110
14269	-933595200	23.5	545110
14269	-931003200	26.8	545110
14269	-928324800	22.7	545110
14269	-925646400	20.4	545110
14269	-923054400	14.1	545110
14269	-920376000	4.5	545110
14269	-917784000	-1.4	545110
14269	-915105600	-4	545110
14269	-912427200	-2.4	545110
14269	-910008000	6.1	545110
14269	-907329600	12.1	545110
14269	-904737600	20.4	545110
14269	-902059200	24	545110
14269	-899467200	26.6	545110
14269	-896788800	25.4	545110
14269	-894110400	21.1	545110
14269	-891518400	13.1	545110
14269	-888840000	5.3	545110
14269	-886248000	-1.3	545110
14269	-883569600	-4	545110
14269	-880891200	-3.4	545110
14269	-878472000	7.7	545110
14269	-875793600	14.2	545110
14269	-873201600	19.1	545110
14269	-870523200	27.1	545110
14269	-867931200	27.5	545110
14269	-865252800	25.2	545110
14269	-862574400	20.8	545110
14269	-859982400	12.8	545110
14269	-857304000	5.6	545110
14269	-854712000	-1.7	545110
14269	-852033600	-5.7	545110
14269	-849355200	-0.7	545110
14269	-846936000	6.7	545110
14269	-844257600	13.7	545110
14269	-841665600	20.9	545110
14269	-838987200	26.5	545110
14269	-836395200	27.7	545110
14269	-833716800	26	545110
14269	-831038400	19.8	545110
14269	-828446400	14.6	545110
14269	-825768000	5	545110
14269	-823176000	-1.4	545110
14269	-820497600	-2.6	545110
14269	-817819200	-1.4	545110
14269	-815313600	5.8	545110
14269	-812635200	13.1	545110
14269	-810043200	19.3	545110
14269	-807364800	25.7	545110
14269	-804772800	27.9	545110
14269	-802094400	25.1	545110
14269	-799416000	21.3	545110
14269	-796824000	13.3	545110
14269	-794145600	3.8	545110
14269	-791553600	-5.9	545110
14269	-788875200	-5.6	545110
14269	-786196800	-4.2	545110
14269	-783777600	4.4	545110
14269	-781099200	16.5	545110
14269	-778507200	19.6	545110
14269	-775828800	25.7	545110
14269	-773236800	27.7	545110
14269	-770558400	26.7	545110
14269	-767880000	20.9	545110
14269	-765288000	14.1	545110
14269	-762609600	7.4	545110
14269	-760017600	-1.3	545110
14269	-757339200	-2.8	545110
14269	-754660800	0.2	545110
14269	-752241600	3.2	545110
14269	-749563200	14.5	545110
14269	-746971200	19	545110
14269	-744292800	26.7	545110
14269	-741700800	27.4	545110
14269	-739022400	25.9	545110
14269	-736344000	20.9	545110
14269	-733752000	14.6	545110
14269	-731073600	6.5	545110
14269	-728481600	-4.2	545110
14269	-725803200	-6.1	545110
14269	-723124800	-4.7	545110
14269	-720705600	2.5	545110
14269	-718027200	14.9	545110
14269	-715435200	19.9	545110
14269	-712756800	24.1	545110
14269	-710164800	26.3	545110
14269	-707486400	25.1	545110
14269	-704808000	19	545110
14269	-702216000	12	545110
14269	-699537600	1.1	545110
14269	-696945600	-5.8	545110
14269	-694267200	-4.5	545110
14269	-691588800	-0.4	545110
14269	-689083200	5.7	545110
14269	-686404800	16	545110
14269	-683812800	18.8	545110
14269	-681134400	25.7	545110
14269	-678542400	26.1	545110
14269	-675864000	25.7	545110
14269	-673185600	20.5	545110
14269	-670593600	12.5	545110
14269	-667915200	3.4	545110
14269	-665323200	-0.3	545110
14269	-662644800	-2.4	545110
14269	-659966400	0.9	545110
14269	-657547200	5.5	545110
14269	-654868800	14.1	545110
14269	-652276800	20.9	545110
14269	-649598400	24.7	545110
14269	-647006400	24.5	545110
14269	-644328000	25.2	545110
14269	-641649600	19.7	545110
14269	-639057600	14.1	545110
14269	-636379200	5.3	545110
14269	-633787200	-3.7	545110
14269	-631108800	-3.1	545110
14269	-628430400	-0.5	545110
14269	-626011200	6.7	545110
14269	-623332800	13.7	545110
14269	-620740800	18.7	545110
14269	-618062400	23.4	545110
14269	-615470400	25.8	545110
14269	-612792000	25.4	545110
14269	-610113600	19.9	545110
14269	-607521600	13.5	545110
14269	-604843200	3.4	545110
14269	-602251200	-1.7	545110
14269	-599572800	-6.6	545110
14269	-596894400	-1.7	545110
14269	-594475200	4.5	545110
14269	-591796800	12.3	545110
14269	-589204800	20.8	545110
14269	-586526400	25.1	545110
14269	-583934400	26.1	545110
14269	-581256000	26	545110
14269	-578577600	18.4	545110
14269	-575985600	14	545110
14269	-573307200	5.1	545110
14269	-570715200	1.4	545110
14269	-568036800	-2.5	545110
14269	-565358400	-4.4	545110
14269	-562852800	4.6	545110
14269	-560174400	14	545110
14269	-557582400	21	545110
14269	-554904000	25.5	545110
14269	-552312000	26.7	545110
14269	-549633600	24.6	545110
14269	-546955200	20.3	545110
14269	-544363200	12.8	545110
14269	-541684800	4	545110
14269	-539092800	-5.3	545110
14269	-536414400	-5.6	545110
14269	-533736000	-3.5	545110
14269	-531316800	7.1	545110
14269	-528638400	13.2	545110
14269	-526046400	18.7	545110
14269	-523368000	24	545110
14269	-520776000	26.6	545110
14269	-518097600	24.2	545110
14269	-515419200	20.5	545110
14269	-512827200	15	545110
14269	-510148800	4.2	545110
14269	-507556800	-2.1	545110
14269	-504878400	-3	545110
14269	-502200000	-0.2	545110
14269	-499780800	3.9	545110
14269	-497102400	13.6	545110
14269	-494510400	19.1	545110
14269	-491832000	22.5	545110
14269	-489240000	24	545110
14269	-486561600	25	545110
14269	-483883200	19.9	545110
14269	-481291200	12.7	545110
14269	-478612800	6.5	545110
14269	-476020800	-5.2	545110
14269	-473342400	-4.2	545110
14269	-470664000	-0.3	545110
14269	-468244800	2.3	545110
14269	-465566400	13.5	545110
14269	-462974400	20	545110
14269	-460296000	24.7	545110
14269	-457704000	26.9	545110
14269	-455025600	25.9	545110
14269	-452347200	20.6	545110
14269	-449755200	11.8	545110
14269	-447076800	5.3	545110
14269	-444484800	-0.1	545110
14269	-441806400	-3.7	545110
14269	-439128000	-2.5	545110
14269	-436622400	3.1	545110
14269	-433944000	12.8	545110
14269	-431352000	18.2	545110
14269	-428673600	22.5	545110
14269	-426081600	26.1	545110
14269	-423403200	24.5	545110
14269	-420724800	20.8	545110
14269	-418132800	12	545110
14269	-415454400	1.6	545110
14269	-412862400	-5.3	545110
14269	-410184000	-5.1	545110
14269	-407505600	-5.6	545110
14269	-405086400	2.2	545110
14269	-402408000	13.4	545110
14269	-399816000	20.3	545110
14269	-397137600	23.1	545110
14269	-394545600	25.7	545110
14269	-391867200	24.8	545110
14269	-389188800	18.2	545110
14269	-386596800	13.3	545110
14269	-383918400	6.2	545110
14269	-381326400	-1.5	545110
14269	-378648000	-4.8	545110
14269	-375969600	-1.1	545110
14269	-373550400	4.4	545110
14269	-370872000	13.6	545110
14269	-368280000	20	545110
14269	-365601600	25	545110
14269	-363009600	26.5	545110
14269	-360331200	24.3	545110
14269	-357652800	20.7	545110
14269	-355060800	12	545110
14269	-352382400	5	545110
14269	-349790400	1	545110
14269	-347112000	-3.8	545110
14269	-344433600	0.7	545110
14269	-342014400	7.8	545110
14269	-339336000	13.4	545110
14269	-336744000	20.5	545110
14269	-334065600	23.5	545110
14269	-331473600	26.1	545110
14269	-328795200	25	545110
14269	-326116800	19.5	545110
14269	-323524800	14.1	545110
14269	-320846400	3	545110
14269	-318254400	-1.2	545110
14269	-315576000	-5.3	545110
14269	-312897600	2.9	545110
14269	-310392000	6.1	545110
14269	-307713600	13.6	545110
14269	-305121600	18.8	545110
14269	-302443200	25.5	545110
14269	-299851200	27	545110
14269	-297172800	25.4	545110
14269	-294494400	20.6	545110
14269	-291902400	12.8	545110
14269	-289224000	4	545110
14269	-286632000	-3.3	545110
14269	-283953600	-3.3	545110
14269	-281275200	1.5	545110
14269	-278856000	7.6	545110
14269	-276177600	14.8	545110
14269	-273585600	20.8	545110
14269	-270907200	25.2	545110
14269	-268315200	28	545110
14269	-265636800	25.2	545110
14269	-262958400	19.5	545110
14269	-260366400	12.3	545110
14269	-257688000	6.8	545110
14269	-255096000	-2.5	545110
14269	-252417600	-2.5	545110
14269	-249739200	-0.3	545110
14269	-247320000	4.9	545110
14269	-244641600	12.8	545110
14269	-242049600	20.8	545110
14269	-239371200	23.8	545110
14269	-236779200	26.7	545110
14269	-234100800	26	545110
14269	-231422400	20.7	545110
14269	-228830400	12.8	545110
14269	-226152000	3.8	545110
14269	-223560000	0.6	545110
14269	-220881600	-3.8	545110
14269	-218203200	-0.6	545110
14269	-215784000	7.2	545110
14269	-213105600	12.5	545110
14269	-210513600	19.5	545110
14269	-207835200	26	545110
14269	-205243200	27.4	545110
14269	-202564800	26	545110
14269	-199886400	20.4	545110
14269	-197294400	12.5	545110
14269	-194616000	5.3	545110
14269	-192024000	-1.6	545110
14269	-189345600	-2.7	545110
14269	-186667200	-4.8	545110
14269	-184161600	4.5	545110
14269	-181483200	12.3	545110
14269	-178891200	20.8	545110
14269	-176212800	24.4	545110
14269	-173620800	25.9	545110
14269	-170942400	24.8	545110
14269	-168264000	19.5	545110
14269	-165672000	11.9	545110
14269	-162993600	6.1	545110
14269	-160401600	-1	545110
14269	-157723200	-4.2	545110
14269	-155044800	0.1	545110
14269	-152625600	5.7	545110
14269	-149947200	12.1	545110
14269	-147355200	21.4	545110
14269	-144676800	25.6	545110
14269	-142084800	28.2	545110
14269	-139406400	25.9	545110
14269	-136728000	21.2	545110
14269	-134136000	15.3	545110
14269	-131457600	6.1	545110
14269	-128865600	-2.4	545110
14269	-126187200	-4.5	545110
14269	-123508800	-1.1	545110
14269	-121089600	4.8	545110
14269	-118411200	13.3	545110
14269	-115819200	20.4	545110
14269	-113140800	24.8	545110
14269	-110548800	26.6	545110
14269	-107870400	26.1	545110
14269	-105192000	20	545110
14269	-102600000	14.2	545110
14269	-99921600	5.1	545110
14269	-97329600	-3.7	545110
14269	-94651200	-3.5	545110
14269	-91972800	-2.2	545110
14269	-89553600	6.3	545110
14269	-86875200	13.7	545110
14269	-84283200	22.6	545110
14269	-81604800	24.6	545110
14269	-79012800	26.6	545110
14269	-76334400	26.4	545110
14269	-73656000	19.5	545110
14269	-71064000	14.2	545110
14269	-68385600	3.2	545110
14269	-65793600	-4.9	545110
14269	-63115200	-4.4	545110
14269	-60436800	-3.5	545110
14269	-57931200	6.8	545110
14269	-55252800	15	545110
14269	-52660800	21	545110
14269	-49982400	26.4	545110
14269	-47390400	28	545110
14269	-44712000	25.2	545110
14269	-42033600	21	545110
14269	-39441600	12.4	545110
14269	-36763200	5.5	545110
14269	-34171200	-0.7	545110
14269	-31492800	-5.5	545110
14269	-28814400	-4.2	545110
14269	-26395200	3.2	545110
14269	-23716800	13.8	545110
14269	-21124800	20.1	545110
14269	-18446400	24	545110
14269	-15854400	25.3	545110
14269	-13176000	24.9	545110
14269	-10497600	20.8	545110
14269	-7905600	13.7	545110
14269	-5227200	4.1	545110
14269	-2635200	-2.2	545110
14269	43200	-4.3	545110
14269	2721600	-0.8	545110
14269	5140800	2.7	545110
14269	7819200	14.4	545110
14269	10411200	20.3	545110
14269	13089600	23.6	545110
14269	15681600	26.1	545110
14269	18360000	24.8	545110
14269	21038400	20.3	545110
14269	23630400	14.2	545110
14269	26308800	4.4	545110
14269	28900800	-1.8	545110
14269	31579200	-2.9	545110
14269	34257600	-1.9	545110
14269	36676800	2.6	545110
14269	39355200	13.7	545110
14269	41947200	20.2	545110
14269	44625600	24.7	545110
14269	47217600	26.8	545110
14269	49896000	24.8	545110
14269	52574400	20.6	545110
14269	55166400	13.9	545110
14269	57844800	7.6	545110
14269	60436800	-2.5	545110
14269	63115200	-3.8	545110
14269	65793600	-3	545110
14269	68299200	6.4	545110
14269	70977600	14.3	545110
14269	73569600	19.1	545110
14269	76248000	26.4	545110
14269	78840000	28.1	545110
14269	81518400	25	545110
14269	84196800	19.8	545110
14269	86788800	13.2	545110
14269	89467200	4.8	545110
14269	92059200	-0.8	545110
14269	94737600	-3.2	545110
14269	97416000	-1.4	545110
14269	99835200	7.4	545110
14269	102513600	15.4	545110
14269	105105600	19.2	545110
14269	107784000	23.4	545110
14269	110376000	26	545110
14269	113054400	25.6	545110
14269	115732800	20.7	545110
14269	118324800	12.4	545110
14269	121003200	5.6	545110
14269	123595200	-0.4	545110
14269	126273600	-2.7	545110
14269	128952000	-1.1	545110
14269	131371200	5.3	545110
14269	134049600	14	545110
14269	136641600	20	545110
14269	139320000	23.8	545110
14269	141912000	26.3	545110
14269	144590400	25.8	545110
14269	147268800	20.1	545110
14269	149860800	12.3	545110
14269	152539200	4.8	545110
14269	155131200	-2.5	545110
14269	157809600	-1.9	545110
14269	160488000	-0.5	545110
14269	162907200	7.3	545110
14269	165585600	15.2	545110
14269	168177600	19.5	545110
14269	170856000	25	545110
14269	173448000	27.3	545110
14269	176126400	26.2	545110
14269	178804800	21.8	545110
14269	181396800	14.4	545110
14269	184075200	6.9	545110
14269	186667200	-1.4	545110
14269	189345600	-2.6	545110
14269	192024000	1.5	545110
14269	194529600	5.1	545110
14269	197208000	12.3	545110
14269	199800000	19.1	545110
14269	202478400	23.4	545110
14269	205070400	25	545110
14269	207748800	24.3	545110
14269	210427200	20.5	545110
14269	213019200	13	545110
14269	215697600	3.3	545110
14269	218289600	-1.1	545110
14269	220968000	-6.5	545110
14269	223646400	-0.9	545110
14269	226065600	7.5	545110
14269	228744000	15.1	545110
14269	231336000	19.1	545110
14269	234014400	23.6	545110
14269	236606400	27.1	545110
14269	239284800	25.3	545110
14269	241963200	20.9	545110
14269	244555200	14.5	545110
14269	247233600	6	545110
14269	249825600	0.7	545110
14269	252504000	-2.2	545110
14269	255182400	-1	545110
14269	257601600	5.8	545110
14269	260280000	14.5	545110
14269	262872000	19.2	545110
14269	265550400	25.6	545110
14269	268142400	27	545110
14269	270820800	25.1	545110
14269	273499200	20.4	545110
14269	276091200	13.5	545110
14269	278769600	6.6	545110
14269	281361600	-1.4	545110
14269	284040000	-2.8	545110
14269	286718400	0.9	545110
14269	289137600	5.9	545110
14269	291816000	11.6	545110
14269	294408000	18.9	545110
14269	297086400	23.7	545110
14269	299678400	26.3	545110
14269	302356800	24.7	545110
14269	305035200	19.3	545110
14269	307627200	15.5	545110
14269	310305600	3.8	545110
14269	312897600	-0.1	545110
14269	315576000	-3.3	545110
14269	318254400	-1.7	545110
14269	320760000	5.4	545110
14269	323438400	11.5	545110
14269	326030400	19.9	545110
14269	328708800	25.3	545110
14269	331300800	27.3	545110
14269	333979200	25.1	545110
14269	336657600	19.4	545110
14269	339249600	12.9	545110
14269	341928000	7.6	545110
14269	344520000	-2.4	545110
14269	347198400	-3.5	545110
14269	349876800	-1.1	545110
14269	352296000	7.5	545110
14269	354974400	15.9	545110
14269	357566400	20.1	545110
14269	360244800	25.4	545110
14269	362836800	27.9	545110
14269	365515200	24.9	545110
14269	368193600	20.7	545110
14269	370785600	11.5	545110
14269	373464000	2.7	545110
14269	376056000	-1	545110
14269	378734400	-3.8	545110
14269	381412800	1	545110
14269	383832000	7.1	545110
14269	386510400	15.5	545110
14269	389102400	21.3	545110
14269	391780800	24	545110
14269	394372800	25.2	545110
14269	397051200	26.1	545110
14269	399729600	20.4	545110
14269	402321600	15.4	545110
14269	4.05e+08	5.4	545110
14269	407592000	-1.2	545110
14269	410270400	-2.5	545110
14269	412948800	-1.7	545110
14269	415368000	7.1	545110
14269	418046400	14.6	545110
14269	420638400	21.3	545110
14269	423316800	25.3	545110
14269	425908800	27.4	545110
14269	428587200	25.3	545110
14269	431265600	21.9	545110
14269	433857600	13.5	545110
14269	436536000	6.1	545110
14269	439128000	0.5	545110
14269	441806400	-4.2	545110
14269	444484800	-2.1	545110
14269	446990400	3.8	545110
14269	449668800	13	545110
14269	452260800	20.4	545110
14269	454939200	24.7	545110
14269	457531200	27	545110
14269	460209600	25.4	545110
14269	462888000	19.9	545110
14269	465480000	13.5	545110
14269	468158400	5.2	545110
14269	470750400	-3	545110
14269	473428800	-4.8	545110
14269	476107200	-1.9	545110
14269	478526400	3.4	545110
14269	481204800	14.5	545110
14269	483796800	19.6	545110
14269	486475200	24.2	545110
14269	489067200	25.7	545110
14269	491745600	25.3	545110
14269	494424000	18.9	545110
14269	497016000	13.9	545110
14269	499694400	4.2	545110
14269	502286400	-3.4	545110
14269	504964800	-3.3	545110
14269	507643200	-1.4	545110
14269	510062400	7	545110
14269	512740800	14.8	545110
14269	515332800	20.8	545110
14269	518011200	24.9	545110
14269	520603200	25.2	545110
14269	523281600	24.9	545110
14269	525960000	19.9	545110
14269	528552000	11.7	545110
14269	531230400	3.7	545110
14269	533822400	-1.5	545110
14269	536500800	-3.6	545110
14269	539179200	0.6	545110
14269	541598400	4.2	545110
14269	544276800	13.5	545110
14269	546868800	19.8	545110
14269	549547200	23.3	545110
14269	552139200	26.8	545110
14269	554817600	25.1	545110
14269	557496000	21.2	545110
14269	560088000	13.8	545110
14269	562766400	4.2	545110
14269	565358400	0.2	545110
14269	568036800	-2.6	545110
14269	570715200	-1.2	545110
14269	573220800	4.4	545110
14269	575899200	14.8	545110
14269	578491200	20.1	545110
14269	581169600	25	545110
14269	583761600	26.2	545110
14269	586440000	24.8	545110
14269	589118400	21.6	545110
14269	591710400	14.4	545110
14269	594388800	7	545110
14269	596980800	0	545110
14269	599659200	-1.6	545110
14269	602337600	1.9	545110
14269	604756800	8.3	545110
14269	607435200	15.7	545110
14269	610027200	20.9	545110
14269	612705600	24.8	545110
14269	615297600	25.8	545110
14269	617976000	25.2	545110
14269	620654400	19.7	545110
14269	623246400	14	545110
14269	625924800	5	545110
14269	628516800	0.1	545110
14269	631195200	-4.8	545110
14269	633873600	-0.4	545110
14269	636292800	7.7	545110
14269	638971200	13.4	545110
14269	641563200	19.7	545110
14269	644241600	24.7	545110
14269	646833600	25.9	545110
14269	649512000	25.7	545110
14269	652190400	20.5	545110
14269	654782400	15.6	545110
14269	657460800	6.8	545110
14269	660052800	-0.5	545110
14269	662731200	-2	545110
14269	665409600	0	545110
14269	667828800	4.6	545110
14269	670507200	13.8	545110
14269	673099200	19.4	545110
14269	675777600	24.2	545110
14269	678369600	25.9	545110
14269	681048000	27.2	545110
14269	683726400	20.6	545110
14269	686318400	14	545110
14269	688996800	4.7	545110
14269	691588800	-1.6	545110
14269	694267200	-0.7	545110
14269	696945600	2.1	545110
14269	699451200	6.7	545110
14269	702129600	15.3	545110
14269	704721600	20.2	545110
14269	707400000	23.7	545110
14269	709992000	26.8	545110
14269	712670400	24.9	545110
14269	715348800	20.5	545110
14269	717940800	12.4	545110
14269	720619200	3.7	545110
14269	723211200	0.1	545110
14269	725889600	-3.3	545110
14269	728568000	2	545110
14269	730987200	7.8	545110
14269	733665600	13.9	545110
14269	736257600	21.1	545110
14269	738936000	25.4	545110
14269	741528000	25.4	545110
14269	744206400	25.3	545110
14269	746884800	21.3	545110
14269	749476800	13.8	545110
14269	752155200	4	545110
14269	754747200	-0.4	545110
14269	757425600	-1.2	545110
14269	760104000	0.9	545110
14269	762523200	5.3	545110
14269	765201600	17.3	545110
14269	767793600	21	545110
14269	770472000	26.9	545110
14269	773064000	28	545110
14269	775742400	26.9	545110
14269	778420800	21.1	545110
14269	781012800	14.5	545110
14269	783691200	6.4	545110
14269	786283200	-1.2	545110
14269	788961600	-0.6	545110
14269	791640000	2.4	545110
14269	794059200	7.7	545110
14269	796737600	14.4	545110
14269	799329600	19.7	545110
14269	802008000	24.6	545110
14269	804600000	25.9	545110
14269	807278400	25.8	545110
14269	809956800	19.3	545110
14269	812548800	14.5	545110
14269	815227200	8	545110
14269	817819200	0	545110
14269	820497600	-1.9	545110
14269	823176000	0.1	545110
14269	825681600	6.1	545110
14269	828360000	14	545110
14269	830952000	21.3	545110
14269	833630400	25.6	545110
14269	836222400	25.9	545110
14269	838900800	24.4	545110
14269	841579200	21	545110
14269	844171200	13.1	545110
14269	846849600	4.3	545110
14269	849441600	1.2	545110
14269	852120000	-3.4	545110
14269	854798400	1.6	545110
14269	857217600	8.8	545110
14269	859896000	14.7	545110
14269	862488000	20.4	545110
14269	865166400	25.1	545110
14269	867758400	28.9	545110
14269	870436800	27.4	545110
14269	873115200	19.4	545110
14269	875707200	14.9	545110
14269	878385600	6.4	545110
14269	880977600	-0.7	545110
14269	883656000	-3.1	545110
14269	886334400	3.4	545110
14269	888753600	8.5	545110
14269	891432000	15.8	545110
14269	894024000	20.2	545110
14269	896702400	24.7	545110
14269	899294400	27.4	545110
14269	901972800	26.1	545110
14269	904651200	23.1	545110
14269	907243200	15.8	545110
14269	909921600	4.8	545110
14269	912513600	0.9	545110
14269	915192000	-0.8	545110
14269	917870400	2.9	545110
14269	920289600	5.4	545110
14269	922968000	14.9	545110
14269	925560000	20	545110
14269	928238400	26.3	545110
14269	930830400	28.9	545110
14269	933508800	26.5	545110
14269	936187200	21.6	545110
14269	938779200	13.8	545110
14269	941457600	6.9	545110
14269	944049600	0.1	545110
14269	946728000	-5.7	545110
14269	949406400	-0.6	545110
14269	951912000	8.6	545110
14269	954590400	14.7	545110
14269	957182400	21.1	545110
14269	959860800	27.3	545110
14269	962452800	30.4	545110
14269	965131200	26.7	545110
14269	967809600	22.6	545110
14269	970401600	13.5	545110
14269	973080000	4	545110
14269	975672000	0.1	545110
14269	978350400	-4.7	545110
14269	981028800	-0.6	545110
14269	983448000	8.2	545110
14269	986126400	14.9	545110
14269	988718400	23.2	545110
14269	991396800	26.4	545110
14269	993988800	28.1	545110
14269	996667200	26.5	545110
14269	999345600	22	545110
14269	1001937600	14.6	545110
14269	1004616000	6	545110
14269	1007208000	-1.9	545110
14269	1009886400	1	545110
14269	1012564800	4.3	545110
14269	1014984000	10.4	545110
14269	1017662400	15	545110
14269	1020254400	22.2	545110
14269	1022932800	24.6	545110
14269	1025524800	28.4	545110
14269	1028203200	26.6	545110
14269	1030881600	21.3	545110
14269	1033473600	11.5	545110
14269	1036152000	4	545110
14269	1038744000	-2.2	545110
14269	1041422400	-2.4	545110
14269	1044100800	1.7	545110
14269	1046520000	7	545110
14269	1049198400	15.8	545110
14269	1051790400	21.7	545110
14269	1054468800	25.5	545110
14269	1057060800	27.1	545110
14269	1059739200	27.1	545110
14269	1062417600	21.6	545110
14269	1065009600	13.8	545110
14269	1067688000	4.2	545110
14269	1070280000	1.2	545110
14269	1072958400	-1.4	545110
14269	1075636800	3.3	545110
14269	1078142400	8	545110
14269	1080820800	16.5	545110
14269	1083412800	20.6	545110
14269	1086091200	25.3	545110
14269	1088683200	26.3	545110
14269	1091361600	25.1	545110
14269	1094040000	21.5	545110
14269	1096632000	14.4	545110
14269	1099310400	7	545110
14269	1101902400	-0.3	545110
14269	1104580800	-2.2	545110
14269	1107259200	-2.5	545110
14269	1109678400	6.4	545110
14269	1112356800	16.4	545110
14269	1114948800	20	545110
14269	1117627200	25.9	545110
14269	1120219200	28.2	545110
14269	1122897600	26.3	545110
14269	1125576000	22.3	545110
14269	1128168000	15.1	545110
14269	1130846400	8	545110
14269	1133438400	-2.2	545110
14269	1136116800	-1.5	545110
14269	1138795200	-0.6	545110
14269	1141214400	8.3	545110
14269	1143892800	13.7	545110
14269	1146484800	20.5	545110
14269	1149163200	26.1	545110
14269	1151755200	26.3	545110
14269	1154433600	26.8	545110
14269	1157112000	22.2	545110
14269	1159704000	16.5	545110
14269	1162382400	7.3	545110
14269	1164974400	-0.5	545110
14269	1167652800	-1	545110
14269	1170331200	4.2	545110
14269	1172750400	6.5	545110
14269	1175428800	15.1	545110
14269	1178020800	22.7	545110
14269	1180699200	26.3	545110
14269	1183291200	27	545110
14269	1185969600	26.9	545110
14269	1188648000	22.8	545110
14269	1191240000	14	545110
14269	1193918400	6	545110
14269	1196510400	0.9	545110
14269	1199188800	-2.5	545110
14269	1201867200	0.9	545110
14269	1204372800	9.1	545110
14269	1207051200	15.9	545110
14269	1209643200	20.5	545110
14269	1212321600	23.5	545110
14269	1214913600	27.5	545110
14269	1217592000	26.4	545110
14269	1220270400	21.5	545110
14269	1222862400	14.8	545110
14269	1225540800	6.8	545110
14269	1228132800	-0.4	545110
14269	1230811200	-2.5	545110
14269	1233489600	1.5	545110
14269	1235908800	7.4	545110
14269	1238587200	15.9	545110
14269	1241179200	22.5	545110
14269	1243857600	26.3	545110
14269	1246449600	27.2	545110
14269	1249128000	26.2	545110
14269	1251806400	21.5	545110
14269	1254398400	15.5	545110
14269	1257076800	2.7	545110
14269	1259668800	-1.7	545110
14269	1262347200	-4.4	545110
14269	1265025600	-0.5	545110
14269	1267444800	4.3	545110
14269	1270123200	11.4	545110
14269	1272715200	21.9	545110
14269	1275393600	24.9	545110
14269	1277985600	28.8	545110
14269	1280664000	26.9	545110
14269	1283342400	21.4	545110
14269	1285934400	13.8	545110
14269	1288612800	6	545110
14269	1291204800	-0.4	545110
14269	1293883200	-4.2	545110
14269	1296561600	0.3	545110
14269	1298980800	7.8	545110
14269	1301659200	15	545110
14269	1304251200	21.1	545110
14269	1306929600	26.4	545110
14269	1309521600	27.5	545110
14269	1312200000	26.6	545110
14269	1314878400	20.5	545110
14269	1317470400	14.4	545110
14269	1320148800	7.4	545110
14269	1322740800	-0.7	545110
14269	1325419200	-3.1	545110
14269	1328097600	-1	545110
14269	1330603200	6	545110
14269	1333281600	16.1	545110
14269	1335873600	22.5	545110
14269	1338552000	25	545110
14269	1341144000	27.5	545110
14269	1343822400	26.1	545110
14269	1346500800	21.1	545110
14269	1349092800	14.8	545110
14269	1351771200	4.5	545110
14269	1354363200	-4	545110
14269	1357041600	-4.6	545110
14269	1359720000	-1.4	545110
14269	1362139200	6.2	545110
14269	1364817600	12.6	545110
14269	1367409600	21.9	545110
14269	1370088000	23.8	545110
14269	1372680000	27.4	545110
14269	1375358400	27.3	545110
17195	1380628800	13.6	545110
17195	1383307200	6.3	545110
17195	1385899200	0.1	545110
17195	1388577600	-0.6	545110
17195	1391256000	-0.4	545110
17195	1393675200	10.1	545110
17195	1396353600	17.1	545110
17195	1398945600	22.2	545110
17195	1401624000	25.1	545110
17195	1404216000	28.1	545110
17195	1406894400	26.3	545110
17195	1409572800	21	545110
17195	1412164800	14	545110
17195	1414843200	6.4	545110
17195	1417435200	-0.5	545110
17195	1420113600	-0.5	545110
17195	1422792000	1.3	545110
17195	1425211200	8.8	545110
17195	1427889600	15.5	545110
17195	1430481600	21.5	545110
