group	x	y	clickSelects
1	-2808475200	-0.7	100150
1	-2805796800	-0.8	100150
1	-2803377600	1.2	100150
1	-2800699200	4.5	100150
1	-2798107200	9.8	100150
1	-2795428800	13.3	100150
1	-2792836800	16.6	100150
1	-2790158400	15.5	100150
1	-2787480000	13.8	100150
1	-2784888000	7.9	100150
1	-2782209600	7.4	100150
1	-2779617600	3.9	100150
1	-2776939200	4.1	100150
1	-2774260800	4.2	100150
1	-2771841600	6	100150
1	-2769163200	7.6	100150
1	-2766571200	11.3	100150
1	-2763892800	14	100150
1	-2761300800	16.6	100150
1	-2758622400	15.2	100150
1	-2755944000	14.9	100150
1	-2753352000	10.6	100150
1	-2750673600	5.8	100150
1	-2748081600	1.9	100150
1	-2745403200	1.5	100150
1	-2742724800	3.5	100150
1	-2740305600	0.7	100150
1	-2737627200	6.1	100150
1	-2735035200	10.3	100150
1	-2732356800	14	100150
1	-2729764800	15.8	100150
1	-2727086400	16	100150
1	-2724408000	14.6	100150
1	-2721816000	11.1	100150
1	-2719137600	7.2	100150
1	-2716545600	4.4	100150
1	-2713867200	5.1	100150
1	-2711188800	4.2	100150
1	-2708683200	4.8	100150
1	-2706004800	6.3	100150
1	-2703412800	10.7	100150
1	-2700734400	13.3	100150
1	-2698142400	17.1	100150
1	-2695464000	17.9	100150
1	-2692785600	16.1	100150
1	-2690193600	11.3	100150
1	-2687515200	5.3	100150
1	-2684923200	4.2	100150
1	-2682244800	0.8	100150
1	-2679566400	3.4	100150
1	-2677147200	3.1	100150
1	-2674468800	7.2	100150
1	-2671876800	8.8	100150
1	-2669198400	13.5	100150
1	-2666606400	16.1	100150
1	-2663928000	14.6	100150
1	-2661249600	13.2	100150
1	-2658657600	9.3	100150
1	-2655979200	4.7	100150
1	-2653387200	3.8	100150
1	-2650708800	1.3	100150
1	-2648030400	-1.2	100150
1	-2645611200	0.4	100150
1	-2642932800	5.7	100150
1	-2640340800	10	100150
1	-2637662400	13	100150
1	-2635070400	15.2	100150
1	-2632392000	16.5	100150
1	-2629713600	15.9	100150
1	-2627121600	11.4	100150
1	-2624443200	8.5	100150
1	-2621851200	3.5	100150
1	-2619172800	0.4	100150
1	-2616494400	1.7	100150
1	-2614075200	2.5	100150
1	-2611396800	5.4	100150
1	-2608804800	8.5	100150
1	-2606126400	12.9	100150
1	-2603534400	16	100150
1	-2600856000	15.4	100150
1	-2598177600	13.5	100150
1	-2595585600	8.7	100150
1	-2592907200	5.3	100150
1	-2590315200	2.4	100150
1	-2587636800	1.1	100150
1	-2584958400	-0.6	100150
1	-2582452800	-0.8	100150
1	-2579774400	3	100150
1	-2577182400	8.3	100150
1	-2574504000	12.6	100150
1	-2571912000	13.4	100150
1	-2569233600	14.3	100150
1	-2566555200	13.6	100150
1	-2563963200	9	100150
1	-2561284800	5.4	100150
1	-2558692800	4.1	100150
1	-2556014400	1.2	100150
1	-2553336000	-0.2	100150
1	-2550916800	1.2	100150
1	-2548238400	5.1	100150
1	-2545646400	12.4	100150
1	-2542968000	16.8	100150
1	-2540376000	15.6	100150
1	-2537697600	15.4	100150
1	-2535019200	13.1	100150
1	-2532427200	9.8	100150
1	-2529748800	6.6	100150
1	-2527156800	2	100150
1	-2524478400	3.8	100150
1	-2521800000	0.5	100150
1	-2519380800	3.5	100150
1	-2516702400	5.6	100150
1	-2514110400	10.8	100150
1	-2511432000	12.5	100150
1	-2508840000	14.4	100150
1	-2506161600	15.6	100150
1	-2503483200	14.8	100150
1	-2500891200	10.4	100150
1	-2498212800	5.6	100150
1	-2495620800	-1.6	100150
1	-2492942400	-1.4	100150
1	-2490264000	0.8	100150
1	-2487844800	1.4	100150
1	-2485166400	4.2	100150
1	-2482574400	9.3	100150
1	-2479896000	13.2	100150
1	-2477304000	15.7	100150
1	-2474625600	15.1	100150
1	-2471947200	15.2	100150
1	-2469355200	12.2	100150
1	-2466676800	6	100150
1	-2464084800	4.6	100150
1	-2461406400	0.8	100150
1	-2458728000	1.1	100150
1	-2456222400	1	100150
1	-2453544000	5.1	100150
1	-2450952000	10	100150
1	-2448273600	11.8	100150
1	-2445681600	14.5	100150
1	-2443003200	16	100150
1	-2440324800	14.2	100150
1	-2437732800	9.8	100150
1	-2435054400	5.6	100150
1	-2432462400	2.4	100150
1	-2429784000	-2.3	100150
1	-2427105600	0.8	100150
1	-2424686400	3.4	100150
1	-2422008000	6	100150
1	-2419416000	9.8	100150
1	-2416737600	12.9	100150
1	-2414145600	15.7	100150
1	-2411467200	16.5	100150
1	-2408788800	13.6	100150
1	-2406196800	11.5	100150
1	-2403518400	5.5	100150
1	-2400926400	4.3	100150
1	-2398248000	1	100150
1	-2395569600	2.6	100150
1	-2393150400	5.1	100150
1	-2390472000	7.9	100150
1	-2387880000	10.1	100150
1	-2385201600	12.5	100150
1	-2382609600	16.1	100150
1	-2379931200	15.1	100150
1	-2377252800	12.9	100150
1	-2374660800	9.3	100150
1	-2371982400	7.5	100150
1	-2369390400	4.5	100150
1	-2366712000	-0.5	100150
1	-2364033600	-3.3	100150
1	-2361614400	1.7	100150
1	-2358936000	6.2	100150
1	-2356344000	10.2	100150
1	-2353665600	13.4	100150
1	-2351073600	15.1	100150
1	-2348395200	16.6	100150
1	-2345716800	15.6	100150
1	-2343124800	9.7	100150
1	-2340446400	6.4	100150
1	-2337854400	2.2	100150
1	-2335176000	2.5	100150
1	-2332497600	1.8	100150
1	-2329992000	4.3	100150
1	-2327313600	5.3	100150
1	-2324721600	9.5	100150
1	-2322043200	15.6	100150
1	-2319451200	16.5	100150
1	-2316772800	15.2	100150
1	-2314094400	14.3	100150
1	-2311502400	10.3	100150
1	-2308824000	4.9	100150
1	-2306232000	2.3	100150
1	-2303553600	-1.5	100150
1	-2300875200	0.7	100150
1	-2298456000	3.4	100150
1	-2295777600	5.8	100150
1	-2293185600	9.9	100150
1	-2290507200	15	100150
1	-2287915200	15	100150
1	-2285236800	17.2	100150
1	-2282558400	13.6	100150
1	-2279966400	9.6	100150
1	-2277288000	6.1	100150
1	-2274696000	4.4	100150
1	-2272017600	4.9	100150
1	-2269339200	3	100150
1	-2266920000	2.1	100150
1	-2264241600	5.6	100150
1	-2261649600	8.8	100150
1	-2258971200	12.8	100150
1	-2256379200	13.3	100150
1	-2253700800	16.4	100150
1	-2251022400	14.8	100150
1	-2248430400	9.6	100150
1	-2245752000	7	100150
1	-2243160000	6.6	100150
1	-2240481600	4.2	100150
1	-2237803200	3.3	100150
1	-2235384000	3	100150
1	-2232705600	6	100150
1	-2230113600	9.3	100150
1	-2227435200	13.1	100150
1	-2224843200	16.3	100150
1	-2222164800	15.7	100150
1	-2219486400	13.6	100150
1	-2216894400	10.2	100150
1	-2214216000	9.5	100150
1	-2211624000	0.6	100150
1	-2208945600	1.7	100150
1	-2206267200	1.4	100150
1	-2203848000	1.5	100150
1	-2201169600	4.7	100150
1	-2198577600	9.2	100150
1	-2195899200	13.5	100150
1	-2193307200	16.5	100150
1	-2190628800	16.2	100150
1	-2187950400	14.9	100150
1	-2185358400	10.9	100150
1	-2182680000	6.4	100150
1	-2180088000	5.4	100150
1	-2177409600	-0.3	100150
1	-2174731200	-0.5	100150
1	-2172312000	1.9	100150
1	-2169633600	6.2	100150
1	-2167041600	10	100150
1	-2164363200	12.8	100150
1	-2161771200	17.2	100150
1	-2159092800	16.6	100150
1	-2156414400	14.7	100150
1	-2153822400	11.6	100150
1	-2151144000	7.3	100150
1	-2148552000	3	100150
1	-2145873600	4.1	100150
1	-2143195200	-0.3	100150
1	-2140776000	3.2	100150
1	-2138097600	5.6	100150
1	-2135505600	7.9	100150
1	-2132827200	13.7	100150
1	-2130235200	14.1	100150
1	-2127556800	13.7	100150
1	-2124878400	12.6	100150
1	-2122286400	9.3	100150
1	-2119608000	4.9	100150
1	-2117016000	1.6	100150
1	-2114337600	1.4	100150
1	-2111659200	4	100150
1	-2109240000	5.2	100150
1	-2106561600	5.1	100150
1	-2103969600	10.4	100150
1	-2101291200	13	100150
1	-2098699200	14.8	100150
1	-2096020800	14.7	100150
1	-2093342400	14.2	100150
1	-2090750400	11.1	100150
1	-2088072000	6.8	100150
1	-2085480000	1.7	100150
1	-2082801600	1.2	100150
1	-2080123200	1.7	100150
1	-2077617600	2	100150
1	-2074939200	6.5	100150
1	-2072347200	9.7	100150
1	-2069668800	12.7	100150
1	-2067076800	15.8	100150
1	-2064398400	16	100150
1	-2061720000	13.9	100150
1	-2059128000	10.4	100150
1	-2056449600	7.2	100150
1	-2053857600	5.2	100150
1	-2051179200	1.7	100150
1	-2048500800	2.5	100150
1	-2046081600	3.9	100150
1	-2043403200	4.7	100150
1	-2040811200	10.4	100150
1	-2038132800	15	100150
1	-2035540800	16.5	100150
1	-2032862400	16.3	100150
1	-2030184000	13.9	100150
1	-2027592000	7.8	100150
1	-2024913600	5.1	100150
1	-2022321600	3.2	100150
1	-2019643200	2.9	100150
1	-2016964800	2	100150
1	-2014545600	2.5	100150
1	-2011867200	6.1	100150
1	-2009275200	10.6	100150
1	-2006596800	12.4	100150
1	-2004004800	15.1	100150
1	-2001326400	15.9	100150
1	-1998648000	14.8	100150
1	-1996056000	11.7	100150
1	-1993377600	8.7	100150
1	-1990785600	1.9	100150
1	-1988107200	2.2	100150
1	-1985428800	0.2	100150
1	-1983009600	2.9	100150
1	-1980331200	5.5	100150
1	-1977739200	10.2	100150
1	-1975060800	12.1	100150
1	-1972468800	13.1	100150
1	-1969790400	14.3	100150
1	-1967112000	13.5	100150
1	-1964520000	12.7	100150
1	-1961841600	6.1	100150
1	-1959249600	3.7	100150
1	-1956571200	2.2	100150
1	-1953892800	2.9	100150
1	-1951387200	2.5	100150
1	-1948708800	4.9	100150
1	-1946116800	9.6	100150
1	-1943438400	13.9	100150
1	-1940846400	15.6	100150
1	-1938168000	15.1	100150
1	-1935489600	13.8	100150
1	-1932897600	10.7	100150
1	-1930219200	5.5	100150
1	-1927627200	2.8	100150
1	-1924948800	1.8	100150
1	-1922270400	0.3	100150
1	-1919851200	1.1	100150
1	-1917172800	5.3	100150
1	-1914580800	9	100150
1	-1911902400	12.2	100150
1	-1909310400	14.2	100150
1	-1906632000	15.3	100150
1	-1903953600	13.5	100150
1	-1901361600	12.1	100150
1	-1898683200	6.1	100150
1	-1896091200	3.5	100150
1	-1893412800	3.1	100150
1	-1890734400	3.5	100150
1	-1888315200	4.5	100150
1	-1885636800	6.6	100150
1	-1883044800	10.7	100150
1	-1880366400	15.5	100150
1	-1877774400	15.5	100150
1	-1875096000	16.3	100150
1	-1872417600	14.5	100150
1	-1869825600	11	100150
1	-1867147200	5.1	100150
1	-1864555200	4.7	100150
1	-1861876800	2.9	100150
1	-1859198400	3.4	100150
1	-1856779200	3.5	100150
1	-1854100800	5.6	100150
1	-1851508800	11.6	100150
1	-1848830400	13.5	100150
1	-1846238400	16.3	100150
1	-1843560000	18.1	100150
1	-1840881600	15.3	100150
1	-1838289600	10.5	100150
1	-1835611200	6.9	100150
1	-1833019200	5.3	100150
1	-1830340800	0.1	100150
1	-1827662400	1.1	100150
1	-1825156800	4.8	100150
1	-1822478400	6.9	100150
1	-1819886400	10.1	100150
1	-1817208000	13.7	100150
1	-1814616000	17.6	100150
1	-1811937600	15.1	100150
1	-1809259200	12.1	100150
1	-1806667200	9.5	100150
1	-1803988800	6.2	100150
1	-1801396800	6	100150
1	-1798718400	1.5	100150
1	-1796040000	2.9	100150
1	-1793620800	5	100150
1	-1790942400	7.3	100150
1	-1788350400	10.6	100150
1	-1785672000	13.6	100150
1	-1783080000	14.6	100150
1	-1780401600	15.2	100150
1	-1777723200	14.8	100150
1	-1775131200	11.4	100150
1	-1772452800	9	100150
1	-1769860800	5.4	100150
2	-2808475200	-2.9	100180
2	-2805796800	-2.5	100180
2	-2803377600	-0.4	100180
2	-2800699200	4.6	100180
2	-2798107200	10	100180
2	-2795428800	13.5	100180
2	-2792836800	16.4	100180
2	-2790158400	14.8	100180
2	-2787480000	12.6	100180
2	-2784888000	6.5	100180
2	-2782209600	5.9	100180
2	-2779617600	3	100180
2	-2776939200	3.4	100180
2	-2774260800	3.4	100180
2	-2771841600	5.4	100180
2	-2769163200	7	100180
2	-2766571200	11.4	100180
2	-2763892800	14.7	100180
2	-2761300800	17.1	100180
2	-2758622400	15.8	100180
2	-2755944000	14.2	100180
2	-2753352000	9.4	100180
2	-2750673600	3.6	100180
2	-2748081600	-0.2	100180
2	-2745403200	0	100180
2	-2742724800	2.4	100180
2	-2740305600	-0.4	100180
2	-2737627200	5.7	100180
2	-2735035200	10.5	100180
2	-2732356800	14.3	100180
2	-2729764800	16.9	100180
2	-2727086400	15.8	100180
2	-2724408000	13.5	100180
2	-2721816000	9.7	100180
2	-2719137600	5.9	100180
2	-2716545600	3.1	100180
2	-2713867200	3.8	100180
2	-2711188800	3.2	100180
2	-2708683200	3.8	100180
2	-2706004800	5.5	100180
2	-2703412800	10.6	100180
2	-2700734400	13.4	100180
2	-2698142400	17.4	100180
2	-2695464000	16.9	100180
2	-2692785600	15.6	100180
2	-2690193600	10.4	100180
2	-2687515200	3.1	100180
2	-2684923200	3	100180
2	-2682244800	-0.6	100180
2	-2679566400	2.2	100180
2	-2677147200	2.6	100180
2	-2674468800	6.9	100180
2	-2671876800	9.2	100180
2	-2669198400	13.9	100180
2	-2666606400	16.2	100180
2	-2663928000	14.4	100180
2	-2661249600	12.6	100180
2	-2658657600	8	100180
2	-2655979200	3.1	100180
2	-2653387200	2.9	100180
2	-2650708800	0.4	100180
2	-2648030400	-1.8	100180
2	-2645611200	-0.9	100180
2	-2642932800	5.7	100180
2	-2640340800	10.2	100180
2	-2637662400	13.3	100180
2	-2635070400	15.5	100180
2	-2632392000	16	100180
2	-2629713600	14.5	100180
2	-2627121600	10.1	100180
2	-2624443200	7	100180
2	-2621851200	1.7	100180
2	-2619172800	-1.6	100180
2	-2616494400	0.2	100180
2	-2614075200	1.8	100180
2	-2611396800	5.3	100180
2	-2608804800	9.2	100180
2	-2606126400	13.9	100180
2	-2603534400	16.1	100180
2	-2600856000	15.1	100180
2	-2598177600	12.8	100180
2	-2595585600	8	100180
2	-2592907200	4.1	100180
2	-2590315200	1.2	100180
2	-2587636800	0.2	100180
2	-2584958400	-1.4	100180
2	-2582452800	-1.9	100180
2	-2579774400	3.3	100180
2	-2577182400	9	100180
2	-2574504000	13.6	100180
2	-2571912000	13.9	100180
2	-2569233600	14.2	100180
2	-2566555200	12.6	100180
2	-2563963200	8.1	100180
2	-2561284800	4.4	100180
2	-2558692800	3.5	100180
2	-2556014400	0.5	100180
2	-2553336000	-1.2	100180
2	-2550916800	0.4	100180
2	-2548238400	5.2	100180
2	-2545646400	14.4	100180
2	-2542968000	17.5	100180
2	-2540376000	15.6	100180
2	-2537697600	15.3	100180
2	-2535019200	12.2	100180
2	-2532427200	8.7	100180
2	-2529748800	6	100180
2	-2527156800	1	100180
2	-2524478400	3	100180
2	-2521800000	0	100180
2	-2519380800	3.4	100180
2	-2516702400	5.7	100180
2	-2514110400	11.9	100180
2	-2511432000	12.6	100180
2	-2508840000	14.5	100180
2	-2506161600	15.3	100180
2	-2503483200	14.3	100180
2	-2500891200	9.6	100180
2	-2498212800	4.5	100180
2	-2495620800	-2.9	100180
2	-2492942400	-2.9	100180
2	-2490264000	0.5	100180
2	-2487844800	1.2	100180
2	-2485166400	4.7	100180
2	-2482574400	10.2	100180
2	-2479896000	14.4	100180
2	-2477304000	16.1	100180
2	-2474625600	14.9	100180
2	-2471947200	14.6	100180
2	-2469355200	10.9	100180
2	-2466676800	3.7	100180
2	-2464084800	3.7	100180
2	-2461406400	-0.4	100180
2	-2458728000	0.3	100180
2	-2456222400	0.2	100180
2	-2453544000	5	100180
2	-2450952000	10.5	100180
2	-2448273600	12.2	100180
2	-2445681600	14.4	100180
2	-2443003200	15.8	100180
2	-2440324800	13.6	100180
2	-2437732800	8.5	100180
2	-2435054400	4.1	100180
2	-2432462400	0.7	100180
2	-2429784000	-4.1	100180
2	-2427105600	-0.1	100180
2	-2424686400	2.9	100180
2	-2422008000	6.2	100180
2	-2419416000	10.8	100180
2	-2416737600	13.8	100180
2	-2414145600	16.5	100180
2	-2411467200	16.8	100180
2	-2408788800	13.1	100180
2	-2406196800	10.9	100180
2	-2403518400	4.1	100180
2	-2400926400	4.1	100180
2	-2398248000	0.1	100180
2	-2395569600	2.4	100180
2	-2393150400	4.9	100180
2	-2390472000	8.6	100180
2	-2387880000	10.7	100180
2	-2385201600	13.5	100180
2	-2382609600	17.2	100180
2	-2379931200	15.2	100180
2	-2377252800	12	100180
2	-2374660800	7.6	100180
2	-2371982400	7.2	100180
2	-2369390400	4.1	100180
2	-2366712000	-1.9	100180
2	-2364033600	-5	100180
2	-2361614400	1.2	100180
2	-2358936000	7.1	100180
2	-2356344000	11.5	100180
2	-2353665600	14.3	100180
2	-2351073600	15.3	100180
2	-2348395200	16.3	100180
2	-2345716800	14.8	100180
2	-2343124800	9.1	100180
2	-2340446400	5.2	100180
2	-2337854400	1.6	100180
2	-2335176000	2.2	100180
2	-2332497600	2.1	100180
2	-2329992000	4.2	100180
2	-2327313600	5.9	100180
2	-2324721600	10.4	100180
2	-2322043200	16.3	100180
2	-2319451200	16.9	100180
2	-2316772800	15.5	100180
2	-2314094400	14.1	100180
2	-2311502400	9.6	100180
2	-2308824000	4.1	100180
2	-2306232000	0.7	100180
2	-2303553600	-2.2	100180
2	-2300875200	-0.4	100180
2	-2298456000	3.3	100180
2	-2295777600	5.8	100180
2	-2293185600	10.7	100180
2	-2290507200	15.4	100180
2	-2287915200	15.4	100180
2	-2285236800	17.4	100180
2	-2282558400	13	100180
2	-2279966400	8.6	100180
2	-2277288000	5.4	100180
2	-2274696000	3.5	100180
2	-2272017600	4.9	100180
2	-2269339200	2.8	100180
2	-2266920000	1.8	100180
2	-2264241600	5.7	100180
2	-2261649600	9.4	100180
2	-2258971200	13.3	100180
2	-2256379200	13.6	100180
2	-2253700800	16.5	100180
2	-2251022400	14.2	100180
2	-2248430400	8.9	100180
2	-2245752000	6	100180
2	-2243160000	6.5	100180
2	-2240481600	3.5	100180
2	-2237803200	2.8	100180
2	-2235384000	2.4	100180
2	-2232705600	6	100180
2	-2230113600	10.1	100180
2	-2227435200	13.5	100180
2	-2224843200	17.1	100180
2	-2222164800	15.3	100180
2	-2219486400	13.3	100180
2	-2216894400	9.5	100180
2	-2214216000	8.9	100180
2	-2211624000	-1	100180
2	-2208945600	0.5	100180
2	-2206267200	-0.1	100180
2	-2203848000	1	100180
2	-2201169600	4.5	100180
2	-2198577600	9.6	100180
2	-2195899200	14.6	100180
2	-2193307200	16.7	100180
2	-2190628800	16.3	100180
2	-2187950400	14.2	100180
2	-2185358400	10.3	100180
2	-2182680000	5.5	100180
2	-2180088000	5.1	100180
2	-2177409600	-1.7	100180
2	-2174731200	-1.2	100180
2	-2172312000	1.8	100180
2	-2169633600	6.6	100180
2	-2167041600	11	100180
2	-2164363200	13.4	100180
2	-2161771200	17.8	100180
2	-2159092800	16.8	100180
2	-2156414400	14.1	100180
2	-2153822400	10.7	100180
2	-2151144000	6	100180
2	-2148552000	2.2	100180
2	-2145873600	3.8	100180
2	-2143195200	-1.4	100180
2	-2140776000	2.7	100180
2	-2138097600	5.6	100180
2	-2135505600	8.2	100180
2	-2132827200	14	100180
2	-2130235200	14	100180
2	-2127556800	13.2	100180
2	-2124878400	11.9	100180
2	-2122286400	8.6	100180
2	-2119608000	3.7	100180
2	-2117016000	0.5	100180
2	-2114337600	0.5	100180
2	-2111659200	3.8	100180
2	-2109240000	5	100180
2	-2106561600	5.1	100180
2	-2103969600	11.1	100180
2	-2101291200	13.7	100180
2	-2098699200	15.1	100180
2	-2096020800	14.5	100180
2	-2093342400	13.3	100180
2	-2090750400	9.9	100180
2	-2088072000	5.9	100180
2	-2085480000	0.6	100180
2	-2082801600	1.1	100180
2	-2080123200	1	100180
2	-2077617600	1.7	100180
2	-2074939200	6.8	100180
2	-2072347200	10	100180
2	-2069668800	12.9	100180
2	-2067076800	16	100180
2	-2064398400	16.1	100180
2	-2061720000	12.6	100180
2	-2059128000	9.4	100180
2	-2056449600	6.2	100180
2	-2053857600	4.5	100180
2	-2051179200	1	100180
2	-2048500800	2.3	100180
2	-2046081600	3.6	100180
2	-2043403200	4.5	100180
2	-2040811200	10.8	100180
2	-2038132800	15.8	100180
2	-2035540800	16.8	100180
2	-2032862400	15.9	100180
2	-2030184000	13.3	100180
2	-2027592000	6.9	100180
2	-2024913600	4.1	100180
2	-2022321600	3	100180
2	-2019643200	2	100180
2	-2016964800	1.5	100180
2	-2014545600	2.4	100180
2	-2011867200	6	100180
2	-2009275200	11.4	100180
2	-2006596800	12.9	100180
2	-2004004800	15.4	100180
2	-2001326400	16	100180
2	-1998648000	14.1	100180
2	-1996056000	10.6	100180
2	-1993377600	8.2	100180
2	-1990785600	0.5	100180
2	-1988107200	1.4	100180
2	-1985428800	-0.6	100180
2	-1983009600	2.8	100180
2	-1980331200	5.7	100180
2	-1977739200	10.4	100180
2	-1975060800	12.3	100180
2	-1972468800	13.5	100180
2	-1969790400	14.2	100180
2	-1967112000	13	100180
2	-1964520000	12	100180
2	-1961841600	4.1	100180
2	-1959249600	2.4	100180
2	-1956571200	1.3	100180
2	-1953892800	2.9	100180
2	-1951387200	2.1	100180
2	-1948708800	4.8	100180
2	-1946116800	10.2	100180
2	-1943438400	14.1	100180
2	-1940846400	16.1	100180
2	-1938168000	15	100180
2	-1935489600	13.4	100180
2	-1932897600	9.4	100180
2	-1930219200	4.4	100180
2	-1927627200	2.1	100180
2	-1924948800	1.1	100180
2	-1922270400	-0.3	100180
2	-1919851200	0.4	100180
2	-1917172800	5.3	100180
2	-1914580800	9	100180
2	-1911902400	12.6	100180
2	-1909310400	14.3	100180
2	-1906632000	14.9	100180
2	-1903953600	13	100180
2	-1901361600	11.5	100180
2	-1898683200	4.5	100180
2	-1896091200	2.7	100180
2	-1893412800	2.5	100180
2	-1890734400	3	100180
2	-1888315200	4.4	100180
2	-1885636800	6.8	100180
2	-1883044800	11.7	100180
2	-1880366400	16.4	100180
2	-1877774400	15.9	100180
2	-1875096000	16.2	100180
2	-1872417600	13.6	100180
2	-1869825600	9.8	100180
2	-1867147200	3.8	100180
2	-1864555200	3.6	100180
2	-1861876800	2.7	100180
2	-1859198400	3	100180
2	-1856779200	3.2	100180
2	-1854100800	5.6	100180
2	-1851508800	12.9	100180
2	-1848830400	14	100180
2	-1846238400	16.6	100180
2	-1843560000	18.3	100180
2	-1840881600	14.8	100180
2	-1838289600	9.2	100180
2	-1835611200	6.3	100180
2	-1833019200	4	100180
2	-1830340800	-1.5	100180
2	-1827662400	-0.6	100180
2	-1825156800	4.8	100180
2	-1822478400	6.9	100180
2	-1819886400	9.6	100180
2	-1817208000	14	100180
2	-1814616000	18.1	100180
2	-1811937600	15.1	100180
2	-1809259200	11.2	100180
2	-1806667200	8.5	100180
2	-1803988800	5.5	100180
2	-1801396800	5.9	100180
2	-1798718400	0.4	100180
2	-1796040000	2.5	100180
2	-1793620800	4.9	100180
2	-1790942400	7.3	100180
2	-1788350400	10.6	100180
2	-1785672000	13.7	100180
2	-1783080000	15	100180
2	-1780401600	15.3	100180
2	-1777723200	13.6	100180
2	-1775131200	9.9	100180
2	-1772452800	8.5	100180
2	-1769860800	5	100180
2	-1767182400	0.9	100180
2	-1764504000	4.4	100180
2	-1762084800	4.2	100180
2	-1759406400	8.2	100180
2	-1756814400	10.3	100180
2	-1754136000	14.2	100180
2	-1751544000	18.1	100180
2	-1748865600	17.4	100180
2	-1746187200	14.2	100180
2	-1743595200	9.9	100180
2	-1740916800	5.2	100180
2	-1738324800	4.8	100180
2	-1735646400	1.3	100180
2	-1732968000	1.5	100180
2	-1730548800	1.7	100180
2	-1727870400	5.9	100180
2	-1725278400	9.6	100180
2	-1722600000	13.9	100180
2	-1720008000	15.1	100180
2	-1717329600	15.5	100180
2	-1714651200	13	100180
2	-1712059200	7.3	100180
2	-1709380800	3.4	100180
2	-1706788800	2.1	100180
2	-1704110400	4.6	100180
2	-1701432000	1.5	100180
2	-1698926400	1.4	100180
2	-1696248000	7.1	100180
2	-1693656000	10.7	100180
2	-1690977600	11.9	100180
2	-1688385600	15	100180
2	-1685707200	15.3	100180
2	-1683028800	12.4	100180
2	-1680436800	8.9	100180
2	-1677758400	6.3	100180
2	-1675166400	2.7	100180
2	-1672488000	-1	100180
2	-1669809600	-1.2	100180
2	-1667390400	-0.7	100180
2	-1664712000	3.5	100180
2	-1662120000	11	100180
2	-1659441600	17.1	100180
2	-1656849600	15.9	100180
2	-1654171200	17.2	100180
2	-1651492800	14.6	100180
2	-1648900800	8.8	100180
2	-1646222400	7.2	100180
2	-1643630400	2	100180
2	-1640952000	1.4	100180
2	-1638273600	1.6	100180
2	-1635854400	3	100180
2	-1633176000	7.4	100180
2	-1630584000	12.2	100180
2	-1627905600	12.5	100180
2	-1625313600	15.6	100180
2	-1622635200	16.3	100180
2	-1619956800	13.1	100180
2	-1617364800	10.3	100180
2	-1614686400	4.7	100180
2	-1612094400	4.8	100180
2	-1609416000	1.8	100180
2	-1606737600	0.3	100180
2	-1604318400	1.8	100180
2	-1601640000	5.5	100180
2	-1599048000	10.9	100180
2	-1596369600	13	100180
2	-1593777600	13.8	100180
2	-1591099200	14.3	100180
2	-1588420800	14.2	100180
2	-1585828800	7.7	100180
2	-1583150400	1.6	100180
2	-1580558400	0.8	100180
2	-1577880000	2.3	100180
2	-1575201600	4.2	100180
2	-1572696000	5.6	100180
2	-1570017600	8.1	100180
2	-1567425600	11.8	100180
2	-1564747200	14.6	100180
2	-1562155200	16.5	100180
2	-1559476800	14.9	100180
2	-1556798400	13.4	100180
2	-1554206400	7.2	100180
2	-1551528000	3.8	100180
2	-1548936000	1.5	100180
2	-1546257600	4.4	100180
2	-1543579200	2.6	100180
2	-1541160000	5.8	100180
2	-1538481600	8.2	100180
2	-1535889600	12.6	100180
2	-1533211200	13.2	100180
2	-1530619200	15.6	100180
2	-1527940800	16	100180
2	-1525262400	13.4	100180
2	-1522670400	11.6	100180
2	-1519992000	1.1	100180
2	-1517400000	3.6	100180
2	-1514721600	-1.6	100180
2	-1512043200	-1.8	100180
2	-1509624000	1.9	100180
3	-1041336000	-0.2	100200
3	-1038657600	1.4	100200
3	-1036238400	1.5	100200
3	-1033560000	7	100200
3	-1030968000	12.5	100200
3	-1028289600	14.5	100200
3	-1025697600	17	100200
3	-1023019200	18.3	100200
3	-1020340800	14.8	100200
3	-1017748800	11.3	100200
3	-1015070400	5.3	100200
3	-1012478400	0.9	100200
3	-1009800000	3.1	100200
3	-1007121600	2.7	100200
3	-1004702400	6.2	100200
3	-1002024000	6.6	100200
3	-999432000	10.2	100200
3	-996753600	13.8	100200
3	-994161600	16.2	100200
3	-991483200	18.3	100200
3	-988804800	15.4	100200
3	-986212800	10.5	100200
3	-983534400	9	100200
3	-980942400	1.4	100200
3	-978264000	2.3	100200
3	-975585600	3.6	100200
3	-973166400	3	100200
3	-970488000	6.7	100200
3	-967896000	10.7	100200
3	-965217600	15.2	100200
3	-962625600	17	100200
3	-959947200	18.3	100200
3	-957268800	15.6	100200
3	-954676800	7.1	100200
3	-951998400	6.5	100200
3	-949406400	1.4	100200
3	-946728000	-4	100200
3	-944049600	-6	100200
3	-941544000	0.9	100200
3	-938865600	5	100200
3	-936273600	11.1	100200
3	-933595200	15.4	100200
3	-931003200	16.4	100200
3	-928324800	14.8	100200
3	-925646400	12.6	100200
3	-923054400	8.8	100200
3	-920376000	7	100200
3	-917784000	1.6	100200
3	-915105600	-4.8	100200
3	-912427200	-2.6	100200
3	-910008000	1.1	100200
3	-907329600	4.3	100200
3	-904737600	9.3	100200
3	-902059200	14.6	100200
3	-899467200	18.8	100200
3	-896788800	16	100200
3	-894110400	13.3	100200
3	-891518400	9.8	100200
3	-888840000	2.9	100200
3	-886248000	4.3	100200
3	-883569600	-5.6	100200
3	-880891200	-5.1	100200
3	-878472000	-2	100200
3	-875793600	5.7	100200
3	-873201600	10	100200
3	-870523200	12.1	100200
3	-867931200	15.3	100200
3	-865252800	17.8	100200
3	-862574400	14.9	100200
3	-859982400	11.6	100200
3	-857304000	6.6	100200
3	-854712000	4.4	100200
3	-852033600	-0.3	100200
3	-849355200	4.5	100200
3	-846936000	5.5	100200
3	-844257600	7.9	100200
3	-841665600	11.8	100200
3	-838987200	14.8	100200
3	-836395200	16.4	100200
3	-833716800	16.7	100200
3	-831038400	15.3	100200
3	-828446400	10.8	100200
3	-825768000	5.5	100200
3	-823176000	3.3	100200
3	-820497600	4.5	100200
3	-817819200	1.7	100200
3	-815313600	2.6	100200
3	-812635200	6.6	100200
3	-810043200	9.5	100200
3	-807364800	13.3	100200
3	-804772800	16.8	100200
3	-802094400	19.2	100200
3	-799416000	13.7	100200
3	-796824000	10.1	100200
3	-794145600	6	100200
3	-791553600	2.7	100200
3	-788875200	0.3	100200
4	-2808475200	-3.6	100350
4	-2805796800	-2.3	100350
4	-2803377600	0.1	100350
4	-2800699200	4.2	100350
4	-2798107200	10.9	100350
4	-2795428800	14.6	100350
4	-2792836800	17	100350
4	-2790158400	14.7	100350
4	-2787480000	12.7	100350
4	-2784888000	6.6	100350
4	-2782209600	6.1	100350
4	-2779617600	2.5	100350
4	-2776939200	2.6	100350
4	-2774260800	3.2	100350
4	-2771841600	5.7	100350
4	-2769163200	7.3	100350
4	-2766571200	11.9	100350
4	-2763892800	14.8	100350
4	-2761300800	17.5	100350
4	-2758622400	15.4	100350
4	-2755944000	13.9	100350
4	-2753352000	9.3	100350
4	-2750673600	3.8	100350
4	-2748081600	0.6	100350
4	-2745403200	0.3	100350
4	-2742724800	2.9	100350
4	-2740305600	-0.5	100350
4	-2737627200	5.7	100350
4	-2735035200	11.7	100350
4	-2732356800	15.4	100350
4	-2729764800	16.8	100350
4	-2727086400	15.5	100350
4	-2724408000	13.5	100350
4	-2721816000	9.5	100350
4	-2719137600	5.3	100350
4	-2716545600	2.8	100350
4	-2713867200	4	100350
4	-2711188800	4	100350
4	-2708683200	4.8	100350
4	-2706004800	5.9	100350
4	-2703412800	11.7	100350
4	-2700734400	14.1	100350
4	-2698142400	17.6	100350
4	-2695464000	16.8	100350
4	-2692785600	14.9	100350
4	-2690193600	9.2	100350
4	-2687515200	3	100350
4	-2684923200	2.8	100350
4	-2682244800	0	100350
4	-2679566400	3.8	100350
4	-2677147200	3.2	100350
4	-2674468800	7.8	100350
4	-2671876800	9.3	100350
4	-2669198400	15.1	100350
4	-2666606400	17.2	100350
4	-2663928000	14.2	100350
4	-2661249600	12	100350
4	-2658657600	7.5	100350
4	-2655979200	2.9	100350
4	-2653387200	2.1	100350
4	-2650708800	0.4	100350
4	-2648030400	-1.3	100350
4	-2645611200	0.7	100350
4	-2642932800	7	100350
4	-2640340800	12	100350
4	-2637662400	14.6	100350
4	-2635070400	15.9	100350
4	-2632392000	16.2	100350
4	-2629713600	14.6	100350
4	-2627121600	10	100350
4	-2624443200	6.5	100350
4	-2621851200	1.3	100350
4	-2619172800	-1	100350
4	-2616494400	1.6	100350
4	-2614075200	2.5	100350
4	-2611396800	6.8	100350
4	-2608804800	10	100350
4	-2606126400	14.9	100350
4	-2603534400	17	100350
4	-2600856000	14.6	100350
4	-2598177600	11.7	100350
4	-2595585600	6.6	100350
4	-2592907200	3.8	100350
4	-2590315200	0.4	100350
4	-2587636800	-0.3	100350
4	-2584958400	-1.3	100350
4	-2582452800	-1.4	100350
4	-2579774400	3.7	100350
4	-2577182400	10	100350
4	-2574504000	13.9	100350
4	-2571912000	13.9	100350
4	-2569233600	14.3	100350
4	-2566555200	11.7	100350
4	-2563963200	6.9	100350
4	-2561284800	4.2	100350
4	-2558692800	2.3	100350
4	-2556014400	-0.9	100350
4	-2553336000	-2	100350
4	-2550916800	0.4	100350
4	-2548238400	5.3	100350
4	-2545646400	14	100350
4	-2542968000	18.4	100350
4	-2540376000	15.8	100350
4	-2537697600	14.6	100350
4	-2535019200	11.4	100350
4	-2532427200	8.5	100350
4	-2529748800	4.4	100350
4	-2527156800	-0.3	100350
4	-2524478400	2.4	100350
4	-2521800000	-0.6	100350
4	-2519380800	3.7	100350
4	-2516702400	5.8	100350
4	-2514110400	12	100350
4	-2511432000	13.4	100350
4	-2508840000	14.5	100350
4	-2506161600	15	100350
4	-2503483200	13.7	100350
4	-2500891200	8.2	100350
4	-2498212800	3.4	100350
4	-2495620800	-2.8	100350
4	-2492942400	-3.4	100350
4	-2490264000	0.7	100350
4	-2487844800	1.1	100350
4	-2485166400	4.9	100350
4	-2482574400	10.5	100350
4	-2479896000	14	100350
4	-2477304000	16.2	100350
4	-2474625600	14.4	100350
4	-2471947200	14	100350
4	-2469355200	10.5	100350
4	-2466676800	3.3	100350
4	-2464084800	2.6	100350
4	-2461406400	-1.2	100350
4	-2458728000	0.1	100350
4	-2456222400	0.5	100350
4	-2453544000	5.2	100350
4	-2450952000	11.2	100350
4	-2448273600	13.2	100350
4	-2445681600	14.5	100350
4	-2443003200	15.9	100350
4	-2440324800	13	100350
4	-2437732800	8	100350
4	-2435054400	3.4	100350
4	-2432462400	-0.8	100350
4	-2429784000	-5.6	100350
4	-2427105600	0.3	100350
4	-2424686400	3.7	100350
4	-2422008000	7.1	100350
4	-2419416000	11	100350
4	-2416737600	15	100350
4	-2414145600	16.9	100350
4	-2411467200	16.2	100350
4	-2408788800	11.7	100350
4	-2406196800	9.8	100350
4	-2403518400	3	100350
4	-2400926400	2.6	100350
4	-2398248000	-0.1	100350
4	-2395569600	2.2	100350
4	-2393150400	4.8	100350
4	-2390472000	8.7	100350
4	-2387880000	10.7	100350
4	-2385201600	14	100350
4	-2382609600	17.6	100350
4	-2379931200	14.4	100350
4	-2377252800	11	100350
4	-2374660800	7.3	100350
4	-2371982400	6.2	100350
4	-2369390400	2.6	100350
4	-2366712000	-2.2	100350
4	-2364033600	-5.7	100350
4	-2361614400	1.4	100350
4	-2358936000	7.3	100350
4	-2356344000	11.5	100350
4	-2353665600	14.6	100350
4	-2351073600	15.6	100350
4	-2348395200	15.9	100350
4	-2345716800	13.7	100350
4	-2343124800	7.2	100350
4	-2340446400	4.6	100350
4	-2337854400	0.9	100350
4	-2335176000	1.2	100350
4	-2332497600	1.5	100350
4	-2329992000	4.4	100350
4	-2327313600	5.8	100350
4	-2324721600	10.6	100350
4	-2322043200	16.8	100350
4	-2319451200	17	100350
4	-2316772800	14.4	100350
4	-2314094400	12.6	100350
4	-2311502400	8.5	100350
4	-2308824000	2.5	100350
4	-2306232000	0	100350
4	-2303553600	-2.9	100350
4	-2300875200	-0.2	100350
4	-2298456000	3.8	100350
4	-2295777600	6	100350
4	-2293185600	10.9	100350
4	-2290507200	16.1	100350
4	-2287915200	15.6	100350
4	-2285236800	17.1	100350
4	-2282558400	11.8	100350
4	-2279966400	7.4	100350
4	-2277288000	4.4	100350
4	-2274696000	2.9	100350
4	-2272017600	3.8	100350
4	-2269339200	1.9	100350
4	-2266920000	1.7	100350
4	-2264241600	5.5	100350
4	-2261649600	9.7	100350
4	-2258971200	13.6	100350
4	-2256379200	13.7	100350
4	-2253700800	16.2	100350
4	-2251022400	12.8	100350
4	-2248430400	8.2	100350
4	-2245752000	5.2	100350
4	-2243160000	4.7	100350
4	-2240481600	2.8	100350
4	-2237803200	2.7	100350
4	-2235384000	1.7	100350
4	-2232705600	6.2	100350
4	-2230113600	10.4	100350
4	-2227435200	14.4	100350
4	-2224843200	17.4	100350
4	-2222164800	15.3	100350
4	-2219486400	11.6	100350
4	-2216894400	7.9	100350
4	-2214216000	7.6	100350
4	-2211624000	-1.8	100350
4	-2208945600	0.4	100350
4	-2206267200	0.4	100350
4	-2203848000	0.7	100350
4	-2201169600	4.8	100350
4	-2198577600	9.9	100350
4	-2195899200	15	100350
4	-2193307200	17.2	100350
4	-2190628800	15.6	100350
4	-2187950400	13.1	100350
4	-2185358400	8.6	100350
4	-2182680000	5.2	100350
4	-2180088000	4.2	100350
4	-2177409600	-2.8	100350
4	-2174731200	-2.8	100350
4	-2172312000	1.7	100350
4	-2169633600	6.6	100350
4	-2167041600	11.7	100350
4	-2164363200	14	100350
4	-2161771200	18.7	100350
4	-2159092800	16	100350
4	-2156414400	13.3	100350
4	-2153822400	9.5	100350
4	-2151144000	4	100350
4	-2148552000	1	100350
4	-2145873600	3.4	100350
4	-2143195200	-2.2	100350
4	-2140776000	2.7	100350
4	-2138097600	5	100350
4	-2135505600	8.2	100350
4	-2132827200	14.5	100350
4	-2130235200	14.2	100350
4	-2127556800	12.9	100350
4	-2124878400	10.6	100350
4	-2122286400	7.5	100350
4	-2119608000	2.9	100350
4	-2117016000	0.5	100350
4	-2114337600	0.7	100350
4	-2111659200	3.7	100350
4	-2109240000	5.5	100350
4	-2106561600	4.7	100350
4	-2103969600	11.7	100350
4	-2101291200	14.3	100350
4	-2098699200	15.5	100350
4	-2096020800	13.6	100350
4	-2093342400	12.7	100350
4	-2090750400	9	100350
4	-2088072000	4.5	100350
4	-2085480000	0.4	100350
4	-2082801600	0.5	100350
4	-2080123200	0.9	100350
4	-2077617600	2.1	100350
4	-2074939200	7.2	100350
4	-2072347200	10.2	100350
4	-2069668800	13.5	100350
4	-2067076800	16.4	100350
4	-2064398400	15	100350
4	-2061720000	12	100350
4	-2059128000	7.9	100350
4	-2056449600	4.7	100350
4	-2053857600	3.4	100350
4	-2051179200	0	100350
4	-2048500800	1.9	100350
4	-2046081600	4	100350
4	-2043403200	4.2	100350
4	-2040811200	11.7	100350
4	-2038132800	16.1	100350
4	-2035540800	17	100350
4	-2032862400	15.4	100350
4	-2030184000	12.2	100350
4	-2027592000	5	100350
4	-2024913600	3.3	100350
4	-2022321600	1.8	100350
4	-2019643200	1.3	100350
4	-2016964800	1	100350
4	-2014545600	2	100350
4	-2011867200	6.9	100350
4	-2009275200	12.1	100350
4	-2006596800	14.8	100350
4	-2004004800	16.2	100350
4	-2001326400	15.5	100350
4	-1998648000	12.9	100350
4	-1996056000	9.5	100350
4	-1993377600	7.1	100350
4	-1990785600	-1.4	100350
4	-1988107200	0.5	100350
4	-1985428800	-0.7	100350
4	-1983009600	2.6	100350
4	-1980331200	5.2	100350
4	-1977739200	10.7	100350
4	-1975060800	13	100350
4	-1972468800	14.1	100350
4	-1969790400	13.6	100350
4	-1967112000	11.7	100350
4	-1964520000	11.3	100350
4	-1961841600	3	100350
4	-1959249600	1.5	100350
4	-1956571200	0.1	100350
4	-1953892800	2.4	100350
4	-1951387200	2.1	100350
4	-1948708800	4.8	100350
4	-1946116800	11	100350
4	-1943438400	15.1	100350
4	-1940846400	16.7	100350
4	-1938168000	14.3	100350
4	-1935489600	12.1	100350
4	-1932897600	9	100350
4	-1930219200	2.3	100350
4	-1927627200	1	100350
4	-1924948800	0.2	100350
4	-1922270400	-1.3	100350
4	-1919851200	0.7	100350
4	-1917172800	5.6	100350
4	-1914580800	9.2	100350
4	-1911902400	13.2	100350
4	-1909310400	14.4	100350
4	-1906632000	14.7	100350
4	-1903953600	12.2	100350
4	-1901361600	10.6	100350
4	-1898683200	3	100350
4	-1896091200	1.8	100350
4	-1893412800	1.6	100350
4	-1890734400	2.8	100350
4	-1888315200	4.1	100350
4	-1885636800	6.5	100350
4	-1883044800	11.2	100350
4	-1880366400	15.9	100350
4	-1877774400	15.8	100350
4	-1875096000	15.6	100350
4	-1872417600	12.8	100350
4	-1869825600	8.9	100350
4	-1867147200	2.2	100350
4	-1864555200	3.1	100350
4	-1861876800	1.6	100350
4	-1859198400	2.3	100350
4	-1856779200	3	100350
4	-1854100800	6	100350
4	-1851508800	12.8	100350
4	-1848830400	13.9	100350
4	-1846238400	16.7	100350
4	-1843560000	17.5	100350
4	-1840881600	13.4	100350
4	-1838289600	8.4	100350
4	-1835611200	5	100350
4	-1833019200	3.2	100350
4	-1830340800	-2	100350
4	-1827662400	-0.1	100350
4	-1825156800	5	100350
4	-1822478400	6.2	100350
4	-1819886400	9.7	100350
4	-1817208000	14.4	100350
4	-1814616000	18	100350
4	-1811937600	14.2	100350
4	-1809259200	10	100350
4	-1806667200	7	100350
4	-1803988800	3.8	100350
4	-1801396800	4.4	100350
4	-1798718400	-0.1	100350
4	-1796040000	1.9	100350
4	-1793620800	4.6	100350
4	-1790942400	7	100350
4	-1788350400	11.5	100350
4	-1785672000	13.8	100350
4	-1783080000	15.2	100350
4	-1780401600	14.4	100350
4	-1777723200	12.4	100350
4	-1775131200	9	100350
4	-1772452800	7	100350
4	-1769860800	3.4	100350
4	-1767182400	0	100350
4	-1764504000	4.3	100350
4	-1762084800	4	100350
4	-1759406400	8.4	100350
4	-1756814400	10.6	100350
4	-1754136000	14.6	100350
4	-1751544000	18.1	100350
4	-1748865600	16.8	100350
4	-1746187200	12.5	100350
4	-1743595200	8.8	100350
4	-1740916800	4.2	100350
4	-1738324800	3.8	100350
4	-1735646400	0.6	100350
4	-1732968000	1.3	100350
4	-1730548800	1	100350
4	-1727870400	6.1	100350
4	-1725278400	9.9	100350
4	-1722600000	14.9	100350
4	-1720008000	14.9	100350
4	-1717329600	14.7	100350
4	-1714651200	11.9	100350
4	-1712059200	6.8	100350
4	-1709380800	2.6	100350
4	-1706788800	1.5	100350
4	-1704110400	4	100350
4	-1701432000	0.9	100350
4	-1698926400	1.5	100350
4	-1696248000	7	100350
4	-1693656000	11.1	100350
4	-1690977600	12.1	100350
4	-1688385600	15.5	100350
4	-1685707200	15.2	100350
4	-1683028800	11.3	100350
4	-1680436800	8.2	100350
4	-1677758400	5.1	100350
4	-1675166400	2	100350
4	-1672488000	-1	100350
4	-1669809600	-2.5	100350
4	-1667390400	-0.6	100350
4	-1664712000	3.5	100350
4	-1662120000	11.7	100350
4	-1659441600	18.1	100350
4	-1656849600	16.4	100350
4	-1654171200	16.8	100350
4	-1651492800	13.4	100350
4	-1648900800	6.8	100350
4	-1646222400	6	100350
4	-1643630400	0	100350
4	-1640952000	0.6	100350
4	-1638273600	1.6	100350
4	-1635854400	2.9	100350
4	-1633176000	7.1	100350
4	-1630584000	12.9	100350
4	-1627905600	12.8	100350
4	-1625313600	16	100350
4	-1622635200	15.5	100350
4	-1619956800	11.7	100350
4	-1617364800	9.1	100350
4	-1614686400	3.6	100350
4	-1612094400	3.5	100350
4	-1609416000	1.3	100350
4	-1606737600	-0.1	100350
4	-1604318400	1.7	100350
4	-1601640000	5.6	100350
4	-1599048000	11.4	100350
4	-1596369600	13.8	100350
4	-1593777600	14.3	100350
4	-1591099200	14	100350
4	-1588420800	13	100350
4	-1585828800	6.4	100350
4	-1583150400	0.9	100350
4	-1580558400	0.2	100350
4	-1577880000	1.7	100350
4	-1575201600	3.5	100350
4	-1572696000	5.6	100350
4	-1570017600	8.2	100350
4	-1567425600	11.7	100350
4	-1564747200	14.3	100350
4	-1562155200	16.6	100350
4	-1559476800	14.3	100350
4	-1556798400	12.7	100350
4	-1554206400	6.6	100350
4	-1551528000	2.5	100350
4	-1548936000	1.2	100350
4	-1546257600	4.1	100350
4	-1543579200	2.3	100350
4	-1541160000	5.8	100350
4	-1538481600	7.5	100350
4	-1535889600	13.3	100350
4	-1533211200	13.8	100350
4	-1530619200	16.4	100350
4	-1527940800	15.8	100350
4	-1525262400	12.5	100350
4	-1522670400	10.4	100350
4	-1519992000	0.6	100350
4	-1517400000	2.2	100350
4	-1514721600	-2.3	100350
4	-1512043200	-2	100350
4	-1509624000	2.3	100350
4	-1506945600	4.9	100350
4	-1504353600	12	100350
4	-1501675200	14	100350
4	-1499083200	14.9	100350
4	-1496404800	14.3	100350
4	-1493726400	11	100350
4	-1491134400	5	100350
4	-1488456000	3.4	100350
4	-1485864000	3.6	100350
4	-1483185600	2.9	100350
4	-1480507200	-0.1	100350
4	-1478088000	3.5	100350
4	-1475409600	5.1	100350
4	-1472817600	9.5	100350
4	-1470139200	10.5	100350
4	-1467547200	17.3	100350
4	-1464868800	14	100350
4	-1462190400	12.2	100350
4	-1459598400	10.1	100350
4	-1456920000	2.9	100350
4	-1454328000	-2	100350
4	-1451649600	-1.4	100350
4	-1448971200	-1.6	100350
4	-1446465600	0.4	100350
4	-1443787200	4.6	100350
4	-1441195200	11	100350
4	-1438516800	14	100350
4	-1435924800	15.4	100350
4	-1433246400	14.7	100350
4	-1430568000	13.3	100350
4	-1427976000	9.2	100350
4	-1425297600	4.4	100350
4	-1422705600	3.2	100350
4	-1420027200	3.6	100350
4	-1417348800	3.7	100350
4	-1414929600	1.7	100350
4	-1412251200	6.9	100350
4	-1409659200	12.9	100350
4	-1406980800	14.1	100350
4	-1404388800	18.1	100350
4	-1401710400	16	100350
4	-1399032000	11.2	100350
4	-1396440000	8.1	100350
4	-1393761600	2.3	100350
4	-1391169600	-0.8	100350
4	-1388491200	0.6	100350
4	-1385812800	2.9	100350
4	-1383393600	3.6	100350
4	-1380715200	7.2	100350
4	-1378123200	10.3	100350
4	-1375444800	14.2	100350
4	-1372852800	17.6	100350
4	-1370174400	15.7	100350
4	-1367496000	13.4	100350
4	-1364904000	6.6	100350
4	-1362225600	6.1	100350
4	-1359633600	2.8	100350
4	-1356955200	3.1	100350
4	-1354276800	1.4	100350
4	-1351857600	6	100350
4	-1349179200	5.7	100350
4	-1346587200	8.6	100350
4	-1343908800	12	100350
4	-1341316800	17.1	100350
4	-1338638400	16.6	100350
4	-1335960000	12.9	100350
4	-1333368000	9.4	100350
4	-1330689600	2.7	100350
4	-1328097600	-2.2	100350
4	-1325419200	1.2	100350
4	-1322740800	2.8	100350
4	-1320235200	2.2	100350
4	-1317556800	6.1	100350
4	-1314964800	9.7	100350
4	-1312286400	12.3	100350
4	-1309694400	15.3	100350
4	-1307016000	14.8	100350
4	-1304337600	11.6	100350
4	-1301745600	8.9	100350
4	-1299067200	7	100350
4	-1296475200	1.4	100350
4	-1293796800	-2.4	100350
4	-1291118400	-8	100350
4	-1288699200	2.1	100350
4	-1286020800	3.2	100350
4	-1283428800	11.6	100350
4	-1280750400	12.6	100350
4	-1278158400	15.6	100350
4	-1275480000	15.4	100350
4	-1272801600	13.6	100350
4	-1270209600	9.4	100350
4	-1267531200	5.3	100350
4	-1264939200	4.1	100350
4	-1262260800	3.6	100350
4	-1259582400	0.5	100350
4	-1257163200	2.8	100350
4	-1254484800	6.8	100350
4	-1251892800	10.6	100350
4	-1249214400	16.2	100350
4	-1246622400	16.2	100350
4	-1243944000	15.4	100350
4	-1241265600	13	100350
4	-1238673600	9	100350
4	-1235995200	5.8	100350
4	-1233403200	1.8	100350
4	-1230724800	1	100350
4	-1228046400	0	100350
4	-1225627200	-0.5	100350
4	-1222948800	5.4	100350
4	-1220356800	13.4	100350
4	-1217678400	13.7	100350
4	-1215086400	16.1	100350
4	-1212408000	14.6	100350
4	-1209729600	10.8	100350
4	-1207137600	7.8	100350
4	-1204459200	5.4	100350
4	-1201867200	2.1	100350
4	-1199188800	3.6	100350
4	-1196510400	1.1	100350
4	-1194004800	0.8	100350
4	-1191326400	6	100350
4	-1188734400	11.7	100350
4	-1186056000	14.2	100350
4	-1183464000	18.5	100350
4	-1180785600	17.1	100350
4	-1178107200	13.1	100350
4	-1175515200	8.1	100350
4	-1172836800	5	100350
4	-1170244800	2.8	100350
4	-1167566400	-0.3	100350
4	-1164888000	1	100350
4	-1162468800	4.3	100350
4	-1159790400	6.3	100350
4	-1157198400	11.5	100350
4	-1154520000	15.8	100350
4	-1151928000	17.4	100350
4	-1149249600	16.2	100350
4	-1146571200	13.3	100350
4	-1143979200	9.4	100350
4	-1141300800	4.2	100350
4	-1138708800	0.4	100350
4	-1136030400	2	100350
4	-1133352000	3.3	100350
4	-1130932800	4	100350
4	-1128254400	8.4	100350
4	-1125662400	11.6	100350
4	-1122984000	15	100350
4	-1120392000	17.2	100350
4	-1117713600	16	100350
4	-1115035200	15.2	100350
4	-1112443200	10	100350
4	-1109764800	5.8	100350
4	-1107172800	5.1	100350
4	-1104494400	0.9	100350
4	-1101816000	2.8	100350
4	-1099396800	2.8	100350
4	-1096718400	7.1	100350
4	-1094126400	9.8	100350
4	-1091448000	15.7	100350
4	-1088856000	16.7	100350
4	-1086177600	16	100350
4	-1083499200	13.3	100350
4	-1080907200	9	100350
4	-1078228800	5.9	100350
4	-1075636800	1.6	100350
4	-1072958400	3.2	100350
4	-1070280000	-0.2	100350
4	-1067774400	3	100350
4	-1065096000	5.1	100350
4	-1062504000	10.5	100350
4	-1059825600	16.1	100350
4	-1057233600	16.7	100350
4	-1054555200	15.9	100350
4	-1051876800	12.7	100350
4	-1049284800	7.5	100350
4	-1046606400	4.7	100350
4	-1044014400	3	100350
4	-1041336000	-1.1	100350
4	-1038657600	1.8	100350
4	-1036238400	1.6	100350
4	-1033560000	7.4	100350
4	-1030968000	13.1	100350
4	-1028289600	15.2	100350
4	-1025697600	17.2	100350
4	-1023019200	17.7	100350
4	-1020340800	13.1	100350
4	-1017748800	10.5	100350
4	-1015070400	3.7	100350
4	-1012478400	0.2	100350
4	-1009800000	2.8	100350
4	-1007121600	2.5	100350
4	-1004702400	6.7	100350
4	-1002024000	6.3	100350
4	-999432000	10.4	100350
4	-996753600	14.5	100350
4	-994161600	16.2	100350
4	-991483200	17.9	100350
4	-988804800	14.5	100350
4	-986212800	9.1	100350
4	-983534400	7.8	100350
4	-980942400	0.1	100350
4	-978264000	2.2	100350
4	-975585600	3.1	100350
4	-973166400	2.4	100350
4	-970488000	7.2	100350
4	-967896000	10.8	100350
4	-965217600	16	100350
4	-962625600	17.2	100350
4	-959947200	17.6	100350
4	-957268800	14.1	100350
4	-954676800	6.6	100350
4	-951998400	5.6	100350
4	-949406400	-0.3	100350
4	-946728000	-6.9	100350
4	-944049600	-6.6	100350
4	-941544000	1.2	100350
4	-938865600	5.1	100350
4	-936273600	11.5	100350
4	-933595200	16.9	100350
4	-931003200	16	100350
4	-928324800	14.4	100350
4	-925646400	11.3	100350
4	-923054400	7.9	100350
4	-920376000	5.9	100350
4	-917784000	0.1	100350
4	-915105600	-5.6	100350
4	-912427200	-2.5	100350
4	-910008000	1.5	100350
4	-907329600	4.4	100350
4	-904737600	9.2	100350
4	-902059200	15.1	100350
4	-899467200	19	100350
4	-896788800	14.8	100350
4	-894110400	12.2	100350
4	-891518400	7.9	100350
4	-888840000	2.9	100350
4	-886248000	3.5	100350
4	-883569600	-6.7	100350
4	-880891200	-5.5	100350
4	-878472000	-1.6	100350
4	-875793600	5.6	100350
4	-873201600	10.9	100350
4	-870523200	13	100350
4	-867931200	15.4	100350
4	-865252800	17.7	100350
4	-862574400	13.8	100350
4	-859982400	10.5	100350
4	-857304000	5	100350
4	-854712000	3.5	100350
4	-852033600	-0.6	100350
4	-849355200	4.4	100350
4	-846936000	4.7	100350
4	-844257600	8.3	100350
4	-841665600	11.7	100350
4	-838987200	14.7	100350
4	-836395200	17.2	100350
4	-833716800	16.3	100350
4	-831038400	13.5	100350
4	-828446400	9.8	100350
4	-825768000	3.9	100350
4	-823176000	1.7	100350
4	-820497600	3.8	100350
4	-817819200	1.3	100350
4	-815313600	2.3	100350
4	-812635200	7.5	100350
4	-810043200	10.7	100350
4	-807364800	13.8	100350
4	-804772800	17.4	100350
4	-802094400	19	100350
4	-799416000	12.8	100350
4	-796824000	8.5	100350
4	-794145600	5	100350
4	-791553600	0.2	100350
4	-788875200	-1.6	100350
4	-786196800	3.3	100350
4	-783777600	5.7	100350
4	-781099200	7.5	100350
4	-778507200	12.6	100350
4	-775828800	15.7	100350
4	-773236800	16.5	100350
4	-770558400	16.4	100350
4	-767880000	13.5	100350
4	-765288000	10.7	100350
4	-762609600	5.1	100350
4	-760017600	2.6	100350
4	-757339200	-0.5	100350
4	-754660800	2	100350
4	-752241600	2	100350
4	-749563200	8.5	100350
4	-746971200	11.5	100350
4	-744292800	13.6	100350
4	-741700800	17.5	100350
4	-739022400	15.5	100350
4	-736344000	13.8	100350
4	-733752000	6.8	100350
4	-731073600	4.8	100350
4	-728481600	-1.1	100350
4	-725803200	-3.8	100350
4	-723124800	-6.2	100350
4	-720705600	-0.8	100350
4	-718027200	6.8	100350
4	-715435200	13.1	100350
4	-712756800	17.1	100350
4	-710164800	17.6	100350
4	-707486400	18.4	100350
4	-704808000	15.5	100350
4	-702216000	8.4	100350
4	-699537600	5	100350
4	-696945600	2.7	100350
4	-694267200	2.1	100350
4	-691588800	1	100350
4	-689083200	4.5	100350
4	-686404800	8.8	100350
4	-683812800	12.2	100350
4	-681134400	14.8	100350
4	-678542400	16.9	100350
4	-675864000	16.1	100350
4	-673185600	13.9	100350
4	-670593600	9.1	100350
4	-667915200	5.2	100350
4	-665323200	2.7	100350
4	-662644800	2.4	100350
4	-659966400	3.2	100350
4	-657547200	1.9	100350
4	-654868800	8.6	100350
4	-652276800	11.5	100350
4	-649598400	14.2	100350
4	-647006400	16.8	100350
4	-644328000	15.7	100350
4	-641649600	16.1	100350
4	-639057600	11.1	100350
4	-636379200	5.4	100350
4	-633787200	3.9	100350
5	-523368000	18	100370
5	-520776000	18.8	100370
9	-2282558400	13.3	101130
9	-2279966400	9	101130
9	-2277288000	4.5	101130
9	-2274696000	3.5	101130
9	-2272017600	4.7	101130
9	-2269339200	3.2	101130
9	-2266920000	3	101130
9	-2264241600	6.8	101130
9	-2261649600	9.9	101130
9	-2258971200	13.7	101130
9	-2256379200	13.9	101130
9	-2253700800	17.4	101130
9	-2251022400	15.1	101130
9	-2248430400	8.9	101130
9	-2245752000	5.7	101130
9	-2243160000	6.3	101130
9	-2240481600	3.8	101130
9	-2237803200	3.1	101130
9	-2235384000	3.5	101130
9	-2232705600	7	101130
9	-2230113600	10.2	101130
9	-2227435200	14	101130
9	-2224843200	17.1	101130
9	-2222164800	16.3	101130
9	-2219486400	13.8	101130
9	-2216894400	9.4	101130
9	-2214216000	9.3	101130
9	-2211624000	-0.6	101130
9	-2208945600	1.3	101130
9	-2206267200	1.4	101130
9	-2203848000	2.1	101130
9	-2201169600	5.8	101130
9	-2198577600	10.3	101130
9	-2195899200	14.8	101130
9	-2193307200	17.4	101130
9	-2190628800	16.5	101130
9	-2187950400	14.8	101130
9	-2185358400	10.6	101130
9	-2182680000	5.4	101130
9	-2180088000	4.7	101130
9	-2177409600	-2.1	101130
9	-2174731200	-0.6	101130
9	-2172312000	2.5	101130
9	-2169633600	7.7	101130
9	-2167041600	10.6	101130
9	-2164363200	13.7	101130
9	-2161771200	17.7	101130
9	-2159092800	17	101130
9	-2156414400	14.6	101130
9	-2153822400	11.1	101130
9	-2151144000	6.5	101130
9	-2148552000	2.4	101130
9	-2145873600	4.5	101130
9	-2143195200	-0.7	101130
9	-2140776000	3.8	101130
9	-2138097600	6.7	101130
9	-2135505600	8.6	101130
9	-2132827200	14.7	101130
9	-2130235200	14.5	101130
9	-2127556800	14	101130
9	-2124878400	12.6	101130
9	-2122286400	8.6	101130
9	-2119608000	3.2	101130
9	-2117016000	0.3	101130
9	-2114337600	1.3	101130
9	-2111659200	4.6	101130
9	-2109240000	6.2	101130
9	-2106561600	5.6	101130
9	-2103969600	11.4	101130
9	-2101291200	13.5	101130
9	-2098699200	15.5	101130
9	-2096020800	15.1	101130
9	-2093342400	14.4	101130
9	-2090750400	10.9	101130
9	-2088072000	6.6	101130
9	-2085480000	1	101130
9	-2082801600	0.7	101130
9	-2080123200	1.9	101130
9	-2077617600	2.7	101130
9	-2074939200	8	101130
9	-2072347200	11.2	101130
9	-2069668800	13.3	101130
9	-2067076800	16.3	101130
9	-2064398400	16.4	101130
9	-2061720000	13	101130
9	-2059128000	9.8	101130
9	-2056449600	6.3	101130
9	-2053857600	4.4	101130
9	-2051179200	1	101130
9	-2048500800	2.8	101130
9	-2046081600	4.5	101130
9	-2043403200	5.7	101130
9	-2040811200	11	101130
9	-2038132800	16	101130
9	-2035540800	17.2	101130
9	-2032862400	16.3	101130
9	-2030184000	13.6	101130
9	-2027592000	7.4	101130
9	-2024913600	4.1	101130
9	-2022321600	2.2	101130
9	-2019643200	2.3	101130
9	-2016964800	2.1	101130
9	-2014545600	3.3	101130
9	-2011867200	6.8	101130
9	-2009275200	11.7	101130
9	-2006596800	13	101130
9	-2004004800	15.9	101130
9	-2001326400	16.5	101130
9	-1998648000	14.9	101130
9	-1996056000	10.9	101130
9	-1993377600	8.1	101130
9	-1990785600	0.8	101130
9	-1988107200	1.7	101130
9	-1985428800	0.4	101130
9	-1983009600	3.8	101130
9	-1980331200	6.7	101130
9	-1977739200	11.4	101130
9	-1975060800	13.3	101130
9	-1972468800	13.7	101130
9	-1969790400	14.8	101130
9	-1967112000	13.7	101130
9	-1964520000	11.6	101130
9	-1961841600	4.1	101130
9	-1959249600	2.8	101130
9	-1956571200	-0.1	101130
9	-1953892800	3.2	101130
9	-1951387200	3	101130
9	-1948708800	5.6	101130
9	-1946116800	11.4	101130
9	-1943438400	14.6	101130
9	-1940846400	16.2	101130
9	-1938168000	15.4	101130
9	-1935489600	13.5	101130
9	-1932897600	9.8	101130
9	-1930219200	3.8	101130
9	-1927627200	1.6	101130
9	-1924948800	0.4	101130
9	-1922270400	0.3	101130
9	-1919851200	1.7	101130
9	-1917172800	7.1	101130
9	-1914580800	10	101130
9	-1911902400	12.7	101130
9	-1909310400	14.8	101130
9	-1906632000	15.4	101130
9	-1903953600	13.4	101130
9	-1901361600	11.3	101130
9	-1898683200	5.7	101130
9	-1896091200	2.8	101130
9	-1893412800	3.1	101130
9	-1890734400	3.5	101130
9	-1888315200	4.8	101130
9	-1885636800	7.4	101130
9	-1883044800	11.8	101130
9	-1880366400	15.7	101130
9	-1877774400	15.6	101130
9	-1875096000	16.4	101130
9	-1872417600	14.4	101130
9	-1869825600	10.4	101130
9	-1867147200	3.9	101130
9	-1864555200	4.5	101130
9	-1861876800	2.4	101130
9	-1859198400	3.7	101130
9	-1856779200	4.2	101130
9	-1854100800	6.8	101130
9	-1851508800	12.7	101130
9	-1848830400	14.6	101130
9	-1846238400	17.3	101130
9	-1843560000	18.9	101130
9	-1840881600	15.3	101130
9	-1838289600	9.8	101130
9	-1835611200	6	101130
9	-1833019200	4.3	101130
9	-1830340800	-0.7	101130
9	-1827662400	1.5	101130
9	-1825156800	6.3	101130
9	-1822478400	7.9	101130
9	-1819886400	10.9	101130
9	-1817208000	14.7	101130
9	-1814616000	18.2	101130
9	-1811937600	15.1	101130
9	-1809259200	11.7	101130
9	-1806667200	8.4	101130
9	-1803988800	5.7	101130
9	-1801396800	5.3	101130
9	-1798718400	0.8	101130
9	-1796040000	2.6	101130
9	-1793620800	5.7	101130
9	-1790942400	7.7	101130
9	-1788350400	11.3	101130
9	-1785672000	14.3	101130
9	-1783080000	14.5	101130
9	-1780401600	15.5	101130
9	-1777723200	14.3	101130
9	-1775131200	10.5	101130
9	-1772452800	8.1	101130
9	-1769860800	5.5	101130
9	-1767182400	1	101130
9	-1764504000	4.7	101130
9	-1762084800	5	101130
9	-1759406400	9.3	101130
9	-1756814400	10.9	101130
9	-1754136000	13.9	101130
9	-1751544000	17.8	101130
9	-1748865600	17.8	101130
9	-1746187200	14.6	101130
9	-1743595200	10.2	101130
9	-1740916800	5.5	101130
9	-1738324800	4.5	101130
9	-1735646400	2.2	101130
9	-1732968000	2	101130
9	-1730548800	2.8	101130
9	-1727870400	6.7	101130
9	-1725278400	9.9	101130
9	-1722600000	14.5	101130
9	-1720008000	15.7	101130
9	-1717329600	15.6	101130
9	-1714651200	13.7	101130
9	-1712059200	7.8	101130
9	-1709380800	3.8	101130
9	-1706788800	3.3	101130
9	-1704110400	5	101130
9	-1701432000	2	101130
9	-1698926400	2.7	101130
9	-1696248000	7.6	101130
9	-1693656000	11.3	101130
9	-1690977600	12.2	101130
9	-1688385600	15	101130
9	-1685707200	15.8	101130
9	-1683028800	13.3	101130
9	-1680436800	9.7	101130
9	-1677758400	5.8	101130
9	-1675166400	2.2	101130
9	-1672488000	-0.2	101130
9	-1669809600	-1.4	101130
9	-1667390400	0.4	101130
9	-1664712000	3.8	101130
9	-1662120000	11.6	101130
9	-1659441600	17.5	101130
9	-1656849600	16.4	101130
9	-1654171200	16.7	101130
9	-1651492800	14.9	101130
9	-1648900800	8.4	101130
9	-1646222400	7.2	101130
9	-1643630400	1.5	101130
9	-1640952000	2.1	101130
9	-1638273600	2.6	101130
9	-1635854400	3.7	101130
9	-1633176000	6.8	101130
9	-1630584000	12.4	101130
9	-1627905600	12.9	101130
9	-1625313600	16	101130
9	-1622635200	16.6	101130
9	-1619956800	13.1	101130
9	-1617364800	10.1	101130
9	-1614686400	5	101130
9	-1612094400	5	101130
9	-1609416000	1.5	101130
9	-1606737600	0.7	101130
9	-1604318400	2.9	101130
9	-1601640000	6.1	101130
9	-1599048000	11.1	101130
9	-1596369600	13.6	101130
9	-1593777600	13.9	101130
9	-1591099200	15.2	101130
9	-1588420800	14.7	101130
9	-1585828800	7.8	101130
9	-1583150400	1.4	101130
9	-1580558400	1.6	101130
9	-1577880000	3.3	101130
9	-1575201600	4.6	101130
9	-1572696000	6.4	101130
9	-1570017600	8.8	101130
9	-1567425600	12.4	101130
9	-1564747200	15	101130
9	-1562155200	16.8	101130
9	-1559476800	15.1	101130
9	-1556798400	13.8	101130
9	-1554206400	7.7	101130
9	-1551528000	2.6	101130
9	-1548936000	1.2	101130
9	-1546257600	5.2	101130
9	-1543579200	3.5	101130
9	-1541160000	6.4	101130
9	-1538481600	8.5	101130
9	-1535889600	12.8	101130
9	-1533211200	13.4	101130
9	-1530619200	16.7	101130
9	-1527940800	16.8	101130
9	-1525262400	14.4	101130
9	-1522670400	12.8	101130
9	-1519992000	1.5	101130
9	-1517400000	2.8	101130
9	-1514721600	-1	101130
9	-1512043200	-0.1	101130
9	-1509624000	3.2	101130
9	-1506945600	5.8	101130
9	-1504353600	12	101130
9	-1501675200	13.9	101130
9	-1499083200	15	101130
9	-1496404800	15.4	101130
9	-1493726400	12.6	101130
9	-1491134400	6.6	101130
9	-1488456000	4.7	101130
9	-1485864000	4.8	101130
9	-1483185600	4.2	101130
9	-1480507200	1.2	101130
9	-1478088000	5.4	101130
9	-1475409600	7	101130
9	-1472817600	9.6	101130
9	-1470139200	10.9	101130
9	-1467547200	18.6	101130
9	-1464868800	15.7	101130
9	-1462190400	14.1	101130
9	-1459598400	11.2	101130
9	-1456920000	4.5	101130
9	-1454328000	-0.3	101130
12	-1514721600	-2.8	101310
12	-1512043200	-1	101310
12	-1509624000	2.8	101310
12	-1506945600	6	101310
12	-1504353600	12.1	101310
12	-1501675200	14.2	101310
12	-1499083200	15.1	101310
12	-1496404800	15	101310
12	-1493726400	11.7	101310
12	-1491134400	5.3	101310
12	-1488456000	3.5	101310
12	-1485864000	4	101310
12	-1483185600	3.1	101310
12	-1480507200	0	101310
12	-1478088000	4.7	101310
12	-1475409600	6.9	101310
12	-1472817600	9.9	101310
12	-1470139200	11.2	101310
12	-1467547200	19.3	101310
12	-1464868800	15.3	101310
12	-1462190400	13.5	101310
12	-1459598400	10.7	101310
12	-1456920000	3	101310
12	-1454328000	-1.9	101310
12	-1451649600	-1.8	101310
12	-1448971200	-1.8	101310
12	-1446465600	1.9	101310
12	-1443787200	5.7	101310
12	-1441195200	11.8	101310
12	-1438516800	14.2	101310
12	-1435924800	16	101310
12	-1433246400	14.7	101310
12	-1430568000	13.4	101310
12	-1427976000	9.3	101310
12	-1425297600	3.9	101310
12	-1422705600	3.2	101310
12	-1420027200	3.3	101310
12	-1417348800	4	101310
12	-1414929600	2.1	101310
12	-1412251200	8.6	101310
12	-1409659200	15.4	101310
12	-1406980800	13.8	101310
12	-1404388800	17.8	101310
12	-1401710400	16.2	101310
12	-1399032000	12.3	101310
12	-1396440000	8.9	101310
12	-1393761600	2.6	101310
12	-1391169600	-0.5	101310
12	-1388491200	0.1	101310
12	-1385812800	3.5	101310
12	-1383393600	4.2	101310
12	-1380715200	9.1	101310
12	-1378123200	10.1	101310
12	-1375444800	15	101310
12	-1372852800	17.8	101310
12	-1370174400	16	101310
12	-1367496000	14.8	101310
12	-1364904000	7.5	101310
12	-1362225600	6.1	101310
12	-1359633600	2.5	101310
12	-1356955200	3	101310
12	-1354276800	1.3	101310
12	-1351857600	5.8	101310
12	-1349179200	6	101310
12	-1346587200	8.9	101310
12	-1343908800	13.1	101310
12	-1341316800	16.8	101310
12	-1338638400	16.5	101310
12	-1335960000	12.9	101310
12	-1333368000	9.6	101310
12	-1330689600	2.2	101310
12	-1328097600	-2.7	101310
12	-1325419200	1	101310
12	-1322740800	2.7	101310
12	-1320235200	2	101310
12	-1317556800	7	101310
12	-1314964800	9.7	101310
12	-1312286400	13.7	101310
12	-1309694400	16	101310
12	-1307016000	15.3	101310
12	-1304337600	12.5	101310
12	-1301745600	8.7	101310
12	-1299067200	7.1	101310
12	-1296475200	1.2	101310
12	-1293796800	-3	101310
12	-1291118400	-8.8	101310
12	-1288699200	1.1	101310
12	-1286020800	3.8	101310
12	-1283428800	11.3	101310
12	-1280750400	12.9	101310
12	-1278158400	15.7	101310
12	-1275480000	15.5	101310
12	-1272801600	14.6	101310
12	-1270209600	9.3	101310
12	-1267531200	4.6	101310
12	-1264939200	3.7	101310
12	-1262260800	3.2	101310
12	-1259582400	0.1	101310
12	-1257163200	2.7	101310
12	-1254484800	7.6	101310
12	-1251892800	10.4	101310
12	-1249214400	16.6	101310
12	-1246622400	16.4	101310
12	-1243944000	15.9	101310
12	-1241265600	13.5	101310
12	-1238673600	9.2	101310
12	-1235995200	6	101310
12	-1233403200	0.9	101310
12	-1230724800	1.1	101310
12	-1228046400	-0.4	101310
12	-1225627200	0.3	101310
12	-1222948800	5.7	101310
12	-1220356800	13.7	101310
12	-1217678400	14.2	101310
12	-1215086400	16.4	101310
12	-1212408000	15.6	101310
12	-1209729600	11.5	101310
12	-1207137600	8.4	101310
12	-1204459200	5.2	101310
12	-1201867200	2.3	101310
12	-1199188800	3.3	101310
12	-1196510400	0.9	101310
12	-1194004800	1	101310
12	-1191326400	6.7	101310
12	-1188734400	12.3	101310
12	-1186056000	14.2	101310
12	-1183464000	18.4	101310
12	-1180785600	17.8	101310
12	-1178107200	13.8	101310
12	-1175515200	8.3	101310
12	-1172836800	4.8	101310
12	-1170244800	2.2	101310
12	-1167566400	-1.2	101310
12	-1164888000	1	101310
12	-1162468800	4.7	101310
12	-1159790400	6.9	101310
12	-1157198400	11.4	101310
12	-1154520000	15.4	101310
12	-1151928000	17.3	101310
12	-1149249600	16.6	101310
12	-1146571200	14.2	101310
12	-1143979200	9.4	101310
12	-1141300800	3.6	101310
12	-1138708800	-1.4	101310
12	-1136030400	1.5	101310
12	-1133352000	2.7	101310
12	-1130932800	4	101310
12	-1128254400	9.2	101310
12	-1125662400	11.8	101310
12	-1122984000	14.9	101310
12	-1120392000	17.2	101310
12	-1117713600	16.6	101310
12	-1115035200	15.7	101310
12	-1112443200	10.6	101310
12	-1109764800	5.3	101310
12	-1107172800	4.7	101310
12	-1104494400	1.1	101310
12	-1101816000	3.1	101310
12	-1099396800	2.8	101310
12	-1096718400	7.5	101310
12	-1094126400	10	101310
12	-1091448000	15.9	101310
12	-1088856000	16.5	101310
12	-1086177600	16.1	101310
12	-1083499200	13.7	101310
12	-1080907200	9.1	101310
12	-1078228800	5.5	101310
12	-1075636800	1.3	101310
12	-1072958400	3.6	101310
12	-1070280000	0.5	101310
12	-1067774400	4.2	101310
12	-1065096000	5.1	101310
12	-1062504000	11	101310
12	-1059825600	15.8	101310
12	-1057233600	16.6	101310
12	-1054555200	16.4	101310
12	-1051876800	13.2	101310
12	-1049284800	8.1	101310
12	-1046606400	4.6	101310
12	-1044014400	3.1	101310
12	-1041336000	-1.2	101310
12	-1038657600	2.2	101310
12	-1036238400	2	101310
12	-1033560000	8.1	101310
12	-1030968000	13.1	101310
12	-1028289600	15.2	101310
12	-1025697600	16.9	101310
12	-1023019200	17.5	101310
12	-1020340800	13.6	101310
12	-1017748800	10.6	101310
12	-1015070400	3.6	101310
12	-1012478400	0.1	101310
12	-1009800000	3.1	101310
12	-1007121600	2.5	101310
12	-1004702400	7	101310
12	-1002024000	6.5	101310
12	-999432000	10.3	101310
12	-996753600	14.3	101310
12	-994161600	15.7	101310
12	-991483200	18.4	101310
12	-988804800	14.5	101310
12	-986212800	9.2	101310
12	-983534400	7.7	101310
12	-980942400	-0.6	101310
12	-978264000	2.7	101310
12	-975585600	3	101310
12	-973166400	3	101310
12	-970488000	7.4	101310
12	-967896000	11.1	101310
12	-965217600	15.7	101310
12	-962625600	16.8	101310
12	-959947200	17.3	101310
12	-957268800	14.2	101310
19	-283953600	1.1	102000
19	-281275200	5	102000
19	-278856000	6.8	102000
19	-276177600	9.5	102000
19	-273585600	10.4	102000
19	-270907200	15.4	102000
19	-268315200	15.2	102000
19	-265636800	15.5	102000
19	-262958400	15.8	102000
19	-260366400	11.1	102000
19	-257688000	4.5	102000
19	-255096000	0.3	102000
19	-252417600	3.1	102000
19	-249739200	2.3	102000
19	-247320000	1	102000
19	-244641600	7.2	102000
19	-242049600	9.7	102000
19	-239371200	13.2	102000
19	-236779200	13.8	102000
19	-234100800	14.5	102000
19	-231422400	12.5	102000
19	-228830400	10.6	102000
19	-226152000	3.8	102000
19	-223560000	-1.4	102000
19	-220881600	-6.1	102000
19	-218203200	-5.5	102000
19	-215784000	2.8	102000
19	-213105600	7.8	102000
19	-210513600	10.8	102000
19	-207835200	15.1	102000
19	-205243200	16	102000
19	-202564800	15.3	102000
19	-199886400	13.2	102000
19	-197294400	9	102000
19	-194616000	7.8	102000
19	-192024000	-1.5	102000
19	-189345600	-0.2	102000
19	-186667200	1.9	102000
19	-184161600	0.9	102000
19	-181483200	8.2	102000
19	-178891200	13.4	102000
19	-176212800	15.1	102000
19	-173620800	16.1	102000
19	-170942400	15.5	102000
19	-168264000	14	102000
19	-165672000	7.3	102000
19	-162993600	5.7	102000
19	-160401600	2.1	102000
19	-157723200	2.4	102000
19	-155044800	1.6	102000
19	-152625600	3	102000
19	-149947200	7.1	102000
19	-147355200	10.8	102000
19	-144676800	14.4	102000
19	-142084800	14.6	102000
19	-139406400	14.9	102000
19	-136728000	13.3	102000
19	-134136000	9.3	102000
19	-131457600	1.5	102000
19	-128865600	3.6	102000
19	-126187200	-0.7	102000
19	-123508800	1.5	102000
19	-121089600	4.6	102000
19	-118411200	6.4	102000
19	-115819200	12.8	102000
19	-113140800	16.9	102000
19	-110548800	15.5	102000
19	-107870400	15.1	102000
19	-105192000	13.6	102000
19	-102600000	10.7	102000
19	-99921600	4.1	102000
19	-97329600	3.6	102000
19	-94651200	3.1	102000
19	-91972800	4.4	102000
19	-89553600	6.4	102000
19	-86875200	6.7	102000
19	-84283200	12.3	102000
19	-81604800	14.3	102000
19	-79012800	17.7	102000
19	-76334400	16.4	102000
19	-73656000	14	102000
19	-71064000	11.3	102000
19	-68385600	5.7	102000
19	-65793600	3.3	102000
19	-63115200	1	102000
19	-60436800	1.1	102000
19	-57931200	5.5	102000
19	-55252800	8.4	102000
19	-52660800	10.2	102000
19	-49982400	15.9	102000
19	-47390400	15.8	102000
19	-44712000	16.8	102000
19	-42033600	14.3	102000
19	-39441600	11.1	102000
19	-36763200	5.1	102000
19	-34171200	-0.9	102000
19	-31492800	3.1	102000
19	-28814400	-1.2	102000
19	-26395200	0.3	102000
19	-23716800	6.9	102000
19	-21124800	11.7	102000
19	-18446400	14.9	102000
19	-15854400	17.9	102000
19	-13176000	17.3	102000
19	-10497600	14.7	102000
19	-7905600	11.9	102000
19	-5227200	6.2	102000
19	-2635200	-2.5	102000
19	43200	-1.8	102000
19	2721600	-0.2	102000
19	5140800	2.3	102000
19	7819200	5.4	102000
19	10411200	12.1	102000
19	13089600	16.9	102000
19	15681600	15.7	102000
19	18360000	16.4	102000
19	21038400	13.7	102000
19	23630400	10.3	102000
19	26308800	7.2	102000
19	28900800	2.7	102000
20	-3755246400	3.7	102030
20	-3752568000	3.3	102030
20	-3750148800	5.3	102030
20	-3747470400	7.6	102030
20	-3744878400	10.1	102030
20	-3742200000	15.2	102030
20	-3739608000	17.4	102030
20	-3736929600	18.2	102030
20	-3734251200	14.5	102030
20	-3731659200	12.3	102030
20	-3728980800	4	102030
20	-3726388800	4.7	102030
20	-3723710400	4.6	102030
20	-3721032000	3.5	102030
20	-3718526400	3.6	102030
20	-3715848000	5.9	102030
20	-3713256000	13.2	102030
20	-3710577600	16.8	102030
20	-3707985600	21.2	102030
20	-3705307200	19.1	102030
20	-3702628800	15.3	102030
20	-3700036800	10	102030
20	-3697358400	8.7	102030
20	-3694766400	7.3	102030
20	-3692088000	5.8	102030
20	-3689409600	-0.6	102030
20	-3686990400	0.3	102030
20	-3684312000	6.8	102030
20	-3681720000	11.7	102030
20	-3679041600	17.9	102030
20	-3676449600	19.9	102030
20	-3673771200	18.1	102030
20	-3671092800	14.9	102030
20	-3668500800	11.6	102030
20	-3665822400	4.7	102030
20	-3663230400	-1.2	102030
20	-3660552000	1.5	102030
20	-3657873600	1.9	102030
20	-3655454400	6.4	102030
20	-3652776000	8.4	102030
20	-3650184000	12.8	102030
20	-3647505600	16.8	102030
20	-3644913600	19.8	102030
20	-3642235200	18.6	102030
20	-3639556800	15.7	102030
20	-3636964800	10.7	102030
20	-3634286400	4.1	102030
20	-3631694400	5	102030
20	-3629016000	-1.7	102030
20	-3626337600	-2	102030
20	-3623918400	0.1	102030
20	-3621240000	5.1	102030
20	-3618648000	10	102030
20	-3615969600	13.6	102030
20	-3613377600	18.2	102030
20	-3610699200	18.6	102030
20	-3608020800	13.6	102030
20	-3605428800	11.1	102030
20	-3602750400	2.2	102030
20	-3600158400	-1.7	102030
20	-3597480000	0.6	102030
20	-3594801600	2.5	102030
20	-3592296000	1.7	102030
20	-3589617600	7.3	102030
20	-3587025600	10	102030
20	-3584347200	15.1	102030
20	-3581755200	16	102030
20	-3579076800	17	102030
20	-3576398400	13.9	102030
20	-3573806400	11.2	102030
20	-3571128000	3.5	102030
20	-3568536000	3.6	102030
20	-3565857600	-0.7	102030
20	-3563179200	1.5	102030
20	-3560760000	3.7	102030
20	-3558081600	7.2	102030
20	-3555489600	12.3	102030
20	-3552811200	17.5	102030
20	-3550219200	18.3	102030
20	-3547540800	20.3	102030
20	-3544862400	16.5	102030
20	-3542270400	11.8	102030
20	-3539592000	5.4	102030
20	-3.537e+09	5.7	102030
20	-3534321600	0.5	102030
20	-3531643200	-1.5	102030
20	-3529224000	2	102030
20	-3526545600	7.6	102030
20	-3523953600	11.2	102030
20	-3521275200	18.9	102030
20	-3518683200	17.8	102030
20	-3516004800	18.6	102030
20	-3513326400	16.2	102030
20	-3510734400	10.2	102030
20	-3508056000	2	102030
20	-3505464000	2.6	102030
20	-3502785600	3.1	102030
20	-3500107200	4.7	102030
20	-3497688000	6.5	102030
20	-3495009600	6.8	102030
20	-3492417600	13	102030
20	-3489739200	19	102030
20	-3487147200	20.5	102030
20	-3484468800	19.3	102030
20	-3481790400	14.6	102030
20	-3479198400	10.7	102030
20	-3476520000	4.2	102030
20	-3473928000	0.5	102030
20	-3471249600	2.5	102030
20	-3468571200	0.2	102030
20	-3466065600	2.4	102030
20	-3463387200	6.3	102030
20	-3460795200	12.3	102030
20	-3458116800	15.9	102030
20	-3455524800	16.5	102030
20	-3452846400	15.9	102030
20	-3450168000	13.8	102030
20	-3447576000	9.8	102030
20	-3444897600	2.7	102030
20	-3442305600	0	102030
20	-3439627200	-2.6	102030
20	-3436948800	3.5	102030
20	-3434529600	5.9	102030
20	-3431851200	6.4	102030
20	-3429259200	9.7	102030
20	-3426580800	17.2	102030
20	-3423988800	18.6	102030
20	-3421310400	18.2	102030
20	-3418632000	14.4	102030
20	-3416040000	11.1	102030
20	-3413361600	5.2	102030
20	-3410769600	3.3	102030
20	-3408091200	0.1	102030
20	-3405412800	0.9	102030
20	-3402993600	5.7	102030
20	-3400315200	9.1	102030
20	-3397723200	14.7	102030
20	-3395044800	15.4	102030
20	-3392452800	16.6	102030
20	-3389774400	17.4	102030
20	-3387096000	15.1	102030
20	-3384504000	11.7	102030
20	-3381825600	4.9	102030
20	-3379233600	3.6	102030
20	-3376555200	4.4	102030
20	-3373876800	4.6	102030
20	-3371457600	5.3	102030
20	-3368779200	8.8	102030
20	-3366187200	11.7	102030
20	-3363508800	16.4	102030
20	-3360916800	16.3	102030
20	-3358238400	17.7	102030
20	-3355560000	13.2	102030
20	-3352968000	11.4	102030
20	-3350289600	5.8	102030
20	-3347697600	5.3	102030
20	-3345019200	-2.6	102030
20	-3342340800	0.4	102030
20	-3339835200	3.6	102030
20	-3337156800	6.3	102030
20	-3334564800	10.2	102030
20	-3331886400	15.6	102030
20	-3329294400	16.7	102030
20	-3326616000	15	102030
20	-3323937600	14.5	102030
20	-3321345600	9.7	102030
20	-3318667200	3.8	102030
20	-3316075200	0	102030
20	-3313396800	1.1	102030
20	-3310718400	-2.8	102030
20	-3308299200	0.5	102030
20	-3305620800	9.1	102030
20	-3303028800	15.8	102030
20	-3300350400	13.9	102030
20	-3297758400	19.3	102030
20	-3295080000	17.4	102030
20	-3292401600	17	102030
20	-3289809600	10	102030
20	-3287131200	7.1	102030
20	-3284539200	3.6	102030
20	-3281860800	4.9	102030
20	-3279182400	4.3	102030
20	-3276763200	3.1	102030
20	-3274084800	8.8	102030
20	-3271492800	10.3	102030
20	-3268814400	19.4	102030
20	-3266222400	17.1	102030
20	-3263544000	16.8	102030
20	-3260865600	15.3	102030
20	-3258273600	9.1	102030
20	-3255595200	6.3	102030
20	-3253003200	4.3	102030
20	-3250324800	0.2	102030
20	-3247646400	5.4	102030
20	-3245227200	1.8	102030
20	-3242548800	8.1	102030
20	-3239956800	11.8	102030
20	-3237278400	15.6	102030
20	-3234686400	16.3	102030
20	-3232008000	18.3	102030
20	-3229329600	15.4	102030
20	-3226737600	9.8	102030
20	-3224059200	5.8	102030
20	-3221467200	1.2	102030
20	-3218788800	0.3	102030
20	-3216110400	4.8	102030
20	-3213604800	5.2	102030
20	-3210926400	7.2	102030
20	-3208334400	15	102030
20	-3205656000	17.4	102030
20	-3203064000	19.7	102030
20	-3200385600	19.6	102030
20	-3197707200	15.5	102030
20	-3195115200	9.5	102030
20	-3192436800	4.6	102030
20	-3189844800	5.7	102030
20	-3187166400	0.9	102030
20	-3184488000	5.2	102030
20	-3182068800	1.9	102030
20	-3179390400	9.6	102030
20	-3176798400	10.8	102030
20	-3174120000	13.1	102030
20	-3171528000	17.4	102030
20	-3168849600	15.7	102030
20	-3166171200	15.1	102030
20	-3163579200	9.4	102030
20	-3160900800	4.7	102030
20	-3158308800	1.2	102030
20	-3155630400	1.9	102030
20	-3152952000	-2.3	102030
20	-3150532800	2.4	102030
20	-3147854400	8.4	102030
20	-3145262400	11.2	102030
20	-3142584000	14.9	102030
20	-3139992000	18.4	102030
20	-3137313600	17.1	102030
20	-3134635200	13.3	102030
20	-3132043200	9.4	102030
20	-3129364800	5.4	102030
20	-3126772800	-1.5	102030
20	-3124094400	-2.8	102030
20	-3121416000	0.1	102030
20	-3118996800	5.2	102030
20	-3116318400	6.7	102030
20	-3113726400	9.7	102030
20	-3111048000	14.2	102030
20	-3108456000	17.8	102030
20	-3105777600	18.3	102030
20	-3103099200	14.2	102030
20	-3100507200	7.5	102030
20	-3097828800	2.2	102030
20	-3095236800	-0.2	102030
20	-3092558400	2.9	102030
20	-3089880000	3.2	102030
20	-3087374400	5.2	102030
20	-3084696000	8.6	102030
20	-3082104000	11.7	102030
20	-3079425600	16.1	102030
20	-3076833600	19.7	102030
20	-3074155200	17	102030
20	-3071476800	14.8	102030
20	-3068884800	9.6	102030
20	-3066206400	7.2	102030
20	-3063614400	3.3	102030
20	-3060936000	4.3	102030
20	-3058257600	0.6	102030
20	-3055838400	4.5	102030
20	-3053160000	6.8	102030
20	-3050568000	9.6	102030
20	-3047889600	16.5	102030
20	-3045297600	19.5	102030
20	-3042619200	17.5	102030
20	-3039940800	13.2	102030
20	-3037348800	9.9	102030
20	-3034670400	5.6	102030
20	-3032078400	4.8	102030
20	-3029400000	4	102030
20	-3026721600	2	102030
20	-3024302400	4.5	102030
20	-3021624000	8.8	102030
20	-3019032000	9.8	102030
20	-3016353600	15.4	102030
20	-3013761600	19.6	102030
20	-3011083200	15.8	102030
20	-3008404800	15.1	102030
20	-3005812800	11	102030
20	-3003134400	3.7	102030
20	-3000542400	-0.2	102030
20	-2997864000	2.3	102030
20	-2995185600	-1.5	102030
20	-2992766400	1.6	102030
20	-2990088000	6.7	102030
20	-2987496000	12.9	102030
20	-2984817600	16.8	102030
20	-2982225600	19.1	102030
20	-2979547200	20.2	102030
20	-2976868800	15.1	102030
20	-2974276800	7.5	102030
20	-2971598400	3.2	102030
20	-2969006400	1.6	102030
20	-2966328000	-1.3	102030
20	-2963649600	1.5	102030
20	-2961144000	4.2	102030
20	-2958465600	8.2	102030
20	-2955873600	9.3	102030
20	-2953195200	15.6	102030
20	-2950603200	18.6	102030
20	-2947924800	17.7	102030
20	-2945246400	13.2	102030
20	-2942654400	11.1	102030
20	-2939976000	3.3	102030
20	-2937384000	2.4	102030
20	-2934705600	3.3	102030
20	-2932027200	3.8	102030
20	-2929608000	2.5	102030
20	-2926929600	6.2	102030
20	-2924337600	10.2	102030
20	-2921659200	17.1	102030
20	-2919067200	17.3	102030
20	-2916388800	17.1	102030
20	-2913710400	11.9	102030
20	-2911118400	8.9	102030
20	-2908440000	7.3	102030
20	-2905848000	2.4	102030
20	-2903169600	2.2	102030
20	-2900491200	3.8	102030
20	-2898072000	3.8	102030
20	-2895393600	9.1	102030
20	-2892801600	12.8	102030
20	-2890123200	16.2	102030
20	-2887531200	16	102030
20	-2884852800	17.9	102030
20	-2882174400	14.5	102030
20	-2879582400	10.2	102030
20	-2876904000	4.2	102030
20	-2874312000	0.8	102030
20	-2871633600	-2	102030
20	-2868955200	-0.4	102030
20	-2866536000	1.7	102030
20	-2863857600	5.4	102030
20	-2861265600	9.6	102030
20	-2858587200	15.8	102030
20	-2855995200	15.6	102030
20	-2853316800	17	102030
20	-2850638400	13.9	102030
20	-2848046400	9.6	102030
20	-2845368000	3.2	102030
20	-2842776000	-2.8	102030
20	-2840097600	0	102030
20	-2837419200	2.8	102030
20	-2834913600	3.7	102030
20	-2832235200	8.1	102030
20	-2829643200	10.9	102030
20	-2826964800	15.2	102030
20	-2824372800	17.4	102030
20	-2821694400	18.2	102030
20	-2819016000	15.7	102030
20	-2816424000	8.6	102030
20	-2813745600	5.1	102030
20	-2811153600	4.4	102030
20	-2808475200	-3.3	102030
20	-2805796800	0.1	102030
20	-2803377600	2.6	102030
20	-2800699200	5.4	102030
20	-2798107200	11.4	102030
20	-2795428800	14.6	102030
20	-2792836800	18.8	102030
20	-2790158400	15.8	102030
20	-2787480000	13.4	102030
20	-2784888000	6.7	102030
20	-2782209600	6.8	102030
20	-2779617600	2.5	102030
20	-2776939200	2.2	102030
20	-2774260800	3.2	102030
20	-2771841600	6.5	102030
20	-2769163200	7.9	102030
20	-2766571200	12.4	102030
20	-2763892800	15.1	102030
20	-2761300800	16.9	102030
20	-2758622400	15.8	102030
20	-2755944000	14.2	102030
20	-2753352000	9.6	102030
20	-2750673600	4.8	102030
20	-2748081600	1.6	102030
20	-2745403200	0.9	102030
20	-2742724800	3.8	102030
20	-2740305600	-0.5	102030
20	-2737627200	6.8	102030
20	-2735035200	12.1	102030
20	-2732356800	15.9	102030
20	-2729764800	17.1	102030
20	-2727086400	16.5	102030
20	-2724408000	14.1	102030
20	-2721816000	10.3	102030
20	-2719137600	6.1	102030
20	-2716545600	3.3	102030
20	-2713867200	4.4	102030
20	-2711188800	4	102030
20	-2708683200	5.3	102030
20	-2706004800	6.7	102030
20	-2703412800	12.2	102030
20	-2700734400	13.8	102030
20	-2698142400	18.9	102030
20	-2695464000	18.2	102030
20	-2692785600	15.9	102030
20	-2690193600	10.3	102030
20	-2687515200	4.2	102030
20	-2684923200	3	102030
20	-2682244800	-1.4	102030
20	-2679566400	4.2	102030
20	-2677147200	3.3	102030
20	-2674468800	8.5	102030
20	-2671876800	9.9	102030
20	-2669198400	15.6	102030
20	-2666606400	17.2	102030
20	-2663928000	14.5	102030
20	-2661249600	12.8	102030
20	-2658657600	8.2	102030
20	-2655979200	2.9	102030
20	-2653387200	1.9	102030
20	-2650708800	0.2	102030
20	-2648030400	-1.5	102030
20	-2645611200	1.5	102030
20	-2642932800	7.4	102030
20	-2640340800	12	102030
20	-2637662400	14.4	102030
20	-2635070400	16.8	102030
20	-2632392000	17.2	102030
20	-2629713600	15.3	102030
20	-2627121600	10.3	102030
20	-2624443200	6.9	102030
20	-2621851200	1.4	102030
20	-2619172800	-1.6	102030
20	-2616494400	0.8	102030
20	-2614075200	2.1	102030
20	-2611396800	6.2	102030
20	-2608804800	9.8	102030
20	-2606126400	15.3	102030
20	-2603534400	18.1	102030
20	-2600856000	16.2	102030
20	-2598177600	13.1	102030
20	-2595585600	7.8	102030
20	-2592907200	4.6	102030
20	-2590315200	1.6	102030
20	-2587636800	0.1	102030
20	-2584958400	-1.6	102030
20	-2582452800	0.5	102030
20	-2579774400	5.1	102030
20	-2577182400	11.1	102030
20	-2574504000	15.7	102030
20	-2571912000	15.1	102030
20	-2569233600	15.4	102030
20	-2566555200	13.2	102030
20	-2563963200	8	102030
20	-2561284800	4.6	102030
20	-2558692800	2.8	102030
20	-2556014400	-0.4	102030
20	-2553336000	-0.3	102030
20	-2550916800	2.1	102030
20	-2548238400	6.9	102030
20	-2545646400	16.4	102030
20	-2542968000	18.8	102030
20	-2540376000	16.5	102030
20	-2537697600	16.1	102030
20	-2535019200	12.6	102030
20	-2532427200	8.8	102030
20	-2529748800	4.6	102030
20	-2527156800	0.3	102030
20	-2524478400	3.2	102030
20	-2521800000	-0.1	102030
20	-2519380800	5	102030
20	-2516702400	6.4	102030
20	-2514110400	13.2	102030
20	-2511432000	14	102030
20	-2508840000	15.6	102030
20	-2506161600	16.1	102030
20	-2503483200	14.8	102030
20	-2500891200	9.4	102030
20	-2498212800	4.2	102030
20	-2495620800	-4.3	102030
20	-2492942400	-2.7	102030
20	-2490264000	0.9	102030
20	-2487844800	2.2	102030
20	-2485166400	5.2	102030
20	-2482574400	11.3	102030
20	-2479896000	15.4	102030
20	-2477304000	16.6	102030
20	-2474625600	15.2	102030
20	-2471947200	15.1	102030
20	-2469355200	10.6	102030
20	-2466676800	4.2	102030
20	-2464084800	2.9	102030
20	-2461406400	-0.9	102030
20	-2458728000	1.4	102030
20	-2456222400	1.2	102030
20	-2453544000	6.4	102030
20	-2450952000	12.3	102030
20	-2448273600	14.2	102030
20	-2445681600	16.1	102030
20	-2443003200	17.3	102030
20	-2440324800	14.2	102030
20	-2437732800	8.7	102030
20	-2435054400	4.4	102030
20	-2432462400	0.8	102030
20	-2429784000	-3.6	102030
20	-2427105600	2.2	102030
20	-2424686400	4.9	102030
20	-2422008000	8	102030
20	-2419416000	12.5	102030
20	-2416737600	15.4	102030
20	-2414145600	17.5	102030
20	-2411467200	17.8	102030
20	-2408788800	13.2	102030
20	-2406196800	10.7	102030
20	-2403518400	4	102030
20	-2400926400	2.9	102030
20	-2398248000	0.2	102030
20	-2395569600	2.7	102030
20	-2393150400	5.8	102030
20	-2390472000	10.1	102030
20	-2387880000	11.2	102030
20	-2385201600	14.3	102030
20	-2382609600	17.9	102030
20	-2379931200	15.7	102030
20	-2377252800	12.5	102030
20	-2374660800	8.9	102030
20	-2371982400	6.4	102030
20	-2369390400	3.4	102030
20	-2366712000	-1.5	102030
20	-2364033600	-4.2	102030
20	-2361614400	3	102030
20	-2358936000	8.5	102030
20	-2356344000	12.3	102030
20	-2353665600	15.6	102030
20	-2351073600	16.8	102030
20	-2348395200	17.4	102030
20	-2345716800	15.5	102030
20	-2343124800	8.5	102030
20	-2340446400	5.1	102030
20	-2337854400	1.3	102030
20	-2335176000	1.9	102030
20	-2332497600	1.7	102030
20	-2329992000	5.3	102030
20	-2327313600	7	102030
20	-2324721600	10.9	102030
20	-2322043200	17.9	102030
20	-2319451200	18.4	102030
20	-2316772800	15.5	102030
20	-2314094400	14.2	102030
20	-2311502400	8.9	102030
20	-2308824000	2.5	102030
20	-2306232000	1.4	102030
20	-2303553600	-2.6	102030
20	-2300875200	1	102030
20	-2298456000	5.3	102030
20	-2295777600	7	102030
20	-2293185600	11.5	102030
20	-2290507200	17.3	102030
20	-2287915200	16.8	102030
20	-2285236800	18.1	102030
20	-2282558400	13.2	102030
20	-2279966400	8.6	102030
20	-2277288000	4.4	102030
20	-2274696000	3.2	102030
20	-2272017600	4.7	102030
20	-2269339200	2.6	102030
20	-2266920000	2.8	102030
20	-2264241600	7.4	102030
20	-2261649600	10.7	102030
20	-2258971200	15	102030
20	-2256379200	14.8	102030
20	-2253700800	18.3	102030
20	-2251022400	14.9	102030
20	-2248430400	9	102030
20	-2245752000	5.6	102030
20	-2243160000	5.8	102030
20	-2240481600	3.4	102030
20	-2237803200	3	102030
20	-2235384000	3.2	102030
20	-2232705600	7.4	102030
20	-2230113600	10.9	102030
20	-2227435200	15.2	102030
20	-2224843200	18.5	102030
20	-2222164800	17	102030
20	-2219486400	13.5	102030
20	-2216894400	8.8	102030
20	-2214216000	9	102030
20	-2211624000	-1	102030
20	-2208945600	1.8	102030
20	-2206267200	1.7	102030
20	-2203848000	2	102030
20	-2201169600	6.6	102030
20	-2198577600	11.4	102030
20	-2195899200	16.6	102030
20	-2193307200	18.9	102030
20	-2190628800	17.2	102030
20	-2187950400	14.7	102030
20	-2185358400	10.1	102030
20	-2182680000	5.7	102030
20	-2180088000	4.8	102030
20	-2177409600	-2.5	102030
20	-2174731200	-1.4	102030
20	-2172312000	2.8	102030
20	-2169633600	8.3	102030
20	-2167041600	12.1	102030
20	-2164363200	15.2	102030
20	-2161771200	19.3	102030
20	-2159092800	17.5	102030
20	-2156414400	14.6	102030
20	-2153822400	10.6	102030
20	-2151144000	5.4	102030
20	-2148552000	2.3	102030
20	-2145873600	4.2	102030
20	-2143195200	-1.5	102030
20	-2140776000	4.2	102030
20	-2138097600	7.2	102030
20	-2135505600	9.3	102030
20	-2132827200	16.6	102030
20	-2130235200	15.7	102030
20	-2127556800	15	102030
20	-2124878400	12.8	102030
20	-2122286400	8.5	102030
20	-2119608000	3.3	102030
20	-2117016000	0.1	102030
20	-2114337600	1.7	102030
20	-2111659200	4.8	102030
20	-2109240000	6.3	102030
20	-2106561600	5.5	102030
20	-2103969600	13	102030
20	-2101291200	14.9	102030
20	-2098699200	16.7	102030
20	-2096020800	15.7	102030
20	-2093342400	14.7	102030
20	-2090750400	10.9	102030
20	-2088072000	5.9	102030
20	-2085480000	0.9	102030
20	-2082801600	0.5	102030
20	-2080123200	2	102030
20	-2077617600	3	102030
20	-2074939200	8.8	102030
20	-2072347200	12.4	102030
20	-2069668800	14.8	102030
20	-2067076800	18.3	102030
20	-2064398400	16.8	102030
20	-2061720000	13	102030
20	-2059128000	9.4	102030
20	-2056449600	5.6	102030
20	-2053857600	4.1	102030
20	-2051179200	0.6	102030
20	-2048500800	2.6	102030
20	-2046081600	4.9	102030
20	-2043403200	5.9	102030
20	-2040811200	12.3	102030
20	-2038132800	18	102030
20	-2035540800	18.6	102030
20	-2032862400	17	102030
20	-2030184000	13.7	102030
20	-2027592000	6.9	102030
20	-2024913600	3.9	102030
20	-2022321600	2.2	102030
20	-2019643200	2.6	102030
20	-2016964800	2.1	102030
20	-2014545600	3.2	102030
20	-2011867200	7.6	102030
20	-2009275200	13.4	102030
20	-2006596800	14.8	102030
20	-2004004800	17.6	102030
20	-2001326400	17.5	102030
20	-1998648000	14.8	102030
20	-1996056000	11.2	102030
20	-1993377600	8.2	102030
20	-1990785600	-0.2	102030
20	-1988107200	1.3	102030
20	-1985428800	0.1	102030
20	-1983009600	3.8	102030
20	-1980331200	7.1	102030
20	-1977739200	12.6	102030
20	-1975060800	14.5	102030
20	-1972468800	14.8	102030
20	-1969790400	15.8	102030
20	-1967112000	13.9	102030
20	-1964520000	11.8	102030
20	-1961841600	4.4	102030
20	-1959249600	2.9	102030
20	-1956571200	-0.4	102030
20	-1953892800	3.3	102030
20	-1951387200	3.2	102030
20	-1948708800	5.9	102030
20	-1946116800	12.8	102030
20	-1943438400	16.6	102030
20	-1940846400	17.5	102030
20	-1938168000	16	102030
20	-1935489600	13.8	102030
20	-1932897600	9.8	102030
20	-1930219200	3.6	102030
20	-1927627200	1.5	102030
20	-1924948800	0.2	102030
20	-1922270400	-0.1	102030
20	-1919851200	2.2	102030
20	-1917172800	7.7	102030
20	-1914580800	11.5	102030
20	-1911902400	14.1	102030
20	-1909310400	16	102030
20	-1906632000	16.6	102030
20	-1903953600	13.8	102030
20	-1901361600	11.5	102030
20	-1898683200	4.9	102030
20	-1896091200	2.8	102030
20	-1893412800	3.1	102030
20	-1890734400	3.7	102030
20	-1888315200	4.8	102030
20	-1885636800	8	102030
20	-1883044800	13.6	102030
20	-1880366400	18	102030
20	-1877774400	17.1	102030
20	-1875096000	17.5	102030
20	-1872417600	14.5	102030
20	-1869825600	10.3	102030
20	-1867147200	3.7	102030
20	-1864555200	4.7	102030
20	-1861876800	1.9	102030
20	-1859198400	3.4	102030
20	-1856779200	4.8	102030
20	-1854100800	7.5	102030
20	-1851508800	14.6	102030
20	-1848830400	16	102030
20	-1846238400	19.2	102030
20	-1843560000	20.3	102030
20	-1840881600	15.4	102030
20	-1838289600	9.7	102030
20	-1835611200	6.3	102030
20	-1833019200	4.9	102030
20	-1830340800	-0.7	102030
20	-1827662400	2.8	102030
20	-1825156800	7.2	102030
20	-1822478400	8.5	102030
20	-1819886400	12.1	102030
20	-1817208000	16.4	102030
20	-1814616000	20.1	102030
20	-1811937600	15.8	102030
20	-1809259200	11.6	102030
20	-1806667200	8.4	102030
20	-1803988800	5.6	102030
20	-1801396800	5.3	102030
20	-1798718400	1.1	102030
20	-1796040000	3	102030
20	-1793620800	6.2	102030
20	-1790942400	8.6	102030
20	-1788350400	13.2	102030
20	-1785672000	15.8	102030
20	-1783080000	15.7	102030
20	-1780401600	16.1	102030
20	-1777723200	14.4	102030
20	-1775131200	10.7	102030
20	-1772452800	8.1	102030
20	-1769860800	4.6	102030
20	-1767182400	0.5	102030
20	-1764504000	5.3	102030
20	-1762084800	5.2	102030
20	-1759406400	10	102030
20	-1756814400	11.8	102030
20	-1754136000	15.4	102030
20	-1751544000	19.5	102030
20	-1748865600	18.5	102030
20	-1746187200	14.4	102030
20	-1743595200	10.2	102030
20	-1740916800	5.3	102030
20	-1738324800	4.8	102030
20	-1735646400	2.2	102030
20	-1732968000	2.2	102030
20	-1730548800	3.1	102030
20	-1727870400	7.6	102030
20	-1725278400	11.9	102030
20	-1722600000	17	102030
20	-1720008000	17	102030
20	-1717329600	16.5	102030
20	-1714651200	14.1	102030
20	-1712059200	7.8	102030
20	-1709380800	3.5	102030
20	-1706788800	3.9	102030
20	-1704110400	5	102030
20	-1701432000	1.9	102030
20	-1698926400	3.1	102030
20	-1696248000	8.6	102030
20	-1693656000	13.1	102030
20	-1690977600	13.9	102030
20	-1688385600	16.5	102030
20	-1685707200	16.9	102030
20	-1683028800	13.7	102030
20	-1680436800	10	102030
20	-1677758400	6.1	102030
20	-1675166400	2.4	102030
20	-1672488000	-0.6	102030
20	-1669809600	-1.5	102030
20	-1667390400	0.8	102030
20	-1664712000	4.7	102030
20	-1662120000	13.6	102030
20	-1659441600	19.6	102030
20	-1656849600	17.9	102030
20	-1654171200	17.8	102030
20	-1651492800	15.3	102030
20	-1648900800	8.5	102030
20	-1646222400	7.4	102030
20	-1643630400	1	102030
20	-1640952000	2.1	102030
20	-1638273600	3	102030
20	-1635854400	4.3	102030
20	-1633176000	8.4	102030
20	-1630584000	14.1	102030
20	-1627905600	14.3	102030
20	-1625313600	17.4	102030
20	-1622635200	17.3	102030
20	-1619956800	13.6	102030
20	-1617364800	10.3	102030
20	-1614686400	5	102030
20	-1612094400	5.2	102030
20	-1609416000	1.6	102030
20	-1606737600	0.2	102030
20	-1604318400	3.3	102030
20	-1601640000	6.7	102030
20	-1599048000	12.9	102030
20	-1596369600	15.5	102030
20	-1593777600	15.2	102030
20	-1591099200	16.3	102030
20	-1588420800	14.9	102030
20	-1585828800	7.9	102030
20	-1583150400	1.6	102030
20	-1580558400	2	102030
20	-1577880000	3.7	102030
20	-1575201600	4.9	102030
20	-1572696000	7.2	102030
20	-1570017600	9.5	102030
20	-1567425600	13.8	102030
20	-1564747200	16.4	102030
20	-1562155200	17.8	102030
20	-1559476800	15.6	102030
20	-1556798400	14.2	102030
20	-1554206400	7.9	102030
20	-1551528000	3.2	102030
20	-1548936000	1.7	102030
20	-1546257600	5.5	102030
20	-1543579200	3.4	102030
20	-1541160000	6.8	102030
20	-1538481600	9.2	102030
20	-1535889600	13.9	102030
20	-1533211200	14.8	102030
20	-1530619200	18.4	102030
20	-1527940800	17.9	102030
20	-1525262400	14.5	102030
20	-1522670400	13	102030
20	-1519992000	1.6	102030
20	-1517400000	2.9	102030
20	-1514721600	-1.2	102030
20	-1512043200	0.2	102030
20	-1509624000	3.8	102030
20	-1506945600	6.2	102030
20	-1504353600	13.6	102030
20	-1501675200	15.4	102030
20	-1499083200	16.4	102030
20	-1496404800	16	102030
20	-1493726400	12.8	102030
20	-1491134400	6.7	102030
20	-1488456000	5	102030
20	-1485864000	4.9	102030
20	-1483185600	4	102030
20	-1480507200	1.2	102030
20	-1478088000	5.8	102030
20	-1475409600	7.1	102030
20	-1472817600	10.8	102030
20	-1470139200	12.1	102030
20	-1467547200	19.6	102030
20	-1464868800	16.2	102030
20	-1462190400	13.8	102030
20	-1459598400	11.2	102030
20	-1456920000	3.8	102030
20	-1454328000	-0.5	102030
20	-1451649600	-1	102030
20	-1448971200	-0.3	102030
20	-1446465600	2.1	102030
20	-1443787200	6.2	102030
20	-1441195200	13.4	102030
20	-1438516800	15.7	102030
20	-1435924800	17.8	102030
20	-1433246400	16	102030
20	-1430568000	15	102030
20	-1427976000	10.6	102030
20	-1425297600	5	102030
20	-1422705600	4.2	102030
20	-1420027200	4	102030
20	-1417348800	4.5	102030
20	-1414929600	3.3	102030
20	-1412251200	8.8	102030
20	-1409659200	14.6	102030
20	-1406980800	15.5	102030
20	-1404388800	19.8	102030
20	-1401710400	17.6	102030
20	-1399032000	13	102030
20	-1396440000	10.4	102030
20	-1393761600	3.7	102030
20	-1391169600	0.6	102030
20	-1388491200	1.1	102030
20	-1385812800	4.6	102030
20	-1383393600	5.4	102030
20	-1380715200	10	102030
20	-1378123200	11.1	102030
20	-1375444800	15.8	102030
20	-1372852800	18.7	102030
20	-1370174400	17.5	102030
20	-1367496000	15.7	102030
20	-1364904000	8.8	102030
20	-1362225600	7	102030
20	-1359633600	3.4	102030
20	-1356955200	3.7	102030
20	-1354276800	2.7	102030
20	-1351857600	6.9	102030
20	-1349179200	7.6	102030
20	-1346587200	10.8	102030
20	-1343908800	13.9	102030
20	-1341316800	18.2	102030
20	-1338638400	17.8	102030
20	-1335960000	14.7	102030
20	-1333368000	11	102030
20	-1330689600	3.6	102030
20	-1328097600	-1.6	102030
20	-1325419200	2.6	102030
20	-1322740800	3.9	102030
20	-1320235200	3.3	102030
20	-1317556800	8.3	102030
20	-1314964800	11.1	102030
20	-1312286400	14.5	102030
20	-1309694400	17.7	102030
20	-1307016000	16.8	102030
20	-1304337600	13.7	102030
20	-1301745600	10.3	102030
20	-1299067200	8.1	102030
20	-1296475200	2.2	102030
20	-1293796800	-1.6	102030
20	-1291118400	-6.9	102030
20	-1288699200	2.8	102030
20	-1286020800	5.1	102030
20	-1283428800	12.6	102030
20	-1280750400	14.5	102030
20	-1278158400	17.6	102030
20	-1275480000	17.5	102030
20	-1272801600	16.3	102030
20	-1270209600	11	102030
20	-1267531200	6.4	102030
20	-1264939200	4.7	102030
20	-1262260800	4.3	102030
20	-1259582400	1.1	102030
20	-1257163200	3.9	102030
20	-1254484800	8.9	102030
20	-1251892800	11.9	102030
20	-1249214400	18.5	102030
20	-1246622400	17.8	102030
20	-1243944000	17.6	102030
20	-1241265600	14.9	102030
20	-1238673600	10.8	102030
20	-1235995200	7.1	102030
20	-1233403200	2.2	102030
21	-4449470400	-3.4	102240
21	-4446792000	-2	102240
21	-4444372800	2.1	102240
21	-4441694400	8.1	102240
21	-4439102400	12.7	102240
21	-4436424000	15.4	102240
21	-4433832000	17.2	102240
21	-4431153600	15.8	102240
21	-4428475200	13	102240
21	-4425883200	8.2	102240
21	-4423204800	1.5	102240
21	-4420612800	-6.3	102240
21	-4417934400	-5.1	102240
21	-4415256000	-3	102240
21	-4412836800	5.4	102240
21	-4410158400	9.9	102240
21	-4407566400	13.1	102240
21	-4404888000	14.7	102240
21	-4402296000	18.4	102240
21	-4399617600	16.2	102240
21	-4396939200	13.4	102240
21	-4394347200	10.4	102240
21	-4391668800	6.7	102240
21	-4389076800	-0.1	102240
21	-4386398400	-2.6	102240
21	-4383720000	2.1	102240
21	-4381300800	5	102240
21	-4378622400	12	102240
21	-4376030400	13	102240
21	-4373352000	15.9	102240
21	-4370760000	19.3	102240
21	-4368081600	18.5	102240
21	-4365403200	13.4	102240
21	-4362811200	13.2	102240
21	-4360132800	4.7	102240
21	-4357540800	4.2	102240
21	-4354862400	-0.4	102240
21	-4352184000	1.3	102240
21	-4349678400	4.3	102240
21	-4.347e+09	9.8	102240
21	-4344408000	11.9	102240
21	-4341729600	17.1	102240
21	-4339137600	16	102240
21	-4336459200	17.7	102240
21	-4333780800	13.4	102240
21	-4331188800	10.5	102240
21	-4328510400	2.8	102240
21	-4325918400	2.7	102240
21	-4323240000	-2.6	102240
21	-4320561600	4.2	102240
21	-4318142400	2.5	102240
21	-4315464000	7	102240
21	-4312872000	17.2	102240
21	-4310193600	18	102240
21	-4307601600	17.3	102240
21	-4304923200	14.4	102240
21	-4302244800	13.9	102240
21	-4299652800	9.4	102240
21	-4296974400	5.1	102240
21	-4294382400	5.5	102240
21	-4291704000	4.8	102240
21	-4289025600	2.3	102240
21	-4286606400	5.5	102240
21	-4283928000	7.8	102240
21	-4281336000	15.7	102240
21	-4278657600	17.7	102240
21	-4276065600	22.5	102240
21	-4273387200	20.3	102240
21	-4270708800	16.3	102240
21	-4268116800	10.4	102240
21	-4265438400	4.7	102240
21	-4262846400	3.6	102240
21	-4260168000	1.3	102240
21	-4257489600	3.8	102240
21	-4255070400	4.9	102240
21	-4252392000	8	102240
21	-4249800000	11.5	102240
21	-4247121600	17.5	102240
21	-4244529600	19	102240
21	-4241851200	17.8	102240
21	-4239172800	15.5	102240
21	-4236580800	8.7	102240
21	-4233902400	3.1	102240
21	-4231310400	1.2	102240
21	-4228632000	0.8	102240
21	-4225953600	2.1	102240
21	-4223448000	7	102240
21	-4220769600	8	102240
21	-4218177600	11.9	102240
21	-4215499200	16.9	102240
21	-4212907200	17.4	102240
21	-4210228800	15.6	102240
21	-4207550400	13	102240
21	-4204958400	10.4	102240
21	-4202280000	4.1	102240
21	-4199688000	3.3	102240
21	-4197009600	1.3	102240
21	-4194331200	2.1	102240
21	-4191912000	1.2	102240
21	-4189233600	5.6	102240
21	-4186641600	10.7	102240
21	-4183963200	15.8	102240
21	-4181371200	16.8	102240
21	-4178692800	18.6	102240
21	-4176014400	13.4	102240
21	-4173422400	10.7	102240
21	-4170744000	4.2	102240
21	-4168152000	1.9	102240
21	-4165473600	-8	102240
21	-4162795200	-3.4	102240
21	-4160376000	3.2	102240
21	-4157697600	5.7	102240
21	-4155105600	13.3	102240
21	-4152427200	16.5	102240
21	-4149835200	17.9	102240
21	-4147156800	15.8	102240
21	-4144478400	15.4	102240
21	-4141886400	9.8	102240
21	-4139208000	2.3	102240
21	-4136616000	1.3	102240
21	-4133937600	0.4	102240
21	-4131259200	1.7	102240
21	-4128840000	0.8	102240
21	-4126161600	5.5	102240
21	-4123569600	13.4	102240
21	-4120891200	17.1	102240
21	-4118299200	18.3	102240
21	-4115620800	16.1	102240
21	-4112942400	15	102240
21	-4110350400	10	102240
21	-4107672000	5.9	102240
21	-4105080000	1.7	102240
25	-3692088000	3.7	103130
25	-3689409600	-0.6	103130
25	-3686990400	0.7	103130
25	-3684312000	6.6	103130
25	-3681720000	12	103130
25	-3679041600	16.3	103130
25	-3676449600	17.7	103130
25	-3673771200	15.5	103130
25	-3671092800	13.8	103130
25	-3668500800	9.1	103130
25	-3665822400	3.1	103130
25	-3663230400	-3.1	103130
25	-3660552000	2	103130
25	-3657873600	1.3	103130
25	-3655454400	5.3	103130
25	-3652776000	8.8	103130
25	-3650184000	12.3	103130
25	-3647505600	15.2	103130
25	-3644913600	18.2	103130
25	-3642235200	16.5	103130
25	-3639556800	13.8	103130
25	-3636964800	9.4	103130
25	-3634286400	3.1	103130
25	-3631694400	3.7	103130
25	-3629016000	-2.1	103130
25	-3626337600	-5.6	103130
25	-3623918400	1.8	103130
25	-3621240000	6.6	103130
25	-3618648000	10.5	103130
25	-3615969600	12.7	103130
25	-3613377600	16.9	103130
25	-3610699200	17.5	103130
25	-3608020800	12.7	103130
25	-3605428800	11.1	103130
25	-3602750400	2.3	103130
25	-3600158400	-1	103130
25	-3597480000	2.4	103130
25	-3594801600	4	103130
25	-3592296000	3	103130
25	-3589617600	8.7	103130
25	-3587025600	11.1	103130
25	-3584347200	15.5	103130
25	-3581755200	15.3	103130
25	-3579076800	17.4	103130
25	-3576398400	13.4	103130
25	-3573806400	10.6	103130
25	-3571128000	2.4	103130
25	-3568536000	3.7	103130
25	-3565857600	0.1	103130
25	-3563179200	2.4	103130
25	-3560760000	3.9	103130
25	-3558081600	7.9	103130
25	-3555489600	13.4	103130
25	-3552811200	17.1	103130
25	-3550219200	18.2	103130
25	-3547540800	20.3	103130
25	-3544862400	15.5	103130
25	-3542270400	11.6	103130
25	-3539592000	5.5	103130
25	-3.537e+09	4.6	103130
25	-3534321600	-0.1	103130
25	-3531643200	-1	103130
25	-3529224000	2.3	103130
25	-3526545600	8	103130
25	-3523953600	11.6	103130
25	-3521275200	20.3	103130
25	-3518683200	17	103130
25	-3516004800	18.2	103130
25	-3513326400	16.8	103130
25	-3510734400	9.8	103130
25	-3508056000	0.6	103130
25	-3505464000	2.7	103130
25	-3502785600	3.1	103130
25	-3500107200	5.2	103130
25	-3497688000	7.7	103130
25	-3495009600	8	103130
25	-3492417600	13.9	103130
25	-3489739200	18.1	103130
25	-3487147200	20.3	103130
25	-3484468800	18.5	103130
25	-3481790400	14.4	103130
25	-3479198400	11.1	103130
25	-3476520000	4.3	103130
25	-3473928000	0.4	103130
25	-3471249600	3.6	103130
25	-3468571200	0.1	103130
25	-3466065600	3.4	103130
25	-3463387200	7.4	103130
25	-3460795200	13.3	103130
25	-3458116800	15.7	103130
25	-3455524800	16.1	103130
25	-3452846400	15.6	103130
25	-3450168000	13.3	103130
25	-3447576000	9.8	103130
25	-3444897600	2.9	103130
25	-3442305600	0.5	103130
25	-3439627200	-3.3	103130
25	-3436948800	5.3	103130
25	-3434529600	6.7	103130
25	-3431851200	7	103130
25	-3429259200	11.3	103130
25	-3426580800	18	103130
25	-3423988800	17.8	103130
25	-3421310400	18	103130
25	-3418632000	14.5	103130
25	-3416040000	11	103130
25	-3413361600	5.2	103130
25	-3410769600	3	103130
25	-3408091200	0.8	103130
25	-3405412800	2.5	103130
25	-3402993600	7.4	103130
25	-3400315200	10.4	103130
25	-3397723200	15.3	103130
25	-3395044800	14.8	103130
25	-3392452800	15.6	103130
25	-3389774400	16.2	103130
25	-3387096000	14.3	103130
25	-3384504000	11.4	103130
25	-3381825600	5	103130
25	-3379233600	4.1	103130
25	-3376555200	4.8	103130
25	-3373876800	4.3	103130
25	-3371457600	6	103130
25	-3368779200	8.9	103130
25	-3366187200	12.2	103130
25	-3363508800	15.5	103130
25	-3360916800	15.5	103130
25	-3358238400	17.5	103130
25	-3355560000	13.2	103130
25	-3352968000	11.9	103130
25	-3350289600	5.3	103130
25	-3347697600	4.8	103130
25	-3345019200	-1.5	103130
25	-3342340800	0.8	103130
25	-3339835200	5.5	103130
25	-3337156800	7.3	103130
25	-3334564800	11.3	103130
25	-3331886400	15.1	103130
25	-3329294400	16.4	103130
25	-3326616000	14.1	103130
25	-3323937600	13.7	103130
25	-3321345600	8.8	103130
25	-3318667200	3.7	103130
25	-3316075200	-0.4	103130
25	-3313396800	1.5	103130
25	-3310718400	-2	103130
25	-3308299200	0.5	103130
25	-3305620800	11.5	103130
25	-3303028800	16.3	103130
25	-3300350400	14.6	103130
25	-3297758400	19.3	103130
25	-3295080000	16.3	103130
25	-3292401600	17.2	103130
25	-3289809600	11	103130
25	-3287131200	7.3	103130
25	-3284539200	2.3	103130
25	-3281860800	5.4	103130
25	-3279182400	5	103130
25	-3276763200	4.2	103130
25	-3274084800	9.7	103130
25	-3271492800	10.3	103130
25	-3268814400	18.5	103130
25	-3266222400	16	103130
25	-3263544000	15.7	103130
25	-3260865600	15	103130
25	-3258273600	8.8	103130
25	-3255595200	6.2	103130
25	-3253003200	4.3	103130
25	-3250324800	1.2	103130
25	-3247646400	6.4	103130
25	-3245227200	2.9	103130
25	-3242548800	9	103130
25	-3239956800	12.3	103130
25	-3237278400	15.7	103130
25	-3234686400	15	103130
25	-3232008000	18.2	103130
25	-3229329600	15.4	103130
25	-3226737600	9.2	103130
25	-3224059200	5.2	103130
25	-3221467200	1	103130
25	-3218788800	1	103130
25	-3216110400	5.6	103130
25	-3213604800	5.8	103130
25	-3210926400	9.9	103130
25	-3208334400	17	103130
25	-3205656000	17.5	103130
25	-3203064000	20	103130
25	-3200385600	19.4	103130
25	-3197707200	16.1	103130
25	-3195115200	9.4	103130
25	-3192436800	4.9	103130
25	-3189844800	7.1	103130
25	-3187166400	2.1	103130
25	-3184488000	6.8	103130
25	-3182068800	2.9	103130
25	-3179390400	11.5	103130
25	-3176798400	12.6	103130
25	-3174120000	13.1	103130
25	-3171528000	18.7	103130
25	-3168849600	15.5	103130
25	-3166171200	14.8	103130
25	-3163579200	8.7	103130
25	-3160900800	5	103130
25	-3158308800	2	103130
25	-3155630400	2.4	103130
25	-3152952000	-0.7	103130
25	-3150532800	3.7	103130
25	-3147854400	9.5	103130
25	-3145262400	12.5	103130
25	-3142584000	15.2	103130
25	-3139992000	18.6	103130
25	-3137313600	16.4	103130
25	-3134635200	12.8	103130
25	-3132043200	9.3	103130
25	-3129364800	5.7	103130
25	-3126772800	-2	103130
25	-3124094400	-1.6	103130
25	-3121416000	2.4	103130
25	-3118996800	7	103130
25	-3116318400	8.2	103130
25	-3113726400	10.4	103130
25	-3111048000	14	103130
25	-3108456000	17.6	103130
25	-3105777600	17.6	103130
25	-3103099200	15	103130
25	-3100507200	7.9	103130
25	-3097828800	2.3	103130
25	-3095236800	-0.7	103130
25	-3092558400	3.9	103130
25	-3089880000	5.5	103130
25	-3087374400	6.8	103130
25	-3084696000	10.1	103130
25	-3082104000	12.8	103130
25	-3079425600	16.6	103130
25	-3076833600	19.3	103130
25	-3074155200	16.4	103130
25	-3071476800	15.1	103130
25	-3068884800	10.2	103130
25	-3066206400	7.5	103130
25	-3063614400	5.4	103130
25	-3060936000	4.8	103130
25	-3058257600	1.2	103130
25	-3055838400	6.2	103130
25	-3053160000	8.2	103130
25	-3050568000	10.5	103130
25	-3047889600	17.4	103130
25	-3045297600	19.3	103130
25	-3042619200	17.6	103130
25	-3039940800	13.2	103130
25	-3037348800	10.1	103130
25	-3034670400	5.9	103130
25	-3032078400	3.2	103130
25	-3029400000	4.1	103130
25	-3026721600	2.5	103130
25	-3024302400	5.7	103130
25	-3021624000	10.4	103130
25	-3019032000	10.4	103130
25	-3016353600	15.9	103130
25	-3013761600	19.4	103130
25	-3011083200	15.2	103130
25	-3008404800	15.5	103130
25	-3005812800	10.9	103130
25	-3003134400	3.7	103130
25	-3000542400	0.2	103130
25	-2997864000	4.3	103130
25	-2995185600	-1.1	103130
25	-2992766400	2.7	103130
25	-2990088000	8	103130
25	-2987496000	13.8	103130
25	-2984817600	17.3	103130
25	-2982225600	18.2	103130
25	-2979547200	19.4	103130
25	-2976868800	14.8	103130
25	-2974276800	7.9	103130
25	-2971598400	4	103130
25	-2969006400	1.3	103130
25	-2966328000	-0.6	103130
25	-2963649600	2.9	103130
25	-2961144000	4.8	103130
25	-2958465600	9.3	103130
25	-2955873600	9.7	103130
25	-2953195200	17.1	103130
25	-2950603200	18.7	103130
25	-2947924800	18.5	103130
25	-2945246400	13.2	103130
25	-2942654400	12.1	103130
25	-2939976000	4.3	103130
25	-2937384000	5.1	103130
25	-2934705600	5	103130
25	-2932027200	4.8	103130
25	-2929608000	3.3	103130
25	-2926929600	7.6	103130
25	-2924337600	10.6	103130
25	-2921659200	18.5	103130
25	-2919067200	17	103130
25	-2916388800	17.5	103130
25	-2913710400	11.1	103130
25	-2911118400	8.4	103130
25	-2908440000	7.4	103130
25	-2905848000	2.1	103130
25	-2903169600	1.7	103130
25	-2900491200	4.1	103130
25	-2898072000	4.6	103130
25	-2895393600	10.1	103130
25	-2892801600	13.4	103130
25	-2890123200	16.1	103130
25	-2887531200	16.4	103130
25	-2884852800	17.1	103130
25	-2882174400	14	103130
25	-2879582400	9.5	103130
25	-2876904000	4	103130
25	-2874312000	0.7	103130
25	-2871633600	-2.1	103130
25	-2868955200	1	103130
25	-2866536000	3.1	103130
25	-2863857600	6.6	103130
25	-2861265600	10.1	103130
25	-2858587200	15.8	103130
25	-2855995200	15.2	103130
25	-2853316800	16.9	103130
25	-2850638400	13.9	103130
25	-2848046400	9	103130
25	-2845368000	2.5	103130
25	-2842776000	-4.9	103130
25	-2840097600	-1.8	103130
25	-2837419200	2.8	103130
25	-2834913600	5.2	103130
25	-2832235200	9.3	103130
25	-2829643200	11.6	103130
25	-2826964800	15.4	103130
25	-2824372800	17.4	103130
25	-2821694400	17.5	103130
25	-2819016000	14.9	103130
25	-2816424000	8.2	103130
25	-2813745600	4.3	103130
25	-2811153600	5	103130
25	-2808475200	-4.6	103130
25	-2805796800	1.2	103130
25	-2803377600	3.5	103130
25	-2800699200	6.3	103130
25	-2798107200	12.7	103130
25	-2795428800	15.3	103130
25	-2792836800	18.8	103130
25	-2790158400	15.5	103130
25	-2787480000	12.7	103130
25	-2784888000	5.5	103130
25	-2782209600	7.3	103130
25	-2779617600	1.8	103130
25	-2776939200	1.5	103130
25	-2774260800	3.1	103130
25	-2771841600	6.8	103130
25	-2769163200	8.6	103130
25	-2766571200	12.6	103130
25	-2763892800	14.9	103130
25	-2761300800	17.2	103130
25	-2758622400	15.3	103130
25	-2755944000	13.5	103130
25	-2753352000	9.3	103130
25	-2750673600	4.7	103130
25	-2748081600	2.1	103130
25	-2745403200	1.4	103130
25	-2742724800	4.4	103130
25	-2740305600	-0.3	103130
25	-2737627200	7.3	103130
25	-2735035200	13.2	103130
25	-2732356800	16.7	103130
25	-2729764800	16.6	103130
25	-2727086400	16	103130
25	-2724408000	13.3	103130
25	-2721816000	9.3	103130
25	-2719137600	5.3	103130
25	-2716545600	2.3	103130
25	-2713867200	4.4	103130
25	-2711188800	4.1	103130
25	-2708683200	5.6	103130
25	-2706004800	6.8	103130
25	-2703412800	12.9	103130
25	-2700734400	13.5	103130
25	-2698142400	18.2	103130
25	-2695464000	17.7	103130
25	-2692785600	14.8	103130
25	-2690193600	8.3	103130
25	-2687515200	2.7	103130
25	-2684923200	2.8	103130
25	-2682244800	-1.1	103130
25	-2679566400	5.1	103130
25	-2677147200	3.2	103130
25	-2674468800	9.5	103130
25	-2671876800	9.9	103130
25	-2669198400	16.6	103130
25	-2666606400	17.4	103130
25	-2663928000	14.1	103130
25	-2661249600	12.4	103130
25	-2658657600	7.9	103130
25	-2655979200	3	103130
25	-2653387200	0.7	103130
25	-2650708800	0.5	103130
25	-2648030400	-2.1	103130
25	-2645611200	2.5	103130
25	-2642932800	8.5	103130
25	-2640340800	13.3	103130
25	-2637662400	14.6	103130
25	-2635070400	16.9	103130
25	-2632392000	16.7	103130
25	-2629713600	14.8	103130
25	-2627121600	10.1	103130
25	-2624443200	6.6	103130
25	-2621851200	1.6	103130
25	-2619172800	-1.2	103130
25	-2616494400	0.9	103130
25	-2614075200	1.7	103130
25	-2611396800	7.3	103130
25	-2608804800	10.4	103130
25	-2606126400	15	103130
25	-2603534400	18.2	103130
25	-2600856000	15.2	103130
25	-2598177600	12.2	103130
25	-2595585600	6	103130
25	-2592907200	4	103130
25	-2590315200	0.9	103130
25	-2587636800	-0.5	103130
25	-2584958400	-2.4	103130
25	-2582452800	1.7	103130
25	-2579774400	5.9	103130
25	-2577182400	11.7	103130
25	-2574504000	15.9	103130
25	-2571912000	14.6	103130
25	-2569233600	14.8	103130
25	-2566555200	12.2	103130
25	-2563963200	7	103130
25	-2561284800	4.9	103130
25	-2558692800	1.7	103130
25	-2556014400	-1.3	103130
25	-2553336000	-1	103130
25	-2550916800	2	103130
25	-2548238400	7.9	103130
25	-2545646400	16.4	103130
25	-2542968000	19.2	103130
25	-2540376000	15.6	103130
25	-2537697600	14.9	103130
25	-2535019200	11.5	103130
25	-2532427200	8.6	103130
25	-2529748800	2.7	103130
25	-2527156800	-0.1	103130
25	-2524478400	3.7	103130
25	-2521800000	-0.9	103130
25	-2519380800	5.6	103130
25	-2516702400	6.7	103130
25	-2514110400	13.8	103130
25	-2511432000	14.3	103130
25	-2508840000	15.5	103130
25	-2506161600	16	103130
25	-2503483200	14.2	103130
25	-2500891200	8.1	103130
25	-2498212800	3.6	103130
25	-2495620800	-6.2	103130
25	-2492942400	-3.2	103130
25	-2490264000	0.7	103130
25	-2487844800	3.1	103130
25	-2485166400	5.8	103130
25	-2482574400	12.8	103130
25	-2479896000	15.2	103130
25	-2477304000	16	103130
25	-2474625600	15.1	103130
25	-2471947200	14.2	103130
25	-2469355200	10.1	103130
25	-2466676800	3.5	103130
25	-2464084800	2.8	103130
25	-2461406400	-0.2	103130
25	-2458728000	1.5	103130
25	-2456222400	0.8	103130
25	-2453544000	7	103130
25	-2450952000	13.2	103130
25	-2448273600	14.6	103130
25	-2445681600	15.9	103130
25	-2443003200	17.2	103130
25	-2440324800	13.7	103130
25	-2437732800	8	103130
25	-2435054400	4.9	103130
25	-2432462400	-0.4	103130
25	-2429784000	-4.2	103130
25	-2427105600	3.3	103130
25	-2424686400	5.4	103130
25	-2422008000	9.4	103130
25	-2419416000	13.5	103130
25	-2416737600	16	103130
25	-2414145600	17.3	103130
25	-2411467200	17.4	103130
25	-2408788800	12.4	103130
25	-2406196800	10.3	103130
25	-2403518400	2.6	103130
25	-2400926400	2.2	103130
25	-2398248000	0.2	103130
25	-2395569600	3	103130
25	-2393150400	5.9	103130
25	-2390472000	11.1	103130
25	-2387880000	12	103130
25	-2385201600	14.7	103130
25	-2382609600	17.9	103130
25	-2379931200	15.2	103130
25	-2377252800	11.4	103130
25	-2374660800	8.2	103130
25	-2371982400	5.6	103130
25	-2369390400	2.7	103130
25	-2366712000	-2.5	103130
25	-2364033600	-5	103130
25	-2361614400	3	103130
25	-2358936000	9.4	103130
25	-2356344000	12.9	103130
25	-2353665600	16.3	103130
25	-2351073600	16.7	103130
25	-2348395200	16.5	103130
25	-2345716800	15	103130
25	-2343124800	7.3	103130
25	-2340446400	5.1	103130
25	-2337854400	1	103130
25	-2335176000	1.2	103130
25	-2332497600	1.3	103130
25	-2329992000	6.2	103130
25	-2327313600	7.3	103130
25	-2324721600	11.7	103130
25	-2322043200	17.2	103130
25	-2319451200	17	103130
25	-2316772800	14.6	103130
25	-2314094400	13.3	103130
25	-2311502400	8.8	103130
25	-2308824000	1.8	103130
25	-2306232000	1.5	103130
25	-2303553600	-2	103130
25	-2300875200	2.4	103130
25	-2298456000	6.1	103130
25	-2295777600	7.7	103130
25	-2293185600	11.6	103130
25	-2290507200	17.7	103130
25	-2287915200	16.6	103130
25	-2285236800	17.4	103130
25	-2282558400	12.7	103130
25	-2279966400	8.5	103130
25	-2277288000	4.3	103130
25	-2274696000	3.2	103130
25	-2272017600	4.5	103130
25	-2269339200	2.7	103130
25	-2266920000	3.3	103130
25	-2264241600	8.2	103130
25	-2261649600	11.5	103130
25	-2258971200	15.2	103130
25	-2256379200	14.4	103130
25	-2253700800	18.2	103130
25	-2251022400	14.4	103130
25	-2248430400	10	103130
25	-2245752000	5.7	103130
25	-2243160000	5.3	103130
25	-2240481600	3.7	103130
25	-2237803200	3.6	103130
25	-2235384000	4.2	103130
25	-2232705600	8.1	103130
25	-2230113600	11.4	103130
25	-2227435200	16.1	103130
25	-2224843200	18	103130
25	-2222164800	17.8	103130
25	-2219486400	13.1	103130
25	-2216894400	8.2	103130
25	-2214216000	8.4	103130
25	-2211624000	-1.6	103130
25	-2208945600	2.4	103130
25	-2206267200	2	103130
25	-2203848000	2.6	103130
25	-2201169600	7.4	103130
25	-2198577600	11.6	103130
25	-2195899200	16.3	103130
25	-2193307200	19.1	103130
25	-2190628800	16.4	103130
25	-2187950400	13.5	103130
25	-2185358400	9.3	103130
25	-2182680000	5.7	103130
25	-2180088000	4.2	103130
25	-2177409600	-2.1	103130
25	-2174731200	-2	103130
25	-2172312000	3	103130
25	-2169633600	9	103130
25	-2167041600	13.2	103130
25	-2164363200	15.6	103130
25	-2161771200	19	103130
25	-2159092800	16.7	103130
25	-2156414400	14.1	103130
25	-2153822400	9.8	103130
25	-2151144000	4.3	103130
25	-2148552000	2.2	103130
25	-2145873600	3.9	103130
25	-2143195200	-0.6	103130
25	-2140776000	4.7	103130
25	-2138097600	8.7	103130
25	-2135505600	9.1	103130
25	-2132827200	16.2	103130
25	-2130235200	15.6	103130
25	-2127556800	14.6	103130
25	-2124878400	12.5	103130
25	-2122286400	7.6	103130
25	-2119608000	3.4	103130
25	-2117016000	-0.5	103130
25	-2114337600	2.4	103130
25	-2111659200	5.2	103130
25	-2109240000	7.1	103130
25	-2106561600	4.9	103130
25	-2103969600	13.1	103130
25	-2101291200	15.2	103130
25	-2098699200	16.3	103130
25	-2096020800	15.1	103130
25	-2093342400	14.1	103130
25	-2090750400	10.5	103130
25	-2088072000	5.2	103130
25	-2085480000	0.6	103130
25	-2082801600	0.1	103130
25	-2080123200	2.3	103130
25	-2077617600	3.4	103130
25	-2074939200	9.6	103130
25	-2072347200	12.8	103130
25	-2069668800	15.2	103130
25	-2067076800	19.2	103130
25	-2064398400	16.6	103130
25	-2061720000	12.5	103130
25	-2059128000	9.2	103130
25	-2056449600	4.6	103130
25	-2053857600	4	103130
25	-2051179200	0.7	103130
25	-2048500800	3	103130
25	-2046081600	5.9	103130
25	-2043403200	6.5	103130
25	-2040811200	13.1	103130
25	-2038132800	17.8	103130
25	-2035540800	18.8	103130
25	-2032862400	16.8	103130
25	-2030184000	13.1	103130
25	-2027592000	5.6	103130
25	-2024913600	4	103130
25	-2022321600	2.2	103130
25	-2019643200	3.2	103130
25	-2016964800	2.2	103130
25	-2014545600	3.7	103130
25	-2011867200	8.7	103130
25	-2009275200	13.6	103130
25	-2006596800	15.5	103130
25	-2004004800	17.9	103130
25	-2001326400	17	103130
25	-1998648000	13.2	103130
25	-1996056000	11.3	103130
25	-1993377600	7.7	103130
25	-1990785600	-0.7	103130
25	-1988107200	1.5	103130
25	-1985428800	0.1	103130
25	-1983009600	4.5	103130
25	-1980331200	7.7	103130
25	-1977739200	13.4	103130
25	-1975060800	14.5	103130
25	-1972468800	14.4	103130
25	-1969790400	15.6	103130
25	-1967112000	14	103130
25	-1964520000	12	103130
25	-1961841600	5.4	103130
25	-1959249600	3.1	103130
25	-1956571200	-0.8	103130
25	-1953892800	3.2	103130
25	-1951387200	3.6	103130
25	-1948708800	6.2	103130
25	-1946116800	13.6	103130
25	-1943438400	17.3	103130
25	-1940846400	17.7	103130
25	-1938168000	15.1	103130
25	-1935489600	13.1	103130
25	-1932897600	9.9	103130
25	-1930219200	3.9	103130
25	-1927627200	1.1	103130
25	-1924948800	0.5	103130
25	-1922270400	-0.1	103130
25	-1919851200	3	103130
25	-1917172800	9	103130
25	-1914580800	12.3	103130
25	-1911902400	14	103130
25	-1909310400	15	103130
25	-1906632000	16.5	103130
25	-1903953600	13.2	103130
25	-1901361600	10.9	103130
25	-1898683200	3.5	103130
25	-1896091200	3.2	103130
25	-1893412800	3.3	103130
25	-1890734400	4.3	103130
25	-1888315200	5.3	103130
25	-1885636800	8.2	103130
25	-1883044800	13.4	103130
25	-1880366400	17.1	103130
25	-1877774400	15.8	103130
25	-1875096000	16.5	103130
25	-1872417600	13.2	103130
25	-1869825600	10.6	103130
25	-1867147200	3.2	103130
25	-1864555200	4.8	103130
25	-1861876800	1	103130
25	-1859198400	3.3	103130
25	-1856779200	5.4	103130
25	-1854100800	8	103130
25	-1851508800	14.5	103130
25	-1848830400	15.5	103130
25	-1846238400	19.8	103130
25	-1843560000	20.5	103130
25	-1840881600	15	103130
25	-1838289600	9.2	103130
25	-1835611200	6	103130
25	-1833019200	5.1	103130
25	-1830340800	0.9	103130
25	-1827662400	4.5	103130
25	-1825156800	7.3	103130
25	-1822478400	8.8	103130
25	-1819886400	12.7	103130
25	-1817208000	16	103130
25	-1814616000	19.3	103130
25	-1811937600	14.3	103130
25	-1809259200	10.5	103130
25	-1806667200	7.9	103130
25	-1803988800	4.7	103130
25	-1801396800	5.3	103130
25	-1798718400	2.1	103130
25	-1796040000	3.4	103130
25	-1793620800	7.4	103130
25	-1790942400	9.2	103130
25	-1788350400	13.3	103130
25	-1785672000	15	103130
25	-1783080000	15.2	103130
25	-1780401600	15.5	103130
25	-1777723200	13.6	103130
25	-1775131200	10.9	103130
25	-1772452800	8.2	103130
25	-1769860800	3.3	103130
25	-1767182400	-0.9	103130
25	-1764504000	5.8	103130
25	-1762084800	5.9	103130
25	-1759406400	11.2	103130
25	-1756814400	11.8	103130
25	-1754136000	15.1	103130
25	-1751544000	18.6	103130
25	-1748865600	18.1	103130
25	-1746187200	13.5	103130
25	-1743595200	9.9	103130
25	-1740916800	4.9	103130
25	-1738324800	5.3	103130
25	-1735646400	2.2	103130
25	-1732968000	2.9	103130
25	-1730548800	3.4	103130
25	-1727870400	7.9	103130
25	-1725278400	13.9	103130
25	-1722600000	17.8	103130
25	-1720008000	16.3	103130
25	-1717329600	15.8	103130
25	-1714651200	13.4	103130
25	-1712059200	7.8	103130
25	-1709380800	2.9	103130
25	-1706788800	5.2	103130
25	-1704110400	5.2	103130
25	-1701432000	2.5	103130
25	-1698926400	4.7	103130
25	-1696248000	9.3	103130
25	-1693656000	14.1	103130
25	-1690977600	12.9	103130
25	-1688385600	16.4	103130
25	-1685707200	16.7	103130
25	-1683028800	13.1	103130
25	-1680436800	10.1	103130
25	-1677758400	5.9	103130
25	-1675166400	2.9	103130
25	-1672488000	-1.6	103130
25	-1669809600	-1.5	103130
25	-1667390400	1.5	103130
25	-1664712000	4.8	103130
25	-1662120000	16.3	103130
25	-1659441600	19.5	103130
25	-1656849600	17.9	103130
25	-1654171200	17.1	103130
25	-1651492800	14.7	103130
25	-1648900800	7.6	103130
25	-1646222400	6.8	103130
25	-1643630400	-0.5	103130
25	-1640952000	2.9	103130
25	-1638273600	3.9	103130
25	-1635854400	5.5	103130
25	-1633176000	9.3	103130
25	-1630584000	15.4	103130
25	-1627905600	13.5	103130
25	-1625313600	16.8	103130
25	-1622635200	16.2	103130
25	-1619956800	13.1	103130
25	-1617364800	9.3	103130
25	-1614686400	4.3	103130
25	-1612094400	6	103130
25	-1609416000	2.1	103130
25	-1606737600	0.9	103130
25	-1604318400	4.1	103130
25	-1601640000	6.7	103130
25	-1599048000	13.9	103130
25	-1596369600	15.7	103130
25	-1593777600	14.8	103130
25	-1591099200	16.5	103130
25	-1588420800	15.2	103130
25	-1585828800	6.9	103130
25	-1583150400	1.4	103130
25	-1580558400	2.5	103130
25	-1577880000	3.9	103130
25	-1575201600	5.4	103130
25	-1572696000	7.8	103130
25	-1570017600	9.9	103130
25	-1567425600	14.1	103130
25	-1564747200	16.3	103130
25	-1562155200	17.6	103130
25	-1559476800	15.1	103130
25	-1556798400	13.3	103130
25	-1554206400	8.3	103130
25	-1551528000	3.3	103130
25	-1548936000	2.1	103130
25	-1546257600	5.9	103130
25	-1543579200	2.9	103130
25	-1541160000	7	103130
25	-1538481600	9.2	103130
25	-1535889600	14.6	103130
25	-1533211200	15.1	103130
25	-1530619200	19.2	103130
25	-1527940800	17.5	103130
25	-1525262400	14.4	103130
25	-1522670400	12.5	103130
25	-1519992000	1.2	103130
25	-1517400000	2.3	103130
25	-1514721600	-0.5	103130
25	-1512043200	0.9	103130
25	-1509624000	4.5	103130
25	-1506945600	6.2	103130
25	-1504353600	14.8	103130
25	-1501675200	16.1	103130
25	-1499083200	16	103130
25	-1496404800	15.9	103130
25	-1493726400	12.2	103130
25	-1491134400	5.9	103130
25	-1488456000	4.2	103130
25	-1485864000	4.3	103130
25	-1483185600	3.7	103130
25	-1480507200	2.6	103130
25	-1478088000	6.7	103130
25	-1475409600	8.1	103130
25	-1472817600	11.3	103130
25	-1470139200	11.7	103130
25	-1467547200	19.3	103130
25	-1464868800	16	103130
25	-1462190400	13.4	103130
25	-1459598400	10.9	103130
25	-1456920000	3.4	103130
25	-1454328000	-0.3	103130
25	-1451649600	-0.4	103130
25	-1448971200	-0.6	103130
25	-1446465600	3.2	103130
25	-1443787200	6.9	103130
25	-1441195200	14.7	103130
25	-1438516800	15.8	103130
25	-1435924800	16.9	103130
25	-1433246400	14.7	103130
25	-1430568000	14.2	103130
25	-1427976000	10.3	103130
25	-1425297600	4.6	103130
25	-1422705600	3.7	103130
25	-1420027200	3.9	103130
25	-1417348800	5.1	103130
25	-1414929600	3.1	103130
25	-1412251200	8.9	103130
25	-1409659200	14.7	103130
25	-1406980800	15.7	103130
25	-1404388800	18.9	103130
25	-1401710400	17.2	103130
25	-1399032000	11.5	103130
25	-1396440000	9.7	103130
25	-1393761600	2.9	103130
25	-1391169600	0.9	103130
25	-1388491200	1.8	103130
25	-1385812800	6.3	103130
25	-1383393600	5.6	103130
25	-1380715200	10.8	103130
25	-1378123200	11	103130
25	-1375444800	14.5	103130
25	-1372852800	18.4	103130
25	-1370174400	16.7	103130
25	-1367496000	15.6	103130
25	-1364904000	8.2	103130
25	-1362225600	7.1	103130
25	-1359633600	2.1	103130
25	-1356955200	3.4	103130
25	-1354276800	2.8	103130
25	-1351857600	7	103130
25	-1349179200	7.9	103130
25	-1346587200	12	103130
25	-1343908800	14	103130
25	-1341316800	17.9	103130
25	-1338638400	17.3	103130
25	-1335960000	14.5	103130
25	-1333368000	10.1	103130
25	-1330689600	3.7	103130
25	-1328097600	-1	103130
25	-1325419200	3.2	103130
25	-1322740800	4.3	103130
25	-1320235200	4.4	103130
25	-1317556800	8.5	103130
25	-1314964800	11.4	103130
25	-1312286400	14.5	103130
25	-1309694400	18.3	103130
25	-1307016000	16.4	103130
25	-1304337600	13.1	103130
25	-1301745600	9.8	103130
25	-1299067200	7.2	103130
25	-1296475200	1.3	103130
25	-1293796800	-2.5	103130
25	-1291118400	-6.8	103130
25	-1288699200	4.5	103130
25	-1286020800	5.6	103130
25	-1283428800	14.3	103130
25	-1280750400	15	103130
25	-1278158400	17.7	103130
25	-1275480000	17.4	103130
25	-1272801600	16.7	103130
25	-1270209600	10	103130
25	-1267531200	6.1	103130
25	-1264939200	5.1	103130
25	-1262260800	4.8	103130
25	-1259582400	1.6	103130
25	-1257163200	5.2	103130
25	-1254484800	9.4	103130
25	-1251892800	12.6	103130
25	-1249214400	19	103130
25	-1246622400	16.7	103130
25	-1243944000	17.1	103130
25	-1241265600	14.1	103130
25	-1238673600	10	103130
25	-1235995200	7.2	103130
25	-1233403200	2.3	103130
25	-1230724800	2.2	103130
25	-1228046400	0.7	103130
25	-1225627200	2.9	103130
25	-1222948800	7.6	103130
25	-1220356800	15.6	103130
25	-1217678400	16.6	103130
25	-1215086400	17.5	103130
25	-1212408000	16.5	103130
25	-1209729600	11.6	103130
25	-1207137600	8.9	103130
25	-1204459200	7.2	103130
25	-1201867200	2.2	103130
25	-1199188800	4.1	103130
25	-1196510400	0.9	103130
25	-1194004800	3	103130
25	-1191326400	8	103130
25	-1188734400	13.6	103130
25	-1186056000	16.1	103130
25	-1183464000	18.8	103130
25	-1180785600	20.1	103130
25	-1178107200	15	103130
25	-1175515200	9.4	103130
25	-1172836800	5.3	103130
25	-1170244800	3.1	103130
25	-1167566400	0.1	103130
25	-1164888000	2.2	103130
25	-1162468800	7.5	103130
25	-1159790400	8.9	103130
25	-1157198400	12.8	103130
25	-1154520000	16.1	103130
25	-1151928000	18.9	103130
25	-1149249600	18	103130
25	-1146571200	15.2	103130
25	-1143979200	10	103130
25	-1141300800	3.8	103130
25	-1138708800	-2.4	103130
25	-1136030400	2.3	103130
25	-1133352000	3.2	103130
25	-1130932800	5.2	103130
25	-1128254400	11.5	103130
25	-1125662400	13.7	103130
25	-1122984000	17.2	103130
25	-1120392000	18.6	103130
25	-1117713600	17	103130
25	-1115035200	16.7	103130
25	-1112443200	11.3	103130
25	-1109764800	5.6	103130
25	-1107172800	7.1	103130
25	-1104494400	1.9	103130
25	-1101816000	3.9	103130
25	-1099396800	5.2	103130
25	-1096718400	8.5	103130
25	-1094126400	11.9	103130
25	-1091448000	17.8	103130
25	-1088856000	18.8	103130
25	-1086177600	17.9	103130
25	-1083499200	14.4	103130
25	-1080907200	9.6	103130
25	-1078228800	7.2	103130
25	-1075636800	2.7	103130
25	-1072958400	4.8	103130
25	-1070280000	1.9	103130
25	-1067774400	6.3	103130
25	-1065096000	5.9	103130
25	-1062504000	13.1	103130
25	-1059825600	17.1	103130
25	-1057233600	16.8	103130
25	-1054555200	16.9	103130
25	-1051876800	13.8	103130
25	-1049284800	8	103130
25	-1046606400	5	103130
25	-1044014400	3	103130
25	-1041336000	2	103130
25	-1038657600	4.2	103130
25	-1036238400	3.4	103130
25	-1033560000	9.2	103130
25	-1030968000	15.1	103130
25	-1028289600	16.6	103130
25	-1025697600	17.4	103130
25	-1023019200	17.9	103130
25	-1020340800	13.5	103130
25	-1017748800	10.8	103130
25	-1015070400	4.4	103130
25	-1012478400	1	103130
25	-1009800000	3.8	103130
25	-1007121600	2.9	103130
25	-1004702400	8	103130
25	-1002024000	6.6	103130
25	-999432000	11.5	103130
25	-996753600	16.4	103130
25	-994161600	17.1	103130
25	-991483200	18.7	103130
25	-988804800	14.9	103130
25	-986212800	9.5	103130
25	-983534400	8.9	103130
25	-980942400	-0.4	103130
25	-978264000	4.6	103130
25	-975585600	3.6	103130
25	-973166400	3.9	103130
25	-970488000	9.4	103130
25	-967896000	12.3	103130
25	-965217600	17.2	103130
25	-962625600	17.3	103130
25	-959947200	18.3	103130
25	-957268800	14.5	103130
25	-954676800	7.1	103130
25	-951998400	7	103130
25	-949406400	0.4	103130
25	-946728000	-7.7	103130
25	-944049600	-1.8	103130
25	-941544000	4.7	103130
25	-938865600	9.4	103130
25	-936273600	13.7	103130
25	-933595200	17.2	103130
25	-931003200	16.3	103130
25	-928324800	15.5	103130
25	-925646400	12.8	103130
25	-923054400	8.3	103130
25	-920376000	6.7	103130
25	-917784000	-0.4	103130
25	-915105600	-3.5	103130
25	-912427200	1.3	103130
25	-910008000	4.6	103130
25	-907329600	6.8	103130
25	-904737600	10.4	103130
25	-902059200	18.1	103130
25	-899467200	20.1	103130
25	-896788800	15.2	103130
25	-894110400	13.6	103130
25	-891518400	9.3	103130
25	-888840000	3.6	103130
25	-886248000	3.8	103130
25	-883569600	-6.2	103130
25	-880891200	-4.8	103130
25	-878472000	2.7	103130
25	-875793600	8.7	103130
25	-873201600	12.7	103130
25	-870523200	14.9	103130
25	-867931200	16.1	103130
25	-865252800	18	103130
25	-862574400	15	103130
25	-859982400	11.5	103130
25	-857304000	4.9	103130
25	-854712000	4	103130
25	-852033600	1.9	103130
25	-849355200	4	103130
25	-846936000	6.4	103130
25	-844257600	10.1	103130
25	-841665600	13.8	103130
25	-838987200	14.8	103130
25	-836395200	18.1	103130
25	-833716800	17.6	103130
25	-831038400	13.5	103130
25	-828446400	10.5	103130
25	-825768000	4.4	103130
25	-823176000	1.3	103130
25	-820497600	5	103130
25	-817819200	0.7	103130
25	-815313600	2.4	103130
25	-812635200	10	103130
25	-810043200	12.1	103130
25	-807364800	14.3	103130
25	-804772800	17.6	103130
25	-802094400	20.2	103130
25	-799416000	13.1	103130
25	-796824000	9.3	103130
25	-794145600	5.9	103130
25	-791553600	2.2	103130
25	-788875200	-2.8	103130
25	-786196800	5.9	103130
25	-783777600	7.1	103130
25	-781099200	9.6	103130
25	-778507200	14.6	103130
25	-775828800	17.1	103130
25	-773236800	18.1	103130
25	-770558400	16.3	103130
25	-767880000	14.1	103130
25	-765288000	10.6	103130
25	-762609600	4.4	103130
25	-760017600	2.9	103130
25	-757339200	-0.2	103130
25	-754660800	4.1	103130
25	-752241600	4.3	103130
25	-749563200	11	103130
25	-746971200	13.8	103130
25	-744292800	14.7	103130
25	-741700800	18.4	103130
25	-739022400	16.3	103130
25	-736344000	14.6	103130
25	-733752000	8.3	103130
25	-731073600	5.8	103130
25	-728481600	-1.1	103130
25	-725803200	-2.3	103130
25	-723124800	-6.2	103130
25	-720705600	3.4	103130
25	-718027200	9.5	103130
25	-715435200	15.2	103130
25	-712756800	17.9	103130
25	-710164800	19	103130
25	-707486400	19.7	103130
25	-704808000	16.5	103130
25	-702216000	8.5	103130
25	-699537600	6.5	103130
25	-696945600	3.1	103130
25	-694267200	4.9	103130
25	-691588800	2.2	103130
25	-689083200	6.8	103130
25	-686404800	10.7	103130
25	-683812800	13.5	103130
25	-681134400	15.6	103130
25	-678542400	16.8	103130
25	-675864000	16.7	103130
25	-673185600	14.4	103130
25	-670593600	9.7	103130
25	-667915200	5.2	103130
25	-665323200	3.2	103130
25	-662644800	3.4	103130
25	-659966400	3.9	103130
25	-657547200	3.5	103130
25	-654868800	11	103130
25	-652276800	12.3	103130
25	-649598400	14.6	103130
25	-647006400	17.3	103130
25	-644328000	16.8	103130
25	-641649600	17.2	103130
25	-639057600	11.4	103130
25	-636379200	4.8	103130
25	-633787200	3.9	103130
26	623246400	11.4	103150
26	625924800	4.4	103150
26	628516800	4	103150
26	631195200	5	103150
26	633873600	7.1	103150
26	636292800	7.6	103150
26	638971200	8.2	103150
26	641563200	14.3	103150
26	644241600	15.4	103150
26	646833600	16.8	103150
26	649512000	18.6	103150
26	652190400	11.9	103150
26	654782400	11.9	103150
26	657460800	5.4	103150
26	660052800	3.1	103150
26	662731200	2.9	103150
26	665409600	-1.2	103150
26	667828800	8.2	103150
26	670507200	8.2	103150
26	673099200	10.4	103150
26	675777600	13.1	103150
26	678369600	19.5	103150
26	681048000	17.8	103150
26	683726400	14.9	103150
26	686318400	9.2	103150
26	688996800	5.1	103150
26	691588800	2.7	103150
26	694267200	2	103150
26	696945600	4.4	103150
26	699451200	6	103150
26	702129600	8.3	103150
26	704721600	16	103150
26	707400000	17.6	103150
26	709992000	18.8	103150
26	712670400	18.5	103150
26	715348800	14.2	103150
26	717940800	7	103150
26	720619200	7.1	103150
26	723211200	2.9	103150
26	725889600	4	103150
26	728568000	0.6	103150
26	730987200	5	103150
26	733665600	11.6	103150
26	736257600	14.9	103150
26	738936000	16.2	103150
26	741528000	16.2	103150
26	744206400	15.1	103150
26	746884800	12.6	103150
26	749476800	8.5	103150
26	752155200	1.6	103150
26	754747200	4.5	103150
26	757425600	4.4	103150
26	760104000	0.6	103150
26	762523200	6.8	103150
26	765201600	8.6	103150
26	767793600	12.8	103150
26	770472000	15.5	103150
26	773064000	22	103150
26	775742400	18	103150
26	778420800	13.3	103150
26	781012800	8.6	103150
26	783691200	8.6	103150
26	786283200	5	103150
26	788961600	2.3	103150
26	791640000	5.9	103150
26	794059200	4.2	103150
26	796737600	9.2	103150
26	799329600	13.1	103150
26	802008000	14.9	103150
26	804600000	20.6	103150
26	807278400	19.7	103150
26	809956800	13.6	103150
26	812548800	12.2	103150
26	815227200	5.2	103150
26	817819200	-1.4	103150
26	820497600	-1.5	103150
26	823176000	-1	103150
26	825681600	2.5	103150
26	828360000	9.3	103150
26	830952000	11.2	103150
26	833630400	15.6	103150
26	836222400	16.5	103150
26	838900800	17.6	103150
26	841579200	11.7	103150
26	844171200	10	103150
26	846849600	5.2	103150
26	849441600	-0.9	103150
26	852120000	-1.9	103150
26	854798400	5.9	103150
26	857217600	7.2	103150
26	859896000	7.4	103150
26	862488000	12.9	103150
26	865166400	16.4	103150
26	867758400	17.5	103150
26	870436800	20.7	103150
26	873115200	13.6	103150
26	875707200	8.6	103150
26	878385600	5.5	103150
26	880977600	4.2	103150
26	883656000	4.4	103150
26	886334400	6	103150
26	888753600	6.8	103150
26	891432000	9.2	103150
26	894024000	14.8	103150
26	896702400	15.9	103150
26	899294400	16.4	103150
26	901972800	16.7	103150
26	904651200	14.4	103150
26	907243200	9.2	103150
26	909921600	3.1	103150
26	912513600	3.3	103150
26	915192000	4.8	103150
26	917870400	2.6	103150
26	920289600	6.9	103150
26	922968000	10.1	103150
26	925560000	14.1	103150
26	928238400	15.7	103150
26	930830400	19.9	103150
26	933508800	17.6	103150
26	936187200	17.7	103150
26	938779200	10	103150
26	941457600	5.5	103150
26	944049600	3.9	103150
26	946728000	3.4	103150
26	949406400	5.1	103150
26	951912000	6.4	103150
26	954590400	10.7	103150
26	957182400	15.2	103150
26	959860800	16.8	103150
26	962452800	15.3	103150
26	965131200	17.4	103150
26	967809600	15.2	103150
26	970401600	11.2	103150
26	973080000	7.6	103150
26	975672000	4.6	103150
26	978350400	2.3	103150
26	981028800	4	103150
26	983448000	4.4	103150
26	986126400	8	103150
26	988718400	14.7	103150
26	991396800	14.9	103150
26	993988800	19.1	103150
26	996667200	19.2	103150
26	999345600	12.9	103150
26	1001937600	14.1	103150
26	1004616000	5.9	103150
26	1007208000	2.1	103150
26	1009886400	3.8	103150
26	1012564800	6.7	103150
26	1014984000	6.6	103150
26	1017662400	9.2	103150
26	1020254400	14	103150
26	1022932800	17.4	103150
26	1025524800	17.9	103150
26	1028203200	19.2	103150
26	1030881600	14.4	103150
26	1033473600	8.9	103150
26	1036152000	7.1	103150
26	1038744000	1.5	103150
26	1041422400	1.7	103150
26	1044100800	0.8	103150
26	1046520000	7.2	103150
26	1049198400	9.7	103150
26	1051790400	14	103150
26	1054468800	18.8	103150
26	1057060800	19.4	103150
26	1059739200	20.5	103150
26	1062417600	14.4	103150
26	1065009600	6.7	103150
26	1067688000	7.8	103150
26	1070280000	3.4	103150
26	1072958400	2.5	103150
26	1075636800	4.1	103150
26	1078142400	5.4	103150
26	1080820800	10.6	103150
26	1083412800	12.1	103150
26	1086091200	15.7	103150
26	1088683200	17	103150
26	1091361600	19.5	103150
26	1094040000	15.1	103150
26	1096632000	11.3	103150
26	1099310400	5.2	103150
26	1101902400	2.6	103150
26	1104580800	4.1	103150
26	1107259200	1.2	103150
26	1109678400	6	103150
26	1112356800	10.6	103150
26	1114948800	13.1	103150
26	1117627200	16.7	103150
26	1120219200	18.2	103150
26	1122897600	16.1	103150
26	1125576000	15.9	103150
26	1128168000	12.7	103150
26	1130846400	5.8	103150
26	1133438400	3.1	103150
26	1136116800	0.1	103150
26	1138795200	1.3	103150
26	1141214400	3.1	103150
26	1143892800	8.8	103150
26	1146484800	14.5	103150
26	1149163200	17.3	103150
26	1151755200	22.9	103150
26	1154433600	16.4	103150
26	1157112000	18.1	103150
26	1159704000	13.7	103150
26	1162382400	8.5	103150
26	1164974400	6.2	103150
26	1167652800	6.2	103150
26	1170331200	5.3	103150
26	1172750400	7.6	103150
26	1175428800	13.1	103150
26	1178020800	14.4	103150
26	1180699200	17.8	103150
26	1183291200	17.5	103150
26	1185969600	17.3	103150
26	1188648000	13.7	103150
26	1191240000	9.7	103150
26	1193918400	6	103150
26	1196510400	3.2	103150
26	1199188800	5.8	103150
26	1201867200	4.6	103150
26	1204372800	5.5	103150
26	1207051200	8.4	103150
26	1209643200	15.6	103150
26	1212321600	17.3	103150
26	1214913600	18.6	103150
26	1217592000	17.9	103150
26	1220270400	13.3	103150
26	1222862400	9.8	103150
26	1225540800	6.2	103150
26	1228132800	1.9	103150
26	1230811200	-0.5	103150
26	1233489600	2.6	103150
26	1235908800	5.6	103150
26	1238587200	13.3	103150
26	1241179200	14.1	103150
26	1243857600	15.6	103150
26	1246449600	18.5	103150
26	1249128000	18.8	103150
26	1251806400	14.8	103150
26	1254398400	9.4	103150
26	1257076800	9.4	103150
26	1259668800	1.6	103150
26	1262347200	-1.8	103150
26	1265025600	0.8	103150
26	1267444800	5.6	103150
26	1270123200	9.7	103150
26	1272715200	10.6	103150
26	1275393600	17.3	103150
26	1277985600	21.2	103150
26	1280664000	17	103150
26	1283342400	13.2	103150
26	1285934400	9.7	103150
26	1288612800	5.5	103150
26	1291204800	-3.1	103150
26	1293883200	2.4	103150
26	1296561600	3.2	103150
26	1298980800	5.1	103150
26	1301659200	12.3	103150
26	1304251200	14.4	103150
26	1306929600	17.1	103150
26	1309521600	16.6	103150
26	1312200000	17.8	103150
26	1314878400	15.8	103150
26	1317470400	10.6	103150
26	1320148800	5.9	103150
26	1322740800	5.6	103150
26	1325419200	3.5	103150
26	1328097600	-0.1	103150
26	1330603200	8.2	103150
26	1333281600	8.6	103150
26	1335873600	15.2	103150
26	1338552000	15.1	103150
26	1341144000	17.6	103150
26	1343822400	19.3	103150
26	1346500800	13.7	103150
26	1349092800	9.8	103150
26	1351771200	6.4	103150
26	1354363200	4	103150
26	1357041600	1.4	103150
26	1359720000	0.9	103150
26	1362139200	1.1	103150
26	1364817600	8.7	103150
26	1367409600	12.1	103150
26	1370088000	16.1	103150
26	1372680000	19.8	103150
26	1375358400	18.6	103150
26	1378036800	14.2	103150
26	1380628800	11.9	103150
26	1383307200	5.7	103150
26	1385899200	5.3	103150
26	1388577600	4.5	103150
26	1391256000	6.2	103150
26	1393675200	8.2	103150
26	1396353600	12.1	103150
26	1398945600	13	103150
26	1401624000	16	103150
26	1404216000	20	103150
26	1406894400	16.2	103150
26	1409572800	15.7	103150
26	1412164800	13	103150
26	1414843200	7.9	103150
26	1417435200	4.2	103150
26	1420113600	3.4	103150
26	1422792000	2.5	103150
26	1425211200	6	103150
26	1427889600	9	103150
26	1430481600	12.5	103150
27	-3597480000	2	103380
27	-3594801600	3.6	103380
27	-3592296000	2.1	103380
27	-3589617600	8.3	103380
27	-3587025600	11.2	103380
27	-3584347200	15.9	103380
27	-3581755200	16.1	103380
27	-3579076800	17.1	103380
27	-3576398400	13	103380
27	-3573806400	10.5	103380
27	-3571128000	2.2	103380
27	-3568536000	3.6	103380
27	-3565857600	-0.5	103380
27	-3563179200	2.1	103380
27	-3560760000	3.9	103380
27	-3558081600	8.1	103380
27	-3555489600	13.3	103380
27	-3552811200	17.4	103380
27	-3550219200	18.9	103380
27	-3547540800	20.5	103380
27	-3544862400	16.7	103380
27	-3542270400	11.5	103380
27	-3539592000	4.2	103380
27	-3.537e+09	5.1	103380
27	-3534321600	-0.4	103380
27	-3531643200	-2	103380
27	-3529224000	2.3	103380
27	-3526545600	7.6	103380
27	-3523953600	12.2	103380
27	-3521275200	20.1	103380
27	-3518683200	17.5	103380
27	-3516004800	17.8	103380
27	-3513326400	16.2	103380
27	-3510734400	10.2	103380
27	-3508056000	-0.1	103380
27	-3505464000	2.1	103380
27	-3502785600	2.9	103380
27	-3500107200	4.7	103380
27	-3497688000	7.2	103380
27	-3495009600	7.3	103380
27	-3492417600	13.1	103380
27	-3489739200	17.8	103380
27	-3487147200	20.3	103380
27	-3484468800	18.8	103380
27	-3481790400	14.6	103380
27	-3479198400	10.3	103380
27	-3476520000	4.3	103380
27	-3473928000	0.1	103380
27	-3471249600	3.2	103380
27	-3468571200	0.3	103380
27	-3466065600	2.6	103380
27	-3463387200	6.9	103380
27	-3460795200	13.3	103380
27	-3458116800	16.3	103380
27	-3455524800	16.1	103380
27	-3452846400	16.1	103380
27	-3450168000	13.6	103380
27	-3447576000	9	103380
27	-3444897600	1.8	103380
27	-3442305600	-1	103380
27	-3439627200	-4.2	103380
27	-3436948800	4.7	103380
27	-3434529600	6.3	103380
27	-3431851200	6.5	103380
27	-3429259200	10.7	103380
27	-3426580800	18.2	103380
27	-3423988800	18.7	103380
27	-3421310400	18.2	103380
27	-3418632000	13.9	103380
27	-3416040000	10.9	103380
27	-3413361600	5.7	103380
27	-3410769600	2.7	103380
27	-3408091200	-0.3	103380
27	-3405412800	1.8	103380
27	-3402993600	7.2	103380
27	-3400315200	10.1	103380
27	-3397723200	15.5	103380
27	-3395044800	15.6	103380
27	-3392452800	16.5	103380
27	-3389774400	16.8	103380
27	-3387096000	14.7	103380
27	-3384504000	11.3	103380
27	-3381825600	4.2	103380
27	-3379233600	3.1	103380
27	-3376555200	4.5	103380
27	-3373876800	4.2	103380
27	-3371457600	5.8	103380
27	-3368779200	8.8	103380
27	-3366187200	12.8	103380
27	-3363508800	16.3	103380
27	-3360916800	15.8	103380
27	-3358238400	18	103380
27	-3355560000	13.5	103380
27	-3352968000	12	103380
27	-3350289600	5.2	103380
27	-3347697600	4.6	103380
27	-3345019200	-3.4	103380
27	-3342340800	0.3	103380
27	-3339835200	5.3	103380
27	-3337156800	6.6	103380
27	-3334564800	10.5	103380
27	-3331886400	15.7	103380
27	-3329294400	16.4	103380
27	-3326616000	14.5	103380
27	-3323937600	14.3	103380
27	-3321345600	8.5	103380
27	-3318667200	3.1	103380
27	-3316075200	-1.2	103380
27	-3313396800	1.2	103380
27	-3310718400	-4	103380
27	-3308299200	-0.1	103380
27	-3305620800	10.7	103380
27	-3303028800	17.5	103380
27	-3300350400	13.9	103380
27	-3297758400	20.3	103380
27	-3295080000	17.1	103380
27	-3292401600	16.1	103380
27	-3289809600	9.5	103380
27	-3287131200	6.9	103380
27	-3284539200	2.2	103380
27	-3281860800	5.1	103380
27	-3279182400	4.8	103380
27	-3276763200	3.1	103380
27	-3274084800	9.5	103380
27	-3271492800	10.4	103380
27	-3268814400	18.9	103380
27	-3266222400	16.3	103380
27	-3263544000	16.1	103380
27	-3260865600	15.5	103380
27	-3258273600	7.8	103380
27	-3255595200	4.6	103380
27	-3253003200	4.1	103380
27	-3250324800	0.8	103380
27	-3247646400	5.8	103380
27	-3245227200	2	103380
27	-3242548800	8.5	103380
27	-3239956800	12.3	103380
27	-3237278400	16.7	103380
27	-3234686400	15.8	103380
27	-3232008000	17.7	103380
27	-3229329600	14.7	103380
27	-3226737600	9.3	103380
27	-3224059200	4.6	103380
27	-3221467200	0.5	103380
27	-3218788800	0.3	103380
27	-3216110400	5.5	103380
27	-3213604800	5.2	103380
27	-3210926400	7.9	103380
27	-3208334400	16.9	103380
27	-3205656000	17.6	103380
27	-3203064000	19.9	103380
27	-3200385600	19.8	103380
27	-3197707200	15.3	103380
27	-3195115200	9.3	103380
27	-3192436800	4.4	103380
27	-3189844800	6.5	103380
27	-3187166400	1.2	103380
27	-3184488000	6.4	103380
27	-3182068800	2.1	103380
27	-3179390400	11.4	103380
27	-3176798400	12.9	103380
27	-3174120000	13.6	103380
27	-3171528000	18.5	103380
27	-3168849600	15.9	103380
27	-3166171200	15.4	103380
27	-3163579200	9	103380
27	-3160900800	4.8	103380
27	-3158308800	1.4	103380
27	-3155630400	2	103380
27	-3152952000	-3	103380
27	-3150532800	2.8	103380
27	-3147854400	9.1	103380
27	-3145262400	12.8	103380
27	-3142584000	15.6	103380
27	-3139992000	18.9	103380
27	-3137313600	16.2	103380
27	-3134635200	12.8	103380
27	-3132043200	9.2	103380
27	-3129364800	5.9	103380
27	-3126772800	-3.2	103380
27	-3124094400	-3.6	103380
27	-3121416000	0.5	103380
27	-3118996800	6.4	103380
27	-3116318400	7.5	103380
27	-3113726400	10.1	103380
27	-3111048000	13.9	103380
27	-3108456000	18.4	103380
27	-3105777600	18.4	103380
27	-3103099200	14.4	103380
27	-3100507200	7.6	103380
27	-3097828800	1.6	103380
27	-3095236800	-1	103380
27	-3092558400	3.2	103380
27	-3089880000	4.4	103380
27	-3087374400	6.2	103380
27	-3084696000	10.4	103380
27	-3082104000	13.1	103380
27	-3079425600	16.5	103380
27	-3076833600	19.5	103380
27	-3074155200	16.2	103380
27	-3071476800	15.2	103380
27	-3068884800	9.9	103380
27	-3066206400	7.4	103380
27	-3063614400	4.2	103380
27	-3060936000	4.8	103380
27	-3058257600	0.4	103380
27	-3055838400	5.1	103380
27	-3053160000	7	103380
27	-3050568000	10.4	103380
27	-3047889600	16.9	103380
27	-3045297600	19.5	103380
27	-3042619200	18.4	103380
27	-3039940800	13.6	103380
27	-3037348800	10.5	103380
27	-3034670400	5.5	103380
27	-3032078400	3.6	103380
27	-3029400000	3.9	103380
27	-3026721600	2.1	103380
27	-3024302400	5.1	103380
27	-3021624000	9.5	103380
27	-3019032000	10.4	103380
27	-3016353600	16	103380
27	-3013761600	20.4	103380
27	-3011083200	16.2	103380
27	-3008404800	16.6	103380
27	-3005812800	11.1	103380
27	-3003134400	2.8	103380
27	-3000542400	-0.8	103380
27	-2997864000	3.4	103380
27	-2995185600	-2.6	103380
27	-2992766400	1.6	103380
27	-2990088000	7.9	103380
27	-2987496000	13.9	103380
27	-2984817600	17.6	103380
27	-2982225600	19.1	103380
27	-2979547200	19.1	103380
27	-2976868800	14.5	103380
27	-2974276800	7.1	103380
27	-2971598400	3.5	103380
27	-2969006400	1	103380
27	-2966328000	-1	103380
27	-2963649600	3.1	103380
27	-2961144000	5.1	103380
27	-2958465600	8.9	103380
27	-2955873600	9.8	103380
27	-2953195200	16.9	103380
27	-2950603200	18.2	103380
27	-2947924800	18.4	103380
27	-2945246400	13.4	103380
27	-2942654400	11.8	103380
27	-2939976000	3.6	103380
27	-2937384000	3.1	103380
27	-2934705600	4.5	103380
27	-2932027200	4.2	103380
27	-2929608000	3.2	103380
27	-2926929600	7.1	103380
27	-2924337600	10.8	103380
27	-2921659200	19	103380
27	-2919067200	18.1	103380
27	-2916388800	18.4	103380
27	-2913710400	12.2	103380
27	-2911118400	9.2	103380
27	-2908440000	8	103380
27	-2905848000	2.5	103380
27	-2903169600	1.9	103380
27	-2900491200	4.6	103380
27	-2898072000	4.9	103380
27	-2895393600	10.4	103380
27	-2892801600	14	103380
27	-2890123200	17.4	103380
27	-2887531200	17.2	103380
27	-2884852800	18.2	103380
27	-2882174400	14.9	103380
27	-2879582400	10.9	103380
27	-2876904000	4.8	103380
27	-2874312000	0.9	103380
27	-2871633600	-2.9	103380
27	-2868955200	0.1	103380
27	-2866536000	2.4	103380
27	-2863857600	6.6	103380
27	-2861265600	10.6	103380
27	-2858587200	16.7	103380
27	-2855995200	15.6	103380
27	-2853316800	17.5	103380
27	-2850638400	14.4	103380
27	-2848046400	8.7	103380
27	-2845368000	2.3	103380
27	-2842776000	-3.7	103380
27	-2840097600	-0.9	103380
27	-2837419200	2.6	103380
27	-2834913600	4.6	103380
27	-2832235200	10	103380
27	-2829643200	11.9	103380
27	-2826964800	16	103380
27	-2824372800	18.3	103380
27	-2821694400	17.9	103380
27	-2819016000	15.5	103380
27	-2816424000	8.3	103380
27	-2813745600	4.7	103380
27	-2811153600	4.7	103380
27	-2808475200	-4.3	103380
27	-2805796800	0.6	103380
27	-2803377600	3.1	103380
27	-2800699200	5.9	103380
27	-2798107200	12.9	103380
27	-2795428800	15.8	103380
27	-2792836800	19.7	103380
27	-2790158400	16.7	103380
27	-2787480000	13.1	103380
27	-2784888000	5.5	103380
27	-2782209600	7.1	103380
27	-2779617600	2.4	103380
27	-2776939200	2.5	103380
27	-2774260800	3.8	103380
27	-2771841600	7.6	103380
27	-2769163200	8.6	103380
27	-2766571200	12.6	103380
27	-2763892800	15.3	103380
27	-2761300800	18	103380
27	-2758622400	15.4	103380
27	-2755944000	14.2	103380
27	-2753352000	9.5	103380
27	-2750673600	5	103380
27	-2748081600	1.8	103380
27	-2745403200	0.7	103380
27	-2742724800	3.7	103380
27	-2740305600	-1.3	103380
27	-2737627200	6.6	103380
27	-2735035200	12.9	103380
27	-2732356800	17.2	103380
27	-2729764800	17.5	103380
27	-2727086400	16.6	103380
27	-2724408000	14	103380
27	-2721816000	9.7	103380
27	-2719137600	5.4	103380
27	-2716545600	2.2	103380
27	-2713867200	4.4	103380
27	-2711188800	4.1	103380
27	-2708683200	5.8	103380
27	-2706004800	6.4	103380
27	-2703412800	13.5	103380
27	-2700734400	13.6	103380
27	-2698142400	18.7	103380
27	-2695464000	17.9	103380
27	-2692785600	15.2	103380
27	-2690193600	9	103380
27	-2687515200	3.1	103380
27	-2684923200	2.7	103380
27	-2682244800	-1.7	103380
27	-2679566400	4.8	103380
27	-2677147200	3.3	103380
27	-2674468800	9.8	103380
27	-2671876800	10.6	103380
27	-2669198400	17.1	103380
27	-2666606400	18	103380
27	-2663928000	14.6	103380
27	-2661249600	13.1	103380
27	-2658657600	7.9	103380
27	-2655979200	2.7	103380
27	-2653387200	1.4	103380
27	-2650708800	-0.4	103380
27	-2648030400	-2.2	103380
27	-2645611200	1.2	103380
27	-2642932800	9.1	103380
27	-2640340800	13.3	103380
27	-2637662400	15	103380
27	-2635070400	17.3	103380
27	-2632392000	17.5	103380
27	-2629713600	16.3	103380
27	-2627121600	10	103380
27	-2624443200	6.4	103380
27	-2621851200	2	103380
27	-2619172800	-2.2	103380
27	-2616494400	0.6	103380
27	-2614075200	1.8	103380
27	-2611396800	7.2	103380
27	-2608804800	10.4	103380
27	-2606126400	15.2	103380
27	-2603534400	18.4	103380
27	-2600856000	15.4	103380
27	-2598177600	12.6	103380
27	-2595585600	6.7	103380
27	-2592907200	4	103380
27	-2590315200	0.6	103380
27	-2587636800	-0.2	103380
27	-2584958400	-2.3	103380
27	-2582452800	1.1	103380
27	-2579774400	6.2	103380
27	-2577182400	12.4	103380
27	-2574504000	16.2	103380
27	-2571912000	15.2	103380
27	-2569233600	15.3	103380
27	-2566555200	12.4	103380
27	-2563963200	7.4	103380
27	-2561284800	4.2	103380
27	-2558692800	2	103380
27	-2556014400	-1.5	103380
27	-2553336000	-1.4	103380
27	-2550916800	1.8	103380
27	-2548238400	7.6	103380
27	-2545646400	17	103380
27	-2542968000	19.6	103380
27	-2540376000	16.7	103380
27	-2537697600	15.7	103380
27	-2535019200	11.7	103380
27	-2532427200	8.6	103380
27	-2529748800	3.6	103380
27	-2527156800	-0.2	103380
27	-2524478400	3.5	103380
27	-2521800000	-1.3	103380
27	-2519380800	5.1	103380
27	-2516702400	6.9	103380
27	-2514110400	14.1	103380
27	-2511432000	14.3	103380
27	-2508840000	16	103380
27	-2506161600	16.6	103380
27	-2503483200	14	103380
27	-2500891200	8.2	103380
27	-2498212800	3.7	103380
27	-2495620800	-5.4	103380
27	-2492942400	-3.6	103380
27	-2490264000	0.7	103380
27	-2487844800	3.1	103380
27	-2485166400	5.5	103380
27	-2482574400	13	103380
27	-2479896000	15	103380
27	-2477304000	16.7	103380
27	-2474625600	15	103380
27	-2471947200	14.3	103380
27	-2469355200	10.4	103380
27	-2466676800	3.8	103380
27	-2464084800	3	103380
27	-2461406400	-0.9	103380
27	-2458728000	1.1	103380
27	-2456222400	1	103380
27	-2453544000	7.1	103380
27	-2450952000	12.6	103380
27	-2448273600	15.1	103380
27	-2445681600	16	103380
27	-2443003200	17.4	103380
27	-2440324800	13.5	103380
27	-2437732800	8.3	103380
27	-2435054400	3.3	103380
27	-2432462400	-0.2	103380
27	-2429784000	-5.5	103380
27	-2427105600	2.9	103380
27	-2424686400	5	103380
27	-2422008000	8.7	103380
27	-2419416000	12.8	103380
27	-2416737600	16.3	103380
27	-2414145600	17.8	103380
27	-2411467200	17	103380
27	-2408788800	12.5	103380
27	-2406196800	10.6	103380
27	-2403518400	2.9	103380
27	-2400926400	2.3	103380
27	-2398248000	-0.1	103380
27	-2395569600	3	103380
27	-2393150400	5.8	103380
27	-2390472000	10.4	103380
27	-2387880000	12.3	103380
27	-2385201600	14.6	103380
27	-2382609600	18.1	103380
27	-2379931200	15.6	103380
27	-2377252800	11.2	103380
27	-2374660800	8.4	103380
27	-2371982400	6.2	103380
27	-2369390400	2.3	103380
27	-2366712000	-2.2	103380
27	-2364033600	-5.2	103380
27	-2361614400	2.8	103380
27	-2358936000	9.2	103380
27	-2356344000	12.8	103380
27	-2353665600	16.1	103380
27	-2351073600	17.3	103380
27	-2348395200	16.6	103380
27	-2345716800	15	103380
27	-2343124800	7.9	103380
27	-2340446400	5.3	103380
27	-2337854400	1	103380
27	-2335176000	1.1	103380
27	-2332497600	1.6	103380
27	-2329992000	6.4	103380
27	-2327313600	7.1	103380
27	-2324721600	11.4	103380
27	-2322043200	17.8	103380
27	-2319451200	17.8	103380
27	-2316772800	15	103380
27	-2314094400	14	103380
27	-2311502400	10	103380
27	-2308824000	1.7	103380
27	-2306232000	1.1	103380
27	-2303553600	-2.9	103380
27	-2300875200	1.6	103380
27	-2298456000	6	103380
27	-2295777600	7.8	103380
27	-2293185600	11.5	103380
27	-2290507200	17.7	103380
27	-2287915200	16.3	103380
27	-2285236800	18.1	103380
27	-2282558400	13.2	103380
27	-2279966400	8.4	103380
27	-2277288000	4	103380
27	-2274696000	3.4	103380
27	-2272017600	4.7	103380
27	-2269339200	2.9	103380
27	-2266920000	3.7	103380
27	-2264241600	7.9	103380
27	-2261649600	11.8	103380
27	-2258971200	15.4	103380
27	-2256379200	14.2	103380
27	-2253700800	18.9	103380
27	-2251022400	14.7	103380
27	-2248430400	9.2	103380
27	-2245752000	5.8	103380
27	-2243160000	5.5	103380
27	-2240481600	3.6	103380
27	-2237803200	3.4	103380
27	-2235384000	3.5	103380
27	-2232705600	8	103380
27	-2230113600	11.5	103380
27	-2227435200	15.5	103380
27	-2224843200	18.1	103380
27	-2222164800	17.4	103380
27	-2219486400	13	103380
27	-2216894400	8.6	103380
27	-2214216000	8.4	103380
27	-2211624000	-1.9	103380
27	-2208945600	2.1	103380
27	-2206267200	1.7	103380
27	-2203848000	2.2	103380
27	-2201169600	7.4	103380
27	-2198577600	12	103380
27	-2195899200	16.5	103380
27	-2193307200	18.9	103380
27	-2190628800	16.9	103380
27	-2187950400	14.3	103380
27	-2185358400	9.9	103380
27	-2182680000	6.1	103380
27	-2180088000	4.5	103380
27	-2177409600	-2.7	103380
27	-2174731200	-2	103380
27	-2172312000	3.4	103380
27	-2169633600	9	103380
27	-2167041600	13.7	103380
27	-2164363200	16.1	103380
27	-2161771200	19.4	103380
27	-2159092800	16.9	103380
27	-2156414400	14.1	103380
27	-2153822400	10.5	103380
27	-2151144000	4.1	103380
27	-2148552000	2.3	103380
27	-2145873600	4.3	103380
27	-2143195200	-1.2	103380
27	-2140776000	4.2	103380
27	-2138097600	8	103380
27	-2135505600	9.3	103380
27	-2132827200	16.6	103380
27	-2130235200	15.5	103380
27	-2127556800	14.8	103380
27	-2124878400	12.3	103380
27	-2122286400	7.7	103380
27	-2119608000	2.8	103380
27	-2117016000	-1	103380
27	-2114337600	2.5	103380
27	-2111659200	5.5	103380
27	-2109240000	7.4	103380
27	-2106561600	5.3	103380
27	-2103969600	13.5	103380
27	-2101291200	15.2	103380
27	-2098699200	16.7	103380
27	-2096020800	15.5	103380
27	-2093342400	14.5	103380
27	-2090750400	10.7	103380
27	-2088072000	5.5	103380
27	-2085480000	0.4	103380
27	-2082801600	0.1	103380
27	-2080123200	2.2	103380
27	-2077617600	3.8	103380
27	-2074939200	9.5	103380
27	-2072347200	13	103380
27	-2069668800	15.2	103380
27	-2067076800	18.8	103380
27	-2064398400	17	103380
27	-2061720000	12.6	103380
27	-2059128000	8.9	103380
27	-2056449600	4.7	103380
27	-2053857600	4	103380
27	-2051179200	0.1	103380
27	-2048500800	2.7	103380
27	-2046081600	5.5	103380
27	-2043403200	6	103380
27	-2040811200	13	103380
27	-2038132800	18.1	103380
27	-2035540800	18.5	103380
27	-2032862400	17	103380
27	-2030184000	13.2	103380
27	-2027592000	5.5	103380
27	-2024913600	3.9	103380
27	-2022321600	2.3	103380
27	-2019643200	2.6	103380
27	-2016964800	2.1	103380
27	-2014545600	3.3	103380
27	-2011867200	9.2	103380
27	-2009275200	14.2	103380
27	-2006596800	15.7	103380
27	-2004004800	17.7	103380
27	-2001326400	16.6	103380
27	-1998648000	13	103380
27	-1996056000	10.9	103380
27	-1993377600	7.8	103380
27	-1990785600	-1	103380
27	-1988107200	1.1	103380
27	-1985428800	-0.3	103380
27	-1983009600	4	103380
27	-1980331200	7.2	103380
27	-1977739200	13.6	103380
27	-1975060800	14.8	103380
27	-1972468800	15	103380
27	-1969790400	16.1	103380
27	-1967112000	14	103380
27	-1964520000	12.8	103380
27	-1961841600	4.5	103380
27	-1959249600	2.8	103380
27	-1956571200	-0.2	103380
27	-1953892800	3.1	103380
27	-1951387200	3.6	103380
27	-1948708800	6.2	103380
27	-1946116800	13.6	103380
27	-1943438400	17.8	103380
27	-1940846400	17.7	103380
27	-1938168000	15.4	103380
27	-1935489600	13.3	103380
27	-1932897600	9.4	103380
27	-1930219200	2.8	103380
27	-1927627200	1.1	103380
27	-1924948800	-0.3	103380
27	-1922270400	-1	103380
27	-1919851200	2.4	103380
27	-1917172800	8.4	103380
27	-1914580800	11	103380
27	-1911902400	14.6	103380
27	-1909310400	15.4	103380
27	-1906632000	16.6	103380
27	-1903953600	13.1	103380
27	-1901361600	11.8	103380
27	-1898683200	3.3	103380
27	-1896091200	3.1	103380
27	-1893412800	3.1	103380
27	-1890734400	4.4	103380
27	-1888315200	4.8	103380
27	-1885636800	8.1	103380
27	-1883044800	13.4	103380
27	-1880366400	17.3	103380
27	-1877774400	15.9	103380
27	-1875096000	17.2	103380
27	-1872417600	13.5	103380
27	-1869825600	10.2	103380
27	-1867147200	3.4	103380
27	-1864555200	4.1	103380
27	-1861876800	1.3	103380
27	-1859198400	3.2	103380
27	-1856779200	5.3	103380
27	-1854100800	9.1	103380
27	-1851508800	14.9	103380
27	-1848830400	16.3	103380
27	-1846238400	20.3	103380
27	-1843560000	20.9	103380
27	-1840881600	15.3	103380
27	-1838289600	9.4	103380
27	-1835611200	5.9	103380
27	-1833019200	4.4	103380
27	-1830340800	-1.7	103380
27	-1827662400	3.8	103380
27	-1825156800	7.2	103380
27	-1822478400	8.1	103380
27	-1819886400	12.1	103380
27	-1817208000	16.2	103380
27	-1814616000	19.5	103380
27	-1811937600	14.7	103380
27	-1809259200	10.3	103380
27	-1806667200	7.6	103380
27	-1803988800	4.5	103380
27	-1801396800	5.4	103380
27	-1798718400	1	103380
27	-1796040000	3.4	103380
27	-1793620800	7.2	103380
27	-1790942400	9.4	103380
27	-1788350400	13.6	103380
27	-1785672000	15.8	103380
27	-1783080000	15.6	103380
27	-1780401600	15.6	103380
27	-1777723200	13.6	103380
27	-1775131200	10.8	103380
27	-1772452800	8.1	103380
27	-1769860800	3.3	103380
27	-1767182400	-1	103380
27	-1764504000	5.6	103380
27	-1762084800	5.8	103380
27	-1759406400	10.8	103380
27	-1756814400	11.6	103380
27	-1754136000	15.2	103380
27	-1751544000	19	103380
27	-1748865600	18.4	103380
27	-1746187200	13.6	103380
27	-1743595200	9.6	103380
27	-1740916800	4.8	103380
27	-1738324800	5.3	103380
27	-1735646400	1.5	103380
27	-1732968000	2.4	103380
27	-1730548800	2.9	103380
27	-1727870400	7.2	103380
27	-1725278400	13.5	103380
27	-1722600000	18.2	103380
27	-1720008000	16.4	103380
27	-1717329600	16.1	103380
27	-1714651200	13.4	103380
27	-1712059200	7	103380
27	-1709380800	2.4	103380
27	-1706788800	4.7	103380
27	-1704110400	5	103380
27	-1701432000	1.9	103380
27	-1698926400	3.8	103380
27	-1696248000	9.4	103380
27	-1693656000	13.8	103380
27	-1690977600	13.1	103380
27	-1688385600	16.1	103380
27	-1685707200	16.7	103380
27	-1683028800	13	103380
27	-1680436800	9.6	103380
27	-1677758400	5.9	103380
27	-1675166400	2.8	103380
27	-1672488000	-1.5	103380
27	-1669809600	-2.2	103380
27	-1667390400	0.7	103380
27	-1664712000	5.1	103380
27	-1662120000	16.6	103380
27	-1659441600	20.9	103380
27	-1656849600	18.5	103380
27	-1654171200	18	103380
27	-1651492800	16	103380
27	-1648900800	8.4	103380
27	-1646222400	6.9	103380
27	-1643630400	-1.6	103380
27	-1640952000	2.5	103380
27	-1638273600	3.4	103380
27	-1635854400	5.3	103380
27	-1633176000	9.6	103380
27	-1630584000	14.9	103380
27	-1627905600	13.6	103380
27	-1625313600	17.1	103380
27	-1622635200	16.3	103380
27	-1619956800	13.3	103380
27	-1617364800	9.6	103380
27	-1614686400	4.3	103380
27	-1612094400	5.6	103380
27	-1609416000	2	103380
27	-1606737600	0.8	103380
27	-1604318400	4.1	103380
27	-1601640000	7	103380
27	-1599048000	13.6	103380
27	-1596369600	15.8	103380
27	-1593777600	15.2	103380
27	-1591099200	16.7	103380
27	-1588420800	15.9	103380
27	-1585828800	7	103380
27	-1583150400	0.6	103380
27	-1580558400	1.7	103380
27	-1577880000	3.5	103380
27	-1575201600	5	103380
27	-1572696000	7.9	103380
27	-1570017600	10.1	103380
27	-1567425600	13.9	103380
27	-1564747200	16.2	103380
27	-1562155200	18.7	103380
27	-1559476800	15.4	103380
27	-1556798400	13.4	103380
27	-1554206400	7.8	103380
27	-1551528000	2.7	103380
27	-1548936000	1.5	103380
27	-1546257600	5.4	103380
27	-1543579200	2.4	103380
27	-1541160000	7.1	103380
27	-1538481600	8.6	103380
27	-1535889600	14.9	103380
27	-1533211200	14.7	103380
27	-1530619200	18.7	103380
27	-1527940800	17.7	103380
27	-1525262400	13.9	103380
27	-1522670400	12.1	103380
27	-1519992000	0.5	103380
27	-1517400000	2.2	103380
27	-1514721600	-1.8	103380
27	-1512043200	-0.3	103380
27	-1509624000	4.3	103380
27	-1506945600	5.9	103380
27	-1504353600	14.2	103380
27	-1501675200	15.7	103380
27	-1499083200	16	103380
27	-1496404800	15.5	103380
27	-1493726400	12	103380
27	-1491134400	5.1	103380
27	-1488456000	4.1	103380
27	-1485864000	4.3	103380
27	-1483185600	3.4	103380
27	-1480507200	1	103380
27	-1478088000	5.7	103380
27	-1475409600	7.3	103380
27	-1472817600	11.5	103380
27	-1470139200	11.4	103380
27	-1467547200	18.9	103380
27	-1464868800	15.5	103380
27	-1462190400	13.8	103380
27	-1459598400	11.3	103380
27	-1456920000	3.8	103380
27	-1454328000	-0.9	103380
27	-1451649600	-1.3	103380
27	-1448971200	-1.5	103380
27	-1446465600	2.9	103380
27	-1443787200	6.8	103380
27	-1441195200	14.5	103380
27	-1438516800	15.8	103380
27	-1435924800	17.3	103380
27	-1433246400	15	103380
27	-1430568000	14.2	103380
27	-1427976000	10.3	103380
27	-1425297600	4.2	103380
27	-1422705600	3.6	103380
27	-1420027200	4.2	103380
27	-1417348800	4.9	103380
27	-1414929600	2.5	103380
27	-1412251200	9.1	103380
27	-1409659200	14.9	103380
27	-1406980800	15.6	103380
27	-1404388800	19.1	103380
27	-1401710400	17.7	103380
27	-1399032000	11.6	103380
27	-1396440000	9.2	103380
27	-1393761600	2.9	103380
27	-1391169600	0.7	103380
27	-1388491200	0.9	103380
27	-1385812800	4.9	103380
27	-1383393600	4.9	103380
27	-1380715200	10.6	103380
27	-1378123200	10.8	103380
27	-1375444800	14.6	103380
27	-1372852800	18.2	103380
27	-1370174400	16.6	103380
27	-1367496000	15.4	103380
27	-1364904000	8.2	103380
27	-1362225600	6.9	103380
27	-1359633600	2.2	103380
27	-1356955200	3.4	103380
27	-1354276800	2.3	103380
27	-1351857600	7.2	103380
27	-1349179200	7.4	103380
27	-1346587200	10.8	103380
27	-1343908800	13.8	103380
27	-1341316800	17.8	103380
27	-1338638400	17.2	103380
27	-1335960000	14.2	103380
27	-1333368000	9.9	103380
27	-1330689600	2.8	103380
27	-1328097600	-2.1	103380
27	-1325419200	2.8	103380
27	-1322740800	3.6	103380
27	-1320235200	3.5	103380
27	-1317556800	8	103380
27	-1314964800	10.7	103380
27	-1312286400	14	103380
27	-1309694400	18.1	103380
27	-1307016000	16.2	103380
27	-1304337600	12.8	103380
27	-1301745600	9.6	103380
27	-1299067200	7.5	103380
27	-1296475200	1	103380
27	-1293796800	-3.6	103380
27	-1291118400	-9.2	103380
27	-1288699200	3.3	103380
27	-1286020800	4.9	103380
27	-1283428800	13.8	103380
27	-1280750400	14.9	103380
27	-1278158400	17.5	103380
27	-1275480000	18.1	103380
27	-1272801600	16.4	103380
27	-1270209600	10.3	103380
27	-1267531200	6.1	103380
27	-1264939200	4.8	103380
27	-1262260800	4.3	103380
27	-1259582400	0.9	103380
27	-1257163200	4.6	103380
27	-1254484800	8.8	103380
27	-1251892800	12.2	103380
27	-1249214400	18.7	103380
27	-1246622400	17	103380
27	-1243944000	16.7	103380
27	-1241265600	13.6	103380
27	-1238673600	9.9	103380
27	-1235995200	6.8	103380
27	-1233403200	1.7	103380
27	-1230724800	1.3	103380
27	-1228046400	-0.1	103380
27	-1225627200	0.7	103380
27	-1222948800	6.2	103380
27	-1220356800	15.8	103380
27	-1217678400	16.1	103380
27	-1215086400	17.2	103380
27	-1212408000	15.7	103380
27	-1209729600	10.9	103380
27	-1207137600	8.1	103380
27	-1204459200	5.9	103380
27	-1201867200	1.5	103380
27	-1199188800	3.7	103380
27	-1196510400	-0.4	103380
27	-1194004800	1.1	103380
27	-1191326400	7.4	103380
27	-1188734400	13.2	103380
27	-1186056000	15.8	103380
27	-1183464000	19.2	103380
27	-1180785600	19.1	103380
27	-1178107200	14.7	103380
27	-1175515200	8.7	103380
27	-1172836800	4.6	103380
27	-1170244800	2.3	103380
27	-1167566400	-1.3	103380
27	-1164888000	1	103380
27	-1162468800	5.7	103380
27	-1159790400	7.4	103380
27	-1157198400	12.2	103380
27	-1154520000	15.8	103380
27	-1151928000	18.6	103380
27	-1149249600	17.1	103380
27	-1146571200	13.6	103380
27	-1143979200	9.5	103380
27	-1141300800	3.1	103380
27	-1138708800	-3.6	103380
27	-1136030400	1.6	103380
27	-1133352000	2.6	103380
27	-1130932800	4.5	103380
27	-1128254400	10.9	103380
27	-1125662400	13.6	103380
27	-1122984000	17.2	103380
27	-1120392000	18.6	103380
27	-1117713600	17.1	103380
27	-1115035200	16.5	103380
27	-1112443200	10.8	103380
27	-1109764800	5.2	103380
27	-1107172800	5.6	103380
27	-1104494400	0.8	103380
27	-1101816000	2.7	103380
27	-1099396800	3.2	103380
27	-1096718400	8	103380
27	-1094126400	11.1	103380
27	-1091448000	17.6	103380
27	-1088856000	18.1	103380
27	-1086177600	16.8	103380
27	-1083499200	14.3	103380
27	-1080907200	9.6	103380
27	-1078228800	6.6	103380
27	-1075636800	1.8	103380
27	-1072958400	4.4	103380
27	-1070280000	0.9	103380
27	-1067774400	4.9	103380
27	-1065096000	6	103380
27	-1062504000	12.7	103380
27	-1059825600	17.5	103380
27	-1057233600	17.6	103380
27	-1054555200	16.9	103380
27	-1051876800	13.5	103380
27	-1049284800	7.6	103380
27	-1046606400	4.9	103380
27	-1044014400	2.9	103380
27	-1041336000	-0.5	103380
27	-1038657600	3.1	103380
27	-1036238400	3.3	103380
27	-1033560000	9.2	103380
27	-1030968000	15.1	103380
27	-1028289600	16.8	103380
27	-1025697600	17.7	103380
27	-1023019200	17.8	103380
27	-1020340800	13.8	103380
27	-1017748800	10.1	103380
27	-1015070400	3.5	103380
27	-1012478400	0.2	103380
27	-1009800000	3.1	103380
27	-1007121600	2	103380
27	-1004702400	7.9	103380
27	-1002024000	5.9	103380
27	-999432000	11.6	103380
27	-996753600	16.9	103380
27	-994161600	17.2	103380
27	-991483200	19.3	103380
27	-988804800	14.7	103380
27	-986212800	9.4	103380
27	-983534400	8.5	103380
27	-980942400	-1.2	103380
27	-978264000	3.9	103380
27	-975585600	3.4	103380
27	-973166400	3.1	103380
27	-970488000	9.2	103380
27	-967896000	11.8	103380
27	-965217600	17.7	103380
27	-962625600	18.2	103380
27	-959947200	18.4	103380
27	-957268800	14.5	103380
27	-954676800	6.4	103380
27	-951998400	6.3	103380
27	-949406400	-0.7	103380
27	-946728000	-9.5	103380
27	-944049600	-5	103380
27	-941544000	3.7	103380
27	-938865600	8.8	103380
27	-936273600	13.1	103380
27	-933595200	17.8	103380
27	-931003200	17	103380
27	-928324800	15.3	103380
27	-925646400	12.5	103380
27	-923054400	7.7	103380
27	-920376000	6.6	103380
27	-917784000	-1.1	103380
27	-915105600	-5.4	103380
27	-912427200	-0.2	103380
27	-910008000	3.2	103380
27	-907329600	5.8	103380
27	-904737600	10.4	103380
27	-902059200	17.3	103380
27	-899467200	19.8	103380
27	-896788800	15.5	103380
27	-894110400	12.8	103380
27	-891518400	8.5	103380
27	-888840000	2.8	103380
27	-886248000	3.2	103380
27	-883569600	-7.5	103380
27	-880891200	-5	103380
27	-878472000	-1	103380
27	-875793600	7.7	103380
27	-873201600	12.3	103380
27	-870523200	14.8	103380
27	-867931200	16.3	103380
27	-865252800	18.7	103380
27	-862574400	15.2	103380
27	-859982400	11.4	103380
27	-857304000	4.6	103380
27	-854712000	4	103380
27	-852033600	1.2	103380
27	-849355200	3.9	103380
27	-846936000	5.9	103380
27	-844257600	10.1	103380
27	-841665600	13.3	103380
27	-838987200	15.1	103380
27	-836395200	18.5	103380
27	-833716800	18.2	103380
27	-831038400	13.7	103380
27	-828446400	9.9	103380
27	-825768000	3.7	103380
27	-823176000	1.2	103380
27	-820497600	4.6	103380
27	-817819200	0.4	103380
27	-815313600	2	103380
27	-812635200	9.3	103380
27	-810043200	12.1	103380
27	-807364800	14.7	103380
27	-804772800	18.4	103380
27	-802094400	20.4	103380
27	-799416000	13.5	103380
27	-796824000	8.9	103380
27	-794145600	5.7	103380
27	-791553600	0.8	103380
27	-788875200	-2.5	103380
27	-786196800	5.4	103380
27	-783777600	6.7	103380
27	-781099200	8.6	103380
27	-778507200	14.3	103380
27	-775828800	16.4	103380
27	-773236800	17.4	103380
27	-770558400	16.6	103380
27	-767880000	14	103380
27	-765288000	10.4	103380
27	-762609600	4.1	103380
27	-760017600	2.4	103380
27	-757339200	-0.8	103380
27	-754660800	3.3	103380
27	-752241600	3.7	103380
27	-749563200	10.3	103380
27	-746971200	14.3	103380
27	-744292800	14.9	103380
27	-741700800	18.6	103380
27	-739022400	15.9	103380
27	-736344000	14.3	103380
27	-733752000	7.5	103380
27	-731073600	5.3	103380
27	-728481600	-2	103380
27	-725803200	-4.6	103380
27	-723124800	-8.1	103380
27	-720705600	2	103380
27	-718027200	9.3	103380
27	-715435200	14.9	103380
27	-712756800	17.7	103380
27	-710164800	18.3	103380
27	-707486400	18.9	103380
27	-704808000	16.8	103380
27	-702216000	7.7	103380
27	-699537600	5.9	103380
27	-696945600	2.4	103380
27	-694267200	3.6	103380
27	-691588800	1.4	103380
27	-689083200	5.3	103380
27	-686404800	11	103380
27	-683812800	13.6	103380
27	-681134400	16.2	103380
27	-678542400	16.8	103380
27	-675864000	16.6	103380
27	-673185600	14.5	103380
27	-670593600	9.1	103380
27	-667915200	4.8	103380
27	-665323200	2.9	103380
27	-662644800	2.9	103380
27	-659966400	3.3	103380
27	-657547200	2.1	103380
27	-654868800	10.3	103380
27	-652276800	12.5	103380
27	-649598400	14.2	103380
27	-647006400	17	103380
27	-644328000	16.8	103380
27	-641649600	16.4	103380
27	-639057600	10.9	103380
27	-636379200	4.5	103380
27	-633787200	3.9	103380
27	-631108800	0.1	103380
27	-628430400	4.1	103380
27	-626011200	5.6	103380
27	-623332800	7.1	103380
27	-620740800	13.6	103380
27	-618062400	17.3	103380
27	-615470400	17.5	103380
27	-612792000	17.7	103380
27	-610113600	13.3	103380
27	-607521600	8.1	103380
27	-604843200	5	103380
27	-602251200	-0.8	103380
27	-599572800	2.4	103380
27	-596894400	2.2	103380
27	-594475200	2.7	103380
27	-591796800	7.5	103380
27	-589204800	11.8	103380
27	-586526400	15.5	103380
27	-583934400	16.9	103380
27	-581256000	17.3	103380
27	-578577600	14.6	103380
27	-575985600	7.3	103380
27	-573307200	8.2	103380
27	-570715200	4.2	103380
27	-568036800	1.5	103380
27	-565358400	1.4	103380
27	-562852800	2.5	103380
27	-560174400	11.1	103380
27	-557582400	12.5	103380
27	-554904000	14.9	103380
27	-552312000	17.7	103380
27	-549633600	17.4	103380
27	-546955200	11.1	103380
27	-544363200	7.5	103380
27	-541684800	1.8	103380
27	-539092800	0.4	103380
27	-536414400	1	103380
27	-533736000	0.7	103380
27	-531316800	4.6	103380
27	-528638400	9.1	103380
27	-526046400	13.5	103380
27	-523368000	16.8	103380
27	-520776000	17.4	103380
27	-518097600	16.9	103380
27	-515419200	13.2	103380
27	-512827200	10.9	103380
27	-510148800	6.5	103380
27	-507556800	4.1	103380
27	-504878400	-2.3	103380
27	-502200000	-3.6	103380
27	-499780800	4.2	103380
27	-497102400	6.4	103380
27	-494510400	13.1	103380
27	-491832000	16.2	103380
27	-489240000	14.4	103380
27	-486561600	16.4	103380
27	-483883200	13.8	103380
27	-481291200	11	103380
27	-478612800	5.2	103380
27	-476020800	4.4	103380
27	-473342400	-1.2	103380
27	-470664000	-1.8	103380
27	-468244800	0.3	103380
27	-465566400	7.5	103380
27	-462974400	10.1	103380
27	-460296000	14.6	103380
27	-457704000	18	103380
27	-455025600	17.5	103380
27	-452347200	13.8	103380
27	-449755200	8.8	103380
27	-447076800	4.9	103380
27	-444484800	3.8	103380
27	-441806400	0.9	103380
27	-439128000	-9.3	103380
27	-436622400	3.3	103380
27	-433944000	5	103380
27	-431352000	13.1	103380
27	-428673600	13.4	103380
27	-426081600	17	103380
27	-423403200	14.1	103380
27	-420724800	13.9	103380
27	-418132800	8.9	103380
27	-415454400	3.8	103380
27	-412862400	3.6	103380
27	-410184000	2.2	103380
27	-407505600	4.6	103380
27	-405086400	6.6	103380
27	-402408000	7.7	103380
27	-399816000	10.3	103380
27	-397137600	17.1	103380
27	-394545600	17.6	103380
27	-391867200	15.5	103380
27	-389188800	11.7	103380
27	-386596800	9.9	103380
27	-383918400	5.2	103380
27	-381326400	1	103380
27	-378648000	0.6	103380
27	-375969600	2.4	103380
27	-373550400	0.3	103380
27	-370872000	5.5	103380
27	-368280000	13.1	103380
27	-365601600	14.6	103380
27	-363009600	16.9	103380
27	-360331200	17.1	103380
27	-357652800	14.7	103380
27	-355060800	10.6	103380
27	-352382400	4.4	103380
27	-349790400	3.6	103380
27	-347112000	0.5	103380
27	-344433600	0.2	103380
27	-342014400	6.3	103380
27	-339336000	9.8	103380
27	-336744000	13.4	103380
27	-334065600	16.7	103380
27	-331473600	20.1	103380
27	-328795200	18.3	103380
27	-326116800	13.9	103380
27	-323524800	9.4	103380
27	-320846400	4.2	103380
27	-318254400	2.8	103380
27	-315576000	1.2	103380
27	-312897600	1	103380
27	-310392000	4.3	103380
27	-307713600	7.7	103380
27	-305121600	12.9	103380
27	-302443200	16.4	103380
27	-299851200	15.6	103380
27	-297172800	15.7	103380
27	-294494400	13.1	103380
27	-291902400	9.7	103380
27	-289224000	7.2	103380
27	-286632000	2	103380
27	-283953600	0.2	103380
27	-281275200	5.6	103380
27	-278856000	6.4	103380
27	-276177600	10.6	103380
27	-273585600	10.4	103380
27	-270907200	16.4	103380
27	-268315200	15.3	103380
27	-265636800	15.9	103380
27	-262958400	16.7	103380
27	-260366400	11	103380
27	-257688000	4.3	103380
27	-255096000	-0.3	103380
27	-252417600	3	103380
27	-249739200	1.6	103380
27	-247320000	0.6	103380
27	-244641600	8.4	103380
27	-242049600	10	103380
27	-239371200	14.1	103380
27	-236779200	14.6	103380
27	-234100800	15.1	103380
27	-231422400	12.3	103380
27	-228830400	9.5	103380
27	-226152000	3.5	103380
27	-223560000	-2.6	103380
27	-220881600	-7.5	103380
27	-218203200	-6.1	103380
27	-215784000	3	103380
27	-213105600	8.9	103380
27	-210513600	12.5	103380
27	-207835200	16.7	103380
27	-205243200	17.5	103380
27	-202564800	16.3	103380
27	-199886400	13.6	103380
27	-197294400	8.5	103380
27	-194616000	8	103380
27	-192024000	-2.4	103380
27	-189345600	-1.6	103380
27	-186667200	0.9	103380
27	-184161600	0.8	103380
27	-181483200	9	103380
27	-178891200	13.9	103380
27	-176212800	16.9	103380
27	-173620800	17.9	103380
27	-170942400	16.3	103380
27	-168264000	13.9	103380
27	-165672000	7.4	103380
27	-162993600	5.2	103380
27	-160401600	1.7	103380
27	-157723200	2.4	103380
27	-155044800	0.1	103380
27	-152625600	3.1	103380
27	-149947200	7.3	103380
27	-147355200	11.7	103380
27	-144676800	15.6	103380
27	-142084800	15	103380
27	-139406400	15	103380
27	-136728000	13.5	103380
27	-134136000	8.8	103380
27	-131457600	0.8	103380
27	-128865600	3.3	103380
27	-126187200	-1.6	103380
27	-123508800	2.1	103380
27	-121089600	4.3	103380
27	-118411200	8.6	103380
27	-115819200	13.4	103380
27	-113140800	17.5	103380
27	-110548800	16.1	103380
27	-107870400	15.9	103380
27	-105192000	13.3	103380
27	-102600000	11.3	103380
27	-99921600	3	103380
27	-97329600	3	103380
27	-94651200	2.6	103380
27	-91972800	4	103380
27	-89553600	6.2	103380
27	-86875200	6.7	103380
27	-84283200	12.9	103380
27	-81604800	15	103380
27	-79012800	18.7	103380
27	-76334400	16.7	103380
27	-73656000	14.3	103380
27	-71064000	11.7	103380
27	-68385600	4.7	103380
27	-65793600	1.9	103380
27	-63115200	-0.3	103380
27	-60436800	0.8	103380
27	-57931200	5.2	103380
27	-55252800	9.7	103380
27	-52660800	11	103380
27	-49982400	16.6	103380
27	-47390400	16.3	103380
27	-44712000	17.2	103380
27	-42033600	14.2	103380
27	-39441600	10.9	103380
27	-36763200	4.5	103380
27	-34171200	-1.5	103380
27	-31492800	2.4	103380
27	-28814400	-1.5	103380
27	-26395200	-0.3	103380
27	-23716800	7.3	103380
27	-21124800	13.1	103380
27	-18446400	15.6	103380
27	-15854400	18.7	103380
27	-13176000	17.1	103380
27	-10497600	13.9	103380
27	-7905600	11.1	103380
27	-5227200	5.9	103380
27	-2635200	-4.2	103380
27	43200	-2.8	103380
27	2721600	-0.7	103380
27	5140800	2	103380
27	7819200	5.7	103380
27	10411200	12.3	103380
27	13089600	17.4	103380
27	15681600	16.4	103380
27	18360000	16.8	103380
27	21038400	13.3	103380
27	23630400	9.5	103380
27	26308800	7.1	103380
27	28900800	1.4	103380
27	31579200	0.5	103380
27	34257600	2.6	103380
27	36676800	2	103380
27	39355200	7.9	103380
27	41947200	14.6	103380
27	44625600	14.5	103380
27	47217600	18	103380
27	49896000	17.9	103380
27	52574400	12.6	103380
27	55166400	9.7	103380
27	57844800	4.4	103380
27	60436800	4.8	103380
27	63115200	-2.2	103380
27	65793600	2.7	103380
27	68299200	5.7	103380
27	70977600	7.9	103380
27	73569600	12.1	103380
27	76248000	14.7	103380
27	78840000	18	103380
27	81518400	16	103380
27	84196800	10.9	103380
27	86788800	7.4	103380
27	89467200	5.5	103380
27	92059200	2.3	103380
27	94737600	1.7	103380
27	97416000	2.2	103380
27	99835200	4.9	103380
27	102513600	5.4	103380
27	105105600	12.4	103380
27	107784000	16.7	103380
27	110376000	17.7	103380
27	113054400	17.8	103380
27	115732800	14.3	103380
27	118324800	8	103380
27	121003200	4	103380
27	123595200	1.6	103380
27	126273600	4.8	103380
27	128952000	4.2	103380
27	131371200	5.6	103380
27	134049600	8.1	103380
27	136641600	11.4	103380
27	139320000	14.8	103380
27	141912000	15.6	103380
27	144590400	17	103380
27	147268800	13.9	103380
27	149860800	6.4	103380
27	152539200	6.5	103380
27	155131200	6.4	103380
27	157809600	6.4	103380
27	160488000	2.1	103380
27	162907200	4.3	103380
27	165585600	7.3	103380
27	168177600	11.6	103380
27	170856000	15.4	103380
27	173448000	18.9	103380
27	176126400	19.9	103380
27	178804800	15.8	103380
27	181396800	8.1	103380
27	184075200	4.2	103380
27	186667200	2.9	103380
27	189345600	1.9	103380
27	192024000	1.3	103380
27	194529600	1.4	103380
27	197208000	7.1	103380
27	199800000	13	103380
27	202478400	17.3	103380
27	205070400	19.3	103380
27	207748800	16.2	103380
27	210427200	13.1	103380
27	213019200	9.7	103380
27	215697600	5.9	103380
27	218289600	0.1	103380
27	220968000	1.5	103380
27	223646400	4.1	103380
27	226065600	6.4	103380
27	228744000	6.1	103380
27	231336000	12	103380
27	234014400	15.6	103380
27	236606400	16.8	103380
27	239284800	16.2	103380
27	241963200	12.3	103380
27	244555200	11.2	103380
27	247233600	6.2	103380
27	249825600	3.6	103380
27	252504000	1.9	103380
27	255182400	-0.9	103380
27	257601600	6	103380
27	260280000	6.6	103380
27	262872000	12.5	103380
27	265550400	15.4	103380
27	268142400	15.8	103380
27	270820800	15.6	103380
27	273499200	12.6	103380
27	276091200	10.3	103380
27	278769600	5.7	103380
27	281361600	0.1	103380
27	284040000	-3.8	103380
27	286718400	-3.1	103380
27	289137600	3.8	103380
27	291816000	7.3	103380
27	294408000	12.9	103380
27	297086400	16.3	103380
27	299678400	15.4	103380
27	302356800	16.1	103380
27	305035200	13.4	103380
27	307627200	8.8	103380
27	310305600	4.8	103380
27	312897600	4.8	103380
27	315576000	-1.8	103380
27	318254400	2.5	103380
27	320760000	3.5	103380
27	323438400	7	103380
27	326030400	11	103380
27	328708800	15.2	103380
27	331300800	15.6	103380
27	333979200	16.8	103380
27	336657600	14.7	103380
27	339249600	8.7	103380
27	341928000	4.1	103380
27	344520000	2.4	103380
27	347198400	0.2	103380
27	349876800	0.6	103380
27	352296000	7.5	103380
27	354974400	7.9	103380
27	357566400	14.4	103380
27	360244800	15.4	103380
27	362836800	16.7	103380
27	365515200	16.7	103380
27	368193600	14.3	103380
27	370785600	8.4	103380
27	373464000	5.5	103380
27	376056000	-2.4	103380
27	378734400	-0.7	103380
27	381412800	1.3	103380
27	383832000	4.8	103380
27	386510400	7.3	103380
27	389102400	12.9	103380
27	391780800	16.5	103380
27	394372800	19.3	103380
27	397051200	18	103380
27	399729600	16.2	103380
27	402321600	10.7	103380
27	4.05e+08	7.3	103380
27	407592000	3.1	103380
27	410270400	5.4	103380
27	412948800	-0.7	103380
27	415368000	5.4	103380
27	418046400	9.2	103380
27	420638400	12	103380
27	423316800	16.6	103380
27	425908800	20.3	103380
27	428587200	18.8	103380
27	431265600	14.5	103380
27	433857600	10	103380
27	436536000	4.5	103380
27	439128000	2.3	103380
27	441806400	2.3	103380
27	444484800	0.9	103380
27	446990400	2.6	103380
27	449668800	7.9	103380
27	452260800	11.9	103380
27	454939200	14.2	103380
27	457531200	16	103380
27	460209600	17.9	103380
27	462888000	13.1	103380
27	465480000	11.2	103380
27	468158400	5.8	103380
27	470750400	2.4	103380
27	473428800	-5	103380
27	476107200	-2	103380
27	478526400	3.5	103380
27	481204800	8.4	103380
27	483796800	14.3	103380
27	486475200	14.2	103380
27	489067200	17.5	103380
27	491745600	16.5	103380
27	494424000	13.6	103380
27	497016000	9.6	103380
27	499694400	1.7	103380
27	502286400	5.3	103380
27	504964800	0.8	103380
27	507643200	-6.8	103380
27	510062400	3.8	103380
27	512740800	6.7	103380
27	515332800	14.4	103380
27	518011200	16.4	103380
27	520603200	17.7	103380
27	523281600	16.5	103380
27	525960000	11.4	103380
27	528552000	10.5	103380
27	531230400	7.7	103380
27	533822400	3.3	103380
27	536500800	-6.4	103380
27	539179200	0.3	103380
27	541598400	-0.5	103380
27	544276800	10	103380
27	546868800	10.3	103380
27	549547200	14.4	103380
27	552139200	17.3	103380
27	554817600	15.8	103380
27	557496000	14.3	103380
27	560088000	9.7	103380
27	562766400	6.3	103380
27	565358400	3.5	103380
27	568036800	5.1	103380
27	570715200	3.5	103380
27	573220800	3.5	103380
27	575899200	8.1	103380
27	578491200	15.2	103380
27	581169600	15.2	103380
27	583761600	17.7	103380
27	586440000	17.4	103380
27	589118400	13.7	103380
27	591710400	9.7	103380
27	594388800	4.4	103380
27	596980800	4.6	103380
27	599659200	4.2	103380
27	602337600	4.9	103380
27	604756800	7.8	103380
27	607435200	7.5	103380
27	610027200	14.2	103380
27	612705600	16.4	103380
27	615297600	18.2	103380
27	617976000	17.7	103380
27	620654400	15.2	103380
27	623246400	11.5	103380
27	625924800	3.4	103380
27	628516800	3.5	103380
27	631195200	4.8	103380
27	633873600	7.2	103380
27	636292800	7.6	103380
27	638971200	8.1	103380
27	641563200	14.1	103380
27	644241600	15.9	103380
27	646833600	16.9	103380
27	649512000	18.8	103380
27	652190400	12.2	103380
27	654782400	10.9	103380
27	657460800	5.4	103380
27	660052800	2.5	103380
27	662731200	3	103380
27	665409600	-2.1	103380
27	667828800	7.7	103380
27	670507200	7.9	103380
27	673099200	10.4	103380
27	675777600	13.5	103380
27	678369600	19.5	103380
27	681048000	17.3	103380
27	683726400	14.9	103380
27	686318400	8.8	103380
27	688996800	4.7	103380
27	691588800	2.3	103380
27	694267200	2	103380
27	696945600	4.4	103380
27	699451200	5.6	103380
27	702129600	8.6	103380
27	704721600	15	103380
27	707400000	18.5	103380
27	709992000	19.4	103380
27	712670400	19	103380
27	715348800	13.9	103380
27	717940800	6.9	103380
27	720619200	6.4	103380
27	723211200	2.4	103380
27	725889600	3.1	103380
27	728568000	0	103380
27	730987200	4.3	103380
27	733665600	10.9	103380
27	736257600	14.8	103380
27	738936000	15.6	103380
27	741528000	16.2	103380
27	744206400	15.5	103380
27	746884800	12.3	103380
27	749476800	8.7	103380
27	752155200	0.7	103380
27	754747200	4.1	103380
27	757425600	4.3	103380
27	760104000	-0.7	103380
27	762523200	6.6	103380
27	765201600	9.2	103380
27	767793600	12.9	103380
27	770472000	15.6	103380
27	773064000	21.8	103380
27	775742400	17.9	103380
27	778420800	13.4	103380
27	781012800	8	103380
27	783691200	7.9	103380
27	786283200	4.8	103380
27	788961600	1.4	103380
27	791640000	5.7	103380
27	794059200	3.8	103380
27	796737600	8.7	103380
27	799329600	12.6	103380
27	802008000	14.8	103380
27	804600000	20.5	103380
27	807278400	19.2	103380
27	809956800	13.7	103380
27	812548800	12.6	103380
27	815227200	4.4	103380
27	817819200	-2	103380
27	820497600	-3.2	103380
27	823176000	-2.2	103380
27	825681600	1.2	103380
27	828360000	9.2	103380
27	830952000	11.3	103380
27	833630400	15.2	103380
27	836222400	16.3	103380
27	838900800	18.2	103380
27	841579200	11.5	103380
27	844171200	9.9	103380
27	846849600	5.3	103380
27	849441600	-1.6	103380
27	852120000	-1.6	103380
27	854798400	5.6	103380
27	857217600	6.3	103380
27	859896000	7	103380
27	862488000	12.8	103380
27	865166400	16.6	103380
27	867758400	17.8	103380
27	870436800	20.6	103380
27	873115200	14	103380
27	875707200	8.3	103380
27	878385600	4.8	103380
27	880977600	3	103380
27	883656000	4.2	103380
27	886334400	6.4	103380
27	888753600	6.1	103380
27	891432000	9.5	103380
27	894024000	14.4	103380
27	896702400	16.5	103380
27	899294400	16.3	103380
27	901972800	16.8	103380
27	904651200	14.1	103380
27	907243200	9.1	103380
27	909921600	2.5	103380
27	912513600	2.4	103380
27	915192000	4.3	103380
27	917870400	2	103380
27	920289600	6.4	103380
27	922968000	9.9	103380
27	925560000	13.9	103380
27	928238400	15.8	103380
27	930830400	19.8	103380
27	933508800	17.4	103380
27	936187200	18	103380
27	938779200	10	103380
27	941457600	5.2	103380
27	944049600	4	103380
27	946728000	3.1	103380
27	949406400	5.2	103380
27	951912000	5.8	103380
27	954590400	10.7	103380
27	957182400	15.4	103380
27	959860800	17	103380
27	962452800	15.7	103380
27	965131200	17.4	103380
27	967809600	14.8	103380
27	970401600	11.5	103380
27	973080000	7.9	103380
27	975672000	4.4	103380
27	978350400	1.8	103380
27	981028800	2.9	103380
27	983448000	3.7	103380
27	986126400	7.9	103380
27	988718400	14.1	103380
27	991396800	14.2	103380
27	993988800	19	103380
27	996667200	19.2	103380
27	999345600	12.6	103380
27	1001937600	13.5	103380
27	1004616000	5.6	103380
27	1007208000	0.9	103380
27	1009886400	3.3	103380
27	1012564800	6.1	103380
27	1014984000	5.9	103380
27	1017662400	8.6	103380
27	1020254400	14.4	103380
27	1022932800	17.1	103380
27	1025524800	17.8	103380
27	1028203200	19.7	103380
27	1030881600	14.2	103380
27	1033473600	8.5	103380
27	1036152000	5.7	103380
27	1038744000	-0.4	103380
27	1041422400	1.3	103380
27	1044100800	-1.1	103380
27	1046520000	5.6	103380
27	1049198400	9	103380
27	1051790400	14.1	103380
27	1054468800	18.7	103380
27	1057060800	19.5	103380
27	1059739200	20.2	103380
27	1062417600	14.5	103380
27	1065009600	6.2	103380
27	1067688000	7.6	103380
27	1070280000	3.1	103380
27	1072958400	1.6	103380
27	1075636800	3.8	103380
27	1078142400	5.1	103380
27	1080820800	10	103380
27	1083412800	12	103380
27	1086091200	15.6	103380
27	1088683200	16.7	103380
27	1091361600	19.3	103380
27	1094040000	14.8	103380
27	1096632000	10.8	103380
27	1099310400	5.3	103380
27	1101902400	3	103380
27	1104580800	3.9	103380
27	1107259200	0.5	103380
27	1109678400	4.6	103380
27	1112356800	10	103380
27	1114948800	13	103380
27	1117627200	15.9	103380
27	1120219200	18.5	103380
27	1122897600	16	103380
27	1125576000	15.7	103380
27	1128168000	11.9	103380
27	1130846400	5.8	103380
27	1133438400	2.6	103380
27	1136116800	-1.5	103380
27	1138795200	0.8	103380
27	1141214400	2.1	103380
27	1143892800	8.6	103380
27	1146484800	13.6	103380
27	1149163200	16.9	103380
27	1151755200	22.3	103380
27	1154433600	16.5	103380
27	1157112000	17.8	103380
27	1159704000	13.5	103380
27	1162382400	8.5	103380
27	1164974400	6.4	103380
27	1167652800	5.9	103380
27	1170331200	4.6	103380
27	1172750400	7.2	103380
27	1175428800	11.6	103380
27	1178020800	14.2	103380
27	1180699200	17.9	103380
27	1183291200	17.6	103380
27	1185969600	17.2	103380
27	1188648000	13.7	103380
27	1191240000	8.9	103380
27	1193918400	5.2	103380
27	1196510400	2.8	103380
27	1199188800	5.3	103380
27	1201867200	4.7	103380
27	1204372800	4.9	103380
27	1207051200	8.1	103380
27	1209643200	14.6	103380
27	1212321600	17.3	103380
27	1214913600	18.6	103380
27	1217592000	17.7	103380
27	1220270400	13.3	103380
27	1222862400	10.3	103380
27	1225540800	6.2	103380
27	1228132800	2	103380
27	1230811200	-0.4	103380
27	1233489600	2	103380
27	1235908800	5.4	103380
27	1238587200	12.7	103380
27	1241179200	14	103380
27	1243857600	15.1	103380
27	1246449600	18.7	103380
27	1249128000	19.4	103380
27	1251806400	15.4	103380
27	1254398400	8.6	103380
27	1257076800	9.2	103380
27	1259668800	0.8	103380
27	1262347200	-3.2	103380
27	1265025600	-0.1	103380
27	1267444800	5.2	103380
27	1270123200	9.3	103380
27	1272715200	10.3	103380
27	1275393600	16.8	103380
27	1277985600	21.5	103380
27	1280664000	17.4	103380
27	1283342400	13.4	103380
27	1285934400	9.4	103380
27	1288612800	5	103380
27	1291204800	-3.6	103380
27	1293883200	2.4	103380
27	1296561600	1.9	103380
27	1298980800	4.8	103380
27	1301659200	12.3	103380
27	1304251200	14.2	103380
27	1306929600	17.2	103380
27	1309521600	16.6	103380
27	1312200000	17.9	103380
27	1314878400	16	103380
27	1317470400	10.4	103380
27	1320148800	5.5	103380
27	1322740800	5.4	103380
27	1325419200	2.9	103380
27	1328097600	-0.8	103380
27	1330603200	7.7	103380
27	1333281600	8.7	103380
27	1335873600	14.7	103380
27	1338552000	15.3	103380
27	1341144000	17.5	103380
27	1343822400	18.8	103380
27	1346500800	14.3	103380
27	1349092800	9.8	103380
27	1351771200	6.4	103380
27	1354363200	3	103380
27	1357041600	0.8	103380
27	1359720000	0.5	103380
27	1362139200	-0.2	103380
27	1364817600	8.7	103380
27	1367409600	12.4	103380
27	1370088000	16	103380
27	1372680000	19.4	103380
27	1375358400	18.6	103380
27	1378036800	13.8	103380
27	1380628800	11.8	103380
27	1383307200	5.6	103380
27	1385899200	5.3	103380
27	1388577600	2.6	103380
27	1391256000	6	103380
27	1393675200	7.6	103380
27	1396353600	11.5	103380
27	1398945600	12.8	103380
27	1401624000	16	103380
27	1404216000	20.1	103380
27	1406894400	16.6	103380
27	1409572800	15.7	103380
27	1412164800	13.1	103380
27	1414843200	7.6	103380
27	1417435200	3.7	103380
27	1420113600	3.3	103380
27	1422792000	2.3	103380
27	1425211200	5.8	103380
27	1427889600	8.6	103380
27	1430481600	12.1	103380
34	-15854400	19.6	104000
34	-13176000	17.8	104000
34	-10497600	15	104000
34	-7905600	12.9	104000
34	-5227200	7	104000
34	-2635200	-1.2	104000
34	43200	1.5	104000
34	2721600	1.3	104000
34	5140800	3.3	104000
34	7819200	6.7	104000
34	10411200	13.8	104000
34	13089600	18.4	104000
34	15681600	16.8	104000
34	18360000	18.2	104000
34	21038400	15.3	104000
34	23630400	11	104000
34	26308800	8.4	104000
34	28900800	2.4	104000
34	31579200	3	104000
34	34257600	4	104000
34	36676800	2.9	104000
34	39355200	9.9	104000
34	41947200	15.7	104000
34	44625600	15.2	104000
34	47217600	19.3	104000
34	49896000	18.5	104000
34	52574400	13.7	104000
34	55166400	11	104000
34	57844800	5.5	104000
34	60436800	5.9	104000
34	63115200	1.3	104000
34	65793600	5.1	104000
34	68299200	7.5	104000
34	70977600	8.5	104000
34	73569600	12.8	104000
34	76248000	15.2	104000
34	78840000	18.5	104000
34	81518400	16.7	104000
34	84196800	12.2	104000
34	86788800	9.2	104000
34	89467200	6.2	104000
34	92059200	4.4	104000
34	94737600	3	104000
34	97416000	3	104000
34	99835200	5.8	104000
34	102513600	6.8	104000
34	105105600	13.5	104000
34	107784000	17.9	104000
34	110376000	18.4	104000
34	113054400	19.6	104000
34	115732800	15.9	104000
34	118324800	9.5	104000
34	121003200	5.7	104000
34	123595200	3.1	104000
34	126273600	6.1	104000
34	128952000	5.3	104000
34	131371200	7	104000
34	134049600	10.2	104000
34	136641600	12.6	104000
34	139320000	16	104000
34	141912000	16.6	104000
34	144590400	17.9	104000
34	147268800	14.4	104000
34	149860800	7.4	104000
34	152539200	7.2	104000
34	155131200	7.4	104000
34	157809600	7.2	104000
34	160488000	4.4	104000
34	162907200	5.7	104000
34	165585600	8.7	104000
34	168177600	12.6	104000
34	170856000	16	104000
34	173448000	19.7	104000
34	176126400	21	104000
34	178804800	16.8	104000
34	181396800	9.3	104000
34	184075200	6	104000
34	186667200	3.1	104000
34	189345600	4	104000
34	192024000	4	104000
34	194529600	4	104000
34	197208000	8.7	104000
34	199800000	14.7	104000
34	202478400	19.5	104000
34	205070400	21	104000
34	207748800	18.2	104000
34	210427200	15	104000
34	213019200	12.2	104000
34	215697600	7.2	104000
34	218289600	1.6	104000
34	220968000	3.5	104000
34	223646400	5.9	104000
34	226065600	8.3	104000
34	228744000	7.3	104000
34	231336000	12.9	104000
34	234014400	16.1	104000
34	236606400	18	104000
34	239284800	17.2	104000
34	241963200	13.7	104000
34	244555200	12.7	104000
34	247233600	7.1	104000
34	249825600	5.2	104000
34	252504000	3.5	104000
34	255182400	1.4	104000
34	257601600	7.1	104000
34	260280000	8.6	104000
34	262872000	13.1	104000
34	265550400	16.2	104000
34	268142400	16.7	104000
34	270820800	16.3	104000
34	273499200	14.1	104000
34	276091200	11.5	104000
34	278769600	6.3	104000
34	281361600	2.8	104000
34	284040000	-2.6	104000
34	286718400	0.2	104000
34	289137600	5.7	104000
34	291816000	8.5	104000
34	294408000	13.5	104000
34	297086400	17.3	104000
34	299678400	17.3	104000
34	302356800	16.5	104000
34	305035200	14.7	104000
34	307627200	11.7	104000
34	310305600	6	104000
34	312897600	6.1	104000
34	315576000	0.7	104000
34	318254400	5.7	104000
34	320760000	5.8	104000
34	323438400	8.3	104000
34	326030400	13	104000
34	328708800	16	104000
34	331300800	16.6	104000
34	333979200	18.5	104000
34	336657600	16.5	104000
34	339249600	9.9	104000
34	341928000	5.3	104000
34	344520000	3.6	104000
34	347198400	1.9	104000
34	349876800	1.6	104000
34	352296000	9.4	104000
34	354974400	9.6	104000
34	357566400	14.4	104000
34	360244800	15.9	104000
34	362836800	17.8	104000
34	365515200	17.5	104000
34	368193600	15.6	104000
34	370785600	9.5	104000
34	373464000	6.7	104000
34	376056000	0.9	104000
34	378734400	1.4	104000
34	381412800	3.5	104000
34	383832000	6	104000
34	386510400	8.5	104000
34	389102400	14.1	104000
34	391780800	17.5	104000
34	394372800	20.2	104000
34	397051200	18.4	104000
34	399729600	17.6	104000
34	402321600	11.9	104000
34	4.05e+08	8.8	104000
34	407592000	4.2	104000
34	410270400	6.3	104000
34	412948800	0.8	104000
34	415368000	6.3	104000
34	418046400	10.2	104000
34	420638400	12	104000
34	423316800	18	104000
34	425908800	22	104000
34	428587200	19.8	104000
34	431265600	15.2	104000
34	433857600	11	104000
34	436536000	6.4	104000
34	439128000	4.2	104000
34	441806400	3.7	104000
34	444484800	2.6	104000
34	446990400	4.7	104000
34	449668800	8.7	104000
34	452260800	11.5	104000
34	454939200	14.7	104000
34	457531200	17.2	104000
34	460209600	18.9	104000
34	462888000	14.2	104000
34	465480000	12.4	104000
34	468158400	8.8	104000
34	470750400	4.7	104000
34	473428800	-2.7	104000
34	476107200	-0.6	104000
34	478526400	5	104000
34	481204800	9.7	104000
34	483796800	14.8	104000
34	486475200	14.9	104000
34	489067200	18.6	104000
34	491745600	17.1	104000
34	494424000	15.2	104000
34	497016000	10.8	104000
34	499694400	2.9	104000
34	502286400	6.4	104000
34	504964800	2.6	104000
34	507643200	-4	104000
34	510062400	5.4	104000
34	512740800	7.3	104000
34	515332800	15.4	104000
34	518011200	17.7	104000
34	520603200	18.8	104000
34	523281600	17.7	104000
34	525960000	12.2	104000
34	528552000	12.5	104000
34	531230400	8.7	104000
34	533822400	4.6	104000
34	536500800	-3.1	104000
34	539179200	2.9	104000
34	541598400	2.9	104000
34	544276800	12.1	104000
34	546868800	11	104000
34	549547200	15.4	104000
34	552139200	18.1	104000
34	554817600	17	104000
34	557496000	16.3	104000
34	560088000	11.8	104000
34	562766400	6.4	104000
34	565358400	4.6	104000
34	568036800	6.5	104000
34	570715200	4.5	104000
34	573220800	5.1	104000
34	575899200	10.1	104000
34	578491200	16.1	104000
34	581169600	16	104000
34	583761600	17.8	104000
34	586440000	18.1	104000
34	589118400	14.5	104000
34	591710400	11.6	104000
34	594388800	6.2	104000
34	596980800	6.5	104000
34	599659200	5.2	104000
34	602337600	5.4	104000
34	604756800	9.3	104000
34	607435200	7.9	104000
34	610027200	16	104000
34	612705600	16.9	104000
34	615297600	19.4	104000
34	617976000	19	104000
34	620654400	16.5	104000
34	623246400	13	104000
34	625924800	6.1	104000
34	628516800	5.4	104000
34	631195200	5.7	104000
34	633873600	8.4	104000
34	636292800	8.9	104000
34	638971200	9.2	104000
34	641563200	15.8	104000
34	644241600	16.5	104000
34	646833600	18.2	104000
34	649512000	20.4	104000
34	652190400	13.3	104000
34	654782400	13.4	104000
34	657460800	6.7	104000
34	660052800	3.8	104000
34	662731200	3.8	104000
34	665409600	0.4	104000
34	667828800	9.6	104000
34	670507200	9.3	104000
34	673099200	11.4	104000
34	675777600	14.5	104000
34	678369600	20.7	104000
34	681048000	19.6	104000
34	683726400	16.6	104000
34	686318400	11	104000
34	688996800	6.3	104000
34	691588800	3.6	104000
34	694267200	2.9	104000
34	696945600	5.5	104000
34	699451200	7.5	104000
34	702129600	9.7	104000
34	704721600	16.9	104000
34	707400000	18.2	104000
34	709992000	20.3	104000
34	712670400	20	104000
34	715348800	15.6	104000
34	717940800	8	104000
34	720619200	7.7	104000
34	723211200	3.8	104000
34	725889600	5.2	104000
34	728568000	1.4	104000
34	730987200	6.2	104000
34	733665600	12	104000
34	736257600	15.4	104000
34	738936000	17.3	104000
34	741528000	17.3	104000
34	744206400	16.1	104000
34	746884800	13.7	104000
34	749476800	9.2	104000
34	752155200	2.6	104000
34	754747200	5.3	104000
34	757425600	5	104000
34	760104000	2.3	104000
34	762523200	7.9	104000
34	765201600	9	104000
34	767793600	13.4	104000
34	770472000	16.5	104000
34	773064000	22.8	104000
34	775742400	18.5	104000
34	778420800	14	104000
34	781012800	9.7	104000
34	783691200	10.1	104000
34	786283200	5.8	104000
34	788961600	3.3	104000
34	791640000	6.5	104000
34	794059200	4.9	104000
34	796737600	9.7	104000
34	799329600	13.7	104000
34	802008000	15.5	104000
34	804600000	21.7	104000
34	807278400	20.4	104000
34	809956800	14.1	104000
34	812548800	13.5	104000
34	815227200	6.5	104000
34	817819200	0.3	104000
34	820497600	0.7	104000
34	823176000	0.7	104000
34	825681600	3.5	104000
34	828360000	10.3	104000
34	830952000	11.8	104000
34	833630400	16.6	104000
34	836222400	17	104000
34	838900800	17.9	104000
34	841579200	12.6	104000
34	844171200	10.9	104000
34	846849600	5.6	104000
34	849441600	0.3	104000
34	852120000	-1.1	104000
34	854798400	6.5	104000
34	857217600	8.3	104000
34	859896000	8.2	104000
34	862488000	13.5	104000
34	865166400	16.6	104000
34	867758400	18.1	104000
34	870436800	21.1	104000
34	873115200	14.5	104000
34	875707200	9.7	104000
34	878385600	6.7	104000
34	880977600	5	104000
34	883656000	4.8	104000
34	886334400	6.5	104000
34	888753600	7.6	104000
34	891432000	9.7	104000
34	894024000	15.6	104000
34	896702400	16.8	104000
34	899294400	16.8	104000
34	901972800	17.7	104000
34	904651200	15.1	104000
34	907243200	9.9	104000
34	909921600	3.7	104000
34	912513600	4.1	104000
34	915192000	5.4	104000
34	917870400	2.7	104000
34	920289600	7.8	104000
34	922968000	10.5	104000
34	925560000	15.1	104000
34	928238400	16.4	104000
34	930830400	20.4	104000
34	933508800	18.2	104000
34	936187200	18.4	104000
34	938779200	10.6	104000
34	941457600	6	104000
34	944049600	4.4	104000
34	946728000	4.1	104000
34	949406400	5.6	104000
34	951912000	6.9	104000
34	954590400	11.2	104000
34	957182400	15.7	104000
34	959860800	17.6	104000
34	962452800	15.8	104000
34	965131200	18.5	104000
34	967809600	16.2	104000
34	970401600	11.6	104000
34	973080000	8.3	104000
34	975672000	5.8	104000
34	978350400	3.1	104000
34	981028800	5	104000
34	983448000	6.1	104000
34	986126400	8.6	104000
34	988718400	15.3	104000
34	991396800	15.9	104000
34	993988800	19.6	104000
34	996667200	19.9	104000
34	999345600	13.3	104000
34	1001937600	14.8	104000
34	1004616000	6	104000
34	1007208000	2.6	104000
34	1009886400	4.2	104000
34	1012564800	7.4	104000
34	1014984000	7.5	104000
34	1017662400	9.7	104000
34	1020254400	14.5	104000
34	1022932800	18.1	104000
34	1025524800	18.4	104000
34	1028203200	19.3	104000
34	1030881600	14.6	104000
34	1033473600	10.2	104000
34	1036152000	8.6	104000
34	1038744000	3.7	104000
34	1041422400	2.3	104000
34	1044100800	2.1	104000
34	1046520000	8.3	104000
34	1049198400	10.5	104000
34	1051790400	14.7	104000
34	1054468800	19.9	104000
34	1057060800	20.1	104000
34	1059739200	21.2	104000
34	1062417600	15.6	104000
34	1065009600	7.7	104000
34	1067688000	8.9	104000
34	1070280000	4.3	104000
34	1072958400	3.2	104000
34	1075636800	4.7	104000
34	1078142400	6.2	104000
34	1080820800	10.9	104000
34	1083412800	12.6	104000
34	1086091200	16.2	104000
34	1088683200	17.6	104000
34	1091361600	19.6	104000
34	1094040000	15.8	104000
34	1096632000	12.1	104000
34	1099310400	5.9	104000
34	1101902400	2.4	104000
34	1104580800	4.7	104000
34	1107259200	1.9	104000
34	1109678400	7.2	104000
34	1112356800	11.1	104000
34	1114948800	13.8	104000
34	1117627200	17.8	104000
34	1120219200	19	104000
34	1122897600	16.5	104000
34	1125576000	16.5	104000
34	1128168000	13.6	104000
34	1130846400	6.2	104000
34	1133438400	3.5	104000
34	1136116800	1	104000
34	1138795200	2.2	104000
34	1141214400	3.9	104000
34	1143892800	9.2	104000
34	1146484800	14.7	104000
34	1149163200	17.8	104000
34	1151755200	23.6	104000
34	1154433600	16.3	104000
34	1157112000	18.7	104000
34	1159704000	14.3	104000
34	1162382400	9.2	104000
34	1164974400	6.2	104000
34	1167652800	6.7	104000
34	1170331200	6.4	104000
34	1172750400	8.1	104000
34	1175428800	13.6	104000
34	1178020800	15.2	104000
34	1180699200	18.3	104000
34	1183291200	18.1	104000
34	1185969600	17.5	104000
34	1188648000	14	104000
34	1191240000	10.1	104000
34	1193918400	6.3	104000
34	1196510400	3.7	104000
34	1199188800	6.2	104000
34	1201867200	5.3	104000
34	1204372800	6.1	104000
34	1207051200	9.1	104000
34	1209643200	16.2	104000
34	1212321600	17.2	104000
34	1214913600	18.4	104000
34	1217592000	18.3	104000
34	1220270400	13.7	104000
34	1222862400	10.4	104000
34	1225540800	6.8	104000
34	1228132800	2.4	104000
34	1230811200	-0.2	104000
34	1233489600	3.3	104000
34	1235908800	6.2	104000
34	1238587200	13.2	104000
34	1241179200	14.8	104000
34	1243857600	16.3	104000
34	1246449600	19	104000
34	1249128000	19.3	104000
34	1251806400	15.6	104000
34	1254398400	10.4	104000
34	1257076800	9.8	104000
34	1259668800	2.6	104000
34	1262347200	-0.6	104000
34	1265025600	2.2	104000
34	1267444800	6.4	104000
34	1270123200	10.3	104000
34	1272715200	11.1	104000
34	1275393600	17.6	104000
34	1277985600	21.6	104000
34	1280664000	17.5	104000
34	1283342400	13.8	104000
34	1285934400	10.2	104000
34	1288612800	6.2	104000
34	1291204800	-1.4	104000
34	1293883200	3.1	104000
34	1296561600	4.6	104000
34	1298980800	6.8	104000
34	1301659200	13.4	104000
34	1304251200	15.4	104000
34	1306929600	17.2	104000
34	1309521600	16.6	104000
34	1312200000	18.1	104000
34	1314878400	16.7	104000
34	1317470400	11.6	104000
34	1320148800	7.7	104000
34	1322740800	5.8	104000
34	1325419200	4.4	104000
34	1328097600	0.3	104000
34	1330603200	8.9	104000
34	1333281600	9.1	104000
34	1335873600	15.2	104000
34	1338552000	15.8	104000
34	1341144000	18.1	104000
34	1343822400	19.7	104000
34	1346500800	14.4	104000
34	1349092800	10.8	104000
34	1351771200	7.1	104000
34	1354363200	4.7	104000
34	1357041600	2.2	104000
34	1359720000	1.3	104000
34	1362139200	2.6	104000
34	1364817600	9.3	104000
34	1367409600	12.2	104000
34	1370088000	16.3	104000
34	1372680000	20.3	104000
34	1375358400	19.2	104000
34	1378036800	14.8	104000
34	1380628800	12.5	104000
34	1383307200	6.2	104000
34	1385899200	5.9	104000
34	1388577600	5.7	104000
34	1391256000	6.8	104000
34	1393675200	8.8	104000
34	1396353600	12.5	104000
34	1398945600	13.3	104000
34	1401624000	16.7	104000
34	1404216000	20.1	104000
34	1406894400	16.6	104000
34	1409572800	16	104000
34	1412164800	13.6	104000
34	1414843200	8.6	104000
34	1417435200	4.5	104000
34	1420113600	3.7	104000
34	1422792000	3.1	104000
34	1425211200	6.4	104000
34	1427889600	9.7	104000
34	1430481600	13.3	104000
35	-2606126400	16.6	104100
35	-2603534400	19.7	104100
35	-2600856000	17.2	104100
35	-2598177600	13.1	104100
35	-2595585600	6.7	104100
35	-2592907200	4.7	104100
35	-2590315200	1.2	104100
35	-2587636800	0.2	104100
35	-2584958400	-1.4	104100
35	-2582452800	3	104100
35	-2579774400	6.9	104100
35	-2577182400	12.7	104100
35	-2574504000	17	104100
35	-2571912000	15.6	104100
35	-2569233600	15.9	104100
35	-2566555200	13.6	104100
35	-2563963200	7.9	104100
35	-2561284800	6	104100
35	-2558692800	3.2	104100
35	-2556014400	0.4	104100
35	-2553336000	0	104100
35	-2550916800	3	104100
35	-2548238400	8.8	104100
35	-2545646400	17.1	104100
35	-2542968000	20.3	104100
35	-2540376000	17.1	104100
35	-2537697600	16.2	104100
35	-2535019200	12.7	104100
35	-2532427200	9.9	104100
35	-2529748800	4.2	104100
35	-2527156800	0.3	104100
35	-2524478400	4.2	104100
35	-2521800000	0	104100
35	-2519380800	5.6	104100
35	-2516702400	7.1	104100
35	-2514110400	14.2	104100
35	-2511432000	15	104100
35	-2508840000	16.6	104100
35	-2506161600	16.9	104100
35	-2503483200	14.6	104100
35	-2500891200	8.4	104100
35	-2498212800	5	104100
35	-2495620800	-4.6	104100
35	-2492942400	-2.1	104100
35	-2490264000	1.8	104100
35	-2487844800	4.4	104100
35	-2485166400	6.2	104100
35	-2482574400	13.2	104100
35	-2479896000	15.9	104100
35	-2477304000	16.6	104100
35	-2474625600	15.8	104100
35	-2471947200	15.3	104100
35	-2469355200	11.5	104100
35	-2466676800	5.2	104100
35	-2464084800	4.4	104100
35	-2461406400	1.2	104100
35	-2458728000	3.1	104100
35	-2456222400	2.5	104100
35	-2453544000	8.2	104100
35	-2450952000	13.7	104100
35	-2448273600	15.7	104100
35	-2445681600	16.6	104100
35	-2443003200	18.3	104100
35	-2440324800	14.6	104100
35	-2437732800	9.2	104100
35	-2435054400	6.6	104100
35	-2432462400	0.3	104100
35	-2429784000	-3.5	104100
35	-2427105600	4.4	104100
35	-2424686400	7	104100
35	-2422008000	11.3	104100
35	-2419416000	14.6	104100
35	-2416737600	16.9	104100
35	-2414145600	18.4	104100
35	-2411467200	18.7	104100
35	-2408788800	13.4	104100
35	-2406196800	11.5	104100
35	-2403518400	4	104100
35	-2400926400	3.2	104100
35	-2398248000	1.4	104100
35	-2395569600	3.8	104100
35	-2393150400	7.1	104100
35	-2390472000	12.2	104100
35	-2387880000	12.8	104100
35	-2385201600	15.9	104100
35	-2382609600	18.7	104100
35	-2379931200	16.4	104100
35	-2377252800	12.7	104100
35	-2374660800	10.4	104100
35	-2371982400	7.4	104100
35	-2369390400	3.8	104100
35	-2366712000	-1.4	104100
35	-2364033600	-4.2	104100
35	-2361614400	4.3	104100
35	-2358936000	10.7	104100
35	-2356344000	14.8	104100
35	-2353665600	17.7	104100
35	-2351073600	18.3	104100
35	-2348395200	18.3	104100
35	-2345716800	16.7	104100
35	-2343124800	8.9	104100
35	-2340446400	7.6	104100
35	-2337854400	2.8	104100
35	-2335176000	2.5	104100
35	-2332497600	3.1	104100
35	-2329992000	7.8	104100
35	-2327313600	7.8	104100
35	-2324721600	12.6	104100
35	-2322043200	18.6	104100
35	-2319451200	18.4	104100
35	-2316772800	15.5	104100
35	-2314094400	14.8	104100
35	-2311502400	9.7	104100
35	-2308824000	2.8	104100
35	-2306232000	2.4	104100
36	-4828161600	5.1	104247
36	-4825483200	5.5	104247
36	-4823064000	6.1	104247
36	-4820385600	8.2	104247
36	-4817793600	15.5	104247
36	-4815115200	21.4	104247
36	-4812523200	19.1	104247
36	-4809844800	19.1	104247
36	-4807166400	20	104247
36	-4804574400	9	104247
36	-4801896000	11	104247
36	-4799304000	1.9	104247
36	-4796625600	4.3	104247
36	-4793947200	4.7	104247
36	-4791528000	7.4	104247
36	-4788849600	12.9	104247
36	-4786257600	16	104247
36	-4783579200	20.9	104247
36	-4780987200	21.9	104247
36	-4778308800	20.1	104247
36	-4775630400	19.2	104247
36	-4773038400	14.4	104247
36	-4770360000	9.9	104247
36	-4767768000	2.6	104247
36	-4765089600	4.4	104247
36	-4762411200	4.4	104247
36	-4759992000	6.4	104247
36	-4757313600	12.9	104247
36	-4754721600	18	104247
36	-4752043200	19.5	104247
36	-4749451200	22.1	104247
36	-4746772800	21.6	104247
36	-4744094400	17.9	104247
36	-4741502400	10.5	104247
36	-4738824000	4	104247
37	-1580558400	-0.5	104270
37	-1577880000	-0.7	104270
37	-1575201600	1.9	104270
37	-1572696000	3.1	104270
37	-1570017600	4.6	104270
37	-1567425600	9.3	104270
37	-1564747200	10.8	104270
37	-1562155200	12.9	104270
37	-1559476800	10.2	104270
37	-1556798400	9.2	104270
38	-599572800	2.9	104300
38	-596894400	2.8	104300
38	-594475200	2.7	104300
38	-591796800	7.1	104300
38	-589204800	12	104300
38	-586526400	15.1	104300
38	-583934400	17	104300
38	-581256000	16.9	104300
38	-578577600	15	104300
38	-575985600	8.8	104300
38	-573307200	7.8	104300
38	-570715200	3.9	104300
38	-568036800	1.1	104300
38	-565358400	1.1	104300
38	-562852800	3.9	104300
38	-560174400	11	104300
38	-557582400	12.8	104300
38	-554904000	15	104300
38	-552312000	18	104300
38	-549633600	17.2	104300
38	-546955200	10.7	104300
38	-544363200	7.5	104300
38	-541684800	2.4	104300
38	-539092800	0.6	104300
38	-536414400	0.1	104300
38	-533736000	1.3	104300
38	-531316800	5.2	104300
38	-528638400	10	104300
38	-526046400	13.2	104300
38	-523368000	16.2	104300
38	-520776000	17.3	104300
38	-518097600	16.6	104300
38	-515419200	13.7	104300
38	-512827200	11.6	104300
38	-510148800	6.9	104300
38	-507556800	4.6	104300
38	-504878400	-2	104300
38	-502200000	-1	104300
38	-499780800	5.7	104300
38	-497102400	6.5	104300
38	-494510400	12.9	104300
38	-491832000	15.9	104300
38	-489240000	13.7	104300
38	-486561600	16.2	104300
38	-483883200	13.7	104300
38	-481291200	11.1	104300
38	-478612800	6.1	104300
38	-476020800	4.4	104300
38	-473342400	-0.5	104300
38	-470664000	-1.1	104300
38	-468244800	1	104300
38	-465566400	7.8	104300
38	-462974400	10.3	104300
38	-460296000	14.6	104300
38	-457704000	17.2	104300
38	-455025600	16.9	104300
38	-452347200	14	104300
38	-449755200	8.7	104300
38	-447076800	5.2	104300
38	-444484800	3.8	104300
38	-441806400	1.1	104300
38	-439128000	-8.7	104300
38	-436622400	4.5	104300
38	-433944000	5.6	104300
38	-431352000	13	104300
38	-428673600	13	104300
38	-426081600	16.9	104300
38	-423403200	14.1	104300
38	-420724800	14.5	104300
38	-418132800	9.1	104300
38	-415454400	4.1	104300
38	-412862400	4.2	104300
38	-410184000	2	104300
38	-407505600	5	104300
38	-405086400	7.7	104300
38	-402408000	8.2	104300
38	-399816000	10	104300
38	-397137600	16.7	104300
38	-394545600	17.7	104300
38	-391867200	15.2	104300
38	-389188800	12	104300
38	-386596800	10.5	104300
38	-383918400	5.5	104300
38	-381326400	1.7	104300
38	-378648000	1.3	104300
38	-375969600	3.3	104300
38	-373550400	0.5	104300
38	-370872000	6	104300
38	-368280000	13.2	104300
38	-365601600	14.5	104300
38	-363009600	16.6	104300
38	-360331200	17.6	104300
38	-357652800	15.3	104300
38	-355060800	10.2	104300
38	-352382400	4.7	104300
38	-349790400	3.9	104300
38	-347112000	1.1	104300
38	-344433600	1.7	104300
38	-342014400	7.4	104300
38	-339336000	10.2	104300
38	-336744000	13.3	104300
38	-334065600	16.7	104300
38	-331473600	19.7	104300
38	-328795200	17.6	104300
38	-326116800	14.6	104300
38	-323524800	10.6	104300
38	-320846400	4.9	104300
38	-318254400	3.7	104300
38	-315576000	1.2	104300
38	-312897600	2.3	104300
38	-310392000	5.6	104300
38	-307713600	8.5	104300
38	-305121600	13	104300
38	-302443200	16.2	104300
38	-299851200	15.6	104300
38	-297172800	15.9	104300
38	-294494400	13.2	104300
38	-291902400	10.7	104300
38	-289224000	7.3	104300
38	-286632000	2	104300
38	-283953600	0.7	104300
38	-281275200	6.4	104300
38	-278856000	6.5	104300
38	-276177600	10.9	104300
38	-273585600	10.3	104300
38	-270907200	15.9	104300
38	-268315200	14.9	104300
38	-265636800	15.9	104300
38	-262958400	17.6	104300
38	-260366400	11.6	104300
38	-257688000	4.8	104300
38	-255096000	1.1	104300
38	-252417600	3	104300
38	-249739200	1.5	104300
38	-247320000	0.8	104300
38	-244641600	8.7	104300
38	-242049600	9.7	104300
38	-239371200	13.8	104300
38	-236779200	14.7	104300
38	-234100800	15.2	104300
38	-231422400	12.9	104300
38	-228830400	10	104300
38	-226152000	3.8	104300
38	-223560000	-1.6	104300
38	-220881600	-7.2	104300
38	-218203200	-4.2	104300
38	-215784000	4.1	104300
38	-213105600	9.5	104300
38	-210513600	12.2	104300
38	-207835200	16.2	104300
38	-205243200	17.5	104300
38	-202564800	15.9	104300
38	-199886400	14	104300
38	-197294400	9.1	104300
38	-194616000	8.6	104300
38	-192024000	-1.7	104300
38	-189345600	-0.5	104300
38	-186667200	2.2	104300
38	-184161600	1.7	104300
38	-181483200	9	104300
38	-178891200	14.2	104300
38	-176212800	16.9	104300
38	-173620800	17.9	104300
38	-170942400	16.3	104300
38	-168264000	14.2	104300
38	-165672000	7.9	104300
38	-162993600	5.6	104300
38	-160401600	2	104300
38	-157723200	2.3	104300
38	-155044800	-0.7	104300
38	-152625600	3.2	104300
38	-149947200	7.2	104300
38	-147355200	11.9	104300
38	-144676800	15.5	104300
38	-142084800	14.7	104300
38	-139406400	14.8	104300
38	-136728000	13.1	104300
38	-134136000	9.7	104300
38	-131457600	2.2	104300
38	-128865600	3.6	104300
38	-126187200	-0.9	104300
38	-123508800	5.1	104300
38	-121089600	4	104300
38	-118411200	9.4	104300
38	-115819200	13.4	104300
38	-113140800	17	104300
38	-110548800	15.5	104300
38	-107870400	15.7	104300
38	-105192000	13.2	104300
38	-102600000	11.9	104300
38	-99921600	3.4	104300
38	-97329600	3	104300
38	-94651200	2.8	104300
38	-91972800	4.2	104300
38	-89553600	6.2	104300
38	-86875200	6.8	104300
38	-84283200	12.7	104300
38	-81604800	14.8	104300
38	-79012800	18.6	104300
38	-76334400	16.4	104300
38	-73656000	14.2	104300
38	-71064000	11.8	104300
38	-68385600	4.8	104300
38	-65793600	1.5	104300
38	-63115200	-0.3	104300
38	-60436800	1.2	104300
38	-57931200	5.3	104300
38	-55252800	10	104300
38	-52660800	11.1	104300
38	-49982400	15.9	104300
38	-47390400	16.3	104300
38	-44712000	16.7	104300
38	-42033600	14.2	104300
38	-39441600	11.2	104300
38	-36763200	4.8	104300
38	-34171200	-0.4	104300
38	-31492800	3.1	104300
38	-28814400	-1	104300
38	-26395200	1.1	104300
38	-23716800	7.9	104300
38	-21124800	13.2	104300
38	-18446400	15.2	104300
38	-15854400	18.8	104300
38	-13176000	17.1	104300
38	-10497600	14	104300
38	-7905600	12.2	104300
38	-5227200	6	104300
38	-2635200	-3	104300
38	43200	-0.8	104300
38	2721600	-0.4	104300
38	5140800	1.9	104300
38	7819200	5.8	104300
38	10411200	12.6	104300
38	13089600	17.4	104300
38	15681600	16	104300
38	18360000	16.7	104300
38	21038400	13.4	104300
38	23630400	9.9	104300
38	26308800	7	104300
38	28900800	1.6	104300
38	31579200	0.2	104300
38	34257600	2.9	104300
38	36676800	2	104300
38	39355200	8.7	104300
38	41947200	14.7	104300
38	44625600	14	104300
38	47217600	17.5	104300
38	49896000	18.1	104300
38	52574400	12.3	104300
38	55166400	9.5	104300
38	57844800	3.9	104300
38	60436800	4.7	104300
38	63115200	-0.9	104300
38	65793600	3.8	104300
38	68299200	6.1	104300
38	70977600	7.3	104300
38	73569600	11.2	104300
38	76248000	14	104300
38	78840000	17.6	104300
38	81518400	15.6	104300
38	84196800	10.8	104300
38	86788800	8.3	104300
38	89467200	5.2	104300
38	92059200	3.1	104300
38	94737600	1.5	104300
38	97416000	1.6	104300
38	99835200	4.6	104300
38	102513600	5.2	104300
38	105105600	12.5	104300
38	107784000	16.4	104300
38	110376000	17.5	104300
38	113054400	18.3	104300
38	115732800	15.2	104300
38	118324800	8.4	104300
38	121003200	4.4	104300
38	123595200	1.7	104300
38	126273600	4.7	104300
38	128952000	4	104300
38	131371200	6.5	104300
38	134049600	9	104300
38	136641600	11.2	104300
38	139320000	14	104300
38	141912000	14.7	104300
38	144590400	17	104300
38	147268800	13.4	104300
38	149860800	6.1	104300
38	152539200	6.1	104300
38	155131200	6.2	104300
38	157809600	6.1	104300
38	160488000	3.1	104300
38	162907200	4.4	104300
38	165585600	7.3	104300
38	168177600	11.1	104300
38	170856000	14.4	104300
38	173448000	18.1	104300
38	176126400	19.8	104300
38	178804800	15.6	104300
38	181396800	8.1	104300
38	184075200	4.4	104300
38	186667200	2.2	104300
38	189345600	2.4	104300
38	192024000	2.6	104300
38	194529600	2	104300
38	197208000	7.3	104300
38	199800000	13.2	104300
38	202478400	17.1	104300
38	205070400	19.6	104300
38	207748800	16.5	104300
38	210427200	13.3	104300
38	213019200	10.8	104300
38	215697600	5.9	104300
38	218289600	0.2	104300
38	220968000	1.8	104300
38	223646400	4.3	104300
38	226065600	6.8	104300
38	228744000	5.9	104300
38	231336000	11.6	104300
38	234014400	14.8	104300
38	236606400	16.2	104300
38	239284800	16.1	104300
38	241963200	12.3	104300
38	244555200	11.6	104300
38	247233600	5.8	104300
38	249825600	4	104300
38	252504000	1.8	104300
38	255182400	-0.4	104300
38	257601600	5.9	104300
38	260280000	7.3	104300
38	262872000	12	104300
38	265550400	14.7	104300
38	268142400	15.4	104300
38	270820800	15.1	104300
38	273499200	12.4	104300
38	276091200	10.3	104300
38	278769600	5.4	104300
38	281361600	1.4	104300
38	284040000	-3.8	104300
38	286718400	-1.6	104300
38	289137600	4	104300
38	291816000	7.2	104300
38	294408000	12.4	104300
38	297086400	16.3	104300
38	299678400	15.4	104300
38	302356800	15.6	104300
38	305035200	13.5	104300
38	307627200	10.3	104300
38	310305600	4.5	104300
38	312897600	4.9	104300
38	315576000	-1	104300
38	318254400	3.9	104300
38	320760000	4.4	104300
38	323438400	7.1	104300
38	326030400	11.5	104300
38	328708800	14.9	104300
38	331300800	15.4	104300
38	333979200	17.1	104300
38	336657600	15	104300
38	339249600	8.6	104300
38	341928000	3.9	104300
38	344520000	2.3	104300
38	347198400	-0.1	104300
38	349876800	0.4	104300
38	352296000	8	104300
38	354974400	8.6	104300
38	357566400	13.9	104300
38	360244800	15.2	104300
38	362836800	16.4	104300
38	365515200	16.6	104300
38	368193600	14.8	104300
38	370785600	8.1	104300
38	373464000	5.3	104300
38	376056000	-1.2	104300
38	378734400	0.7	104300
38	381412800	2.2	104300
38	383832000	4.8	104300
38	386510400	7.1	104300
38	389102400	12.8	104300
38	391780800	16.3	104300
38	394372800	18.7	104300
38	397051200	17.5	104300
38	399729600	16.6	104300
38	402321600	11.1	104300
38	4.05e+08	7.5	104300
38	407592000	3	104300
38	410270400	5.2	104300
38	412948800	-1	104300
38	415368000	5	104300
38	418046400	9	104300
38	420638400	10.9	104300
38	423316800	16.1	104300
38	425908800	20.5	104300
38	428587200	18.8	104300
38	431265600	14.1	104300
38	433857600	9.8	104300
38	436536000	5.4	104300
38	439128000	2.7	104300
38	441806400	2.2	104300
38	444484800	1.2	104300
38	446990400	3.3	104300
38	449668800	7.2	104300
38	452260800	10.7	104300
38	454939200	13.3	104300
38	457531200	15.6	104300
38	460209600	17.5	104300
38	462888000	13.1	104300
38	465480000	11.2	104300
38	468158400	7.5	104300
38	470750400	3.1	104300
38	473428800	-4.5	104300
38	476107200	-2.1	104300
38	478526400	3.7	104300
38	481204800	8	104300
38	483796800	13.8	104300
38	486475200	13.4	104300
38	489067200	17	104300
38	491745600	16	104300
38	494424000	13.7	104300
38	497016000	9.7	104300
38	499694400	1.4	104300
38	502286400	5.1	104300
38	504964800	1.2	104300
38	507643200	-6.1	104300
38	510062400	4.2	104300
38	512740800	6.3	104300
38	515332800	13.9	104300
38	518011200	16.2	104300
38	520603200	17	104300
38	523281600	16.3	104300
38	525960000	11	104300
38	528552000	10.9	104300
38	531230400	7.6	104300
38	533822400	3.5	104300
38	536500800	-5.3	104300
38	539179200	1.1	104300
38	541598400	0.2	104300
38	544276800	10	104300
38	546868800	9.7	104300
38	549547200	13.8	104300
38	552139200	16.7	104300
38	554817600	15.7	104300
38	557496000	14.9	104300
38	560088000	10.6	104300
38	562766400	5.5	104300
38	565358400	3.5	104300
38	568036800	5.3	104300
38	570715200	3	104300
38	573220800	3.4	104300
38	575899200	8.2	104300
38	578491200	14.8	104300
38	581169600	14.4	104300
38	583761600	16.8	104300
38	586440000	17	104300
38	589118400	13.5	104300
38	591710400	10.3	104300
38	594388800	4.4	104300
38	596980800	4.6	104300
38	599659200	3.8	104300
38	602337600	4.6	104300
38	604756800	8	104300
38	607435200	7	104300
38	610027200	14	104300
38	612705600	15.3	104300
38	615297600	17.7	104300
38	617976000	17.4	104300
38	620654400	15	104300
38	623246400	11.6	104300
38	625924800	4.6	104300
38	628516800	4.3	104300
38	631195200	4.5	104300
38	633873600	6.8	104300
38	636292800	7.6	104300
38	638971200	7.6	104300
38	641563200	13.5	104300
38	644241600	15.1	104300
38	646833600	16.4	104300
38	649512000	19	104300
38	652190400	11.9	104300
38	654782400	11.9	104300
38	657460800	5.2	104300
38	660052800	2.1	104300
38	662731200	2.8	104300
38	665409600	-1.3	104300
38	667828800	7.8	104300
38	670507200	7.3	104300
38	673099200	9.3	104300
38	675777600	12.8	104300
38	678369600	19.1	104300
38	681048000	17.6	104300
38	683726400	15.4	104300
38	686318400	9.4	104300
38	688996800	5	104300
38	691588800	2.1	104300
38	694267200	2	104300
38	696945600	4.2	104300
38	699451200	5.6	104300
38	702129600	8.1	104300
38	704721600	15	104300
38	707400000	16.9	104300
38	709992000	18.8	104300
38	712670400	18.9	104300
38	715348800	14.3	104300
38	717940800	6.7	104300
38	720619200	6.6	104300
38	723211200	2.9	104300
38	725889600	3.5	104300
38	728568000	-0.1	104300
38	730987200	4.4	104300
38	733665600	11.2	104300
38	736257600	14.6	104300
38	738936000	15.7	104300
38	741528000	15.8	104300
38	744206400	15	104300
38	746884800	12.5	104300
38	749476800	8.7	104300
38	752155200	1.5	104300
38	754747200	4	104300
38	757425600	4.2	104300
38	760104000	0.3	104300
38	762523200	6.6	104300
38	765201600	8.6	104300
38	767793600	12.6	104300
38	770472000	15.4	104300
38	773064000	21.5	104300
38	775742400	17.8	104300
38	778420800	13.4	104300
38	781012800	8.6	104300
38	783691200	8.3	104300
38	786283200	4.8	104300
38	788961600	1.1	104300
38	791640000	5.4	104300
38	794059200	3.4	104300
38	796737600	8.4	104300
38	799329600	12.3	104300
38	802008000	13.9	104300
38	804600000	20	104300
38	807278400	19	104300
38	809956800	13.1	104300
38	812548800	12.7	104300
38	815227200	4.6	104300
38	817819200	-1.2	104300
38	820497600	-1.5	104300
38	823176000	-1	104300
38	825681600	2	104300
38	828360000	8.7	104300
38	830952000	10.8	104300
38	833630400	14.9	104300
38	836222400	15.4	104300
38	838900800	17.4	104300
38	841579200	11	104300
38	844171200	10	104300
38	846849600	5	104300
38	849441600	-1	104300
38	852120000	-1.3	104300
38	854798400	5.4	104300
38	857217600	6.8	104300
38	859896000	6.1	104300
38	862488000	12.2	104300
38	865166400	15.9	104300
38	867758400	16.8	104300
38	870436800	20.5	104300
38	873115200	14.2	104300
38	875707200	8.2	104300
38	878385600	5.4	104300
38	880977600	3.4	104300
38	883656000	3.4	104300
38	886334400	5.5	104300
38	888753600	5.9	104300
38	891432000	8.9	104300
38	894024000	13.8	104300
38	896702400	16	104300
38	899294400	15.6	104300
38	901972800	16.2	104300
38	904651200	14.3	104300
38	907243200	8.7	104300
38	909921600	2.8	104300
38	912513600	2.3	104300
38	915192000	4.4	104300
38	917870400	1	104300
38	920289600	6.4	104300
38	922968000	9.6	104300
38	925560000	13.7	104300
38	928238400	15.1	104300
38	930830400	19.1	104300
38	933508800	17.1	104300
38	936187200	18.3	104300
38	938779200	9.8	104300
38	941457600	4.6	104300
38	944049600	3.3	104300
38	946728000	2.5	104300
38	949406400	4.9	104300
38	951912000	5.8	104300
38	954590400	10.4	104300
38	957182400	14.8	104300
38	959860800	16.6	104300
38	962452800	14.9	104300
38	965131200	17.3	104300
38	967809600	15.1	104300
38	970401600	11.2	104300
38	973080000	7.5	104300
38	975672000	4.6	104300
38	978350400	2.2	104300
38	981028800	3.7	104300
38	983448000	4.3	104300
38	986126400	7.3	104300
38	988718400	14	104300
38	991396800	14.1	104300
38	993988800	18.6	104300
38	996667200	18.9	104300
38	999345600	12.2	104300
38	1001937600	13.8	104300
38	1004616000	5	104300
38	1007208000	1.1	104300
38	1009886400	2.8	104300
38	1012564800	6	104300
38	1014984000	6	104300
38	1017662400	8.3	104300
38	1020254400	13.7	104300
38	1022932800	16.7	104300
38	1025524800	17.1	104300
38	1028203200	18.7	104300
38	1030881600	13.4	104300
38	1033473600	8.7	104300
38	1036152000	7	104300
38	1038744000	1.3	104300
38	1041422400	0.8	104300
38	1044100800	-0.4	104300
38	1046520000	6.5	104300
38	1049198400	9	104300
38	1051790400	13.7	104300
38	1054468800	18.4	104300
38	1057060800	19.1	104300
38	1059739200	20.5	104300
38	1062417600	14	104300
38	1065009600	6.6	104300
38	1067688000	7.7	104300
38	1070280000	3	104300
38	1072958400	1.5	104300
38	1075636800	3.1	104300
38	1078142400	4.4	104300
38	1080820800	9.7	104300
38	1083412800	11.1	104300
38	1086091200	15	104300
38	1088683200	16.3	104300
38	1091361600	19	104300
38	1094040000	14.6	104300
38	1096632000	11	104300
38	1099310400	4.6	104300
38	1101902400	2	104300
38	1104580800	3.2	104300
38	1107259200	-0.1	104300
38	1109678400	5	104300
38	1112356800	10	104300
38	1114948800	12.7	104300
38	1117627200	16.1	104300
38	1120219200	17.9	104300
38	1122897600	15.6	104300
38	1125576000	15.6	104300
38	1128168000	12.7	104300
38	1130846400	5.6	104300
38	1133438400	2.2	104300
38	1136116800	-0.6	104300
38	1138795200	0.2	104300
38	1141214400	2.2	104300
38	1143892800	7.8	104300
38	1146484800	13.6	104300
38	1149163200	16.6	104300
38	1151755200	22.5	104300
38	1154433600	15.8	104300
38	1157112000	18.1	104300
38	1159704000	13.7	104300
38	1162382400	8.2	104300
38	1164974400	5.8	104300
38	1167652800	5.7	104300
38	1170331200	5.1	104300
38	1172750400	7.1	104300
38	1175428800	12.3	104300
38	1178020800	14.6	104300
38	1180699200	17.6	104300
38	1183291200	17.2	104300
38	1185969600	16.5	104300
38	1188648000	13.1	104300
38	1191240000	9.4	104300
38	1193918400	5.3	104300
38	1196510400	3	104300
38	1199188800	5.2	104300
38	1201867200	4.4	104300
38	1204372800	4.8	104300
38	1207051200	8	104300
38	1209643200	15.2	104300
38	1212321600	16.8	104300
38	1214913600	18.2	104300
38	1217592000	17.5	104300
38	1220270400	13	104300
38	1222862400	9.7	104300
38	1225540800	6.1	104300
38	1228132800	1.8	104300
38	1230811200	-1.3	104300
38	1233489600	1.6	104300
38	1235908800	4.9	104300
38	1238587200	12.8	104300
38	1241179200	13.8	104300
38	1243857600	14.8	104300
38	1246449600	18.2	104300
38	1249128000	18.9	104300
38	1251806400	14.9	104300
38	1254398400	8.6	104300
38	1257076800	9	104300
38	1259668800	1.3	104300
38	1262347200	-2.4	104300
38	1265025600	0.6	104300
38	1267444800	4.8	104300
38	1270123200	9.3	104300
38	1272715200	9.9	104300
38	1275393600	16.6	104300
38	1277985600	21.2	104300
38	1280664000	16.5	104300
38	1283342400	12.8	104300
38	1285934400	9.4	104300
38	1288612800	5.4	104300
38	1291204800	-3.1	104300
38	1293883200	2.1	104300
38	1296561600	2.7	104300
38	1298980800	5.3	104300
38	1301659200	12.6	104300
38	1304251200	14.2	104300
38	1306929600	16.8	104300
38	1309521600	16.1	104300
38	1312200000	17.9	104300
38	1314878400	15.9	104300
38	1317470400	10.5	104300
38	1320148800	6.9	104300
38	1322740800	4.9	104300
38	1325419200	2.8	104300
38	1328097600	-1.2	104300
38	1330603200	8	104300
38	1333281600	8.6	104300
38	1335873600	14.4	104300
38	1338552000	14.9	104300
38	1341144000	17.1	104300
38	1343822400	19	104300
38	1346500800	13.6	104300
38	1349092800	9.6	104300
38	1351771200	6.1	104300
38	1354363200	3.3	104300
38	1357041600	1	104300
38	1359720000	0.2	104300
38	1362139200	0.4	104300
38	1364817600	8.5	104300
38	1367409600	11.7	104300
38	1370088000	15.7	104300
38	1372680000	19.1	104300
38	1375358400	18.6	104300
38	1378036800	13.7	104300
38	1380628800	11.6	104300
38	1383307200	5.1	104300
38	1385899200	5	104300
38	1388577600	4	104300
38	1391256000	5.7	104300
38	1393675200	7.8	104300
38	1396353600	11.5	104300
38	1398945600	12.5	104300
38	1401624000	15.4	104300
38	1404216000	19.5	104300
38	1406894400	16	104300
38	1409572800	15.4	104300
38	1412164800	12.8	104300
38	1414843200	7.8	104300
38	1417435200	3.5	104300
38	1420113600	2.9	104300
38	1422792000	2	104300
38	1425211200	5.6	104300
38	1427889600	8.3	104300
38	1430481600	12.1	104300
39	-3376555200	2.7	104380
39	-3373876800	2.3	104380
39	-3371457600	4.8	104380
39	-3368779200	7.9	104380
39	-3366187200	11.6	104380
39	-3363508800	14.8	104380
39	-3360916800	14.9	104380
39	-3358238400	16.7	104380
39	-3355560000	11.5	104380
39	-3352968000	9.5	104380
39	-3350289600	2.1	104380
39	-3347697600	2.3	104380
39	-3345019200	-5.5	104380
39	-3342340800	-0.8	104380
39	-3339835200	4.5	104380
39	-3337156800	6.3	104380
39	-3334564800	10.4	104380
39	-3331886400	14.7	104380
39	-3329294400	15.3	104380
39	-3326616000	13.2	104380
39	-3323937600	11.9	104380
39	-3321345600	6.8	104380
39	-3318667200	1.4	104380
39	-3316075200	-3.5	104380
39	-3313396800	-0.1	104380
39	-3310718400	-4.3	104380
39	-3308299200	-0.8	104380
39	-3305620800	10.1	104380
39	-3303028800	15.2	104380
39	-3300350400	13.4	104380
39	-3297758400	18.7	104380
39	-3295080000	15.2	104380
39	-3292401600	13.7	104380
39	-3289809600	7.8	104380
39	-3287131200	4.9	104380
39	-3284539200	-0.6	104380
39	-3281860800	3.2	104380
39	-3279182400	3.9	104380
39	-3276763200	3.1	104380
39	-3274084800	8.5	104380
39	-3271492800	9	104380
39	-3268814400	16.3	104380
39	-3266222400	14.9	104380
39	-3263544000	14	104380
39	-3260865600	13.3	104380
39	-3258273600	4.8	104380
39	-3255595200	3.8	104380
39	-3253003200	2	104380
39	-3250324800	-0.5	104380
39	-3247646400	4.8	104380
39	-3245227200	2	104380
39	-3242548800	8.1	104380
39	-3239956800	10.8	104380
39	-3237278400	14.4	104380
39	-3234686400	14.5	104380
39	-3232008000	14.9	104380
39	-3229329600	12.8	104380
39	-3226737600	7.3	104380
39	-3224059200	2.9	104380
39	-3221467200	-1.5	104380
39	-3218788800	-1.4	104380
39	-3216110400	4.1	104380
39	-3213604800	3.9	104380
39	-3210926400	6.9	104380
39	-3208334400	15.3	104380
39	-3205656000	15.4	104380
39	-3203064000	17.8	104380
39	-3200385600	17	104380
39	-3197707200	13	104380
39	-3195115200	7	104380
39	-3192436800	2.1	104380
39	-3189844800	4.8	104380
39	-3187166400	-0.7	104380
39	-3184488000	5.1	104380
39	-3182068800	1.6	104380
39	-3179390400	10.2	104380
39	-3176798400	11.8	104380
39	-3174120000	12.1	104380
39	-3171528000	16.8	104380
39	-3168849600	13.6	104380
39	-3166171200	13	104380
39	-3163579200	5.2	104380
39	-3160900800	2.6	104380
39	-3158308800	-0.9	104380
39	-3155630400	0	104380
39	-3152952000	-3.4	104380
39	-3150532800	1.8	104380
39	-3147854400	7.9	104380
39	-3145262400	11.4	104380
39	-3142584000	14.3	104380
39	-3139992000	17.1	104380
39	-3137313600	14.3	104380
39	-3134635200	10	104380
39	-3132043200	7	104380
39	-3129364800	3.6	104380
39	-3126772800	-5.3	104380
39	-3124094400	-5.1	104380
39	-3121416000	0.4	104380
39	-3118996800	5	104380
39	-3116318400	6.9	104380
39	-3113726400	8.7	104380
39	-3111048000	12.3	104380
39	-3108456000	16.4	104380
39	-3105777600	15.6	104380
39	-3103099200	12.8	104380
39	-3100507200	5.5	104380
40	-3376555200	3.8	104381
40	-3373876800	3.1	104381
40	-3371457600	5.5	104381
40	-3368779200	8.6	104381
40	-3366187200	12.4	104381
40	-3363508800	15.8	104381
40	-3360916800	16.1	104381
40	-3358238400	18.1	104381
40	-3355560000	13	104381
40	-3352968000	11.1	104381
40	-3350289600	3.7	104381
40	-3347697600	3.8	104381
40	-3345019200	-4.4	104381
40	-3342340800	0	104381
40	-3339835200	5.2	104381
40	-3337156800	7	104381
40	-3334564800	11.2	104381
40	-3331886400	15.7	104381
40	-3329294400	16.5	104381
40	-3326616000	14.6	104381
40	-3323937600	13.4	104381
40	-3321345600	8.4	104381
40	-3318667200	3	104381
40	-3316075200	-2.1	104381
40	-3313396800	1	104381
40	-3310718400	-3.5	104381
40	-3308299200	-0.1	104381
40	-3305620800	10.8	104381
40	-3303028800	16	104381
40	-3300350400	14.4	104381
40	-3297758400	19.9	104381
40	-3295080000	16.6	104381
40	-3292401600	15.2	104381
40	-3289809600	9.4	104381
40	-3287131200	6.5	104381
40	-3284539200	0.9	104381
40	-3281860800	4.3	104381
40	-3279182400	4.7	104381
40	-3276763200	3.8	104381
40	-3274084800	9.2	104381
40	-3271492800	9.8	104381
40	-3268814400	17.3	104381
40	-3266222400	16.1	104381
40	-3263544000	15.4	104381
40	-3260865600	14.8	104381
40	-3258273600	6.4	104381
40	-3255595200	5.4	104381
40	-3253003200	3.4	104381
40	-3250324800	0.6	104381
40	-3247646400	5.6	104381
40	-3245227200	2.7	104381
40	-3242548800	8.8	104381
40	-3239956800	11.6	104381
40	-3237278400	15.4	104381
40	-3234686400	15.7	104381
40	-3232008000	16.3	104381
40	-3229329600	14.3	104381
40	-3226737600	8.9	104381
40	-3224059200	4.5	104381
40	-3221467200	-0.1	104381
40	-3218788800	-0.3	104381
40	-3216110400	4.9	104381
40	-3213604800	4.6	104381
40	-3210926400	7.6	104381
40	-3208334400	16.1	104381
40	-3205656000	16.4	104381
40	-3203064000	19	104381
40	-3200385600	18.4	104381
40	-3197707200	14.5	104381
40	-3195115200	8.6	104381
40	-3192436800	3.7	104381
40	-3189844800	6.2	104381
40	-3187166400	0.4	104381
40	-3184488000	5.9	104381
40	-3182068800	2.3	104381
40	-3179390400	10.9	104381
40	-3176798400	12.6	104381
40	-3174120000	13.1	104381
40	-3171528000	18	104381
40	-3168849600	15	104381
40	-3166171200	14.5	104381
40	-3163579200	6.8	104381
40	-3160900800	4.2	104381
40	-3158308800	0.6	104381
40	-3155630400	1.1	104381
40	-3152952000	-2.6	104381
40	-3150532800	2.5	104381
40	-3147854400	8.6	104381
40	-3145262400	12.2	104381
40	-3142584000	15.3	104381
40	-3139992000	18.3	104381
40	-3137313600	15.7	104381
40	-3134635200	11.5	104381
40	-3132043200	8.6	104381
40	-3129364800	5.2	104381
40	-3126772800	-3.9	104381
40	-3124094400	-4	104381
40	-3121416000	1.2	104381
40	-3118996800	5.7	104381
40	-3116318400	7.6	104381
40	-3113726400	9.5	104381
40	-3111048000	13.3	104381
40	-3108456000	17.6	104381
40	-3105777600	17	104381
40	-3103099200	14.3	104381
40	-3100507200	7.1	104381
40	-3097828800	1.6	104381
40	-3095236800	-3.1	104381
40	-3092558400	2.2	104381
40	-3089880000	3.3	104381
40	-3087374400	5.6	104381
40	-3084696000	9.9	104381
40	-3082104000	12.8	104381
40	-3079425600	15.9	104381
40	-3076833600	18	104381
40	-3074155200	16.4	104381
40	-3071476800	13.9	104381
40	-3068884800	9.3	104381
40	-3066206400	7.4	104381
40	-3063614400	4.3	104381
40	-3060936000	3.9	104381
40	-3058257600	0	104381
40	-3055838400	4.9	104381
40	-3053160000	7.1	104381
40	-3050568000	9.8	104381
40	-3047889600	16.1	104381
40	-3045297600	18.4	104381
40	-3042619200	17.1	104381
40	-3039940800	12.2	104381
40	-3037348800	9.6	104381
40	-3034670400	4.9	104381
40	-3032078400	1.9	104381
40	-3029400000	2.5	104381
40	-3026721600	1.1	104381
40	-3024302400	5	104381
40	-3021624000	10.3	104381
40	-3019032000	9.9	104381
40	-3016353600	16.3	104381
40	-3013761600	20.1	104381
40	-3011083200	15.3	104381
40	-3008404800	14.7	104381
40	-3005812800	9.7	104381
40	-3003134400	1.6	104381
40	-3000542400	-1.1	104381
40	-2997864000	2.6	104381
40	-2995185600	-2.6	104381
40	-2992766400	1.7	104381
40	-2990088000	8.2	104381
40	-2987496000	13.7	104381
40	-2984817600	17.7	104381
40	-2982225600	18.3	104381
40	-2979547200	19.5	104381
40	-2976868800	14.2	104381
40	-2974276800	7.2	104381
40	-2971598400	3.2	104381
40	-2969006400	-1.1	104381
40	-2966328000	-2	104381
40	-2963649600	2.2	104381
40	-2961144000	4.6	104381
40	-2958465600	9.5	104381
40	-2955873600	9.8	104381
40	-2953195200	16.6	104381
40	-2950603200	18	104381
40	-2947924800	17.5	104381
40	-2945246400	12.2	104381
40	-2942654400	10.4	104381
40	-2939976000	2	104381
40	-2937384000	2.8	104381
40	-2934705600	4	104381
40	-2932027200	3.9	104381
40	-2929608000	2.4	104381
40	-2926929600	7.2	104381
40	-2924337600	10.5	104381
40	-2921659200	17.8	104381
40	-2919067200	17.2	104381
40	-2916388800	17.4	104381
40	-2913710400	10.7	104381
40	-2911118400	8	104381
40	-2908440000	6.8	104381
40	-2905848000	1.3	104381
40	-2903169600	0.5	104381
40	-2900491200	3.2	104381
40	-2898072000	3.9	104381
40	-2895393600	9.6	104381
40	-2892801600	13.9	104381
40	-2890123200	15.9	104381
40	-2887531200	16.5	104381
40	-2884852800	17.1	104381
40	-2882174400	14.4	104381
40	-2879582400	9.7	104381
40	-2876904000	4.1	104381
40	-2874312000	0.1	104381
40	-2871633600	-2.2	104381
40	-2868955200	1.1	104381
40	-2866536000	2.8	104381
40	-2863857600	7	104381
40	-2861265600	10.8	104381
40	-2858587200	16.3	104381
40	-2855995200	15.6	104381
40	-2853316800	17.6	104381
40	-2850638400	14.4	104381
40	-2848046400	8.5	104381
40	-2845368000	2	104381
40	-2842776000	-8.3	104381
40	-2840097600	-3.9	104381
40	-2837419200	0.6	104381
40	-2834913600	5	104381
40	-2832235200	9.2	104381
40	-2829643200	11.9	104381
40	-2826964800	15.5	104381
40	-2824372800	17.9	104381
40	-2821694400	16.9	104381
40	-2819016000	14.2	104381
40	-2816424000	8	104381
40	-2813745600	4.2	104381
40	-2811153600	4.8	104381
40	-2808475200	-5.8	104381
40	-2805796800	1.1	104381
40	-2803377600	3.2	104381
40	-2800699200	5.8	104381
40	-2798107200	12.3	104381
40	-2795428800	15.2	104381
40	-2792836800	18.9	104381
40	-2790158400	15.3	104381
40	-2787480000	12.3	104381
40	-2784888000	4.9	104381
40	-2782209600	6.1	104381
40	-2779617600	1	104381
40	-2776939200	0	104381
40	-2774260800	2	104381
40	-2771841600	6.7	104381
40	-2769163200	8.5	104381
40	-2766571200	12	104381
40	-2763892800	13.9	104381
40	-2761300800	16.8	104381
40	-2758622400	14.4	104381
40	-2755944000	13.2	104381
40	-2753352000	9.2	104381
40	-2750673600	4.1	104381
40	-2748081600	1.1	104381
40	-2745403200	0.3	104381
40	-2742724800	3.4	104381
40	-2740305600	-1.1	104381
40	-2737627200	6.5	104381
40	-2735035200	12.7	104381
40	-2732356800	16.3	104381
40	-2729764800	16.5	104381
40	-2727086400	15.8	104381
40	-2724408000	13.1	104381
40	-2721816000	9	104381
40	-2719137600	4.6	104381
40	-2716545600	1.4	104381
40	-2713867200	3.2	104381
40	-2711188800	3	104381
40	-2708683200	5.6	104381
40	-2706004800	6.5	104381
40	-2703412800	13	104381
40	-2700734400	12.8	104381
40	-2698142400	17.9	104381
40	-2695464000	16.9	104381
40	-2692785600	14.4	104381
40	-2690193600	8	104381
40	-2687515200	2.1	104381
40	-2684923200	2.3	104381
40	-2682244800	-2.6	104381
40	-2679566400	3.7	104381
40	-2677147200	3.1	104381
40	-2674468800	10.1	104381
40	-2671876800	9.6	104381
40	-2669198400	16	104381
40	-2666606400	16.5	104381
40	-2663928000	14.1	104381
40	-2661249600	12.7	104381
40	-2658657600	7.7	104381
40	-2655979200	2.7	104381
40	-2653387200	-0.2	104381
40	-2650708800	-0.8	104381
40	-2648030400	-2.5	104381
40	-2645611200	1.2	104381
40	-2642932800	9.2	104381
40	-2640340800	13.1	104381
40	-2637662400	14.2	104381
40	-2635070400	16.6	104381
40	-2632392000	16.8	104381
40	-2629713600	15	104381
40	-2627121600	9.7	104381
40	-2624443200	5.4	104381
40	-2621851200	1.2	104381
40	-2619172800	-3.9	104381
40	-2616494400	0.1	104381
40	-2614075200	1.4	104381
40	-2611396800	7.3	104381
40	-2608804800	10.1	104381
40	-2606126400	15.4	104381
40	-2603534400	18.5	104381
40	-2600856000	14.8	104381
40	-2598177600	12.1	104381
40	-2595585600	5.5	104381
40	-2592907200	2.8	104381
40	-2590315200	-0.7	104381
40	-2587636800	-1.6	104381
40	-2584958400	-2.4	104381
40	-2582452800	1.1	104381
40	-2579774400	6.4	104381
40	-2577182400	12.4	104381
40	-2574504000	16	104381
40	-2571912000	15	104381
40	-2569233600	15.2	104381
40	-2566555200	12.5	104381
40	-2563963200	7.1	104381
40	-2561284800	3.8	104381
40	-2558692800	0.5	104381
40	-2556014400	-1.7	104381
40	-2553336000	-2.1	104381
40	-2550916800	1.2	104381
40	-2548238400	7.9	104381
40	-2545646400	16.8	104381
40	-2542968000	19.2	104381
40	-2540376000	16.5	104381
40	-2537697600	15.3	104381
40	-2535019200	11.7	104381
40	-2532427200	8.4	104381
40	-2529748800	2.4	104381
40	-2527156800	-1.5	104381
40	-2524478400	2.3	104381
40	-2521800000	-2.2	104381
40	-2519380800	4.7	104381
40	-2516702400	6.7	104381
40	-2514110400	13.9	104381
40	-2511432000	13.8	104381
40	-2508840000	15.1	104381
40	-2506161600	16.2	104381
40	-2503483200	13.4	104381
40	-2500891200	7.4	104381
40	-2498212800	3.1	104381
40	-2495620800	-5	104381
40	-2492942400	-4.1	104381
40	-2490264000	-0.2	104381
40	-2487844800	3.1	104381
40	-2485166400	5.7	104381
40	-2482574400	13.1	104381
40	-2479896000	14.8	104381
40	-2477304000	16.1	104381
40	-2474625600	14.9	104381
40	-2471947200	13.9	104381
40	-2469355200	10.5	104381
40	-2466676800	3.5	104381
40	-2464084800	2.3	104381
40	-2461406400	-0.9	104381
40	-2458728000	1.1	104381
40	-2456222400	1	104381
40	-2453544000	7.8	104381
40	-2450952000	13.2	104381
40	-2448273600	15.2	104381
40	-2445681600	16.3	104381
40	-2443003200	18.2	104381
40	-2440324800	13.5	104381
40	-2437732800	7.4	104381
40	-2435054400	3.6	104381
40	-2432462400	-1.5	104381
40	-2429784000	-7	104381
40	-2427105600	2.5	104381
40	-2424686400	5.2	104381
40	-2422008000	9.7	104381
40	-2419416000	13.2	104381
40	-2416737600	16.3	104381
40	-2414145600	17.5	104381
40	-2411467200	17.2	104381
40	-2408788800	12.4	104381
40	-2406196800	10	104381
40	-2403518400	1.9	104381
40	-2400926400	0.6	104381
40	-2398248000	-1.5	104381
40	-2395569600	2.2	104381
40	-2393150400	5.4	104381
40	-2390472000	10.9	104381
40	-2387880000	11.7	104381
40	-2385201600	14.5	104381
40	-2382609600	17.3	104381
40	-2379931200	15.4	104381
40	-2377252800	10.9	104381
40	-2374660800	8.1	104381
40	-2371982400	4.9	104381
40	-2369390400	1	104381
40	-2366712000	-3.6	104381
40	-2364033600	-6	104381
40	-2361614400	1.6	104381
40	-2358936000	9.1	104381
40	-2356344000	12.7	104381
40	-2353665600	15.9	104381
40	-2351073600	17.1	104381
40	-2348395200	16.5	104381
40	-2345716800	15.7	104381
40	-2343124800	7.3	104381
40	-2340446400	5.6	104381
40	-2337854400	0.4	104381
40	-2335176000	-0.1	104381
40	-2332497600	0	104381
40	-2329992000	6.1	104381
40	-2327313600	6.8	104381
40	-2324721600	11.5	104381
40	-2322043200	16.8	104381
40	-2319451200	16.4	104381
40	-2316772800	14	104381
40	-2314094400	13.1	104381
40	-2311502400	8.8	104381
40	-2308824000	1.8	104381
40	-2306232000	0.4	104381
40	-2303553600	-2.3	104381
40	-2300875200	1.5	104381
40	-2298456000	5.7	104381
40	-2295777600	7.8	104381
40	-2293185600	11.4	104381
40	-2290507200	17.1	104381
40	-2287915200	16.6	104381
40	-2285236800	17.2	104381
40	-2282558400	12.3	104381
40	-2279966400	7.9	104381
40	-2277288000	3.2	104381
40	-2274696000	1.9	104381
40	-2272017600	2.5	104381
40	-2269339200	1.9	104381
40	-2266920000	3.7	104381
40	-2264241600	8	104381
40	-2261649600	11.4	104381
40	-2258971200	15.3	104381
40	-2256379200	14.2	104381
40	-2253700800	18.6	104381
40	-2251022400	14.2	104381
40	-2248430400	9.6	104381
40	-2245752000	4.5	104381
40	-2243160000	3.8	104381
40	-2240481600	2.6	104381
40	-2237803200	2.6	104381
40	-2235384000	3.3	104381
40	-2232705600	7.7	104381
40	-2230113600	11.3	104381
40	-2227435200	15.1	104381
40	-2224843200	17.3	104381
40	-2222164800	17	104381
40	-2219486400	12.6	104381
40	-2216894400	7.9	104381
40	-2214216000	7.5	104381
40	-2211624000	-2.2	104381
40	-2208945600	1.6	104381
40	-2206267200	1.6	104381
40	-2203848000	1.7	104381
40	-2201169600	7.4	104381
40	-2198577600	11.3	104381
40	-2195899200	16	104381
40	-2193307200	18.5	104381
40	-2190628800	16.1	104381
40	-2187950400	13.6	104381
40	-2185358400	8.9	104381
40	-2182680000	5.4	104381
40	-2180088000	3.2	104381
40	-2177409600	-4.4	104381
40	-2174731200	-3.2	104381
40	-2172312000	2.8	104381
40	-2169633600	9	104381
40	-2167041600	13.3	104381
40	-2164363200	15.6	104381
40	-2161771200	18.4	104381
40	-2159092800	16.3	104381
40	-2156414400	13.4	104381
40	-2153822400	9.5	104381
40	-2151144000	3.2	104381
40	-2148552000	1.3	104381
40	-2145873600	3.4	104381
40	-2143195200	-0.7	104381
40	-2140776000	4.3	104381
40	-2138097600	9	104381
40	-2135505600	8.9	104381
40	-2132827200	15.9	104381
40	-2130235200	15.8	104381
40	-2127556800	14.7	104381
40	-2124878400	12.5	104381
40	-2122286400	7.3	104381
40	-2119608000	2.3	104381
40	-2117016000	-2.1	104381
40	-2114337600	1.3	104381
40	-2111659200	4.7	104381
40	-2109240000	6.6	104381
40	-2106561600	4.7	104381
40	-2103969600	13	104381
40	-2101291200	14.8	104381
40	-2098699200	16.4	104381
40	-2096020800	15.7	104381
40	-2093342400	13.7	104381
40	-2090750400	10.3	104381
40	-2088072000	5	104381
40	-2085480000	-0.1	104381
40	-2082801600	-1.2	104381
40	-2080123200	1.8	104381
40	-2077617600	3.6	104381
40	-2074939200	9.8	104381
40	-2072347200	12.8	104381
40	-2069668800	15.3	104381
40	-2067076800	18.7	104381
40	-2064398400	16.3	104381
40	-2061720000	11.9	104381
40	-2059128000	8.6	104381
40	-2056449600	3.6	104381
40	-2053857600	2.9	104381
40	-2051179200	-0.9	104381
40	-2048500800	2	104381
40	-2046081600	5.2	104381
40	-2043403200	6.1	104381
40	-2040811200	12.5	104381
40	-2038132800	17.3	104381
40	-2035540800	18.5	104381
40	-2032862400	16.7	104381
40	-2030184000	12.8	104381
40	-2027592000	5.1	104381
40	-2024913600	3.6	104381
40	-2022321600	1.5	104381
40	-2019643200	1.8	104381
40	-2016964800	1.3	104381
40	-2014545600	2.8	104381
40	-2011867200	8.7	104381
40	-2009275200	13.5	104381
40	-2006596800	15.2	104381
40	-2004004800	17.1	104381
40	-2001326400	16.5	104381
40	-1998648000	12.8	104381
40	-1996056000	10.8	104381
40	-1993377600	6.8	104381
40	-1990785600	-1.6	104381
40	-1988107200	0.8	104381
40	-1985428800	-0.7	104381
40	-1983009600	3.7	104381
40	-1980331200	6.8	104381
40	-1977739200	13	104381
40	-1975060800	14.6	104381
40	-1972468800	14.1	104381
40	-1969790400	16	104381
40	-1967112000	13.4	104381
40	-1964520000	11.8	104381
40	-1961841600	4.6	104381
40	-1959249600	1.9	104381
40	-1956571200	-2.6	104381
40	-1953892800	2	104381
40	-1951387200	3.1	104381
40	-1948708800	5.9	104381
40	-1946116800	13.4	104381
40	-1943438400	17.4	104381
40	-1940846400	17.4	104381
40	-1938168000	14.7	104381
40	-1935489600	12.6	104381
40	-1932897600	8.7	104381
40	-1930219200	1.7	104381
40	-1927627200	0.4	104381
40	-1924948800	-1	104381
40	-1922270400	-1.7	104381
40	-1919851200	2.8	104381
40	-1917172800	8.5	104381
40	-1914580800	11.6	104381
40	-1911902400	14.1	104381
40	-1909310400	15.4	104381
40	-1906632000	16.9	104381
40	-1903953600	13.1	104381
40	-1901361600	10.6	104381
40	-1898683200	2.5	104381
40	-1896091200	2.5	104381
40	-1893412800	2.1	104381
40	-1890734400	3.5	104381
40	-1888315200	4.4	104381
40	-1885636800	7.9	104381
40	-1883044800	13.1	104381
40	-1880366400	16.8	104381
40	-1877774400	15.6	104381
40	-1875096000	16	104381
40	-1872417600	12.4	104381
40	-1869825600	10.1	104381
40	-1867147200	2.8	104381
40	-1864555200	3.2	104381
40	-1861876800	-0.5	104381
40	-1859198400	2.4	104381
40	-1856779200	5.1	104381
40	-1854100800	7.9	104381
40	-1851508800	13.9	104381
40	-1848830400	15.5	104381
40	-1846238400	19.8	104381
40	-1843560000	20.2	104381
40	-1840881600	14.7	104381
40	-1838289600	8.8	104381
40	-1835611200	5.1	104381
40	-1833019200	3.8	104381
40	-1830340800	0	104381
40	-1827662400	3.5	104381
40	-1825156800	6.7	104381
40	-1822478400	7.9	104381
40	-1819886400	12.3	104381
40	-1817208000	16	104381
40	-1814616000	18.3	104381
40	-1811937600	14.2	104381
40	-1809259200	9.6	104381
40	-1806667200	6.7	104381
40	-1803988800	3.1	104381
40	-1801396800	3.3	104381
40	-1798718400	0.5	104381
40	-1796040000	2.4	104381
40	-1793620800	6.9	104381
40	-1790942400	8.4	104381
40	-1788350400	12.4	104381
40	-1785672000	14.8	104381
40	-1783080000	14.6	104381
40	-1780401600	14.9	104381
40	-1777723200	13	104381
40	-1775131200	10.2	104381
40	-1772452800	7.3	104381
40	-1769860800	2.6	104381
40	-1767182400	-2.8	104381
40	-1764504000	4	104381
40	-1762084800	5.5	104381
40	-1759406400	10.5	104381
40	-1756814400	11	104381
40	-1754136000	14.8	104381
40	-1751544000	17.7	104381
40	-1748865600	17.6	104381
40	-1746187200	12.6	104381
40	-1743595200	9.1	104381
40	-1740916800	4	104381
40	-1738324800	4.6	104381
40	-1735646400	1	104381
40	-1732968000	2.2	104381
40	-1730548800	2.7	104381
40	-1727870400	7.6	104381
40	-1725278400	14	104381
40	-1722600000	18.1	104381
40	-1720008000	16.1	104381
40	-1717329600	15.6	104381
40	-1714651200	12.4	104381
40	-1712059200	7.3	104381
40	-1709380800	2.1	104381
40	-1706788800	4.4	104381
40	-1704110400	4.2	104381
40	-1701432000	1.9	104381
40	-1698926400	4.8	104381
40	-1696248000	8.8	104381
40	-1693656000	13.6	104381
40	-1690977600	12.9	104381
40	-1688385600	15.8	104381
40	-1685707200	16	104381
40	-1683028800	12.6	104381
40	-1680436800	9	104381
40	-1677758400	5.1	104381
40	-1675166400	2.4	104381
40	-1672488000	-1.7	104381
40	-1669809600	-2.7	104381
40	-1667390400	0.5	104381
40	-1664712000	4.9	104381
40	-1662120000	16.3	104381
40	-1659441600	19.7	104381
40	-1656849600	17.9	104381
40	-1654171200	17	104381
40	-1651492800	15.1	104381
40	-1648900800	7.2	104381
40	-1646222400	5.7	104381
40	-1643630400	-1.6	104381
40	-1640952000	1.3	104381
40	-1638273600	2.5	104381
40	-1635854400	5.2	104381
40	-1633176000	9.8	104381
40	-1630584000	14.9	104381
40	-1627905600	13.3	104381
40	-1625313600	16.7	104381
40	-1622635200	16.4	104381
40	-1619956800	12.9	104381
40	-1617364800	8.4	104381
40	-1614686400	3.6	104381
40	-1612094400	4.6	104381
40	-1609416000	1	104381
40	-1606737600	0.6	104381
40	-1604318400	3.6	104381
40	-1601640000	5.8	104381
40	-1599048000	12.2	104381
40	-1596369600	14.9	104381
40	-1593777600	14.2	104381
40	-1591099200	16.1	104381
40	-1588420800	14.6	104381
40	-1585828800	6.4	104381
40	-1583150400	1.1	104381
40	-1580558400	1.3	104381
40	-1577880000	2.7	104381
40	-1575201600	3.8	104381
40	-1572696000	7.2	104381
40	-1570017600	9.6	104381
40	-1567425600	14	104381
40	-1564747200	15.2	104381
40	-1562155200	17.5	104381
40	-1559476800	15	104381
40	-1556798400	13	104381
40	-1554206400	7.8	104381
40	-1551528000	1.6	104381
40	-1548936000	1.1	104381
40	-1546257600	4.7	104381
40	-1543579200	2.3	104381
40	-1541160000	6.2	104381
40	-1538481600	8.2	104381
40	-1535889600	13.8	104381
40	-1533211200	14.4	104381
40	-1530619200	18.8	104381
40	-1527940800	17.6	104381
40	-1525262400	13.8	104381
40	-1522670400	11.8	104381
40	-1519992000	0	104381
40	-1517400000	0.7	104381
40	-1514721600	-1.9	104381
40	-1512043200	-1.2	104381
40	-1509624000	3.8	104381
40	-1506945600	5.4	104381
40	-1504353600	13.6	104381
40	-1501675200	15.7	104381
40	-1499083200	15.8	104381
40	-1496404800	15.2	104381
40	-1493726400	11.6	104381
40	-1491134400	5.4	104381
40	-1488456000	3.1	104381
40	-1485864000	2.8	104381
40	-1483185600	2.5	104381
40	-1480507200	2	104381
40	-1478088000	6	104381
40	-1475409600	7	104381
40	-1472817600	11.5	104381
40	-1470139200	11.5	104381
40	-1467547200	19	104381
40	-1464868800	15.5	104381
40	-1462190400	13	104381
40	-1459598400	11	104381
40	-1456920000	3.2	104381
40	-1454328000	-1	104381
40	-1451649600	-2.8	104381
40	-1448971200	-2.1	104381
40	-1446465600	2.8	104381
40	-1443787200	6.6	104381
40	-1441195200	14.1	104381
40	-1438516800	15.3	104381
40	-1435924800	16.9	104381
40	-1433246400	14.2	104381
40	-1430568000	13.5	104381
40	-1427976000	9.8	104381
40	-1425297600	3	104381
40	-1422705600	2.1	104381
40	-1420027200	2.8	104381
40	-1417348800	4.4	104381
40	-1414929600	1.9	104381
40	-1412251200	9	104381
40	-1409659200	14.2	104381
40	-1406980800	15.1	104381
40	-1404388800	18.2	104381
40	-1401710400	16.8	104381
40	-1399032000	11.2	104381
40	-1396440000	8.6	104381
40	-1393761600	2.5	104381
40	-1391169600	-0.3	104381
40	-1388491200	0.5	104381
40	-1385812800	5.5	104381
40	-1383393600	4.7	104381
40	-1380715200	10.2	104381
40	-1378123200	10.6	104381
40	-1375444800	14	104381
40	-1372852800	17.8	104381
40	-1370174400	16.4	104381
40	-1367496000	14.9	104381
40	-1364904000	8.1	104381
40	-1362225600	6.6	104381
40	-1359633600	1	104381
40	-1356955200	2.5	104381
40	-1354276800	2.1	104381
40	-1351857600	6.6	104381
40	-1349179200	7.4	104381
40	-1346587200	10.9	104381
40	-1343908800	13.8	104381
40	-1341316800	17.1	104381
40	-1338638400	16.5	104381
40	-1335960000	13.9	104381
40	-1333368000	9	104381
40	-1330689600	2.6	104381
40	-1328097600	-1.9	104381
40	-1325419200	2.3	104381
40	-1322740800	3.4	104381
40	-1320235200	3.8	104381
40	-1317556800	7.6	104381
40	-1314964800	10.5	104381
40	-1312286400	14.1	104381
40	-1309694400	18.6	104381
40	-1307016000	16.2	104381
40	-1304337600	12.8	104381
40	-1301745600	9.3	104381
40	-1299067200	6.5	104381
40	-1296475200	0.2	104381
40	-1293796800	-3.8	104381
40	-1291118400	-8.5	104381
40	-1288699200	4	104381
40	-1286020800	5.1	104381
40	-1283428800	13.8	104381
40	-1280750400	14.9	104381
40	-1278158400	17.3	104381
40	-1275480000	17.6	104381
40	-1272801600	16.2	104381
40	-1270209600	10.1	104381
40	-1267531200	5.2	104381
40	-1264939200	4.6	104381
40	-1262260800	3.1	104381
40	-1259582400	1.3	104381
40	-1257163200	5.4	104381
40	-1254484800	8.9	104381
40	-1251892800	12	104381
40	-1249214400	18.8	104381
40	-1246622400	16.9	104381
40	-1243944000	16.6	104381
40	-1241265600	13.6	104381
40	-1238673600	9.2	104381
40	-1235995200	6.5	104381
40	-1233403200	1.2	104381
40	-1230724800	0.9	104381
40	-1228046400	-0.3	104381
40	-1225627200	1.8	104381
40	-1222948800	6.4	104381
40	-1220356800	16.2	104381
40	-1217678400	16.4	104381
40	-1215086400	17.3	104381
40	-1212408000	15.9	104381
40	-1209729600	10.8	104381
40	-1207137600	8.2	104381
40	-1204459200	5.6	104381
40	-1201867200	0.5	104381
40	-1199188800	2.6	104381
40	-1196510400	-0.6	104381
40	-1194004800	1.7	104381
40	-1191326400	7.5	104381
40	-1188734400	13	104381
40	-1186056000	15.4	104381
40	-1183464000	18.6	104381
40	-1180785600	19.9	104381
40	-1178107200	15.4	104381
40	-1175515200	8.7	104381
40	-1172836800	4.6	104381
40	-1170244800	0.6	104381
40	-1167566400	-1.8	104381
40	-1164888000	0.8	104381
40	-1162468800	6.2	104381
40	-1159790400	8	104381
40	-1157198400	12.2	104381
40	-1154520000	15	104381
40	-1151928000	18.7	104381
40	-1149249600	17.6	104381
40	-1146571200	14.2	104381
40	-1143979200	9.5	104381
40	-1141300800	2.8	104381
40	-1138708800	-3.5	104381
40	-1136030400	0.8	104381
40	-1133352000	2.4	104381
40	-1130932800	4.5	104381
40	-1128254400	11.4	104381
40	-1125662400	14	104381
40	-1122984000	17.2	104381
40	-1120392000	18.8	104381
40	-1117713600	17.1	104381
40	-1115035200	16.4	104381
40	-1112443200	10.4	104381
40	-1109764800	4.5	104381
40	-1107172800	6	104381
40	-1104494400	0.5	104381
40	-1101816000	2.8	104381
40	-1099396800	4.2	104381
40	-1096718400	8.1	104381
40	-1094126400	11.2	104381
40	-1091448000	17.7	104381
40	-1088856000	18.5	104381
40	-1086177600	17.5	104381
40	-1083499200	14.3	104381
40	-1080907200	8.7	104381
40	-1078228800	6.1	104381
40	-1075636800	1	104381
40	-1072958400	4.1	104381
40	-1070280000	1.6	104381
40	-1067774400	6.1	104381
40	-1065096000	6.2	104381
40	-1062504000	13.3	104381
40	-1059825600	17.2	104381
40	-1057233600	17.1	104381
40	-1054555200	17.1	104381
40	-1051876800	13.8	104381
40	-1049284800	7.2	104381
40	-1046606400	4.2	104381
40	-1044014400	2	104381
40	-1041336000	0.4	104381
40	-1038657600	3	104381
40	-1036238400	3.8	104381
40	-1033560000	8.9	104381
40	-1030968000	15.4	104381
40	-1028289600	16.7	104381
40	-1025697600	17.6	104381
40	-1023019200	17.6	104381
40	-1020340800	13.9	104381
40	-1017748800	10.5	104381
40	-1015070400	4.2	104381
40	-1012478400	0.3	104381
40	-1009800000	2.5	104381
40	-1007121600	1.6	104381
40	-1004702400	8.2	104381
40	-1002024000	5.7	104381
40	-999432000	11.4	104381
40	-996753600	16.6	104381
40	-994161600	17.2	104381
40	-991483200	18.8	104381
40	-988804800	14.5	104381
40	-986212800	9.1	104381
40	-983534400	8	104381
40	-980942400	-1.6	104381
40	-978264000	3.8	104381
40	-975585600	2.2	104381
40	-973166400	3.1	104381
40	-970488000	9.4	104381
40	-967896000	11	104381
40	-965217600	16.9	104381
40	-962625600	17.4	104381
40	-959947200	17.7	104381
40	-957268800	14	104381
40	-954676800	7	104381
40	-951998400	6.3	104381
40	-949406400	-0.9	104381
40	-946728000	-10	104381
40	-944049600	-3.1	104381
40	-941544000	4.1	104381
40	-938865600	9	104381
40	-936273600	13	104381
40	-933595200	17.3	104381
40	-931003200	16.6	104381
40	-928324800	15.2	104381
40	-925646400	12.5	104381
40	-923054400	7.5	104381
40	-920376000	6	104381
40	-917784000	-2.1	104381
40	-915105600	-4.4	104381
40	-912427200	0.8	104381
40	-910008000	4.2	104381
40	-907329600	6.7	104381
40	-904737600	9.9	104381
40	-902059200	17.2	104381
40	-899467200	19.4	104381
40	-896788800	15.3	104381
40	-894110400	13	104381
40	-891518400	9	104381
40	-888840000	2.9	104381
40	-886248000	1.9	104381
40	-883569600	-7.5	104381
40	-880891200	-4.7	104381
40	-878472000	2.7	104381
40	-875793600	8.8	104381
40	-873201600	12.8	104381
40	-870523200	14.9	104381
40	-867931200	16.2	104381
40	-865252800	18.1	104381
40	-862574400	15.7	104381
40	-859982400	11.9	104381
40	-857304000	4.5	104381
40	-854712000	2.6	104381
40	-852033600	0.5	104381
40	-849355200	3.8	104381
40	-846936000	6.4	104381
40	-844257600	9.8	104381
40	-841665600	13.3	104381
40	-838987200	14.5	104381
40	-836395200	18.3	104381
40	-833716800	18.2	104381
40	-831038400	13.6	104381
40	-828446400	10.7	104381
40	-825768000	3.5	104381
40	-823176000	0.7	104381
40	-820497600	3.9	104381
40	-817819200	-0.2	104381
40	-815313600	2.1	104381
40	-812635200	9.9	104381
40	-810043200	12.3	104381
40	-807364800	14.4	104381
40	-804772800	17.6	104381
40	-802094400	20	104381
40	-799416000	12.9	104381
40	-796824000	9.4	104381
40	-794145600	4.7	104381
40	-791553600	0.7	104381
40	-788875200	-3.3	104381
40	-786196800	5	104381
40	-783777600	7.2	104381
40	-781099200	9.6	104381
40	-778507200	14.3	104381
40	-775828800	16.9	104381
40	-773236800	17.8	104381
40	-770558400	16.5	104381
40	-767880000	14.3	104381
40	-765288000	10.4	104381
40	-762609600	4.3	104381
40	-760017600	2.1	104381
40	-757339200	-1	104381
40	-754660800	3.3	104381
40	-752241600	4.1	104381
40	-749563200	10.2	104381
40	-746971200	14.4	104381
40	-744292800	14.6	104381
40	-741700800	19.7	104381
40	-739022400	16.8	104381
40	-736344000	14	104381
40	-733752000	7.3	104381
40	-731073600	4.7	104381
40	-728481600	-2	104381
40	-725803200	-4.1	104381
40	-723124800	-7.7	104381
40	-720705600	3.3	104381
40	-718027200	9.8	104381
40	-715435200	14.6	104381
40	-712756800	17.9	104381
40	-710164800	18.9	104381
40	-707486400	19.4	104381
40	-704808000	17.2	104381
40	-702216000	7.6	104381
40	-699537600	5.8	104381
40	-696945600	2.2	104381
40	-694267200	3.9	104381
40	-691588800	0.9	104381
40	-689083200	6.1	104381
40	-686404800	10.6	104381
40	-683812800	13.6	104381
40	-681134400	15.9	104381
40	-678542400	16.1	104381
40	-675864000	16.4	104381
40	-673185600	13.9	104381
40	-670593600	9	104381
40	-667915200	4.1	104381
40	-665323200	1.6	104381
40	-662644800	1.9	104381
40	-659966400	2	104381
40	-657547200	2.6	104381
40	-654868800	10.9	104381
40	-652276800	12.4	104381
40	-649598400	14	104381
40	-647006400	17.2	104381
40	-644328000	16.8	104381
40	-641649600	16.4	104381
40	-639057600	10.8	104381
40	-636379200	4	104381
40	-633787200	3.2	104381
40	-631108800	-0.3	104381
40	-628430400	3.9	104381
40	-626011200	4.9	104381
40	-623332800	7	104381
40	-620740800	13.8	104381
40	-618062400	17.6	104381
40	-615470400	17.9	104381
40	-612792000	17.3	104381
40	-610113600	13.4	104381
40	-607521600	8.1	104381
40	-604843200	4.7	104381
40	-602251200	-1.9	104381
41	-3565857600	-1	104440
41	-3563179200	0.2	104440
41	-3560760000	3.5	104440
41	-3558081600	7.4	104440
41	-3555489600	13.2	104440
41	-3552811200	17	104440
41	-3550219200	18.3	104440
41	-3547540800	19.1	104440
41	-3544862400	15.3	104440
41	-3542270400	11.2	104440
41	-3539592000	3.5	104440
41	-3.537e+09	3.3	104440
41	-3534321600	-2.3	104440
41	-3531643200	-2.4	104440
41	-3529224000	1.6	104440
41	-3526545600	7	104440
41	-3523953600	11.2	104440
41	-3521275200	19.1	104440
41	-3518683200	16.8	104440
41	-3516004800	17	104440
41	-3513326400	15.1	104440
41	-3510734400	9	104440
41	-3508056000	-1.5	104440
41	-3505464000	1.7	104440
41	-3502785600	1.6	104440
41	-3500107200	3.4	104440
41	-3497688000	6.8	104440
41	-3495009600	7.5	104440
41	-3492417600	12.8	104440
41	-3489739200	17.6	104440
41	-3487147200	19.8	104440
41	-3484468800	18.1	104440
41	-3481790400	13.8	104440
41	-3479198400	10.1	104440
41	-3476520000	2.8	104440
41	-3473928000	-1.2	104440
41	-3471249600	2.6	104440
41	-3468571200	-1.3	104440
41	-3466065600	2	104440
41	-3463387200	7	104440
41	-3460795200	13.2	104440
41	-3458116800	16	104440
41	-3455524800	15.6	104440
41	-3452846400	15.5	104440
41	-3450168000	12.8	104440
41	-3447576000	8.2	104440
41	-3444897600	1.2	104440
41	-3442305600	-1.5	104440
41	-3439627200	-5.5	104440
41	-3436948800	4.3	104440
41	-3434529600	5.6	104440
41	-3431851200	6.2	104440
41	-3429259200	10.7	104440
41	-3426580800	17.9	104440
41	-3423988800	17.7	104440
41	-3421310400	17.4	104440
41	-3418632000	13.3	104440
41	-3416040000	9.8	104440
41	-3413361600	5	104440
41	-3410769600	1.4	104440
41	-3408091200	-0.7	104440
41	-3405412800	1.4	104440
41	-3402993600	6.4	104440
41	-3400315200	10.1	104440
41	-3397723200	15.8	104440
41	-3395044800	15.3	104440
41	-3392452800	16.5	104440
41	-3389774400	16	104440
41	-3387096000	13.5	104440
41	-3384504000	10.8	104440
41	-3381825600	3.7	104440
41	-3379233600	2	104440
41	-3376555200	3.5	104440
41	-3373876800	3.1	104440
41	-3371457600	5.1	104440
41	-3368779200	8.1	104440
41	-3366187200	12.6	104440
41	-3363508800	15.4	104440
41	-3360916800	15.5	104440
41	-3358238400	17.7	104440
41	-3355560000	12.9	104440
41	-3352968000	11	104440
41	-3350289600	3.9	104440
41	-3347697600	3.6	104440
41	-3345019200	-5	104440
41	-3342340800	-0.4	104440
41	-3339835200	4.6	104440
41	-3337156800	6	104440
41	-3334564800	11.6	104440
41	-3331886400	15.4	104440
41	-3329294400	16	104440
41	-3326616000	13.9	104440
41	-3323937600	13.2	104440
41	-3321345600	8.1	104440
41	-3318667200	2.6	104440
41	-3316075200	-2.6	104440
41	-3313396800	0.6	104440
41	-3310718400	-4.4	104440
41	-3308299200	-0.6	104440
41	-3305620800	10.4	104440
41	-3303028800	16.8	104440
41	-3300350400	14.3	104440
41	-3297758400	20.3	104440
41	-3295080000	16.5	104440
41	-3292401600	15.1	104440
41	-3289809600	9.6	104440
41	-3287131200	6.3	104440
41	-3284539200	0.9	104440
41	-3281860800	4.4	104440
41	-3279182400	4.4	104440
41	-3276763200	3.1	104440
41	-3274084800	9.1	104440
41	-3271492800	10	104440
41	-3268814400	18.1	104440
41	-3266222400	16.2	104440
41	-3263544000	15.8	104440
41	-3260865600	15.3	104440
41	-3258273600	6.8	104440
41	-3255595200	4.9	104440
41	-3253003200	3.1	104440
41	-3250324800	0.1	104440
41	-3247646400	5.2	104440
41	-3245227200	1.8	104440
41	-3242548800	8.4	104440
41	-3239956800	12	104440
41	-3237278400	15.9	104440
41	-3234686400	15.8	104440
41	-3232008000	17.2	104440
41	-3229329600	14.4	104440
41	-3226737600	8.5	104440
41	-3224059200	4.1	104440
41	-3221467200	-0.8	104440
41	-3218788800	-0.6	104440
41	-3216110400	4.6	104440
41	-3213604800	4.3	104440
41	-3210926400	7.3	104440
41	-3208334400	16.7	104440
41	-3205656000	16.9	104440
41	-3203064000	19	104440
41	-3200385600	18.9	104440
41	-3197707200	14.5	104440
41	-3195115200	8.1	104440
41	-3192436800	2.2	104440
41	-3189844800	5.6	104440
50	-4323240000	-0.7	105010
50	-4320561600	6.3	105010
50	-4318142400	3.7	105010
50	-4315464000	9.1	105010
50	-4312872000	14.2	105010
50	-4310193600	16.2	105010
50	-4307601600	16.9	105010
50	-4304923200	13.4	105010
50	-4302244800	14.3	105010
50	-4299652800	8	105010
50	-4296974400	2.7	105010
50	-4294382400	2.3	105010
50	-4291704000	-0.5	105010
50	-4289025600	0	105010
50	-4286606400	1.9	105010
50	-4283928000	6.9	105010
50	-4281336000	14.4	105010
50	-4278657600	16	105010
50	-4276065600	21.4	105010
50	-4273387200	21.2	105010
50	-4270708800	14.6	105010
50	-4268116800	8.4	105010
50	-4265438400	3.4	105010
50	-4262846400	1.9	105010
50	-4260168000	0.8	105010
50	-4257489600	2.1	105010
50	-4255070400	2.9	105010
50	-4252392000	5.9	105010
50	-4249800000	12	105010
50	-4247121600	17.4	105010
50	-4244529600	17.9	105010
50	-4241851200	14.9	105010
50	-4239172800	14.2	105010
50	-4236580800	7.9	105010
50	-4233902400	0.2	105010
50	-4231310400	-2.9	105010
50	-4228632000	-1.6	105010
50	-4225953600	0.6	105010
50	-4223448000	6.5	105010
50	-4220769600	8.2	105010
50	-4218177600	9.4	105010
50	-4215499200	15.9	105010
50	-4212907200	15	105010
50	-4210228800	14.5	105010
50	-4207550400	13.8	105010
50	-4204958400	10.5	105010
50	-4202280000	0.2	105010
50	-4199688000	4	105010
50	-4197009600	-2.4	105010
50	-4194331200	-2.2	105010
50	-4191912000	-0.4	105010
50	-4189233600	7	105010
50	-4186641600	11.1	105010
50	-4183963200	14.1	105010
50	-4181371200	15.6	105010
50	-4178692800	17.5	105010
50	-4176014400	12.6	105010
50	-4173422400	8.4	105010
50	-4170744000	4	105010
50	-4168152000	-2.4	105010
50	-4165473600	-6.6	105010
50	-4162795200	-1.3	105010
50	-4160376000	4.8	105010
50	-4157697600	5.5	105010
50	-4155105600	12.9	105010
50	-4152427200	15.3	105010
50	-4149835200	16.9	105010
50	-4147156800	15.2	105010
50	-4144478400	14.8	105010
50	-4141886400	10.3	105010
50	-4139208000	5.2	105010
50	-4136616000	0.9	105010
50	-4133937600	0.8	105010
50	-4131259200	2.4	105010
50	-4128840000	2.8	105010
50	-4126161600	5	105010
50	-4123569600	11.9	105010
50	-4120891200	17.8	105010
50	-4118299200	17.7	105010
50	-4115620800	15.6	105010
50	-4112942400	15.3	105010
50	-4110350400	9.9	105010
50	-4107672000	6.6	105010
50	-4105080000	4.4	105010
50	-4102401600	2.1	105010
50	-4099723200	1.8	105010
50	-4097217600	1.2	105010
50	-4094539200	10.1	105010
50	-4091947200	12.3	105010
50	-4089268800	15.7	105010
50	-4086676800	15.1	105010
50	-4083998400	16.4	105010
50	-4081320000	13.2	105010
50	-4078728000	7.7	105010
50	-4076049600	6.9	105010
50	-4073457600	-3.1	105010
50	-4070779200	0	105010
50	-4068100800	0.8	105010
50	-4065681600	8.2	105010
50	-4063003200	10	105010
50	-4060411200	17.7	105010
50	-4057732800	15.7	105010
50	-4055140800	16.3	105010
50	-4052462400	18.3	105010
50	-4049784000	18.3	105010
50	-4047192000	12.2	105010
50	-4044513600	7.6	105010
50	-4041921600	5.7	105010
50	-4039243200	-1.3	105010
50	-4036564800	4.9	105010
50	-4034145600	6.1	105010
50	-4031467200	8	105010
50	-4028875200	14	105010
50	-4026196800	17.5	105010
50	-4023604800	16.7	105010
50	-4020926400	21.6	105010
50	-4018248000	14.5	105010
50	-4015656000	7.5	105010
50	-4012977600	3.2	105010
50	-4010385600	4.4	105010
50	-4007707200	2.4	105010
50	-4005028800	2.6	105010
50	-4002609600	5.8	105010
50	-3999931200	10.1	105010
50	-3997339200	12.5	105010
50	-3994660800	14.5	105010
50	-3992068800	16.6	105010
50	-3989390400	18.4	105010
50	-3986712000	15	105010
50	-3984120000	9.6	105010
50	-3981441600	6.5	105010
50	-3978849600	4.3	105010
50	-3976171200	1.3	105010
50	-3973492800	0.4	105010
50	-3970987200	4.5	105010
50	-3968308800	11.6	105010
50	-3965716800	12	105010
50	-3963038400	16.3	105010
50	-3960446400	15.3	105010
50	-3957768000	14.5	105010
50	-3955089600	14.5	105010
50	-3952497600	9.8	105010
50	-3949819200	6	105010
50	-3947227200	-1.5	105010
50	-3944548800	1.7	105010
50	-3941870400	-4	105010
50	-3939451200	-1.8	105010
50	-3936772800	9.2	105010
50	-3934180800	10.5	105010
50	-3931502400	17.3	105010
50	-3928910400	17.6	105010
50	-3926232000	15	105010
50	-3923553600	12.6	105010
50	-3920961600	10.5	105010
50	-3918283200	7.7	105010
50	-3915691200	4.1	105010
50	-3913012800	4.6	105010
50	-3910334400	6.3	105010
50	-3907915200	6.8	105010
50	-3905236800	9.1	105010
50	-3902644800	13.2	105010
50	-3899966400	20	105010
50	-3897374400	19.5	105010
50	-3894696000	19.6	105010
50	-3892017600	16.4	105010
50	-3889425600	11	105010
50	-3886747200	5.2	105010
50	-3884155200	-3.3	105010
50	-3881476800	0	105010
50	-3878798400	0.5	105010
50	-3876379200	3.9	105010
50	-3873700800	5.9	105010
50	-3871108800	15.4	105010
50	-3868430400	14.6	105010
50	-3865838400	19.5	105010
50	-3863160000	18.5	105010
50	-3860481600	11.9	105010
50	-3857889600	10.2	105010
50	-3855211200	7.8	105010
50	-3852619200	2.2	105010
50	-3849940800	-3.4	105010
50	-3847262400	5.4	105010
50	-3844756800	5.9	105010
50	-3842078400	10	105010
50	-3839486400	14.1	105010
50	-3836808000	16.6	105010
50	-3834216000	17.4	105010
50	-3831537600	15.4	105010
50	-3828859200	13.6	105010
50	-3826267200	11.3	105010
50	-3823588800	5.4	105010
50	-3820996800	1.9	105010
50	-3818318400	2.6	105010
50	-3815640000	5.2	105010
50	-3813220800	4.1	105010
50	-3810542400	8.2	105010
50	-3807950400	14.1	105010
50	-3805272000	16.8	105010
50	-3802680000	17	105010
50	-3800001600	16.1	105010
50	-3797323200	14.4	105010
50	-3794731200	10.1	105010
50	-3792052800	5.1	105010
50	-3789460800	2.9	105010
50	-3786782400	-2.8	105010
50	-3784104000	5.8	105010
50	-3781684800	2.6	105010
50	-3779006400	9.9	105010
50	-3776414400	12.1	105010
50	-3773736000	17.6	105010
50	-3771144000	17.5	105010
50	-3768465600	16.2	105010
50	-3765787200	12.8	105010
50	-3763195200	7.6	105010
50	-3760516800	7.6	105010
50	-3757924800	3.2	105010
50	-3755246400	4.4	105010
50	-3752568000	3	105010
50	-3750148800	4.1	105010
50	-3747470400	8.9	105010
50	-3744878400	10.5	105010
50	-3742200000	16.9	105010
50	-3739608000	17.1	105010
50	-3736929600	17.8	105010
50	-3734251200	12.5	105010
50	-3731659200	11.5	105010
50	-3728980800	2.6	105010
50	-3726388800	3	105010
50	-3723710400	4.6	105010
50	-3721032000	2.5	105010
50	-3718526400	3.1	105010
50	-3715848000	6	105010
50	-3713256000	13	105010
50	-3710577600	15.5	105010
50	-3707985600	20.6	105010
50	-3705307200	17.9	105010
50	-3702628800	13.8	105010
50	-3700036800	8.6	105010
50	-3697358400	9.6	105010
50	-3694766400	7.7	105010
50	-3692088000	5.3	105010
50	-3689409600	-0.4	105010
50	-3686990400	0.3	105010
50	-3684312000	7.3	105010
50	-3681720000	12.1	105010
50	-3679041600	16.4	105010
50	-3676449600	18.3	105010
50	-3673771200	16.6	105010
50	-3671092800	14.3	105010
50	-3668500800	10.7	105010
50	-3665822400	4.2	105010
50	-3663230400	-2.9	105010
50	-3660552000	3.3	105010
50	-3657873600	1.7	105010
50	-3655454400	6	105010
50	-3652776000	9.2	105010
50	-3650184000	12.5	105010
50	-3647505600	15.2	105010
50	-3644913600	16.5	105010
50	-3642235200	16.7	105010
50	-3639556800	14	105010
50	-3636964800	10.5	105010
50	-3634286400	4	105010
50	-3631694400	4	105010
50	-3629016000	-0.9	105010
50	-3626337600	-4.2	105010
50	-3623918400	3	105010
50	-3621240000	7.6	105010
50	-3618648000	11.2	105010
50	-3615969600	16.3	105010
50	-3613377600	17.4	105010
50	-3610699200	18	105010
50	-3608020800	13.5	105010
50	-3605428800	11.5	105010
50	-3602750400	3.5	105010
50	-3600158400	-0.9	105010
50	-3597480000	4.3	105010
50	-3594801600	4.5	105010
50	-3592296000	4.1	105010
50	-3589617600	9.4	105010
50	-3587025600	12.1	105010
50	-3584347200	17.5	105010
50	-3581755200	15.7	105010
50	-3579076800	20.4	105010
50	-3576398400	13.7	105010
50	-3573806400	11.3	105010
50	-3571128000	4	105010
50	-3568536000	5	105010
50	-3565857600	1.4	105010
50	-3563179200	4	105010
50	-3560760000	5.5	105010
50	-3558081600	9.3	105010
50	-3555489600	13.4	105010
50	-3552811200	17.8	105010
50	-3550219200	19.4	105010
50	-3547540800	20.6	105010
50	-3544862400	15.6	105010
50	-3542270400	12.9	105010
50	-3539592000	5.3	105010
50	-3.537e+09	6.4	105010
50	-3534321600	2	105010
50	-3531643200	0.9	105010
50	-3529224000	4.1	105010
50	-3526545600	9.2	105010
50	-3523953600	11.8	105010
50	-3521275200	21	105010
50	-3518683200	16.9	105010
50	-3516004800	17.4	105010
50	-3513326400	17	105010
50	-3510734400	10.8	105010
50	-3508056000	1.9	105010
50	-3505464000	4.5	105010
50	-3502785600	3.6	105010
50	-3500107200	5.4	105010
50	-3497688000	7.9	105010
50	-3495009600	9.3	105010
50	-3492417600	13.5	105010
50	-3489739200	17.6	105010
50	-3487147200	21.4	105010
50	-3484468800	19	105010
50	-3481790400	14.7	105010
50	-3479198400	12.2	105010
50	-3476520000	5.1	105010
50	-3473928000	1.7	105010
50	-3471249600	4.6	105010
50	-3468571200	-0.4	105010
50	-3466065600	3.9	105010
50	-3463387200	7.2	105010
50	-3460795200	14	105010
50	-3458116800	15.5	105010
50	-3455524800	16.1	105010
50	-3452846400	15.7	105010
50	-3450168000	13.4	105010
50	-3447576000	10.5	105010
50	-3444897600	4.1	105010
50	-3442305600	2.3	105010
50	-3439627200	-1.4	105010
50	-3436948800	6.9	105010
50	-3434529600	6.6	105010
50	-3431851200	7.4	105010
50	-3429259200	11.7	105010
50	-3426580800	17.8	105010
50	-3423988800	17.8	105010
50	-3421310400	18.7	105010
50	-3418632000	14.6	105010
50	-3416040000	12.6	105010
50	-3413361600	5.6	105010
50	-3410769600	3.5	105010
50	-3408091200	3.2	105010
50	-3405412800	4.9	105010
50	-3402993600	9.2	105010
50	-3400315200	11.4	105010
50	-3397723200	15.9	105010
50	-3395044800	15.1	105010
50	-3392452800	17	105010
50	-3389774400	17	105010
50	-3387096000	15.4	105010
50	-3384504000	12.4	105010
50	-3381825600	5.4	105010
50	-3379233600	5.4	105010
50	-3376555200	5.2	105010
50	-3373876800	5.1	105010
50	-3371457600	6.7	105010
50	-3368779200	10.3	105010
50	-3366187200	13	105010
50	-3363508800	16.5	105010
50	-3360916800	17	105010
50	-3358238400	19	105010
50	-3355560000	13.4	105010
50	-3352968000	12.6	105010
50	-3350289600	6.9	105010
50	-3347697600	5.6	105010
50	-3345019200	0	105010
50	-3342340800	1.9	105010
50	-3339835200	7	105010
50	-3337156800	8.4	105010
50	-3334564800	12.4	105010
50	-3331886400	15.5	105010
50	-3329294400	17	105010
50	-3326616000	15.5	105010
50	-3323937600	15	105010
50	-3321345600	9.9	105010
50	-3318667200	4.9	105010
50	-3316075200	0.7	105010
50	-3313396800	3	105010
50	-3310718400	0.8	105010
50	-3308299200	1.6	105010
50	-3305620800	13	105010
50	-3303028800	16.9	105010
50	-3300350400	15.7	105010
50	-3297758400	19.4	105010
50	-3295080000	17	105010
50	-3292401600	18	105010
50	-3289809600	12	105010
50	-3287131200	8.5	105010
50	-3284539200	3.7	105010
50	-3281860800	6.4	105010
50	-3279182400	5.8	105010
50	-3276763200	5.5	105010
50	-3274084800	10.9	105010
50	-3271492800	10.6	105010
50	-3268814400	18.6	105010
50	-3266222400	17.5	105010
50	-3263544000	16	105010
50	-3260865600	15.5	105010
50	-3258273600	10.4	105010
50	-3255595200	6.8	105010
50	-3253003200	5.5	105010
50	-3250324800	2.2	105010
50	-3247646400	7.4	105010
50	-3245227200	4	105010
50	-3242548800	9.6	105010
50	-3239956800	13.5	105010
50	-3237278400	16.1	105010
50	-3234686400	15.6	105010
50	-3232008000	18.5	105010
50	-3229329600	15.8	105010
50	-3226737600	10.1	105010
50	-3224059200	6.3	105010
50	-3221467200	1.5	105010
50	-3218788800	1.6	105010
50	-3216110400	6	105010
50	-3213604800	6.7	105010
50	-3210926400	9.5	105010
50	-3208334400	18.9	105010
50	-3205656000	18.1	105010
50	-3203064000	21.6	105010
50	-3200385600	19.2	105010
50	-3197707200	15.1	105010
50	-3195115200	9.9	105010
50	-3192436800	5.1	105010
50	-3189844800	8.2	105010
50	-3187166400	3.1	105010
50	-3184488000	7.8	105010
50	-3182068800	2.7	105010
50	-3179390400	12.3	105010
50	-3176798400	13.2	105010
50	-3174120000	14.1	105010
50	-3171528000	19.6	105010
50	-3168849600	16.3	105010
50	-3166171200	16.4	105010
50	-3163579200	9.1	105010
50	-3160900800	5.5	105010
50	-3158308800	2.1	105010
50	-3155630400	2.6	105010
50	-3152952000	-0.2	105010
50	-3150532800	3.8	105010
50	-3147854400	9.9	105010
50	-3145262400	13.2	105010
50	-3142584000	16.1	105010
50	-3139992000	19.8	105010
50	-3137313600	16.1	105010
50	-3134635200	13.8	105010
50	-3132043200	9.7	105010
50	-3129364800	5.7	105010
50	-3126772800	-1.6	105010
50	-3124094400	-1.7	105010
50	-3121416000	4.2	105010
50	-3118996800	7.3	105010
50	-3116318400	8.7	105010
50	-3113726400	11	105010
50	-3111048000	14.1	105010
50	-3108456000	18.4	105010
50	-3105777600	19	105010
50	-3103099200	15.9	105010
50	-3100507200	8.7	105010
50	-3097828800	2.6	105010
50	-3095236800	0.2	105010
50	-3092558400	4.5	105010
50	-3089880000	7.1	105010
50	-3087374400	8	105010
50	-3084696000	10.1	105010
50	-3082104000	12.6	105010
50	-3079425600	16.5	105010
50	-3076833600	19.9	105010
50	-3074155200	17	105010
50	-3071476800	15.1	105010
50	-3068884800	11.1	105010
50	-3066206400	8.3	105010
50	-3063614400	7.1	105010
50	-3060936000	5.3	105010
50	-3058257600	1.3	105010
50	-3055838400	7.4	105010
50	-3053160000	8.6	105010
50	-3050568000	11	105010
50	-3047889600	17.1	105010
50	-3045297600	18.7	105010
50	-3042619200	18.8	105010
50	-3039940800	13.5	105010
50	-3037348800	11.7	105010
50	-3034670400	7.1	105010
50	-3032078400	4.3	105010
50	-3029400000	5	105010
50	-3026721600	2.8	105010
50	-3024302400	6.2	105010
50	-3021624000	11.2	105010
50	-3019032000	10.9	105010
50	-3016353600	16.8	105010
50	-3013761600	20.4	105010
50	-3011083200	16.4	105010
50	-3008404800	16.6	105010
50	-3005812800	11.9	105010
50	-3003134400	4.8	105010
50	-3000542400	0.3	105010
50	-2997864000	5.8	105010
50	-2995185600	0.5	105010
50	-2992766400	4.2	105010
50	-2990088000	9.5	105010
50	-2987496000	15	105010
50	-2984817600	17.2	105010
50	-2982225600	17.9	105010
50	-2979547200	19.3	105010
50	-2976868800	16.5	105010
50	-2974276800	9.8	105010
50	-2971598400	5.7	105010
50	-2969006400	2.8	105010
50	-2966328000	1.1	105010
50	-2963649600	4.6	105010
50	-2961144000	6	105010
50	-2958465600	10.6	105010
50	-2955873600	10.8	105010
50	-2953195200	17.1	105010
50	-2950603200	19.5	105010
50	-2947924800	19.3	105010
50	-2945246400	13.7	105010
50	-2942654400	13.1	105010
50	-2939976000	6.7	105010
50	-2937384000	7.4	105010
50	-2934705600	6.4	105010
50	-2932027200	5.8	105010
50	-2929608000	4.7	105010
50	-2926929600	8.5	105010
50	-2924337600	11.2	105010
50	-2921659200	19.4	105010
50	-2919067200	17.5	105010
50	-2916388800	18.1	105010
50	-2913710400	12.3	105010
50	-2911118400	10	105010
50	-2908440000	8.9	105010
50	-2905848000	3.7	105010
50	-2903169600	2.8	105010
50	-2900491200	5.4	105010
50	-2898072000	5.4	105010
50	-2895393600	11	105010
50	-2892801600	14.8	105010
50	-2890123200	17.1	105010
50	-2887531200	17.6	105010
50	-2884852800	18.4	105010
50	-2882174400	15.9	105010
50	-2879582400	11.5	105010
50	-2876904000	5.6	105010
50	-2874312000	1.9	105010
50	-2871633600	0	105010
50	-2868955200	3.4	105010
50	-2866536000	6	105010
50	-2863857600	8.1	105010
50	-2861265600	11.1	105010
50	-2858587200	17.2	105010
50	-2855995200	16.2	105010
50	-2853316800	18.8	105010
50	-2850638400	15.6	105010
50	-2848046400	10.1	105010
50	-2845368000	4.1	105010
50	-2842776000	-2.9	105010
50	-2840097600	0.1	105010
50	-2837419200	5.7	105010
50	-2834913600	7.8	105010
50	-2832235200	10.3	105010
50	-2829643200	13.4	105010
50	-2826964800	15.6	105010
50	-2824372800	18.8	105010
50	-2821694400	18.8	105010
50	-2819016000	16.7	105010
50	-2816424000	10	105010
50	-2813745600	5.8	105010
50	-2811153600	6.5	105010
50	-2808475200	-1.4	105010
50	-2805796800	4	105010
50	-2803377600	6.3	105010
50	-2800699200	8.3	105010
50	-2798107200	13.7	105010
50	-2795428800	16.5	105010
50	-2792836800	20.4	105010
50	-2790158400	16.5	105010
50	-2787480000	14	105010
50	-2784888000	6.8	105010
50	-2782209600	9.3	105010
50	-2779617600	3.3	105010
50	-2776939200	2.5	105010
50	-2774260800	4.5	105010
50	-2771841600	8.2	105010
50	-2769163200	9.7	105010
50	-2766571200	13.4	105010
50	-2763892800	14.9	105010
50	-2761300800	17.2	105010
50	-2758622400	15.8	105010
50	-2755944000	14.1	105010
50	-2753352000	11.2	105010
50	-2750673600	5.9	105010
50	-2748081600	3.9	105010
50	-2745403200	3.4	105010
50	-2742724800	5.5	105010
50	-2740305600	1.4	105010
50	-2737627200	9.4	105010
50	-2735035200	14	105010
50	-2732356800	17.1	105010
50	-2729764800	16.8	105010
50	-2727086400	17.3	105010
50	-2724408000	14.8	105010
50	-2721816000	10.4	105010
50	-2719137600	6.4	105010
50	-2716545600	2.9	105010
50	-2713867200	5.3	105010
50	-2711188800	5.5	105010
50	-2708683200	7.4	105010
50	-2706004800	7.9	105010
50	-2703412800	14.2	105010
50	-2700734400	14.6	105010
50	-2698142400	19.6	105010
50	-2695464000	19.1	105010
50	-2692785600	16.2	105010
50	-2690193600	9.6	105010
50	-2687515200	4.9	105010
50	-2684923200	3.6	105010
50	-2682244800	0.4	105010
50	-2679566400	6.9	105010
50	-2677147200	4.1	105010
50	-2674468800	10.8	105010
50	-2671876800	11	105010
50	-2669198400	17.8	105010
50	-2666606400	18	105010
50	-2663928000	15.5	105010
50	-2661249600	14	105010
50	-2658657600	8.4	105010
50	-2655979200	5.4	105010
50	-2653387200	2.4	105010
50	-2650708800	1.2	105010
50	-2648030400	-0.5	105010
50	-2645611200	4.2	105010
50	-2642932800	10	105010
50	-2640340800	14.6	105010
50	-2637662400	14.9	105010
50	-2635070400	18.4	105010
50	-2632392000	17.8	105010
50	-2629713600	12	105010
50	-2627121600	12.4	105010
50	-2624443200	7.3	105010
50	-2621851200	2.2	105010
50	-2619172800	1.2	105010
50	-2616494400	2.7	105010
50	-2614075200	3.4	105010
50	-2611396800	8.5	105010
50	-2608804800	11.5	105010
50	-2606126400	17.4	105010
50	-2603534400	20.1	105010
50	-2600856000	17.3	105010
50	-2598177600	13.2	105010
50	-2595585600	7.4	105010
50	-2592907200	5.6	105010
50	-2590315200	2	105010
50	-2587636800	1.4	105010
50	-2584958400	-0.6	105010
50	-2582452800	3.6	105010
50	-2579774400	7.9	105010
50	-2577182400	13.6	105010
50	-2574504000	17.2	105010
50	-2571912000	15.9	105010
50	-2569233600	16.5	105010
50	-2566555200	14.8	105010
50	-2563963200	9	105010
50	-2561284800	7.2	105010
50	-2558692800	5.6	105010
50	-2556014400	1.9	105010
50	-2553336000	0.8	105010
50	-2550916800	3.5	105010
50	-2548238400	8.1	105010
50	-2545646400	15.8	105010
50	-2542968000	19	105010
50	-2540376000	16.9	105010
50	-2537697600	16.1	105010
50	-2535019200	12.7	105010
50	-2532427200	9.7	105010
50	-2529748800	5.2	105010
50	-2527156800	0.4	105010
50	-2524478400	5.2	105010
50	-2521800000	0.6	105010
50	-2519380800	5.9	105010
50	-2516702400	7.6	105010
50	-2514110400	14.1	105010
50	-2511432000	14.9	105010
50	-2508840000	15.9	105010
50	-2506161600	16.6	105010
50	-2503483200	15	105010
50	-2500891200	9.1	105010
50	-2498212800	4.9	105010
50	-2495620800	-4.2	105010
50	-2492942400	-1.6	105010
50	-2490264000	2.3	105010
50	-2487844800	4.5	105010
50	-2485166400	6.6	105010
50	-2482574400	12.9	105010
50	-2479896000	15.9	105010
50	-2477304000	16.4	105010
50	-2474625600	15.8	105010
50	-2471947200	15.7	105010
50	-2469355200	11.6	105010
50	-2466676800	4.9	105010
50	-2464084800	4.4	105010
50	-2461406400	1.4	105010
50	-2458728000	2.8	105010
50	-2456222400	2.5	105010
50	-2453544000	8.4	105010
50	-2450952000	13.1	105010
50	-2448273600	15.7	105010
50	-2445681600	16.9	105010
50	-2443003200	18.7	105010
50	-2440324800	14.9	105010
50	-2437732800	8.8	105010
50	-2435054400	7.4	105010
50	-2432462400	0.1	105010
50	-2429784000	-2.3	105010
50	-2427105600	4.7	105010
50	-2424686400	7.2	105010
50	-2422008000	11.5	105010
50	-2419416000	14.9	105010
50	-2416737600	16.9	105010
50	-2414145600	18.1	105010
50	-2411467200	18.6	105010
50	-2408788800	13.5	105010
50	-2406196800	10.9	105010
50	-2403518400	3.8	105010
50	-2400926400	3	105010
50	-2398248000	2	105010
50	-2395569600	3.6	105010
50	-2393150400	6.6	105010
50	-2390472000	12.1	105010
50	-2387880000	11.7	105010
50	-2385201600	15.3	105010
50	-2382609600	18.4	105010
50	-2379931200	16.1	105010
50	-2377252800	12.4	105010
50	-2374660800	9.3	105010
50	-2371982400	7	105010
50	-2369390400	3.7	105010
50	-2366712000	-1.2	105010
50	-2364033600	-5.1	105010
50	-2361614400	3.7	105010
50	-2358936000	9.9	105010
50	-2356344000	13.3	105010
50	-2353665600	16.8	105010
50	-2351073600	17.4	105010
50	-2348395200	17.6	105010
50	-2345716800	17.1	105010
50	-2343124800	8.3	105010
50	-2340446400	7.7	105010
50	-2337854400	2.4	105010
50	-2335176000	1.9	105010
50	-2332497600	2.4	105010
50	-2329992000	7.4	105010
50	-2327313600	7.7	105010
50	-2324721600	11.7	105010
50	-2322043200	18.1	105010
50	-2319451200	17.8	105010
50	-2316772800	15.5	105010
50	-2314094400	14.2	105010
50	-2311502400	9	105010
50	-2308824000	2.6	105010
50	-2306232000	2.6	105010
50	-2303553600	0.4	105010
50	-2300875200	4.7	105010
50	-2298456000	7	105010
50	-2295777600	8.5	105010
50	-2293185600	12.1	105010
50	-2290507200	18.4	105010
50	-2287915200	17.8	105010
50	-2285236800	18.4	105010
50	-2282558400	13.3	105010
50	-2279966400	9.5	105010
50	-2277288000	5.6	105010
50	-2274696000	3.9	105010
50	-2272017600	4.9	105010
50	-2269339200	3.3	105010
50	-2266920000	3.6	105010
50	-2264241600	9.1	105010
50	-2261649600	11.8	105010
50	-2258971200	15.6	105010
50	-2256379200	15.8	105010
50	-2253700800	19.9	105010
50	-2251022400	15.9	105010
50	-2248430400	11.4	105010
50	-2245752000	6.7	105010
50	-2243160000	5.8	105010
50	-2240481600	4.9	105010
50	-2237803200	5.1	105010
50	-2235384000	4.5	105010
50	-2232705600	8.4	105010
50	-2230113600	11.8	105010
50	-2227435200	16.2	105010
50	-2224843200	18.8	105010
50	-2222164800	19.2	105010
50	-2219486400	14.3	105010
50	-2216894400	9.6	105010
50	-2214216000	8.8	105010
50	-2211624000	0.2	105010
50	-2208945600	3.7	105010
50	-2206267200	3.4	105010
50	-2203848000	3.1	105010
50	-2201169600	8.3	105010
50	-2198577600	12.2	105010
50	-2195899200	16.4	105010
50	-2193307200	19.1	105010
50	-2190628800	16	105010
50	-2187950400	14.3	105010
50	-2185358400	10	105010
50	-2182680000	6.4	105010
50	-2180088000	5.4	105010
50	-2177409600	1.3	105010
50	-2174731200	-2.4	105010
50	-2172312000	3.2	105010
50	-2169633600	9.3	105010
50	-2167041600	12.7	105010
50	-2164363200	15.6	105010
50	-2161771200	18.9	105010
50	-2159092800	17	105010
50	-2156414400	14.3	105010
50	-2153822400	9.8	105010
50	-2151144000	4.4	105010
50	-2148552000	2.8	105010
50	-2145873600	3.9	105010
50	-2143195200	0.6	105010
50	-2140776000	5.8	105010
50	-2138097600	9.1	105010
50	-2135505600	8.5	105010
50	-2132827200	15.2	105010
50	-2130235200	16	105010
50	-2127556800	15.3	105010
50	-2124878400	13.1	105010
50	-2122286400	8.3	105010
50	-2119608000	4.8	105010
50	-2117016000	1.2	105010
50	-2114337600	3.4	105010
50	-2111659200	5.8	105010
50	-2109240000	7.8	105010
50	-2106561600	5	105010
50	-2103969600	13	105010
50	-2101291200	14.7	105010
50	-2098699200	16.2	105010
50	-2096020800	15.6	105010
50	-2093342400	14.7	105010
50	-2090750400	11.4	105010
50	-2088072000	5.5	105010
50	-2085480000	0.8	105010
50	-2082801600	1.1	105010
50	-2080123200	2.6	105010
50	-2077617600	3.7	105010
50	-2074939200	9.9	105010
50	-2072347200	13	105010
50	-2069668800	15	105010
50	-2067076800	19.7	105010
50	-2064398400	17	105010
50	-2061720000	12.5	105010
50	-2059128000	9.5	105010
50	-2056449600	4.8	105010
50	-2053857600	4.3	105010
50	-2051179200	0.8	105010
50	-2048500800	3.2	105010
50	-2046081600	6.2	105010
50	-2043403200	7.2	105010
50	-2040811200	12	105010
50	-2038132800	17.3	105010
50	-2035540800	18.6	105010
50	-2032862400	16.7	105010
50	-2030184000	12.8	105010
50	-2027592000	5.9	105010
50	-2024913600	4.5	105010
50	-2022321600	2.3	105010
50	-2019643200	3.5	105010
50	-2016964800	2	105010
50	-2014545600	3.6	105010
50	-2011867200	8.3	105010
50	-2009275200	12.9	105010
50	-2006596800	14.5	105010
50	-2004004800	17.4	105010
50	-2001326400	17.6	105010
50	-1998648000	13.5	105010
50	-1996056000	12.4	105010
50	-1993377600	7.1	105010
50	-1990785600	-0.2	105010
50	-1988107200	1.4	105010
50	-1985428800	0.1	105010
50	-1983009600	4.9	105010
50	-1980331200	7.5	105010
50	-1977739200	13.2	105010
50	-1975060800	14.5	105010
50	-1972468800	14	105010
50	-1969790400	16.3	105010
50	-1967112000	14.3	105010
50	-1964520000	12.1	105010
50	-1961841600	6.3	105010
50	-1959249600	3.7	105010
50	-1956571200	-0.1	105010
50	-1953892800	2.9	105010
50	-1951387200	3.3	105010
50	-1948708800	5.7	105010
50	-1946116800	13.6	105010
50	-1943438400	16.8	105010
50	-1940846400	17.1	105010
50	-1938168000	14.8	105010
50	-1935489600	13.8	105010
50	-1932897600	10.8	105010
50	-1930219200	4.8	105010
50	-1927627200	1.3	105010
50	-1924948800	1.2	105010
50	-1922270400	0.2	105010
50	-1919851200	3.6	105010
50	-1917172800	9.4	105010
50	-1914580800	12	105010
50	-1911902400	13.5	105010
50	-1909310400	14.6	105010
50	-1906632000	16.9	105010
50	-1903953600	12.9	105010
50	-1901361600	11.7	105010
50	-1898683200	3.2	105010
50	-1896091200	3.6	105010
50	-1893412800	3.3	105010
50	-1890734400	4.2	105010
50	-1888315200	5.4	105010
50	-1885636800	8.1	105010
50	-1883044800	12.4	105010
50	-1880366400	15.9	105010
50	-1877774400	15.4	105010
50	-1875096000	16.3	105010
50	-1872417600	13	105010
50	-1869825600	11.3	105010
50	-1867147200	3.5	105010
50	-1864555200	5.9	105010
50	-1861876800	0.3	105010
50	-1859198400	3.2	105010
50	-1856779200	5.4	105010
50	-1854100800	7.9	105010
50	-1851508800	13.9	105010
50	-1848830400	15	105010
50	-1846238400	19.9	105010
50	-1843560000	20.8	105010
50	-1840881600	16	105010
50	-1838289600	9.8	105010
50	-1835611200	6.3	105010
50	-1833019200	5.9	105010
50	-1830340800	2.9	105010
50	-1827662400	6	105010
50	-1825156800	7.5	105010
50	-1822478400	8	105010
50	-1819886400	12.8	105010
50	-1817208000	15.7	105010
50	-1814616000	18.7	105010
50	-1811937600	14	105010
50	-1809259200	9.8	105010
50	-1806667200	8.4	105010
50	-1803988800	4.7	105010
50	-1801396800	6.1	105010
50	-1798718400	3.7	105010
50	-1796040000	3.6	105010
50	-1793620800	7.5	105010
50	-1790942400	8.8	105010
50	-1788350400	13.1	105010
50	-1785672000	14.4	105010
50	-1783080000	14.2	105010
50	-1780401600	15.1	105010
50	-1777723200	13.9	105010
50	-1775131200	11.7	105010
50	-1772452800	8.6	105010
50	-1769860800	2.8	105010
50	-1767182400	-1.3	105010
50	-1764504000	6.8	105010
50	-1762084800	6.1	105010
50	-1759406400	11	105010
50	-1756814400	11	105010
50	-1754136000	14.1	105010
50	-1751544000	17.4	105010
50	-1748865600	17.5	105010
50	-1746187200	13.4	105010
50	-1743595200	9.6	105010
50	-1740916800	5	105010
50	-1738324800	5.7	105010
50	-1735646400	2.2	105010
50	-1732968000	3.5	105010
50	-1730548800	3.5	105010
50	-1727870400	7.4	105010
50	-1725278400	13.3	105010
50	-1722600000	17.2	105010
50	-1720008000	16.2	105010
50	-1717329600	15.7	105010
50	-1714651200	13.3	105010
50	-1712059200	7.8	105010
50	-1709380800	2.7	105010
50	-1706788800	6	105010
50	-1704110400	5.6	105010
50	-1701432000	2.9	105010
50	-1698926400	5	105010
50	-1696248000	8.8	105010
50	-1693656000	13.6	105010
50	-1690977600	12.2	105010
50	-1688385600	15.3	105010
50	-1685707200	16.6	105010
50	-1683028800	13.1	105010
50	-1680436800	10.2	105010
50	-1677758400	6.1	105010
50	-1675166400	2.9	105010
50	-1672488000	-1.6	105010
50	-1669809600	-1.4	105010
50	-1667390400	1.9	105010
50	-1664712000	4.4	105010
50	-1662120000	15.9	105010
50	-1659441600	18.3	105010
50	-1656849600	17.2	105010
50	-1654171200	16.5	105010
50	-1651492800	15.4	105010
50	-1648900800	7.9	105010
50	-1646222400	6.7	105010
50	-1643630400	-0.6	105010
50	-1640952000	3.9	105010
50	-1638273600	4.6	105010
50	-1635854400	5.6	105010
50	-1633176000	8.2	105010
50	-1630584000	14.7	105010
50	-1627905600	13.2	105010
50	-1625313600	16.7	105010
50	-1622635200	16.6	105010
50	-1619956800	13.4	105010
50	-1617364800	9	105010
50	-1614686400	5.1	105010
50	-1612094400	6.1	105010
50	-1609416000	2.2	105010
50	-1606737600	1.4	105010
50	-1604318400	4	105010
50	-1601640000	6	105010
50	-1599048000	13.6	105010
50	-1596369600	14.9	105010
50	-1593777600	13.9	105010
50	-1591099200	17.1	105010
50	-1588420800	15.3	105010
50	-1585828800	6.5	105010
50	-1583150400	2	105010
50	-1580558400	4	105010
50	-1577880000	4.2	105010
50	-1575201600	6.3	105010
50	-1572696000	8.2	105010
50	-1570017600	9.4	105010
50	-1567425600	13.8	105010
50	-1564747200	15.4	105010
50	-1562155200	16.6	105010
50	-1559476800	14.3	105010
50	-1556798400	13.5	105010
50	-1554206400	9.6	105010
50	-1551528000	4.5	105010
50	-1548936000	2.5	105010
50	-1546257600	5.9	105010
50	-1543579200	3.1	105010
50	-1541160000	7.3	105010
50	-1538481600	8.6	105010
50	-1535889600	13.7	105010
50	-1533211200	14.8	105010
50	-1530619200	19.7	105010
50	-1527940800	17.5	105010
50	-1525262400	15.2	105010
50	-1522670400	14.3	105010
50	-1519992000	1.5	105010
50	-1517400000	3	105010
50	-1514721600	0.8	105010
50	-1512043200	2.5	105010
50	-1509624000	4.4	105010
50	-1506945600	5.9	105010
50	-1504353600	14.8	105010
50	-1501675200	15.5	105010
50	-1499083200	15.4	105010
50	-1496404800	15.7	105010
50	-1493726400	11.9	105010
50	-1491134400	5.8	105010
50	-1488456000	4	105010
50	-1485864000	4.3	105010
50	-1483185600	3.3	105010
50	-1480507200	4.7	105010
50	-1478088000	6.6	105010
50	-1475409600	8.1	105010
50	-1472817600	11	105010
50	-1470139200	11.2	105010
50	-1467547200	19.4	105010
50	-1464868800	16.6	105010
50	-1462190400	14	105010
50	-1459598400	11.2	105010
50	-1456920000	3.2	105010
50	-1454328000	0.8	105010
50	-1451649600	1.8	105010
50	-1448971200	0	105010
50	-1446465600	3.8	105010
50	-1443787200	7.2	105010
50	-1441195200	14.6	105010
50	-1438516800	15.6	105010
50	-1435924800	17	105010
50	-1433246400	14.2	105010
50	-1430568000	14.1	105010
50	-1427976000	11.1	105010
50	-1425297600	5.7	105010
50	-1422705600	4.4	105010
50	-1420027200	4.6	105010
50	-1417348800	5	105010
50	-1414929600	2.4	105010
50	-1412251200	8.6	105010
50	-1409659200	14.2	105010
50	-1406980800	15.2	105010
50	-1404388800	18.2	105010
50	-1401710400	16.6	105010
50	-1399032000	11.4	105010
50	-1396440000	10.1	105010
50	-1393761600	2.6	105010
50	-1391169600	2.4	105010
50	-1388491200	3	105010
50	-1385812800	7.6	105010
50	-1383393600	5.6	105010
50	-1380715200	10.4	105010
50	-1378123200	10.6	105010
50	-1375444800	13.6	105010
50	-1372852800	17.6	105010
50	-1370174400	16.7	105010
50	-1367496000	16.1	105010
50	-1364904000	8.7	105010
50	-1362225600	7.7	105010
50	-1359633600	1.1	105010
50	-1356955200	3.9	105010
50	-1354276800	3.6	105010
50	-1351857600	7	105010
50	-1349179200	8.2	105010
50	-1346587200	12	105010
50	-1343908800	14.3	105010
50	-1341316800	17.3	105010
50	-1338638400	16.9	105010
50	-1335960000	14.2	105010
50	-1333368000	10.4	105010
50	-1330689600	4.7	105010
50	-1328097600	-0.6	105010
50	-1325419200	4.2	105010
50	-1322740800	5.1	105010
50	-1320235200	5.5	105010
50	-1317556800	8.8	105010
50	-1314964800	10.6	105010
50	-1312286400	14.2	105010
50	-1309694400	18.7	105010
50	-1307016000	16.7	105010
50	-1304337600	13.2	105010
50	-1301745600	10	105010
50	-1299067200	7.3	105010
50	-1296475200	2	105010
50	-1293796800	-1.6	105010
50	-1291118400	-4.3	105010
50	-1288699200	5.4	105010
50	-1286020800	5.6	105010
50	-1283428800	13.8	105010
50	-1280750400	14.6	105010
50	-1278158400	18	105010
50	-1275480000	17.3	105010
50	-1272801600	17.5	105010
50	-1270209600	10.1	105010
50	-1267531200	7.1	105010
50	-1264939200	5.8	105010
50	-1262260800	6.2	105010
50	-1259582400	1.7	105010
50	-1257163200	6.2	105010
50	-1254484800	9.3	105010
50	-1251892800	12.1	105010
50	-1249214400	18.6	105010
50	-1246622400	15.9	105010
50	-1243944000	17.2	105010
50	-1241265600	13.8	105010
50	-1238673600	10.5	105010
50	-1235995200	7.5	105010
50	-1233403200	2.8	105010
50	-1230724800	2.3	105010
50	-1228046400	1.1	105010
50	-1225627200	3.1	105010
50	-1222948800	7.3	105010
50	-1220356800	14.9	105010
50	-1217678400	16.5	105010
50	-1215086400	17.1	105010
50	-1212408000	15.4	105010
50	-1209729600	10.9	105010
50	-1207137600	9	105010
50	-1204459200	7.6	105010
50	-1201867200	2	105010
50	-1199188800	4.3	105010
50	-1196510400	-0.2	105010
50	-1194004800	2.9	105010
50	-1191326400	7.3	105010
50	-1188734400	12.6	105010
50	-1186056000	15.2	105010
50	-1183464000	17.4	105010
50	-1180785600	20	105010
50	-1178107200	15.4	105010
50	-1175515200	9.5	105010
50	-1172836800	5.5	105010
50	-1170244800	5.1	105010
50	-1167566400	0.5	105010
50	-1164888000	2.4	105010
50	-1162468800	7.7	105010
50	-1159790400	8.8	105010
50	-1157198400	12.1	105010
50	-1154520000	14.9	105010
50	-1151928000	18.8	105010
50	-1149249600	18.2	105010
50	-1146571200	15	105010
50	-1143979200	10.3	105010
50	-1141300800	3.9	105010
50	-1138708800	-2.9	105010
50	-1136030400	2.3	105010
50	-1133352000	2.4	105010
50	-1130932800	4.7	105010
50	-1128254400	11.3	105010
50	-1125662400	13	105010
50	-1122984000	16.5	105010
50	-1120392000	18.4	105010
50	-1117713600	17	105010
50	-1115035200	17.4	105010
50	-1112443200	11.1	105010
50	-1109764800	5.1	105010
50	-1107172800	7.6	105010
50	-1104494400	1.6	105010
50	-1101816000	3.9	105010
50	-1099396800	5.3	105010
50	-1096718400	8	105010
50	-1094126400	10.8	105010
50	-1091448000	17	105010
50	-1088856000	18.4	105010
50	-1086177600	17.6	105010
50	-1083499200	14.7	105010
50	-1080907200	9.4	105010
50	-1078228800	7.7	105010
50	-1075636800	2.6	105010
50	-1072958400	5.4	105010
50	-1070280000	2.5	105010
50	-1067774400	7.5	105010
50	-1065096000	5.8	105010
50	-1062504000	12.8	105010
50	-1059825600	16.4	105010
50	-1057233600	16.5	105010
50	-1054555200	17	105010
50	-1051876800	14.3	105010
50	-1049284800	7.7	105010
50	-1046606400	5.2	105010
50	-1044014400	3.8	105010
50	-1041336000	4.3	105010
50	-1038657600	5.1	105010
50	-1036238400	3.8	105010
50	-1033560000	8.8	105010
50	-1030968000	14.6	105010
50	-1028289600	16.2	105010
50	-1025697600	17.3	105010
50	-1023019200	17.3	105010
50	-1020340800	14	105010
50	-1017748800	11.5	105010
50	-1015070400	5.1	105010
50	-1012478400	1.5	105010
50	-1009800000	3.9	105010
50	-1007121600	2.9	105010
50	-1004702400	9.1	105010
50	-1002024000	5.6	105010
50	-999432000	11.1	105010
50	-996753600	16.6	105010
50	-994161600	16.7	105010
50	-991483200	17.4	105010
50	-988804800	15.2	105010
50	-986212800	9.8	105010
50	-983534400	9.1	105010
50	-980942400	1.1	105010
50	-978264000	4.7	105010
50	-975585600	4.3	105010
50	-973166400	3.8	105010
50	-970488000	9.5	105010
50	-967896000	11.7	105010
50	-965217600	16.8	105010
50	-962625600	17.3	105010
50	-959947200	17.5	105010
50	-957268800	14.1	105010
50	-954676800	7.8	105010
50	-951998400	8.1	105010
50	-949406400	0.9	105010
50	-946728000	-5	105010
50	-944049600	1.1	105010
50	-941544000	5.7	105010
50	-938865600	9	105010
50	-936273600	13	105010
50	-933595200	16.5	105010
50	-931003200	16.1	105010
50	-928324800	15.3	105010
50	-925646400	13.4	105010
50	-923054400	9.1	105010
50	-920376000	7.1	105010
50	-917784000	0	105010
50	-915105600	-2.1	105010
50	-912427200	2.4	105010
50	-910008000	5.6	105010
50	-907329600	7	105010
50	-904737600	9.6	105010
50	-902059200	16.9	105010
50	-899467200	19.2	105010
50	-896788800	15.1	105010
50	-894110400	14.3	105010
50	-891518400	9.2	105010
50	-888840000	5	105010
50	-886248000	3.6	105010
50	-883569600	-4.5	105010
50	-880891200	-4.4	105010
50	-878472000	5.3	105010
50	-875793600	9.7	105010
50	-873201600	12.7	105010
50	-870523200	15.1	105010
50	-867931200	16.5	105010
50	-865252800	18.7	105010
50	-862574400	15.8	105010
50	-859982400	12.4	105010
50	-857304000	4.7	105010
50	-854712000	4.9	105010
50	-852033600	3.7	105010
50	-849355200	4.3	105010
50	-846936000	7.1	105010
50	-844257600	10.9	105010
50	-841665600	13.7	105010
50	-838987200	14.3	105010
50	-836395200	18.1	105010
50	-833716800	17.9	105010
50	-831038400	14	105010
50	-828446400	11.6	105010
50	-825768000	4.7	105010
50	-823176000	1.6	105010
50	-820497600	5	105010
50	-817819200	-0.1	105010
50	-815313600	2.2	105010
50	-812635200	10.6	105010
50	-810043200	12	105010
50	-807364800	14.3	105010
50	-804772800	17.1	105010
50	-802094400	19.9	105010
50	-799416000	12.5	105010
50	-796824000	9.1	105010
50	-794145600	5	105010
50	-791553600	1.8	105010
50	-788875200	-4.1	105010
50	-786196800	6.2	105010
50	-783777600	6.6	105010
50	-781099200	11.3	105010
50	-778507200	15.9	105010
50	-775828800	17.9	105010
50	-773236800	19.5	105010
50	-770558400	17	105010
50	-767880000	15.7	105010
50	-765288000	12.2	105010
50	-762609600	5.2	105010
50	-760017600	3.7	105010
50	-757339200	0.5	105010
50	-754660800	4.5	105010
50	-752241600	5.3	105010
50	-749563200	11.3	105010
50	-746971200	13.6	105010
50	-744292800	15.1	105010
50	-741700800	18.8	105010
50	-739022400	16.5	105010
50	-736344000	15	105010
50	-733752000	8.8	105010
50	-731073600	6.6	105010
50	-728481600	-0.1	105010
50	-725803200	-0.9	105010
50	-723124800	-3.5	105010
50	-720705600	5.1	105010
50	-718027200	11	105010
50	-715435200	16.1	105010
50	-712756800	18.7	105010
50	-710164800	20.1	105010
50	-707486400	20.9	105010
50	-704808000	18	105010
50	-702216000	9.9	105010
50	-699537600	6.8	105010
50	-696945600	3.7	105010
50	-694267200	5.8	105010
50	-691588800	2.7	105010
50	-689083200	8.4	105010
50	-686404800	10.4	105010
50	-683812800	14.2	105010
50	-681134400	16.3	105010
50	-678542400	16.7	105010
50	-675864000	17	105010
50	-673185600	14.7	105010
50	-670593600	9.7	105010
50	-667915200	6.1	105010
50	-665323200	4.3	105010
50	-662644800	3.7	105010
50	-659966400	4.3	105010
50	-657547200	4.4	105010
50	-654868800	11.8	105010
50	-652276800	12.5	105010
50	-649598400	15.3	105010
50	-647006400	18.6	105010
50	-644328000	17.7	105010
50	-641649600	18.2	105010
50	-639057600	11.9	105010
50	-636379200	5.1	105010
50	-633787200	4.4	105010
50	-631108800	1.3	105010
50	-628430400	5.9	105010
50	-626011200	6.9	105010
50	-623332800	7.5	105010
50	-620740800	13.6	105010
50	-618062400	18.9	105010
50	-615470400	18.4	105010
50	-612792000	18	105010
50	-610113600	13.3	105010
50	-607521600	9.3	105010
50	-604843200	6	105010
50	-602251200	-1.4	105010
50	-599572800	4.1	105010
50	-596894400	4.1	105010
50	-594475200	4	105010
50	-591796800	7.7	105010
50	-589204800	11.8	105010
50	-586526400	15.1	105010
50	-583934400	17.3	105010
50	-581256000	16.8	105010
50	-578577600	15.3	105010
50	-575985600	8.5	105010
50	-573307200	8.6	105010
50	-570715200	5.3	105010
50	-568036800	1.8	105010
50	-565358400	1.4	105010
50	-562852800	5.9	105010
50	-560174400	11.6	105010
50	-557582400	13.6	105010
50	-554904000	16	105010
50	-552312000	18	105010
50	-549633600	17.6	105010
50	-546955200	10.5	105010
50	-544363200	8.4	105010
50	-541684800	3	105010
50	-539092800	1.5	105010
50	-536414400	0.6	105010
50	-533736000	1.5	105010
50	-531316800	5.5	105010
50	-528638400	9.6	105010
50	-526046400	13.6	105010
50	-523368000	15.7	105010
50	-520776000	16.9	105010
50	-518097600	16.8	105010
50	-515419200	14.4	105010
50	-512827200	11.9	105010
50	-510148800	7.2	105010
50	-507556800	6.1	105010
50	-504878400	-1.2	105010
50	-502200000	0.7	105010
50	-499780800	6.8	105010
50	-497102400	6.9	105010
50	-494510400	13.2	105010
50	-491832000	15.5	105010
50	-489240000	14.6	105010
50	-486561600	16.1	105010
50	-483883200	13.9	105010
50	-481291200	11.9	105010
50	-478612800	7.1	105010
50	-476020800	5.2	105010
50	-473342400	1.7	105010
50	-470664000	0.3	105010
50	-468244800	2.2	105010
50	-465566400	8.9	105010
50	-462974400	10.8	105010
50	-460296000	15.3	105010
50	-457704000	17.6	105010
50	-455025600	17.4	105010
50	-452347200	14.5	105010
50	-449755200	9.2	105010
50	-447076800	6.1	105010
50	-444484800	5.2	105010
50	-441806400	2.2	105010
50	-439128000	-7.4	105010
50	-436622400	5.6	105010
50	-433944000	6.1	105010
50	-431352000	13.4	105010
50	-428673600	12.9	105010
50	-426081600	16.9	105010
50	-423403200	14.3	105010
50	-420724800	15.2	105010
50	-418132800	9.4	105010
50	-415454400	4.5	105010
50	-412862400	5.5	105010
50	-410184000	3.2	105010
50	-407505600	5.7	105010
50	-405086400	9.4	105010
50	-402408000	8.6	105010
50	-399816000	10.1	105010
50	-397137600	16.8	105010
50	-394545600	18	105010
50	-391867200	15.5	105010
50	-389188800	12.9	105010
50	-386596800	10.8	105010
50	-383918400	5.8	105010
50	-381326400	3	105010
50	-378648000	2.7	105010
50	-375969600	4.4	105010
50	-373550400	2.2	105010
50	-370872000	6.3	105010
50	-368280000	13.2	105010
50	-365601600	15.1	105010
50	-363009600	17.1	105010
50	-360331200	17.5	105010
50	-357652800	16	105010
50	-355060800	10.4	105010
50	-352382400	5.2	105010
50	-349790400	4.8	105010
50	-347112000	1.8	105010
50	-344433600	2.2	105010
50	-342014400	8	105010
50	-339336000	10.5	105010
50	-336744000	13.2	105010
50	-334065600	16.6	105010
50	-331473600	19.9	105010
50	-328795200	17.7	105010
50	-326116800	15.3	105010
50	-323524800	11.4	105010
50	-320846400	6.1	105010
50	-318254400	4.7	105010
50	-315576000	2.4	105010
50	-312897600	3.8	105010
50	-310392000	6.6	105010
50	-307713600	8.8	105010
50	-305121600	13.6	105010
50	-302443200	16.5	105010
50	-299851200	15	105010
50	-297172800	16.1	105010
50	-294494400	13.2	105010
50	-291902400	10.7	105010
50	-289224000	8	105010
50	-286632000	2.7	105010
50	-283953600	2.2	105010
50	-281275200	7.4	105010
50	-278856000	7.7	105010
50	-276177600	11.4	105010
50	-273585600	10.8	105010
50	-270907200	15.8	105010
50	-268315200	15.4	105010
50	-265636800	16.3	105010
50	-262958400	17.9	105010
50	-260366400	12	105010
50	-257688000	5.2	105010
50	-255096000	2.4	105010
50	-252417600	3.6	105010
50	-249739200	2	105010
50	-247320000	1.8	105010
50	-244641600	8.4	105010
50	-242049600	10	105010
50	-239371200	14.6	105010
50	-236779200	15.1	105010
50	-234100800	15.9	105010
50	-231422400	13.4	105010
50	-228830400	10.3	105010
50	-226152000	4.6	105010
50	-223560000	0	105010
50	-220881600	-5.4	105010
50	-218203200	-2.8	105010
50	-215784000	5.7	105010
50	-213105600	9.6	105010
50	-210513600	11.5	105010
50	-207835200	15.6	105010
50	-205243200	17.3	105010
50	-202564800	15.5	105010
50	-199886400	14.2	105010
50	-197294400	10.2	105010
50	-194616000	9.2	105010
50	-192024000	-1.1	105010
50	-189345600	0.8	105010
50	-186667200	4.3	105010
50	-184161600	2.9	105010
50	-181483200	9.3	105010
50	-178891200	15	105010
50	-176212800	16.7	105010
50	-173620800	18.4	105010
50	-170942400	16.9	105010
50	-168264000	15.2	105010
50	-165672000	7.9	105010
50	-162993600	6.4	105010
50	-160401600	2.3	105010
50	-157723200	2.6	105010
50	-155044800	0.4	105010
50	-152625600	5	105010
50	-149947200	7.7	105010
50	-147355200	12.3	105010
50	-144676800	15.8	105010
50	-142084800	14.8	105010
50	-139406400	15.8	105010
50	-136728000	13.4	105010
50	-134136000	10.5	105010
50	-131457600	3.6	105010
50	-128865600	4.5	105010
50	-126187200	0.2	105010
50	-123508800	6.9	105010
50	-121089600	4.6	105010
50	-118411200	9.7	105010
50	-115819200	13.6	105010
50	-113140800	16.9	105010
50	-110548800	15.5	105010
50	-107870400	16	105010
50	-105192000	14.2	105010
50	-102600000	11.8	105010
50	-99921600	4.1	105010
50	-97329600	4.1	105010
50	-94651200	3.4	105010
50	-91972800	5.1	105010
50	-89553600	6.6	105010
50	-86875200	7.4	105010
50	-84283200	13	105010
50	-81604800	14.9	105010
50	-79012800	19.4	105010
50	-76334400	17	105010
50	-73656000	14.6	105010
50	-71064000	12.5	105010
50	-68385600	4.9	105010
50	-65793600	2.2	105010
50	-63115200	1.8	105010
50	-60436800	1.7	105010
50	-57931200	6.1	105010
50	-55252800	10.5	105010
50	-52660800	11.2	105010
50	-49982400	15.6	105010
50	-47390400	16.7	105010
50	-44712000	16.5	105010
50	-42033600	14.3	105010
50	-39441600	12.2	105010
50	-36763200	5.3	105010
50	-34171200	0.4	105010
50	-31492800	4.9	105010
50	-28814400	0	105010
50	-26395200	3.9	105010
50	-23716800	8.2	105010
50	-21124800	13.8	105010
50	-18446400	15.1	105010
50	-15854400	18.8	105010
50	-13176000	16.9	105010
50	-10497600	14.4	105010
50	-7905600	12.9	105010
50	-5227200	6.3	105010
50	-2635200	-0.9	105010
50	43200	2.4	105010
50	2721600	1.4	105010
50	5140800	2.6	105010
50	7819200	5.9	105010
50	10411200	13.2	105010
50	13089600	17.7	105010
50	15681600	16.2	105010
50	18360000	17.4	105010
50	21038400	15	105010
50	23630400	10.5	105010
50	26308800	8.5	105010
50	28900800	2	105010
50	31579200	3.7	105010
50	34257600	3.3	105010
50	36676800	2.6	105010
50	39355200	9.2	105010
50	41947200	15	105010
50	44625600	14.2	105010
50	47217600	18.5	105010
50	49896000	17.6	105010
50	52574400	13.4	105010
50	55166400	11	105010
50	57844800	4.9	105010
50	60436800	5.4	105010
50	63115200	1.4	105010
50	65793600	5	105010
50	68299200	7.4	105010
50	70977600	7.6	105010
50	73569600	11.8	105010
50	76248000	14.2	105010
50	78840000	17.4	105010
50	81518400	15.8	105010
50	84196800	11.5	105010
50	86788800	8.8	105010
50	89467200	5.8	105010
50	92059200	4.9	105010
50	94737600	2.7	105010
50	97416000	2.2	105010
50	99835200	5.4	105010
50	102513600	6.2	105010
50	105105600	13.1	105010
50	107784000	17.2	105010
50	110376000	17.4	105010
50	113054400	19.2	105010
50	115732800	15.5	105010
50	118324800	9.2	105010
50	121003200	5.6	105010
50	123595200	2.9	105010
50	126273600	6	105010
50	128952000	4.7	105010
50	131371200	6.6	105010
50	134049600	9.6	105010
50	136641600	11.7	105010
50	139320000	15.3	105010
50	141912000	15.7	105010
50	144590400	17.3	105010
50	147268800	13.3	105010
50	149860800	6.4	105010
50	152539200	6.9	105010
50	155131200	6.8	105010
50	157809600	6.7	105010
50	160488000	4.4	105010
50	162907200	4.6	105010
50	165585600	8.1	105010
50	168177600	11.8	105010
50	170856000	15.2	105010
50	173448000	18.5	105010
50	176126400	20	105010
50	178804800	15.9	105010
50	181396800	8.8	105010
50	184075200	5.5	105010
50	186667200	2.4	105010
50	189345600	3.6	105010
50	192024000	3.7	105010
50	194529600	3.8	105010
50	197208000	7.9	105010
50	199800000	14.2	105010
50	202478400	19.2	105010
50	205070400	20.2	105010
50	207748800	17.7	105010
50	210427200	14.3	105010
50	213019200	11.8	105010
50	215697600	6.5	105010
50	218289600	1.7	105010
50	220968000	3.1	105010
50	223646400	5.5	105010
50	226065600	8	105010
50	228744000	6.7	105010
50	231336000	12.1	105010
50	234014400	14.7	105010
50	236606400	16.9	105010
50	239284800	16.5	105010
50	241963200	13.1	105010
50	244555200	12.6	105010
50	247233600	6.3	105010
50	249825600	5.6	105010
50	252504000	3.1	105010
50	255182400	1.6	105010
50	257601600	6.5	105010
50	260280000	7.8	105010
50	262872000	12.4	105010
50	265550400	15.1	105010
50	268142400	16	105010
50	270820800	15.5	105010
50	273499200	13.4	105010
50	276091200	11.2	105010
50	278769600	6.5	105010
50	281361600	3	105010
50	284040000	-2.2	105010
50	286718400	0	105010
50	289137600	5.2	105010
50	291816000	7.8	105010
50	294408000	12.6	105010
50	297086400	16.2	105010
50	299678400	16.5	105010
50	302356800	15.8	105010
50	305035200	14.4	105010
50	307627200	11.7	105010
50	310305600	6.2	105010
50	312897600	5.8	105010
50	315576000	0.6	105010
50	318254400	5.7	105010
50	320760000	5.4	105010
50	323438400	7.7	105010
50	326030400	12.1	105010
50	328708800	14.8	105010
50	331300800	15.6	105010
50	333979200	17.5	105010
50	336657600	16	105010
50	339249600	9.4	105010
50	341928000	4.6	105010
50	344520000	3	105010
50	347198400	2.1	105010
50	349876800	1.2	105010
50	352296000	9.1	105010
50	354974400	8.9	105010
50	357566400	13.7	105010
50	360244800	15.2	105010
50	362836800	16.7	105010
50	365515200	16.9	105010
50	368193600	15.3	105010
50	370785600	9	105010
50	373464000	6.4	105010
50	376056000	0.9	105010
50	378734400	2.2	105010
50	381412800	4.1	105010
50	383832000	5.6	105010
50	386510400	7.8	105010
50	389102400	13.4	105010
50	391780800	16.8	105010
50	394372800	19	105010
50	397051200	17.3	105010
50	399729600	17	105010
50	402321600	11.3	105010
50	4.05e+08	8.2	105010
50	407592000	3.8	105010
50	410270400	5.7	105010
50	412948800	0	105010
50	415368000	5.9	105010
50	418046400	9.2	105010
50	420638400	11	105010
50	423316800	16.9	105010
50	425908800	21	105010
50	428587200	18.6	105010
50	431265600	14.4	105010
50	433857600	10.6	105010
50	436536000	6.5	105010
50	439128000	4.3	105010
50	441806400	3.2	105010
50	444484800	1.9	105010
50	446990400	4.4	105010
50	449668800	8.3	105010
50	452260800	10.3	105010
50	454939200	14.1	105010
50	457531200	16.6	105010
50	460209600	18.1	105010
50	462888000	13.2	105010
50	465480000	11.7	105010
50	468158400	9.6	105010
50	470750400	4.3	105010
50	473428800	-3	105010
50	476107200	-0.6	105010
50	478526400	4	105010
50	481204800	8.8	105010
50	483796800	13.6	105010
50	486475200	13.8	105010
50	489067200	18	105010
50	491745600	16.4	105010
50	494424000	14.9	105010
50	497016000	10.5	105010
50	499694400	2.5	105010
50	502286400	6.1	105010
50	504964800	2.4	105010
50	507643200	-4.3	105010
50	510062400	4.9	105010
50	512740800	6.3	105010
50	515332800	14.5	105010
50	518011200	16.8	105010
50	520603200	17.8	105010
50	523281600	16.3	105010
50	525960000	11.6	105010
50	528552000	12.2	105010
50	531230400	8.2	105010
50	533822400	4.8	105010
50	536500800	-3.6	105010
50	539179200	2.1	105010
50	541598400	2.3	105010
50	544276800	11.5	105010
50	546868800	10.2	105010
50	549547200	14.4	105010
50	552139200	17.2	105010
50	554817600	16.4	105010
50	557496000	15.7	105010
50	560088000	11.5	105010
50	562766400	5.5	105010
50	565358400	4.4	105010
50	568036800	6.4	105010
50	570715200	3.7	105010
50	573220800	4.8	105010
50	575899200	9.5	105010
50	578491200	14.8	105010
50	581169600	15	105010
50	583761600	16.6	105010
50	586440000	17.4	105010
50	589118400	13.8	105010
50	591710400	11.3	105010
50	594388800	5.9	105010
50	596980800	6.3	105010
50	599659200	5	105010
50	602337600	5.3	105010
50	604756800	9	105010
50	607435200	7.3	105010
50	610027200	15.5	105010
50	612705600	15.8	105010
50	615297600	18.5	105010
50	617976000	17.8	105010
50	620654400	15.5	105010
50	623246400	12.7	105010
50	625924800	5.9	105010
50	628516800	5.3	105010
50	631195200	5.4	105010
50	633873600	8.2	105010
50	636292800	8.6	105010
50	638971200	8.4	105010
50	641563200	14.9	105010
50	644241600	15.2	105010
50	646833600	17.6	105010
50	649512000	19.6	105010
50	652190400	12.6	105010
50	654782400	12.6	105010
50	657460800	6.1	105010
50	660052800	2.9	105010
50	662731200	3	105010
50	665409600	0.2	105010
50	667828800	9.1	105010
50	670507200	8.5	105010
50	673099200	10.5	105010
50	675777600	13.4	105010
50	678369600	19.6	105010
50	681048000	19	105010
50	683726400	16.1	105010
50	686318400	10.3	105010
50	688996800	5.9	105010
50	691588800	3.6	105010
50	694267200	2.5	105010
50	696945600	5.1	105010
50	699451200	6.9	105010
50	702129600	9.1	105010
50	704721600	15.5	105010
50	707400000	16.8	105010
50	709992000	19	105010
50	712670400	18.7	105010
50	715348800	14.8	105010
50	717940800	7.6	105010
50	720619200	7.7	105010
50	723211200	3.8	105010
50	725889600	5.4	105010
50	728568000	1.1	105010
50	730987200	6.5	105010
50	733665600	11.8	105010
50	736257600	14.9	105010
50	738936000	16.9	105010
50	741528000	16.8	105010
50	744206400	16	105010
50	746884800	13.2	105010
50	749476800	8.9	105010
50	752155200	2.3	105010
50	754747200	4.9	105010
50	757425600	4.7	105010
50	760104000	2.8	105010
50	762523200	7.9	105010
50	765201600	8.8	105010
50	767793600	13	105010
50	770472000	16.6	105010
50	773064000	22.3	105010
50	775742400	18.2	105010
50	778420800	13.4	105010
50	781012800	9.7	105010
50	783691200	10.2	105010
50	786283200	5.8	105010
50	788961600	3.4	105010
50	791640000	6.5	105010
50	794059200	5.1	105010
50	796737600	9.3	105010
50	799329600	13.6	105010
50	802008000	14.9	105010
50	804600000	21.3	105010
50	807278400	20	105010
50	809956800	13.7	105010
50	812548800	14	105010
50	815227200	6.7	105010
50	817819200	0.4	105010
50	820497600	1.4	105010
50	823176000	0.7	105010
50	825681600	3.3	105010
50	828360000	10.4	105010
50	830952000	11.3	105010
50	833630400	16.6	105010
50	836222400	16.9	105010
50	838900800	17.4	105010
50	841579200	12.1	105010
50	844171200	10.7	105010
50	846849600	5.4	105010
50	849441600	0.1	105010
50	852120000	-0.1	105010
50	854798400	6.5	105010
50	857217600	8.4	105010
50	859896000	8	105010
50	862488000	13.2	105010
50	865166400	16.1	105010
50	867758400	17.5	105010
50	870436800	21	105010
50	873115200	14.8	105010
50	875707200	9.6	105010
50	878385600	6.8	105010
50	880977600	5	105010
50	883656000	4.5	105010
50	886334400	6.9	105010
50	888753600	7.2	105010
50	891432000	9.1	105010
50	894024000	15.4	105010
50	896702400	16.7	105010
50	899294400	16.3	105010
50	901972800	17.6	105010
50	904651200	14.7	105010
50	907243200	9.4	105010
50	909921600	3.5	105010
50	912513600	4.6	105010
50	915192000	5.4	105010
50	917870400	2.4	105010
50	920289600	7.5	105010
50	922968000	10	105010
50	925560000	15	105010
50	928238400	15.7	105010
50	930830400	19.8	105010
50	933508800	18.1	105010
50	936187200	18	105010
50	938779200	10.5	105010
50	941457600	5.5	105010
50	944049600	4.1	105010
50	946728000	3.8	105010
50	949406400	5.6	105010
50	951912000	6.4	105010
50	954590400	11	105010
50	957182400	15.2	105010
50	959860800	17.5	105010
50	962452800	15	105010
50	965131200	18.3	105010
50	967809600	16.1	105010
50	970401600	11.2	105010
50	973080000	8	105010
50	975672000	5.9	105010
50	978350400	3.4	105010
50	981028800	4.6	105010
50	983448000	6.2	105010
50	986126400	8.1	105010
50	988718400	15	105010
50	991396800	15.4	105010
50	993988800	18.9	105010
50	996667200	19.6	105010
50	999345600	12.5	105010
50	1001937600	14.7	105010
50	1004616000	5.6	105010
50	1007208000	1.8	105010
50	1009886400	4.7	105010
50	1012564800	6.8	105010
50	1014984000	7.5	105010
50	1017662400	9.6	105010
50	1020254400	13.9	105010
50	1022932800	17.5	105010
50	1025524800	17.7	105010
50	1028203200	18.6	105010
50	1030881600	14.1	105010
50	1033473600	10.3	105010
50	1036152000	8.7	105010
50	1038744000	4.1	105010
50	1041422400	1.7	105010
50	1044100800	2.1	105010
50	1046520000	8.5	105010
50	1049198400	10.1	105010
50	1051790400	14	105010
50	1054468800	19.5	105010
50	1057060800	19.6	105010
50	1059739200	20.8	105010
50	1062417600	15.6	105010
50	1065009600	7.6	105010
50	1067688000	8.6	105010
50	1070280000	4.3	105010
50	1072958400	2.8	105010
50	1075636800	4.2	105010
50	1078142400	6	105010
50	1080820800	10.6	105010
50	1083412800	12.4	105010
50	1086091200	15.9	105010
50	1088683200	17.2	105010
50	1091361600	19	105010
50	1094040000	15.7	105010
50	1096632000	11.8	105010
50	1099310400	5.8	105010
50	1101902400	2.6	105010
50	1104580800	4.2	105010
50	1107259200	1.3	105010
50	1109678400	7	105010
50	1112356800	10.5	105010
50	1114948800	13.5	105010
50	1117627200	17.8	105010
50	1120219200	18.4	105010
50	1122897600	16.2	105010
50	1125576000	16.4	105010
50	1128168000	14.2	105010
50	1130846400	6.1	105010
50	1133438400	3	105010
50	1136116800	1	105010
50	1138795200	1.6	105010
50	1141214400	3.7	105010
50	1143892800	9	105010
50	1146484800	14.2	105010
50	1149163200	17.5	105010
50	1151755200	23.4	105010
50	1154433600	15.8	105010
50	1157112000	18.6	105010
50	1159704000	14.1	105010
50	1162382400	9.1	105010
50	1164974400	5.9	105010
50	1167652800	6.3	105010
50	1170331200	6.5	105010
50	1172750400	7.8	105010
50	1175428800	14.1	105010
50	1178020800	14.8	105010
50	1180699200	17.5	105010
50	1183291200	17.3	105010
50	1185969600	16.9	105010
50	1188648000	13.6	105010
50	1191240000	9.9	105010
50	1193918400	6	105010
50	1196510400	3.7	105010
50	1199188800	5.8	105010
50	1201867200	5.5	105010
50	1204372800	5.4	105010
50	1207051200	8.8	105010
50	1209643200	16	105010
50	1212321600	16.6	105010
50	1214913600	17.7	105010
50	1217592000	17.7	105010
50	1220270400	13.1	105010
50	1222862400	10.4	105010
50	1225540800	6.6	105010
50	1228132800	2.2	105010
50	1230811200	0.4	105010
50	1233489600	2.9	105010
50	1235908800	6	105010
50	1238587200	12.6	105010
50	1241179200	14.3	105010
50	1243857600	15.6	105010
50	1246449600	18.6	105010
50	1249128000	19.3	105010
50	1251806400	15.2	105010
50	1254398400	10.4	105010
50	1257076800	9.5	105010
50	1259668800	2.5	105010
50	1262347200	-0.7	105010
50	1265025600	1.9	105010
50	1267444800	6	105010
50	1270123200	10.1	105010
50	1272715200	10.6	105010
50	1275393600	17.2	105010
50	1277985600	21.1	105010
50	1280664000	17	105010
50	1283342400	13.6	105010
50	1285934400	10	105010
50	1288612800	5.9	105010
50	1291204800	-1.4	105010
50	1293883200	3.1	105010
50	1296561600	4.8	105010
50	1298980800	7	105010
50	1301659200	13.7	105010
50	1304251200	15.2	105010
50	1306929600	16.6	105010
50	1309521600	15.8	105010
51	796737600	7.2	105060
51	799329600	11.6	105060
51	802008000	13	105060
51	804600000	19.4	105060
51	807278400	17.6	105060
51	809956800	11.4	105060
51	812548800	11.8	105060
51	815227200	3.9	105060
51	817819200	-1.6	105060
51	820497600	-1.6	105060
51	823176000	-1.7	105060
51	825681600	1	105060
51	828360000	8	105060
51	830952000	9.1	105060
51	833630400	14.5	105060
51	836222400	14.9	105060
51	838900800	15.7	105060
51	841579200	10.1	105060
51	844171200	8.4	105060
51	846849600	3.1	105060
51	849441600	-2.2	105060
51	852120000	-2.5	105060
51	854798400	3.6	105060
51	857217600	6.5	105060
51	859896000	5.8	105060
51	862488000	11.2	105060
51	865166400	14	105060
51	867758400	15.4	105060
51	870436800	19.1	105060
51	873115200	13.2	105060
51	875707200	7.4	105060
51	878385600	4.1	105060
51	880977600	1.9	105060
51	883656000	1.7	105060
51	886334400	4.1	105060
51	888753600	4.5	105060
51	891432000	6.8	105060
51	894024000	13.1	105060
51	896702400	15	105060
51	899294400	14.7	105060
51	901972800	16	105060
51	904651200	12.6	105060
51	907243200	7.4	105060
51	909921600	0.8	105060
51	912513600	1.4	105060
51	915192000	2.5	105060
51	917870400	-0.2	105060
51	920289600	5.1	105060
51	922968000	7.7	105060
51	925560000	12.9	105060
51	928238400	13.8	105060
51	930830400	17.9	105060
51	933508800	16.2	105060
51	936187200	16.3	105060
51	938779200	8.2	105060
51	941457600	2.7	105060
51	944049600	1.4	105060
51	946728000	0.9	105060
51	949406400	3	105060
51	951912000	4.4	105060
51	954590400	8.8	105060
51	957182400	13.2	105060
51	959860800	15.7	105060
51	962452800	13.3	105060
51	965131200	16.7	105060
51	967809600	13.6	105060
51	970401600	9	105060
51	973080000	5.3	105060
51	975672000	3.4	105060
51	978350400	1	105060
51	981028800	2.1	105060
51	983448000	4.2	105060
51	986126400	5.7	105060
51	988718400	13.1	105060
51	991396800	13.3	105060
51	993988800	17.2	105060
51	996667200	17.5	105060
51	999345600	10.4	105060
51	1001937600	12.4	105060
51	1004616000	3.1	105060
51	1007208000	-0.4	105060
51	1009886400	1.2	105060
51	1012564800	4.2	105060
51	1014984000	5.1	105060
51	1017662400	7.2	105060
51	1020254400	11.8	105060
51	1022932800	16	105060
51	1025524800	15.8	105060
51	1028203200	16.6	105060
51	1030881600	11.8	105060
51	1033473600	8.2	105060
51	1036152000	6.4	105060
51	1038744000	1.9	105060
51	1041422400	-1	105060
51	1044100800	-0.8	105060
51	1046520000	6	105060
51	1049198400	7.7	105060
51	1051790400	12.3	105060
51	1054468800	18.1	105060
51	1057060800	17.8	105060
51	1059739200	19.5	105060
51	1062417600	13.5	105060
51	1065009600	5.5	105060
51	1067688000	6.2	105060
51	1070280000	1.6	105060
51	1072958400	0	105060
51	1075636800	1.7	105060
51	1078142400	3.4	105060
51	1080820800	8.3	105060
51	1083412800	10.2	105060
51	1086091200	14	105060
51	1088683200	15.5	105060
51	1091361600	17.1	105060
51	1094040000	13.5	105060
51	1096632000	9.4	105060
51	1099310400	3.3	105060
51	1101902400	-0.2	105060
51	1104580800	1.5	105060
51	1107259200	-1.6	105060
51	1109678400	4.5	105060
51	1112356800	8.5	105060
51	1114948800	11.4	105060
51	1117627200	15.9	105060
51	1120219200	16.7	105060
51	1122897600	14.4	105060
51	1125576000	14.4	105060
51	1128168000	11.8	105060
51	1130846400	4	105060
51	1133438400	0.6	105060
51	1136116800	-1.6	105060
51	1138795200	-0.5	105060
51	1141214400	1.2	105060
51	1143892800	6.9	105060
51	1146484800	12.2	105060
51	1149163200	15.7	105060
51	1151755200	21.3	105060
51	1154433600	13.7	105060
51	1157112000	16.4	105060
51	1159704000	12	105060
51	1162382400	6.7	105060
51	1164974400	3.2	105060
51	1167652800	3.9	105060
51	1170331200	4	105060
51	1172750400	5.3	105060
51	1175428800	11.9	105060
51	1178020800	13.1	105060
51	1180699200	15.7	105060
51	1183291200	15.6	105060
51	1185969600	15.1	105060
51	1188648000	11.4	105060
51	1191240000	8	105060
51	1193918400	3.5	105060
51	1196510400	1.6	105060
51	1199188800	3.1	105060
51	1201867200	3.5	105060
51	1204372800	3.1	105060
51	1207051200	6.4	105060
51	1209643200	14.1	105060
51	1212321600	15.3	105060
51	1214913600	16.3	105060
51	1217592000	16.1	105060
51	1220270400	10.9	105060
51	1222862400	8.1	105060
51	1225540800	4.4	105060
51	1228132800	-0.2	105060
51	1230811200	-1.9	105060
51	1233489600	0.7	105060
51	1235908800	3.5	105060
51	1238587200	10.9	105060
51	1241179200	12.5	105060
51	1243857600	13.7	105060
51	1246449600	16.9	105060
51	1249128000	17.7	105060
51	1251806400	13.5	105060
51	1254398400	8.3	105060
51	1257076800	7	105060
51	1259668800	0.2	105060
51	1262347200	-3.3	105060
51	1265025600	-0.3	105060
51	1267444800	3.6	105060
51	1270123200	8.1	105060
51	1272715200	8.9	105060
51	1275393600	15.4	105060
51	1277985600	19.3	105060
51	1280664000	15.4	105060
51	1283342400	11.7	105060
51	1285934400	7.8	105060
51	1288612800	4.1	105060
51	1291204800	-3.4	105060
51	1293883200	0.8	105060
51	1296561600	2.1	105060
51	1298980800	5.3	105060
51	1301659200	11.5	105060
51	1304251200	13.3	105060
51	1306929600	15.1	105060
51	1309521600	14.2	105060
51	1312200000	16.4	105060
51	1314878400	14.9	105060
51	1317470400	9.4	105060
51	1320148800	6.4	105060
51	1322740800	3.1	105060
51	1325419200	2	105060
51	1328097600	-2.5	105060
51	1330603200	7.1	105060
51	1333281600	6.6	105060
51	1335873600	13.1	105060
51	1338552000	13.8	105060
51	1341144000	15.7	105060
51	1343822400	17.6	105060
51	1346500800	12.3	105060
51	1349092800	8.6	105060
51	1351771200	4.7	105060
51	1354363200	2.1	105060
51	1357041600	-0.4	105060
51	1359720000	-1.6	105060
51	1362139200	0	105060
51	1364817600	7	105060
51	1367409600	9.9	105060
51	1370088000	14	105060
51	1372680000	18.4	105060
51	1375358400	17	105060
51	1378036800	12.7	105060
51	1380628800	10.2	105060
51	1383307200	3.6	105060
51	1385899200	3.2	105060
51	1388577600	3.1	105060
51	1391256000	3.6	105060
51	1393675200	7	105060
51	1396353600	10.3	105060
51	1398945600	11.2	105060
51	1401624000	14.6	105060
51	1404216000	17.6	105060
51	1406894400	14.3	105060
51	1409572800	13.7	105060
51	1412164800	11	105060
51	1414843200	6.3	105060
51	1417435200	1.7	105060
51	1420113600	0.8	105060
51	1422792000	0.2	105060
51	1425211200	4.3	105060
51	1427889600	8.1	105060
51	1430481600	11.3	105060
52	-3849940800	-4.7	105090
52	-3847262400	5.4	105090
52	-3844756800	6.2	105090
52	-3842078400	10.7	105090
52	-3839486400	15.3	105090
52	-3836808000	17.2	105090
52	-3834216000	18.1	105090
52	-3831537600	16.7	105090
52	-3828859200	14.5	105090
52	-3826267200	11.5	105090
52	-3823588800	5.8	105090
52	-3820996800	4.2	105090
52	-3818318400	1.1	105090
52	-3815640000	5.3	105090
52	-3813220800	4.4	105090
52	-3810542400	8.6	105090
52	-3807950400	14.8	105090
52	-3805272000	17.3	105090
52	-3802680000	18.4	105090
52	-3800001600	16.6	105090
52	-3797323200	15	105090
52	-3794731200	10.4	105090
52	-3792052800	4.2	105090
52	-3789460800	0.6	105090
52	-3786782400	-3.3	105090
52	-3784104000	5.5	105090
52	-3781684800	2.9	105090
52	-3779006400	10.5	105090
52	-3776414400	12.9	105090
52	-3773736000	18.2	105090
52	-3771144000	18.2	105090
52	-3768465600	16.8	105090
52	-3765787200	13.5	105090
52	-3763195200	7.9	105090
52	-3760516800	7.8	105090
52	-3757924800	2.9	105090
52	-3755246400	3.6	105090
52	-3752568000	3.1	105090
52	-3750148800	5.5	105090
52	-3747470400	9.3	105090
52	-3744878400	10.6	105090
52	-3742200000	16.9	105090
52	-3739608000	17.5	105090
52	-3736929600	18.2	105090
52	-3734251200	13.1	105090
52	-3731659200	11.6	105090
52	-3728980800	2.7	105090
52	-3726388800	2.6	105090
52	-3723710400	5.2	105090
52	-3721032000	3.8	105090
52	-3718526400	3.8	105090
52	-3715848000	7.1	105090
52	-3713256000	13.9	105090
52	-3710577600	16.3	105090
52	-3707985600	21.8	105090
52	-3705307200	18.9	105090
52	-3702628800	15.1	105090
52	-3700036800	9.3	105090
52	-3697358400	9.6	105090
52	-3694766400	7.7	105090
52	-3692088000	5.4	105090
52	-3689409600	-0.2	105090
52	-3686990400	1	105090
52	-3684312000	7.7	105090
52	-3681720000	13.9	105090
52	-3679041600	16.5	105090
52	-3676449600	19.2	105090
52	-3673771200	17.9	105090
52	-3671092800	14.3	105090
52	-3668500800	11.6	105090
52	-3665822400	4.6	105090
52	-3663230400	-2.7	105090
52	-3660552000	2.6	105090
52	-3657873600	1.8	105090
52	-3655454400	5.9	105090
52	-3652776000	10.3	105090
52	-3650184000	13.6	105090
52	-3647505600	15.6	105090
52	-3644913600	19	105090
52	-3642235200	17.4	105090
52	-3639556800	15.4	105090
52	-3636964800	10.6	105090
52	-3634286400	3.9	105090
52	-3631694400	4.7	105090
52	-3629016000	-1.6	105090
52	-3626337600	-3.7	105090
52	-3623918400	3.3	105090
52	-3621240000	7.9	105090
52	-3618648000	12.2	105090
52	-3615969600	15.2	105090
52	-3613377600	17.7	105090
52	-3610699200	18.4	105090
52	-3608020800	15.2	105090
52	-3605428800	12.2	105090
52	-3602750400	3.8	105090
52	-3600158400	-0.8	105090
52	-3597480000	3.5	105090
52	-3594801600	5	105090
52	-3592296000	4.3	105090
52	-3589617600	10.3	105090
52	-3587025600	11.9	105090
52	-3584347200	17	105090
52	-3581755200	17.1	105090
52	-3579076800	21.2	105090
52	-3576398400	13.9	105090
52	-3573806400	11.5	105090
52	-3571128000	2.8	105090
52	-3568536000	3.8	105090
52	-3565857600	1.1	105090
52	-3563179200	2.6	105090
52	-3560760000	5	105090
52	-3558081600	9	105090
52	-3555489600	14.6	105090
52	-3552811200	18.6	105090
52	-3550219200	20.6	105090
52	-3547540800	21.3	105090
52	-3544862400	17.2	105090
52	-3542270400	12.6	105090
52	-3539592000	6.3	105090
52	-3.537e+09	4.5	105090
52	-3534321600	0.4	105090
52	-3531643200	0.3	105090
52	-3529224000	3.7	105090
52	-3526545600	9.2	105090
52	-3523953600	12.1	105090
52	-3521275200	21	105090
52	-3518683200	17.5	105090
52	-3516004800	18.3	105090
52	-3513326400	17.3	105090
52	-3510734400	10.7	105090
52	-3508056000	1	105090
52	-3505464000	2.8	105090
53	-389188800	13.2	105130
53	-386596800	10.4	105130
53	-383918400	6.2	105130
53	-381326400	2.3	105130
53	-378648000	2.1	105130
53	-375969600	4.5	105130
53	-373550400	1.9	105130
53	-370872000	6.7	105130
53	-368280000	13.8	105130
53	-365601600	15.5	105130
53	-363009600	17.7	105130
53	-360331200	18	105130
53	-357652800	16.1	105130
53	-355060800	10.4	105130
53	-352382400	5.7	105130
53	-349790400	4.3	105130
53	-347112000	1.7	105130
53	-344433600	1.2	105130
53	-342014400	7.3	105130
53	-339336000	10.7	105130
53	-336744000	14.2	105130
53	-334065600	17.5	105130
53	-331473600	20.8	105130
53	-328795200	17.9	105130
53	-326116800	14.8	105130
53	-323524800	10.3	105130
53	-320846400	5.1	105130
53	-318254400	4.7	105130
53	-315576000	2.1	105130
53	-312897600	3.3	105130
53	-310392000	6.9	105130
53	-307713600	9.8	105130
53	-305121600	14.1	105130
53	-302443200	17.2	105130
53	-299851200	15.9	105130
53	-297172800	16.6	105130
53	-294494400	13.4	105130
53	-291902400	10.8	105130
53	-289224000	8.1	105130
53	-286632000	2.8	105130
53	-283953600	1.6	105130
53	-281275200	6.8	105130
53	-278856000	7.4	105130
53	-276177600	11.7	105130
53	-273585600	11.5	105130
53	-270907200	16.6	105130
53	-268315200	15.8	105130
53	-265636800	17	105130
53	-262958400	17.9	105130
53	-260366400	12	105130
53	-257688000	5.3	105130
53	-255096000	1.9	105130
53	-252417600	3.7	105130
53	-249739200	2.5	105130
53	-247320000	1.6	105130
53	-244641600	9.3	105130
53	-242049600	10.7	105130
53	-239371200	15.5	105130
53	-236779200	15.8	105130
53	-234100800	16.5	105130
53	-231422400	13.4	105130
53	-228830400	9.9	105130
53	-226152000	4	105130
53	-223560000	-0.6	105130
53	-220881600	-6	105130
53	-218203200	-3.6	105130
53	-215784000	4.8	105130
53	-213105600	10.4	105130
53	-210513600	12.6	105130
53	-207835200	16.6	105130
53	-205243200	18.3	105130
53	-202564800	16.4	105130
53	-199886400	14.6	105130
53	-197294400	9.4	105130
53	-194616000	8.9	105130
53	-192024000	-1.4	105130
53	-189345600	0.1	105130
53	-186667200	3.8	105130
53	-184161600	3.3	105130
53	-181483200	9.8	105130
53	-178891200	15.4	105130
53	-176212800	17.7	105130
53	-173620800	19.2	105130
53	-170942400	17.3	105130
53	-168264000	15.1	105130
53	-165672000	8.2	105130
53	-162993600	6.2	105130
53	-160401600	2.3	105130
53	-157723200	3.2	105130
53	-155044800	0.9	105130
53	-152625600	5	105130
53	-149947200	8	105130
53	-147355200	12.9	105130
53	-144676800	17	105130
53	-142084800	15.8	105130
53	-139406400	16.1	105130
53	-136728000	13.6	105130
53	-134136000	9.5	105130
53	-131457600	3.7	105130
53	-128865600	4.8	105130
53	-126187200	-0.5	105130
53	-123508800	7.5	105130
53	-121089600	5	105130
53	-118411200	10.6	105130
53	-115819200	14.7	105130
53	-113140800	17.6	105130
53	-110548800	16.3	105130
53	-107870400	16.9	105130
53	-105192000	14.6	105130
53	-102600000	12.3	105130
53	-99921600	3.7	105130
53	-97329600	4	105130
53	-94651200	3.3	105130
53	-91972800	5	105130
53	-89553600	7.3	105130
53	-86875200	8.3	105130
53	-84283200	13.8	105130
53	-81604800	16.2	105130
53	-79012800	20	105130
53	-76334400	17.5	105130
53	-73656000	14.6	105130
53	-71064000	12.6	105130
53	-68385600	4.8	105130
53	-65793600	2.3	105130
53	-63115200	1.8	105130
53	-60436800	2.4	105130
53	-57931200	6.3	105130
53	-55252800	10.8	105130
53	-52660800	12.3	105130
53	-49982400	16.6	105130
53	-47390400	17.6	105130
53	-44712000	17.1	105130
53	-42033600	14.7	105130
53	-39441600	11.9	105130
53	-36763200	5.1	105130
53	-34171200	0	105130
53	-31492800	3.9	105130
53	-28814400	-0.1	105130
53	-26395200	3.8	105130
53	-23716800	9	105130
53	-21124800	14.5	105130
53	-18446400	16	105130
53	-15854400	19.8	105130
53	-13176000	17.6	105130
53	-10497600	14.9	105130
53	-7905600	11.8	105130
53	-5227200	6.8	105130
53	-2635200	-1.5	105130
53	43200	0.7	105130
53	2721600	1.4	105130
53	5140800	3.3	105130
53	7819200	6.8	105130
53	10411200	13.4	105130
53	13089600	18.1	105130
53	15681600	16.6	105130
53	18360000	17.7	105130
53	21038400	14.7	105130
53	23630400	10.6	105130
53	26308800	7.6	105130
53	28900800	1.7	105130
53	31579200	1.8	105130
53	34257600	3.4	105130
53	36676800	2.6	105130
53	39355200	9.3	105130
53	41947200	15.2	105130
53	44625600	14.7	105130
53	47217600	18.8	105130
53	49896000	18.2	105130
53	52574400	13.1	105130
53	55166400	9.5	105130
53	57844800	4.7	105130
53	60436800	5.2	105130
53	63115200	0.5	105130
53	65793600	4.2	105130
53	68299200	6.5	105130
53	70977600	8.4	105130
53	73569600	12.5	105130
53	76248000	14.9	105130
53	78840000	18.3	105130
53	81518400	16.5	105130
53	84196800	11.4	105130
53	86788800	8	105130
53	89467200	5.5	105130
53	92059200	2.7	105130
53	94737600	2	105130
53	97416000	2.6	105130
53	99835200	5.1	105130
53	102513600	6.6	105130
53	105105600	13.6	105130
53	107784000	17.8	105130
53	110376000	18.2	105130
53	113054400	19.5	105130
53	115732800	15.4	105130
53	118324800	8.8	105130
53	121003200	5.3	105130
53	123595200	2	105130
53	126273600	5.2	105130
53	128952000	4.6	105130
53	131371200	6.7	105130
53	134049600	9.6	105130
53	136641600	12.2	105130
53	139320000	15.3	105130
53	141912000	16.3	105130
53	144590400	17.7	105130
53	147268800	13.8	105130
53	149860800	6.7	105130
53	152539200	6.5	105130
53	155131200	7.3	105130
53	157809600	6.8	105130
53	160488000	3	105130
53	162907200	5.1	105130
53	165585600	8.3	105130
53	168177600	12.4	105130
53	170856000	16	105130
53	173448000	19.4	105130
53	176126400	20.4	105130
53	178804800	15.9	105130
53	181396800	8.5	105130
53	184075200	5	105130
53	186667200	2.4	105130
53	189345600	3.9	105130
53	192024000	3	105130
53	194529600	3	105130
53	197208000	8.1	105130
53	199800000	14.1	105130
53	202478400	19.3	105130
53	205070400	21	105130
53	207748800	17.7	105130
53	210427200	14.2	105130
53	213019200	11.4	105130
53	215697600	6.5	105130
53	218289600	0.6	105130
53	220968000	2.9	105130
53	223646400	5	105130
53	226065600	7.5	105130
53	228744000	7	105130
53	231336000	12.6	105130
53	234014400	15.9	105130
53	236606400	17.7	105130
53	239284800	16.7	105130
53	241963200	12.8	105130
53	244555200	11.6	105130
53	247233600	6.6	105130
53	249825600	3.9	105130
53	252504000	2.6	105130
53	255182400	0.9	105130
53	257601600	6.6	105130
53	260280000	8	105130
53	262872000	12.9	105130
53	265550400	15.8	105130
53	268142400	16.1	105130
53	270820800	15.7	105130
53	273499200	13.6	105130
53	276091200	10.2	105130
53	278769600	5.3	105130
53	281361600	2.4	105130
53	284040000	-3.3	105130
53	286718400	0.1	105130
53	289137600	5.3	105130
53	291816000	7.8	105130
53	294408000	12.8	105130
53	297086400	17	105130
53	299678400	17.1	105130
53	302356800	15.8	105130
53	305035200	13.9	105130
53	307627200	10.7	105130
53	310305600	4.9	105130
53	312897600	5.8	105130
53	315576000	-0.2	105130
53	318254400	4.7	105130
53	320760000	5.5	105130
53	323438400	7.9	105130
53	326030400	12.7	105130
53	328708800	15.3	105130
53	331300800	16	105130
53	333979200	17.8	105130
53	336657600	15.4	105130
53	339249600	9.1	105130
53	341928000	5	105130
53	344520000	3	105130
53	347198400	1.2	105130
53	349876800	0.7	105130
53	352296000	8.8	105130
53	354974400	9.4	105130
53	357566400	14	105130
53	360244800	15.9	105130
53	362836800	17.4	105130
53	365515200	17.2	105130
53	368193600	14.7	105130
53	370785600	9	105130
53	373464000	6.3	105130
53	376056000	0.4	105130
53	378734400	0	105130
53	381412800	2	105130
53	383832000	5.1	105130
53	386510400	8	105130
53	389102400	13.8	105130
53	391780800	17.2	105130
53	394372800	19.9	105130
53	397051200	17.8	105130
53	399729600	16.3	105130
53	402321600	10.8	105130
53	4.05e+08	7.8	105130
53	407592000	3.6	105130
53	410270400	5.9	105130
53	412948800	0	105130
53	415368000	5.7	105130
53	418046400	9.9	105130
53	420638400	11.6	105130
53	423316800	17.9	105130
53	425908800	21.5	105130
53	428587200	19.6	105130
53	431265600	14.7	105130
53	433857600	10.1	105130
53	436536000	4.9	105130
53	439128000	3	105130
53	441806400	3.3	105130
53	444484800	1.8	105130
53	446990400	4	105130
53	449668800	7.7	105130
53	452260800	11	105130
53	454939200	14.8	105130
53	457531200	17.1	105130
53	460209600	17.9	105130
53	462888000	13.6	105130
53	465480000	11.7	105130
53	468158400	7.4	105130
53	470750400	3.7	105130
53	473428800	-3.6	105130
53	476107200	-2.1	105130
53	478526400	4.5	105130
53	481204800	9.3	105130
53	483796800	14.4	105130
53	486475200	14.3	105130
53	489067200	18.3	105130
53	491745600	16.6	105130
53	494424000	14.4	105130
53	497016000	9.8	105130
53	499694400	2.3	105130
53	502286400	5.7	105130
53	504964800	2.6	105130
53	507643200	-4.1	105130
53	510062400	4.9	105130
53	512740800	6.9	105130
53	515332800	14.9	105130
53	518011200	17.7	105130
53	520603200	18.3	105130
53	523281600	17.1	105130
53	525960000	11.5	105130
53	528552000	11.6	105130
53	531230400	7.6	105130
53	533822400	4.3	105130
53	536500800	-3.5	105130
53	539179200	1.8	105130
53	541598400	2.2	105130
53	544276800	11.1	105130
53	546868800	10.8	105130
53	549547200	15.2	105130
53	552139200	18	105130
53	554817600	16.8	105130
53	557496000	15.8	105130
53	560088000	10.8	105130
53	562766400	6.1	105130
53	565358400	3.9	105130
53	568036800	5.8	105130
53	570715200	4	105130
53	573220800	4.9	105130
53	575899200	9.4	105130
53	578491200	15.9	105130
53	581169600	16	105130
53	583761600	17.4	105130
53	586440000	17.7	105130
53	589118400	14.1	105130
53	591710400	11.1	105130
53	594388800	5.2	105130
53	596980800	6.5	105130
53	599659200	4	105130
53	602337600	4.4	105130
53	604756800	8.8	105130
53	607435200	8.1	105130
53	610027200	15.6	105130
53	612705600	16.6	105130
53	615297600	19.4	105130
53	617976000	18.3	105130
53	620654400	15.4	105130
53	623246400	12.1	105130
53	625924800	5	105130
53	628516800	4.7	105130
53	631195200	4.8	105130
53	633873600	7.7	105130
53	636292800	8.4	105130
53	638971200	8.5	105130
53	641563200	15.1	105130
53	644241600	15.8	105130
53	646833600	17.4	105130
53	649512000	19.3	105130
53	652190400	12.1	105130
53	654782400	12.2	105130
53	657460800	5.9	105130
53	660052800	2.7	105130
53	662731200	3	105130
53	665409600	-0.4	105130
53	667828800	8.6	105130
53	670507200	8.3	105130
53	673099200	10.4	105130
53	675777600	13.6	105130
53	678369600	19.8	105130
53	681048000	18.5	105130
53	683726400	15.6	105130
53	686318400	9.8	105130
53	688996800	5.3	105130
53	691588800	2.7	105130
53	694267200	2.4	105130
53	696945600	4.8	105130
53	699451200	6.9	105130
53	702129600	9.2	105130
53	704721600	15.7	105130
53	707400000	17	105130
53	709992000	18.9	105130
53	712670400	19	105130
53	715348800	14.2	105130
53	717940800	7.5	105130
53	720619200	7.3	105130
53	723211200	3.3	105130
53	725889600	4.9	105130
53	728568000	0.8	105130
53	730987200	6	105130
53	733665600	11.6	105130
53	736257600	15.2	105130
53	738936000	17	105130
53	741528000	17.2	105130
53	744206400	15.8	105130
53	746884800	13.2	105130
53	749476800	9	105130
53	752155200	2.1	105130
53	754747200	5.1	105130
53	757425600	4.6	105130
53	760104000	2.2	105130
53	762523200	8	105130
53	765201600	9.1	105130
53	767793600	13.2	105130
53	770472000	16.8	105130
53	773064000	22.2	105130
53	775742400	18.2	105130
53	778420800	13.9	105130
53	781012800	9.3	105130
53	783691200	9.8	105130
53	786283200	5.6	105130
53	788961600	2.7	105130
53	791640000	6.2	105130
53	794059200	4.6	105130
53	796737600	9.6	105130
53	799329600	13.7	105130
53	802008000	15.1	105130
53	804600000	21.2	105130
53	807278400	19.6	105130
53	809956800	13.7	105130
53	812548800	13.3	105130
53	815227200	5.6	105130
53	817819200	0.4	105130
53	820497600	0.4	105130
53	823176000	0.6	105130
53	825681600	3.5	105130
53	828360000	10.4	105130
53	830952000	11.8	105130
53	833630400	16.4	105130
53	836222400	16.8	105130
53	838900800	17.5	105130
53	841579200	12.1	105130
53	844171200	10.4	105130
53	846849600	5.5	105130
53	849441600	-0.4	105130
53	852120000	-0.7	105130
53	854798400	6.3	105130
53	857217600	8.2	105130
53	859896000	7.7	105130
53	862488000	13.5	105130
53	865166400	16.4	105130
53	867758400	17.7	105130
53	870436800	20.7	105130
53	873115200	14.1	105130
53	875707200	9	105130
53	878385600	5.8	105130
53	880977600	4.4	105130
53	883656000	4.3	105130
53	886334400	6	105130
53	888753600	7.1	105130
53	891432000	9.7	105130
53	894024000	15.5	105130
53	896702400	16.8	105130
53	899294400	16.6	105130
53	901972800	17.1	105130
53	904651200	14.7	105130
53	907243200	9.7	105130
53	909921600	3.2	105130
53	912513600	3.6	105130
53	915192000	4.8	105130
53	917870400	2.6	105130
53	920289600	7.5	105130
53	922968000	10.1	105130
53	925560000	15	105130
53	928238400	15.8	105130
53	930830400	19.8	105130
53	933508800	18.1	105130
53	936187200	18.1	105130
53	938779200	10.1	105130
53	941457600	5.4	105130
53	944049600	4.2	105130
53	946728000	3.6	105130
53	949406400	5.4	105130
53	951912000	6.7	105130
53	954590400	11.4	105130
53	957182400	15.6	105130
53	959860800	17.6	105130
53	962452800	15.4	105130
53	965131200	17.9	105130
53	967809600	15.5	105130
53	970401600	11.2	105130
53	973080000	8	105130
53	975672000	5.5	105130
53	978350400	3	105130
53	981028800	4.3	105130
53	983448000	6.2	105130
53	986126400	8.4	105130
53	988718400	15.4	105130
53	991396800	15.4	105130
53	993988800	19.2	105130
53	996667200	19.6	105130
53	999345600	12.7	105130
53	1001937600	14.1	105130
53	1004616000	5.2	105130
53	1007208000	1.9	105130
53	1009886400	3.2	105130
53	1012564800	7	105130
53	1014984000	7.3	105130
53	1017662400	9.7	105130
53	1020254400	14.3	105130
53	1022932800	18	105130
53	1025524800	17.9	105130
53	1028203200	18.8	105130
53	1030881600	13.9	105130
53	1033473600	10	105130
53	1036152000	8.3	105130
53	1038744000	3.9	105130
53	1041422400	1.7	105130
53	1044100800	1.4	105130
53	1046520000	8.1	105130
53	1049198400	10.3	105130
53	1051790400	14.6	105130
53	1054468800	19.7	105130
53	1057060800	19.8	105130
53	1059739200	20.8	105130
53	1062417600	14.9	105130
53	1065009600	7.6	105130
53	1067688000	8.6	105130
53	1070280000	3.7	105130
53	1072958400	2.6	105130
53	1075636800	4.3	105130
53	1078142400	5.8	105130
53	1080820800	10.8	105130
53	1083412800	12.2	105130
53	1086091200	15.9	105130
53	1088683200	17.4	105130
53	1091361600	19.3	105130
53	1094040000	15.4	105130
53	1096632000	11.7	105130
53	1099310400	5.6	105130
53	1101902400	1.8	105130
53	1104580800	4.3	105130
53	1107259200	1.2	105130
53	1109678400	7.1	105130
53	1112356800	10.9	105130
53	1114948800	13.6	105130
53	1117627200	17.7	105130
53	1120219200	18.6	105130
53	1122897600	16.4	105130
53	1125576000	16.1	105130
53	1128168000	13.3	105130
53	1130846400	6.1	105130
53	1133438400	3	105130
53	1136116800	0.2	105130
53	1138795200	1.8	105130
53	1141214400	3.8	105130
53	1143892800	9.1	105130
53	1146484800	14.5	105130
53	1149163200	17.8	105130
53	1151755200	23.3	105130
53	1154433600	16.2	105130
53	1157112000	18.4	105130
53	1159704000	14	105130
53	1162382400	8.9	105130
53	1164974400	5.8	105130
53	1167652800	6.5	105130
53	1170331200	6.2	105130
53	1172750400	7.9	105130
53	1175428800	13.8	105130
53	1178020800	15.3	105130
53	1180699200	18	105130
53	1183291200	17.8	105130
53	1185969600	17	105130
53	1188648000	13.5	105130
53	1191240000	9.8	105130
53	1193918400	5.7	105130
53	1196510400	3.3	105130
53	1199188800	5.9	105130
53	1201867200	5.1	105130
53	1204372800	5.8	105130
53	1207051200	8.8	105130
53	1209643200	16.5	105130
53	1212321600	17.3	105130
53	1214913600	18.2	105130
53	1217592000	18.2	105130
53	1220270400	13	105130
53	1222862400	10.2	105130
53	1225540800	6.5	105130
53	1228132800	2	105130
53	1230811200	-0.5	105130
53	1233489600	3.1	105130
53	1235908800	6.1	105130
53	1238587200	13.2	105130
53	1241179200	14.5	105130
53	1243857600	15.9	105130
53	1246449600	19.1	105130
53	1249128000	19.2	105130
53	1251806400	15.4	105130
53	1254398400	9.9	105130
53	1257076800	9.6	105130
53	1259668800	2.5	105130
53	1262347200	-1	105130
53	1265025600	1.9	105130
53	1267444800	6	105130
53	1270123200	10.3	105130
53	1272715200	11.2	105130
53	1275393600	17.5	105130
53	1277985600	21.5	105130
53	1280664000	17.3	105130
53	1283342400	13.5	105130
53	1285934400	9.7	105130
53	1288612800	6.4	105130
53	1291204800	-1.7	105130
53	1293883200	2.9	105130
53	1296561600	4.1	105130
53	1298980800	7.2	105130
53	1301659200	13.4	105130
53	1304251200	15.4	105130
53	1306929600	17.1	105130
53	1309521600	16.4	105130
53	1312200000	18.2	105130
53	1314878400	16.5	105130
53	1317470400	11.2	105130
53	1320148800	7.4	105130
53	1322740800	5.6	105130
53	1325419200	4.1	105130
53	1328097600	-0.2	105130
53	1330603200	8.8	105130
53	1333281600	9.2	105130
53	1335873600	15.2	105130
53	1338552000	15.9	105130
53	1341144000	17.8	105130
53	1343822400	19.5	105130
53	1346500800	13.9	105130
53	1349092800	10.2	105130
53	1351771200	6.8	105130
53	1354363200	4.3	105130
53	1357041600	2.1	105130
53	1359720000	1.1	105130
53	1362139200	2.4	105130
53	1364817600	9.5	105130
53	1367409600	12.3	105130
53	1370088000	16.4	105130
53	1372680000	20.2	105130
53	1375358400	18.5	105130
53	1378036800	14.6	105130
53	1380628800	12.2	105130
53	1383307200	5.7	105130
53	1385899200	5.6	105130
53	1388577600	5.4	105130
53	1391256000	6.4	105130
53	1393675200	8.8	105130
53	1396353600	12.4	105130
53	1398945600	13.4	105130
53	1401624000	16.6	105130
53	1404216000	19.7	105130
53	1406894400	16.3	105130
53	1409572800	15.7	105130
53	1412164800	13.1	105130
53	1414843200	8.2	105130
53	1417435200	4.3	105130
53	1420113600	3.4	105130
53	1422792000	2.7	105130
53	1425211200	6.3	105130
53	1427889600	9.8	105130
53	1430481600	13.5	105130
54	-4796625600	3.1	105150
54	-4793947200	1.5	105150
54	-4791528000	5.5	105150
54	-4788849600	10.5	105150
54	-4786257600	11.9	105150
54	-4783579200	17.8	105150
54	-4780987200	18.8	105150
54	-4778308800	16.5	105150
54	-4775630400	14.6	105150
54	-4773038400	9.5	105150
54	-4770360000	6.5	105150
54	-4767768000	-1.5	105150
54	-4765089600	2.6	105150
54	-4762411200	3.6	105150
54	-4759992000	6	105150
54	-4757313600	10.8	105150
54	-4754721600	14.4	105150
54	-4752043200	17.4	105150
54	-4749451200	19.9	105150
54	-4746772800	19.3	105150
54	-4744094400	15.5	105150
54	-4741502400	9.3	105150
54	-4738824000	3.1	105150
54	-4736232000	0.9	105150
54	-4733553600	-3.1	105150
54	-4730875200	1.5	105150
54	-4728369600	3	105150
54	-4725691200	11	105150
54	-4723099200	14.9	105150
54	-4720420800	15.5	105150
54	-4717828800	18.4	105150
54	-4715150400	19.6	105150
54	-4712472000	14	105150
54	-4709880000	9.5	105150
54	-4707201600	2.9	105150
54	-4704609600	1.1	105150
54	-4701931200	2.3	105150
54	-4699252800	0.1	105150
54	-4696833600	6.5	105150
54	-4694155200	12.6	105150
54	-4691563200	13.3	105150
54	-4688884800	15.4	105150
54	-4686292800	17.6	105150
54	-4683614400	19	105150
54	-4680936000	17	105150
54	-4678344000	10.5	105150
54	-4675665600	9.3	105150
54	-4673073600	6.6	105150
54	-4670395200	3.8	105150
54	-4667716800	5.8	105150
54	-4665297600	9.3	105150
54	-4662619200	12.3	105150
54	-4660027200	17.3	105150
54	-4657348800	21.4	105150
54	-4654756800	20.5	105150
54	-4652078400	19.4	105150
54	-4649400000	15.4	105150
54	-4646808000	13.4	105150
54	-4644129600	8.5	105150
54	-4641537600	-0.6	105150
54	-4638859200	-3.6	105150
54	-4636180800	4.6	105150
54	-4633761600	6.9	105150
54	-4631083200	9.4	105150
54	-4628491200	16.5	105150
54	-4625812800	16.8	105150
54	-4623220800	19.1	105150
54	-4620542400	20.1	105150
54	-4617864000	15.6	105150
54	-4615272000	10.1	105150
54	-4612593600	5.8	105150
54	-4610001600	5.1	105150
54	-4607323200	1.8	105150
54	-4604644800	3.5	105150
54	-4602139200	3.6	105150
54	-4599460800	7.3	105150
54	-4596868800	11.8	105150
54	-4594190400	15.9	105150
54	-4591598400	17.4	105150
54	-4588920000	16.9	105150
54	-4586241600	15.1	105150
54	-4583649600	10.4	105150
54	-4580971200	8.3	105150
54	-4578379200	6.9	105150
54	-4575700800	3.4	105150
54	-4573022400	3.5	105150
54	-4570603200	4	105150
54	-4567924800	12.6	105150
54	-4565332800	15.9	105150
54	-4562654400	19.3	105150
54	-4560062400	21	105150
54	-4557384000	20.5	105150
54	-4554705600	18.3	105150
54	-4552113600	11.4	105150
54	-4549435200	7.4	105150
54	-4546843200	6.5	105150
54	-4544164800	-4.3	105150
54	-4541486400	4.5	105150
54	-4539067200	6.6	105150
54	-4536388800	10.9	105150
54	-4533796800	14.8	105150
54	-4531118400	20.3	105150
54	-4528526400	22.4	105150
54	-4525848000	22.5	105150
54	-4523169600	16.6	105150
54	-4520577600	12.8	105150
54	-4517899200	5.5	105150
54	-4515307200	4.4	105150
54	-4512628800	-1.1	105150
54	-4509950400	-3.1	105150
54	-4507531200	7.9	105150
54	-4504852800	12.8	105150
54	-4502260800	18.1	105150
54	-4499582400	20	105150
54	-4496990400	21.1	105150
54	-4494312000	17.5	105150
54	-4491633600	16.3	105150
54	-4489041600	12.3	105150
54	-4486363200	4.4	105150
54	-4483771200	7.3	105150
54	-4481092800	4.1	105150
54	-4478414400	3.9	105150
54	-4475908800	7.5	105150
54	-4473230400	11.8	105150
54	-4470638400	16.4	105150
54	-4467960000	20.1	105150
54	-4465368000	21.1	105150
54	-4462689600	18	105150
54	-4460011200	15.8	105150
54	-4457419200	11	105150
54	-4454740800	6.6	105150
54	-4452148800	5.5	105150
54	-4449470400	-2	105150
54	-4446792000	0.8	105150
54	-4444372800	5.1	105150
54	-4441694400	11.1	105150
54	-4439102400	15.9	105150
54	-4436424000	18.6	105150
54	-4433832000	20.6	105150
54	-4431153600	18	105150
54	-4428475200	14.8	105150
54	-4425883200	10.6	105150
54	-4423204800	3.4	105150
54	-4420612800	-4.9	105150
54	-4417934400	-3.8	105150
54	-4415256000	-1.3	105150
54	-4412836800	7.8	105150
54	-4410158400	12.9	105150
54	-4407566400	16.8	105150
54	-4404888000	18.5	105150
54	-4402296000	21.1	105150
54	-4399617600	18.8	105150
54	-4396939200	15.1	105150
54	-4394347200	9.8	105150
54	-4391668800	7.9	105150
54	-4389076800	2.4	105150
54	-4386398400	0.3	105150
54	-4383720000	4.5	105150
54	-4381300800	8.4	105150
54	-4378622400	13	105150
54	-4376030400	15.8	105150
54	-4373352000	18.4	105150
54	-4370760000	21	105150
54	-4368081600	20	105150
54	-4365403200	15.1	105150
54	-4362811200	15	105150
54	-4360132800	6.5	105150
54	-4357540800	5.4	105150
55	-2177409600	-4	105320
55	-2174731200	-3.9	105320
55	-2172312000	3.3	105320
55	-2169633600	9	105320
55	-2167041600	13.6	105320
55	-2164363200	16.2	105320
55	-2161771200	18.6	105320
55	-2159092800	16.8	105320
55	-2156414400	13.4	105320
55	-2153822400	9	105320
55	-2151144000	3	105320
55	-2148552000	1.2	105320
55	-2145873600	3.6	105320
55	-2143195200	-0.4	105320
55	-2140776000	4.2	105320
55	-2138097600	9.6	105320
55	-2135505600	9.6	105320
55	-2132827200	16.5	105320
55	-2130235200	17	105320
55	-2127556800	15.5	105320
55	-2124878400	13.2	105320
55	-2122286400	7.4	105320
55	-2119608000	1.6	105320
55	-2117016000	-1.6	105320
55	-2114337600	1.1	105320
55	-2111659200	4.4	105320
55	-2109240000	6.4	105320
55	-2106561600	5.5	105320
55	-2103969600	13.5	105320
55	-2101291200	16	105320
55	-2098699200	17.1	105320
55	-2096020800	16.3	105320
55	-2093342400	13.9	105320
55	-2090750400	10.4	105320
55	-2088072000	5.5	105320
55	-2085480000	0.2	105320
55	-2082801600	-1.2	105320
55	-2080123200	2.3	105320
55	-2077617600	3.9	105320
55	-2074939200	10.2	105320
55	-2072347200	13.6	105320
55	-2069668800	16.3	105320
55	-2067076800	19.9	105320
55	-2064398400	17.3	105320
55	-2061720000	12.3	105320
55	-2059128000	9	105320
55	-2056449600	3.7	105320
55	-2053857600	2.7	105320
55	-2051179200	-1.1	105320
55	-2048500800	2.3	105320
55	-2046081600	5.8	105320
55	-2043403200	7.5	105320
55	-2040811200	12.9	105320
55	-2038132800	17.9	105320
55	-2035540800	20	105320
55	-2032862400	17.2	105320
55	-2030184000	13.1	105320
55	-2027592000	5.2	105320
55	-2024913600	3.9	105320
55	-2022321600	1.5	105320
55	-2019643200	2	105320
55	-2016964800	1.7	105320
55	-2014545600	3.2	105320
55	-2011867200	8.9	105320
55	-2009275200	13.8	105320
55	-2006596800	15.9	105320
55	-2004004800	17.9	105320
55	-2001326400	16.9	105320
55	-1998648000	13	105320
55	-1996056000	10.4	105320
55	-1993377600	6.7	105320
55	-1990785600	-1	105320
55	-1988107200	0.7	105320
55	-1985428800	-0.2	105320
55	-1983009600	4.3	105320
55	-1980331200	7.5	105320
55	-1977739200	13.8	105320
55	-1975060800	15.4	105320
55	-1972468800	15.5	105320
55	-1969790400	16.7	105320
55	-1967112000	13.7	105320
55	-1964520000	11.2	105320
55	-1961841600	4.5	105320
55	-1959249600	2.3	105320
55	-1956571200	-3.4	105320
55	-1953892800	2.4	105320
55	-1951387200	3.7	105320
55	-1948708800	6.9	105320
55	-1946116800	14.1	105320
55	-1943438400	18.4	105320
55	-1940846400	18.3	105320
55	-1938168000	15.2	105320
55	-1935489600	12.2	105320
55	-1932897600	7.8	105320
55	-1930219200	1.9	105320
55	-1927627200	0.6	105320
55	-1924948800	-1.3	105320
55	-1922270400	-1	105320
55	-1919851200	3.5	105320
55	-1917172800	9.3	105320
55	-1914580800	12.5	105320
55	-1911902400	14.7	105320
55	-1909310400	16.1	105320
55	-1906632000	17.3	105320
55	-1903953600	13.4	105320
55	-1901361600	10.1	105320
55	-1898683200	2.9	105320
55	-1896091200	2.7	105320
55	-1893412800	2.2	105320
55	-1890734400	3.8	105320
55	-1888315200	4.6	105320
55	-1885636800	9.1	105320
55	-1883044800	13.9	105320
55	-1880366400	17.2	105320
55	-1877774400	16.5	105320
55	-1875096000	16.7	105320
55	-1872417600	12.4	105320
55	-1869825600	10.1	105320
55	-1867147200	3.3	105320
55	-1864555200	3.3	105320
55	-1861876800	-0.4	105320
55	-1859198400	2.5	105320
55	-1856779200	5.5	105320
55	-1854100800	8.3	105320
55	-1851508800	14.3	105320
55	-1848830400	16.2	105320
55	-1846238400	20.5	105320
55	-1843560000	20.8	105320
55	-1840881600	14.8	105320
55	-1838289600	9	105320
55	-1835611200	5.3	105320
55	-1833019200	4	105320
55	-1830340800	0.8	105320
55	-1827662400	3.4	105320
55	-1825156800	7.5	105320
55	-1822478400	8.8	105320
55	-1819886400	13.7	105320
55	-1817208000	16.6	105320
55	-1814616000	19.3	105320
55	-1811937600	14.7	105320
55	-1809259200	9.9	105320
55	-1806667200	6.7	105320
55	-1803988800	3.8	105320
55	-1801396800	2.9	105320
55	-1798718400	0.9	105320
55	-1796040000	2.2	105320
55	-1793620800	7.4	105320
55	-1790942400	9	105320
55	-1788350400	13.2	105320
55	-1785672000	15.7	105320
55	-1783080000	15.2	105320
55	-1780401600	15.3	105320
55	-1777723200	13.2	105320
55	-1775131200	9.8	105320
55	-1772452800	8	105320
55	-1769860800	3	105320
55	-1767182400	-2.5	105320
55	-1764504000	2.9	105320
55	-1762084800	6.1	105320
55	-1759406400	11.4	105320
55	-1756814400	12	105320
55	-1754136000	15.6	105320
55	-1751544000	18.2	105320
55	-1748865600	18.2	105320
55	-1746187200	13	105320
55	-1743595200	9.2	105320
55	-1740916800	4.5	105320
55	-1738324800	4.9	105320
55	-1735646400	1.7	105320
55	-1732968000	2.7	105320
55	-1730548800	3.7	105320
55	-1727870400	8.2	105320
55	-1725278400	15	105320
55	-1722600000	19.2	105320
55	-1720008000	17.1	105320
55	-1717329600	16.3	105320
55	-1714651200	12.8	105320
55	-1712059200	7.6	105320
55	-1709380800	2.4	105320
55	-1706788800	5	105320
55	-1704110400	5	105320
55	-1701432000	2.7	105320
55	-1698926400	5.7	105320
55	-1696248000	9.7	105320
55	-1693656000	14.7	105320
55	-1690977600	13.8	105320
55	-1688385600	17.1	105320
55	-1685707200	17	105320
55	-1683028800	12.9	105320
55	-1680436800	9.4	105320
55	-1677758400	5.3	105320
55	-1675166400	2.7	105320
55	-1672488000	-1.2	105320
55	-1669809600	-2.6	105320
55	-1667390400	1.6	105320
55	-1664712000	5.8	105320
55	-1662120000	17	105320
55	-1659441600	20	105320
55	-1656849600	18.4	105320
55	-1654171200	17.2	105320
55	-1651492800	15	105320
55	-1648900800	7.5	105320
55	-1646222400	6.1	105320
55	-1643630400	-1.3	105320
55	-1640952000	1.4	105320
55	-1638273600	3.3	105320
55	-1635854400	5.2	105320
55	-1633176000	9.8	105320
55	-1630584000	15.1	105320
55	-1627905600	13.8	105320
55	-1625313600	17.4	105320
55	-1622635200	16.6	105320
55	-1619956800	12.9	105320
55	-1617364800	8	105320
55	-1614686400	3.4	105320
55	-1612094400	4.9	105320
55	-1609416000	1.3	105320
55	-1606737600	0.7	105320
55	-1604318400	4.1	105320
55	-1601640000	5.9	105320
55	-1599048000	12.8	105320
55	-1596369600	15.9	105320
55	-1593777600	14.8	105320
55	-1591099200	16.8	105320
55	-1588420800	14.8	105320
55	-1585828800	6.4	105320
55	-1583150400	1.7	105320
55	-1580558400	1.9	105320
55	-1577880000	3.1	105320
55	-1575201600	2.8	105320
55	-1572696000	6.4	105320
55	-1570017600	9.8	105320
55	-1567425600	14.8	105320
55	-1564747200	16.6	105320
55	-1562155200	18.2	105320
55	-1559476800	15.7	105320
55	-1556798400	13.5	105320
55	-1554206400	7.9	105320
55	-1551528000	0.6	105320
55	-1548936000	1.1	105320
55	-1546257600	5.2	105320
55	-1543579200	2	105320
55	-1541160000	5.3	105320
55	-1538481600	8.5	105320
55	-1535889600	14.6	105320
55	-1533211200	16.1	105320
55	-1530619200	20.3	105320
55	-1527940800	18	105320
55	-1525262400	13.9	105320
55	-1522670400	10.7	105320
55	-1519992000	-0.4	105320
55	-1517400000	0.8	105320
55	-1514721600	-1.5	105320
55	-1512043200	-0.7	105320
55	-1509624000	4.2	105320
55	-1506945600	6.2	105320
55	-1504353600	14.3	105320
55	-1501675200	16.7	105320
55	-1499083200	16.4	105320
55	-1496404800	15.7	105320
55	-1493726400	11.7	105320
55	-1491134400	5.3	105320
55	-1488456000	3.2	105320
55	-1485864000	2.8	105320
55	-1483185600	2.6	105320
55	-1480507200	2.8	105320
55	-1478088000	6.1	105320
55	-1475409600	7.9	105320
55	-1472817600	12.3	105320
55	-1470139200	12	105320
55	-1467547200	19.6	105320
55	-1464868800	16.4	105320
55	-1462190400	13.4	105320
55	-1459598400	10.5	105320
55	-1456920000	3.5	105320
55	-1454328000	-0.5	105320
55	-1451649600	-3.6	105320
55	-1448971200	-1.2	105320
55	-1446465600	3.4	105320
55	-1443787200	7.2	105320
55	-1441195200	14.5	105320
55	-1438516800	16	105320
55	-1435924800	17.5	105320
55	-1433246400	14.8	105320
55	-1430568000	13.5	105320
55	-1427976000	9.6	105320
55	-1425297600	2.8	105320
55	-1422705600	1.7	105320
55	-1420027200	3	105320
55	-1417348800	4.8	105320
55	-1414929600	2.6	105320
55	-1412251200	8.9	105320
55	-1409659200	14.5	105320
55	-1406980800	16.3	105320
55	-1404388800	18.9	105320
55	-1401710400	17.1	105320
55	-1399032000	11.1	105320
55	-1396440000	8.7	105320
55	-1393761600	2.6	105320
55	-1391169600	-0.4	105320
55	-1388491200	0.9	105320
55	-1385812800	6.3	105320
55	-1383393600	4.9	105320
55	-1380715200	10.1	105320
55	-1378123200	11	105320
55	-1375444800	14.8	105320
55	-1372852800	18.1	105320
55	-1370174400	16.4	105320
55	-1367496000	15	105320
55	-1364904000	8.4	105320
55	-1362225600	6.4	105320
55	-1359633600	1.1	105320
55	-1356955200	2.7	105320
55	-1354276800	2.1	105320
55	-1351857600	6.3	105320
55	-1349179200	8.2	105320
55	-1346587200	12.3	105320
55	-1343908800	14.9	105320
55	-1341316800	17.9	105320
55	-1338638400	17.2	105320
55	-1335960000	14.1	105320
55	-1333368000	9.1	105320
55	-1330689600	3.3	105320
55	-1328097600	-1.9	105320
55	-1325419200	2.6	105320
55	-1322740800	3.6	105320
55	-1320235200	3.6	105320
55	-1317556800	7.7	105320
55	-1314964800	11.1	105320
55	-1312286400	14.9	105320
55	-1309694400	19.3	105320
55	-1307016000	16.9	105320
55	-1304337600	12.3	105320
55	-1301745600	8.7	105320
55	-1299067200	6.7	105320
55	-1296475200	0.4	105320
55	-1293796800	-3.9	105320
55	-1291118400	-9.2	105320
55	-1288699200	3.5	105320
55	-1286020800	5.6	105320
55	-1283428800	14	105320
55	-1280750400	15.8	105320
55	-1278158400	18.4	105320
55	-1275480000	17.6	105320
55	-1272801600	16.2	105320
55	-1270209600	10.1	105320
55	-1267531200	4.8	105320
55	-1264939200	4.6	105320
55	-1262260800	2.9	105320
55	-1259582400	1.3	105320
55	-1257163200	5.1	105320
55	-1254484800	9	105320
55	-1251892800	12.6	105320
55	-1249214400	19.4	105320
55	-1246622400	17.1	105320
55	-1243944000	16.4	105320
55	-1241265600	13.6	105320
55	-1238673600	9	105320
55	-1235995200	6.9	105320
55	-1233403200	1	105320
55	-1230724800	1.2	105320
55	-1228046400	-0.3	105320
55	-1225627200	1.3	105320
55	-1222948800	6.8	105320
55	-1220356800	15.7	105320
55	-1217678400	17.3	105320
55	-1215086400	17.8	105320
55	-1212408000	16.1	105320
55	-1209729600	11	105320
55	-1207137600	7	105320
55	-1204459200	5	105320
55	-1201867200	0.3	105320
55	-1199188800	2.3	105320
55	-1196510400	-0.7	105320
55	-1194004800	1.6	105320
55	-1191326400	7.6	105320
55	-1188734400	13.2	105320
55	-1186056000	15.6	105320
55	-1183464000	18.3	105320
55	-1180785600	19.1	105320
55	-1178107200	15.1	105320
55	-1175515200	8.8	105320
55	-1172836800	4.8	105320
55	-1170244800	-0.2	105320
55	-1167566400	-1.8	105320
55	-1164888000	1.3	105320
55	-1162468800	5.5	105320
55	-1159790400	8.2	105320
55	-1157198400	12.5	105320
55	-1154520000	15.1	105320
55	-1151928000	19.2	105320
55	-1149249600	17.7	105320
55	-1146571200	14.3	105320
55	-1143979200	8.9	105320
55	-1141300800	3.1	105320
55	-1138708800	-2.9	105320
55	-1136030400	1.1	105320
55	-1133352000	2.2	105320
55	-1130932800	4.8	105320
55	-1128254400	11.2	105320
55	-1125662400	14.2	105320
55	-1122984000	17.2	105320
55	-1120392000	19.2	105320
55	-1117713600	16.9	105320
55	-1115035200	15.7	105320
55	-1112443200	10	105320
55	-1109764800	3.8	105320
55	-1107172800	6.1	105320
55	-1104494400	0.8	105320
55	-1101816000	2.7	105320
55	-1099396800	4.3	105320
55	-1096718400	8.3	105320
55	-1094126400	11.3	105320
55	-1091448000	17.6	105320
55	-1088856000	18.9	105320
55	-1086177600	17.1	105320
55	-1083499200	13.5	105320
55	-1080907200	8.7	105320
55	-1078228800	5.5	105320
55	-1075636800	1.2	105320
55	-1072958400	3.9	105320
55	-1070280000	1.4	105320
55	-1067774400	5.7	105320
55	-1065096000	7	105320
55	-1062504000	13.8	105320
55	-1059825600	16.7	105320
55	-1057233600	17.1	105320
55	-1054555200	16.7	105320
55	-1051876800	13.3	105320
55	-1049284800	7.2	105320
55	-1046606400	4.6	105320
55	-1044014400	1.8	105320
55	-1041336000	0.8	105320
55	-1038657600	3.4	105320
55	-1036238400	4	105320
55	-1033560000	9.2	105320
55	-1030968000	15.6	105320
55	-1028289600	17.4	105320
55	-1025697600	18.1	105320
55	-1023019200	17.9	105320
55	-1020340800	13.6	105320
55	-1017748800	9.2	105320
55	-1015070400	4.2	105320
55	-1012478400	0.5	105320
55	-1009800000	3	105320
55	-1007121600	1.8	105320
55	-1004702400	7.2	105320
55	-1002024000	6.4	105320
55	-999432000	11.4	105320
55	-996753600	17.3	105320
55	-994161600	17.7	105320
55	-991483200	17.9	105320
55	-988804800	13.8	105320
55	-986212800	8.5	105320
55	-983534400	7.4	105320
55	-980942400	-1.9	105320
55	-978264000	3.8	105320
55	-975585600	1.4	105320
55	-973166400	2.9	105320
55	-970488000	9.3	105320
55	-967896000	11	105320
55	-965217600	16.9	105320
55	-962625600	17.3	105320
55	-959947200	17.6	105320
55	-957268800	13.7	105320
55	-954676800	7.2	105320
55	-951998400	6.5	105320
55	-949406400	-0.9	105320
55	-946728000	-9.6	105320
55	-944049600	-2.8	105320
55	-941544000	4.3	105320
55	-938865600	8.8	105320
55	-936273600	13.3	105320
55	-933595200	17.6	105320
55	-931003200	16.6	105320
55	-928324800	15.4	105320
55	-925646400	13.2	105320
55	-923054400	7.7	105320
55	-920376000	6.2	105320
55	-917784000	-2.3	105320
55	-915105600	-4	105320
55	-912427200	1	105320
55	-910008000	5.2	105320
55	-907329600	6.9	105320
55	-904737600	9.7	105320
55	-902059200	17.6	105320
55	-899467200	19.3	105320
55	-896788800	15.3	105320
55	-894110400	13.1	105320
55	-891518400	8.7	105320
55	-888840000	3	105320
55	-886248000	1.8	105320
55	-883569600	-7.4	105320
55	-880891200	-4.6	105320
55	-878472000	3.1	105320
55	-875793600	9	105320
55	-873201600	12.9	105320
55	-870523200	15.3	105320
55	-867931200	16.6	105320
55	-865252800	18.1	105320
55	-862574400	15.8	105320
55	-859982400	11.9	105320
55	-857304000	4.2	105320
55	-854712000	1.8	105320
55	-852033600	-0.1	105320
55	-849355200	3.3	105320
55	-846936000	6.2	105320
55	-844257600	10.4	105320
55	-841665600	13.7	105320
55	-838987200	14.7	105320
55	-836395200	18.5	105320
55	-833716800	18.5	105320
55	-831038400	13.8	105320
55	-828446400	9.9	105320
55	-825768000	3	105320
55	-823176000	0.7	105320
55	-820497600	3.8	105320
55	-817819200	-0.2	105320
55	-815313600	2.4	105320
55	-812635200	10.2	105320
55	-810043200	12.7	105320
55	-807364800	14.8	105320
55	-804772800	17.8	105320
55	-802094400	20.5	105320
55	-799416000	12.8	105320
55	-796824000	9.5	105320
55	-794145600	4.8	105320
55	-791553600	0.5	105320
55	-788875200	-4.5	105320
55	-786196800	4.5	105320
55	-783777600	7	105320
55	-781099200	10.5	105320
55	-778507200	15	105320
55	-775828800	17.5	105320
55	-773236800	19	105320
55	-770558400	17	105320
55	-767880000	14.5	105320
55	-765288000	10.5	105320
55	-762609600	4.5	105320
55	-760017600	1.5	105320
55	-757339200	-1.5	105320
55	-754660800	3.5	105320
55	-752241600	5	105320
55	-749563200	11	105320
55	-746971200	15	105320
55	-744292800	15.5	105320
55	-741700800	19	105320
55	-739022400	17	105320
55	-736344000	14.5	105320
55	-733752000	8.1	105320
55	-731073600	4.7	105320
55	-728481600	-2	105320
55	-725803200	-3.8	105320
55	-723124800	-6.2	105320
55	-720705600	3.9	105320
55	-718027200	10.6	105320
55	-715435200	15.2	105320
55	-712756800	19	105320
55	-710164800	20.4	105320
55	-707486400	21.1	105320
55	-704808000	17.4	105320
55	-702216000	7.9	105320
55	-699537600	5.8	105320
55	-696945600	2.4	105320
55	-694267200	4.1	105320
55	-691588800	1.5	105320
55	-689083200	6.7	105320
55	-686404800	10.8	105320
55	-683812800	14.2	105320
55	-681134400	16.6	105320
55	-678542400	16.9	105320
55	-675864000	16.4	105320
55	-673185600	13.7	105320
55	-670593600	8.8	105320
55	-667915200	3.7	105320
55	-665323200	0.2	105320
55	-662644800	1.6	105320
55	-659966400	1.3	105320
55	-657547200	3.5	105320
55	-654868800	11.5	105320
55	-652276800	13	105320
55	-649598400	15	105320
55	-647006400	18.7	105320
55	-644328000	17.4	105320
55	-641649600	17.1	105320
55	-639057600	11	105320
55	-636379200	4	105320
55	-633787200	3.3	105320
55	-631108800	-0.3	105320
55	-628430400	3.8	105320
55	-626011200	5.6	105320
55	-623332800	7.4	105320
55	-620740800	14.4	105320
55	-618062400	18	105320
55	-615470400	18.5	105320
55	-612792000	17.6	105320
55	-610113600	13.3	105320
55	-607521600	8	105320
55	-604843200	4.7	105320
55	-602251200	-2.1	105320
55	-599572800	3	105320
55	-596894400	3.1	105320
55	-594475200	3.4	105320
55	-591796800	7.6	105320
55	-589204800	12.5	105320
55	-586526400	15.9	105320
55	-583934400	18.2	105320
55	-581256000	17.4	105320
55	-578577600	14.8	105320
55	-575985600	8	105320
55	-573307200	7.1	105320
55	-570715200	2.1	105320
55	-568036800	0.7	105320
55	-565358400	0.5	105320
55	-562852800	4.3	105320
55	-560174400	11.3	105320
55	-557582400	13.6	105320
55	-554904000	16.6	105320
55	-552312000	19.9	105320
55	-549633600	18.4	105320
55	-546955200	10.9	105320
55	-544363200	7.7	105320
55	-541684800	2.4	105320
55	-539092800	0.4	105320
55	-536414400	-0.2	105320
55	-533736000	0.9	105320
55	-531316800	6.2	105320
55	-528638400	10	105320
55	-526046400	14.5	105320
55	-523368000	16.9	105320
55	-520776000	18.1	105320
55	-518097600	17.6	105320
55	-515419200	14.3	105320
55	-512827200	10.7	105320
55	-510148800	5	105320
55	-507556800	3.1	105320
55	-504878400	-2.3	105320
55	-502200000	-1.7	105320
55	-499780800	5.7	105320
55	-497102400	7.5	105320
55	-494510400	13.2	105320
55	-491832000	17	105320
55	-489240000	15.3	105320
55	-486561600	16.5	105320
55	-483883200	14	105320
55	-481291200	10.6	105320
55	-478612800	4.8	105320
55	-476020800	3.8	105320
55	-473342400	-1.6	105320
55	-470664000	-1.1	105320
55	-468244800	1.8	105320
55	-465566400	8.5	105320
55	-462974400	11.2	105320
55	-460296000	15.8	105320
55	-457704000	18.4	105320
55	-455025600	17.1	105320
55	-452347200	13.8	105320
55	-449755200	8.1	105320
55	-447076800	3.8	105320
55	-444484800	2.8	105320
55	-441806400	1	105320
55	-439128000	-8.2	105320
55	-436622400	4.7	105320
55	-433944000	6.9	105320
55	-431352000	14	105320
55	-428673600	13.9	105320
55	-426081600	17.6	105320
55	-423403200	14.9	105320
55	-420724800	14.1	105320
55	-418132800	8.5	105320
55	-415454400	3.3	105320
55	-412862400	2.8	105320
55	-410184000	0.6	105320
55	-407505600	4.6	105320
55	-405086400	7.5	105320
55	-402408000	9.1	105320
55	-399816000	10.9	105320
55	-397137600	17.9	105320
55	-394545600	19	105320
55	-391867200	15.8	105320
55	-389188800	12.6	105320
55	-386596800	9.5	105320
55	-383918400	5.3	105320
55	-381326400	0.9	105320
55	-378648000	0.7	105320
55	-375969600	3.3	105320
55	-373550400	0.8	105320
55	-370872000	6.5	105320
55	-368280000	14.3	105320
55	-365601600	15.1	105320
55	-363009600	17.7	105320
55	-360331200	18	105320
55	-357652800	15.1	105320
55	-355060800	9.5	105320
55	-352382400	5.1	105320
55	-349790400	3.4	105320
55	-347112000	0.6	105320
55	-344433600	0.3	105320
55	-342014400	7.4	105320
55	-339336000	10.7	105320
55	-336744000	13.9	105320
55	-334065600	17.4	105320
55	-331473600	20.8	105320
55	-328795200	18.4	105320
55	-326116800	15.1	105320
55	-323524800	8.8	105320
55	-320846400	3.8	105320
55	-318254400	3.5	105320
55	-315576000	0.7	105320
55	-312897600	1.8	105320
55	-310392000	6	105320
55	-307713600	9	105320
55	-305121600	14	105320
55	-302443200	17.2	105320
55	-299851200	16	105320
55	-297172800	16.2	105320
55	-294494400	12.9	105320
55	-291902400	9.8	105320
55	-289224000	6.9	105320
55	-286632000	1.4	105320
55	-283953600	-0.1	105320
55	-281275200	5	105320
55	-278856000	7	105320
55	-276177600	11.5	105320
55	-273585600	11.1	105320
55	-270907200	16.7	105320
55	-268315200	15.7	105320
55	-265636800	16.6	105320
55	-262958400	17.6	105320
55	-260366400	11.1	105320
55	-257688000	4	105320
55	-255096000	0.6	105320
55	-252417600	2.7	105320
55	-249739200	1	105320
55	-247320000	1.1	105320
55	-244641600	9.1	105320
55	-242049600	10.5	105320
55	-239371200	15.4	105320
55	-236779200	16.1	105320
55	-234100800	16.6	105320
55	-231422400	13.1	105320
55	-228830400	9.5	105320
55	-226152000	2.2	105320
55	-223560000	-3.1	105320
55	-220881600	-6.7	105320
55	-218203200	-4.6	105320
55	-215784000	3.4	105320
55	-213105600	9.9	105320
55	-210513600	12.9	105320
55	-207835200	16.4	105320
55	-205243200	18.7	105320
55	-202564800	16.7	105320
55	-199886400	14.5	105320
55	-197294400	7.9	105320
55	-194616000	7.8	105320
55	-192024000	-3	105320
55	-189345600	-2.4	105320
55	-186667200	2	105320
55	-184161600	1.8	105320
55	-181483200	9.4	105320
55	-178891200	14.7	105320
55	-176212800	18.1	105320
55	-173620800	19.6	105320
55	-170942400	17.3	105320
55	-168264000	14.3	105320
55	-165672000	7.8	105320
55	-162993600	5.8	105320
55	-160401600	0.9	105320
55	-157723200	2	105320
55	-155044800	-0.4	105320
55	-152625600	4.2	105320
55	-149947200	7.8	105320
55	-147355200	12.8	105320
55	-144676800	16.9	105320
55	-142084800	15.7	105320
55	-139406400	15.6	105320
55	-136728000	12.7	105320
55	-134136000	8.1	105320
55	-131457600	1.9	105320
55	-128865600	3.6	105320
55	-126187200	-1.8	105320
55	-123508800	5.8	105320
55	-121089600	4.2	105320
55	-118411200	10.1	105320
55	-115819200	14.1	105320
55	-113140800	17.4	105320
55	-110548800	15.8	105320
55	-107870400	16.4	105320
55	-105192000	13.9	105320
55	-102600000	11.7	105320
55	-99921600	2.4	105320
55	-97329600	2.9	105320
55	-94651200	1.9	105320
55	-91972800	3.6	105320
55	-89553600	6.1	105320
55	-86875200	7.7	105320
55	-84283200	13.2	105320
55	-81604800	15.8	105320
55	-79012800	19.8	105320
55	-76334400	17.1	105320
55	-73656000	14.2	105320
55	-71064000	11.7	105320
55	-68385600	3.9	105320
55	-65793600	0.7	105320
55	-63115200	-0.3	105320
55	-60436800	1.6	105320
55	-57931200	5.4	105320
55	-55252800	9.9	105320
55	-52660800	12	105320
55	-49982400	16.4	105320
55	-47390400	17.2	105320
55	-44712000	16.9	105320
55	-42033600	14.2	105320
55	-39441600	10.7	105320
55	-36763200	3.3	105320
55	-34171200	-1.3	105320
55	-31492800	1.8	105320
55	-28814400	-1.5	105320
55	-26395200	2.3	105320
55	-23716800	8.2	105320
55	-21124800	13.8	105320
55	-18446400	15.8	105320
55	-15854400	20.3	105320
55	-13176000	17.7	105320
55	-10497600	13.9	105320
55	-7905600	10.3	105320
55	-5227200	5.7	105320
55	-2635200	-3.7	105320
55	43200	-1.6	105320
55	2721600	-0.1	105320
55	5140800	2.6	105320
55	7819200	6.5	105320
55	10411200	12.9	105320
55	13089600	18	105320
55	15681600	16.6	105320
55	18360000	17.7	105320
55	21038400	14	105320
55	23630400	10	105320
55	26308800	6	105320
55	28900800	0.7	105320
55	31579200	-1.3	105320
55	34257600	2.5	105320
55	36676800	2.1	105320
55	39355200	9.7	105320
55	41947200	15.1	105320
55	44625600	14.5	105320
55	47217600	19.3	105320
55	49896000	18.4	105320
55	52574400	13.1	105320
55	55166400	8.9	105320
55	57844800	3.8	105320
55	60436800	3.7	105320
55	63115200	-1.3	105320
55	65793600	3	105320
55	68299200	6.2	105320
55	70977600	8.1	105320
55	73569600	11.9	105320
55	76248000	15	105320
55	78840000	18.6	105320
55	81518400	16.4	105320
55	84196800	11.4	105320
55	86788800	7.4	105320
55	89467200	4.3	105320
55	92059200	0.6	105320
55	94737600	0.6	105320
55	97416000	1.4	105320
55	99835200	5.2	105320
55	102513600	6.4	105320
55	105105600	13.7	105320
55	107784000	17.7	105320
55	110376000	18.4	105320
55	113054400	19.6	105320
55	115732800	15.4	105320
55	118324800	8.1	105320
55	121003200	4	105320
55	123595200	0.5	105320
55	126273600	4.3	105320
55	128952000	3.9	105320
55	131371200	6.8	105320
55	134049600	9.4	105320
55	136641600	12.3	105320
55	139320000	15.2	105320
55	141912000	16.2	105320
55	144590400	17.8	105320
55	147268800	13.6	105320
55	149860800	5.8	105320
55	152539200	5.5	105320
55	155131200	5.8	105320
55	157809600	5.3	105320
55	160488000	1.9	105320
55	162907200	4.6	105320
55	165585600	8.3	105320
55	168177600	12.4	105320
55	170856000	15.8	105320
55	173448000	19.9	105320
55	176126400	20.3	105320
55	178804800	16.1	105320
55	181396800	7.7	105320
55	184075200	3.5	105320
55	186667200	1.3	105320
55	189345600	2.8	105320
55	192024000	0.8	105320
55	194529600	2.9	105320
55	197208000	8.5	105320
55	199800000	14.2	105320
55	202478400	19.5	105320
55	205070400	21.1	105320
55	207748800	17.8	105320
55	210427200	13.9	105320
55	213019200	10.2	105320
55	215697600	5.6	105320
55	218289600	-0.3	105320
55	220968000	1.7	105320
55	223646400	4.2	105320
55	226065600	7.3	105320
55	228744000	6.7	105320
55	231336000	12.5	105320
55	234014400	16.2	105320
55	236606400	17.7	105320
55	239284800	16.7	105320
55	241963200	13.1	105320
55	244555200	10.4	105320
55	247233600	5.8	105320
55	249825600	2.1	105320
55	252504000	1.6	105320
55	255182400	-0.4	105320
55	257601600	6.2	105320
55	260280000	8.2	105320
55	262872000	12.6	105320
55	265550400	15.6	105320
55	268142400	16.5	105320
55	270820800	16	105320
55	273499200	13.2	105320
55	276091200	9.3	105320
55	278769600	3.8	105320
55	281361600	1.4	105320
55	284040000	-4.5	105320
55	286718400	-0.9	105320
55	289137600	4.8	105320
55	291816000	7.6	105320
55	294408000	13	105320
55	297086400	17.6	105320
55	299678400	16.8	105320
55	302356800	15.7	105320
55	305035200	14	105320
55	307627200	9.5	105320
55	310305600	3.8	105320
55	312897600	4.9	105320
55	315576000	-1.2	105320
55	318254400	3.7	105320
55	320760000	5	105320
55	323438400	7.5	105320
55	326030400	11.9	105320
55	328708800	15.3	105320
55	331300800	15.9	105320
55	333979200	17.2	105320
55	336657600	14.5	105320
55	339249600	8.1	105320
55	341928000	3.6	105320
55	344520000	1.1	105320
55	347198400	-1.6	105320
55	349876800	-0.1	105320
55	352296000	8.2	105320
55	354974400	9.3	105320
55	357566400	13.7	105320
55	360244800	15.9	105320
55	362836800	17.4	105320
55	365515200	17.2	105320
55	368193600	14.4	105320
55	370785600	8.2	105320
55	373464000	5.2	105320
55	376056000	-1.3	105320
55	378734400	-2.3	105320
55	381412800	0.3	105320
55	383832000	4.9	105320
55	386510400	7.7	105320
55	389102400	13.5	105320
55	391780800	17.2	105320
55	394372800	20.2	105320
55	397051200	18.3	105320
55	399729600	16.5	105320
55	402321600	9.9	105320
55	4.05e+08	6.6	105320
55	407592000	2.8	105320
55	410270400	4.4	105320
55	412948800	-0.8	105320
55	415368000	5.4	105320
55	418046400	9.5	105320
55	420638400	11.5	105320
55	423316800	17.7	105320
55	425908800	21.8	105320
55	428587200	19.6	105320
55	431265600	14.3	105320
55	433857600	9.6	105320
55	436536000	3.3	105320
55	439128000	1	105320
55	441806400	1.9	105320
55	444484800	1.2	105320
55	446990400	3.4	105320
55	449668800	7.7	105320
55	452260800	11	105320
55	454939200	14.8	105320
55	457531200	17.2	105320
55	460209600	17.8	105320
55	462888000	12.9	105320
55	465480000	10.7	105320
55	468158400	5.3	105320
55	470750400	2.2	105320
55	473428800	-4.3	105320
55	476107200	-2.7	105320
55	478526400	4.3	105320
55	481204800	8.8	105320
55	483796800	14.3	105320
55	486475200	14.3	105320
55	489067200	18.1	105320
55	491745600	16.3	105320
55	494424000	14.2	105320
55	497016000	9.3	105320
55	499694400	1.1	105320
55	502286400	4	105320
55	504964800	1.3	105320
55	507643200	-5.1	105320
55	510062400	4	105320
55	512740800	6.9	105320
55	515332800	15.1	105320
55	518011200	17.6	105320
55	520603200	18.2	105320
55	523281600	17.2	105320
55	525960000	11.8	105320
55	528552000	10.3	105320
55	531230400	6	105320
55	533822400	2.7	105320
55	536500800	-4.8	105320
55	539179200	0.4	105320
55	541598400	1	105320
55	544276800	10.6	105320
55	546868800	10.6	105320
55	549547200	15	105320
55	552139200	17.9	105320
55	554817600	16.6	105320
55	557496000	15.3	105320
55	560088000	9.7	105320
55	562766400	5.4	105320
55	565358400	2.6	105320
55	568036800	4.3	105320
55	570715200	2.8	105320
55	573220800	3.9	105320
55	575899200	8.9	105320
55	578491200	15.2	105320
55	581169600	16.3	105320
55	583761600	17.8	105320
55	586440000	18.3	105320
55	589118400	13.9	105320
55	591710400	10.4	105320
55	594388800	3.3	105320
55	596980800	4.6	105320
55	599659200	2.6	105320
55	602337600	3.3	105320
55	604756800	8	105320
55	607435200	7.8	105320
55	610027200	15.4	105320
55	612705600	16.7	105320
55	615297600	19	105320
55	617976000	18.1	105320
55	620654400	15.2	105320
55	623246400	10.8	105320
55	625924800	3.1	105320
55	628516800	3.3	105320
55	631195200	3.2	105320
55	633873600	6.3	105320
55	636292800	7.9	105320
55	638971200	8.4	105320
55	641563200	15.1	105320
55	644241600	16.2	105320
55	646833600	18.1	105320
55	649512000	19.8	105320
55	652190400	12.4	105320
55	654782400	10.6	105320
55	657460800	5.2	105320
55	660052800	1.4	105320
55	662731200	1.9	105320
55	665409600	-2.1	105320
55	667828800	7.2	105320
55	670507200	8.1	105320
55	673099200	11	105320
55	675777600	14.1	105320
55	678369600	20.3	105320
55	681048000	19.5	105320
55	683726400	15.9	105320
55	686318400	8.5	105320
55	688996800	4.4	105320
55	691588800	0.6	105320
55	694267200	1.7	105320
55	696945600	3.3	105320
55	699451200	5.7	105320
55	702129600	8.8	105320
55	704721600	15.9	105320
55	707400000	17.6	105320
55	709992000	19.4	105320
55	712670400	19.6	105320
55	715348800	13.7	105320
55	717940800	7.2	105320
55	720619200	6.2	105320
55	723211200	2	105320
55	725889600	3	105320
55	728568000	-0.7	105320
55	730987200	4.9	105320
55	733665600	11.8	105320
55	736257600	15.8	105320
55	738936000	17.6	105320
55	741528000	17.9	105320
55	744206400	17.2	105320
55	746884800	13.1	105320
55	749476800	8.5	105320
55	752155200	0.8	105320
55	754747200	4.1	105320
55	757425600	3.7	105320
55	760104000	0.8	105320
55	762523200	7.5	105320
55	765201600	9	105320
55	767793600	13.4	105320
55	770472000	17.7	105320
55	773064000	22.4	105320
55	775742400	18.5	105320
55	778420800	13.9	105320
55	781012800	8.2	105320
55	783691200	8	105320
55	786283200	4.5	105320
55	788961600	1	105320
55	791640000	5.4	105320
55	794059200	4	105320
55	796737600	10.2	105320
55	799329600	13.5	105320
55	802008000	15.8	105320
55	804600000	21.4	105320
55	807278400	19.5	105320
55	809956800	13.1	105320
55	812548800	12.2	105320
55	815227200	3.5	105320
55	817819200	-0.6	105320
55	820497600	-2.2	105320
55	823176000	-0.4	105320
55	825681600	2.7	105320
55	828360000	9.4	105320
55	830952000	11.8	105320
55	833630400	16.7	105320
55	836222400	17	105320
55	838900800	17.7	105320
55	841579200	11.7	105320
55	844171200	9.5	105320
55	846849600	5.2	105320
55	849441600	-1.7	105320
55	852120000	-3.1	105320
55	854798400	5.1	105320
55	857217600	7.9	105320
55	859896000	7.8	105320
55	862488000	13.9	105320
55	865166400	16.8	105320
55	867758400	18	105320
55	870436800	21	105320
55	873115200	14.6	105320
55	875707200	8.1	105320
55	878385600	4.8	105320
55	880977600	3.1	105320
55	883656000	2.8	105320
55	886334400	4.4	105320
55	888753600	6.4	105320
55	891432000	9.4	105320
55	894024000	15.3	105320
55	896702400	17.5	105320
55	899294400	17.4	105320
55	901972800	18	105320
55	904651200	14	105320
55	907243200	9.1	105320
55	909921600	2.5	105320
55	912513600	1.7	105320
55	915192000	3.4	105320
55	917870400	1.7	105320
55	920289600	6.6	105320
55	922968000	9.8	105320
55	925560000	14.9	105320
55	928238400	16.6	105320
55	930830400	20.2	105320
55	933508800	18.1	105320
55	936187200	17.6	105320
55	938779200	9.3	105320
55	941457600	4.1	105320
55	944049600	3.2	105320
55	946728000	2	105320
55	949406400	4.6	105320
55	951912000	6.8	105320
55	954590400	11	105320
55	957182400	15.7	105320
55	959860800	18.4	105320
55	962452800	15.6	105320
55	965131200	18.6	105320
55	967809600	14.7	105320
55	970401600	10.8	105320
55	973080000	6.8	105320
55	975672000	3.3	105320
55	978350400	1.4	105320
55	981028800	3.5	105320
55	983448000	5.3	105320
55	986126400	8.1	105320
55	988718400	15.6	105320
55	991396800	15.3	105320
55	993988800	19.6	105320
55	996667200	19.7	105320
55	999345600	12.4	105320
55	1001937600	12.5	105320
55	1004616000	4.3	105320
55	1007208000	0.9	105320
55	1009886400	1	105320
55	1012564800	6	105320
55	1014984000	6.1	105320
55	1017662400	9.1	105320
55	1020254400	14.1	105320
55	1022932800	18.5	105320
55	1025524800	18.1	105320
55	1028203200	19.3	105320
55	1030881600	13.6	105320
55	1033473600	9	105320
55	1036152000	7	105320
55	1038744000	1.8	105320
55	1041422400	0.7	105320
55	1044100800	-1	105320
55	1046520000	7.1	105320
55	1049198400	9.8	105320
55	1051790400	14.8	105320
55	1054468800	20.3	105320
55	1057060800	19.9	105320
55	1059739200	21.9	105320
55	1062417600	14.3	105320
55	1065009600	6.9	105320
55	1067688000	6.5	105320
55	1070280000	2	105320
55	1072958400	1.4	105320
55	1075636800	3.5	105320
55	1078142400	5	105320
55	1080820800	10.5	105320
55	1083412800	12.2	105320
55	1086091200	16.3	105320
55	1088683200	17.7	105320
55	1091361600	19.3	105320
55	1094040000	14.9	105320
55	1096632000	10.4	105320
55	1099310400	4.7	105320
55	1101902400	0.4	105320
55	1104580800	2.6	105320
55	1107259200	0	105320
55	1109678400	5.8	105320
55	1112356800	10.6	105320
55	1114948800	13.5	105320
55	1117627200	17.7	105320
55	1120219200	19	105320
55	1122897600	16.9	105320
55	1125576000	15.9	105320
55	1128168000	11.4	105320
55	1130846400	4.8	105320
55	1133438400	1.3	105320
55	1136116800	-1.9	105320
55	1138795200	0.2	105320
55	1141214400	2.1	105320
55	1143892800	8.3	105320
55	1146484800	13.3	105320
55	1149163200	16.7	105320
55	1151755200	22	105320
55	1154433600	15.2	105320
55	1157112000	17	105320
55	1159704000	12.2	105320
55	1162382400	7.4	105320
55	1164974400	4.3	105320
55	1167652800	5.1	105320
55	1170331200	4.5	105320
55	1172750400	6.4	105320
55	1175428800	12.4	105320
55	1178020800	14.5	105320
55	1180699200	17.5	105320
55	1183291200	17	105320
55	1185969600	16.6	105320
55	1188648000	12.5	105320
55	1191240000	8.6	105320
55	1193918400	4.1	105320
55	1196510400	1.5	105320
55	1199188800	4.1	105320
55	1201867200	3.3	105320
55	1204372800	4.7	105320
55	1207051200	7.6	105320
55	1209643200	15.5	105320
55	1212321600	17	105320
55	1214913600	18.4	105320
55	1217592000	17.6	105320
55	1220270400	12.4	105320
55	1222862400	8.7	105320
55	1225540800	5.2	105320
55	1228132800	0.8	105320
55	1230811200	-3.1	105320
55	1233489600	1.3	105320
55	1235908800	4.9	105320
55	1238587200	12.4	105320
55	1241179200	13.7	105320
55	1243857600	15	105320
55	1246449600	18.3	105320
55	1249128000	18.6	105320
55	1251806400	14.8	105320
55	1254398400	8.5	105320
55	1257076800	7.8	105320
55	1259668800	0.8	105320
55	1262347200	-2.8	105320
55	1265025600	0.2	105320
55	1267444800	4.8	105320
55	1270123200	9.5	105320
55	1272715200	10.8	105320
55	1275393600	17	105320
55	1277985600	20.6	105320
55	1280664000	16.8	105320
55	1283342400	12.4	105320
55	1285934400	8.4	105320
55	1288612800	5.7	105320
55	1291204800	-3.2	105320
55	1293883200	1.6	105320
55	1296561600	1.7	105320
55	1298980800	6	105320
55	1301659200	12.4	105320
55	1304251200	14.5	105320
55	1306929600	16.8	105320
55	1309521600	16.4	105320
55	1312200000	17.8	105320
55	1314878400	15.2	105320
55	1317470400	9.1	105320
55	1320148800	4.1	105320
55	1322740800	4.1	105320
55	1325419200	2.5	105320
55	1328097600	-1.6	105320
55	1330603200	7.8	105320
55	1333281600	8.6	105320
55	1335873600	14.5	105320
55	1338552000	15.1	105320
55	1341144000	17.3	105320
55	1343822400	18.7	105320
55	1346500800	13.3	105320
55	1349092800	8.5	105320
55	1351771200	5.2	105320
55	1354363200	2.6	105320
55	1357041600	0.7	105320
55	1359720000	-0.1	105320
55	1362139200	0.8	105320
55	1364817600	8.8	105320
55	1367409600	11.7	105320
55	1370088000	16	105320
55	1372680000	20.1	105320
55	1375358400	18.3	105320
55	1378036800	13.8	105320
55	1380628800	10.7	105320
55	1383307200	4.6	105320
55	1385899200	3.7	105320
55	1388577600	3.5	105320
55	1391256000	4.7	105320
55	1393675200	7.2	105320
55	1396353600	11.6	105320
55	1398945600	12.7	105320
55	1401624000	16.4	105320
55	1404216000	19.7	105320
55	1406894400	15.9	105320
55	1409572800	15	105320
55	1412164800	11.7	105320
55	1414843200	6.6	105320
55	1417435200	3	105320
55	1420113600	2.2	105320
55	1422792000	1.5	105320
55	1425211200	5.3	105320
55	1427889600	9.2	105320
55	1430481600	12.8	105320
56	-1464868800	11.9	105440
56	-1462190400	9.8	105440
56	-1459598400	6.9	105440
56	-1456920000	-0.5	105440
56	-1454328000	-4.6	105440
56	-1451649600	-4	105440
56	-1448971200	-6.2	105440
56	-1446465600	-1.3	105440
56	-1443787200	2.3	105440
56	-1441195200	10.4	105440
56	-1438516800	10.8	105440
56	-1435924800	12.4	105440
56	-1433246400	9.9	105440
56	-1430568000	9.6	105440
56	-1427976000	6.2	105440
56	-1425297600	0.9	105440
56	-1422705600	0.2	105440
56	-1420027200	-0.7	105440
56	-1417348800	-0.7	105440
56	-1414929600	-3.2	105440
56	-1412251200	4.3	105440
56	-1409659200	10.1	105440
56	-1406980800	10.4	105440
56	-1404388800	13.7	105440
56	-1401710400	12.5	105440
56	-1399032000	6.7	105440
56	-1396440000	5.5	105440
56	-1393761600	-1.5	105440
56	-1391169600	-2.7	105440
56	-1388491200	-3.3	105440
56	-1385812800	2.1	105440
56	-1383393600	-0.3	105440
56	-1380715200	6.4	105440
56	-1378123200	6.3	105440
56	-1375444800	9.1	105440
56	-1372852800	13.1	105440
56	-1370174400	12.2	105440
56	-1367496000	11.9	105440
56	-1364904000	4.3	105440
56	-1362225600	3.2	105440
56	-1359633600	-3.4	105440
56	-1356955200	-2.1	105440
56	-1354276800	-2.4	105440
56	-1351857600	1.8	105440
56	-1349179200	2.6	105440
56	-1346587200	7.2	105440
56	-1343908800	9.9	105440
56	-1341316800	12.9	105440
56	-1338638400	12.1	105440
56	-1335960000	10	105440
56	-1333368000	5.2	105440
56	-1330689600	-0.7	105440
56	-1328097600	-5.2	105440
56	-1325419200	-1.9	105440
56	-1322740800	-1.3	105440
56	-1320235200	-0.5	105440
56	-1317556800	3.1	105440
56	-1314964800	5.6	105440
56	-1312286400	9.7	105440
56	-1309694400	14.7	105440
56	-1307016000	12.2	105440
56	-1304337600	9.5	105440
56	-1301745600	5.4	105440
56	-1299067200	2.1	105440
56	-1296475200	-4.2	105440
56	-1293796800	-7	105440
56	-1291118400	-9.5	105440
56	-1288699200	0.3	105440
56	-1286020800	0.1	105440
56	-1283428800	9.5	105440
56	-1280750400	10.2	105440
56	-1278158400	13.8	105440
56	-1275480000	13.9	105440
56	-1272801600	13.6	105440
56	-1270209600	6.1	105440
56	-1267531200	1.5	105440
56	-1264939200	-0.4	105440
56	-1262260800	0.9	105440
56	-1259582400	-3.7	105440
56	-1257163200	1.2	105440
56	-1254484800	4.2	105440
56	-1251892800	7.5	105440
56	-1249214400	14.5	105440
56	-1246622400	11.7	105440
56	-1243944000	12.2	105440
56	-1241265600	9.4	105440
56	-1238673600	5.3	105440
56	-1235995200	2.2	105440
56	-1233403200	-2.2	105440
56	-1230724800	-3.6	105440
56	-1228046400	-4.9	105440
56	-1225627200	-3.6	105440
56	-1222948800	1.4	105440
56	-1220356800	11.8	105440
56	-1217678400	12.1	105440
56	-1215086400	12.2	105440
56	-1212408000	11.1	105440
56	-1209729600	5.8	105440
56	-1207137600	3.9	105440
56	-1204459200	2	105440
56	-1201867200	-3.2	105440
56	-1199188800	0.2	105440
56	-1196510400	-6.3	105440
56	-1194004800	-2.7	105440
56	-1191326400	2.4	105440
56	-1188734400	8.1	105440
56	-1186056000	10.4	105440
56	-1183464000	13.3	105440
56	-1180785600	15.6	105440
56	-1178107200	11.4	105440
56	-1175515200	4.2	105440
56	-1172836800	1.1	105440
56	-1170244800	0.2	105440
56	-1167566400	-5	105440
56	-1164888000	-4	105440
56	-1162468800	2.6	105440
56	-1159790400	3	105440
56	-1157198400	7.1	105440
56	-1154520000	9.8	105440
56	-1151928000	14	105440
56	-1149249600	13.2	105440
56	-1146571200	10.8	105440
56	-1143979200	5.4	105440
56	-1141300800	-0.7	105440
56	-1138708800	-6.3	105440
56	-1136030400	-3	105440
56	-1133352000	-2.6	105440
56	-1130932800	-0.6	105440
56	-1128254400	7.2	105440
56	-1125662400	9.4	105440
56	-1122984000	12.9	105440
56	-1120392000	14.2	105440
56	-1117713600	12.7	105440
56	-1115035200	13.2	105440
56	-1112443200	5.7	105440
56	-1109764800	0.8	105440
56	-1107172800	1.8	105440
56	-1104494400	-4.6	105440
56	-1101816000	-2.8	105440
56	-1099396800	-0.8	105440
56	-1096718400	2.8	105440
56	-1094126400	6.8	105440
56	-1091448000	13.1	105440
56	-1088856000	13.8	105440
56	-1086177600	13.4	105440
56	-1083499200	9.9	105440
56	-1080907200	4.4	105440
56	-1078228800	2.1	105440
56	-1075636800	-3.3	105440
56	-1072958400	-0.5	105440
56	-1070280000	-2.9	105440
56	-1067774400	2.5	105440
56	-1065096000	2.2	105440
56	-1062504000	8.7	105440
56	-1059825600	12.4	105440
56	-1057233600	12	105440
56	-1054555200	12.5	105440
56	-1051876800	9.5	105440
56	-1049284800	1.9	105440
56	-1046606400	1.2	105440
56	-1044014400	-0.9	105440
56	-1041336000	-2.9	105440
56	-1038657600	-1.3	105440
56	-1036238400	-1.2	105440
56	-1033560000	3.8	105440
56	-1030968000	11.5	105440
56	-1028289600	12.3	105440
56	-1025697600	13.2	105440
56	-1023019200	13.6	105440
56	-1020340800	10.2	105440
56	-1017748800	6.9	105440
56	-1015070400	-0.3	105440
56	-1012478400	-4	105440
56	-1009800000	-2.4	105440
56	-1007121600	-2.3	105440
56	-1004702400	3.7	105440
56	-1002024000	0.4	105440
56	-999432000	6.7	105440
56	-996753600	12	105440
56	-994161600	12.8	105440
56	-991483200	13.8	105440
56	-988804800	10.9	105440
56	-986212800	4.4	105440
56	-983534400	3.9	105440
56	-980942400	-5.3	105440
56	-978264000	-1.1	105440
56	-975585600	-1.2	105440
56	-973166400	-2.4	105440
56	-970488000	5	105440
56	-967896000	6	105440
56	-965217600	12.5	105440
56	-962625600	12.5	105440
56	-959947200	13.8	105440
56	-957268800	9.9	105440
56	-954676800	2.4	105440
56	-951998400	1.9	105440
56	-949406400	-4.6	105440
56	-946728000	-9.1	105440
56	-944049600	-5.3	105440
56	-941544000	-1.2	105440
56	-938865600	4.1	105440
56	-936273600	8.3	105440
56	-933595200	12.8	105440
56	-931003200	11.3	105440
56	-928324800	10.1	105440
56	-925646400	8.8	105440
56	-923054400	4.4	105440
56	-920376000	1.7	105440
56	-917784000	-6.1	105440
56	-915105600	-7.6	105440
56	-912427200	-3.4	105440
56	-910008000	-0.1	105440
56	-907329600	1.2	105440
56	-904737600	4.5	105440
56	-902059200	12.9	105440
56	-899467200	14.4	105440
56	-896788800	10.7	105440
56	-894110400	9.4	105440
56	-891518400	4.2	105440
56	-888840000	-0.9	105440
56	-886248000	-2.2	105440
56	-883569600	-10.7	105440
56	-880891200	-7.5	105440
56	-878472000	-0.3	105440
56	-875793600	3.4	105440
56	-873201600	8.2	105440
56	-870523200	10.4	105440
56	-867931200	11.7	105440
56	-865252800	14.4	105440
56	-862574400	12.2	105440
56	-859982400	8.2	105440
56	-857304000	-0.7	105440
56	-854712000	-0.6	105440
56	-852033600	-3.1	105440
56	-849355200	0.1	105440
56	-846936000	2.5	105440
56	-844257600	5.2	105440
56	-841665600	9.1	105440
56	-838987200	9.8	105440
56	-836395200	14.3	105440
56	-833716800	14.3	105440
56	-831038400	10.3	105440
56	-828446400	8.1	105440
56	-825768000	-0.9	105440
56	-823176000	-2.2	105440
56	-820497600	-1.1	105440
56	-817819200	-5.7	105440
56	-815313600	-3.7	105440
56	-812635200	4.9	105440
56	-810043200	7.7	105440
56	-807364800	9.7	105440
56	-804772800	13.2	105440
56	-802094400	16.8	105440
56	-799416000	9.1	105440
56	-796824000	5	105440
56	-794145600	-0.2	105440
56	-791553600	-2.7	105440
56	-788875200	-7.6	105440
56	-786196800	0.2	105440
56	-783777600	2	105440
56	-781099200	5	105440
56	-778507200	10.5	105440
56	-775828800	12.5	105440
56	-773236800	14	105440
56	-770558400	12	105440
56	-767880000	10.5	105440
56	-765288000	6.5	105440
56	-762609600	0	105440
56	-760017600	-2	105440
56	-757339200	-4.5	105440
56	-754660800	-1.5	105440
56	-752241600	0	105440
56	-749563200	6.6	105440
56	-746971200	9.8	105440
56	-744292800	9.9	105440
56	-741700800	14.2	105440
56	-739022400	12.1	105440
56	-736344000	10.7	105440
56	-733752000	3.8	105440
56	-731073600	1	105440
56	-728481600	-5.3	105440
56	-725803200	-7	105440
56	-723124800	-8.1	105440
56	-720705600	-0.1	105440
56	-718027200	5.8	105440
56	-715435200	10.7	105440
56	-712756800	13.9	105440
56	-710164800	15.3	105440
56	-707486400	15.5	105440
56	-704808000	14.3	105440
56	-702216000	6.1	105440
56	-699537600	1.1	105440
56	-696945600	-2.7	105440
56	-694267200	-0.2	105440
56	-691588800	-3.1	105440
56	-689083200	3.7	105440
56	-686404800	6	105440
56	-683812800	9.6	105440
56	-681134400	11.2	105440
56	-678542400	11.8	105440
56	-675864000	12.1	105440
56	-673185600	10	105440
56	-670593600	5.1	105440
56	-667915200	2.5	105440
56	-665323200	-0.7	105440
56	-662644800	-1.4	105440
56	-659966400	-1.4	105440
56	-657547200	-1.4	105440
56	-654868800	6.9	105440
56	-652276800	7.8	105440
56	-649598400	9.4	105440
56	-647006400	13.9	105440
56	-644328000	13.6	105440
56	-641649600	13.8	105440
56	-639057600	7.7	105440
56	-636379200	0.2	105440
56	-633787200	-0.9	105440
56	-631108800	-4	105440
56	-628430400	-0.4	105440
56	-626011200	1.6	105440
56	-623332800	2	105440
56	-620740800	10	105440
56	-618062400	13.9	105440
56	-615470400	14.2	105440
56	-612792000	13.9	105440
56	-610113600	8.8	105440
56	-607521600	4.4	105440
56	-604843200	0.5	105440
56	-602251200	-5.7	105440
56	-599572800	-1.7	105440
56	-596894400	-1.8	105440
56	-594475200	-2	105440
56	-591796800	3	105440
56	-589204800	7.7	105440
56	-586526400	10.9	105440
56	-583934400	13.5	105440
56	-581256000	13.2	105440
56	-578577600	11.1	105440
56	-575985600	5.5	105440
56	-573307200	2.8	105440
56	-570715200	0.1	105440
56	-568036800	-3.9	105440
56	-565358400	-4.1	105440
56	-562852800	-0.6	105440
56	-560174400	7.2	105440
56	-557582400	8.3	105440
56	-554904000	11.3	105440
56	-552312000	15	105440
56	-549633600	14.6	105440
56	-546955200	6	105440
56	-544363200	3.4	105440
56	-541684800	-2.1	105440
56	-539092800	-3.9	105440
56	-536414400	-4.6	105440
56	-533736000	-3.8	105440
56	-531316800	2.8	105440
56	-528638400	5.7	105440
56	-526046400	9.6	105440
56	-523368000	12.2	105440
56	-520776000	13.2	105440
56	-518097600	13	105440
56	-515419200	10.3	105440
56	-512827200	8.1	105440
56	-510148800	1.9	105440
56	-507556800	1.7	105440
56	-504878400	-7.4	105440
56	-502200000	-5.9	105440
56	-499780800	1.4	105440
56	-497102400	1.7	105440
56	-494510400	8.2	105440
56	-491832000	12.1	105440
56	-489240000	9.7	105440
56	-486561600	12	105440
56	-483883200	9.6	105440
56	-481291200	6.4	105440
56	-478612800	1	105440
56	-476020800	-0.5	105440
56	-473342400	-3.3	105440
56	-470664000	-5.3	105440
56	-468244800	-3.1	105440
56	-465566400	3.1	105440
56	-462974400	6	105440
56	-460296000	10.8	105440
56	-457704000	13.3	105440
56	-455025600	13.2	105440
56	-452347200	10.1	105440
56	-449755200	4.4	105440
56	-447076800	0.8	105440
56	-444484800	-1.1	105440
56	-441806400	-3.6	105440
56	-439128000	-12.5	105440
56	-436622400	-0.5	105440
56	-433944000	1.7	105440
56	-431352000	9.1	105440
56	-428673600	8.6	105440
56	-426081600	12.9	105440
56	-423403200	10.1	105440
56	-420724800	10.7	105440
56	-418132800	4.7	105440
56	-415454400	-1.1	105440
56	-412862400	-1.1	105440
56	-410184000	-2.6	105440
56	-407505600	0.3	105440
56	-405086400	3.5	105440
56	-402408000	4.2	105440
56	-399816000	5.5	105440
56	-397137600	13.4	105440
56	-394545600	13.9	105440
56	-391867200	10.7	105440
56	-389188800	7.9	105440
56	-386596800	6.1	105440
56	-383918400	0.7	105440
56	-381326400	-2.2	105440
56	-378648000	-3.4	105440
56	-375969600	-1.7	105440
56	-373550400	-4.4	105440
56	-370872000	0.9	105440
56	-368280000	9.6	105440
56	-365601600	10.3	105440
56	-363009600	12.8	105440
56	-360331200	13.3	105440
56	-357652800	11.2	105440
56	-355060800	5.6	105440
56	-352382400	1	105440
56	-349790400	-1	105440
56	-347112000	-3.3	105440
56	-344433600	0	105440
56	-342014400	3.5	105440
56	-339336000	6.2	105440
56	-336744000	8.9	105440
56	-334065600	12.1	105440
56	-331473600	16	105440
56	-328795200	13.7	105440
56	-326116800	11.4	105440
56	-323524800	6.6	105440
56	-320846400	0.9	105440
56	-318254400	-0.8	105440
56	-315576000	-3.6	105440
56	-312897600	-2.5	105440
56	-310392000	1	105440
56	-307713600	4	105440
56	-305121600	9.3	105440
56	-302443200	12.4	105440
56	-299851200	10.8	105440
56	-297172800	11.8	105440
56	-294494400	9.2	105440
56	-291902400	5.9	105440
56	-289224000	2.3	105440
56	-286632000	-2.5	105440
56	-283953600	-3.4	105440
56	-281275200	1.5	105440
56	-278856000	2.7	105440
56	-276177600	7.4	105440
56	-273585600	5.9	105440
56	-270907200	11.9	105440
56	-268315200	10.6	105440
56	-265636800	12.1	105440
56	-262958400	14.2	105440
56	-260366400	7.4	105440
56	-257688000	0.9	105440
56	-255096000	-2.9	105440
56	-252417600	-2	105440
56	-249739200	-4.5	105440
56	-247320000	-4.1	105440
56	-244641600	4.3	105440
56	-242049600	5.3	105440
56	-239371200	10	105440
56	-236779200	11.1	105440
56	-234100800	12.4	105440
56	-231422400	9.1	105440
56	-228830400	6.8	105440
56	-226152000	-0.4	105440
56	-223560000	-5.1	105440
56	-220881600	-10	105440
56	-218203200	-7.6	105440
56	-215784000	-0.3	105440
56	-213105600	4.8	105440
56	-210513600	8.2	105440
56	-207835200	11.7	105440
56	-205243200	14.3	105440
56	-202564800	12	105440
56	-199886400	10.7	105440
56	-197294400	5.3	105440
56	-194616000	4	105440
56	-192024000	-4.8	105440
56	-189345600	-3.3	105440
56	-186667200	-2.4	105440
56	-184161600	-2.8	105440
56	-181483200	4.9	105440
56	-178891200	10.2	105440
56	-176212800	13.3	105440
56	-173620800	14.8	105440
56	-170942400	12.4	105440
56	-168264000	10.5	105440
56	-165672000	3.9	105440
56	-162993600	1.2	105440
56	-160401600	-2.7	105440
56	-157723200	-2.7	105440
56	-155044800	-6.2	105440
56	-152625600	-1.2	105440
56	-149947200	2.6	105440
56	-147355200	7.6	105440
56	-144676800	11.7	105440
56	-142084800	10.7	105440
56	-139406400	11.5	105440
56	-136728000	9.1	105440
56	-134136000	6.6	105440
56	-131457600	-1.6	105440
56	-128865600	-1.4	105440
56	-126187200	-5.7	105440
56	-123508800	1.9	105440
56	-121089600	-1.2	105440
56	-118411200	5.4	105440
56	-115819200	9.5	105440
56	-113140800	12.8	105440
56	-110548800	11.1	105440
56	-107870400	11.6	105440
56	-105192000	10	105440
56	-102600000	8.2	105440
56	-99921600	-1	105440
56	-97329600	-2.2	105440
56	-94651200	-2.7	105440
56	-91972800	-1.2	105440
56	-89553600	0.7	105440
56	-86875200	2.5	105440
56	-84283200	8.7	105440
56	-81604800	10.6	105440
56	-79012800	15.6	105440
56	-76334400	12.7	105440
56	-73656000	10.2	105440
56	-71064000	7.8	105440
56	-68385600	1.4	105440
56	-65793600	-3.3	105440
56	-63115200	-4.6	105440
56	-60436800	-2.8	105440
56	-57931200	0	105440
56	-55252800	5.3	105440
56	-52660800	6.9	105440
56	-49982400	11.5	105440
56	-47390400	12.3	105440
56	-44712000	12.6	105440
56	-42033600	9.7	105440
56	-39441600	7.3	105440
56	-36763200	0.9	105440
56	-34171200	-4	105440
56	-31492800	-1.7	105440
56	-28814400	-5.8	105440
56	-26395200	-2.2	105440
56	-23716800	2.7	105440
56	-21124800	9.3	105440
56	-18446400	10.6	105440
56	-15854400	15.1	105440
56	-13176000	12.7	105440
56	-10497600	10.6	105440
56	-7905600	8.6	105440
56	-5227200	0.9	105440
56	-2635200	-6.8	105440
56	43200	-3.5	105440
56	2721600	-5.1	105440
56	5140800	-3	105440
56	7819200	0.5	105440
56	10411200	7.4	105440
56	13089600	13.5	105440
56	15681600	11.4	105440
56	18360000	13.6	105440
56	21038400	10.2	105440
56	23630400	5.4	105440
56	26308800	2.8	105440
56	28900800	-3.1	105440
56	31579200	-1.9	105440
56	34257600	-3	105440
56	36676800	-3.2	105440
56	39355200	5.3	105440
56	41947200	10.5	105440
56	44625600	9.6	105440
56	47217600	14.8	105440
56	49896000	14.1	105440
56	52574400	8.9	105440
56	55166400	6.2	105440
56	57844800	-0.4	105440
56	60436800	0.5	105440
56	63115200	-5	105440
56	65793600	0.2	105440
56	68299200	2.4	105440
56	70977600	2.8	105440
56	73569600	7.1	105440
56	76248000	10.3	105440
56	78840000	13.9	105440
56	81518400	11.6	105440
56	84196800	7.4	105440
56	86788800	4.5	105440
56	89467200	0.5	105440
56	92059200	-0.2	105440
56	94737600	-1.8	105440
56	97416000	-3.4	105440
56	99835200	0	105440
56	102513600	0.7	105440
56	105105600	8.8	105440
56	107784000	12.2	105440
56	110376000	13.1	105440
56	113054400	15.2	105440
56	115732800	11.3	105440
56	118324800	4.5	105440
56	121003200	-0.4	105440
56	123595200	-3.1	105440
56	126273600	0.3	105440
56	128952000	-0.6	105440
56	131371200	2.3	105440
56	134049600	4.6	105440
56	136641600	7	105440
56	139320000	9.9	105440
56	141912000	10.7	105440
56	144590400	13.6	105440
56	147268800	9.4	105440
56	149860800	0.8	105440
56	152539200	1.2	105440
56	155131200	0.5	105440
56	157809600	0.6	105440
56	160488000	-0.6	105440
56	162907200	-0.3	105440
56	165585600	2.8	105440
56	168177600	7.7	105440
56	170856000	10.5	105440
56	173448000	14.5	105440
56	176126400	15.6	105440
56	178804800	12.4	105440
56	181396800	5.2	105440
56	184075200	-0.8	105440
56	186667200	-2.6	105440
56	189345600	-2.6	105440
56	192024000	-1.6	105440
56	194529600	-2.7	105440
56	197208000	3.3	105440
56	199800000	9.1	105440
56	202478400	14.2	105440
56	205070400	16.3	105440
56	207748800	13	105440
56	210427200	9.5	105440
56	213019200	7.3	105440
56	215697600	0.8	105440
56	218289600	-4	105440
56	220968000	-2.7	105440
56	223646400	-0.7	105440
56	226065600	2.7	105440
56	228744000	1	105440
56	231336000	7.6	105440
56	234014400	11.3	105440
56	236606400	12.5	105440
56	239284800	12.4	105440
56	241963200	8.4	105440
56	244555200	8	105440
56	247233600	0.8	105440
56	249825600	-0.1	105440
56	252504000	-3.1	105440
56	255182400	-4.7	105440
56	257601600	0.7	105440
56	260280000	3.3	105440
56	262872000	7.7	105440
56	265550400	10.6	105440
56	268142400	11.5	105440
56	270820800	11	105440
56	273499200	8	105440
56	276091200	5.9	105440
56	278769600	2.4	105440
56	281361600	-1.9	105440
56	284040000	-7.2	105440
56	286718400	-3.9	105440
56	289137600	-0.2	105440
56	291816000	1.8	105440
56	294408000	8.2	105440
56	297086400	12.6	105440
56	299678400	11.1	105440
56	302356800	11.4	105440
56	305035200	10	105440
56	307627200	6.4	105440
56	310305600	-0.3	105440
56	312897600	-0.1	105440
56	315576000	-4.7	105440
56	318254400	-0.5	105440
56	320760000	-0.2	105440
56	323438400	1.9	105440
56	326030400	6.8	105440
56	328708800	10.2	105440
56	331300800	10.8	105440
56	333979200	12.9	105440
56	336657600	10.9	105440
56	339249600	4.1	105440
56	341928000	-1.3	105440
56	344520000	-3.5	105440
56	347198400	-4.4	105440
56	349876800	-4.4	105440
56	352296000	3.2	105440
56	354974400	4.6	105440
56	357566400	9.2	105440
56	360244800	11	105440
56	362836800	12.1	105440
56	365515200	12.8	105440
56	368193600	11.1	105440
56	370785600	4.1	105440
56	373464000	0.5	105440
56	376056000	-5	105440
56	378734400	-2.5	105440
56	381412800	-2.6	105440
56	383832000	0.2	105440
56	386510400	2.3	105440
56	389102400	8.8	105440
56	391780800	12.6	105440
56	394372800	15.4	105440
56	397051200	13.4	105440
56	399729600	13.4	105440
56	402321600	6.2	105440
56	4.05e+08	2.8	105440
56	407592000	-1.1	105440
56	410270400	-0.1	105440
56	412948800	-5.3	105440
56	415368000	0.4	105440
56	418046400	4.7	105440
56	420638400	6.7	105440
56	423316800	12.5	105440
56	425908800	17.6	105440
56	428587200	15	105440
56	431265600	10.3	105440
56	433857600	5.4	105440
56	436536000	1.4	105440
56	439128000	-1.6	105440
56	441806400	-3.2	105440
56	444484800	-4.1	105440
56	446990400	-2	105440
56	449668800	2.8	105440
56	452260800	6.2	105440
56	454939200	9.3	105440
56	457531200	11.8	105440
56	460209600	13.8	105440
56	462888000	8	105440
56	465480000	6.9	105440
56	468158400	4	105440
56	470750400	-1.7	105440
56	473428800	-7.7	105440
56	476107200	-5.8	105440
56	478526400	-1	105440
56	481204800	3.5	105440
56	483796800	9.5	105440
56	486475200	8.6	105440
56	489067200	13.4	105440
56	491745600	12.6	105440
56	494424000	10.3	105440
56	497016000	6.1	105440
56	499694400	-3.3	105440
56	502286400	0.5	105440
56	504964800	-3.7	105440
56	507643200	-10	105440
56	510062400	-0.9	105440
56	512740800	2	105440
56	515332800	10.4	105440
56	518011200	12.1	105440
56	520603200	13.2	105440
56	523281600	12.5	105440
56	525960000	8.1	105440
56	528552000	6.8	105440
56	531230400	2.9	105440
56	533822400	-1.5	105440
56	536500800	-7.7	105440
56	539179200	-2.8	105440
56	541598400	-4.5	105440
56	544276800	5.6	105440
56	546868800	5.5	105440
56	549547200	9.6	105440
56	552139200	12.8	105440
56	554817600	11.7	105440
56	557496000	11.3	105440
56	560088000	6.2	105440
56	562766400	1.2	105440
56	565358400	-0.6	105440
56	568036800	0.3	105440
56	570715200	-2.3	105440
56	573220800	-1.6	105440
56	575899200	4.2	105440
56	578491200	10.7	105440
56	581169600	11.2	105440
56	583761600	13.1	105440
56	586440000	14.1	105440
56	589118400	9.3	105440
56	591710400	7	105440
56	594388800	-0.2	105440
56	596980800	-0.4	105440
56	599659200	0.9	105440
56	602337600	0.4	105440
56	604756800	3.6	105440
56	607435200	3.3	105440
56	610027200	11.1	105440
56	612705600	11.6	105440
56	615297600	14.1	105440
56	617976000	13.9	105440
56	620654400	11.4	105440
56	623246400	7.5	105440
56	625924800	1	105440
56	628516800	0.4	105440
56	631195200	-1.1	105440
56	633873600	2	105440
56	636292800	3.1	105440
56	638971200	3.3	105440
56	641563200	10.8	105440
56	644241600	11.3	105440
56	646833600	12.8	105440
56	649512000	15.5	105440
56	652190400	7.7	105440
56	654782400	7.5	105440
56	657460800	0.6	105440
56	660052800	-3.1	105440
56	662731200	-2.2	105440
56	665409600	-5.3	105440
56	667828800	3.4	105440
56	670507200	3.4	105440
56	673099200	5.5	105440
56	675777600	9.1	105440
56	678369600	15.8	105440
56	681048000	15.1	105440
56	683726400	12.1	105440
56	686318400	4.9	105440
56	688996800	1.1	105440
56	691588800	-1.8	105440
56	694267200	-1.4	105440
56	696945600	-0.2	105440
56	699451200	0.9	105440
56	702129600	3.9	105440
56	704721600	11.1	105440
56	707400000	13.4	105440
56	709992000	14.8	105440
56	712670400	15.9	105440
56	715348800	10.3	105440
56	717940800	2.8	105440
56	720619200	1.7	105440
56	723211200	-0.5	105440
56	725889600	-0.7	105440
56	728568000	-1.6	105440
56	730987200	0.1	105440
56	733665600	7.5	105440
56	736257600	11.4	105440
56	738936000	12.3	105440
56	741528000	12.6	105440
56	744206400	12.9	105440
56	746884800	8.9	105440
56	749476800	4.7	105440
56	752155200	-1.9	105440
56	754747200	-0.9	105440
56	757425600	-1.3	105440
56	760104000	-3.3	105440
56	762523200	2.2	105440
56	765201600	4.1	105440
56	767793600	8.9	105440
56	770472000	12.6	105440
56	773064000	18.7	105440
56	775742400	14.4	105440
56	778420800	9.8	105440
56	781012800	5.1	105440
56	783691200	4.6	105440
56	786283200	0.1	105440
56	788961600	-3.6	105440
56	791640000	0.3	105440
56	794059200	-1.3	105440
56	796737600	4.8	105440
56	799329600	8.7	105440
56	802008000	10.5	105440
56	804600000	17.3	105440
56	807278400	15.1	105440
56	809956800	8.7	105440
56	812548800	9.2	105440
56	815227200	0.4	105440
56	817819200	-3.9	105440
56	820497600	-3.4	105440
56	823176000	-4.5	105440
56	825681600	-2.7	105440
56	828360000	5.3	105440
56	830952000	7	105440
56	833630400	11.9	105440
56	836222400	12	105440
56	838900800	13.4	105440
56	841579200	7	105440
56	844171200	6.1	105440
56	846849600	0.4	105440
56	849441600	-4.2	105440
56	852120000	-2.7	105440
56	854798400	0	105440
56	857217600	3	105440
56	859896000	2.7	105440
56	862488000	9.3	105440
56	865166400	11.7	105440
56	867758400	13.3	105440
56	870436800	16.8	105440
56	873115200	11.5	105440
56	875707200	4.3	105440
56	878385600	1.4	105440
56	880977600	-1	105440
56	883656000	-1.1	105440
56	886334400	1	105440
56	888753600	1.1	105440
56	891432000	4.8	105440
56	894024000	10.6	105440
56	896702400	12.7	105440
56	899294400	11.9	105440
56	901972800	13.4	105440
56	904651200	9.6	105440
56	907243200	4.5	105440
56	909921600	-2.2	105440
56	912513600	-2.1	105440
56	915192000	-0.4	105440
56	917870400	-3.7	105440
56	920289600	1.6	105440
56	922968000	5	105440
56	925560000	10.1	105440
56	928238400	11.3	105440
56	930830400	15.2	105440
56	933508800	13.4	105440
56	936187200	14	105440
56	938779200	5.3	105440
56	941457600	-0.3	105440
56	944049600	-2.1	105440
56	946728000	-3	105440
56	949406400	-0.7	105440
56	951912000	1.2	105440
56	954590400	6.7	105440
56	957182400	11.3	105440
56	959860800	13.4	105440
56	962452800	10.8	105440
56	965131200	14.8	105440
56	967809600	10.8	105440
56	970401600	6.9	105440
56	973080000	2.5	105440
56	975672000	0.6	105440
56	978350400	-2.2	105440
56	981028800	-1	105440
56	983448000	0.7	105440
56	986126400	2.8	105440
56	988718400	11.1	105440
56	991396800	10.4	105440
56	993988800	14.9	105440
56	996667200	15.2	105440
56	999345600	7.5	105440
56	1001937600	9.9	105440
56	1004616000	0.3	105440
56	1007208000	-3.7	105440
56	1009886400	-1.4	105440
56	1012564800	0.9	105440
56	1014984000	2	105440
56	1017662400	4.2	105440
56	1020254400	9.9	105440
56	1022932800	13.6	105440
56	1025524800	13.7	105440
56	1028203200	15.3	105440
56	1030881600	9.4	105440
56	1033473600	4.6	105440
56	1036152000	3.1	105440
56	1038744000	-1.5	105440
56	1041422400	-4	105440
56	1044100800	-3.6	105440
56	1046520000	2.7	105440
56	1049198400	4.8	105440
56	1051790400	10.3	105440
56	1054468800	16.4	105440
56	1057060800	15.3	105440
56	1059739200	18.1	105440
56	1062417600	10.9	105440
56	1065009600	2.3	105440
56	1067688000	3.5	105440
56	1070280000	-0.6	105440
56	1072958400	-3.8	105440
56	1075636800	-1.6	105440
56	1078142400	-0.2	105440
56	1080820800	5.9	105440
56	1083412800	7.3	105440
56	1086091200	11.6	105440
56	1088683200	13.2	105440
56	1091361600	14.9	105440
56	1094040000	10.6	105440
56	1096632000	6.8	105440
56	1099310400	0.5	105440
56	1101902400	-0.9	105440
56	1104580800	-2.3	105440
56	1107259200	-5.1	105440
56	1109678400	0.3	105440
56	1112356800	6.2	105440
56	1114948800	9.2	105440
56	1117627200	13	105440
56	1120219200	14.5	105440
56	1122897600	12.3	105440
56	1125576000	12.4	105440
56	1128168000	9.2	105440
56	1130846400	1	105440
56	1133438400	-2.9	105440
56	1136116800	-3.6	105440
56	1138795200	-3.5	105440
56	1141214400	-2.4	105440
56	1143892800	4.2	105440
56	1146484800	9.4	105440
56	1149163200	13.6	105440
56	1151755200	19	105440
56	1154433600	11	105440
56	1157112000	14.1	105440
56	1159704000	9.3	105440
56	1162382400	3.9	105440
56	1164974400	1.4	105440
56	1167652800	0.1	105440
56	1170331200	0.6	105440
56	1172750400	2.5	105440
56	1175428800	9.2	105440
56	1178020800	10.9	105440
56	1180699200	13.8	105440
56	1183291200	13.1	105440
56	1185969600	13.3	105440
56	1188648000	8.6	105440
56	1191240000	5.1	105440
56	1193918400	0	105440
56	1196510400	-0.8	105440
56	1199188800	-0.3	105440
56	1201867200	1	105440
56	1204372800	-0.3	105440
56	1207051200	3.5	105440
56	1209643200	12	105440
56	1212321600	13.9	105440
56	1214913600	14.8	105440
56	1217592000	13.7	105440
56	1220270400	8.6	105440
56	1222862400	5.7	105440
56	1225540800	1.9	105440
56	1228132800	-2.1	105440
56	1230811200	-4.2	105440
56	1233489600	-3	105440
56	1235908800	0	105440
56	1238587200	9.1	105440
56	1241179200	10.2	105440
56	1243857600	10.7	105440
56	1246449600	14	105440
56	1249128000	15.7	105440
56	1251806400	11.6	105440
56	1254398400	4.7	105440
56	1257076800	3.9	105440
56	1259668800	-3.1	105440
56	1262347200	-6.9	105440
56	1265025600	-3.8	105440
56	1267444800	0.2	105440
56	1270123200	5.6	105440
56	1272715200	6.5	105440
56	1275393600	13.4	105440
56	1277985600	16.9	105440
56	1280664000	12.6	105440
56	1283342400	8.7	105440
56	1285934400	5.4	105440
56	1288612800	0.9	105440
56	1291204800	-6.2	105440
56	1293883200	-2	105440
56	1296561600	-1.8	105440
56	1298980800	2.7	105440
56	1301659200	8.9	105440
56	1304251200	11.1	105440
56	1306929600	12.9	105440
56	1309521600	12	105440
56	1312200000	14.5	105440
56	1314878400	12.6	105440
56	1317470400	6.8	105440
56	1320148800	5.3	105440
56	1322740800	-0.4	105440
56	1325419200	-1.9	105440
56	1328097600	-6.2	105440
56	1330603200	4.3	105440
56	1333281600	4.4	105440
56	1335873600	11.3	105440
56	1338552000	11.9	105440
56	1341144000	13.7	105440
56	1343822400	15.5	105440
56	1346500800	10.5	105440
56	1349092800	6.3	105440
56	1351771200	2.2	105440
56	1354363200	-1.5	105440
56	1357041600	-3.5	105440
56	1359720000	-5	105440
56	1362139200	-3.5	105440
56	1364817600	4.3	105440
56	1367409600	7.7	105440
56	1370088000	12.1	105440
56	1372680000	16.7	105440
56	1375358400	14.9	105440
56	1378036800	9.7	105440
56	1380628800	7.2	105440
56	1383307200	0.9	105440
56	1385899200	1.3	105440
56	1388577600	0	105440
56	1391256000	0.7	105440
56	1393675200	4.9	105440
56	1396353600	8	105440
56	1398945600	8.7	105440
56	1401624000	12.6	105440
56	1404216000	16.2	105440
56	1406894400	12.1	105440
56	1409572800	11.6	105440
56	1412164800	8.9	105440
56	1414843200	4.2	105440
56	1417435200	-1.2	105440
56	1420113600	-2	105440
56	1422792000	-2.1	105440
56	1425211200	1.6	105440
56	1427889600	5.4	105440
56	1430481600	9.1	105440
64	-1230724800	-0.3	106131
64	-1228046400	-2.3	106131
64	-1225627200	-0.5	106131
64	-1222948800	4.2	106131
64	-1220356800	14	106131
64	-1217678400	14.8	106131
64	-1215086400	15	106131
64	-1212408000	14.2	106131
64	-1209729600	9.1	106131
64	-1207137600	5	106131
64	-1204459200	4.7	106131
64	-1201867200	-2	106131
64	-1199188800	1.4	106131
64	-1196510400	-2.6	106131
64	-1194004800	0.1	106131
64	-1191326400	4.6	106131
64	-1188734400	10.5	106131
64	-1186056000	13.2	106131
64	-1183464000	15.2	106131
64	-1180785600	18.5	106131
64	-1178107200	14.2	106131
64	-1175515200	6.2	106131
64	-1172836800	3.2	106131
64	-1170244800	-0.7	106131
64	-1167566400	-2.6	106131
64	-1164888000	-0.5	106131
64	-1162468800	3.7	106131
64	-1159790400	6.1	106131
64	-1157198400	10	106131
64	-1154520000	12.3	106131
64	-1151928000	16.6	106131
64	-1149249600	16.7	106131
64	-1146571200	13.2	106131
64	-1143979200	7	106131
64	-1141300800	1.2	106131
64	-1138708800	-5.8	106131
64	-1136030400	-0.9	106131
64	-1133352000	-0.6	106131
64	-1130932800	1.3	106131
64	-1128254400	8.9	106131
64	-1125662400	11.5	106131
64	-1122984000	14	106131
64	-1120392000	16.4	106131
64	-1117713600	14.6	106131
64	-1115035200	15	106131
64	-1112443200	7.9	106131
64	-1109764800	2.3	106131
64	-1107172800	3.9	106131
64	-1104494400	-1.8	106131
64	-1101816000	0.2	106131
64	-1099396800	1.8	106131
64	-1096718400	4.9	106131
64	-1094126400	8.6	106131
64	-1091448000	14.8	106131
64	-1088856000	16.3	106131
64	-1086177600	15.4	106131
64	-1083499200	12	106131
64	-1080907200	6.4	106131
64	-1078228800	3.6	106131
64	-1075636800	-1.2	106131
64	-1072958400	1.9	106131
64	-1070280000	-0.6	106131
64	-1067774400	4.5	106131
64	-1065096000	2.9	106131
64	-1062504000	10.5	106131
64	-1059825600	13.9	106131
64	-1057233600	13.9	106131
64	-1054555200	14.5	106131
64	-1051876800	11.6	106131
64	-1049284800	4.6	106131
64	-1046606400	2.6	106131
64	-1044014400	0.7	106131
64	-1041336000	0	106131
64	-1038657600	1.3	106131
64	-1036238400	0.6	106131
64	-1033560000	6	106131
64	-1030968000	12.6	106131
64	-1028289600	14.2	106131
64	-1025697600	15	106131
64	-1023019200	15.5	106131
64	-1020340800	12	106131
64	-1017748800	8.6	106131
64	-1015070400	2	106131
64	-1012478400	-1.9	106131
64	-1009800000	0.2	106131
64	-1007121600	-0.7	106131
64	-1004702400	6.6	106131
64	-1002024000	2.9	106131
64	-999432000	8.5	106131
64	-996753600	14.2	106131
64	-994161600	14.6	106131
64	-991483200	15.2	106131
64	-988804800	12.8	106131
64	-986212800	6.7	106131
64	-983534400	5.7	106131
64	-980942400	-2.9	106131
64	-978264000	1.2	106131
64	-975585600	1	106131
64	-973166400	0.3	106131
64	-970488000	6.8	106131
64	-967896000	8.6	106131
64	-965217600	14.5	106131
64	-962625600	14.5	106131
64	-959947200	15.4	106131
64	-957268800	11.6	106131
64	-954676800	4.8	106131
64	-951998400	4.5	106131
64	-949406400	-1.9	106131
64	-946728000	-7.7	106131
64	-944049600	-2.4	106131
64	-941544000	2.2	106131
64	-938865600	5.9	106131
64	-936273600	10.7	106131
64	-933595200	14.5	106131
64	-931003200	13.3	106131
64	-928324800	12.6	106131
64	-925646400	11.1	106131
64	-923054400	6.3	106131
64	-920376000	3.7	106131
64	-917784000	-3.7	106131
64	-915105600	-5.3	106131
64	-912427200	-1	106131
64	-910008000	2.9	106131
64	-907329600	3.5	106131
64	-904737600	6.5	106131
64	-902059200	14.6	106131
64	-899467200	16.1	106131
64	-896788800	12.1	106131
64	-894110400	11.8	106131
64	-891518400	6.3	106131
64	-888840000	0.9	106131
64	-886248000	0.6	106131
64	-883569600	-8.2	106131
64	-880891200	-6.7	106131
64	-878472000	2.1	106131
64	-875793600	6.1	106131
64	-873201600	9.6	106131
64	-870523200	12.3	106131
64	-867931200	13.5	106131
64	-865252800	16.1	106131
64	-862574400	13.2	106131
64	-859982400	10	106131
64	-857304000	1.8	106131
64	-854712000	1.4	106131
64	-852033600	-0.6	106131
64	-849355200	2.5	106131
64	-846936000	4.3	106131
64	-844257600	7.5	106131
64	-841665600	11	106131
64	-838987200	11.3	106131
64	-836395200	15.7	106131
64	-833716800	15.4	106131
64	-831038400	11.7	106131
64	-828446400	9.5	106131
64	-825768000	1.5	106131
64	-823176000	-1.4	106131
64	-820497600	1.5	106131
64	-817819200	-3.6	106131
64	-815313600	0.1	106131
64	-812635200	7.5	106131
64	-810043200	12.5	106131
64	-807364800	11.4	106131
64	-804772800	14.9	106131
64	-802094400	18.1	106131
64	-799416000	10.8	106131
64	-796824000	6.3	106131
64	-794145600	2.2	106131
64	-791553600	-0.6	106131
64	-788875200	-5.5	106131
64	-786196800	3.1	106131
64	-783777600	4.6	106131
64	-781099200	7.5	106131
64	-778507200	11.9	106131
64	-775828800	14.6	106131
64	-773236800	16.3	106131
64	-770558400	14.8	106131
64	-767880000	13.1	106131
64	-765288000	8.9	106131
64	-762609600	2.2	106131
64	-760017600	0.6	106131
64	-757339200	-3	106131
64	-754660800	2.4	106131
64	-752241600	2.7	106131
64	-749563200	7.8	106131
64	-746971200	10.9	106131
64	-744292800	11.6	106131
64	-741700800	15.7	106131
64	-739022400	14.6	106131
64	-736344000	12.1	106131
64	-733752000	7.3	106131
64	-731073600	3.4	106131
64	-728481600	-3	106131
64	-725803200	-4.4	106131
64	-723124800	-6.9	106131
64	-720705600	2.2	106131
64	-718027200	8.2	106131
64	-715435200	12.6	106131
64	-712756800	15.7	106131
64	-710164800	17.2	106131
64	-707486400	18.2	106131
64	-704808000	16.1	106131
64	-702216000	8.4	106131
64	-699537600	3.8	106131
64	-696945600	0.3	106131
64	-694267200	2.1	106131
64	-691588800	-0.3	106131
64	-689083200	6.4	106131
64	-686404800	7.6	106131
64	-683812800	11.2	106131
64	-681134400	13.3	106131
64	-678542400	14.1	106131
64	-675864000	14.2	106131
64	-673185600	12.2	106131
64	-670593600	7.2	106131
64	-667915200	5.4	106131
64	-665323200	1.2	106131
64	-662644800	1.1	106131
64	-659966400	1.8	106131
64	-657547200	1.5	106131
64	-654868800	9.4	106131
64	-652276800	9.5	106131
64	-649598400	12	106131
64	-647006400	16.1	106131
64	-644328000	15.5	106131
64	-641649600	16.2	106131
64	-639057600	9.7	106131
64	-636379200	2	106131
64	-633787200	1	106131
64	-631108800	-1.6	106131
64	-628430400	2.4	106131
64	-626011200	3.9	106131
64	-623332800	4.4	106131
64	-620740800	11.6	106131
64	-618062400	16.2	106131
64	-615470400	16	106131
64	-612792000	15.8	106131
64	-610113600	10.5	106131
64	-607521600	6.6	106131
64	-604843200	2.7	106131
64	-602251200	-4.4	106131
64	-599572800	0.6	106131
64	-596894400	0.7	106131
64	-594475200	0.8	106131
64	-591796800	4.9	106131
64	-589204800	9.7	106131
64	-586526400	12.8	106131
64	-583934400	15.1	106131
64	-581256000	14.6	106131
64	-578577600	13	106131
64	-575985600	6.7	106131
64	-573307200	5	106131
64	-570715200	2	106131
64	-568036800	-1.8	106131
64	-565358400	-1.8	106131
64	-562852800	2.6	106131
64	-560174400	9.4	106131
64	-557582400	11.2	106131
64	-554904000	13.7	106131
64	-552312000	16.5	106131
64	-549633600	16	106131
64	-546955200	8.3	106131
64	-544363200	5.5	106131
64	-541684800	0	106131
64	-539092800	-1.9	106131
64	-536414400	-2.3	106131
64	-533736000	-1.5	106131
64	-531316800	5	106131
64	-528638400	7.4	106131
64	-526046400	11.3	106131
64	-523368000	13.4	106131
64	-520776000	14.7	106131
64	-518097600	14.9	106131
64	-515419200	12.3	106131
64	-512827200	9.4	106131
64	-510148800	4.4	106131
64	-507556800	2.7	106131
64	-504878400	-4.5	106131
64	-502200000	-2.9	106131
64	-499780800	3.7	106131
64	-497102400	4.3	106131
64	-494510400	10.4	106131
64	-491832000	13.3	106131
64	-489240000	12	106131
64	-486561600	13.7	106131
64	-483883200	11.2	106131
64	-481291200	8.7	106131
64	-478612800	3.5	106131
64	-476020800	1.8	106131
64	-473342400	-2	106131
64	-470664000	-3.2	106131
64	-468244800	-0.9	106131
64	-465566400	6.2	106131
64	-462974400	8.4	106131
64	-460296000	12.9	106131
64	-457704000	15.2	106131
64	-455025600	15	106131
64	-452347200	12.1	106131
64	-449755200	6.4	106131
64	-447076800	3	106131
64	-444484800	1.4	106131
64	-441806400	-1.3	106131
64	-439128000	-10.1	106131
64	-436622400	2.3	106131
64	-433944000	3.4	106131
64	-431352000	10.7	106131
64	-428673600	10.1	106131
64	-426081600	14.3	106131
64	-423403200	11.8	106131
64	-420724800	12.8	106131
64	-418132800	6.7	106131
64	-415454400	1.1	106131
64	-412862400	1.4	106131
64	-410184000	-0.5	106131
64	-407505600	2.5	106131
64	-405086400	6.1	106131
64	-402408000	6.1	106131
64	-399816000	7.4	106131
64	-397137600	14.7	106131
64	-394545600	15.5	106131
64	-391867200	12.7	106131
64	-389188800	10.3	106131
64	-386596800	8.2	106131
64	-383918400	2.6	106131
64	-381326400	-0.4	106131
64	-378648000	-1.2	106131
64	-375969600	1	106131
64	-373550400	-1.7	106131
64	-370872000	3.3	106131
64	-368280000	10.9	106131
64	-365601600	12.2	106131
64	-363009600	14.8	106131
64	-360331200	15	106131
64	-357652800	13.2	106131
64	-355060800	7.6	106131
64	-352382400	2.1	106131
64	-349790400	1.2	106131
64	-347112000	-1.1	106131
64	-344433600	2.2	106131
64	-342014400	5.2	106131
64	-339336000	7.7	106131
64	-336744000	10.5	106131
64	-334065600	14.2	106131
64	-331473600	18.1	106131
64	-328795200	15.4	106131
64	-326116800	14.1	106131
64	-323524800	8.9	106131
64	-320846400	2	106131
64	-318254400	0.9	106131
64	-315576000	-1.1	106131
64	-312897600	0.3	106131
64	-310392000	3.5	106131
64	-307713600	5.8	106131
64	-305121600	11.1	106131
64	-302443200	13.9	106131
64	-299851200	12.5	106131
64	-297172800	13.6	106131
64	-294494400	10.9	106131
64	-291902400	7.5	106131
64	-289224000	4.4	106131
64	-286632000	-1.2	106131
64	-283953600	-1.6	106131
64	-281275200	4	106131
64	-278856000	5.3	106131
64	-276177600	8.6	106131
64	-273585600	8.2	106131
64	-270907200	13.7	106131
64	-268315200	12.6	106131
64	-265636800	14.2	106131
64	-262958400	15.9	106131
64	-260366400	9.1	106131
64	-257688000	2.3	106131
64	-255096000	-0.8	106131
64	-252417600	0.2	106131
64	-249739200	-1.5	106131
64	-247320000	-1.7	106131
64	-244641600	5.6	106131
64	-242049600	7	106131
64	-239371200	12.2	106131
64	-236779200	12.7	106131
64	-234100800	13.7	106131
64	-231422400	10.8	106131
64	-228830400	8.2	106131
64	-226152000	1	106131
64	-223560000	-3	106131
64	-220881600	-8.5	106131
64	-218203200	-6.2	106131
64	-215784000	2.1	106131
64	-213105600	7.1	106131
64	-210513600	9.1	106131
64	-207835200	13.2	106131
64	-205243200	15.5	106131
64	-202564800	13.3	106131
64	-199886400	12	106131
64	-197294400	7.1	106131
64	-194616000	5.7	106131
64	-192024000	-4.1	106131
64	-189345600	-2.3	106131
64	-186667200	0.4	106131
64	-184161600	-0.4	106131
64	-181483200	6.5	106131
64	-178891200	12.4	106131
64	-176212800	14.4	106131
64	-173620800	16.4	106131
64	-170942400	14.7	106131
64	-168264000	12.4	106131
64	-165672000	5.3	106131
64	-162993600	3.2	106131
64	-160401600	-1.1	106131
64	-157723200	-0.8	106131
64	-155044800	-3.2	106131
64	-152625600	1.6	106131
64	-149947200	4.8	106131
64	-147355200	9.3	106131
64	-144676800	13.1	106131
64	-142084800	12.1	106131
64	-139406400	13.2	106131
64	-136728000	10.4	106131
64	-134136000	7.8	106131
64	-131457600	-0.1	106131
64	-128865600	0.8	106131
64	-126187200	-3.7	106131
64	-123508800	4.1	106131
64	-121089600	1.5	106131
64	-118411200	7.1	106131
64	-115819200	10.7	106131
64	-113140800	14.2	106131
64	-110548800	12.5	106131
64	-107870400	13.3	106131
64	-105192000	11.9	106131
64	-102600000	9.1	106131
64	-99921600	0.4	106131
64	-97329600	0.3	106131
64	-94651200	-0.3	106131
64	-91972800	1.1	106131
64	-89553600	3.1	106131
64	-86875200	4.7	106131
64	-84283200	10.2	106131
64	-81604800	12.3	106131
64	-79012800	16.7	106131
64	-76334400	14.3	106131
64	-73656000	11.5	106131
64	-71064000	9.2	106131
64	-68385600	2.5	106131
64	-65793600	-0.9	106131
64	-63115200	-1.6	106131
64	-60436800	-1.3	106131
64	-57931200	2.8	106131
64	-55252800	7.5	106131
64	-52660800	8.2	106131
64	-49982400	12.6	106131
64	-47390400	13.9	106131
64	-44712000	13.7	106131
64	-42033600	11.2	106131
64	-39441600	9	106131
64	-36763200	2.1	106131
64	-34171200	-3.2	106131
64	-31492800	0.5	106131
64	-28814400	-3.7	106131
64	-26395200	0.2	106131
64	-23716800	5	106131
64	-21124800	10.9	106131
64	-18446400	12.2	106131
64	-15854400	16.4	106131
64	-13176000	14.4	106131
64	-10497600	12.4	106131
64	-7905600	10.2	106131
64	-5227200	2.9	106131
64	-2635200	-4.6	106131
64	43200	-2	106131
64	2721600	-2.5	106131
64	5140800	-0.8	106131
64	7819200	3	106131
64	10411200	10.1	106131
64	13089600	15.2	106131
64	15681600	13.6	106131
64	18360000	15.3	106131
64	21038400	12.6	106131
64	23630400	7.4	106131
64	26308800	4.8	106131
64	28900800	-1.3	106131
64	31579200	-0.2	106131
64	34257600	-0.5	106131
64	36676800	-0.9	106131
64	39355200	7.1	106131
64	41947200	12.5	106131
64	44625600	11.3	106131
64	47217600	16.4	106131
64	49896000	15.3	106131
64	52574400	11.5	106131
64	55166400	8.3	106131
64	57844800	1.6	106131
64	60436800	2.1	106131
64	63115200	-2.8	106131
64	65793600	1.4	106131
64	68299200	4.4	106131
64	70977600	4.8	106131
64	73569600	8.7	106131
64	76248000	11.7	106131
64	78840000	15.4	106131
64	81518400	13.4	106131
64	84196800	9.1	106131
64	86788800	6.3	106131
64	89467200	2.7	106131
64	92059200	0.3	106131
64	94737600	-0.9	106131
64	97416000	-0.9	106131
64	99835200	2.5	106131
64	102513600	3.2	106131
64	105105600	10.5	106131
64	107784000	14.7	106131
64	110376000	14.8	106131
64	113054400	17.2	106131
64	115732800	13.3	106131
64	118324800	6.6	106131
64	121003200	2	106131
64	123595200	-1.2	106131
64	126273600	1.9	106131
64	128952000	1.3	106131
64	131371200	3.7	106131
64	134049600	7	106131
64	136641600	9	106131
64	139320000	12.5	106131
64	141912000	13.1	106131
64	144590400	15.3	106131
64	147268800	10.7	106131
64	149860800	3	106131
64	152539200	3	106131
64	155131200	2.9	106131
64	157809600	2.8	106131
64	160488000	1	106131
64	162907200	1.4	106131
64	165585600	5	106131
64	168177600	9.2	106131
64	170856000	12.6	106131
64	173448000	16.1	106131
64	176126400	17.5	106131
64	178804800	13.3	106131
64	181396800	6	106131
64	184075200	2.1	106131
64	186667200	-1.1	106131
64	189345600	0.1	106131
64	192024000	0.1	106131
64	194529600	0.4	106131
64	197208000	5.6	106131
64	199800000	11.4	106131
64	202478400	17	106131
64	205070400	17.9	106131
64	207748800	15.6	106131
64	210427200	11.5	106131
64	213019200	8.7	106131
64	215697600	2.9	106131
64	218289600	-2.4	106131
64	220968000	-0.7	106131
64	223646400	1.6	106131
64	226065600	4.6	106131
64	228744000	3.3	106131
64	231336000	9.2	106131
64	234014400	12.3	106131
64	236606400	14.3	106131
64	239284800	13.9	106131
64	241963200	10.5	106131
64	244555200	9.5	106131
64	247233600	2.8	106131
64	249825600	1.9	106131
64	252504000	-1	106131
64	255182400	-2.3	106131
64	257601600	3.1	106131
64	260280000	5	106131
64	262872000	9.5	106131
64	265550400	12.1	106131
64	268142400	13.4	106131
64	270820800	12.6	106131
64	273499200	10.4	106131
64	276091200	8.2	106131
64	278769600	2.8	106131
64	281361600	-0.6	106131
64	284040000	-5.5	106131
64	286718400	-2.7	106131
64	289137600	1.7	106131
64	291816000	4.3	106131
64	294408000	9.8	106131
64	297086400	13.7	106131
64	299678400	13.7	106131
64	302356800	12.9	106131
64	305035200	11.9	106131
64	307627200	8.5	106131
64	310305600	2.4	106131
64	312897600	2	106131
64	315576000	-2.9	106131
64	318254400	1.8	106131
64	320760000	2	106131
64	323438400	4.5	106131
64	326030400	9.4	106131
64	328708800	11.8	106131
64	331300800	12.6	106131
64	333979200	14.7	106131
64	336657600	13.1	106131
64	339249600	6.1	106131
64	341928000	1	106131
64	344520000	-1	106131
64	347198400	-1.4	106131
64	349876800	-2.2	106131
64	352296000	5.3	106131
64	354974400	6.1	106131
64	357566400	10.9	106131
64	360244800	12.7	106131
64	362836800	13.9	106131
64	365515200	14.8	106131
64	368193600	12.6	106131
64	370785600	5.7	106131
64	373464000	3	106131
64	376056000	-2.7	106131
64	378734400	-1.1	106131
64	381412800	-0.1	106131
64	383832000	2.3	106131
64	386510400	4.7	106131
64	389102400	10.8	106131
64	391780800	14.2	106131
64	394372800	16.6	106131
64	397051200	15	106131
64	399729600	15.1	106131
64	402321600	7.8	106131
64	4.05e+08	4.7	106131
64	407592000	0.3	106131
64	410270400	2.1	106131
64	412948800	-3.2	106131
64	415368000	2.7	106131
64	418046400	6	106131
64	420638400	7.9	106131
64	423316800	14.5	106131
64	425908800	19.3	106131
64	428587200	16.8	106131
64	431265600	12	106131
64	433857600	7.7	106131
64	436536000	3.5	106131
64	439128000	0.5	106131
64	441806400	-0.7	106131
64	444484800	-1.6	106131
64	446990400	1.1	106131
64	449668800	5.2	106131
64	452260800	7.7	106131
64	454939200	11.7	106131
64	457531200	14.4	106131
64	460209600	15.7	106131
64	462888000	10.3	106131
64	465480000	8.9	106131
64	468158400	5	106131
64	470750400	0.4	106131
64	473428800	-5.9	106131
64	476107200	-3.2	106131
64	478526400	1	106131
64	481204800	5.6	106131
64	483796800	11.1	106131
64	486475200	11.1	106131
64	489067200	15.6	106131
64	491745600	14.1	106131
64	494424000	12.8	106131
64	497016000	7.8	106131
64	499694400	-0.8	106131
64	502286400	2.3	106131
64	504964800	-1.4	106131
64	507643200	-7.7	106131
64	510062400	1.4	106131
64	512740800	3	106131
64	515332800	11.8	106131
64	518011200	14.7	106131
64	520603200	15.4	106131
64	523281600	14.2	106131
64	525960000	10	106131
64	528552000	9.3	106131
64	531230400	4.5	106131
64	533822400	0.8	106131
64	536500800	-6.1	106131
64	539179200	-1.2	106131
64	541598400	-1.2	106131
64	544276800	8.2	106131
64	546868800	7.4	106131
64	549547200	11.8	106131
64	552139200	14.5	106131
64	554817600	14.1	106131
64	557496000	13.3	106131
64	560088000	7.7	106131
64	562766400	3.3	106131
64	565358400	1	106131
64	568036800	2.2	106131
64	570715200	-0.2	106131
64	573220800	0.9	106131
64	575899200	6.7	106131
64	578491200	12	106131
64	581169600	12.3	106131
64	583761600	14	106131
64	586440000	15.5	106131
64	589118400	11	106131
64	591710400	8.5	106131
64	594388800	2.5	106131
64	596980800	2.9	106131
64	599659200	1.8	106131
64	602337600	1.9	106131
64	604756800	6	106131
64	607435200	4.3	106131
64	610027200	12.9	106131
64	612705600	13.4	106131
64	615297600	15.9	106131
64	617976000	15.6	106131
64	620654400	12.8	106131
64	623246400	9.4	106131
64	625924800	3.3	106131
64	628516800	2.4	106131
64	631195200	0.9	106131
64	633873600	4.3	106131
64	636292800	5.5	106131
64	638971200	5.5	106131
64	641563200	12.5	106131
64	644241600	12.5	106131
64	646833600	15.1	106131
64	649512000	17.2	106131
64	652190400	9.9	106131
64	654782400	9.5	106131
64	657460800	2.7	106131
64	660052800	-0.7	106131
64	662731200	-0.5	106131
64	665409600	-3.2	106131
64	667828800	5.6	106131
64	670507200	5.1	106131
64	673099200	7.6	106131
64	675777600	10.4	106131
64	678369600	17.3	106131
64	681048000	17	106131
64	683726400	13.9	106131
64	686318400	6.7	106131
64	688996800	2.7	106131
64	691588800	0.1	106131
64	694267200	0	106131
64	696945600	2.2	106131
64	699451200	3.4	106131
64	702129600	6	106131
64	704721600	13	106131
64	707400000	14.4	106131
64	709992000	16.6	106131
64	712670400	16.8	106131
64	715348800	11.8	106131
64	717940800	4.7	106131
64	720619200	4.1	106131
64	723211200	0.8	106131
64	725889600	1.5	106131
64	728568000	-1.7	106131
64	730987200	3.3	106131
64	733665600	9.1	106131
64	736257600	12.3	106131
64	738936000	14.3	106131
64	741528000	14.4	106131
64	744206400	14	106131
64	746884800	10.5	106131
64	749476800	5.9	106131
64	752155200	-0.6	106131
64	754747200	1.5	106131
64	757425600	0.9	106131
64	760104000	-0.8	106131
64	762523200	4.6	106131
64	765201600	5.8	106131
64	767793600	9.9	106131
64	770472000	14.1	106131
64	773064000	20.2	106131
64	775742400	15.6	106131
64	778420800	11.1	106131
64	781012800	7.1	106131
64	783691200	6.8	106131
64	786283200	2.3	106131
64	788961600	-0.6	106131
64	791640000	2.7	106131
67	-1088856000	20.2	106370
67	-1086177600	18.5	106370
67	-1083499200	14.7	106370
67	-1080907200	9.1	106370
67	-1078228800	5.9	106370
67	-1075636800	1.4	106370
67	-1072958400	4.6	106370
67	-1070280000	1.7	106370
67	-1067774400	6.6	106370
67	-1065096000	7.8	106370
67	-1062504000	14.8	106370
67	-1059825600	17.7	106370
68	-6716433600	9.8	106380
68	-6713755200	10.7	106380
68	-6711163200	14.2	106380
68	-6708484800	17.9	106380
68	-6705892800	22.5	106380
68	-6703214400	21.2	106380
5692	-4260168000	2	999050
5692	-4257489600	3.8	999050
5692	-4255070400	4.7	999050
5692	-4252392000	7.6	999050
5692	-4249800000	11.6	999050
5692	-4247121600	16.3	999050
5692	-4244529600	18.5	999050
5692	-4241851200	17.4	999050
5692	-4239172800	14.6	999050
5692	-4236580800	8.4	999050
5692	-4233902400	2.6	999050
5692	-4231310400	0.6	999050
5692	-4228632000	0.9	999050
5692	-4225953600	1.4	999050
5692	-4223448000	7.2	999050
5692	-4220769600	7.2	999050
5692	-4218177600	11	999050
5692	-4215499200	16.3	999050
5692	-4212907200	16.9	999050
5692	-4210228800	15.6	999050
5692	-4207550400	12.2	999050
5692	-4204958400	10.2	999050
5692	-4202280000	4.5	999050
5692	-4199688000	2.7	999050
5692	-4197009600	1	999050
5692	-4194331200	2.5	999050
5692	-4191912000	0.8	999050
5692	-4189233600	5.3	999050
5692	-4186641600	10.1	999050
5692	-4183963200	16.1	999050
5692	-4181371200	16.2	999050
5692	-4178692800	18.2	999050
5692	-4176014400	12.7	999050
5692	-4173422400	10.2	999050
5692	-4170744000	4.2	999050
5692	-4168152000	2.6	999050
5692	-4165473600	-7.6	999050
5692	-4162795200	-2.4	999050
5692	-4160376000	4.1	999050
5692	-4157697600	5.7	999050
5692	-4155105600	13.6	999050
5692	-4152427200	16.1	999050
5692	-4149835200	17.4	999050
5692	-4147156800	15.1	999050
5692	-4144478400	15	999050
5692	-4141886400	9.7	999050
5692	-4139208000	3.1	999050
5692	-4136616000	1.1	999050
5692	-4133937600	0	999050
5692	-4131259200	1.8	999050
5692	-4128840000	1.8	999050
5692	-4126161600	4.9	999050
5692	-4123569600	13.1	999050
5692	-4120891200	17.7	999050
5692	-4118299200	18.2	999050
5692	-4115620800	15.4	999050
5692	-4112942400	14.9	999050
5692	-4110350400	10.7	999050
5692	-4107672000	6.6	999050
5692	-4105080000	3.2	999050
5692	-4102401600	0.5	999050
5692	-4099723200	1.7	999050
5692	-4097217600	1.4	999050
5692	-4094539200	10.9	999050
5692	-4091947200	12	999050
5692	-4089268800	15.7	999050
5692	-4086676800	15.5	999050
5692	-4083998400	16.9	999050
5692	-4081320000	13.3	999050
5692	-4078728000	7.6	999050
5692	-4076049600	6.5	999050
5692	-4073457600	-3.5	999050
5692	-4070779200	0	999050
5692	-4068100800	-2	999050
5692	-4065681600	6.6	999050
5692	-4063003200	9.8	999050
5692	-4060411200	17	999050
5692	-4057732800	14.6	999050
5692	-4055140800	15	999050
5692	-4052462400	17.2	999050
5692	-4049784000	15.8	999050
5692	-4047192000	10.3	999050
5692	-4044513600	6	999050
5692	-4041921600	4.6	999050
5692	-4039243200	-2.4	999050
5692	-4036564800	3	999050
5692	-4034145600	5.6	999050
5692	-4031467200	7.4	999050
5692	-4028875200	14.7	999050
5692	-4026196800	16.8	999050
5692	-4023604800	16.7	999050
5692	-4020926400	21.4	999050
5692	-4018248000	14	999050
5692	-4015656000	7.8	999050
5692	-4012977600	2.6	999050
5692	-4010385600	4.2	999050
5692	-4007707200	1.7	999050
5692	-4005028800	2.3	999050
5692	-4002609600	4.1	999050
5692	-3999931200	9.2	999050
5692	-3997339200	12.3	999050
5692	-3994660800	14.5	999050
5692	-3992068800	16.8	999050
5692	-3989390400	18.1	999050
5692	-3986712000	14.6	999050
5692	-3984120000	9.4	999050
5692	-3981441600	6.4	999050
5692	-3978849600	4.1	999050
5692	-3976171200	0.3	999050
5692	-3973492800	-0.3	999050
5692	-3970987200	3.5	999050
5692	-3968308800	10.6	999050
5692	-3965716800	12.7	999050
5692	-3963038400	15.8	999050
5692	-3960446400	15	999050
5692	-3957768000	14.2	999050
5692	-3955089600	14.1	999050
5692	-3952497600	9.6	999050
5692	-3949819200	5.8	999050
5692	-3947227200	-2.5	999050
5692	-3944548800	0.8	999050
5692	-3941870400	-5	999050
5692	-3939451200	-3.4	999050
5692	-3936772800	9.9	999050
5692	-3934180800	11.2	999050
5692	-3931502400	17.3	999050
5692	-3928910400	18	999050
5692	-3926232000	15.2	999050
5692	-3923553600	12.7	999050
5692	-3920961600	9.9	999050
5692	-3918283200	6.9	999050
5692	-3915691200	3.6	999050
5692	-3913012800	3.1	999050
5692	-3910334400	5.1	999050
5692	-3907915200	6.5	999050
5692	-3905236800	8.6	999050
5692	-3902644800	12.9	999050
5692	-3899966400	19.2	999050
5692	-3897374400	19.1	999050
5692	-3894696000	20.3	999050
5692	-3892017600	16	999050
5692	-3889425600	11.4	999050
5692	-3886747200	5.1	999050
5692	-3884155200	-3.8	999050
5692	-3881476800	-1.6	999050
5692	-3878798400	0	999050
5692	-3876379200	3.6	999050
5692	-3873700800	5.5	999050
5692	-3871108800	15.4	999050
5692	-3868430400	14.5	999050
5692	-3865838400	18.5	999050
5692	-3863160000	19.1	999050
5692	-3860481600	11.6	999050
5692	-3857889600	8.9	999050
5692	-3855211200	6.3	999050
5692	-3852619200	0.5	999050
5692	-3849940800	-5.9	999050
5692	-3847262400	4.9	999050
5692	-3844756800	5.8	999050
5692	-3842078400	10.4	999050
5692	-3839486400	14.7	999050
5692	-3836808000	17	999050
5692	-3834216000	17.2	999050
5692	-3831537600	15.5	999050
5692	-3828859200	13.2	999050
5692	-3826267200	11	999050
5692	-3823588800	5	999050
5692	-3820996800	2.8	999050
5692	-3818318400	0.6	999050
5692	-3815640000	4.6	999050
5692	-3813220800	3.6	999050
5692	-3810542400	8	999050
5692	-3807950400	14.5	999050
5692	-3805272000	15.9	999050
5692	-3802680000	16.4	999050
5692	-3800001600	15.7	999050
5692	-3797323200	13.9	999050
5692	-3794731200	9.4	999050
5692	-3792052800	3.6	999050
5692	-3789460800	-0.4	999050
5692	-3786782400	-4.8	999050
5692	-3784104000	4.6	999050
5692	-3781684800	1.5	999050
5692	-3779006400	9.4	999050
5692	-3776414400	11.9	999050
5692	-3773736000	16.6	999050
5692	-3771144000	17.1	999050
5692	-3768465600	15.9	999050
5692	-3765787200	11.9	999050
5692	-3763195200	6.8	999050
5692	-3760516800	6.5	999050
5692	-3757924800	1.9	999050
5692	-3755246400	3.1	999050
5692	-3752568000	2	999050
5692	-3750148800	4	999050
5692	-3747470400	8.3	999050
5692	-3744878400	9.4	999050
5692	-3742200000	15.4	999050
5692	-3739608000	16.1	999050
5692	-3736929600	16.8	999050
5692	-3734251200	12.1	999050
5692	-3731659200	10.8	999050
5692	-3728980800	1.8	999050
5692	-3726388800	2.2	999050
5692	-3723710400	4.2	999050
5692	-3721032000	2.2	999050
5692	-3718526400	1.9	999050
5692	-3715848000	5.5	999050
5692	-3713256000	13.1	999050
5692	-3710577600	15.3	999050
5692	-3707985600	20.4	999050
5692	-3705307200	18	999050
5692	-3702628800	13.7	999050
5692	-3700036800	8.4	999050
5692	-3697358400	8	999050
5692	-3694766400	6.5	999050
5692	-3692088000	4	999050
5692	-3689409600	-2.1	999050
5692	-3686990400	-1.4	999050
5692	-3684312000	6.2	999050
5692	-3681720000	12.2	999050
5692	-3679041600	16.3	999050
5692	-3676449600	17.7	999050
5692	-3673771200	16.1	999050
5692	-3671092800	13.3	999050
5692	-3668500800	10.2	999050
5692	-3665822400	2.9	999050
5692	-3663230400	-3.3	999050
5692	-3660552000	2	999050
5692	-3657873600	0.5	999050
5692	-3655454400	5.1	999050
5692	-3652776000	8.3	999050
5692	-3650184000	12.7	999050
5692	-3647505600	14.9	999050
5692	-3644913600	18.4	999050
5692	-3642235200	16.2	999050
5692	-3639556800	13.4	999050
5692	-3636964800	9.5	999050
5692	-3634286400	2.5	999050
5692	-3631694400	3.4	999050
5692	-3629016000	-2.8	999050
5692	-3626337600	-5.8	999050
5692	-3623918400	1.4	999050
5692	-3621240000	6.1	999050
5692	-3618648000	10.5	999050
5692	-3615969600	16.2	999050
5692	-3613377600	17.1	999050
5692	-3610699200	17.4	999050
5692	-3608020800	13	999050
5692	-3605428800	11.1	999050
5692	-3602750400	2.1	999050
5692	-3600158400	-1.5	999050
5692	-3597480000	2.4	999050
5692	-3594801600	3.7	999050
5692	-3592296000	2.4	999050
5692	-3589617600	8.9	999050
5692	-3587025600	11	999050
5692	-3584347200	15.7	999050
5692	-3581755200	15.7	999050
5692	-3579076800	17.7	999050
5692	-3576398400	13	999050
5692	-3573806400	10.5	999050
5692	-3571128000	1.8	999050
5692	-3568536000	3.2	999050
5692	-3565857600	-0.3	999050
5692	-3563179200	2.2	999050
5692	-3560760000	3.8	999050
5692	-3558081600	7.7	999050
5692	-3555489600	13.4	999050
5692	-3552811200	17.5	999050
5692	-3550219200	18.6	999050
5692	-3547540800	20	999050
5692	-3544862400	15.8	999050
5692	-3542270400	11.8	999050
5692	-3539592000	5.3	999050
5692	-3.537e+09	4.3	999050
5692	-3534321600	-0.6	999050
5692	-3531643200	-1	999050
5692	-3529224000	2.1	999050
5692	-3526545600	8	999050
5692	-3523953600	11.6	999050
5692	-3521275200	20.2	999050
5692	-3518683200	17.2	999050
5692	-3516004800	17.7	999050
5692	-3513326400	16.2	999050
5692	-3510734400	9.3	999050
5692	-3508056000	0	999050
5692	-3505464000	2.5	999050
5692	-3502785600	2.4	999050
5692	-3500107200	4.3	999050
5692	-3497688000	6.9	999050
5692	-3495009600	7.3	999050
5692	-3492417600	13.8	999050
5692	-3489739200	18.2	999050
5692	-3487147200	20.5	999050
5692	-3484468800	18.2	999050
5692	-3481790400	14.3	999050
5692	-3479198400	10.7	999050
5692	-3476520000	4	999050
5692	-3473928000	-0.7	999050
5692	-3471249600	3.1	999050
5692	-3468571200	-0.5	999050
5692	-3466065600	2.5	999050
5692	-3463387200	7.1	999050
5692	-3460795200	13.3	999050
5692	-3458116800	15.7	999050
5692	-3455524800	15.8	999050
5692	-3452846400	15.3	999050
5692	-3450168000	13	999050
5692	-3447576000	9.1	999050
5692	-3444897600	2.2	999050
5692	-3442305600	-0.5	999050
5692	-3439627200	-3.8	999050
5692	-3436948800	4.8	999050
5692	-3434529600	5.8	999050
5692	-3431851200	6.6	999050
5692	-3429259200	10.9	999050
5692	-3426580800	17.9	999050
5692	-3423988800	17.9	999050
5692	-3421310400	17.8	999050
5692	-3418632000	13.6	999050
5692	-3416040000	10.9	999050
5692	-3413361600	5.1	999050
5692	-3410769600	2.3	999050
5692	-3408091200	0.2	999050
5692	-3405412800	2.1	999050
5692	-3402993600	7.4	999050
5692	-3400315200	10.2	999050
5692	-3397723200	16.1	999050
5692	-3395044800	15	999050
5692	-3392452800	16.2	999050
5692	-3389774400	16.4	999050
5692	-3387096000	14.5	999050
5692	-3384504000	11.1	999050
5692	-3381825600	4.4	999050
5692	-3379233600	3.3	999050
5692	-3376555200	4.3	999050
5692	-3373876800	3.7	999050
5692	-3371457600	5.6	999050
5692	-3368779200	9	999050
5692	-3366187200	13.1	999050
5692	-3363508800	15.7	999050
5692	-3360916800	16	999050
5692	-3358238400	18.1	999050
5692	-3355560000	12.5	999050
5692	-3352968000	11.9	999050
5692	-3350289600	5	999050
5692	-3347697600	4.2	999050
5692	-3345019200	-1.8	999050
5692	-3342340800	0.3	999050
5692	-3339835200	5.2	999050
5692	-3337156800	7.1	999050
5692	-3334564800	11.2	999050
5692	-3331886400	15.3	999050
5692	-3329294400	16.4	999050
5692	-3326616000	14.1	999050
5692	-3323937600	13.7	999050
5692	-3321345600	8.4	999050
5692	-3318667200	3.1	999050
5692	-3316075200	-0.9	999050
5692	-3313396800	1.1	999050
5692	-3310718400	-2.9	999050
5692	-3308299200	-0.1	999050
5692	-3305620800	11.6	999050
5692	-3303028800	17	999050
5692	-3300350400	14.4	999050
5692	-3297758400	20	999050
5692	-3295080000	16.6	999050
5692	-3292401600	16.5	999050
5692	-3289809600	10.4	999050
5692	-3287131200	6.9	999050
5692	-3284539200	1.6	999050
5692	-3281860800	4.9	999050
5692	-3279182400	4.6	999050
5692	-3276763200	3.6	999050
5692	-3274084800	9.7	999050
5692	-3271492800	10.2	999050
5692	-3268814400	18.8	999050
5692	-3266222400	16.1	999050
5692	-3263544000	15.6	999050
5692	-3260865600	15.1	999050
5692	-3258273600	8.8	999050
5692	-3255595200	5.5	999050
5692	-3253003200	3.7	999050
5692	-3250324800	0.5	999050
5692	-3247646400	5.8	999050
5692	-3245227200	2.3	999050
5692	-3242548800	8.6	999050
5692	-3239956800	12.5	999050
5692	-3237278400	15.9	999050
5692	-3234686400	15.5	999050
5692	-3232008000	17.4	999050
5692	-3229329600	14.8	999050
5692	-3226737600	8.9	999050
5692	-3224059200	4.4	999050
5692	-3221467200	0	999050
5692	-3218788800	0.1	999050
5692	-3216110400	4.8	999050
5692	-3213604800	4.9	999050
5692	-3210926400	7.7	999050
5692	-3208334400	16.9	999050
5692	-3205656000	17.3	999050
5692	-3203064000	19.9	999050
5692	-3200385600	18.8	999050
5692	-3197707200	15.3	999050
5692	-3195115200	9.1	999050
5692	-3192436800	4.1	999050
5692	-3189844800	6.3	999050
5692	-3187166400	1.3	999050
5692	-3184488000	6.1	999050
5692	-3182068800	2	999050
5692	-3179390400	11.6	999050
5692	-3176798400	12.5	999050
5692	-3174120000	13.4	999050
5692	-3171528000	18.9	999050
5692	-3168849600	15.2	999050
5692	-3166171200	15.1	999050
5692	-3163579200	8.2	999050
5692	-3160900800	4.4	999050
5692	-3158308800	1.3	999050
5692	-3155630400	1.4	999050
5692	-3152952000	-2.1	999050
5692	-3150532800	2.7	999050
5692	-3147854400	8.9	999050
5692	-3145262400	12.7	999050
5692	-3142584000	15.5	999050
5692	-3139992000	18.8	999050
5692	-3137313600	16	999050
5692	-3134635200	12.5	999050
5692	-3132043200	8.8	999050
5692	-3129364800	5.2	999050
5692	-3126772800	-3.3	999050
5692	-3124094400	-3.1	999050
5692	-3121416000	1.6	999050
5692	-3118996800	6.3	999050
5692	-3116318400	7.5	999050
5692	-3113726400	10	999050
5692	-3111048000	13.7	999050
5692	-3108456000	17.8	999050
5692	-3105777600	17.9	999050
5692	-3103099200	14.6	999050
5692	-3100507200	7.5	999050
5692	-3097828800	1.5	999050
5692	-3095236800	-1.7	999050
5692	-3092558400	3.1	999050
5692	-3089880000	4.3	999050
5692	-3087374400	6.2	999050
5692	-3084696000	9.8	999050
5692	-3082104000	12.8	999050
5692	-3079425600	16.1	999050
5692	-3076833600	18.9	999050
5692	-3074155200	16.2	999050
5692	-3071476800	14.6	999050
5692	-3068884800	10.1	999050
5692	-3066206400	7.3	999050
5692	-3063614400	4.9	999050
5692	-3060936000	4.5	999050
5692	-3058257600	0.5	999050
5692	-3055838400	5.8	999050
5692	-3053160000	7.5	999050
5692	-3050568000	10.4	999050
5692	-3047889600	17.3	999050
5692	-3045297600	19.4	999050
5692	-3042619200	17.8	999050
5692	-3039940800	12.8	999050
5692	-3037348800	9.8	999050
5692	-3034670400	5.6	999050
5692	-3032078400	2.5	999050
5692	-3029400000	3.6	999050
5692	-3026721600	1.6	999050
5692	-3024302400	4.9	999050
5692	-3021624000	9.6	999050
5692	-3019032000	10.1	999050
5692	-3016353600	16.2	999050
5692	-3013761600	19.7	999050
5692	-3011083200	15.5	999050
5692	-3008404800	15.7	999050
5692	-3005812800	10.7	999050
5692	-3003134400	2.8	999050
5692	-3000542400	-0.7	999050
5692	-2997864000	3.6	999050
5692	-2995185600	-1.9	999050
5692	-2992766400	2.1	999050
5692	-2990088000	7.8	999050
5692	-2987496000	13.6	999050
5692	-2984817600	17.3	999050
5692	-2982225600	18.2	999050
5692	-2979547200	19.3	999050
5692	-2976868800	14.7	999050
5692	-2974276800	7.7	999050
5692	-2971598400	3.3	999050
5692	-2969006400	0.5	999050
5692	-2966328000	-1.1	999050
5692	-2963649600	2.7	999050
5692	-2961144000	4.5	999050
5692	-2958465600	9.1	999050
5692	-2955873600	9.8	999050
5692	-2953195200	16.9	999050
5692	-2950603200	18	999050
5692	-2947924800	18.1	999050
5692	-2945246400	12.7	999050
5692	-2942654400	11.4	999050
5692	-2939976000	3.7	999050
5692	-2937384000	4.3	999050
5692	-2934705600	4.6	999050
5692	-2932027200	4.2	999050
5692	-2929608000	2.8	999050
5692	-2926929600	7.1	999050
5692	-2924337600	10.7	999050
5692	-2921659200	18.7	999050
5692	-2919067200	16.8	999050
5692	-2916388800	17.4	999050
5692	-2913710400	11	999050
5692	-2911118400	8.4	999050
5692	-2908440000	7.3	999050
5692	-2905848000	2.1	999050
5692	-2903169600	1.3	999050
5692	-2900491200	3.9	999050
5692	-2898072000	4.2	999050
5692	-2895393600	10.1	999050
5692	-2892801600	13.5	999050
5692	-2890123200	16.4	999050
5692	-2887531200	16.5	999050
5692	-2884852800	17.4	999050
5692	-2882174400	14.5	999050
5692	-2879582400	10.1	999050
5692	-2876904000	4.2	999050
5692	-2874312000	0.6	999050
5692	-2871633600	-2	999050
5692	-2868955200	1.1	999050
5692	-2866536000	3	999050
5692	-2863857600	6.8	999050
5692	-2861265600	11	999050
5692	-2858587200	16.4	999050
5692	-2855995200	15.5	999050
5692	-2853316800	17.4	999050
5692	-2850638400	14.4	999050
5692	-2848046400	8.9	999050
5692	-2845368000	2.4	999050
5692	-2842776000	-4.5	999050
5692	-2840097600	-1.7	999050
5692	-2837419200	3	999050
5692	-2834913600	5.9	999050
5692	-2832235200	9.9	999050
5692	-2829643200	12.6	999050
5692	-2826964800	15.9	999050
5692	-2824372800	17.9	999050
5692	-2821694400	18	999050
5692	-2819016000	15.2	999050
5692	-2816424000	8.1	999050
5692	-2813745600	4.4	999050
5692	-2811153600	4.9	999050
5692	-2808475200	-3.9	999050
5692	-2805796800	1.6	999050
5692	-2803377600	3.5	999050
5692	-2800699200	6.6	999050
5692	-2798107200	13.2	999050
5692	-2795428800	16	999050
5692	-2792836800	19.6	999050
5692	-2790158400	15.7	999050
5692	-2787480000	13.1	999050
5692	-2784888000	5.5	999050
5692	-2782209600	7.6	999050
5692	-2779617600	2.2	999050
5692	-2776939200	1.8	999050
5692	-2774260800	3.3	999050
5692	-2771841600	7.1	999050
5692	-2769163200	8.9	999050
5692	-2766571200	13.3	999050
5692	-2763892800	15.1	999050
5692	-2761300800	17.6	999050
5692	-2758622400	15.3	999050
5692	-2755944000	14	999050
5692	-2753352000	9.9	999050
5692	-2750673600	4.8	999050
5692	-2748081600	2.1	999050
5692	-2745403200	1.6	999050
5692	-2742724800	4.3	999050
5692	-2740305600	-0.3	999050
5692	-2737627200	7.7	999050
5692	-2735035200	13.8	999050
5692	-2732356800	17.5	999050
5692	-2729764800	17.2	999050
5692	-2727086400	16.5	999050
5692	-2724408000	13.9	999050
5692	-2721816000	9.7	999050
5692	-2719137600	5.7	999050
5692	-2716545600	2.3	999050
5692	-2713867200	4.7	999050
5692	-2711188800	4.2	999050
5692	-2708683200	6.4	999050
5692	-2706004800	7.6	999050
5692	-2703412800	13.7	999050
5692	-2700734400	13.9	999050
5692	-2698142400	18.8	999050
5692	-2695464000	18.1	999050
5692	-2692785600	15.5	999050
5692	-2690193600	8.8	999050
5692	-2687515200	3.3	999050
5692	-2684923200	2.9	999050
5692	-2682244800	-0.1	999050
5692	-2679566400	5.5	999050
5692	-2677147200	3.6	999050
5692	-2674468800	10.4	999050
5692	-2671876800	10.4	999050
5692	-2669198400	17.7	999050
5692	-2666606400	17.9	999050
5692	-2663928000	14.8	999050
5692	-2661249600	12.9	999050
5692	-2658657600	8.3	999050
5692	-2655979200	3.7	999050
5692	-2653387200	1.1	999050
5692	-2650708800	0.9	999050
5692	-2648030400	-1.4	999050
5692	-2645611200	2.7	999050
5692	-2642932800	9.3	999050
5692	-2640340800	13.9	999050
5692	-2637662400	15.2	999050
5692	-2635070400	17.5	999050
5692	-2632392000	17.5	999050
5692	-2629713600	16.1	999050
5692	-2627121600	11.2	999050
5692	-2624443200	6.6	999050
5692	-2621851200	2.1	999050
5692	-2619172800	-1.1	999050
5692	-2616494400	1.1	999050
5692	-2614075200	1.8	999050
5692	-2611396800	7.7	999050
5692	-2608804800	10.1	999050
5692	-2606126400	16.2	999050
5692	-2603534400	18.6	999050
5692	-2600856000	15.9	999050
5692	-2598177600	12.6	999050
5692	-2595585600	6.2	999050
5692	-2592907200	4.4	999050
5692	-2590315200	0.8	999050
5692	-2587636800	-0.3	999050
5692	-2584958400	-2	999050
5692	-2582452800	2	999050
5692	-2579774400	6.2	999050
5692	-2577182400	12.3	999050
5692	-2574504000	16.4	999050
5692	-2571912000	14.9	999050
5692	-2569233600	15.5	999050
5692	-2566555200	13.2	999050
5692	-2563963200	7.7	999050
5692	-2561284800	5	999050
5692	-2558692800	2.3	999050
5692	-2556014400	-0.4	999050
5692	-2553336000	-1	999050
5692	-2550916800	2.3	999050
5692	-2548238400	8	999050
5692	-2545646400	17.3	999050
5692	-2542968000	20.3	999050
5692	-2540376000	16.4	999050
5692	-2537697600	15.5	999050
5692	-2535019200	11.9	999050
5692	-2532427200	9.1	999050
5692	-2529748800	3.5	999050
5692	-2527156800	0.2	999050
5692	-2524478400	4	999050
5692	-2521800000	-0.4	999050
5692	-2519380800	5.6	999050
5692	-2516702400	7.2	999050
5692	-2514110400	14.6	999050
5692	-2511432000	14.4	999050
5692	-2508840000	15.9	999050
5692	-2506161600	16.6	999050
5692	-2503483200	14.4	999050
5692	-2500891200	8.3	999050
5692	-2498212800	4	999050
5692	-2495620800	-4.8	999050
5692	-2492942400	-2.7	999050
5692	-2490264000	1.7	999050
5692	-2487844800	3.5	999050
5692	-2485166400	5.9	999050
5692	-2482574400	13.2	999050
5692	-2479896000	15.6	999050
5692	-2477304000	16.5	999050
5692	-2474625600	15.4	999050
5692	-2471947200	14.9	999050
5692	-2469355200	10.8	999050
5692	-2466676800	3.8	999050
5692	-2464084800	3.5	999050
5692	-2461406400	0.3	999050
5692	-2458728000	2.2	999050
5692	-2456222400	1.9	999050
5692	-2453544000	7.7	999050
5692	-2450952000	13.5	999050
5692	-2448273600	15.3	999050
5692	-2445681600	16.6	999050
5692	-2443003200	18.2	999050
5692	-2440324800	14.1	999050
5692	-2437732800	8.4	999050
5692	-2435054400	5	999050
5692	-2432462400	0	999050
5692	-2429784000	-4.7	999050
5692	-2427105600	3.5	999050
5692	-2424686400	5.7	999050
5692	-2422008000	10.1	999050
5692	-2419416000	13.6	999050
5692	-2416737600	16.7	999050
5692	-2414145600	17.9	999050
5692	-2411467200	17.8	999050
5692	-2408788800	12.8	999050
5692	-2406196800	10.6	999050
5692	-2403518400	3	999050
5692	-2400926400	2.4	999050
5692	-2398248000	0.4	999050
5692	-2395569600	3.3	999050
5692	-2393150400	6.2	999050
5692	-2390472000	11.6	999050
5692	-2387880000	12.3	999050
5692	-2385201600	14.7	999050
5692	-2382609600	18.1	999050
5692	-2379931200	15.4	999050
5692	-2377252800	11.5	999050
5692	-2374660800	8.7	999050
5692	-2371982400	6.2	999050
5692	-2369390400	2.7	999050
5692	-2366712000	-2.6	999050
5692	-2364033600	-5	999050
5692	-2361614400	2.9	999050
5692	-2358936000	9.5	999050
5692	-2356344000	13.1	999050
5692	-2353665600	16.6	999050
5692	-2351073600	17	999050
5692	-2348395200	16.9	999050
5692	-2345716800	15.8	999050
5692	-2343124800	7.8	999050
5692	-2340446400	6	999050
5692	-2337854400	1.1	999050
5692	-2335176000	1.1	999050
5692	-2332497600	1.6	999050
5692	-2329992000	6.7	999050
5692	-2327313600	7.1	999050
5692	-2324721600	11.5	999050
5692	-2322043200	17.6	999050
5692	-2319451200	17.4	999050
5692	-2316772800	14.9	999050
5692	-2314094400	13.7	999050
5692	-2311502400	9.3	999050
5692	-2308824000	2.2	999050
5692	-2306232000	1.5	999050
5692	-2303553600	-1.9	999050
5692	-2300875200	2	999050
5692	-2298456000	6	999050
5692	-2295777600	7.7	999050
5692	-2293185600	11.7	999050
5692	-2290507200	17.9	999050
5692	-2287915200	16.8	999050
5692	-2285236800	17.9	999050
5692	-2282558400	13	999050
5692	-2279966400	8.8	999050
5692	-2277288000	4.3	999050
5692	-2274696000	2.9	999050
5692	-2272017600	4.4	999050
5692	-2269339200	2.5	999050
5692	-2266920000	3.3	999050
5692	-2264241600	8.1	999050
5692	-2261649600	11.8	999050
5692	-2258971200	15.5	999050
5692	-2256379200	14.4	999050
5692	-2253700800	18.9	999050
5692	-2251022400	14.6	999050
5692	-2248430400	10	999050
5692	-2245752000	5.7	999050
5692	-2243160000	5	999050
5692	-2240481600	3.5	999050
5692	-2237803200	3.5	999050
5692	-2235384000	3.8	999050
5692	-2232705600	7.8	999050
5692	-2230113600	11.7	999050
5692	-2227435200	16	999050
5692	-2224843200	18.2	999050
5692	-2222164800	17.8	999050
5692	-2219486400	13	999050
5692	-2216894400	8.5	999050
5692	-2214216000	8	999050
5692	-2211624000	-1.5	999050
5692	-2208945600	2.4	999050
5692	-2206267200	2.2	999050
5692	-2203848000	2.2	999050
5692	-2201169600	7.4	999050
5692	-2198577600	11.9	999050
5692	-2195899200	16.6	999050
5692	-2193307200	19.3	999050
5692	-2190628800	16.5	999050
5692	-2187950400	13.7	999050
5692	-2185358400	9.4	999050
5692	-2182680000	5.8	999050
5692	-2180088000	4.3	999050
5692	-2177409600	-1.8	999050
5692	-2174731200	-2.2	999050
5692	-2172312000	3.2	999050
5692	-2169633600	9	999050
5692	-2167041600	13.6	999050
5692	-2164363200	15.9	999050
5692	-2161771200	19.3	999050
5692	-2159092800	17	999050
5692	-2156414400	14.3	999050
5692	-2153822400	10	999050
5692	-2151144000	4.3	999050
5692	-2148552000	2.2	999050
5692	-2145873600	4.1	999050
5692	-2143195200	-0.5	999050
5692	-2140776000	4.7	999050
5692	-2138097600	8.9	999050
5692	-2135505600	9.4	999050
5692	-2132827200	16.6	999050
5692	-2130235200	16.1	999050
5692	-2127556800	14.8	999050
5692	-2124878400	12.7	999050
5692	-2122286400	7.8	999050
5692	-2119608000	3.4	999050
5692	-2117016000	-0.6	999050
5692	-2114337600	2.6	999050
5692	-2111659200	5.3	999050
5692	-2109240000	7.1	999050
5692	-2106561600	5.1	999050
5692	-2103969600	13.6	999050
5692	-2101291200	15.6	999050
5692	-2098699200	16.5	999050
5692	-2096020800	15.7	999050
5692	-2093342400	14.4	999050
5692	-2090750400	10.8	999050
5692	-2088072000	5.4	999050
5692	-2085480000	0.7	999050
5692	-2082801600	0	999050
5692	-2080123200	2.5	999050
5692	-2077617600	3.7	999050
5692	-2074939200	9.9	999050
5692	-2072347200	13.1	999050
5692	-2069668800	15.4	999050
5692	-2067076800	19.2	999050
5692	-2064398400	16.7	999050
5692	-2061720000	12.5	999050
5692	-2059128000	9.1	999050
5692	-2056449600	4.3	999050
5692	-2053857600	3.9	999050
5692	-2051179200	0.4	999050
5692	-2048500800	2.7	999050
5692	-2046081600	5.6	999050
5692	-2043403200	6.4	999050
5692	-2040811200	13	999050
5692	-2038132800	18	999050
5692	-2035540800	19	999050
5692	-2032862400	17.1	999050
5692	-2030184000	13.1	999050
5692	-2027592000	5.5	999050
5692	-2024913600	4	999050
5692	-2022321600	2.3	999050
5692	-2019643200	2.9	999050
5692	-2016964800	2	999050
5692	-2014545600	3.5	999050
5692	-2011867200	8.7	999050
5692	-2009275200	13.9	999050
5692	-2006596800	15.6	999050
5692	-2004004800	17.6	999050
5692	-2001326400	17	999050
5692	-1998648000	13.1	999050
5692	-1996056000	11.1	999050
5692	-1993377600	7.5	999050
5692	-1990785600	-0.9	999050
5692	-1988107200	1.4	999050
5692	-1985428800	0.2	999050
5692	-1983009600	4.1	999050
5692	-1980331200	7.5	999050
5692	-1977739200	13.4	999050
5692	-1975060800	14.8	999050
5692	-1972468800	14.5	999050
5692	-1969790400	15.7	999050
5692	-1967112000	13.8	999050
5692	-1964520000	12.3	999050
5692	-1961841600	5.3	999050
5692	-1959249600	3.1	999050
5692	-1956571200	-0.8	999050
5692	-1953892800	3	999050
5692	-1951387200	3.3	999050
5692	-1948708800	6	999050
5692	-1946116800	13.7	999050
5692	-1943438400	17.7	999050
5692	-1940846400	17.7	999050
5692	-1938168000	15.1	999050
5692	-1935489600	13.1	999050
5692	-1932897600	9.7	999050
5692	-1930219200	3.4	999050
5692	-1927627200	1.4	999050
5692	-1924948800	0.1	999050
5692	-1922270400	-0.6	999050
5692	-1919851200	3	999050
5692	-1917172800	8.8	999050
5692	-1914580800	11.8	999050
5692	-1911902400	14.4	999050
5692	-1909310400	15.3	999050
5692	-1906632000	16.6	999050
5692	-1903953600	13.4	999050
5692	-1901361600	11	999050
5692	-1898683200	3.1	999050
5692	-1896091200	3.1	999050
5692	-1893412800	3.2	999050
5692	-1890734400	4.3	999050
5692	-1888315200	4.9	999050
5692	-1885636800	8.2	999050
5692	-1883044800	13.4	999050
5692	-1880366400	17.1	999050
5692	-1877774400	15.7	999050
5692	-1875096000	16.4	999050
5692	-1872417600	13	999050
5692	-1869825600	10.6	999050
5692	-1867147200	3.2	999050
5692	-1864555200	4.6	999050
5692	-1861876800	1	999050
5692	-1859198400	3.1	999050
5692	-1856779200	5.4	999050
5692	-1854100800	8.3	999050
5692	-1851508800	14.4	999050
5692	-1848830400	15.4	999050
5692	-1846238400	20	999050
5692	-1843560000	20.2	999050
5692	-1840881600	14.5	999050
5692	-1838289600	9.4	999050
5692	-1835611200	5.7	999050
5692	-1833019200	4.8	999050
5692	-1830340800	0.8	999050
5692	-1827662400	4.4	999050
5692	-1825156800	7.3	999050
5692	-1822478400	8.3	999050
5692	-1819886400	12.4	999050
5692	-1817208000	16.3	999050
5692	-1814616000	19.2	999050
5692	-1811937600	14.4	999050
5692	-1809259200	10.4	999050
5692	-1806667200	7.6	999050
5692	-1803988800	4.3	999050
5692	-1801396800	5.1	999050
5692	-1798718400	1.7	999050
5692	-1796040000	3	999050
5692	-1793620800	7.2	999050
5692	-1790942400	9	999050
5692	-1788350400	13.4	999050
5692	-1785672000	15.1	999050
5692	-1783080000	15	999050
5692	-1780401600	15.5	999050
5692	-1777723200	13.5	999050
5692	-1775131200	10.7	999050
5692	-1772452800	8.1	999050
5692	-1769860800	3.2	999050
5692	-1767182400	-1.5	999050
5692	-1764504000	5.3	999050
5692	-1762084800	5.7	999050
5692	-1759406400	10.8	999050
5692	-1756814400	11.4	999050
5692	-1754136000	15.3	999050
5692	-1751544000	18.4	999050
5692	-1748865600	18	999050
5692	-1746187200	13	999050
5692	-1743595200	9.6	999050
5692	-1740916800	4.7	999050
5692	-1738324800	5.2	999050
5692	-1735646400	1.9	999050
5692	-1732968000	2.8	999050
5692	-1730548800	3.1	999050
5692	-1727870400	7.7	999050
5692	-1725278400	14	999050
5692	-1722600000	17.9	999050
5692	-1720008000	16.1	999050
5692	-1717329600	15.9	999050
5692	-1714651200	12.8	999050
5692	-1712059200	7.6	999050
5692	-1709380800	2.6	999050
5692	-1706788800	5.1	999050
5692	-1704110400	5	999050
5692	-1701432000	2.2	999050
5692	-1698926400	4.6	999050
5692	-1696248000	9.1	999050
5692	-1693656000	14.1	999050
5692	-1690977600	12.8	999050
5692	-1688385600	16.2	999050
5692	-1685707200	16.7	999050
5692	-1683028800	13	999050
5692	-1680436800	9.8	999050
5692	-1677758400	5.8	999050
5692	-1675166400	2.7	999050
5692	-1672488000	-1.8	999050
5692	-1669809600	-2.1	999050
5692	-1667390400	1.3	999050
5692	-1664712000	4.7	999050
5692	-1662120000	16.4	999050
5692	-1659441600	19.8	999050
5692	-1656849600	17.9	999050
5692	-1654171200	17.4	999050
5692	-1651492800	14.8	999050
5692	-1648900800	7.5	999050
5692	-1646222400	6.7	999050
5692	-1643630400	-0.9	999050
5692	-1640952000	2.6	999050
5692	-1638273600	3.6	999050
5692	-1635854400	5.1	999050
5692	-1633176000	9.5	999050
5692	-1630584000	15.4	999050
5692	-1627905600	13.6	999050
5692	-1625313600	17	999050
5692	-1622635200	16.1	999050
5692	-1619956800	13	999050
5692	-1617364800	9.3	999050
5692	-1614686400	4.1	999050
5692	-1612094400	5.6	999050
5692	-1609416000	1.9	999050
5692	-1606737600	1.2	999050
5692	-1604318400	3.8	999050
5692	-1601640000	6.3	999050
5692	-1599048000	13	999050
5692	-1596369600	15.2	999050
5692	-1593777600	14.5	999050
5692	-1591099200	16.1	999050
5692	-1588420800	15	999050
5692	-1585828800	6.8	999050
5692	-1583150400	1.2	999050
5692	-1580558400	2	999050
5692	-1577880000	3.7	999050
5692	-1575201600	4.9	999050
5692	-1572696000	7.7	999050
5692	-1570017600	9.8	999050
5692	-1567425600	14	999050
5692	-1564747200	16.3	999050
5692	-1562155200	17.9	999050
5692	-1559476800	14.9	999050
5692	-1556798400	13.2	999050
5692	-1554206400	8.2	999050
5692	-1551528000	3.4	999050
5692	-1548936000	1.9	999050
5724	-1596369600	13	100150
5724	-1593777600	13.8	100150
5724	-1591099200	14.6	100150
5724	-1588420800	14.9	100150
5724	-1585828800	8.4	100150
5724	-1583150400	2.5	100150
5724	-1580558400	1.9	100150
5724	-1577880000	2.8	100150
5724	-1575201600	4.4	100150
5724	-1572696000	5.7	100150
5724	-1570017600	8.1	100150
5724	-1567425600	11.5	100150
5724	-1564747200	14.5	100150
5724	-1562155200	16.2	100150
5724	-1559476800	15.2	100150
5724	-1556798400	13.8	100150
5724	-1554206400	9.1	100150
5724	-1551528000	4.7	100150
5724	-1548936000	2.1	100150
5724	-1546257600	4.5	100150
5724	-1543579200	3.3	100150
5724	-1541160000	6	100150
5724	-1538481600	8	100150
5724	-1535889600	12.4	100150
5724	-1533211200	12.8	100150
5724	-1530619200	15.8	100150
5724	-1527940800	16.4	100150
5724	-1525262400	14.5	100150
5724	-1522670400	12.8	100150
5724	-1519992000	3.1	100150
5724	-1517400000	3.8	100150
5724	-1514721600	-1.1	100150
5724	-1512043200	-0.3	100150
5724	-1509624000	2.1	100150
5724	-1506945600	5	100150
5724	-1504353600	11.7	100150
5725	-1443787200	4.6	100180
5725	-1441195200	10.3	100180
5725	-1438516800	13.7	100180
5725	-1435924800	15.5	100180
5725	-1433246400	15.5	100180
5725	-1430568000	14.2	100180
5725	-1427976000	10.1	100180
5725	-1425297600	5.1	100180
5725	-1422705600	4.6	100180
5725	-1420027200	4.2	100180
5725	-1417348800	3.9	100180
5725	-1414929600	2.8	100180
5725	-1412251200	7.2	100180
5725	-1409659200	12.6	100180
5725	-1406980800	13.6	100180
5725	-1404388800	18.6	100180
5725	-1401710400	16.4	100180
5725	-1399032000	12.6	100180
5725	-1396440000	9.1	100180
5725	-1393761600	3.2	100180
5725	-1391169600	0.6	100180
5725	-1388491200	0.6	100180
5725	-1385812800	2.4	100180
5725	-1383393600	3.7	100180
5725	-1380715200	7.5	100180
5725	-1378123200	10	100180
5725	-1375444800	14.3	100180
5725	-1372852800	17.2	100180
5725	-1370174400	16.2	100180
5725	-1367496000	14.1	100180
5725	-1364904000	7.5	100180
5725	-1362225600	6.1	100180
5725	-1359633600	3.4	100180
5725	-1356955200	3.6	100180
5725	-1354276800	1.7	100180
5725	-1351857600	5.4	100180
5725	-1349179200	6.3	100180
5725	-1346587200	9	100180
5725	-1343908800	12	100180
5725	-1341316800	16.4	100180
5725	-1338638400	17	100180
5725	-1335960000	14.1	100180
5725	-1333368000	10.1	100180
5725	-1330689600	3.6	100180
5725	-1328097600	-2.8	100180
5725	-1325419200	1.2	100180
5725	-1322740800	2.6	100180
5725	-1320235200	2	100180
5725	-1317556800	6.3	100180
5725	-1314964800	9.9	100180
5725	-1312286400	12.3	100180
5725	-1309694400	15.1	100180
5725	-1307016000	15.5	100180
5725	-1304337600	13.1	100180
5725	-1301745600	9.9	100180
5725	-1299067200	7.7	100180
5725	-1296475200	2.3	100180
5725	-1293796800	-2.1	100180
5725	-1291118400	-7.6	100180
5725	-1288699200	1.1	100180
5725	-1286020800	3.3	100180
5725	-1283428800	10.6	100180
5725	-1280750400	12.2	100180
5725	-1278158400	15.1	100180
5725	-1275480000	15.7	100180
5725	-1272801600	14.6	100180
5725	-1270209600	10.6	100180
5725	-1267531200	6	100180
5725	-1264939200	4.7	100180
5725	-1262260800	3.8	100180
5725	-1259582400	0.7	100180
5725	-1257163200	3.2	100180
5725	-1254484800	7	100180
5725	-1251892800	10.1	100180
5725	-1249214400	16.1	100180
5725	-1246622400	16.6	100180
5725	-1243944000	16.2	100180
5725	-1241265600	13.9	100180
5725	-1238673600	10.7	100180
5725	-1235995200	6.8	100180
5725	-1233403200	2.5	100180
5725	-1230724800	1.7	100180
5725	-1228046400	0.2	100180
5725	-1225627200	0	100180
5725	-1222948800	5.6	100180
5725	-1220356800	12.6	100180
5725	-1217678400	13.1	100180
5725	-1215086400	15.9	100180
5725	-1212408000	15.6	100180
5725	-1209729600	12.2	100180
5725	-1207137600	9.4	100180
5725	-1204459200	5.5	100180
5725	-1201867200	3.6	100180
5725	-1199188800	4.5	100180
5725	-1196510400	1.8	100180
5725	-1194004800	1.3	100180
5725	-1191326400	6.3	100180
5725	-1188734400	11.6	100180
5725	-1186056000	14	100180
5725	-1183464000	18.2	100180
5725	-1180785600	17.3	100180
5725	-1178107200	14.2	100180
5725	-1175515200	9	100180
5725	-1172836800	6	100180
5725	-1170244800	3.4	100180
5725	-1167566400	-0.4	100180
5725	-1164888000	1	100180
5725	-1162468800	3.9	100180
5725	-1159790400	6.6	100180
5725	-1157198400	11.3	100180
5725	-1154520000	15.9	100180
5725	-1151928000	17.3	100180
5725	-1149249600	17.2	100180
5725	-1146571200	14.2	100180
5725	-1143979200	10.4	100180
5725	-1141300800	4.4	100180
5725	-1138708800	0.8	100180
5725	-1136030400	2.6	100180
5725	-1133352000	3.5	100180
5725	-1130932800	4.2	100180
5725	-1128254400	8	100180
5725	-1125662400	11.3	100180
5725	-1122984000	14.3	100180
5725	-1120392000	16.9	100180
5725	-1117713600	16.6	100180
5725	-1115035200	15.8	100180
5725	-1112443200	11.6	100180
5725	-1109764800	7	100180
5725	-1107172800	5.3	100180
5725	-1104494400	2.1	100180
5725	-1101816000	3.4	100180
5725	-1099396800	2.6	100180
5725	-1096718400	7.4	100180
5725	-1094126400	10.4	100180
5725	-1091448000	15.4	100180
5725	-1088856000	16.4	100180
5725	-1086177600	16.5	100180
5725	-1083499200	14.3	100180
5725	-1080907200	10.2	100180
5725	-1078228800	6.3	100180
5725	-1075636800	2.3	100180
5725	-1072958400	3.6	100180
5725	-1070280000	0.2	100180
5725	-1067774400	3.2	100180
5725	-1065096000	4.9	100180
5725	-1062504000	11	100180
5725	-1059825600	15.8	100180
5725	-1057233600	17	100180
5725	-1054555200	16.4	100180
5725	-1051876800	13.5	100180
5725	-1049284800	8.8	100180
5725	-1046606400	5.9	100180
5725	-1044014400	4.4	100180
5725	-1041336000	-0.4	100180
5725	-1038657600	1.6	100180
5725	-1036238400	1.7	100180
5725	-1033560000	7.3	100180
5725	-1030968000	12.8	100180
5725	-1028289600	14.6	100180
5725	-1025697600	17	100180
5725	-1023019200	18.1	100180
5725	-1020340800	14.7	100180
5725	-1017748800	11.1	100180
5725	-1015070400	4.9	100180
5725	-1012478400	0.8	100180
5725	-1009800000	3.1	100180
5725	-1007121600	2.5	100180
5725	-1004702400	6.2	100180
5725	-1002024000	6.8	100180
5725	-999432000	10.2	100180
5725	-996753600	13.9	100180
5725	-994161600	16	100180
5725	-991483200	18.3	100180
5725	-988804800	15.5	100180
5725	-986212800	10.1	100180
5725	-983534400	8.9	100180
5725	-980942400	0.9	100180
5725	-978264000	2.3	100180
5725	-975585600	3.5	100180
5725	-973166400	3	100180
5725	-970488000	6.9	100180
5725	-967896000	10.9	100180
5725	-965217600	15.5	100180
5725	-962625600	17.2	100180
5725	-959947200	18.1	100180
5725	-957268800	15.7	100180
5725	-954676800	6.8	100180
5725	-951998400	6.5	100180
5725	-949406400	0.9	100180
5725	-946728000	-4.2	100180
5725	-944049600	-6.1	100180
5725	-941544000	1.1	100180
5725	-938865600	5.4	100180
5725	-936273600	11.8	100180
5725	-933595200	15.6	100180
5725	-931003200	16.6	100180
5725	-928324800	15	100180
5725	-925646400	12.7	100180
5725	-923054400	8.1	100180
5725	-920376000	6.9	100180
5725	-917784000	1.5	100180
5725	-915105600	-5.2	100180
5725	-912427200	-2.6	100180
5725	-910008000	1	100180
5725	-907329600	4	100180
5725	-904737600	9.1	100180
5725	-902059200	14.2	100180
5725	-899467200	18.8	100180
5725	-896788800	15.4	100180
5725	-894110400	13	100180
5725	-891518400	9	100180
5725	-888840000	2.8	100180
5725	-886248000	4.3	100180
5725	-883569600	-6.1	100180
5725	-880891200	-5.4	100180
5725	-878472000	-2	100180
5725	-875793600	5.3	100180
5725	-873201600	9.6	100180
5725	-870523200	12	100180
5725	-867931200	15	100180
5725	-865252800	17.3	100180
5725	-862574400	14.5	100180
5725	-859982400	11.6	100180
5725	-857304000	6.5	100180
5725	-854712000	4.6	100180
5725	-852033600	-0.6	100180
5725	-849355200	4.5	100180
5725	-846936000	5	100180
5725	-844257600	7.7	100180
5725	-841665600	11.7	100180
5725	-838987200	14.5	100180
5725	-836395200	16	100180
5725	-833716800	16.3	100180
5725	-831038400	14.4	100180
5725	-828446400	10	100180
5725	-825768000	5.3	100180
5725	-823176000	3.1	100180
5725	-820497600	4.6	100180
5725	-817819200	1.7	100180
5725	-815313600	2.8	100180
5725	-812635200	6.4	100180
5725	-810043200	9.3	100180
5725	-807364800	12.9	100180
5725	-804772800	16.6	100180
5725	-802094400	18.7	100180
5725	-799416000	13.3	100180
5725	-796824000	9.6	100180
5725	-794145600	5.7	100180
5725	-791553600	2.4	100180
5725	-788875200	-0.2	100180
5725	-786196800	3.3	100180
5725	-783777600	5.8	100180
5725	-781099200	7.3	100180
5725	-778507200	11.4	100180
5725	-775828800	14.6	100180
5725	-773236800	16.7	100180
5725	-770558400	17	100180
5725	-767880000	14	100180
5725	-765288000	11.1	100180
5725	-762609600	6.2	100180
5725	-760017600	3.9	100180
5725	-757339200	0	100180
5725	-754660800	2	100180
5725	-752241600	1.5	100180
5725	-749563200	8	100180
5725	-746971200	11.6	100180
5725	-744292800	13.5	100180
5725	-741700800	17.4	100180
5725	-739022400	16.4	100180
5725	-736344000	15.1	100180
5725	-733752000	8.3	100180
5725	-731073600	5.5	100180
5725	-728481600	0.7	100180
5725	-725803200	-3.5	100180
5725	-723124800	-6.1	100180
5725	-720705600	-1.2	100180
5725	-718027200	4.1	100180
5725	-715435200	13.1	100180
5725	-712756800	16	100180
5725	-710164800	17.5	100180
5725	-707486400	19	100180
5725	-704808000	16.8	100180
5725	-702216000	10	100180
5725	-699537600	6.4	100180
5725	-696945600	3.5	100180
5725	-694267200	1.8	100180
5725	-691588800	1.1	100180
5725	-689083200	3.8	100180
5725	-686404800	8.7	100180
5725	-683812800	11.8	100180
5725	-681134400	14.9	100180
5725	-678542400	17	100180
5725	-675864000	16.6	100180
5725	-673185600	14.9	100180
5725	-670593600	10.5	100180
5725	-667915200	7.1	100180
5725	-665323200	4.2	100180
5725	-662644800	3.8	100180
5725	-659966400	4	100180
5725	-657547200	2.3	100180
5725	-654868800	7.7	100180
5725	-652276800	10.5	100180
5725	-649598400	13.4	100180
5725	-647006400	15.9	100180
5725	-644328000	16.2	100180
5725	-641649600	16.7	100180
5725	-639057600	12.5	100180
5725	-636379200	6.2	100180
5725	-633787200	5.1	100180
5726	-694267200	1.6	100200
5726	-691588800	1	100200
5726	-689083200	3.9	100200
5726	-686404800	8.6	100200
5726	-683812800	11.7	100200
5726	-681134400	14.6	100200
5726	-678542400	16.7	100200
5726	-675864000	16.5	100200
5726	-673185600	14.7	100200
5726	-670593600	10.2	100200
5726	-667915200	6.8	100200
5726	-665323200	4	100200
5726	-662644800	3.7	100200
5726	-659966400	4	100200
5726	-657547200	2.2	100200
5726	-654868800	7.6	100200
5726	-652276800	10.3	100200
5726	-649598400	13	100200
5726	-647006400	15.5	100200
5726	-644328000	15.8	100200
5726	-641649600	16.8	100200
5726	-639057600	12.5	100200
5726	-636379200	6.2	100200
5726	-633787200	5.1	100200
5726	-631108800	1.1	100200
5726	-628430400	2.5	100200
5726	-626011200	4.5	100200
5726	-623332800	6.8	100200
5726	-620740800	11.4	100200
5726	-618062400	15	100200
5726	-615470400	16.5	100200
5726	-612792000	17.8	100200
5726	-610113600	14.2	100200
5726	-607521600	9.3	100200
5726	-604843200	5.1	100200
5726	-602251200	0.7	100200
5726	-599572800	1.5	100200
5726	-596894400	1.3	100200
5726	-594475200	1.4	100200
5726	-591796800	5.8	100200
5726	-589204800	10.3	100200
5726	-586526400	13.9	100200
5726	-583934400	15.1	100200
5726	-581256000	16.6	100200
5726	-578577600	15	100200
5726	-575985600	9.6	100200
5726	-573307200	7.6	100200
5726	-570715200	6.1	100200
5726	-568036800	2	100200
5726	-565358400	2.3	100200
5726	-562852800	1.2	100200
5726	-560174400	8.1	100200
5726	-557582400	11	100200
5726	-554904000	12.6	100200
5726	-552312000	15.6	100200
5726	-549633600	16.4	100200
5726	-546955200	11.9	100200
5726	-544363200	7.9	100200
5726	-541684800	3.1	100200
5726	-539092800	1.7	100200
5726	-536414400	1.6	100200
5726	-533736000	-0.3	100200
5726	-531316800	3.5	100200
5726	-528638400	7.3	100200
5726	-526046400	11.4	100200
5726	-523368000	16.6	100200
5726	-520776000	16.7	100200
5726	-518097600	16.2	100200
5726	-515419200	13.9	100200
5726	-512827200	11.4	100200
5726	-510148800	8.6	100200
5726	-507556800	4.3	100200
5726	-504878400	0.7	100200
5726	-502200000	-3.1	100200
5726	-499780800	1.9	100200
5726	-497102400	5.4	100200
5726	-494510400	12	100200
5726	-491832000	14.5	100200
5726	-489240000	14.6	100200
5726	-486561600	15.3	100200
5726	-483883200	13.6	100200
5726	-481291200	10.7	100200
5726	-478612800	5.4	100200
5726	-476020800	4.8	100200
5726	-473342400	-0.1	100200
5726	-470664000	-1.9	100200
5726	-468244800	0.1	100200
5726	-465566400	5.1	100200
5726	-462974400	8.3	100200
5726	-460296000	12.6	100200
5726	-457704000	17.8	100200
5726	-455025600	18.4	100200
5726	-452347200	15.4	100200
5726	-449755200	10.2	100200
5726	-447076800	6.4	100200
5726	-444484800	3.5	100200
5726	-441806400	1.4	100200
5726	-439128000	-5.8	100200
5726	-436622400	1.4	100200
5726	-433944000	4.6	100200
5726	-431352000	10.5	100200
5726	-428673600	12.8	100200
5726	-426081600	16.4	100200
5726	-423403200	13.9	100200
5726	-420724800	14	100200
5726	-418132800	9.8	100200
5726	-415454400	5.1	100200
5726	-412862400	4.1	100200
5726	-410184000	2.7	100200
5726	-407505600	3.3	100200
5726	-405086400	4.4	100200
5726	-402408000	7.1	100200
5726	-399816000	9.6	100200
5726	-397137600	14.5	100200
5726	-394545600	16.7	100200
5726	-391867200	15.9	100200
5726	-389188800	12.5	100200
5726	-386596800	10.8	100200
5726	-383918400	5.9	100200
5726	-381326400	2.8	100200
5726	-378648000	0.8	100200
5726	-375969600	0.6	100200
5726	-373550400	-0.3	100200
5726	-370872000	3.8	100200
5726	-368280000	9.7	100200
5726	-365601600	13.7	100200
5726	-363009600	16	100200
5726	-360331200	16.1	100200
5726	-357652800	15.4	100200
5726	-355060800	11.6	100200
5726	-352382400	6.3	100200
5726	-349790400	3.6	100200
5726	-347112000	1.6	100200
5726	-344433600	0.7	100200
5726	-342014400	4.3	100200
5726	-339336000	8.1	100200
5726	-336744000	11.3	100200
5726	-334065600	14.5	100200
5726	-331473600	17.6	100200
5726	-328795200	18	100200
5726	-326116800	15	100200
5726	-323524800	10.8	100200
5726	-320846400	5.4	100200
5726	-318254400	3.2	100200
5726	-315576000	0.8	100200
5726	-312897600	0.3	100200
5726	-310392000	2.7	100200
5726	-307713600	6.1	100200
5726	-305121600	10.9	100200
5726	-302443200	14.5	100200
5726	-299851200	14.9	100200
5726	-297172800	16.1	100200
5726	-294494400	14	100200
5726	-291902400	9	100200
5726	-289224000	6.5	100200
5726	-286632000	3.2	100200
5726	-283953600	0.8	100200
5726	-281275200	3.8	100200
5726	-278856000	5.4	100200
5726	-276177600	8.5	100200
5726	-273585600	10.4	100200
5726	-270907200	15	100200
5726	-268315200	14.8	100200
5726	-265636800	15.2	100200
5726	-262958400	15.6	100200
5726	-260366400	12.1	100200
5726	-257688000	5.8	100200
5726	-255096000	1.1	100200
5726	-252417600	3.1	100200
5726	-249739200	2.3	100200
5726	-247320000	0.7	100200
5726	-244641600	6.3	100200
5726	-242049600	8.8	100200
5726	-239371200	12.8	100200
5726	-236779200	13.9	100200
5726	-234100800	14.6	100200
5726	-231422400	13.1	100200
5726	-228830400	11.2	100200
5726	-226152000	4.9	100200
5726	-223560000	0.5	100200
5726	-220881600	-4.6	100200
5726	-218203200	-3.9	100200
5726	-215784000	0.1	100200
5726	-213105600	5.6	100200
5726	-210513600	10.4	100200
5726	-207835200	14.8	100200
5726	-205243200	16.1	100200
5726	-202564800	16	100200
5726	-199886400	13.7	100200
5726	-197294400	10.1	100200
5726	-194616000	7.7	100200
5726	-192024000	0.7	100200
5726	-189345600	1.7	100200
5726	-186667200	1.2	100200
5726	-184161600	-0.1	100200
5726	-181483200	6.8	100200
5726	-178891200	11.4	100200
5726	-176212800	14.2	100200
5726	-173620800	15	100200
5726	-170942400	15.4	100200
5726	-168264000	13.8	100200
5726	-165672000	8.7	100200
5726	-162993600	6.9	100200
5726	-160401600	2.9	100200
5726	-157723200	2.6	100200
5726	-155044800	1.3	100200
5726	-152625600	1.8	100200
5726	-149947200	5.8	100200
5726	-147355200	9.3	100200
5726	-144676800	13.7	100200
5726	-142084800	13.9	100200
5726	-139406400	15.2	100200
5726	-136728000	14.1	100200
5726	-134136000	10.9	100200
5726	-131457600	2.6	100200
5726	-128865600	2.3	100200
5726	-126187200	-1.4	100200
5726	-123508800	-0.4	100200
5726	-121089600	3	100200
5726	-118411200	3.6	100200
5726	-115819200	11.3	100200
5726	-113140800	15.8	100200
5726	-110548800	15.4	100200
5726	-107870400	15.2	100200
5726	-105192000	14	100200
5726	-102600000	10.6	100200
5726	-99921600	4.6	100200
5726	-97329600	3.3	100200
5726	-94651200	1.8	100200
5726	-91972800	3.2	100200
5726	-89553600	5.4	100200
5726	-86875200	5.9	100200
5726	-84283200	11.1	100200
5726	-81604800	13.5	100200
5726	-79012800	16.9	100200
5726	-76334400	16.4	100200
5726	-73656000	14.6	100200
5726	-71064000	11.9	100200
5726	-68385600	6.6	100200
5726	-65793600	3.5	100200
5726	-63115200	0.7	100200
5726	-60436800	0.4	100200
5726	-57931200	3.9	100200
5726	-55252800	7.4	100200
5726	-52660800	9.7	100200
5726	-49982400	15.5	100200
5726	-47390400	15.5	100200
5726	-44712000	17.5	100200
5726	-42033600	14.7	100200
5726	-39441600	11.2	100200
5726	-36763200	5.6	100200
5726	-34171200	0	100200
5726	-31492800	0.9	100200
5726	-28814400	-1.5	100200
5726	-26395200	-0.1	100200
5726	-23716800	5.1	100200
5726	-21124800	9.4	100200
5726	-18446400	14.8	100200
5726	-15854400	16.8	100200
5726	-13176000	18.1	100200
5726	-10497600	15.1	100200
5726	-7905600	11.3	100200
5726	-5227200	6.1	100200
5726	-2635200	-2.1	100200
5726	43200	-2.4	100200
5726	2721600	-1.9	100200
5726	5140800	0.8	100200
5726	7819200	3.6	100200
5726	10411200	10.7	100200
5726	13089600	16.5	100200
5726	15681600	15.2	100200
5726	18360000	16.5	100200
5726	21038400	13.4	100200
5726	23630400	10.4	100200
5726	26308800	6.5	100200
5726	28900800	3.8	100200
5726	31579200	0.6	100200
5726	34257600	2.8	100200
5726	36676800	1.5	100200
5726	39355200	5.7	100200
5726	41947200	11.4	100200
5726	44625600	13.3	100200
5726	47217600	16	100200
5726	49896000	16.7	100200
5726	52574400	13.8	100200
5726	55166400	10.9	100200
5726	57844800	5.8	100200
5726	60436800	5.9	100200
5726	63115200	-1.9	100200
5726	65793600	0.4	100200
5726	68299200	3.2	100200
5726	70977600	6.5	100200
5726	73569600	11.3	100200
5726	76248000	13.5	100200
5726	78840000	17.2	100200
5726	81518400	16.3	100200
5726	84196800	12.3	100200
5726	86788800	9.2	100200
5726	89467200	6.7	100200
5726	92059200	3.9	100200
5726	94737600	2.7	100200
5726	97416000	3.1	100200
5726	99835200	4.8	100200
5726	102513600	5.4	100200
5726	105105600	10.6	100200
5726	107784000	14.6	100200
5726	110376000	17.3	100200
5726	113054400	16.4	100200
5726	115732800	13.9	100200
5726	118324800	8.5	100200
5726	121003200	5.2	100200
5726	123595200	2.5	100200
5726	126273600	3.5	100200
5726	128952000	4	100200
5726	131371200	4.1	100200
5726	134049600	8	100200
5726	136641600	10.5	100200
5726	139320000	14	100200
5726	141912000	14.4	100200
5726	144590400	16.1	100200
5726	147268800	13.7	100200
5726	149860800	7.8	100200
5726	152539200	6.4	100200
5726	155131200	6	100200
5726	157809600	5.7	100200
5726	160488000	1.9	100200
5726	162907200	3.2	100200
5726	165585600	5.5	100200
5726	168177600	10.7	100200
5726	170856000	14.7	100200
5726	173448000	16.2	100200
5726	176126400	19.7	100200
5726	178804800	15.4	100200
5726	181396800	9.2	100200
5726	184075200	5.7	100200
5726	186667200	5.1	100200
5726	189345600	1.9	100200
5726	192024000	0.3	100200
5726	194529600	0.8	100200
5726	197208000	5.8	100200
5726	199800000	10.9	100200
5726	202478400	14.5	100200
5726	205070400	18.1	100200
5726	207748800	17.1	100200
5726	210427200	13.3	100200
5726	213019200	9.9	100200
5726	215697600	6.5	100200
5726	218289600	1	100200
5726	220968000	0.4	100200
5726	223646400	1.2	100200
5726	226065600	4.7	100200
5726	228744000	5.1	100200
5726	231336000	10.9	100200
5726	234014400	14.3	100200
5726	236606400	15.6	100200
5726	239284800	15.9	100200
5726	241963200	12.9	100200
5726	244555200	11	100200
5726	247233600	7	100200
5726	249825600	3.6	100200
5726	252504000	2.1	100200
5726	255182400	-1.2	100200
5726	257601600	3.4	100200
5726	260280000	4.8	100200
5726	262872000	11.5	100200
5726	265550400	14.7	100200
5726	268142400	14.2	100200
5726	270820800	15.5	100200
5726	273499200	12.7	100200
5726	276091200	10.9	100200
5726	278769600	8.3	100200
5726	281361600	0.3	100200
5726	284040000	-3	100200
5726	286718400	-2.4	100200
5726	289137600	1.4	100200
5726	291816000	4.8	100200
5726	294408000	10.1	100200
5726	297086400	13.6	100200
5726	299678400	13.8	100200
5726	302356800	15.5	100200
5726	305035200	13.9	100200
5726	307627200	8.8	100200
5726	310305600	5.9	100200
5726	312897600	3.6	100200
5726	315576000	-1	100200
5726	318254400	0.4	100200
5726	320760000	1.4	100200
5726	323438400	6.1	100200
5726	326030400	10.4	100200
5726	328708800	14.8	100200
5726	331300800	15.5	100200
5726	333979200	15.9	100200
5726	336657600	14.7	100200
5726	339249600	9.1	100200
5726	341928000	4.9	100200
5726	344520000	3.6	100200
5726	347198400	1.3	100200
5726	349876800	0.9	100200
5726	352296000	3.6	100200
5726	354974400	6.1	100200
5726	357566400	12.5	100200
5726	360244800	13.2	100200
5726	362836800	15.3	100200
5726	365515200	15.9	100200
5726	368193600	14.9	100200
5726	370785600	9.3	100200
5726	373464000	6.4	100200
5726	376056000	-1.9	100200
5726	378734400	-1.7	100200
5726	381412800	-0.2	100200
5726	383832000	3.6	100200
5726	386510400	5.9	100200
5726	389102400	10.6	100200
5726	391780800	15	100200
5726	394372800	17.3	100200
5726	397051200	17.4	100200
5726	399729600	14.6	100200
5726	402321600	11	100200
5726	4.05e+08	7.6	100200
5726	407592000	4.3	100200
5726	410270400	5.4	100200
5726	412948800	0.8	100200
5726	415368000	3.9	100200
5726	418046400	6.9	100200
5726	420638400	10.7	100200
5726	423316800	14.1	100200
5726	425908800	17.4	100200
5726	428587200	16.9	100200
5726	431265600	13.9	100200
5726	433857600	11.1	100200
5726	436536000	6.1	100200
5726	439128000	3	100200
5726	441806400	2.1	100200
5726	444484800	0.8	100200
5726	446990400	1.5	100200
5726	449668800	6.5	100200
5726	452260800	10.9	100200
5726	454939200	12.8	100200
5726	457531200	14.5	100200
5726	460209600	17.2	100200
5726	462888000	13	100200
5726	465480000	11.9	100200
5726	468158400	6.3	100200
5726	470750400	3.4	100200
5726	473428800	-3.8	100200
5726	476107200	-2.5	100200
5726	478526400	1.4	100200
5726	481204800	5.4	100200
5726	483796800	12	100200
5726	486475200	13.1	100200
5726	489067200	16	100200
5726	491745600	16	100200
5726	494424000	13.3	100200
5726	497016000	11.1	100200
5726	499694400	3.3	100200
5726	502286400	4	100200
5726	504964800	0.4	100200
5726	507643200	-3.9	100200
5726	510062400	1.4	100200
5726	512740800	4.9	100200
5726	515332800	11.1	100200
5726	518011200	14.1	100200
5726	520603200	15.4	100200
5726	523281600	15.2	100200
5726	525960000	12.1	100200
5726	528552000	10.6	100200
5726	531230400	8.2	100200
5726	533822400	4.1	100200
5726	536500800	-3.4	100200
5726	539179200	0	100200
5726	541598400	-0.4	100200
5726	544276800	6.8	100200
5726	546868800	8.9	100200
5726	549547200	11.5	100200
5726	552139200	15.2	100200
5726	554817600	14.8	100200
5726	557496000	13.7	100200
5726	560088000	9.9	100200
5726	562766400	6.9	100200
5726	565358400	3.7	100200
5726	568036800	4.5	100200
5726	570715200	3.6	100200
5726	573220800	3.1	100200
5726	575899200	6	100200
5726	578491200	12.3	100200
5726	581169600	14.5	100200
5726	583761600	16.2	100200
5726	586440000	15.8	100200
5726	589118400	14.1	100200
5726	591710400	9.8	100200
5726	594388800	5.7	100200
5726	596980800	5.3	100200
5726	599659200	5.5	100200
5726	602337600	5.2	100200
5726	604756800	6.2	100200
5726	607435200	6.2	100200
5726	610027200	11.5	100200
5726	612705600	15.3	100200
5726	615297600	16.6	100200
5726	617976000	15.6	100200
5726	620654400	15	100200
5726	623246400	11.8	100200
5726	625924800	6	100200
5726	628516800	3.8	100200
5726	631195200	4.9	100200
5726	633873600	6.1	100200
5726	636292800	7	100200
5726	638971200	8.2	100200
5726	641563200	12.8	100200
5726	644241600	14.2	100200
5726	646833600	15.6	100200
5726	649512000	17.1	100200
5726	652190400	13.2	100200
5726	654782400	11.1	100200
5726	657460800	5.4	100200
5726	660052800	3.7	100200
5726	662731200	3.1	100200
5726	665409600	-0.4	100200
5726	667828800	4.9	100200
5726	670507200	7.2	100200
5726	673099200	8.9	100200
5726	675777600	11.9	100200
5726	678369600	18	100200
5726	681048000	17.3	100200
5726	683726400	14.7	100200
5726	686318400	9.9	100200
5726	688996800	5.6	100200
5726	691588800	4.5	100200
5726	694267200	3.8	100200
5726	696945600	4.2	100200
5726	699451200	4.9	100200
5726	702129600	6.9	100200
5726	704721600	13.3	100200
5726	707400000	17.3	100200
5726	709992000	17.3	100200
5726	712670400	16.7	100200
5726	715348800	14.1	100200
5726	717940800	8	100200
5726	720619200	6.6	100200
5726	723211200	3.8	100200
5726	725889600	3	100200
5726	728568000	2.2	100200
5726	730987200	3.6	100200
5726	733665600	8.2	100200
5726	736257600	12.8	100200
5726	738936000	13.7	100200
5726	741528000	14.6	100200
5726	744206400	14.9	100200
5726	746884800	12.1	100200
5726	749476800	8.4	100200
5726	752155200	2.5	100200
5726	754747200	3.2	100200
5726	757425600	3.7	100200
5726	760104000	-0.4	100200
5726	762523200	3.9	100200
5726	765201600	7.5	100200
5726	767793600	11.3	100200
5726	770472000	13.3	100200
5726	773064000	20.2	100200
5726	775742400	17.3	100200
5726	778420800	13.7	100200
5726	781012800	9.1	100200
5726	783691200	7.7	100200
5726	786283200	5.5	100200
5726	788961600	1.9	100200
5726	791640000	4.6	100200
5726	794059200	3.6	100200
5726	796737600	7.1	100200
5726	799329600	10.4	100200
5726	802008000	13.9	100200
5726	804600000	17.8	100200
5726	807278400	18.3	100200
5726	809956800	14.4	100200
5726	812548800	12.7	100200
5726	815227200	5.2	100200
5726	817819200	-1.2	100200
5726	820497600	-2	100200
5726	823176000	-2.8	100200
5726	825681600	0.1	100200
5726	828360000	6.6	100200
5726	830952000	8.3	100200
5726	833630400	12.8	100200
5726	836222400	14.7	100200
5726	838900800	18.1	100200
5726	841579200	12.8	100200
5726	844171200	11.1	100200
5726	846849600	5.8	100200
5726	849441600	0.7	100200
5726	852120000	-0.8	100200
5726	854798400	3.3	100200
5726	857217600	4	100200
5726	859896000	6	100200
5726	862488000	10.3	100200
5726	865166400	15.1	100200
5726	867758400	17.9	100200
5726	870436800	21.1	100200
5726	873115200	14.5	100200
5726	875707200	9.5	100200
5726	878385600	4.6	100200
5726	880977600	2.9	100200
5726	883656000	3.4	100200
5726	886334400	5	100200
5726	888753600	4.9	100200
5726	891432000	7.3	100200
5726	894024000	12.4	100200
5726	896702400	14.6	100200
5726	899294400	15	100200
5726	901972800	15.5	100200
5726	904651200	13.9	100200
5726	907243200	9.6	100200
5726	909921600	2.8	100200
5726	912513600	2.1	100200
5726	915192000	3.2	100200
5726	917870400	2.4	100200
5726	920289600	4.5	100200
5726	922968000	8.1	100200
5726	925560000	11.2	100200
5726	928238400	13.8	100200
5726	930830400	17.9	100200
5726	933508800	17.2	100200
5726	936187200	17.5	100200
5726	938779200	10.6	100200
5726	941457600	6.6	100200
5726	944049600	3.8	100200
5726	946728000	4.1	100200
5726	949406400	4.4	100200
5726	951912000	4.7	100200
5726	954590400	8.4	100200
5726	957182400	13.4	100200
5726	959860800	13.8	100200
5726	962452800	14.8	100200
5726	965131200	16.2	100200
5726	967809600	14.2	100200
5726	970401600	11.7	100200
5726	973080000	7.7	100200
5726	975672000	4.6	100200
5726	978350400	2	100200
5726	981028800	1.5	100200
5726	983448000	1.7	100200
5726	986126400	6.1	100200
5726	988718400	11.6	100200
5726	991396800	12.8	100200
5726	993988800	17.8	100200
5726	996667200	17.8	100200
5726	999345600	13.3	100200
5726	1001937600	13.3	100200
5726	1004616000	7.3	100200
5726	1007208000	2.3	100200
5726	1009886400	3.6	100200
5726	1012564800	5.2	100200
5726	1014984000	5.1	100200
5726	1017662400	7.7	100200
5727	-483883200	12.7	100350
5727	-481291200	10	100350
5727	-478612800	4.5	100350
5727	-476020800	3.8	100350
5727	-473342400	-1.2	100350
5727	-470664000	-2.1	100350
5727	-468244800	-0.4	100350
5727	-465566400	5.8	100350
5727	-462974400	8.7	100350
5727	-460296000	12.7	100350
5727	-457704000	17.6	100350
5727	-455025600	17.7	100350
5727	-452347200	13.9	100350
5727	-449755200	8.6	100350
5727	-447076800	5.1	100350
5727	-444484800	2.3	100350
5727	-441806400	0.6	100350
5727	-439128000	-7	100350
5727	-436622400	1.4	100350
5727	-433944000	4.2	100350
5727	-431352000	11.4	100350
5727	-428673600	12.7	100350
5727	-426081600	16.3	100350
5727	-423403200	12.9	100350
5727	-420724800	13.3	100350
5727	-418132800	8.5	100350
5727	-415454400	3.8	100350
5727	-412862400	3.3	100350
5727	-410184000	2.2	100350
5727	-407505600	3.4	100350
5727	-405086400	4.7	100350
5727	-402408000	6.3	100350
5727	-399816000	9.2	100350
5727	-397137600	14.7	100350
5727	-394545600	16.6	100350
5727	-391867200	15	100350
5727	-389188800	11.1	100350
5727	-386596800	9.7	100350
5727	-383918400	5.1	100350
5727	-381326400	1.5	100350
5727	-378648000	-0.2	100350
5727	-375969600	0.5	100350
5727	-373550400	-0.6	100350
5727	-370872000	4.3	100350
5727	-368280000	10.6	100350
5727	-365601600	13.7	100350
5727	-363009600	15.6	100350
5727	-360331200	15.6	100350
5727	-357652800	14.3	100350
5727	-355060800	10	100350
5727	-352382400	4.8	100350
5727	-349790400	3	100350
5727	-347112000	0.1	100350
5727	-344433600	0.2	100350
5727	-342014400	5	100350
5727	-339336000	8.5	100350
5727	-336744000	11.3	100350
5727	-334065600	14.6	100350
5727	-331473600	18	100350
5727	-328795200	17.1	100350
5727	-326116800	13.5	100350
5727	-323524800	9.6	100350
5727	-320846400	4.4	100350
5727	-318254400	2.8	100350
5727	-315576000	0.8	100350
5727	-312897600	0.1	100350
5727	-310392000	2.6	100350
5727	-307713600	6.1	100350
5727	-305121600	11.2	100350
5727	-302443200	14.8	100350
5727	-299851200	14.8	100350
5727	-297172800	15.1	100350
5727	-294494400	12.9	100350
5727	-291902400	8.6	100350
5727	-289224000	5.9	100350
5727	-286632000	2	100350
5727	-283953600	-0.1	100350
5727	-281275200	4	100350
5727	-278856000	5.3	100350
5727	-276177600	8.6	100350
5727	-273585600	10.1	100350
5727	-270907200	15.2	100350
5727	-268315200	14.6	100350
5727	-265636800	14.7	100350
5727	-262958400	15.1	100350
5727	-260366400	10.9	100350
5727	-257688000	4.3	100350
5727	-255096000	-0.4	100350
5727	-252417600	2.4	100350
5727	-249739200	1.4	100350
5727	-247320000	0.2	100350
5727	-244641600	6.1	100350
5727	-242049600	9.1	100350
5727	-239371200	13	100350
5727	-236779200	13.5	100350
5727	-234100800	13.9	100350
5727	-231422400	12	100350
5727	-228830400	10	100350
5727	-226152000	3.9	100350
5727	-223560000	-1.4	100350
5727	-220881600	-5.4	100350
5727	-218203200	-4.8	100350
5727	-215784000	1.1	100350
5727	-213105600	6	100350
5727	-210513600	11	100350
5727	-207835200	14.8	100350
5727	-205243200	16.2	100350
5727	-202564800	15.4	100350
5727	-199886400	12.7	100350
5727	-197294400	8.8	100350
5727	-194616000	7.2	100350
5727	-192024000	-1.1	100350
5727	-189345600	0.3	100350
5727	-186667200	0.8	100350
5727	-184161600	-0.3	100350
5727	-181483200	7.8	100350
5727	-178891200	11.8	100350
5727	-176212800	14.6	100350
5727	-173620800	15.2	100350
5727	-170942400	15.1	100350
5727	-168264000	13.1	100350
5727	-165672000	7.3	100350
5727	-162993600	5.3	100350
5727	-160401600	1.2	100350
5727	-157723200	1.8	100350
5727	-155044800	0.2	100350
5727	-152625600	2	100350
5727	-149947200	6.1	100350
5727	-147355200	9.7	100350
5727	-144676800	14	100350
5727	-142084800	13.6	100350
5727	-139406400	14.2	100350
5727	-136728000	13.1	100350
5727	-134136000	9.2	100350
5727	-131457600	1.6	100350
5727	-128865600	1.6	100350
5727	-126187200	-1.4	100350
5727	-123508800	0.6	100350
5727	-121089600	3	100350
5727	-118411200	4.4	100350
5727	-115819200	12.1	100350
5727	-113140800	15.6	100350
5727	-110548800	15.2	100350
5727	-107870400	14.8	100350
5727	-105192000	12.8	100350
5727	-102600000	10.2	100350
5727	-99921600	3.5	100350
5727	-97329600	2.1	100350
5727	-94651200	1.1	100350
5727	-91972800	3.1	100350
5727	-89553600	5.3	100350
5727	-86875200	5.7	100350
5727	-84283200	11.5	100350
5727	-81604800	13.8	100350
5727	-79012800	16.8	100350
5727	-76334400	15.7	100350
5727	-73656000	13.7	100350
5727	-71064000	10.6	100350
5727	-68385600	5.1	100350
5727	-65793600	1.7	100350
5727	-63115200	-0.5	100350
5727	-60436800	0.2	100350
5727	-57931200	4.5	100350
5727	-55252800	8	100350
5727	-52660800	9.5	100350
5727	-49982400	15.5	100350
5727	-47390400	15.2	100350
5727	-44712000	16.6	100350
5727	-42033600	14	100350
5727	-39441600	10.1	100350
5727	-36763200	5.5	100350
5727	-34171200	-1.1	100350
5727	-31492800	0.9	100350
5727	-28814400	-1.7	100350
5727	-26395200	-0.4	100350
5727	-23716800	5.5	100350
5727	-21124800	10.1	100350
5727	-18446400	15	100350
5727	-15854400	17	100350
5727	-13176000	17	100350
5727	-10497600	14	100350
5727	-7905600	10.7	100350
5727	-5227200	4.9	100350
5727	-2635200	-3.4	100350
5727	43200	-2.9	100350
5727	2721600	-2.3	100350
5727	5140800	0.9	100350
5727	7819200	3.7	100350
5727	10411200	10.4	100350
5727	13089600	16.7	100350
5727	15681600	15.1	100350
5727	18360000	16	100350
5727	21038400	12.5	100350
5727	23630400	9	100350
5727	26308800	5.5	100350
5727	28900800	2.3	100350
5727	31579200	0.3	100350
5727	34257600	2.6	100350
5727	36676800	1.3	100350
5727	39355200	5.8	100350
5727	41947200	12.1	100350
5727	44625600	13.6	100350
5727	47217600	16.7	100350
5727	49896000	16.3	100350
5727	52574400	12.5	100350
5727	55166400	9.5	100350
5727	57844800	4.7	100350
5727	60436800	5.3	100350
5727	63115200	-2.5	100350
5727	65793600	0.7	100350
5727	68299200	3.8	100350
5727	70977600	6.6	100350
5727	73569600	10.9	100350
5727	76248000	13.8	100350
5727	78840000	17.3	100350
5727	81518400	15.4	100350
5727	84196800	10.9	100350
5727	86788800	7.7	100350
5727	89467200	5.2	100350
5727	92059200	3	100350
5727	94737600	2	100350
5727	97416000	2.4	100350
5727	99835200	4.9	100350
5727	102513600	4.7	100350
5727	105105600	11	100350
5727	107784000	15.5	100350
5727	110376000	17.1	100350
5727	113054400	15.9	100350
5727	115732800	13.3	100350
5727	118324800	7.4	100350
5727	121003200	3.5	100350
5727	123595200	1.4	100350
5727	126273600	3.6	100350
5727	128952000	3.7	100350
5727	131371200	3.9	100350
5727	134049600	7.7	100350
5727	136641600	10.1	100350
5727	139320000	13.9	100350
5727	141912000	14.2	100350
5727	144590400	15.8	100350
5727	147268800	12.7	100350
5727	149860800	6.6	100350
5727	152539200	5.6	100350
5727	155131200	5.3	100350
5727	157809600	5.4	100350
5727	160488000	1.5	100350
5727	162907200	3.1	100350
5727	165585600	5.7	100350
5727	168177600	10.5	100350
5727	170856000	14.4	100350
5727	173448000	17.2	100350
5727	176126400	19.2	100350
5727	178804800	14.5	100350
5727	181396800	8.1	100350
5727	184075200	4.1	100350
5727	186667200	3.8	100350
5727	189345600	0.9	100350
5727	192024000	0.7	100350
5727	194529600	0.6	100350
5727	197208000	6.1	100350
5727	199800000	11.5	100350
5727	202478400	15.8	100350
5727	205070400	18.5	100350
5727	207748800	17.2	100350
5727	210427200	12.9	100350
5727	213019200	9.7	100350
5727	215697600	5.7	100350
5727	218289600	0	100350
5727	220968000	0.3	100350
5727	223646400	1.6	100350
5727	226065600	5	100350
5727	228744000	5.3	100350
5727	231336000	11.1	100350
5727	234014400	15	100350
5727	236606400	15.9	100350
5727	239284800	15.5	100350
5727	241963200	12	100350
5727	244555200	10.5	100350
5727	247233600	5.6	100350
5727	249825600	3.6	100350
5727	252504000	1.3	100350
5727	255182400	-1	100350
5727	257601600	3.9	100350
5727	260280000	4.4	100350
5727	262872000	11.6	100350
5727	265550400	14.8	100350
5727	268142400	14.4	100350
5727	270820800	15.2	100350
5727	273499200	11.9	100350
5727	276091200	10.1	100350
5727	278769600	6.8	100350
5727	281361600	0.2	100350
5727	284040000	-4.3	100350
5727	286718400	-3.3	100350
5727	289137600	2.1	100350
5727	291816000	5.5	100350
5727	294408000	11.1	100350
5727	297086400	14.4	100350
5727	299678400	13.9	100350
5727	302356800	15	100350
5727	305035200	12.6	100350
5727	307627200	8.7	100350
5727	310305600	4.7	100350
5727	312897600	3.3	100350
5727	315576000	-2.5	100350
5727	318254400	0.3	100350
5727	320760000	1.5	100350
5727	323438400	6.1	100350
5727	326030400	10.2	100350
5727	328708800	14.7	100350
5727	331300800	15.3	100350
5727	333979200	15.6	100350
5727	336657600	13.8	100350
5727	339249600	8.3	100350
5727	341928000	4.6	100350
5727	344520000	2.3	100350
5727	347198400	-0.5	100350
5727	349876800	0.9	100350
5727	352296000	4.6	100350
5727	354974400	6.4	100350
5727	357566400	12.5	100350
5727	360244800	13.8	100350
5727	362836800	15.4	100350
5727	365515200	15.8	100350
5727	368193600	14	100350
5727	370785600	7.9	100350
5727	373464000	4.9	100350
5727	376056000	-3	100350
5727	378734400	-2.5	100350
5727	381412800	0.1	100350
5727	383832000	4.1	100350
5727	386510400	6.5	100350
5727	389102400	11.1	100350
5727	391780800	15.1	100350
5727	394372800	17.8	100350
5727	397051200	16.9	100350
5727	399729600	14.3	100350
5727	402321600	10.3	100350
5727	4.05e+08	6.4	100350
5727	407592000	2.6	100350
5727	410270400	4.8	100350
5727	412948800	-0.1	100350
5727	415368000	3.9	100350
5727	418046400	7.2	100350
5727	420638400	11	100350
5727	423316800	15	100350
5727	425908800	18.1	100350
5727	428587200	17.6	100350
5727	431265600	13.2	100350
5727	433857600	9.6	100350
5727	436536000	5	100350
5727	439128000	1.3	100350
5727	441806400	1.6	100350
5727	444484800	0.4	100350
5727	446990400	1.7	100350
5727	449668800	7	100350
5727	452260800	10.8	100350
5727	454939200	12.9	100350
5727	457531200	14.9	100350
5727	460209600	17	100350
5727	462888000	12.3	100350
5727	465480000	10.9	100350
5727	468158400	5.5	100350
5727	470750400	2.1	100350
5727	473428800	-4.6	100350
5727	476107200	-2.9	100350
5727	478526400	2.2	100350
5727	481204800	6.3	100350
5727	483796800	11.8	100350
5727	486475200	13.4	100350
5727	489067200	16.1	100350
5727	491745600	15.5	100350
5727	494424000	12.3	100350
5727	497016000	9.8	100350
5727	499694400	1.9	100350
5727	502286400	3.8	100350
5727	504964800	-0.6	100350
5727	507643200	-4.5	100350
5727	510062400	1.9	100350
5727	512740800	5.1	100350
5727	515332800	12	100350
5727	518011200	15.2	100350
5727	520603200	16	100350
5727	523281600	14.6	100350
5727	525960000	10.7	100350
5727	528552000	9.8	100350
5727	531230400	7.1	100350
5727	533822400	2.7	100350
5727	536500800	-3.9	100350
5727	539179200	-0.1	100350
5727	541598400	-0.6	100350
5727	544276800	7.6	100350
5727	546868800	9.3	100350
5727	549547200	12.2	100350
5727	552139200	15.2	100350
5727	554817600	14.7	100350
5727	557496000	12.6	100350
5727	560088000	9.5	100350
5727	562766400	6	100350
5727	565358400	2.5	100350
5727	568036800	4.1	100350
5727	570715200	2.8	100350
5727	573220800	2.6	100350
5727	575899200	6.8	100350
5727	578491200	12.1	100350
5727	581169600	15.1	100350
5727	583761600	16.2	100350
5727	586440000	15.3	100350
5727	589118400	13.2	100350
5727	591710400	9	100350
5727	594388800	4.4	100350
5727	596980800	4.3	100350
5727	599659200	4.2	100350
5727	602337600	4.3	100350
5727	604756800	6.6	100350
5727	607435200	6.2	100350
5727	610027200	12.3	100350
5727	612705600	15.4	100350
5727	615297600	16.7	100350
5727	617976000	15.5	100350
5727	620654400	14.3	100350
5727	623246400	10.6	100350
5727	625924800	4.1	100350
5727	628516800	2.8	100350
5727	631195200	4.2	100350
5727	633873600	6.1	100350
5727	636292800	6.6	100350
5727	638971200	7.7	100350
5727	641563200	12.9	100350
5727	644241600	14.6	100350
5727	646833600	15.6	100350
5727	649512000	17.1	100350
5727	652190400	12.2	100350
5727	654782400	10.7	100350
5727	657460800	4.7	100350
5727	660052800	2.6	100350
5727	662731200	2.4	100350
5727	665409600	-1	100350
5727	667828800	5.5	100350
5727	670507200	7	100350
5727	673099200	9.3	100350
5727	675777600	12.1	100350
5727	678369600	17.6	100350
5727	681048000	16.8	100350
5727	683726400	13.4	100350
5727	686318400	8.8	100350
5727	688996800	4.7	100350
5727	691588800	2.7	100350
5727	694267200	2.8	100350
5727	696945600	4	100350
5727	699451200	5	100350
5727	702129600	7	100350
5727	704721600	13.1	100350
5727	707400000	17.4	100350
5727	709992000	17.6	100350
5727	712670400	16.3	100350
5727	715348800	13.1	100350
5727	717940800	6.4	100350
5727	720619200	5.2	100350
5727	723211200	2.7	100350
5727	725889600	2.3	100350
5727	728568000	1	100350
5727	730987200	3.4	100350
5727	733665600	8	100350
5727	736257600	12.6	100350
5727	738936000	14.1	100350
5727	741528000	14.8	100350
5727	744206400	14.1	100350
5727	746884800	11.5	100350
5727	749476800	7.4	100350
5727	752155200	1.6	100350
5727	754747200	2.7	100350
5727	757425600	3.2	100350
5727	760104000	-1.2	100350
5727	762523200	4.1	100350
5727	765201600	7.7	100350
5727	767793600	11.3	100350
5727	770472000	13.6	100350
5727	773064000	20.2	100350
5727	775742400	16.7	100350
5727	778420800	12.6	100350
5727	781012800	7.6	100350
5727	783691200	6.9	100350
5727	786283200	3.7	100350
5727	788961600	0.7	100350
5727	791640000	4.1	100350
5727	794059200	2.9	100350
5727	796737600	6.8	100350
5727	799329600	10.5	100350
5727	802008000	13.8	100350
5727	804600000	18	100350
5727	807278400	18.3	100350
5727	809956800	13.1	100350
5727	812548800	11.6	100350
5727	815227200	3.7	100350
5727	817819200	-2.1	100350
5727	820497600	-2.2	100350
5727	823176000	-3	100350
5727	825681600	-0.2	100350
5727	828360000	7.5	100350
5727	830952000	9.1	100350
5727	833630400	13.8	100350
5727	836222400	15	100350
5727	838900800	17.7	100350
5727	841579200	11.9	100350
5727	844171200	9.4	100350
5727	846849600	4.2	100350
5727	849441600	-0.6	100350
5727	852120000	-1.6	100350
5727	854798400	3.7	100350
5727	857217600	4.3	100350
5727	859896000	5.7	100350
5727	862488000	10.3	100350
5727	865166400	15.2	100350
5727	867758400	17.5	100350
5727	870436800	20.5	100350
5727	873115200	13.2	100350
5727	875707200	7.8	100350
5727	878385600	4.2	100350
5727	880977600	2.7	100350
5727	883656000	3.3	100350
5727	886334400	5	100350
5727	888753600	4.9	100350
5727	891432000	7.6	100350
5727	894024000	12.6	100350
5727	896702400	15	100350
5727	899294400	14.9	100350
5727	901972800	15.1	100350
5727	904651200	13.5	100350
5727	907243200	8.7	100350
5727	909921600	1.8	100350
5727	912513600	1.1	100350
5727	915192000	2.9	100350
5727	917870400	1	100350
5727	920289600	4.8	100350
5727	922968000	8	100350
5727	925560000	11.8	100350
5727	928238400	14.2	100350
5727	930830400	18	100350
5727	933508800	16.5	100350
5727	936187200	16.7	100350
5727	938779200	9.4	100350
5727	941457600	5.2	100350
5727	944049600	2.4	100350
5727	946728000	3.1	100350
5727	949406400	4.1	100350
5727	951912000	4.5	100350
5727	954590400	8.7	100350
5727	957182400	13.1	100350
5727	959860800	14.5	100350
5727	962452800	14.7	100350
5727	965131200	15.8	100350
5727	967809600	13.6	100350
5727	970401600	10.9	100350
5727	973080000	6.9	100350
5727	975672000	4	100350
5727	978350400	1.4	100350
5727	981028800	1.4	100350
5727	983448000	2.1	100350
5727	986126400	6.4	100350
5727	988718400	12.3	100350
5727	991396800	13.2	100350
5727	993988800	17.7	100350
5727	996667200	17.4	100350
5727	999345600	12.3	100350
5727	1001937600	12.6	100350
5728	-515419200	14.3	100370
5728	-512827200	11.8	100370
5728	-510148800	7.8	100370
5728	-507556800	4	100370
5728	-504878400	0.2	100370
5728	-502200000	-3.1	100370
5728	-499780800	3.5	100370
5728	-497102400	6.3	100370
5728	-494510400	13.7	100370
5728	-491832000	17	100370
5728	-489240000	16.5	100370
5728	-486561600	17	100370
5728	-483883200	14.3	100370
5728	-481291200	11.1	100370
5728	-478612800	5.2	100370
5728	-476020800	4.3	100370
5728	-473342400	-0.8	100370
5728	-470664000	-1.6	100370
5728	-468244800	0.2	100370
5728	-465566400	6.7	100370
5728	-462974400	10	100370
5728	-460296000	14.5	100370
5728	-457704000	19.7	100370
5728	-455025600	19.7	100370
5728	-452347200	15.5	100370
5728	-449755200	9.7	100370
5728	-447076800	5.8	100370
5728	-444484800	2.8	100370
5728	-441806400	1	100370
5728	-439128000	-6.5	100370
5728	-436622400	2	100370
5728	-433944000	5.1	100370
5728	-431352000	12.7	100370
5728	-428673600	14.5	100370
5728	-426081600	18.4	100370
5728	-423403200	14.9	100370
5728	-420724800	14.9	100370
5728	-418132800	9.6	100370
5728	-415454400	4.5	100370
5728	-412862400	3.8	100370
5728	-410184000	2.7	100370
5728	-407505600	3.9	100370
5728	-405086400	5.3	100370
5728	-402408000	7.2	100370
5728	-399816000	10.5	100370
5728	-397137600	16.5	100370
5728	-394545600	18.7	100370
5728	-391867200	17	100370
5728	-389188800	12.7	100370
5728	-386596800	10.8	100370
5728	-383918400	5.8	100370
5728	-381326400	2	100370
5728	-378648000	0.6	100370
5728	-375969600	0.4	100370
5728	-373550400	0	100370
5728	-370872000	5.2	100370
5728	-368280000	11.9	100370
5728	-365601600	15.5	100370
5728	-363009600	17.7	100370
5728	-360331200	17.6	100370
5728	-357652800	15.9	100370
5728	-355060800	11.1	100370
5728	-352382400	5.5	100370
5728	-349790400	3.5	100370
5728	-347112000	0.6	100370
5728	-344433600	0.7	100370
5728	-342014400	5.6	100370
5728	-339336000	9.4	100370
5728	-336744000	12.6	100370
5728	-334065600	16.4	100370
5728	-331473600	20.1	100370
5728	-328795200	19.1	100370
5728	-326116800	15.1	100370
5728	-323524800	10.7	100370
5728	-320846400	5.1	100370
5728	-318254400	3.3	100370
5728	-315576000	0.9	100370
5728	-312897600	0.2	100370
5728	-310392000	2.8	100370
5728	-307713600	6.7	100370
5728	-305121600	12.2	100370
5728	-302443200	16.2	100370
5728	-299851200	16.3	100370
5728	-297172800	16.5	100370
5728	-294494400	13.9	100370
5728	-291902400	9.3	100370
5728	-289224000	6.4	100370
5728	-286632000	2.3	100370
5728	-283953600	0.1	100370
5728	-281275200	4.1	100370
5728	-278856000	5.6	100370
5728	-276177600	9.2	100370
5728	-273585600	11.1	100370
5728	-270907200	16.6	100370
5728	-268315200	16.1	100370
5728	-265636800	16	100370
5728	-262958400	16.1	100370
5728	-260366400	11.6	100370
5728	-257688000	4.8	100370
5728	-255096000	-0.1	100370
5728	-252417600	2.5	100370
5728	-249739200	1.5	100370
5728	-247320000	0.4	100370
5728	-244641600	6.7	100370
5728	-242049600	10.1	100370
5728	-239371200	14.4	100370
5728	-236779200	15	100370
5728	-234100800	15.2	100370
5728	-231422400	13	100370
5728	-228830400	10.7	100370
5728	-226152000	4.4	100370
5728	-223560000	-1	100370
5728	-220881600	-5.2	100370
5728	-218203200	-4.8	100370
5728	-215784000	1.3	100370
5728	-213105600	6.6	100370
5728	-210513600	12.1	100370
5728	-207835200	16.2	100370
5728	-205243200	17.7	100370
5728	-202564800	17	100370
5728	-199886400	13.7	100370
5728	-197294400	9.5	100370
5728	-194616000	7.7	100370
5728	-192024000	-0.8	100370
5728	-189345600	0.4	100370
5728	-186667200	0.9	100370
5728	-184161600	-0.1	100370
5728	-181483200	8.4	100370
5728	-178891200	12.9	100370
5728	-176212800	16	100370
5728	-173620800	16.7	100370
5728	-170942400	16.5	100370
5728	-168264000	14.1	100370
5728	-165672000	8	100370
5728	-162993600	5.8	100370
5728	-160401600	1.5	100370
5728	-157723200	2	100370
5728	-155044800	0.2	100370
5728	-152625600	2.2	100370
5728	-149947200	6.7	100370
5728	-147355200	10.8	100370
5728	-144676800	15.5	100370
5728	-142084800	15.1	100370
5728	-139406400	15.6	100370
5728	-136728000	14.1	100370
5728	-134136000	9.9	100370
5728	-131457600	2.1	100370
5728	-128865600	2	100370
5728	-126187200	-1.2	100370
5728	-123508800	0.6	100370
5728	-121089600	3.2	100370
5728	-118411200	5	100370
5728	-115819200	13.1	100370
5728	-113140800	17	100370
5728	-110548800	16.7	100370
5728	-107870400	16.1	100370
5728	-105192000	13.8	100370
5728	-102600000	10.9	100370
5728	-99921600	4.1	100370
5728	-97329600	2.5	100370
5728	-94651200	0.8	100370
5728	-91972800	2.9	100370
5728	-89553600	5.2	100370
5728	-86875200	5.7	100370
5728	-84283200	11.5	100370
5728	-81604800	13.9	100370
5728	-79012800	17	100370
5728	-76334400	15.8	100370
5728	-73656000	13.7	100370
5728	-71064000	10.5	100370
5728	-68385600	4.8	100370
5728	-65793600	1.3	100370
5728	-63115200	-0.8	100370
5728	-60436800	0	100370
5728	-57931200	4.4	100370
5728	-55252800	8	100370
5728	-52660800	9.5	100370
5728	-49982400	15.6	100370
5728	-47390400	15.4	100370
5728	-44712000	16.7	100370
5728	-42033600	14	100370
5728	-39441600	10	100370
5728	-36763200	5.2	100370
5728	-34171200	-1.5	100370
5728	-31492800	0.6	100370
5728	-28814400	-1.9	100370
5728	-26395200	-0.5	100370
5728	-23716800	5.6	100370
5728	-21124800	10.1	100370
5728	-18446400	15.1	100370
5728	-15854400	17.2	100370
5728	-13176000	17.1	100370
5728	-10497600	14	100370
5728	-7905600	10.6	100370
5728	-5227200	4.6	100370
5728	-2635200	-3.8	100370
5728	43200	-3.2	100370
5728	2721600	-2.4	100370
5728	5140800	0.8	100370
5728	7819200	3.7	100370
5728	10411200	10.4	100370
5728	13089600	16.8	100370
5728	15681600	15.3	100370
5728	18360000	16.1	100370
5728	21038400	12.5	100370
5728	23630400	8.9	100370
5728	26308800	5.2	100370
5728	28900800	1.9	100370
5728	31579200	0	100370
5728	34257600	2.4	100370
5728	36676800	1.2	100370
5728	39355200	5.8	100370
5728	41947200	12.1	100370
5728	44625600	13.7	100370
5728	47217600	16.9	100370
5728	49896000	16.4	100370
5728	52574400	12.5	100370
5728	55166400	9.4	100370
5728	57844800	4.3	100370
5728	60436800	4.9	100370
5728	63115200	-2.8	100370
5728	65793600	0.5	100370
5728	68299200	3.7	100370
5728	70977600	6.6	100370
5728	73569600	10.9	100370
5728	76248000	13.9	100370
5728	78840000	17.5	100370
5728	81518400	15.5	100370
5728	84196800	10.9	100370
5728	86788800	7.6	100370
5728	89467200	4.9	100370
5728	92059200	2.6	100370
5728	94737600	1.7	100370
5728	97416000	2.2	100370
5728	99835200	4.7	100370
5728	102513600	4.7	100370
5728	105105600	11	100370
5728	107784000	15.6	100370
5728	110376000	17.3	100370
5728	113054400	13.4	100370
5728	115732800	15.9	100370
5728	118324800	7.3	100370
5728	121003200	3.2	100370
5728	123595200	1	100370
5728	126273600	3.3	100370
5728	128952000	3.5	100370
5728	131371200	3.8	100370
5728	134049600	7.7	100370
5728	136641600	10.1	100370
5728	139320000	14	100370
5728	141912000	14.4	100370
5728	144590400	15.9	100370
5728	147268800	12.8	100370
5728	149860800	6.5	100370
5728	152539200	5.3	100370
5728	155131200	4.9	100370
5728	157809600	5.1	100370
5728	160488000	1.3	100370
5728	162907200	3	100370
5728	165585600	5.6	100370
5728	168177600	10.5	100370
5728	170856000	14.5	100370
5728	173448000	17.4	100370
5728	176126400	19.3	100370
5728	178804800	14.5	100370
5728	181396800	8	100370
5728	184075200	3.8	100370
5728	186667200	3.4	100370
5728	189345600	0.6	100370
5728	192024000	0.5	100370
5728	194529600	0.5	100370
5728	197208000	6.1	100370
5728	199800000	11.2	100370
5728	202478400	15.9	100370
5728	205070400	18.7	100370
5728	207748800	17.3	100370
5728	210427200	12.9	100370
5728	213019200	9.6	100370
5728	215697600	5.4	100370
5728	218289600	-0.4	100370
5728	220968000	0	100370
5728	223646400	1.4	100370
5728	226065600	4.9	100370
5728	228744000	5.3	100370
5728	231336000	11.1	100370
5728	234014400	15.1	100370
5728	236606400	16.1	100370
5728	239284800	15.6	100370
5728	241963200	12	100370
5728	244555200	10.4	100370
5728	247233600	5.3	100370
5728	249825600	3.2	100370
5728	252504000	1	100370
5728	255182400	-1.2	100370
5728	257601600	3.8	100370
5728	260280000	4.4	100370
5728	262872000	11.6	100370
5728	265550400	14.9	100370
5728	268142400	14.6	100370
5728	270820800	15.3	100370
5728	273499200	11.9	100370
5728	276091200	10	100370
5728	278769600	6.5	100370
5728	281361600	-0.3	100370
5731	-1420027200	4	101130
5731	-1417348800	4.4	101130
5731	-1414929600	3.5	101130
5731	-1412251200	8.1	101130
5731	-1409659200	13.2	101130
5731	-1406980800	14	101130
5731	-1404388800	18.4	101130
5731	-1401710400	16.8	101130
5731	-1399032000	12.8	101130
5731	-1396440000	10.1	101130
5731	-1393761600	4.1	101130
5731	-1391169600	0.7	101130
5731	-1388491200	1.3	101130
5731	-1385812800	3.8	101130
5731	-1383393600	5.2	101130
5731	-1380715200	8.7	101130
5731	-1378123200	10.1	101130
5731	-1375444800	14	101130
5731	-1372852800	17.3	101130
5731	-1370174400	16.6	101130
5731	-1367496000	15.2	101130
5731	-1364904000	8.8	101130
5731	-1362225600	6.4	101130
5731	-1359633600	3.8	101130
5731	-1356955200	3.6	101130
5731	-1354276800	2.4	101130
5731	-1351857600	6.2	101130
5731	-1349179200	6.9	101130
5731	-1346587200	9.6	101130
5731	-1343908800	12.7	101130
5731	-1341316800	16.6	101130
5731	-1338638400	17.2	101130
5731	-1335960000	14.4	101130
5731	-1333368000	10.8	101130
5731	-1330689600	3.6	101130
5731	-1328097600	-1.4	101130
5731	-1325419200	2	101130
5731	-1322740800	3.7	101130
5731	-1320235200	2.8	101130
5731	-1317556800	7.3	101130
5731	-1314964800	9.9	101130
5731	-1312286400	13.1	101130
5731	-1309694400	16.7	101130
5731	-1307016000	16.3	101130
5731	-1304337600	14.2	101130
5731	-1301745600	10.2	101130
5731	-1299067200	8.4	101130
5731	-1296475200	2.6	101130
5731	-1293796800	-1.2	101130
5731	-1291118400	-6.6	101130
5731	-1288699200	1.9	101130
5731	-1286020800	4	101130
5731	-1283428800	10.6	101130
5731	-1280750400	12.9	101130
5731	-1278158400	16	101130
5731	-1275480000	16.7	101130
5731	-1272801600	16	101130
5731	-1270209600	11	101130
5731	-1267531200	6	101130
5731	-1264939200	4.4	101130
5731	-1262260800	4	101130
5731	-1259582400	1.3	101130
5731	-1257163200	3.3	101130
5731	-1254484800	7.4	101130
5731	-1251892800	10.2	101130
5731	-1249214400	16.7	101130
5731	-1246622400	16.6	101130
5731	-1243944000	16.8	101130
5731	-1241265600	14.3	101130
5731	-1238673600	10.3	101130
5731	-1235995200	7.2	101130
5731	-1233403200	2.1	101130
5731	-1230724800	2.6	101130
5731	-1228046400	0.6	101130
5731	-1225627200	1.7	101130
5731	-1222948800	5.9	101130
5731	-1220356800	12.6	101130
5731	-1217678400	14.2	101130
5731	-1215086400	16.7	101130
5731	-1212408000	16.1	101130
5731	-1209729600	13	101130
5731	-1207137600	10.2	101130
5731	-1204459200	6.4	101130
5731	-1201867200	3.9	101130
5731	-1199188800	4.3	101130
5731	-1196510400	2.6	101130
5731	-1194004800	2.6	101130
5731	-1191326400	7.2	101130
5731	-1188734400	11.9	101130
5731	-1186056000	14.4	101130
5731	-1183464000	18.4	101130
5731	-1180785600	18.2	101130
5731	-1178107200	15	101130
5731	-1175515200	9.7	101130
5731	-1172836800	5.8	101130
5731	-1170244800	3.2	101130
5731	-1167566400	0	101130
5731	-1164888000	2.1	101130
5731	-1162468800	5.3	101130
5731	-1159790400	7.5	101130
5731	-1157198400	11	101130
5731	-1154520000	15.4	101130
5731	-1151928000	17.8	101130
5731	-1149249600	17.8	101130
5731	-1146571200	15.5	101130
5731	-1143979200	10.7	101130
5731	-1141300800	4.7	101130
5731	-1138708800	-0.1	101130
5731	-1136030400	2.1	101130
5731	-1133352000	3.5	101130
5731	-1130932800	4.8	101130
5731	-1128254400	9	101130
5731	-1125662400	11.5	101130
5731	-1122984000	14.3	101130
5731	-1120392000	16.8	101130
5731	-1117713600	17.1	101130
5731	-1115035200	16.6	101130
5731	-1112443200	12	101130
5731	-1109764800	6.8	101130
5731	-1107172800	5.8	101130
5731	-1104494400	2.6	101130
5731	-1101816000	4	101130
5731	-1099396800	3.6	101130
5731	-1096718400	7.6	101130
5731	-1094126400	10	101130
5731	-1091448000	15.5	101130
5731	-1088856000	16.8	101130
5731	-1086177600	17.1	101130
5731	-1083499200	14.6	101130
5731	-1080907200	10.5	101130
5731	-1078228800	7.1	101130
5731	-1075636800	2.9	101130
5731	-1072958400	4.3	101130
5731	-1070280000	1.8	101130
5731	-1067774400	4.9	101130
5731	-1065096000	5.2	101130
5731	-1062504000	10.4	101130
5731	-1059825600	15.4	101130
5731	-1057233600	17	101130
5731	-1054555200	17	101130
5731	-1051876800	14.4	101130
5731	-1049284800	9.6	101130
5731	-1046606400	5.8	101130
5731	-1044014400	3.9	101130
5731	-1041336000	0.5	101130
5731	-1038657600	2.2	101130
5731	-1036238400	2.6	101130
5731	-1033560000	7.9	101130
5731	-1030968000	12.8	101130
5731	-1028289600	14.8	101130
5731	-1025697600	16.9	101130
5731	-1023019200	17.4	101130
5731	-1020340800	14.7	101130
5731	-1017748800	12	101130
5731	-1015070400	5.2	101130
5731	-1012478400	1.4	101130
5731	-1009800000	3.4	101130
5731	-1007121600	3.2	101130
5731	-1004702400	7	101130
5731	-1002024000	6.8	101130
5731	-999432000	10.7	101130
5731	-996753600	14.5	101130
5731	-994161600	16.1	101130
5731	-991483200	18.5	101130
5731	-988804800	15.7	101130
5731	-986212800	10.2	101130
5731	-983534400	8.5	101130
5731	-980942400	0.4	101130
5731	-978264000	2.8	101130
5731	-975585600	3	101130
5731	-973166400	4	101130
5731	-970488000	7.7	101130
5731	-967896000	10.8	101130
5731	-965217600	15.2	101130
5731	-962625600	17.3	101130
5731	-959947200	18.2	101130
5731	-957268800	16.1	101130
5731	-954676800	7.8	101130
5731	-951998400	6.4	101130
5731	-949406400	1.1	101130
5731	-946728000	-5.2	101130
5731	-944049600	-4	101130
5731	-941544000	2.7	101130
5731	-938865600	6.7	101130
5731	-936273600	11.3	101130
5731	-933595200	15.4	101130
5731	-931003200	16.4	101130
5731	-928324800	15.9	101130
5731	-925646400	13.2	101130
5731	-923054400	8.9	101130
5731	-920376000	6.9	101130
5731	-917784000	1.4	101130
5732	-757339200	-0.4	101310
5732	-754660800	3.1	101310
5732	-752241600	2.5	101310
5732	-749563200	8.6	101310
5732	-746971200	11.9	101310
5732	-744292800	13.6	101310
5732	-741700800	17.2	101310
5732	-739022400	15.8	101310
5732	-736344000	14.2	101310
5732	-733752000	8.7	101310
5732	-731073600	5.5	101310
5732	-728481600	-0.4	101310
5732	-725803200	-3.7	101310
5732	-723124800	-6.6	101310
5732	-720705600	0.2	101310
5732	-718027200	7.6	101310
5732	-715435200	12.7	101310
5732	-712756800	16.3	101310
5732	-710164800	17.5	101310
5732	-707486400	18.8	101310
5732	-704808000	16.7	101310
5732	-702216000	9.3	101310
5732	-699537600	6.2	101310
5732	-696945600	3.4	101310
5732	-694267200	2.7	101310
5732	-691588800	1.5	101310
5732	-689083200	4.9	101310
5732	-686404800	9.4	101310
5732	-683812800	12.4	101310
5732	-681134400	14.8	101310
5732	-678542400	16.6	101310
5732	-675864000	16.4	101310
5732	-673185600	14.8	101310
5732	-670593600	10.1	101310
5732	-667915200	5.7	101310
5732	-665323200	3.4	101310
5732	-662644800	3.1	101310
5732	-659966400	3.7	101310
5732	-657547200	2.3	101310
5732	-654868800	9.2	101310
5732	-652276800	11.3	101310
5732	-649598400	13.6	101310
5732	-647006400	15.9	101310
5732	-644328000	16.2	101310
5732	-641649600	16.7	101310
5732	-639057600	11.8	101310
5732	-636379200	5.4	101310
5732	-633787200	4.3	101310
5732	-631108800	1.1	101310
5732	-628430400	3.6	101310
5732	-626011200	5.6	101310
5732	-623332800	6.9	101310
5732	-620740800	11.9	101310
5732	-618062400	15.9	101310
5732	-615470400	16.7	101310
5732	-612792000	17.6	101310
5732	-610113600	13.4	101310
5732	-607521600	9	101310
5732	-604843200	5	101310
5732	-602251200	-0.1	101310
5732	-599572800	1.9	101310
5732	-596894400	1.9	101310
5732	-594475200	2.3	101310
5732	-591796800	6.6	101310
5732	-589204800	11	101310
5732	-586526400	15.1	101310
5732	-583934400	16.3	101310
5732	-581256000	17.4	101310
5732	-578577600	15.5	101310
5732	-575985600	9.3	101310
5732	-573307200	7.6	101310
5732	-570715200	5.2	101310
5732	-568036800	1.9	101310
5732	-565358400	2.1	101310
5732	-562852800	2.2	101310
5732	-560174400	9	101310
5732	-557582400	12.2	101310
5732	-554904000	14.1	101310
5732	-552312000	16.4	101310
5732	-549633600	17.2	101310
5732	-546955200	12	101310
5732	-544363200	8.4	101310
5732	-541684800	3.2	101310
5732	-539092800	1	101310
5732	-536414400	1.2	101310
5732	-533736000	0.7	101310
5732	-531316800	4.5	101310
5732	-528638400	8.5	101310
5732	-526046400	12.6	101310
5732	-523368000	16.7	101310
5732	-520776000	17.4	101310
5732	-518097600	16.6	101310
5732	-515419200	13.9	101310
5732	-512827200	11.6	101310
5732	-510148800	7.4	101310
5732	-507556800	4.3	101310
5732	-504878400	0	101310
5732	-502200000	-2.7	101310
5732	-499780800	3.7	101310
5732	-497102400	6	101310
5732	-494510400	12.3	101310
5732	-491832000	15.5	101310
5732	-489240000	14.7	101310
5732	-486561600	15.9	101310
5732	-483883200	13.8	101310
5732	-481291200	11	101310
5732	-478612800	5.6	101310
5732	-476020800	4.6	101310
5732	-473342400	-0.4	101310
5732	-470664000	-0.8	101310
5732	-468244800	0.8	101310
5732	-465566400	6.6	101310
5732	-462974400	9.5	101310
5732	-460296000	13.3	101310
5732	-457704000	18.3	101310
5732	-455025600	18.9	101310
5732	-452347200	15.4	101310
5732	-449755200	9.9	101310
5732	-447076800	6.3	101310
5732	-444484800	3.7	101310
5732	-441806400	1.5	101310
5732	-439128000	-5.5	101310
5732	-436622400	2.4	101310
5732	-433944000	5.1	101310
5732	-431352000	11.7	101310
5732	-428673600	13.7	101310
5732	-426081600	17.1	101310
5732	-423403200	14.1	101310
5732	-420724800	14.5	101310
5732	-418132800	10	101310
5732	-415454400	5	101310
5732	-412862400	4.2	101310
5732	-410184000	3.1	101310
5732	-407505600	4.3	101310
5732	-405086400	5.9	101310
5732	-402408000	7.9	101310
5732	-399816000	10.2	101310
5732	-397137600	15.5	101310
5732	-394545600	17.4	101310
5732	-391867200	16.1	101310
5732	-389188800	12.7	101310
5732	-386596800	10.9	101310
5732	-383918400	5.9	101310
5732	-381326400	2.5	101310
5732	-378648000	0.8	101310
5732	-375969600	2.1	101310
5732	-373550400	0.5	101310
5732	-370872000	5.1	101310
5732	-368280000	11.8	101310
5732	-365601600	14.3	101310
5732	-363009600	16.4	101310
5732	-360331200	16.9	101310
5732	-357652800	15.8	101310
5732	-355060800	11.3	101310
5732	-352382400	5.4	101310
5732	-349790400	4.2	101310
5732	-347112000	1.5	101310
5732	-344433600	0.7	101310
5732	-342014400	5.9	101310
5732	-339336000	9.4	101310
5732	-336744000	12.3	101310
5732	-334065600	15.4	101310
5732	-331473600	18.9	101310
5732	-328795200	19	101310
5732	-326116800	15.8	101310
5732	-323524800	10.7	101310
5732	-320846400	4.9	101310
5732	-318254400	3.1	101310
5732	-315576000	1.9	101310
5732	-312897600	1.1	101310
5732	-310392000	3.6	101310
5732	-307713600	7.2	101310
5732	-305121600	11.9	101310
5732	-302443200	15.6	101310
5732	-299851200	15.8	101310
5732	-297172800	16.2	101310
5732	-294494400	14.4	101310
5732	-291902400	9.8	101310
5732	-289224000	7	101310
5732	-286632000	2.8	101310
5732	-283953600	0.8	101310
5732	-281275200	5	101310
5732	-278856000	6.5	101310
5732	-276177600	9.8	101310
5732	-273585600	11.2	101310
5732	-270907200	16	101310
5732	-268315200	15.7	101310
5732	-265636800	15.9	101310
5732	-262958400	16.2	101310
5732	-260366400	11.8	101310
5732	-257688000	5.4	101310
5732	-255096000	0.3	101310
5732	-252417600	3.1	101310
5732	-249739200	2.5	101310
5732	-247320000	1.3	101310
5732	-244641600	7	101310
5732	-242049600	9.8	101310
5732	-239371200	13.7	101310
5732	-236779200	14.5	101310
5732	-234100800	14.9	101310
5732	-231422400	13.5	101310
5732	-228830400	11.2	101310
5732	-226152000	4.5	101310
5732	-223560000	-0.7	101310
5732	-220881600	-4.9	101310
5732	-218203200	-4	101310
5732	-215784000	2.4	101310
5732	-213105600	7.1	101310
5732	-210513600	11.5	101310
5732	-207835200	15.6	101310
5732	-205243200	17	101310
5732	-202564800	16.1	101310
5732	-199886400	14.1	101310
5732	-197294400	9.8	101310
5732	-194616000	7.9	101310
5732	-192024000	-0.7	101310
5732	-189345600	0.2	101310
5732	-186667200	1.5	101310
5732	-184161600	0.4	101310
5732	-181483200	7.8	101310
5732	-178891200	13	101310
5732	-176212800	15.4	101310
5732	-173620800	16.2	101310
5732	-170942400	16.3	101310
5732	-168264000	14.7	101310
5732	-165672000	8.2	101310
5732	-162993600	6	101310
5732	-160401600	2.4	101310
5732	-157723200	2.6	101310
5732	-155044800	1.3	101310
5732	-152625600	3	101310
5732	-149947200	6.6	101310
5732	-147355200	10.7	101310
5732	-144676800	14.8	101310
5732	-142084800	14.7	101310
5732	-139406400	15.4	101310
5732	-136728000	14.1	101310
5732	-134136000	10.7	101310
5732	-131457600	2.6	101310
5732	-128865600	3	101310
5732	-126187200	-0.7	101310
5732	-123508800	1.4	101310
5732	-121089600	4.1	101310
5732	-118411200	5.5	101310
5732	-115819200	13	101310
5732	-113140800	16.8	101310
5732	-110548800	15.9	101310
5732	-107870400	16	101310
5732	-105192000	14.3	101310
5732	-102600000	11.2	101310
5732	-99921600	4.2	101310
5732	-97329600	3.2	101310
5732	-94651200	2.5	101310
5732	-91972800	4.2	101310
5732	-89553600	6.2	101310
5732	-86875200	6.9	101310
5732	-84283200	12.4	101310
5732	-81604800	14.5	101310
5732	-79012800	17.9	101310
5732	-76334400	17	101310
5732	-73656000	14.9	101310
5732	-71064000	11.4	101310
5732	-68385600	5.9	101310
5732	-65793600	3.1	101310
5732	-63115200	0.9	101310
5732	-60436800	1.3	101310
5732	-57931200	5.3	101310
5732	-55252800	8.6	101310
5732	-52660800	10.7	101310
5732	-49982400	16.3	101310
5732	-47390400	16.3	101310
5732	-44712000	17.6	101310
5732	-42033600	15	101310
5732	-39441600	11.3	101310
5732	-36763200	5.9	101310
5732	-34171200	-0.6	101310
5732	-31492800	1.9	101310
5732	-28814400	-1	101310
5732	-26395200	0.1	101310
5732	-23716800	6.6	101310
5732	-21124800	11.2	101310
5732	-18446400	15.6	101310
5732	-15854400	17.9	101310
5732	-13176000	18.2	101310
5732	-10497600	15.6	101310
5732	-7905600	11.8	101310
5732	-5227200	6.1	101310
5732	-2635200	-2.5	101310
5732	43200	-2.3	101310
5732	2721600	-1	101310
5732	5140800	1.6	101310
5732	7819200	5	101310
5732	10411200	11.4	101310
5732	13089600	16.9	101310
5732	15681600	16.2	101310
5732	18360000	17.4	101310
5732	21038400	13.9	101310
5732	23630400	10.4	101310
5732	26308800	6.7	101310
5732	28900800	3.5	101310
5732	31579200	0.7	101310
5732	34257600	3.3	101310
5732	36676800	2.3	101310
5732	39355200	6.5	101310
5732	41947200	12.8	101310
5732	44625600	14.2	101310
5732	47217600	17.2	101310
5732	49896000	17.5	101310
5732	52574400	14.1	101310
5732	55166400	10.8	101310
5732	57844800	5.7	101310
5732	60436800	5.6	101310
5732	63115200	-2	101310
5732	65793600	1.4	101310
5732	68299200	4.5	101310
5732	70977600	7.3	101310
5732	73569600	11.6	101310
5732	76248000	14.3	101310
5732	78840000	17.9	101310
5732	81518400	16.7	101310
5732	84196800	12.6	101310
5732	86788800	9.3	101310
5732	89467200	6.1	101310
5732	92059200	3.3	101310
5732	94737600	2.4	101310
5732	97416000	3.1	101310
5732	99835200	5.5	101310
5732	102513600	6	101310
5732	105105600	11.9	101310
5732	107784000	15.7	101310
5732	110376000	17.6	101310
5732	113054400	17.4	101310
5732	115732800	14.5	101310
5732	118324800	8.8	101310
5732	121003200	5.3	101310
5732	123595200	2.5	101310
5732	126273600	4.3	101310
5732	128952000	4.5	101310
5732	131371200	4.8	101310
5732	134049600	8.5	101310
5732	136641600	11.2	101310
5732	139320000	14.2	101310
5732	141912000	15	101310
5732	144590400	16.9	101310
5732	147268800	13.6	101310
5732	149860800	8.1	101310
5732	152539200	6.5	101310
5732	155131200	6.3	101310
5732	157809600	6.2	101310
5732	160488000	2.4	101310
5732	162907200	4.2	101310
5732	165585600	6.4	101310
5732	168177600	10.9	101310
5732	170856000	14.9	101310
5732	173448000	17.4	101310
5732	176126400	20.1	101310
5732	178804800	15.7	101310
5732	181396800	8.8	101310
5732	184075200	5	101310
5732	186667200	4.4	101310
5732	189345600	2.2	101310
5732	192024000	1.1	101310
5732	194529600	1.8	101310
5732	197208000	6.9	101310
5732	199800000	12.2	101310
5732	202478400	16.1	101310
5732	205070400	19.5	101310
5732	207748800	17.7	101310
5732	210427200	13.8	101310
5732	213019200	10.4	101310
5732	215697600	6.3	101310
5732	218289600	1	101310
5732	220968000	1.1	101310
5732	223646400	3	101310
5732	226065600	6	101310
5732	228744000	6.3	101310
5732	231336000	11.7	101310
5732	234014400	15.1	101310
5732	236606400	16.3	101310
5732	239284800	16.4	101310
5732	241963200	13.5	101310
5732	244555200	11.1	101310
5732	247233600	6.7	101310
5732	249825600	4.2	101310
5732	252504000	1.9	101310
5732	255182400	-0.4	101310
5732	257601600	4.9	101310
5732	260280000	5.4	101310
5732	262872000	11.9	101310
5732	265550400	15.2	101310
5732	268142400	15.1	101310
5732	270820800	16.2	101310
5732	273499200	13.1	101310
5732	276091200	11.1	101310
5732	278769600	7.2	101310
5732	281361600	0.6	101310
5732	284040000	-3	101310
5732	286718400	-2.3	101310
5732	289137600	2.9	101310
5732	291816000	6.3	101310
5732	294408000	11.6	101310
5732	297086400	14.8	101310
5732	299678400	14.7	101310
5732	302356800	16	101310
5732	305035200	13.9	101310
5732	307627200	9.4	101310
5732	310305600	5.3	101310
5732	312897600	4.5	101310
5732	315576000	-1.4	101310
5732	318254400	1.7	101310
5732	320760000	3	101310
5732	323438400	6.8	101310
5732	326030400	10.6	101310
5732	328708800	14.7	101310
5732	331300800	15.7	101310
5732	333979200	16.7	101310
5732	336657600	15.1	101310
5732	339249600	9.8	101310
5732	341928000	5.4	101310
5732	344520000	3.3	101310
5732	347198400	1.2	101310
5732	349876800	1.6	101310
5732	352296000	5.9	101310
5732	354974400	7.4	101310
5732	357566400	13.2	101310
5732	360244800	14.5	101310
5732	362836800	16.3	101310
5732	365515200	17	101310
5732	368193600	15.1	101310
5732	370785600	8.7	101310
5732	373464000	6.1	101310
5732	376056000	-2	101310
5732	378734400	-0.9	101310
5732	381412800	1.3	101310
5732	383832000	4.7	101310
5732	386510400	6.8	101310
5732	389102400	11.4	101310
5732	391780800	15.8	101310
5732	394372800	18.3	101310
5732	397051200	17.6	101310
5732	399729600	15.5	101310
5732	402321600	11	101310
5732	4.05e+08	7.2	101310
5732	407592000	3.4	101310
5732	410270400	5.6	101310
5732	412948800	0.9	101310
5732	415368000	4.5	101310
5732	418046400	8	101310
5732	420638400	11.4	101310
5732	423316800	15.2	101310
5732	425908800	18.8	101310
5732	428587200	18	101310
5732	431265600	14	101310
5732	433857600	10.8	101310
5732	436536000	6.4	101310
5732	439128000	2.5	101310
5732	441806400	2.5	101310
5732	444484800	1	101310
5732	446990400	2.6	101310
5732	449668800	7.4	101310
5732	452260800	11.4	101310
5732	454939200	13.1	101310
5732	457531200	15.1	101310
5732	460209600	17.8	101310
5732	462888000	13.3	101310
5732	465480000	11.5	101310
5732	468158400	5.9	101310
5732	470750400	2.7	101310
5732	473428800	-3.5	101310
5732	476107200	-1.9	101310
5732	478526400	2.8	101310
5732	481204800	7.3	101310
5732	483796800	12.5	101310
5732	486475200	13.7	101310
5732	489067200	16.6	101310
5732	491745600	16.2	101310
5732	494424000	13.5	101310
5732	497016000	11	101310
5732	499694400	2.7	101310
5732	502286400	4.8	101310
5732	504964800	0.5	101310
5732	507643200	-3.8	101310
5732	510062400	2.9	101310
5732	512740800	5.9	101310
5732	515332800	12.8	101310
5732	518011200	15.6	101310
5732	520603200	16.7	101310
5732	523281600	15.7	101310
5732	525960000	12.3	101310
5732	528552000	10.9	101310
5732	531230400	7.8	101310
5732	533822400	3.9	101310
5732	536500800	-3.5	101310
5732	539179200	0.9	101310
5732	541598400	0.6	101310
5732	544276800	8.4	101310
5732	546868800	9.6	101310
5732	549547200	12.9	101310
5732	552139200	16.5	101310
5732	554817600	15.7	101310
5732	557496000	14.2	101310
5732	560088000	10.2	101310
5732	562766400	7.2	101310
5732	565358400	3.4	101310
5732	568036800	5.1	101310
5732	570715200	3.7	101310
5732	573220800	3.9	101310
5732	575899200	7.4	101310
5732	578491200	13.3	101310
5732	581169600	14.8	101310
5732	583761600	16.7	101310
5732	586440000	16.4	101310
5732	589118400	14.3	101310
5732	591710400	10.3	101310
5732	594388800	5.7	101310
5732	596980800	5.5	101310
5732	599659200	4.7	101310
5732	602337600	5	101310
5732	604756800	7.3	101310
5732	607435200	7.1	101310
5732	610027200	13	101310
5732	612705600	16	101310
5732	615297600	17.4	101310
5732	617976000	16.8	101310
5732	620654400	15.8	101310
5732	623246400	11.8	101310
5732	625924800	5.2	101310
5732	628516800	3.9	101310
5732	631195200	4.7	101310
5732	633873600	7.1	101310
5732	636292800	7.7	101310
5732	638971200	8.3	101310
5732	641563200	13.4	101310
5732	644241600	14.9	101310
5732	646833600	16.2	101310
5732	649512000	18.1	101310
5732	652190400	13.4	101310
5732	654782400	11.3	101310
5732	657460800	6	101310
5732	660052800	3.7	101310
5732	662731200	3.2	101310
5732	665409600	-0.6	101310
5732	667828800	6.4	101310
5732	670507200	8	101310
5732	673099200	9.6	101310
5732	675777600	12.8	101310
5732	678369600	18.6	101310
5732	681048000	18	101310
5732	683726400	15.1	101310
5732	686318400	10	101310
5732	688996800	5.3	101310
5732	691588800	3.6	101310
5732	694267200	3.3	101310
5732	696945600	4.7	101310
5732	699451200	5.9	101310
5732	702129600	7.9	101310
5732	704721600	14.1	101310
5732	707400000	18.2	101310
5732	709992000	18.3	101310
5732	712670400	17.6	101310
5732	715348800	14.4	101310
5732	717940800	8	101310
5732	720619200	6.6	101310
5732	723211200	3.4	101310
5732	725889600	3.4	101310
5732	728568000	1.9	101310
5732	730987200	4.4	101310
5732	733665600	9.5	101310
5732	736257600	13.6	101310
5732	738936000	14.7	101310
5732	741528000	15.6	101310
5732	744206400	15.3	101310
5732	746884800	12.7	101310
5732	749476800	9	101310
5732	752155200	2.1	101310
5732	754747200	3.7	101310
5732	757425600	4.2	101310
5732	760104000	-0.1	101310
5732	762523200	5.6	101310
5732	765201600	8.5	101310
5732	767793600	12.1	101310
5732	770472000	14.5	101310
5732	773064000	21.2	101310
5732	775742400	17.9	101310
5732	778420800	13.8	101310
5732	781012800	9	101310
5732	783691200	8.1	101310
5732	786283200	4.8	101310
5732	788961600	2	101310
5732	791640000	5.3	101310
5732	794059200	4.2	101310
5732	796737600	7.8	101310
5732	799329600	11.6	101310
5732	802008000	14.3	101310
5732	804600000	19.3	101310
5732	807278400	19.4	101310
5732	809956800	14.7	101310
5732	812548800	13	101310
5732	815227200	5.5	101310
5732	817819200	-1.5	101310
5732	820497600	-2	101310
5732	823176000	-1.7	101310
5732	825681600	0.9	101310
5732	828360000	8.2	101310
5732	830952000	9.9	101310
5732	833630400	14.3	101310
5732	836222400	15.9	101310
5732	838900800	18.5	101310
5732	841579200	13.5	101310
5732	844171200	10.7	101310
5732	846849600	5.9	101310
5732	849441600	0.3	101310
5732	852120000	-0.8	101310
5732	854798400	5.1	101310
5732	857217600	5.6	101310
5732	859896000	7	101310
5732	862488000	11.8	101310
5732	865166400	16.1	101310
5732	867758400	18.3	101310
5732	870436800	21.5	101310
5732	873115200	14.8	101310
5732	875707200	9.6	101310
5732	878385600	4.9	101310
5732	880977600	3.5	101310
5732	883656000	4.5	101310
5732	886334400	6	101310
5732	888753600	6.2	101310
5732	891432000	8.7	101310
5732	894024000	13.7	101310
5732	896702400	15.7	101310
5732	899294400	15.9	101310
5732	901972800	16.3	101310
5732	904651200	14.3	101310
5732	907243200	9.7	101310
5732	909921600	3.1	101310
5732	912513600	2.5	101310
5732	915192000	4.3	101310
5732	917870400	2.7	101310
5732	920289600	5.9	101310
5732	922968000	9	101310
5732	925560000	12.9	101310
5732	928238400	15.2	101310
5732	930830400	18.9	101310
5732	933508800	17.8	101310
5732	936187200	18	101310
5732	938779200	10.9	101310
5732	941457600	6.1	101310
5732	944049600	3.9	101310
5732	946728000	3.8	101310
5732	949406400	5.1	101310
5732	951912000	5.6	101310
5732	954590400	9.5	101310
5732	957182400	14.4	101310
5732	959860800	15.4	101310
5732	962452800	15.4	101310
5732	965131200	17	101310
5732	967809600	14.7	101310
5732	970401600	11.5	101310
5732	973080000	7.4	101310
5732	975672000	4.6	101310
5732	978350400	2.3	101310
5732	981028800	2.5	101310
5732	983448000	3.3	101310
5732	986126400	7.5	101310
5732	988718400	12.7	101310
5732	991396800	13.9	101310
5732	993988800	18.4	101310
5732	996667200	18.6	101310
5732	999345600	13.6	101310
5732	1001937600	13.5	101310
5732	1004616000	7.1	101310
5732	1007208000	2.1	101310
5732	1009886400	3.9	101310
5732	1012564800	6.1	101310
5732	1014984000	6	101310
5732	1017662400	8.4	101310
5732	1020254400	13.5	101310
5732	1022932800	16.7	101310
5732	1025524800	17.7	101310
5732	1028203200	20.4	101310
5732	1030881600	16.1	101310
5732	1033473600	9	101310
5732	1036152000	5.4	101310
5732	1038744000	0.5	101310
5732	1041422400	1.3	101310
5732	1044100800	-0.3	101310
5732	1046520000	5.3	101310
5732	1049198400	8.7	101310
5732	1051790400	12.9	101310
5732	1054468800	17.5	101310
5732	1057060800	19	101310
5732	1059739200	19.7	101310
5732	1062417600	15.4	101310
5732	1065009600	7.9	101310
5732	1067688000	7.2	101310
5732	1070280000	4.2	101310
5732	1072958400	1.6	101310
5732	1075636800	3.9	101310
5732	1078142400	5.3	101310
5732	1080820800	9.4	101310
5732	1083412800	11.9	101310
5732	1086091200	14.7	101310
5732	1088683200	16.4	101310
5732	1091361600	19.1	101310
5732	1094040000	15.2	101310
5732	1096632000	11	101310
5732	1099310400	6.3	101310
5732	1101902400	3.8	101310
5732	1104580800	4.5	101310
5732	1107259200	1.3	101310
5732	1109678400	3.7	101310
5732	1112356800	9.2	101310
5732	1114948800	12.1	101310
5732	1117627200	15.3	101310
5732	1120219200	18.1	101310
5732	1122897600	16.2	101310
5732	1125576000	16.1	101310
5732	1128168000	13	101310
5732	1130846400	7.1	101310
5732	1133438400	3.9	101310
5732	1136116800	-0.2	101310
5732	1138795200	1.8	101310
5732	1141214400	1.7	101310
5732	1143892800	7.6	101310
5732	1146484800	12.8	101310
5732	1149163200	16.1	101310
5732	1151755200	21.3	101310
5732	1154433600	17.4	101310
5732	1157112000	18	101310
5732	1159704000	13.4	101310
5732	1162382400	9	101310
5732	1164974400	7.4	101310
5732	1167652800	6.3	101310
5732	1170331200	4.4	101310
5732	1172750400	7.6	101310
5732	1175428800	11.1	101310
5732	1178020800	13.3	101310
5732	1180699200	17.3	101310
5732	1183291200	17.1	101310
5732	1185969600	17.8	101310
5732	1188648000	14.3	101310
5732	1191240000	10.4	101310
5732	1193918400	6.6	101310
5732	1196510400	4.2	101310
5732	1199188800	5.3	101310
5732	1201867200	5.3	101310
5732	1204372800	5.3	101310
5732	1207051200	8.2	101310
5732	1209643200	14.4	101310
5732	1212321600	16.5	101310
5732	1214913600	18	101310
5732	1217592000	17.4	101310
5732	1220270400	14.3	101310
5732	1222862400	10.4	101310
5732	1225540800	7	101310
5732	1228132800	2.8	101310
5732	1230811200	0.9	101310
5732	1233489600	2	101310
5732	1235908800	5.1	101310
5732	1238587200	11.3	101310
5732	1241179200	12.9	101310
5732	1243857600	14.5	101310
5732	1246449600	17.9	101310
5732	1249128000	18.7	101310
5732	1251806400	15.5	101310
5732	1254398400	9.4	101310
5732	1257076800	8.7	101310
5732	1259668800	1.6	101310
5732	1262347200	-2.4	101310
5732	1265025600	-0.7	101310
5732	1267444800	5	101310
5732	1270123200	8.5	101310
5732	1272715200	9.6	101310
5732	1275393600	15	101310
5732	1277985600	20.2	101310
5732	1280664000	17.4	101310
5732	1283342400	14	101310
5732	1285934400	10.3	101310
5732	1288612800	5.3	101310
5732	1291204800	-2.6	101310
5732	1293883200	2	101310
5732	1296561600	1.6	101310
5732	1298980800	4.3	101310
5732	1301659200	11.1	101310
5732	1304251200	13.2	101310
5732	1306929600	15.9	101310
5732	1309521600	16.4	101310
5732	1312200000	16.9	101310
5732	1314878400	15.4	101310
5732	1317470400	11.1	101310
5732	1320148800	6.3	101310
5732	1322740800	5.1	101310
5732	1325419200	3.7	101310
5732	1328097600	0.5	101310
5732	1330603200	6.5	101310
5732	1333281600	7.8	101310
5732	1335873600	13.2	101310
5732	1338552000	14.3	101310
5732	1341144000	16.9	101310
5732	1343822400	18.3	101310
5732	1346500800	14.4	101310
5732	1349092800	10.3	101310
5732	1351771200	6.5	101310
5732	1354363200	2.6	101310
5732	1357041600	1.7	101310
5732	1359720000	0.8	101310
5732	1362139200	0.3	101310
5732	1364817600	7.1	101310
5732	1367409600	11.6	101310
5732	1370088000	14.7	101310
5732	1372680000	18.1	101310
5732	1375358400	18.6	101310
5732	1378036800	14.4	101310
5732	1380628800	12.1	101310
5732	1383307200	7	101310
5732	1385899200	5.8	101310
5732	1388577600	2.6	101310
5732	1391256000	5.7	101310
5732	1393675200	7.2	101310
5732	1396353600	10.7	101310
5732	1398945600	12.8	101310
5732	1401624000	15.9	101310
5732	1404216000	20.6	101310
5732	1406894400	17.1	101310
5732	1409572800	16.6	101310
5732	1412164800	13.4	101310
5732	1414843200	7.9	101310
5732	1417435200	4.2	101310
5732	1420113600	3.7	101310
5732	1422792000	2.9	101310
5732	1425211200	5.9	101310
5732	1427889600	8.1	101310
5732	1430481600	11.2	101310
5737	1028203200	19.5	102000
5737	1030881600	15.3	102000
5737	1033473600	8.4	102000
5737	1036152000	5.9	102000
5737	1038744000	0.4	102000
5737	1041422400	1.6	102000
5737	1044100800	-0.3	102000
5737	1046520000	5.7	102000
5737	1049198400	8.7	102000
5737	1051790400	12.7	102000
5737	1054468800	17.3	102000
5737	1057060800	18.5	102000
5737	1059739200	19.1	102000
5737	1062417600	14.2	102000
5737	1065009600	6.5	102000
5737	1067688000	7.2	102000
5737	1070280000	3.7	102000
5737	1072958400	2.6	102000
5737	1075636800	4.1	102000
5737	1078142400	5.2	102000
5737	1080820800	9.6	102000
5737	1083412800	11.8	102000
5737	1086091200	15.1	102000
5737	1088683200	16.1	102000
5737	1091361600	18.5	102000
5737	1094040000	14.7	102000
5737	1096632000	10.6	102000
5737	1099310400	6.2	102000
5737	1101902400	3.3	102000
5737	1104580800	4.6	102000
5737	1107259200	1.5	102000
5737	1109678400	4.5	102000
5737	1112356800	9.5	102000
5737	1114948800	12	102000
5737	1117627200	15.1	102000
5737	1120219200	17.6	102000
5737	1122897600	15.9	102000
5737	1125576000	15.3	102000
5737	1128168000	12.3	102000
5737	1130846400	6.9	102000
5737	1133438400	3.8	102000
5737	1136116800	0.3	102000
5737	1138795200	2	102000
5737	1141214400	2.2	102000
5737	1143892800	7.9	102000
5737	1146484800	13	102000
5737	1149163200	15.6	102000
5737	1151755200	20.6	102000
5737	1154433600	16.4	102000
5737	1157112000	17.5	102000
5737	1159704000	13.3	102000
5737	1162382400	9	102000
5737	1164974400	7.1	102000
5737	1167652800	6.5	102000
5737	1170331200	4.8	102000
5737	1172750400	7.4	102000
5737	1175428800	10.7	102000
5737	1178020800	12.1	102000
5737	1180699200	16.7	102000
5737	1183291200	16.6	102000
5737	1185969600	16.8	102000
5737	1188648000	13.9	102000
5737	1191240000	9.3	102000
5737	1193918400	6.6	102000
5737	1196510400	3.7	102000
5737	1199188800	5.5	102000
5737	1201867200	4.7	102000
5737	1204372800	5.2	102000
5737	1207051200	7.8	102000
5737	1209643200	13.5	102000
5737	1212321600	16.2	102000
5737	1214913600	17.9	102000
5737	1217592000	17	102000
5737	1220270400	13.4	102000
5737	1222862400	10.1	102000
5737	1225540800	6.7	102000
5737	1228132800	1.9	102000
5737	1230811200	0.7	102000
5737	1233489600	2.4	102000
5737	1235908800	5.5	102000
5737	1238587200	11.1	102000
5737	1241179200	12.5	102000
5737	1243857600	14.5	102000
5737	1246449600	17.5	102000
5737	1249128000	18	102000
5737	1251806400	14.7	102000
5737	1254398400	9.3	102000
5737	1257076800	8.8	102000
5737	1259668800	1.3	102000
5737	1262347200	-2.3	102000
5737	1265025600	-0.5	102000
5737	1267444800	5.1	102000
5737	1270123200	8.5	102000
5737	1272715200	9.6	102000
5737	1275393600	14.9	102000
5737	1277985600	19.5	102000
5737	1280664000	16.5	102000
5737	1283342400	13.1	102000
5737	1285934400	9.8	102000
5737	1288612800	4.8	102000
5737	1291204800	-2.5	102000
5737	1293883200	2.2	102000
5737	1296561600	2.6	102000
5737	1298980800	4.6	102000
5737	1301659200	11.3	102000
5737	1304251200	13.1	102000
5737	1306929600	15.5	102000
5737	1309521600	15.6	102000
5737	1312200000	16.5	102000
5737	1314878400	15.1	102000
5737	1317470400	10.5	102000
5737	1320148800	5.6	102000
5737	1322740800	5.5	102000
5737	1325419200	3.7	102000
5737	1328097600	0.2	102000
5737	1330603200	7	102000
5737	1333281600	7.4	102000
5737	1335873600	13.4	102000
5737	1338552000	14.2	102000
5737	1341144000	16.9	102000
5737	1343822400	18	102000
5737	1346500800	14.2	102000
5737	1349092800	10	102000
5737	1351771200	6.3	102000
5737	1354363200	3.4	102000
5737	1357041600	1.2	102000
5737	1359720000	0.9	102000
5737	1362139200	0.4	102000
5737	1364817600	7.2	102000
5737	1367409600	11.1	102000
5737	1370088000	14.3	102000
5737	1372680000	18	102000
5737	1375358400	17.7	102000
5737	1378036800	13.8	102000
5737	1380628800	11.8	102000
5737	1383307200	6.7	102000
5737	1385899200	5.7	102000
5737	1388577600	3.4	102000
5737	1391256000	5.8	102000
5737	1393675200	7.1	102000
5737	1396353600	10.9	102000
5737	1398945600	12.7	102000
5737	1401624000	15.5	102000
5737	1404216000	19.7	102000
5737	1406894400	16.2	102000
5737	1409572800	16	102000
5737	1412164800	13	102000
5737	1414843200	7.4	102000
5737	1417435200	4.2	102000
5737	1420113600	3.7	102000
5737	1422792000	3	102000
5737	1425211200	5.8	102000
5737	1427889600	7.8	102000
5737	1430481600	11.1	102000
5738	-462974400	10.1	102030
5738	-460296000	14.3	102030
5738	-457704000	18.4	102030
5738	-455025600	18.5	102030
5738	-452347200	15.5	102030
5738	-449755200	10.1	102030
5738	-447076800	6.6	102030
5738	-444484800	4.2	102030
5738	-441806400	1.2	102030
5738	-439128000	-6.9	102030
5738	-436622400	3.4	102030
5738	-433944000	5.2	102030
5738	-431352000	12.4	102030
5738	-428673600	14.1	102030
5738	-426081600	17.4	102030
5738	-423403200	14.6	102030
5738	-420724800	14.7	102030
5738	-418132800	10.1	102030
5738	-415454400	5.2	102030
5738	-412862400	4.5	102030
5738	-410184000	3.2	102030
5738	-407505600	4.4	102030
5738	-405086400	6.5	102030
5738	-402408000	7.6	102030
5738	-399816000	10.6	102030
5738	-397137600	16.4	102030
5738	-394545600	18	102030
5738	-391867200	16.7	102030
5738	-389188800	13.2	102030
5738	-386596800	11.3	102030
5738	-383918400	5.8	102030
5738	-381326400	2.6	102030
5738	-378648000	1.1	102030
5738	-375969600	2.5	102030
5738	-373550400	0.6	102030
5738	-370872000	5.6	102030
5738	-368280000	12.6	102030
5738	-365601600	14.9	102030
5738	-363009600	17.5	102030
5738	-360331200	17.7	102030
5738	-357652800	15.8	102030
5738	-355060800	11.6	102030
5738	-352382400	5.8	102030
5738	-349790400	4.6	102030
5738	-347112000	1.2	102030
5738	-344433600	0.5	102030
5738	-342014400	5.8	102030
5738	-339336000	9.3	102030
5738	-336744000	12.2	102030
5738	-334065600	16.4	102030
5738	-331473600	18.7	102030
5738	-328795200	18.9	102030
5738	-326116800	15	102030
5738	-323524800	10.3	102030
5738	-320846400	5.2	102030
5738	-318254400	3.4	102030
5738	-315576000	2.1	102030
5738	-312897600	1.8	102030
5738	-310392000	4.2	102030
5738	-307713600	8.3	102030
5738	-305121600	12.4	102030
5738	-302443200	16.3	102030
5738	-299851200	16.5	102030
5738	-297172800	16.7	102030
5738	-294494400	14.3	102030
5738	-291902400	10.7	102030
5738	-289224000	7.3	102030
5738	-286632000	2.9	102030
5738	-283953600	1.1	102030
5738	-281275200	5	102030
5738	-278856000	6.9	102030
5738	-276177600	9.9	102030
5738	-273585600	11.1	102030
5738	-270907200	16.5	102030
5738	-268315200	16.4	102030
5738	-265636800	16.6	102030
5738	-262958400	16.7	102030
5738	-260366400	11.7	102030
5738	-257688000	4.9	102030
5738	-255096000	0.5	102030
5738	-252417600	3.1	102030
5738	-249739200	2.3	102030
5738	-247320000	1.1	102030
5738	-244641600	7.6	102030
5738	-242049600	10.4	102030
5738	-239371200	14.3	102030
5738	-236779200	15	102030
5738	-234100800	15.6	102030
5738	-231422400	13.4	102030
5738	-228830400	11.3	102030
5738	-226152000	4.2	102030
5738	-223560000	-1.2	102030
5738	-220881600	-6.1	102030
5738	-218203200	-5.6	102030
5738	-215784000	2.9	102030
5738	-213105600	8.2	102030
5738	-210513600	11.6	102030
5738	-207835200	16.2	102030
5738	-205243200	17.2	102030
5738	-202564800	16.5	102030
5738	-199886400	14.1	102030
5738	-197294400	9.7	102030
5738	-194616000	8.2	102030
5738	-192024000	-1.3	102030
5738	-189345600	-0.1	102030
5738	-186667200	1.9	102030
5738	-184161600	1	102030
5738	-181483200	8.6	102030
5738	-178891200	14.1	102030
5738	-176212800	16.2	102030
5738	-173620800	17.4	102030
5738	-170942400	16.6	102030
5738	-168264000	14.9	102030
5738	-165672000	8	102030
5738	-162993600	6.1	102030
5738	-160401600	2.3	102030
5738	-157723200	2.4	102030
5738	-155044800	1.6	102030
5738	-152625600	3.1	102030
5738	-149947200	7.5	102030
5738	-147355200	11.6	102030
5738	-144676800	15.5	102030
5738	-142084800	15.8	102030
5738	-139406400	16	102030
5738	-136728000	14.2	102030
5738	-134136000	10	102030
5738	-131457600	1.9	102030
5738	-128865600	3.8	102030
5738	-126187200	-0.7	102030
5738	-123508800	1.5	102030
5738	-121089600	4.7	102030
5738	-118411200	6.8	102030
5738	-115819200	13.6	102030
5738	-113140800	18	102030
5738	-110548800	16.7	102030
5738	-107870400	16.2	102030
5738	-105192000	14.5	102030
5738	-102600000	11.4	102030
5738	-99921600	4.5	102030
5738	-97329600	3.8	102030
5738	-94651200	3.1	102030
5738	-91972800	4.4	102030
5738	-89553600	6.5	102030
5738	-86875200	7.1	102030
5738	-84283200	13.1	102030
5738	-81604800	15.4	102030
5738	-79012800	18.9	102030
5738	-76334400	17.5	102030
5738	-73656000	14.9	102030
5738	-71064000	12	102030
5738	-68385600	6.1	102030
5738	-65793600	3.5	102030
5738	-63115200	1	102030
5738	-60436800	1.1	102030
5738	-57931200	5.6	102030
5738	-55252800	8.8	102030
5738	-52660800	10.9	102030
5738	-49982400	17	102030
5738	-47390400	17	102030
5738	-44712000	17.9	102030
5738	-42033600	15.2	102030
5738	-39441600	11.8	102030
5738	-36763200	5.5	102030
5738	-34171200	-0.7	102030
5738	-31492800	3.1	102030
5738	-28814400	-1.1	102030
5738	-26395200	0.5	102030
5738	-23716800	7.1	102030
5738	-21124800	11.9	102030
5738	-18446400	15.1	102030
5738	-15854400	18.3	102030
5738	-13176000	17.8	102030
5738	-10497600	15.1	102030
5738	-7905600	12.1	102030
5738	-5227200	6.2	102030
5738	-2635200	-2.5	102030
5738	43200	-1.8	102030
5738	2721600	-0.1	102030
5738	5140800	2.5	102030
5738	7819200	5.6	102030
5738	10411200	12.2	102030
5738	13089600	17.1	102030
5738	15681600	16.1	102030
5738	18360000	16.9	102030
5738	21038400	14.1	102030
5738	23630400	10.5	102030
5738	26308800	7.2	102030
5738	28900800	2.7	102030
5738	31579200	1	102030
5738	34257600	3.8	102030
5738	36676800	2.7	102030
5738	39355200	7	102030
5738	41947200	12.6	102030
5738	44625600	14.1	102030
5738	47217600	17.5	102030
5738	49896000	17.7	102030
5738	52574400	13.8	102030
5738	55166400	10.4	102030
5738	57844800	5.8	102030
5738	60436800	5.7	102030
5738	63115200	-1.5	102030
5738	65793600	2.4	102030
5738	68299200	5.4	102030
5738	70977600	7.4	102030
5738	73569600	11.9	102030
5738	76248000	14.2	102030
5738	78840000	17.9	102030
5738	81518400	16.3	102030
5738	84196800	12.4	102030
5738	86788800	8.5	102030
5738	89467200	6.2	102030
5738	92059200	3.2	102030
5738	94737600	2.9	102030
5738	97416000	3.2	102030
5738	99835200	5.7	102030
5738	102513600	6.3	102030
5738	105105600	11.8	102030
5738	107784000	15.6	102030
5738	110376000	17.7	102030
5738	113054400	17.2	102030
5738	115732800	14.7	102030
5738	118324800	8.8	102030
5738	121003200	5.4	102030
5738	123595200	2.7	102030
5738	126273600	4.7	102030
5738	128952000	4.5	102030
5738	131371200	5.6	102030
5738	134049600	8.9	102030
5738	136641600	11.8	102030
5738	139320000	14.9	102030
5738	141912000	15.6	102030
5738	144590400	17.4	102030
5738	147268800	14	102030
5738	149860800	8	102030
5738	152539200	6.6	102030
5738	155131200	6.7	102030
5738	157809600	6.5	102030
5738	160488000	3	102030
5738	162907200	4.8	102030
5738	165585600	7.1	102030
5738	168177600	10.9	102030
5738	170856000	15.2	102030
5738	173448000	17.9	102030
5738	176126400	20.4	102030
5738	178804800	16	102030
5738	181396800	9.1	102030
5738	184075200	5.4	102030
5738	186667200	4.5	102030
5738	189345600	2.9	102030
5738	192024000	1.4	102030
5738	194529600	2	102030
5738	197208000	7.1	102030
5738	199800000	12.6	102030
5738	202478400	16.8	102030
5738	205070400	18.7	102030
5738	207748800	17.2	102030
5738	210427200	13.5	102030
5738	213019200	10.4	102030
5738	215697600	6.4	102030
5738	218289600	0.9	102030
5738	220968000	1.4	102030
5738	223646400	3.6	102030
5738	226065600	6.2	102030
5738	228744000	6	102030
5738	231336000	11.7	102030
5738	234014400	14.4	102030
5738	236606400	16.3	102030
5738	239284800	16.1	102030
5738	241963200	13.2	102030
5738	244555200	11.2	102030
5738	247233600	6.5	102030
5738	249825600	4.2	102030
5738	252504000	2.7	102030
5738	255182400	0.1	102030
5738	257601600	5.8	102030
5738	260280000	5.9	102030
5738	262872000	11.7	102030
5738	265550400	15	102030
5738	268142400	15.3	102030
5738	270820800	15.8	102030
5738	273499200	13.2	102030
5738	276091200	11.2	102030
5738	278769600	6.9	102030
5738	281361600	0.4	102030
5738	284040000	-3.5	102030
5738	286718400	-2.4	102030
5738	289137600	3.3	102030
5738	291816000	6.9	102030
5738	294408000	11.6	102030
5738	297086400	15	102030
5738	299678400	15.3	102030
5738	302356800	16	102030
5738	305035200	14.1	102030
5738	307627200	9.6	102030
5738	310305600	5.2	102030
5738	312897600	4.8	102030
5738	315576000	-1	102030
5738	318254400	2.8	102030
5738	320760000	3.8	102030
5738	323438400	7.4	102030
5738	326030400	10.9	102030
5738	328708800	14.7	102030
5738	331300800	15.6	102030
5738	333979200	16.8	102030
5738	336657600	15.2	102030
5738	339249600	9.4	102030
5738	341928000	4.7	102030
5738	344520000	3.4	102030
5738	347198400	1.6	102030
5738	349876800	1.4	102030
5738	352296000	6.8	102030
5738	354974400	7.8	102030
5738	357566400	14	102030
5738	360244800	14.6	102030
5738	362836800	16.6	102030
5738	365515200	17	102030
5738	368193600	15.3	102030
5738	370785600	8.8	102030
5738	373464000	6.1	102030
5738	376056000	-1.7	102030
5738	378734400	-0.3	102030
5738	381412800	1.8	102030
5738	383832000	4.9	102030
5738	386510400	7.3	102030
5738	389102400	12.3	102030
5738	391780800	16.5	102030
5738	394372800	18.5	102030
5738	397051200	17.7	102030
5738	399729600	15.7	102030
5738	402321600	11.5	102030
5738	4.05e+08	7.4	102030
5738	407592000	3.1	102030
5738	410270400	5.6	102030
5738	412948800	0.7	102030
5738	415368000	5.2	102030
5738	418046400	8.4	102030
5738	420638400	11.3	102030
5738	423316800	15.7	102030
5738	425908800	19.4	102030
5738	428587200	18	102030
5738	431265600	14.2	102030
5738	433857600	10.9	102030
5738	436536000	6.2	102030
5738	439128000	3	102030
5738	441806400	2.9	102030
5738	444484800	1.2	102030
5738	446990400	2.8	102030
5738	449668800	7.6	102030
5738	452260800	11.1	102030
5738	454939200	13.2	102030
5738	457531200	15.6	102030
5738	460209600	17.8	102030
5738	462888000	13.5	102030
5738	465480000	11.6	102030
5738	468158400	6.5	102030
5738	470750400	3.1	102030
5738	473428800	-3.4	102030
5738	476107200	-1.5	102030
5738	478526400	3.1	102030
5738	481204800	7.7	102030
5738	483796800	13.2	102030
5738	486475200	13.6	102030
5738	489067200	16.8	102030
5738	491745600	16.3	102030
5738	494424000	13.9	102030
5738	497016000	10.6	102030
5738	499694400	2.2	102030
5738	502286400	5.1	102030
5738	504964800	1.4	102030
5738	507643200	-4	102030
5738	510062400	3.2	102030
5738	512740800	6.1	102030
5738	515332800	13.4	102030
5738	518011200	15.7	102030
5738	520603200	16.9	102030
5738	523281600	15.9	102030
5738	525960000	12.1	102030
5738	528552000	11.1	102030
5738	531230400	7.7	102030
5738	533822400	4.2	102030
5738	536500800	-3.3	102030
5738	539179200	1.1	102030
5738	541598400	0.5	102030
5738	544276800	9.5	102030
5738	546868800	9.5	102030
5738	549547200	13.2	102030
5738	552139200	16.6	102030
5738	554817600	15.7	102030
5738	557496000	14.4	102030
5738	560088000	10.3	102030
5738	562766400	7.1	102030
5738	565358400	4	102030
5738	568036800	5.3	102030
5738	570715200	4	102030
5738	573220800	4.1	102030
5738	575899200	7.7	102030
5738	578491200	14.1	102030
5738	581169600	14.7	102030
5738	583761600	16.5	102030
5738	586440000	16.5	102030
5738	589118400	13.9	102030
5738	591710400	10.1	102030
5738	594388800	5.7	102030
5738	596980800	5.8	102030
5738	599659200	4.6	102030
5738	602337600	5.2	102030
5738	604756800	7.3	102030
5738	607435200	6.5	102030
5738	610027200	13.4	102030
5738	612705600	15.9	102030
5738	615297600	17.4	102030
5738	617976000	16.7	102030
5738	620654400	15.5	102030
5738	623246400	12.7	102030
5738	625924800	4.8	102030
5738	628516800	3.6	102030
5738	631195200	5	102030
5738	633873600	6.7	102030
5738	636292800	8	102030
5738	638971200	8.9	102030
5738	641563200	13.5	102030
5738	644241600	15.5	102030
5738	646833600	16.6	102030
5738	649512000	18.4	102030
5738	652190400	12.9	102030
5738	654782400	11.5	102030
5738	657460800	5.9	102030
5738	660052800	3.7	102030
5738	662731200	2.8	102030
5738	665409600	-1.2	102030
5738	667828800	7.8	102030
5738	670507200	8.3	102030
5738	673099200	9.7	102030
5738	675777600	12.8	102030
5738	678369600	18.9	102030
5738	681048000	17.8	102030
5738	683726400	15	102030
5738	686318400	9.7	102030
5738	688996800	5.3	102030
5738	691588800	3.4	102030
5738	694267200	2.9	102030
5738	696945600	4.7	102030
5738	699451200	6	102030
5738	702129600	8.2	102030
5738	704721600	14.7	102030
5738	707400000	17.7	102030
5738	709992000	18.1	102030
5738	712670400	17.7	102030
5738	715348800	14.1	102030
5738	717940800	7.7	102030
5738	720619200	6.9	102030
5738	723211200	3	102030
5738	725889600	3.1	102030
5738	728568000	1.9	102030
5738	730987200	4.6	102030
5738	733665600	10.3	102030
5738	736257600	13.8	102030
5738	738936000	15	102030
5738	741528000	15.5	102030
5738	744206400	14.8	102030
5738	746884800	12.4	102030
5738	749476800	8.5	102030
5738	752155200	1.5	102030
5738	754747200	3.8	102030
5738	757425600	4.4	102030
5738	760104000	-0.1	102030
5738	762523200	5.9	102030
5738	765201600	8.1	102030
5738	767793600	11.7	102030
5738	770472000	14.5	102030
5738	773064000	20.7	102030
5738	775742400	17.3	102030
5738	778420800	13.5	102030
5738	781012800	8.6	102030
5738	783691200	8.2	102030
5738	786283200	4.8	102030
5738	788961600	2.4	102030
5738	791640000	5.3	102030
5738	794059200	4.2	102030
5738	796737600	8.1	102030
5738	799329600	11.8	102030
5738	802008000	14	102030
5738	804600000	19.1	102030
5738	807278400	18.6	102030
5738	809956800	13.9	102030
5738	812548800	12.6	102030
5738	815227200	5.5	102030
5738	817819200	-2.1	102030
5738	820497600	-2.4	102030
5738	823176000	-1.8	102030
5738	825681600	1.3	102030
5738	828360000	8.3	102030
5738	830952000	10.6	102030
5738	833630400	14.8	102030
5738	836222400	15.7	102030
5738	838900800	17.8	102030
5738	841579200	12.3	102030
5738	844171200	10.7	102030
5738	846849600	5.5	102030
5738	849441600	-0.2	102030
5738	852120000	-1.5	102030
5738	854798400	5.1	102030
5738	857217600	6	102030
5738	859896000	7.1	102030
5738	862488000	11.9	102030
5738	865166400	15.6	102030
5739	-3755246400	2.7	102240
5739	-3752568000	2.2	102240
5739	-3750148800	4.2	102240
5739	-3747470400	8.5	102240
5739	-3744878400	9.7	102240
5739	-3742200000	14.4	102240
5739	-3739608000	16.2	102240
5739	-3736929600	17	102240
5739	-3734251200	13.5	102240
5739	-3731659200	10.8	102240
5739	-3728980800	2.4	102240
5739	-3726388800	3	102240
5739	-3723710400	3.9	102240
5739	-3721032000	2.4	102240
5739	-3718526400	2.4	102240
5739	-3715848000	5.7	102240
5739	-3713256000	13.5	102240
5739	-3710577600	15.6	102240
5739	-3707985600	19.8	102240
5739	-3705307200	16.3	102240
5739	-3702628800	12	102240
5739	-3700036800	8.9	102240
5739	-3697358400	7	102240
5739	-3694766400	6	102240
5739	-3692088000	4	102240
5739	-3689409600	-2.5	102240
5739	-3686990400	-1.3	102240
5739	-3684312000	6.3	102240
5739	-3681720000	12.6	102240
5739	-3679041600	17.4	102240
5739	-3676449600	18.1	102240
5739	-3673771200	16.1	102240
5739	-3671092800	13.5	102240
5739	-3668500800	10.2	102240
5739	-3665822400	2.2	102240
5739	-3663230400	-3.1	102240
5739	-3660552000	1	102240
5739	-3657873600	1.1	102240
5739	-3655454400	5	102240
5739	-3652776000	8.6	102240
5739	-3650184000	13.6	102240
5739	-3647505600	15.9	102240
5739	-3644913600	19	102240
5739	-3642235200	17.3	102240
5739	-3639556800	14.1	102240
5739	-3636964800	9	102240
5739	-3634286400	1.8	102240
5739	-3631694400	3.3	102240
5739	-3629016000	-2.1	102240
5739	-3626337600	-6.6	102240
5739	-3623918400	1	102240
5739	-3621240000	6.4	102240
5739	-3618648000	10.6	102240
5739	-3615969600	16.7	102240
5739	-3613377600	17.8	102240
5739	-3610699200	17.8	102240
5739	-3608020800	13.3	102240
5739	-3605428800	11	102240
5739	-3602750400	1.8	102240
5739	-3600158400	-1.8	102240
5739	-3597480000	0.7	102240
5739	-3594801600	2.4	102240
5739	-3592296000	3	102240
5739	-3589617600	8	102240
5739	-3587025600	11.3	102240
5739	-3584347200	15.7	102240
5739	-3581755200	15.6	102240
5739	-3579076800	17	102240
5739	-3576398400	12.6	102240
5739	-3573806400	9.8	102240
5739	-3571128000	1.3	102240
5739	-3568536000	3.4	102240
5739	-3565857600	-2.1	102240
5739	-3563179200	1	102240
5739	-3560760000	4.4	102240
5739	-3558081600	7.4	102240
5739	-3555489600	13.3	102240
5739	-3552811200	17.7	102240
5739	-3550219200	18.5	102240
5739	-3547540800	20	102240
5739	-3544862400	15.5	102240
5739	-3542270400	10.4	102240
5739	-3539592000	3.3	102240
5739	-3.537e+09	4.6	102240
5739	-3534321600	-1.1	102240
5739	-3531643200	-3.3	102240
5739	-3529224000	2.4	102240
5739	-3526545600	7.1	102240
5739	-3523953600	11	102240
5739	-3521275200	19.1	102240
5739	-3518683200	16.6	102240
5739	-3516004800	18.2	102240
5739	-3513326400	15	102240
5739	-3510734400	8.2	102240
5739	-3508056000	-0.9	102240
5739	-3505464000	0.6	102240
5739	-3502785600	2.4	102240
5739	-3500107200	4.2	102240
5739	-3497688000	8	102240
5739	-3495009600	7.4	102240
5739	-3492417600	13.8	102240
5739	-3489739200	18.1	102240
5739	-3487147200	19.7	102240
5739	-3484468800	18.6	102240
5739	-3481790400	14.1	102240
5739	-3479198400	10.2	102240
5739	-3476520000	4	102240
5739	-3473928000	0.4	102240
5739	-3471249600	2.6	102240
5739	-3468571200	0.3	102240
5739	-3466065600	3.4	102240
5739	-3463387200	7	102240
5739	-3460795200	12.7	102240
5739	-3458116800	15.4	102240
5739	-3455524800	16	102240
5739	-3452846400	15.1	102240
5739	-3450168000	13.1	102240
5739	-3447576000	8.8	102240
5739	-3444897600	2.6	102240
5739	-3442305600	-0.7	102240
5739	-3439627200	-4.3	102240
5739	-3436948800	4.3	102240
5739	-3434529600	7.6	102240
5739	-3431851200	7.5	102240
5739	-3429259200	10.9	102240
5739	-3426580800	18	102240
5739	-3423988800	18.2	102240
5739	-3421310400	18	102240
5739	-3418632000	13.7	102240
5739	-3416040000	11	102240
5739	-3413361600	5.1	102240
5739	-3410769600	2.9	102240
5739	-3408091200	-0.4	102240
5739	-3405412800	1.7	102240
5739	-3402993600	8.2	102240
5739	-3400315200	9.9	102240
5739	-3397723200	15.3	102240
5739	-3395044800	15.5	102240
5739	-3392452800	16.1	102240
5739	-3389774400	17	102240
5739	-3387096000	14.9	102240
5739	-3384504000	11.1	102240
5739	-3381825600	5	102240
5739	-3379233600	4.3	102240
5739	-3376555200	4.1	102240
5739	-3373876800	4.4	102240
5739	-3371457600	6.7	102240
5739	-3368779200	9.3	102240
5739	-3366187200	12.5	102240
5739	-3363508800	15.9	102240
5739	-3360916800	15.3	102240
5739	-3358238400	17.1	102240
5739	-3355560000	12.9	102240
5739	-3352968000	11.1	102240
5739	-3350289600	5	102240
5739	-3347697600	4.3	102240
5739	-3345019200	-2.9	102240
5739	-3342340800	0.9	102240
5739	-3339835200	6.1	102240
5739	-3337156800	7.3	102240
5739	-3334564800	10.9	102240
5739	-3331886400	15.4	102240
5739	-3329294400	16.1	102240
5739	-3326616000	14.2	102240
5739	-3323937600	13.9	102240
5739	-3321345600	8.9	102240
5739	-3318667200	3.1	102240
5739	-3316075200	-0.6	102240
5739	-3313396800	0.5	102240
5739	-3310718400	-3.3	102240
5739	-3308299200	1.4	102240
5739	-3305620800	11	102240
5739	-3303028800	16.7	102240
5739	-3300350400	14.2	102240
5739	-3297758400	19.8	102240
5739	-3295080000	16.7	102240
5739	-3292401600	16.5	102240
5739	-3289809600	9.9	102240
5739	-3287131200	6.8	102240
5739	-3284539200	2.6	102240
5739	-3281860800	4.9	102240
5739	-3279182400	4.8	102240
5739	-3276763200	4.9	102240
5739	-3274084800	10.5	102240
5739	-3271492800	10.9	102240
5739	-3268814400	18.5	102240
5739	-3266222400	16.2	102240
5739	-3263544000	15.8	102240
5739	-3260865600	14.7	102240
5739	-3258273600	8.3	102240
5739	-3255595200	5.3	102240
5739	-3253003200	3.4	102240
5739	-3250324800	0.4	102240
5739	-3247646400	5.4	102240
5739	-3245227200	1.8	102240
5739	-3242548800	8	102240
5739	-3239956800	12	102240
5739	-3237278400	15.6	102240
5739	-3234686400	16.2	102240
5739	-3232008000	18.7	102240
5739	-3229329600	15.3	102240
5739	-3226737600	9.2	102240
5739	-3224059200	4.7	102240
5739	-3221467200	0.7	102240
5739	-3218788800	0.3	102240
5739	-3216110400	5.2	102240
5739	-3213604800	5.7	102240
5739	-3210926400	7.9	102240
5739	-3208334400	16.2	102240
5739	-3205656000	17.8	102240
5739	-3203064000	19.8	102240
5739	-3200385600	19.4	102240
5739	-3197707200	15	102240
5739	-3195115200	8.8	102240
5739	-3192436800	4	102240
5739	-3189844800	5.9	102240
5739	-3187166400	1	102240
5739	-3184488000	5.5	102240
5739	-3182068800	2.5	102240
5739	-3179390400	11.3	102240
5739	-3176798400	12.5	102240
5739	-3174120000	13.8	102240
5739	-3171528000	18.6	102240
5739	-3168849600	16	102240
5739	-3166171200	15.1	102240
5739	-3163579200	8.9	102240
5739	-3160900800	4.1	102240
5739	-3158308800	0.9	102240
5739	-3155630400	1.8	102240
5739	-3152952000	-2.8	102240
5739	-3150532800	2.6	102240
5739	-3147854400	9.2	102240
5739	-3145262400	12.1	102240
5739	-3142584000	14.6	102240
5739	-3139992000	17.8	102240
5739	-3137313600	16.6	102240
5739	-3134635200	13	102240
5739	-3132043200	8.7	102240
5739	-3129364800	5.4	102240
5739	-3126772800	-2.5	102240
5739	-3124094400	-3.1	102240
5739	-3121416000	-0.3	102240
5739	-3118996800	5.2	102240
5739	-3116318400	6.3	102240
5739	-3113726400	9.1	102240
5739	-3111048000	13.6	102240
5739	-3108456000	17	102240
5739	-3105777600	17.6	102240
5739	-3103099200	13.5	102240
5739	-3100507200	6.1	102240
5739	-3097828800	1	102240
5739	-3095236800	-1.6	102240
5739	-3092558400	2.5	102240
5739	-3089880000	3.1	102240
5739	-3087374400	5.6	102240
5739	-3084696000	9	102240
5739	-3082104000	11.9	102240
5739	-3079425600	16	102240
5739	-3076833600	18.9	102240
5739	-3074155200	15.9	102240
5739	-3071476800	14.3	102240
5739	-3068884800	9.1	102240
5739	-3066206400	5.6	102240
5739	-3063614400	2.8	102240
5739	-3060936000	4.3	102240
5739	-3058257600	0.4	102240
5739	-3055838400	4.4	102240
5739	-3053160000	6.8	102240
5739	-3050568000	9.6	102240
5739	-3047889600	16	102240
5739	-3045297600	18.8	102240
5739	-3042619200	17.1	102240
5739	-3039940800	12.6	102240
5739	-3037348800	9.3	102240
5739	-3034670400	4.7	102240
5739	-3032078400	3.7	102240
5739	-3029400000	3.6	102240
5739	-3026721600	1.5	102240
5739	-3024302400	4.3	102240
5739	-3021624000	8.6	102240
5739	-3019032000	9.2	102240
5739	-3016353600	14.8	102240
5739	-3013761600	18.2	102240
5739	-3011083200	14.8	102240
5739	-3008404800	14.9	102240
5739	-3005812800	10.4	102240
5739	-3003134400	2.8	102240
5739	-3000542400	-1.4	102240
5739	-2997864000	2.8	102240
5739	-2995185600	-1.9	102240
5739	-2992766400	1.6	102240
5739	-2990088000	6.8	102240
5739	-2987496000	12.6	102240
5739	-2984817600	16.5	102240
5739	-2982225600	17.5	102240
5739	-2979547200	18.8	102240
5739	-2976868800	13.8	102240
5739	-2974276800	6.8	102240
5739	-2971598400	2.8	102240
5739	-2969006400	1	102240
5739	-2966328000	-1.4	102240
5739	-2963649600	2.1	102240
5739	-2961144000	4.1	102240
5739	-2958465600	8.4	102240
5739	-2955873600	9	102240
5739	-2953195200	15.8	102240
5739	-2950603200	17.6	102240
5739	-2947924800	17.2	102240
5739	-2945246400	12.9	102240
5739	-2942654400	11.1	102240
5739	-2939976000	3.1	102240
5739	-2937384000	2.6	102240
5739	-2934705600	4.1	102240
5739	-2932027200	4.2	102240
5739	-2929608000	3.1	102240
5739	-2926929600	6.4	102240
5739	-2924337600	9.9	102240
5739	-2921659200	17	102240
5739	-2919067200	17.1	102240
5739	-2916388800	17	102240
5739	-2913710400	11.1	102240
5739	-2911118400	8.5	102240
5739	-2908440000	7.5	102240
5739	-2905848000	2.9	102240
5739	-2903169600	2.5	102240
5739	-2900491200	4.9	102240
5739	-2898072000	4.6	102240
5739	-2895393600	9.6	102240
5739	-2892801600	12.9	102240
5739	-2890123200	15.8	102240
5739	-2887531200	16.3	102240
5739	-2884852800	17.7	102240
5739	-2882174400	14.4	102240
5739	-2879582400	10.4	102240
5739	-2876904000	4.7	102240
5739	-2874312000	1.5	102240
5739	-2871633600	-1.9	102240
5739	-2868955200	0.3	102240
5739	-2866536000	2.7	102240
5739	-2863857600	6.4	102240
5739	-2861265600	10.2	102240
5739	-2858587200	16	102240
5739	-2855995200	16	102240
5739	-2853316800	17.5	102240
5739	-2850638400	14.3	102240
5739	-2848046400	9.6	102240
5739	-2845368000	3.1	102240
5739	-2842776000	-3.1	102240
5739	-2840097600	-0.3	102240
5739	-2837419200	3	102240
5739	-2834913600	4.8	102240
5739	-2832235200	8.8	102240
5739	-2829643200	10.8	102240
5739	-2826964800	15.5	102240
5739	-2824372800	17.1	102240
5739	-2821694400	17.4	102240
5739	-2819016000	14.9	102240
5739	-2816424000	8	102240
5739	-2813745600	4.9	102240
5739	-2811153600	4.5	102240
5739	-2808475200	-3.5	102240
5739	-2805796800	0.1	102240
5739	-2803377600	2.4	102240
5739	-2800699200	5.7	102240
5739	-2798107200	11.9	102240
5739	-2795428800	14.5	102240
5739	-2792836800	18.3	102240
5739	-2790158400	15.7	102240
5739	-2787480000	12.5	102240
5739	-2784888000	5.7	102240
5739	-2782209600	7.1	102240
5739	-2779617600	2.9	102240
5739	-2776939200	2.6	102240
5739	-2774260800	4	102240
5739	-2771841600	7	102240
5739	-2769163200	8.2	102240
5739	-2766571200	11.9	102240
5739	-2763892800	14.9	102240
5739	-2761300800	17.4	102240
5739	-2758622400	15.8	102240
5739	-2755944000	14	102240
5739	-2753352000	9	102240
5739	-2750673600	4.9	102240
5739	-2748081600	1.6	102240
5739	-2745403200	1	102240
5739	-2742724800	4.2	102240
5739	-2740305600	-0.8	102240
5739	-2737627200	6.4	102240
5739	-2735035200	12.1	102240
5739	-2732356800	15.6	102240
5739	-2729764800	17	102240
5739	-2727086400	15.9	102240
5739	-2724408000	13.5	102240
5739	-2721816000	9.7	102240
5739	-2719137600	6.1	102240
5739	-2716545600	2.8	102240
5739	-2713867200	5	102240
5739	-2711188800	4.7	102240
5739	-2708683200	5.5	102240
5739	-2706004800	6	102240
5739	-2703412800	12.3	102240
5739	-2700734400	13.3	102240
5739	-2698142400	18.1	102240
5739	-2695464000	16.9	102240
5739	-2692785600	15.2	102240
5739	-2690193600	9.3	102240
5739	-2687515200	3.2	102240
5739	-2684923200	3.3	102240
5739	-2682244800	-0.9	102240
5739	-2679566400	5.1	102240
5739	-2677147200	3.6	102240
5739	-2674468800	8.7	102240
5739	-2671876800	9.8	102240
5739	-2669198400	15.8	102240
5739	-2666606400	17	102240
5739	-2663928000	14.2	102240
5739	-2661249600	12.5	102240
5739	-2658657600	8.3	102240
5739	-2655979200	2.3	102240
5739	-2653387200	1.9	102240
5739	-2650708800	0.3	102240
5739	-2648030400	-2	102240
5739	-2645611200	0.7	102240
5739	-2642932800	8	102240
5739	-2640340800	12.3	102240
5739	-2637662400	14.3	102240
5739	-2635070400	16.3	102240
5739	-2632392000	16.4	102240
5739	-2629713600	14.7	102240
5739	-2627121600	9.6	102240
5739	-2624443200	6.9	102240
5739	-2621851200	2.2	102240
5739	-2619172800	-1.4	102240
5739	-2616494400	1.7	102240
5739	-2614075200	2.4	102240
5739	-2611396800	6.5	102240
5739	-2608804800	10	102240
5739	-2606126400	15.2	102240
5739	-2603534400	18	102240
5739	-2600856000	15.7	102240
5739	-2598177600	12.9	102240
5739	-2595585600	6.8	102240
5739	-2592907200	4.3	102240
5739	-2590315200	1.2	102240
5739	-2587636800	0.2	102240
5739	-2584958400	-1.8	102240
5739	-2582452800	0.6	102240
5739	-2579774400	5.7	102240
5739	-2577182400	11.1	102240
5739	-2574504000	15.1	102240
5739	-2571912000	14.6	102240
5739	-2569233600	15	102240
5739	-2566555200	12	102240
5739	-2563963200	7.1	102240
5739	-2561284800	4.4	102240
5739	-2558692800	3	102240
5739	-2556014400	-1.4	102240
5739	-2553336000	-0.6	102240
5739	-2550916800	2	102240
5739	-2548238400	7.5	102240
5739	-2545646400	17	102240
5739	-2542968000	19.2	102240
5739	-2540376000	16.3	102240
5739	-2537697600	15.3	102240
5739	-2535019200	11.8	102240
5739	-2532427200	8.8	102240
5739	-2529748800	3.9	102240
5739	-2527156800	0.1	102240
5739	-2524478400	3.5	102240
5739	-2521800000	-0.8	102240
5739	-2519380800	5.3	102240
5739	-2516702400	6.7	102240
5739	-2514110400	13.9	102240
5739	-2511432000	14.1	102240
5739	-2508840000	15.4	102240
5739	-2506161600	16.2	102240
5739	-2503483200	14.2	102240
5739	-2500891200	8.6	102240
5739	-2498212800	3.7	102240
5739	-2495620800	-4.8	102240
5739	-2492942400	-3.3	102240
5739	-2490264000	1	102240
5739	-2487844800	2.7	102240
5739	-2485166400	5.7	102240
5739	-2482574400	12.6	102240
5739	-2479896000	15.2	102240
5739	-2477304000	16.4	102240
5739	-2474625600	14.9	102240
5739	-2471947200	14.4	102240
5739	-2469355200	10.1	102240
5739	-2466676800	3.8	102240
5739	-2464084800	3	102240
5739	-2461406400	-1.3	102240
5739	-2458728000	1	102240
5739	-2456222400	1.1	102240
5739	-2453544000	6.7	102240
5739	-2450952000	12.7	102240
5739	-2448273600	14.4	102240
5739	-2445681600	15.9	102240
5739	-2443003200	17.3	102240
5739	-2440324800	13.7	102240
5739	-2437732800	8.2	102240
5739	-2435054400	3.3	102240
5739	-2432462400	0.2	102240
5739	-2429784000	-5.4	102240
5739	-2427105600	2.3	102240
5739	-2424686400	5	102240
5739	-2422008000	8.3	102240
5739	-2419416000	12.7	102240
5739	-2416737600	15.6	102240
5739	-2414145600	17	102240
5739	-2411467200	17.1	102240
5739	-2408788800	12.4	102240
5739	-2406196800	10.2	102240
5739	-2403518400	3.2	102240
5739	-2400926400	2.4	102240
5739	-2398248000	0	102240
5739	-2395569600	2.8	102240
5739	-2393150400	5.8	102240
5739	-2390472000	10.1	102240
5739	-2387880000	11.6	102240
5739	-2385201600	14.2	102240
5739	-2382609600	17.5	102240
5739	-2379931200	14.8	102240
5739	-2377252800	11.2	102240
5739	-2374660800	7.9	102240
5739	-2371982400	5.7	102240
5739	-2369390400	2.5	102240
5739	-2366712000	-2.7	102240
5739	-2364033600	-4.8	102240
5739	-2361614400	3.2	102240
5739	-2358936000	9.3	102240
5739	-2356344000	12.7	102240
5739	-2353665600	15.6	102240
5739	-2351073600	16.6	102240
5739	-2348395200	16.5	102240
5739	-2345716800	14.5	102240
5739	-2343124800	7.6	102240
5739	-2340446400	4.9	102240
5739	-2337854400	1.1	102240
5739	-2335176000	1.4	102240
5739	-2332497600	1.8	102240
5739	-2329992000	5.9	102240
5739	-2327313600	6.9	102240
5739	-2324721600	11	102240
5739	-2322043200	17.9	102240
5739	-2319451200	17.9	102240
5739	-2316772800	15.2	102240
5739	-2314094400	13.7	102240
5739	-2311502400	9.4	102240
5739	-2308824000	1.8	102240
5739	-2306232000	1.2	102240
5739	-2303553600	-2.8	102240
5739	-2300875200	1.5	102240
5739	-2298456000	5.7	102240
5739	-2295777600	7.6	102240
5739	-2293185600	11.8	102240
5739	-2290507200	17.9	102240
5739	-2287915200	16.3	102240
5739	-2285236800	18.3	102240
5739	-2282558400	13.2	102240
5739	-2279966400	8.2	102240
5739	-2277288000	4.3	102240
5739	-2274696000	3.3	102240
5739	-2272017600	4.7	102240
5739	-2269339200	2.8	102240
5739	-2266920000	3.4	102240
5739	-2264241600	7.6	102240
5739	-2261649600	11.3	102240
5739	-2258971200	15.2	102240
5739	-2256379200	14.3	102240
5739	-2253700800	18.5	102240
5739	-2251022400	14.8	102240
5739	-2248430400	8.8	102240
5739	-2245752000	5.8	102240
5739	-2243160000	5.4	102240
5739	-2240481600	3.5	102240
5739	-2237803200	3.4	102240
5739	-2235384000	3.1	102240
5739	-2232705600	7.6	102240
5739	-2230113600	11.7	102240
5739	-2227435200	15.6	102240
5739	-2224843200	18.5	102240
5739	-2222164800	16.9	102240
5739	-2219486400	13.1	102240
5739	-2216894400	8.9	102240
5739	-2214216000	8.5	102240
5739	-2211624000	-1.5	102240
5739	-2208945600	1.9	102240
5739	-2206267200	1.8	102240
5739	-2203848000	2.1	102240
5739	-2201169600	7	102240
5739	-2198577600	11.8	102240
5739	-2195899200	16.6	102240
5739	-2193307200	19	102240
5739	-2190628800	17	102240
5739	-2187950400	14.3	102240
5739	-2185358400	9.9	102240
5739	-2182680000	5.6	102240
5739	-2180088000	4.7	102240
5739	-2177409600	-2.8	102240
5739	-2174731200	-1.7	102240
5739	-2172312000	3	102240
5739	-2169633600	8.7	102240
5739	-2167041600	12.9	102240
5739	-2164363200	15.4	102240
5739	-2161771200	19.4	102240
5739	-2159092800	17	102240
5739	-2156414400	14.4	102240
5739	-2153822400	10.3	102240
5739	-2151144000	4.8	102240
5739	-2148552000	2.2	102240
5739	-2145873600	4.4	102240
5739	-2143195200	-1.6	102240
5739	-2140776000	4.2	102240
5739	-2138097600	8	102240
5739	-2135505600	9.5	102240
5739	-2132827200	16.7	102240
5739	-2130235200	15.6	102240
5739	-2127556800	15	102240
5739	-2124878400	12.5	102240
5739	-2122286400	8.1	102240
5739	-2119608000	3.1	102240
5739	-2117016000	-0.1	102240
5739	-2114337600	2.5	102240
5739	-2111659200	5.5	102240
5739	-2109240000	7.1	102240
5739	-2106561600	5.8	102240
5739	-2103969600	13.7	102240
5739	-2101291200	15.5	102240
5739	-2098699200	16.9	102240
5739	-2096020800	15.6	102240
5739	-2093342400	14.9	102240
5739	-2090750400	10.8	102240
5739	-2088072000	5.5	102240
5739	-2085480000	0.7	102240
5739	-2082801600	0.8	102240
5739	-2080123200	2.4	102240
5739	-2077617600	3.8	102240
5739	-2074939200	9.3	102240
5739	-2072347200	13	102240
5739	-2069668800	15.1	102240
5739	-2067076800	18.6	102240
5739	-2064398400	16.9	102240
5739	-2061720000	13	102240
5739	-2059128000	9	102240
5739	-2056449600	5.3	102240
5739	-2053857600	4.3	102240
5739	-2051179200	0.6	102240
5739	-2048500800	2.8	102240
5739	-2046081600	5.5	102240
5739	-2043403200	6	102240
5739	-2040811200	13	102240
5739	-2038132800	18.3	102240
5739	-2035540800	18.5	102240
5739	-2032862400	16.9	102240
5739	-2030184000	13.6	102240
5739	-2027592000	6.2	102240
5739	-2024913600	3.9	102240
5739	-2022321600	2.5	102240
5739	-2019643200	3	102240
5739	-2016964800	2.3	102240
5739	-2014545600	3.4	102240
5739	-2011867200	8.6	102240
5739	-2009275200	14.2	102240
5739	-2006596800	15.6	102240
5739	-2004004800	18.2	102240
5739	-2001326400	17.3	102240
5739	-1998648000	14	102240
5739	-1996056000	11.1	102240
5739	-1993377600	8.1	102240
5739	-1990785600	-1	102240
5739	-1988107200	1.4	102240
5739	-1985428800	0	102240
5739	-1983009600	4.1	102240
5739	-1980331200	7.6	102240
5739	-1977739200	13.6	102240
5739	-1975060800	14.9	102240
5739	-1972468800	14.8	102240
5739	-1969790400	15.7	102240
5739	-1967112000	13.9	102240
5739	-1964520000	12.6	102240
5739	-1961841600	4	102240
5739	-1959249600	3	102240
5739	-1956571200	0	102240
5739	-1953892800	3.3	102240
5739	-1951387200	3.7	102240
5739	-1948708800	6.1	102240
5739	-1946116800	13.3	102240
5739	-1943438400	17.3	102240
5739	-1940846400	17.9	102240
5739	-1938168000	15.4	102240
5739	-1935489600	13.4	102240
5739	-1932897600	9.7	102240
5739	-1930219200	3.2	102240
5739	-1927627200	1.1	102240
5739	-1924948800	0.3	102240
5739	-1922270400	-0.6	102240
5739	-1919851200	2.5	102240
5739	-1917172800	8.3	102240
5739	-1914580800	11.4	102240
5739	-1911902400	14.2	102240
5739	-1909310400	15.4	102240
5739	-1906632000	16.5	102240
5739	-1903953600	13.3	102240
5739	-1901361600	11.4	102240
5739	-1898683200	3.9	102240
5739	-1896091200	2.8	102240
5739	-1893412800	2.9	102240
5739	-1890734400	4.2	102240
5739	-1888315200	5.3	102240
5739	-1885636800	8	102240
5739	-1883044800	13.4	102240
5739	-1880366400	17.9	102240
5739	-1877774400	16.3	102240
5739	-1875096000	17	102240
5739	-1872417600	13.7	102240
5739	-1869825600	10.1	102240
5739	-1867147200	3.1	102240
5739	-1864555200	4.2	102240
5739	-1861876800	1.6	102240
5739	-1859198400	3.3	102240
5739	-1856779200	4.9	102240
5739	-1854100800	7.9	102240
5739	-1851508800	14.9	102240
5739	-1848830400	15.6	102240
5739	-1846238400	19	102240
5739	-1843560000	19.5	102240
5739	-1840881600	14.9	102240
5739	-1838289600	9.3	102240
5739	-1835611200	5.8	102240
5739	-1833019200	4.6	102240
5739	-1830340800	-1.1	102240
5739	-1827662400	3.3	102240
5739	-1825156800	7.2	102240
5739	-1822478400	8.2	102240
5739	-1819886400	11.8	102240
5739	-1817208000	16.3	102240
5739	-1814616000	19.5	102240
5739	-1811937600	15	102240
5739	-1809259200	10.5	102240
5739	-1806667200	8	102240
5739	-1803988800	5	102240
5739	-1801396800	5.5	102240
5739	-1798718400	1	102240
5739	-1796040000	3.5	102240
5739	-1793620800	6.7	102240
5739	-1790942400	8.7	102240
5739	-1788350400	13.5	102240
5739	-1785672000	15.4	102240
5739	-1783080000	15.4	102240
5739	-1780401600	15.5	102240
5739	-1777723200	13.9	102240
5739	-1775131200	10.4	102240
5739	-1772452800	8	102240
5739	-1769860800	3.8	102240
5739	-1767182400	0	102240
5739	-1764504000	5.9	102240
5739	-1762084800	5.6	102240
5739	-1759406400	10.3	102240
5739	-1756814400	11.6	102240
5739	-1754136000	15.3	102240
5739	-1751544000	19.1	102240
5739	-1748865600	18.1	102240
5739	-1746187200	13.6	102240
5739	-1743595200	9.6	102240
5739	-1740916800	4.9	102240
5739	-1738324800	4.8	102240
5739	-1735646400	1.6	102240
5739	-1732968000	2.2	102240
5739	-1730548800	2.6	102240
5739	-1727870400	7.5	102240
5739	-1725278400	12.2	102240
5739	-1722600000	17	102240
5739	-1720008000	16.2	102240
5739	-1717329600	15.6	102240
5739	-1714651200	13.3	102240
5739	-1712059200	6.9	102240
5739	-1709380800	2.8	102240
5739	-1706788800	3.8	102240
5739	-1704110400	5	102240
5739	-1701432000	1.7	102240
5739	-1698926400	3.3	102240
5739	-1696248000	8.9	102240
5739	-1693656000	13.2	102240
5739	-1690977600	12.9	102240
5739	-1688385600	16	102240
5739	-1685707200	16.3	102240
5739	-1683028800	12.8	102240
5739	-1680436800	9.4	102240
5739	-1677758400	5.6	102240
5739	-1675166400	2.3	102240
5739	-1672488000	-1	102240
5739	-1669809600	-1.8	102240
5739	-1667390400	0.5	102240
5739	-1664712000	4.6	102240
5739	-1662120000	15.2	102240
5739	-1659441600	20.1	102240
5739	-1656849600	17.7	102240
5739	-1654171200	17.6	102240
5739	-1651492800	14.7	102240
5739	-1648900800	7.8	102240
5739	-1646222400	7	102240
5739	-1643630400	-0.1	102240
5739	-1640952000	2.1	102240
5739	-1638273600	3.3	102240
5739	-1635854400	4.6	102240
5739	-1633176000	9.2	102240
5739	-1630584000	14.5	102240
5739	-1627905600	13.5	102240
5739	-1625313600	17	102240
5739	-1622635200	16.3	102240
5739	-1619956800	13	102240
5739	-1617364800	9.7	102240
5739	-1614686400	4.3	102240
5739	-1612094400	5.2	102240
5739	-1609416000	1.7	102240
5739	-1606737600	0.4	102240
5739	-1604318400	3.4	102240
5739	-1601640000	6.8	102240
5739	-1599048000	12.7	102240
5739	-1596369600	15.1	102240
5739	-1593777600	14.7	102240
5739	-1591099200	16	102240
5739	-1588420800	15	102240
5739	-1585828800	7.2	102240
5739	-1583150400	0.8	102240
5739	-1580558400	1.7	102240
5739	-1577880000	3.6	102240
5739	-1575201600	4.9	102240
5739	-1572696000	7.3	102240
5739	-1570017600	9.8	102240
5739	-1567425600	13.9	102240
5739	-1564747200	15.9	102240
5739	-1562155200	18.1	102240
5739	-1559476800	15.1	102240
5739	-1556798400	13.7	102240
5739	-1554206400	7.5	102240
5739	-1551528000	2.6	102240
5739	-1548936000	1.6	102240
5739	-1546257600	5.6	102240
5739	-1543579200	2.9	102240
5739	-1541160000	7.3	102240
5739	-1538481600	9.1	102240
5739	-1535889600	14.9	102240
5739	-1533211200	14.5	102240
5739	-1530619200	18.3	102240
5739	-1527940800	17.7	102240
5739	-1525262400	14.2	102240
5739	-1522670400	12.2	102240
5739	-1519992000	1.1	102240
5739	-1517400000	2.6	102240
5739	-1514721600	-1.6	102240
5739	-1512043200	0.1	102240
5739	-1509624000	4	102240
5739	-1506945600	6.2	102240
5739	-1504353600	14.3	102240
5739	-1501675200	15.5	102240
5739	-1499083200	15.9	102240
5739	-1496404800	15.8	102240
5739	-1493726400	11.9	102240
5739	-1491134400	5.5	102240
5739	-1488456000	4.1	102240
5739	-1485864000	4.6	102240
5739	-1483185600	3.7	102240
5739	-1480507200	1.1	102240
5739	-1478088000	6	102240
5739	-1475409600	7.5	102240
5739	-1472817600	11.1	102240
5739	-1470139200	11.5	102240
5739	-1467547200	19.6	102240
5739	-1464868800	15.7	102240
5739	-1462190400	13.6	102240
5739	-1459598400	11	102240
5739	-1456920000	3.6	102240
5739	-1454328000	-1.3	102240
5739	-1451649600	-1.1	102240
5739	-1448971200	-1.1	102240
5739	-1446465600	3	102240
5739	-1443787200	6.7	102240
5739	-1441195200	14.5	102240
5739	-1438516800	15.8	102240
5739	-1435924800	17.4	102240
5739	-1433246400	15.5	102240
5739	-1430568000	14.6	102240
5739	-1427976000	10.2	102240
5739	-1425297600	4.4	102240
5739	-1422705600	3.9	102240
5739	-1420027200	4.3	102240
5739	-1417348800	4.9	102240
5739	-1414929600	2.8	102240
5739	-1412251200	9.1	102240
5739	-1409659200	15.6	102240
5739	-1406980800	15.1	102240
5739	-1404388800	19.9	102240
5739	-1401710400	17.4	102240
5739	-1399032000	12.3	102240
5739	-1396440000	9.7	102240
5739	-1393761600	3.1	102240
5739	-1391169600	0.3	102240
5739	-1388491200	1	102240
5739	-1385812800	4.8	102240
5739	-1383393600	5.3	102240
5739	-1380715200	10.4	102240
5739	-1378123200	11	102240
5739	-1375444800	15.3	102240
5739	-1372852800	18.6	102240
5739	-1370174400	16.9	102240
5739	-1367496000	15.2	102240
5739	-1364904000	8.2	102240
5739	-1362225600	6.9	102240
5739	-1359633600	2.8	102240
5739	-1356955200	3.7	102240
5739	-1354276800	2.5	102240
5739	-1351857600	7.4	102240
5739	-1349179200	7.3	102240
5739	-1346587200	10.8	102240
5739	-1343908800	13.7	102240
5739	-1341316800	18.2	102240
5739	-1338638400	17.4	102240
5739	-1335960000	14.2	102240
5739	-1333368000	10.5	102240
5739	-1330689600	3	102240
5739	-1328097600	-2	102240
5739	-1325419200	2.6	102240
5739	-1322740800	4	102240
5739	-1320235200	3.8	102240
5739	-1317556800	8.2	102240
5739	-1314964800	10.9	102240
5739	-1312286400	14.1	102240
5739	-1309694400	17.7	102240
5739	-1307016000	16.4	102240
5739	-1304337600	13.2	102240
5739	-1301745600	9.8	102240
5739	-1299067200	7.5	102240
5739	-1296475200	1.5	102240
5739	-1293796800	-2.8	102240
5739	-1291118400	-8	102240
5739	-1288699200	3.4	102240
5739	-1286020800	5	102240
5739	-1283428800	13.6	102240
5739	-1280750400	14.4	102240
5739	-1278158400	17.7	102240
5739	-1275480000	17.5	102240
5739	-1272801600	16.3	102240
5739	-1270209600	10.4	102240
5739	-1267531200	5.8	102240
5739	-1264939200	4.9	102240
5739	-1262260800	4.5	102240
5739	-1259582400	1	102240
5739	-1257163200	4.4	102240
5739	-1254484800	9.1	102240
5739	-1251892800	12.1	102240
5739	-1249214400	19	102240
5739	-1246622400	17.3	102240
5739	-1243944000	17.4	102240
5739	-1241265600	14.1	102240
5739	-1238673600	10.1	102240
5739	-1235995200	6.6	102240
5739	-1233403200	2	102240
5739	-1230724800	1.9	102240
5739	-1228046400	0.7	102240
5739	-1225627200	1.7	102240
5739	-1222948800	6.9	102240
5739	-1220356800	15.7	102240
5739	-1217678400	16.1	102240
5739	-1215086400	17.8	102240
5739	-1212408000	16.8	102240
5739	-1209729600	11.7	102240
5739	-1207137600	9	102240
5739	-1204459200	6.5	102240
5739	-1201867200	2.5	102240
5739	-1199188800	4.4	102240
5739	-1196510400	1.2	102240
5739	-1194004800	2.2	102240
5739	-1191326400	8	102240
5739	-1188734400	13.9	102240
5739	-1186056000	15.8	102240
5739	-1183464000	19.6	102240
5739	-1180785600	19.3	102240
5739	-1178107200	14.9	102240
5739	-1175515200	9.2	102240
5739	-1172836800	5.5	102240
5739	-1170244800	3.3	102240
5739	-1167566400	-0.5	102240
5739	-1164888000	2	102240
5739	-1162468800	6.7	102240
5739	-1159790400	8	102240
5739	-1157198400	12.6	102240
5739	-1154520000	16.7	102240
5739	-1151928000	18.6	102240
5739	-1149249600	17.7	102240
5739	-1146571200	14.8	102240
5739	-1143979200	10.3	102240
5739	-1141300800	4	102240
5739	-1138708800	-2	102240
5739	-1136030400	2.5	102240
5739	-1133352000	3.6	102240
5739	-1130932800	5.2	102240
5739	-1128254400	11.2	102240
5739	-1125662400	13.6	102240
5739	-1122984000	16.7	102240
5739	-1120392000	18.2	102240
5739	-1117713600	17.3	102240
5739	-1115035200	17	102240
5739	-1112443200	11.2	102240
5739	-1109764800	6.1	102240
5739	-1107172800	5.9	102240
5739	-1104494400	1.7	102240
5739	-1101816000	3.9	102240
5739	-1099396800	4.4	102240
5739	-1096718400	8.5	102240
5739	-1094126400	11.5	102240
5739	-1091448000	18.1	102240
5739	-1088856000	17.9	102240
5739	-1086177600	17.8	102240
5739	-1083499200	14.6	102240
5739	-1080907200	9.9	102240
5739	-1078228800	7	102240
5739	-1075636800	2.5	102240
5739	-1072958400	3.9	102240
5739	-1070280000	1	102240
5739	-1067774400	5.2	102240
5739	-1065096000	5.4	102240
5739	-1062504000	12.4	102240
5739	-1059825600	17.2	102240
5739	-1057233600	16.9	102240
5739	-1054555200	16.9	102240
5739	-1051876800	13.6	102240
5739	-1049284800	7.7	102240
5739	-1046606400	4.6	102240
5739	-1044014400	2.8	102240
5739	-1041336000	-0.6	102240
5739	-1038657600	3.1	102240
5739	-1036238400	2.9	102240
5739	-1033560000	9	102240
5739	-1030968000	14.7	102240
5739	-1028289600	16.2	102240
5739	-1025697600	17.2	102240
5739	-1023019200	17.4	102240
5739	-1020340800	13.2	102240
5739	-1017748800	10.6	102240
5739	-1015070400	3.7	102240
5739	-1012478400	0.4	102240
5739	-1009800000	3.5	102240
5739	-1007121600	2.6	102240
5739	-1004702400	7.5	102240
5739	-1002024000	6.3	102240
5739	-999432000	11.5	102240
5739	-996753600	15.6	102240
5739	-994161600	16.6	102240
5739	-991483200	18.9	102240
5739	-988804800	14.8	102240
5739	-986212800	9.4	102240
5739	-983534400	8.2	102240
5739	-980942400	-0.7	102240
5739	-978264000	3.5	102240
5739	-975585600	3.3	102240
5739	-973166400	3.2	102240
5739	-970488000	8.4	102240
5739	-967896000	12	102240
5739	-965217600	16.8	102240
5739	-962625600	17.5	102240
5739	-959947200	18	102240
5739	-957268800	14.3	102240
5739	-954676800	6.4	102240
5739	-951998400	5.9	102240
5739	-949406400	-0.4	102240
5739	-946728000	-8.2	102240
5739	-944049600	-5.2	102240
5739	-941544000	3.4	102240
5739	-938865600	8.3	102240
5739	-936273600	13.3	102240
5739	-933595200	17	102240
5739	-931003200	16.2	102240
5739	-928324800	14.9	102240
5739	-925646400	12.2	102240
5739	-923054400	7.9	102240
5739	-920376000	6.4	102240
5739	-917784000	-0.3	102240
5739	-915105600	-4.9	102240
5739	-912427200	-0.3	102240
5739	-910008000	3.1	102240
5739	-907329600	6.1	102240
5739	-904737600	10.4	102240
5739	-902059200	17.3	102240
5739	-899467200	19.8	102240
5739	-896788800	15.2	102240
5739	-894110400	13.1	102240
5739	-891518400	8.8	102240
5739	-888840000	3	102240
5739	-886248000	3.6	102240
5739	-883569600	-6.4	102240
5739	-880891200	-4.9	102240
5739	-878472000	1.2	102240
5739	-875793600	8	102240
5739	-873201600	12.3	102240
5739	-870523200	14.2	102240
5739	-867931200	16.2	102240
5739	-865252800	18.5	102240
5739	-862574400	14.7	102240
5739	-859982400	11.2	102240
5739	-857304000	4.7	102240
5739	-854712000	3.9	102240
5739	-852033600	0.8	102240
5739	-849355200	4.2	102240
5739	-846936000	6.5	102240
5739	-844257600	9.8	102240
5739	-841665600	13.2	102240
5739	-838987200	15	102240
5739	-836395200	17.8	102240
5739	-833716800	17.3	102240
5739	-831038400	13.8	102240
5739	-828446400	10.1	102240
5739	-825768000	3.7	102240
5739	-823176000	1.3	102240
5739	-820497600	4.6	102240
5739	-817819200	1.3	102240
5739	-815313600	2.6	102240
5739	-812635200	9.2	102240
5739	-810043200	11.8	102240
5739	-807364800	14.1	102240
5739	-804772800	17.7	102240
5739	-802094400	20	102240
5739	-799416000	13	102240
5739	-796824000	9	102240
5739	-794145600	5.4	102240
5739	-791553600	1.1	102240
5739	-788875200	-2	102240
5739	-786196800	5.2	102240
5739	-783777600	7	102240
5739	-781099200	9.1	102240
5739	-778507200	13.9	102240
5739	-775828800	17	102240
5739	-773236800	18.1	102240
5739	-770558400	17.5	102240
5739	-767880000	14.2	102240
5739	-765288000	11	102240
5739	-762609600	4.9	102240
5739	-760017600	2.8	102240
5739	-757339200	0	102240
5739	-754660800	3.3	102240
5739	-752241600	3.4	102240
5739	-749563200	10	102240
5739	-746971200	13.8	102240
5739	-744292800	16.1	102240
5739	-741700800	18.4	102240
5739	-739022400	16.5	102240
5739	-736344000	14.4	102240
5739	-733752000	7.9	102240
5739	-731073600	5.5	102240
5739	-728481600	-1.2	102240
5739	-725803200	-3.7	102240
5739	-723124800	-7.2	102240
5739	-720705600	2.5	102240
5739	-718027200	9.6	102240
5739	-715435200	16	102240
5739	-712756800	18.6	102240
5739	-710164800	18.9	102240
5739	-707486400	19.1	102240
5739	-704808000	16.9	102240
5739	-702216000	8.9	102240
5739	-699537600	6.6	102240
5739	-696945600	3.2	102240
5739	-694267200	3.8	102240
5739	-691588800	2	102240
5739	-689083200	6.1	102240
5739	-686404800	10.9	102240
5739	-683812800	13.3	102240
5739	-681134400	16	102240
5739	-678542400	17.4	102240
5739	-675864000	17.1	102240
5739	-673185600	15.2	102240
5739	-670593600	9.9	102240
5739	-667915200	5.6	102240
5739	-665323200	3.4	102240
5739	-662644800	3.7	102240
5739	-659966400	3.8	102240
5739	-657547200	3	102240
5739	-654868800	10.3	102240
5739	-652276800	12.1	102240
5739	-649598400	14.1	102240
5739	-647006400	16.9	102240
5739	-644328000	16.9	102240
5739	-641649600	16.6	102240
5739	-639057600	11.2	102240
5739	-636379200	5	102240
5739	-633787200	4.3	102240
5739	-631108800	0.9	102240
5739	-628430400	4.1	102240
5739	-626011200	6.1	102240
5739	-623332800	7.3	102240
5739	-620740800	13.4	102240
5739	-618062400	17.7	102240
5739	-615470400	17.5	102240
5739	-612792000	18	102240
5739	-610113600	13.1	102240
5739	-607521600	8.4	102240
5739	-604843200	5	102240
5739	-602251200	-0.7	102240
5739	-599572800	2.5	102240
5739	-596894400	2.4	102240
5739	-594475200	2.9	102240
5739	-591796800	7.2	102240
5739	-589204800	11.9	102240
5739	-586526400	15.9	102240
5739	-583934400	17.1	102240
5739	-581256000	17.4	102240
5739	-578577600	15.1	102240
5739	-575985600	8	102240
5739	-573307200	7.5	102240
5739	-570715200	4.3	102240
5739	-568036800	1.6	102240
5739	-565358400	1.9	102240
5739	-562852800	2.8	102240
5739	-560174400	10.9	102240
5739	-557582400	12.8	102240
5739	-554904000	15	102240
5739	-552312000	17.4	102240
5739	-549633600	17.4	102240
5739	-546955200	11	102240
5739	-544363200	7.5	102240
5739	-541684800	2.1	102240
5739	-539092800	0.8	102240
5739	-536414400	1.3	102240
5739	-533736000	0.9	102240
5739	-531316800	5	102240
5739	-528638400	9.2	102240
5739	-526046400	13.5	102240
5739	-523368000	17.2	102240
5739	-520776000	17.4	102240
5739	-518097600	16.7	102240
5739	-515419200	13.4	102240
5739	-512827200	11	102240
5739	-510148800	6.8	102240
5739	-507556800	4	102240
5739	-504878400	-1.1	102240
5739	-502200000	-3.1	102240
5739	-499780800	4.2	102240
5739	-497102400	6.6	102240
5739	-494510400	13.1	102240
5739	-491832000	16.2	102240
5739	-489240000	14.7	102240
5739	-486561600	16.1	102240
5739	-483883200	13.7	102240
5739	-481291200	11.1	102240
5739	-478612800	5	102240
5739	-476020800	4.6	102240
5739	-473342400	-0.8	102240
5739	-470664000	-1.2	102240
5739	-468244800	1	102240
5739	-465566400	7.7	102240
5739	-462974400	10.2	102240
5739	-460296000	14.5	102240
5739	-457704000	18.5	102240
5739	-455025600	18	102240
5739	-452347200	14.2	102240
5739	-449755200	9	102240
5739	-447076800	5.5	102240
5739	-444484800	3.8	102240
5739	-441806400	1.1	102240
5739	-439128000	-7.4	102240
5739	-436622400	3.9	102240
5739	-433944000	5.2	102240
5739	-431352000	12.7	102240
5739	-428673600	13.8	102240
5739	-426081600	17	102240
5739	-423403200	13.8	102240
5739	-420724800	14	102240
5739	-418132800	9.1	102240
5739	-415454400	4.4	102240
5739	-412862400	4.1	102240
5739	-410184000	3	102240
5739	-407505600	4.2	102240
5739	-405086400	6.6	102240
5739	-402408000	8.1	102240
5739	-399816000	10.4	102240
5739	-397137600	17	102240
5739	-394545600	17.6	102240
5739	-391867200	15.8	102240
5739	-389188800	12	102240
5739	-386596800	10.3	102240
5739	-383918400	5.7	102240
5739	-381326400	1.8	102240
5739	-378648000	0.6	102240
5739	-375969600	2.2	102240
5739	-373550400	0.7	102240
5739	-370872000	6	102240
5739	-368280000	12.9	102240
5739	-365601600	14.9	102240
5739	-363009600	17.2	102240
5739	-360331200	17.2	102240
5739	-357652800	15.1	102240
5739	-355060800	10.7	102240
5739	-352382400	4.9	102240
5739	-349790400	4.1	102240
5739	-347112000	0.9	102240
5739	-344433600	0.7	102240
5739	-342014400	6.4	102240
5739	-339336000	10	102240
5739	-336744000	13.3	102240
5739	-334065600	16.6	102240
5739	-331473600	19.3	102240
5739	-328795200	18.5	102240
5739	-326116800	14.6	102240
5739	-323524800	9.9	102240
5739	-320846400	4	102240
5739	-318254400	3	102240
5739	-315576000	1.9	102240
5739	-312897600	1.6	102240
5739	-310392000	4.9	102240
5739	-307713600	8	102240
5739	-305121600	13.2	102240
5739	-302443200	16.5	102240
5739	-299851200	15.7	102240
5739	-297172800	15.6	102240
5739	-294494400	13.4	102240
5739	-291902400	9.9	102240
5739	-289224000	7	102240
5739	-286632000	2.5	102240
5739	-283953600	0.6	102240
5739	-281275200	5.5	102240
5739	-278856000	6.7	102240
5739	-276177600	10.5	102240
5739	-273585600	10.9	102240
5739	-270907200	16.7	102240
5739	-268315200	15.5	102240
5739	-265636800	15.9	102240
5739	-262958400	16.4	102240
5739	-260366400	10.9	102240
5739	-257688000	4.5	102240
5739	-255096000	0.1	102240
5739	-252417600	3.2	102240
5739	-249739200	2	102240
5739	-247320000	0.8	102240
5739	-244641600	8.3	102240
5739	-242049600	10	102240
5739	-239371200	14.1	102240
5739	-236779200	14.8	102240
5739	-234100800	15	102240
5739	-231422400	12.7	102240
5739	-228830400	10	102240
5739	-226152000	3.8	102240
5739	-223560000	-1.9	102240
5739	-220881600	-6.1	102240
5739	-218203200	-4.6	102240
5739	-215784000	3	102240
5739	-213105600	8.8	102240
5739	-210513600	12.2	102240
5739	-207835200	16.6	102240
5739	-205243200	17.3	102240
5739	-202564800	16	102240
5739	-199886400	13.6	102240
5739	-197294400	8.9	102240
5739	-194616000	8	102240
5739	-192024000	-1.5	102240
5739	-189345600	-0.5	102240
5739	-186667200	1.8	102240
5739	-184161600	1.3	102240
5739	-181483200	9.2	102240
5739	-178891200	14.1	102240
5739	-176212800	16.4	102240
5739	-173620800	17.5	102240
5739	-170942400	16.1	102240
5739	-168264000	13.9	102240
5739	-165672000	7.6	102240
5739	-162993600	5.5	102240
5739	-160401600	1.7	102240
5739	-157723200	2.6	102240
5739	-155044800	1.1	102240
5739	-152625600	3.3	102240
5739	-149947200	7.4	102240
5739	-147355200	11.8	102240
5739	-144676800	15.4	102240
5739	-142084800	14.9	102240
5739	-139406400	15	102240
5739	-136728000	13.2	102240
5739	-134136000	9.2	102240
5739	-131457600	1	102240
5739	-128865600	3.3	102240
5739	-126187200	-1.1	102240
5739	-123508800	1.7	102240
5739	-121089600	4.4	102240
5739	-118411200	7.9	102240
5739	-115819200	13.9	102240
5739	-113140800	17.9	102240
5739	-110548800	16.1	102240
5739	-107870400	16	102240
5739	-105192000	13.5	102240
5739	-102600000	10.9	102240
5739	-99921600	3.4	102240
5739	-97329600	3.2	102240
5739	-94651200	2.9	102240
5739	-91972800	4.3	102240
5739	-89553600	6.4	102240
5739	-86875200	7.3	102240
5739	-84283200	13	102240
5739	-81604800	15.7	102240
5739	-79012800	18.6	102240
5739	-76334400	16.9	102240
5739	-73656000	14.3	102240
5739	-71064000	11.2	102240
5739	-68385600	5.2	102240
5739	-65793600	2.4	102240
5739	-63115200	0.4	102240
5739	-60436800	1.2	102240
5739	-57931200	5.6	102240
5739	-55252800	10.1	102240
5739	-52660800	11.2	102240
5739	-49982400	16.9	102240
5739	-47390400	16.8	102240
5739	-44712000	17.9	102240
5739	-42033600	14.5	102240
5739	-39441600	11	102240
5739	-36763200	5.1	102240
5739	-34171200	-1	102240
5739	-31492800	2.6	102240
5739	-28814400	-1	102240
5739	-26395200	0.6	102240
5739	-23716800	7.7	102240
5739	-21124800	12.9	102240
5739	-18446400	16.1	102240
5739	-15854400	18.8	102240
5739	-13176000	17.8	102240
5739	-10497600	14.6	102240
5739	-7905600	11.5	102240
5739	-5227200	5.9	102240
5739	-2635200	-3.2	102240
5739	43200	-2.3	102240
5739	2721600	-0.4	102240
5739	5140800	2.1	102240
5739	7819200	5.7	102240
5739	10411200	13	102240
5739	13089600	18.2	102240
5739	15681600	16.5	102240
5739	18360000	17.5	102240
5739	21038400	13.7	102240
5739	23630400	9.9	102240
5739	26308800	6.7	102240
5739	28900800	2.1	102240
5739	31579200	0.7	102240
5739	34257600	3.4	102240
5739	36676800	2.4	102240
5739	39355200	8.1	102240
5739	41947200	14.9	102240
5739	44625600	14.9	102240
5739	47217600	18.2	102240
5739	49896000	18	102240
5739	52574400	13.2	102240
5739	55166400	9.9	102240
5739	57844800	5	102240
5739	60436800	5.5	102240
5739	63115200	-1.9	102240
5739	65793600	2.5	102240
5739	68299200	6	102240
5739	70977600	7.8	102240
5739	73569600	12.7	102240
5739	76248000	15	102240
5739	78840000	18.5	102240
5739	81518400	16.4	102240
5739	84196800	11.7	102240
5739	86788800	8.5	102240
5739	89467200	5.7	102240
5739	92059200	3	102240
5739	94737600	2.2	102240
5739	97416000	3.1	102240
5739	99835200	5.8	102240
5739	102513600	5.9	102240
5739	105105600	12.7	102240
5739	107784000	17.2	102240
5739	110376000	18.4	102240
5739	113054400	18.3	102240
5739	115732800	14.9	102240
5739	118324800	8.6	102240
5739	121003200	4.6	102240
5739	123595200	2.2	102240
5739	126273600	4.7	102240
5739	128952000	4.4	102240
5739	131371200	6.1	102240
5739	134049600	9.5	102240
5739	136641600	12.2	102240
5739	139320000	15.2	102240
5739	141912000	15.6	102240
5739	144590400	17.7	102240
5739	147268800	13.6	102240
5739	149860800	7.1	102240
5739	152539200	6.4	102240
5739	155131200	6.7	102240
5739	157809600	6.5	102240
5739	160488000	2.8	102240
5739	162907200	4.6	102240
5739	165585600	7.3	102240
5739	168177600	11.8	102240
5739	170856000	16.3	102240
5739	173448000	19	102240
5739	176126400	20.9	102240
5739	178804800	15.8	102240
5739	181396800	8.5	102240
5739	184075200	4.7	102240
5739	186667200	3.9	102240
5739	189345600	2.6	102240
5739	192024000	1.7	102240
5739	194529600	2.2	102240
5739	197208000	7.9	102240
5739	199800000	13.5	102240
5739	202478400	18	102240
5739	205070400	20.1	102240
5739	207748800	17.9	102240
5739	210427200	13.6	102240
5739	213019200	10.4	102240
5739	215697600	6.2	102240
5739	218289600	0.6	102240
5739	220968000	1.5	102240
5739	223646400	4.1	102240
5739	226065600	6.5	102240
5739	228744000	6.4	102240
5739	231336000	13.1	102240
5739	234014400	16	102240
5739	236606400	17.3	102240
5739	239284800	16.8	102240
5739	241963200	13.1	102240
5739	244555200	11.1	102240
5739	247233600	6.3	102240
5739	249825600	4.1	102240
5739	252504000	2	102240
5739	255182400	-0.2	102240
5739	257601600	5.9	102240
5739	260280000	6.9	102240
5739	262872000	13.5	102240
5739	265550400	15.1	102240
5739	268142400	15.4	102240
5739	270820800	15.4	102240
5739	273499200	12.5	102240
5739	276091200	10.3	102240
5739	278769600	5.8	102240
5739	281361600	0.2	102240
5739	284040000	-4.2	102240
5739	286718400	-3.1	102240
5739	289137600	3.4	102240
5739	291816000	7.1	102240
5739	294408000	12.2	102240
5739	297086400	15.7	102240
5739	299678400	14.9	102240
5739	302356800	15.3	102240
5739	305035200	12.7	102240
5739	307627200	9	102240
5739	310305600	4.5	102240
5739	312897600	4.5	102240
5739	315576000	-1.7	102240
5739	318254400	2.3	102240
5739	320760000	3.5	102240
5739	323438400	7.5	102240
5739	326030400	11.2	102240
5739	328708800	15.2	102240
5739	331300800	15.5	102240
5739	333979200	16.6	102240
5739	336657600	14.5	102240
5739	339249600	8.7	102240
5739	341928000	4.2	102240
5739	344520000	2.4	102240
5739	347198400	0.4	102240
5739	349876800	0.9	102240
5739	352296000	7.2	102240
5739	354974400	7.9	102240
5739	357566400	14.4	102240
5739	360244800	14.9	102240
5739	362836800	16.4	102240
5739	365515200	16.7	102240
5739	368193600	14.3	102240
5739	370785600	7.8	102240
5739	373464000	5.4	102240
5739	376056000	-2.6	102240
5739	378734400	-1.1	102240
5739	381412800	1	102240
5739	383832000	4.7	102240
5739	386510400	7.1	102240
5739	389102400	12.1	102240
5739	391780800	16.2	102240
5739	394372800	18.8	102240
5739	397051200	17.1	102240
5739	399729600	15.2	102240
5739	402321600	10.5	102240
5739	4.05e+08	6.9	102240
5739	407592000	3	102240
5739	410270400	5.4	102240
5739	412948800	0	102240
5739	415368000	5	102240
5739	418046400	8.4	102240
5739	420638400	11.5	102240
5739	423316800	16.1	102240
5739	425908800	19.9	102240
5739	428587200	18.4	102240
5739	431265600	13.6	102240
5739	433857600	9.7	102240
5739	436536000	5	102240
5739	439128000	2.2	102240
5739	441806400	2.3	102240
5739	444484800	0.9	102240
5739	446990400	2.7	102240
5739	449668800	7.7	102240
5739	452260800	11.8	102240
5739	454939200	13.5	102240
5739	457531200	15.7	102240
5739	460209600	17.8	102240
5739	462888000	12.8	102240
5739	465480000	10.7	102240
5739	468158400	5.7	102240
5739	470750400	2.3	102240
5739	473428800	-4.4	102240
5739	476107200	-1.8	102240
5739	478526400	3.2	102240
5739	481204800	8	102240
5739	483796800	13.9	102240
5739	486475200	13.6	102240
5739	489067200	16.6	102240
5739	491745600	15.6	102240
5739	494424000	13	102240
5739	497016000	9.7	102240
5739	499694400	1.9	102240
5739	502286400	5	102240
5739	504964800	0.8	102240
5739	507643200	-5.2	102240
5739	510062400	3.7	102240
5739	512740800	6.5	102240
5739	515332800	13.7	102240
5739	518011200	16.3	102240
5739	520603200	17.2	102240
5739	523281600	15.9	102240
5739	525960000	11.2	102240
5739	528552000	10.4	102240
5739	531230400	7.3	102240
5739	533822400	3.5	102240
5739	536500800	-5.2	102240
5739	539179200	0.9	102240
5739	541598400	-0.1	102240
5739	544276800	9.6	102240
5739	546868800	9.7	102240
5739	549547200	13.6	102240
5739	552139200	17	102240
5739	554817600	15.4	102240
5739	557496000	13.7	102240
5739	560088000	9.7	102240
5739	562766400	6.5	102240
5739	565358400	3.6	102240
5739	568036800	4.9	102240
5739	570715200	3.5	102240
5739	573220800	3.8	102240
5739	575899200	8	102240
5739	578491200	14.8	102240
5739	581169600	15.1	102240
5739	583761600	16.6	102240
5739	586440000	16.4	102240
5739	589118400	13.5	102240
5739	591710400	9.8	102240
5739	594388800	4.8	102240
5739	596980800	5.2	102240
5739	599659200	4.2	102240
5739	602337600	4.7	102240
5739	604756800	7.3	102240
5739	607435200	7.2	102240
5739	610027200	13.9	102240
5739	612705600	16.3	102240
5739	615297600	17.5	102240
5739	617976000	16.9	102240
5739	620654400	15	102240
5739	623246400	11.1	102240
5739	625924800	3.8	102240
5739	628516800	3	102240
5739	631195200	4.7	102240
5739	633873600	6.7	102240
5739	636292800	7.3	102240
5739	638971200	8.2	102240
5739	641563200	14.2	102240
5739	644241600	15.4	102240
5739	646833600	16.5	102240
5739	649512000	18.2	102240
5739	652190400	12.1	102240
5739	654782400	11.1	102240
5739	657460800	5.5	102240
5739	660052800	3	102240
5739	662731200	2.8	102240
5739	665409600	-1.6	102240
5739	667828800	7.6	102240
5739	670507200	7.8	102240
5739	673099200	10	102240
5739	675777600	12.9	102240
5739	678369600	19.4	102240
5739	681048000	17.7	102240
5739	683726400	14.7	102240
5739	686318400	9.1	102240
5739	688996800	4.8	102240
5739	691588800	2.9	102240
5739	694267200	2.5	102240
5739	696945600	4.4	102240
5739	699451200	5.5	102240
5739	702129600	8	102240
5739	704721600	15.2	102240
5739	707400000	18.8	102240
5739	709992000	19	102240
5739	712670400	17.9	102240
5739	715348800	13.9	102240
5739	717940800	6.8	102240
5739	720619200	6.5	102240
5739	723211200	2.9	102240
5739	725889600	3.1	102240
5739	728568000	1.2	102240
5739	730987200	4.4	102240
5739	733665600	11.1	102240
5739	736257600	14.7	102240
5739	738936000	15.4	102240
5739	741528000	15.7	102240
5739	744206400	15	102240
5739	746884800	12.3	102240
5739	749476800	8.3	102240
5739	752155200	1.1	102240
5739	754747200	4	102240
5739	757425600	4.2	102240
5739	760104000	-0.4	102240
5739	762523200	6	102240
5739	765201600	8.8	102240
5739	767793600	12.7	102240
5739	770472000	15.2	102240
5739	773064000	21.9	102240
5739	775742400	17.8	102240
5739	778420800	13.2	102240
5739	781012800	8	102240
5739	783691200	7.9	102240
5739	786283200	4.5	102240
5739	788961600	1.7	102240
5739	791640000	5.1	102240
5739	794059200	3.8	102240
5739	796737600	8.7	102240
5739	799329600	12.2	102240
5739	802008000	14.9	102240
5739	804600000	20.4	102240
5739	807278400	19.4	102240
5739	809956800	13.7	102240
5739	812548800	12.1	102240
5739	815227200	4.8	102240
5739	817819200	-1.8	102240
5739	820497600	-2.4	102240
5739	823176000	-1.7	102240
5739	825681600	1.7	102240
5739	828360000	9.2	102240
5739	830952000	10.9	102240
5739	833630400	14.9	102240
5739	836222400	15.8	102240
5739	838900800	18.4	102240
5739	841579200	11.9	102240
5739	844171200	9.6	102240
5739	846849600	5.1	102240
5739	849441600	-0.7	102240
5739	852120000	-1.5	102240
5739	854798400	5.2	102240
5739	857217600	5.8	102240
5739	859896000	7	102240
5739	862488000	12.4	102240
5739	865166400	16.4	102240
5739	867758400	18	102240
5739	870436800	21	102240
5739	873115200	13.4	102240
5739	875707200	7.9	102240
5739	878385600	4.8	102240
5739	880977600	3.4	102240
5739	883656000	4	102240
5739	886334400	5.9	102240
5739	888753600	6.1	102240
5739	891432000	9.1	102240
5739	894024000	14.5	102240
5739	896702400	15.9	102240
5739	899294400	15.9	102240
5739	901972800	16.2	102240
5739	904651200	13.9	102240
5739	907243200	8.7	102240
5739	909921600	2.6	102240
5739	912513600	1.9	102240
5739	915192000	4.2	102240
5739	917870400	2.2	102240
5739	920289600	6.2	102240
5739	922968000	9.7	102240
5739	925560000	13.6	102240
5739	928238400	15.4	102240
5739	930830400	19.4	102240
5739	933508800	17.4	102240
5739	936187200	17.8	102240
5739	938779200	9.9	102240
5739	941457600	5	102240
5739	944049600	3.6	102240
5739	946728000	3.3	102240
5739	949406400	4.8	102240
5739	951912000	6	102240
5739	954590400	10.4	102240
5739	957182400	15.1	102240
5739	959860800	16.3	102240
5739	962452800	15.6	102240
5739	965131200	17	102240
5739	967809600	14.2	102240
5739	970401600	10.9	102240
5739	973080000	7.1	102240
5739	975672000	3.9	102240
5739	978350400	1.8	102240
5739	981028800	2.9	102240
5739	983448000	3.4	102240
5739	986126400	7.6	102240
5739	988718400	13.5	102240
5739	991396800	14	102240
5739	993988800	18.6	102240
5739	996667200	18.4	102240
5739	999345600	12.4	102240
5739	1001937600	13.2	102240
5739	1004616000	5.7	102240
5739	1007208000	1.3	102240
5739	1009886400	3.5	102240
5739	1012564800	5.8	102240
5739	1014984000	5.8	102240
5739	1017662400	8.6	102240
5739	1020254400	13.8	102240
5739	1022932800	16.5	102240
5739	1025524800	17.6	102240
5739	1028203200	19.8	102240
5739	1030881600	14.6	102240
5739	1033473600	8	102240
5739	1036152000	5.2	102240
5739	1038744000	-0.4	102240
5739	1041422400	0.9	102240
5739	1044100800	-0.7	102240
5739	1046520000	5.5	102240
5739	1049198400	9.1	102240
5739	1051790400	13.2	102240
5739	1054468800	18	102240
5739	1057060800	19	102240
5739	1059739200	19.6	102240
5739	1062417600	13.8	102240
5739	1065009600	6	102240
5739	1067688000	7	102240
5739	1070280000	3	102240
5739	1072958400	1.7	102240
5739	1075636800	3.9	102240
5739	1078142400	5.1	102240
5739	1080820800	9.9	102240
5739	1083412800	11.7	102240
5739	1086091200	15.1	102240
5739	1088683200	16.5	102240
5739	1091361600	18.8	102240
5739	1094040000	14.6	102240
5739	1096632000	10.3	102240
5739	1099310400	5	102240
5739	1101902400	2.9	102240
5739	1104580800	4	102240
5739	1107259200	0.9	102240
5739	1109678400	4.3	102240
5739	1112356800	9.8	102240
5739	1114948800	12.2	102240
5739	1117627200	15.4	102240
5739	1120219200	18.1	102240
5739	1122897600	15.6	102240
5739	1125576000	15.4	102240
5739	1128168000	11.7	102240
5739	1130846400	5.6	102240
5739	1133438400	2.8	102240
5739	1136116800	-0.8	102240
5739	1138795200	1.1	102240
5739	1141214400	1.7	102240
5739	1143892800	7.9	102240
5739	1146484800	13.4	102240
5739	1149163200	16.4	102240
5739	1151755200	22	102240
5739	1154433600	16.1	102240
5739	1157112000	17.4	102240
5739	1159704000	12.9	102240
5739	1162382400	7.9	102240
5739	1164974400	6.3	102240
5739	1167652800	5.8	102240
5739	1170331200	4.2	102240
5739	1172750400	7.3	102240
5739	1175428800	12.1	102240
5739	1178020800	13.7	102240
5739	1180699200	17.8	102240
5739	1183291200	17.1	102240
5739	1185969600	17.1	102240
5739	1188648000	13.4	102240
5739	1191240000	9.1	102240
5739	1193918400	5.5	102240
5739	1196510400	3.4	102240
5739	1199188800	5.2	102240
5739	1201867200	4.5	102240
5739	1204372800	4.9	102240
5739	1207051200	7.8	102240
5739	1209643200	15	102240
5739	1212321600	16.7	102240
5739	1214913600	18.4	102240
5739	1217592000	17.3	102240
5739	1220270400	13.4	102240
5739	1222862400	9.7	102240
5739	1225540800	6.1	102240
5739	1228132800	2.1	102240
5739	1230811200	0.2	102240
5739	1233489600	2.3	102240
5739	1235908800	5.5	102240
5739	1238587200	12.8	102240
5739	1241179200	13.6	102240
5739	1243857600	14.8	102240
5739	1246449600	18.1	102240
5739	1249128000	18.7	102240
5739	1251806400	15	102240
5739	1254398400	8.8	102240
5739	1257076800	8.8	102240
5739	1259668800	1.2	102240
5739	1262347200	-2.7	102240
5739	1265025600	-0.2	102240
5739	1267444800	5.2	102240
5739	1270123200	9.2	102240
5739	1272715200	10.2	102240
5739	1275393600	16.2	102240
5739	1277985600	21.1	102240
5739	1280664000	17	102240
5739	1283342400	13.3	102240
5739	1285934400	9.4	102240
5739	1288612800	4.9	102240
5739	1291204800	-3.3	102240
5739	1293883200	2.3	102240
5739	1296561600	2	102240
5739	1298980800	4.7	102240
5739	1301659200	12.3	102240
5739	1304251200	13.9	102240
5739	1306929600	16.6	102240
5739	1309521600	16.4	102240
5739	1312200000	17.3	102240
5739	1314878400	15.3	102240
5739	1317470400	10.2	102240
5739	1320148800	5.6	102240
5739	1322740800	5.1	102240
5739	1325419200	3.2	102240
5739	1328097600	0.2	102240
5739	1330603200	7.4	102240
5739	1333281600	8.2	102240
5739	1335873600	14.3	102240
5739	1338552000	14.8	102240
5739	1341144000	17.3	102240
5739	1343822400	18.4	102240
5739	1346500800	13.7	102240
5739	1349092800	9.5	102240
5739	1351771200	5.8	102240
5739	1354363200	2.9	102240
5739	1357041600	1.1	102240
5739	1359720000	0.7	102240
5739	1362139200	0.1	102240
5739	1364817600	8	102240
5739	1367409600	12.3	102240
5739	1370088000	15.4	102240
5739	1372680000	19.1	102240
5739	1375358400	18.3	102240
5739	1378036800	13.8	102240
5739	1380628800	11.6	102240
5739	1383307200	6	102240
5739	1385899200	5.1	102240
5739	1388577600	2.6	102240
5739	1391256000	5.4	102240
5739	1393675200	7.4	102240
5739	1396353600	11.6	102240
5739	1398945600	12.9	102240
5739	1401624000	15.7	102240
5739	1404216000	20.3	102240
5739	1406894400	16.4	102240
5739	1409572800	16.1	102240
5739	1412164800	12.9	102240
5739	1414843200	7.4	102240
5739	1417435200	3.7	102240
5739	1420113600	3.1	102240
5739	1422792000	2.6	102240
5739	1425211200	5.9	102240
5739	1427889600	8.4	102240
5739	1430481600	11.7	102240
5747	-2177409600	-0.1	104100
5747	-2174731200	-1	104100
5747	-2172312000	3.6	104100
5747	-2169633600	9.3	104100
5747	-2167041600	13.3	104100
5747	-2164363200	15.7	104100
5747	-2161771200	19.5	104100
5747	-2159092800	17.2	104100
5747	-2156414400	14.5	104100
5747	-2153822400	10	104100
5747	-2151144000	4.8	104100
5747	-2148552000	2.6	104100
5747	-2145873600	4.3	104100
5747	-2143195200	-0.2	104100
5747	-2140776000	5.5	104100
5747	-2138097600	9	104100
5747	-2135505600	9.3	104100
5747	-2132827200	16	104100
5747	-2130235200	16.2	104100
5747	-2127556800	15	104100
5747	-2124878400	13	104100
5747	-2122286400	8.3	104100
5747	-2119608000	3.7	104100
5747	-2117016000	0.4	104100
5747	-2114337600	2.8	104100
5747	-2111659200	5.6	104100
5747	-2109240000	7.4	104100
5747	-2106561600	5.5	104100
5747	-2103969600	13.4	104100
5747	-2101291200	15.2	104100
5747	-2098699200	16.3	104100
5747	-2096020800	15.7	104100
5747	-2093342400	15.1	104100
5747	-2090750400	11.4	104100
5747	-2088072000	5.9	104100
5747	-2085480000	1	104100
5747	-2082801600	0.6	104100
5747	-2080123200	2.8	104100
5747	-2077617600	3.9	104100
5747	-2074939200	9.7	104100
5747	-2072347200	12.8	104100
5747	-2069668800	15.4	104100
5747	-2067076800	19.5	104100
5747	-2064398400	17	104100
5747	-2061720000	12.9	104100
5747	-2059128000	9.3	104100
5747	-2056449600	4.7	104100
5747	-2053857600	4.4	104100
5747	-2051179200	1	104100
5747	-2048500800	3.2	104100
5747	-2046081600	6.3	104100
5747	-2043403200	7	104100
5747	-2040811200	12.7	104100
5747	-2038132800	18.1	104100
5747	-2035540800	18.6	104100
5747	-2032862400	17	104100
5747	-2030184000	13.1	104100
5747	-2027592000	5.6	104100
5747	-2024913600	4.6	104100
5747	-2022321600	2.5	104100
5747	-2019643200	3.3	104100
5747	-2016964800	2	104100
5747	-2014545600	3.7	104100
5747	-2011867200	8.6	104100
5747	-2009275200	13.4	104100
5747	-2006596800	15.3	104100
5747	-2004004800	17.7	104100
5747	-2001326400	17.1	104100
5747	-1998648000	13.6	104100
5747	-1996056000	12.2	104100
5747	-1993377600	7.6	104100
5747	-1990785600	-0.3	104100
5747	-1988107200	1.4	104100
5747	-1985428800	0.3	104100
5747	-1983009600	5	104100
5747	-1980331200	7.8	104100
5747	-1977739200	13.8	104100
5747	-1975060800	14.6	104100
5747	-1972468800	14.4	104100
5747	-1969790400	16.2	104100
5747	-1967112000	14.7	104100
5747	-1964520000	12.5	104100
5747	-1961841600	6	104100
5747	-1959249600	3.6	104100
5747	-1956571200	-0.6	104100
5747	-1953892800	3	104100
5747	-1951387200	3.8	104100
5747	-1948708800	5.9	104100
5747	-1946116800	14	104100
5747	-1943438400	17.8	104100
5747	-1940846400	18	104100
5747	-1938168000	15.4	104100
5747	-1935489600	14	104100
5747	-1932897600	11	104100
5747	-1930219200	4.5	104100
5747	-1927627200	1.6	104100
5747	-1924948800	1.1	104100
5747	-1922270400	0.4	104100
5747	-1919851200	3.7	104100
5747	-1917172800	9.6	104100
5747	-1914580800	12.5	104100
5747	-1911902400	14.3	104100
5747	-1909310400	15.2	104100
5747	-1906632000	17.2	104100
5747	-1903953600	13.4	104100
5747	-1901361600	11.8	104100
5747	-1898683200	3.7	104100
5747	-1896091200	3.5	104100
5747	-1893412800	3.2	104100
5747	-1890734400	4.3	104100
5747	-1888315200	6	104100
5747	-1885636800	8.4	104100
5747	-1883044800	13.4	104100
5747	-1880366400	16.8	104100
5747	-1877774400	16	104100
5747	-1875096000	16.9	104100
5747	-1872417600	13.9	104100
5747	-1869825600	11.4	104100
5747	-1867147200	3.7	104100
5747	-1864555200	5.8	104100
5747	-1861876800	0.7	104100
5747	-1859198400	3.2	104100
5747	-1856779200	5.9	104100
5747	-1854100800	8.4	104100
5747	-1851508800	14.6	104100
5747	-1848830400	15.4	104100
5747	-1846238400	20.4	104100
5747	-1843560000	20.9	104100
5747	-1840881600	15.9	104100
5747	-1838289600	9.8	104100
5747	-1835611200	6.5	104100
5747	-1833019200	6	104100
5747	-1830340800	2.3	104100
5747	-1827662400	5.6	104100
5747	-1825156800	7.8	104100
5747	-1822478400	8.7	104100
5747	-1819886400	12.8	104100
5747	-1817208000	16.1	104100
5747	-1814616000	19.4	104100
5747	-1811937600	14.4	104100
5747	-1809259200	10.6	104100
5747	-1806667200	8.4	104100
5747	-1803988800	4.7	104100
5747	-1801396800	5.9	104100
5747	-1798718400	3.3	104100
5747	-1796040000	4.1	104100
5747	-1793620800	7.8	104100
5747	-1790942400	9.5	104100
5747	-1788350400	13.2	104100
5747	-1785672000	15	104100
5747	-1783080000	15	104100
5747	-1780401600	15.6	104100
5747	-1777723200	14.3	104100
5747	-1775131200	12	104100
5747	-1772452800	8.6	104100
5747	-1769860800	3.3	104100
5747	-1767182400	-1.1	104100
5747	-1764504000	6.3	104100
5747	-1762084800	5.9	104100
5747	-1759406400	10.9	104100
5747	-1756814400	11.5	104100
5747	-1754136000	14.6	104100
5747	-1751544000	17.6	104100
5747	-1748865600	17.6	104100
5747	-1746187200	13.2	104100
5747	-1743595200	9.8	104100
5747	-1740916800	4.9	104100
5747	-1738324800	5.5	104100
5747	-1735646400	2.3	104100
5747	-1732968000	3.4	104100
5747	-1730548800	3.4	104100
5747	-1727870400	8	104100
5747	-1725278400	13.7	104100
5747	-1722600000	17.5	104100
5747	-1720008000	15.9	104100
5747	-1717329600	15.7	104100
5747	-1714651200	13.1	104100
5747	-1712059200	8	104100
5747	-1709380800	2.5	104100
5747	-1706788800	5.6	104100
5747	-1704110400	5.4	104100
5747	-1701432000	2.8	104100
5747	-1698926400	5	104100
5747	-1696248000	9.2	104100
5747	-1693656000	14.3	104100
5747	-1690977600	12.5	104100
5747	-1688385600	15.9	104100
5747	-1685707200	16.5	104100
5747	-1683028800	13.4	104100
5747	-1680436800	10.2	104100
5747	-1677758400	6.1	104100
5747	-1675166400	2.9	104100
5747	-1672488000	-1.4	104100
5747	-1669809600	-1.7	104100
5747	-1667390400	1.7	104100
5747	-1664712000	4.7	104100
5747	-1662120000	16.3	104100
5747	-1659441600	18.8	104100
5747	-1656849600	17.6	104100
5747	-1654171200	16.8	104100
5747	-1651492800	14.9	104100
5747	-1648900800	7.9	104100
5747	-1646222400	6.6	104100
5747	-1643630400	-0.3	104100
5747	-1640952000	3.3	104100
5747	-1638273600	4.2	104100
5747	-1635854400	5.5	104100
5747	-1633176000	9	104100
5747	-1630584000	15.4	104100
5747	-1627905600	13.6	104100
5747	-1625313600	16.6	104100
5747	-1622635200	16.3	104100
5747	-1619956800	13.3	104100
5747	-1617364800	9.3	104100
5747	-1614686400	4.8	104100
5747	-1612094400	5.9	104100
5747	-1609416000	2.3	104100
5747	-1606737600	1.5	104100
5747	-1604318400	4	104100
5747	-1601640000	6.5	104100
5747	-1599048000	13.9	104100
5747	-1596369600	15.2	104100
5747	-1593777600	14.2	104100
5747	-1591099200	16.5	104100
5747	-1588420800	15.3	104100
5747	-1585828800	6.6	104100
5747	-1583150400	2.1	104100
5747	-1580558400	3.4	104100
5747	-1577880000	4.2	104100
5747	-1575201600	6	104100
5747	-1572696000	8.1	104100
5747	-1570017600	9.6	104100
5747	-1567425600	14	104100
5747	-1564747200	15.8	104100
5747	-1562155200	16.9	104100
5747	-1559476800	14.8	104100
5747	-1556798400	13.7	104100
5747	-1554206400	8.8	104100
5747	-1551528000	3.8	104100
5747	-1548936000	2.5	104100
5747	-1546257600	5.8	104100
5747	-1543579200	3	104100
5747	-1541160000	7.1	104100
5747	-1538481600	9.2	104100
5747	-1535889600	14.4	104100
5747	-1533211200	15.2	104100
5747	-1530619200	19.1	104100
5747	-1527940800	17.1	104100
5747	-1525262400	14.4	104100
5747	-1522670400	13.8	104100
5747	-1519992000	1.5	104100
5747	-1517400000	2.6	104100
5747	-1514721600	0.4	104100
5747	-1512043200	1.7	104100
5747	-1509624000	4.6	104100
5747	-1506945600	6.2	104100
5747	-1504353600	14.9	104100
5747	-1501675200	16.1	104100
5747	-1499083200	15.8	104100
5747	-1496404800	15.9	104100
5747	-1493726400	12.3	104100
5747	-1491134400	6.2	104100
5747	-1488456000	4.3	104100
5747	-1485864000	4.4	104100
5747	-1483185600	3.6	104100
5747	-1480507200	4	104100
5747	-1478088000	7.4	104100
5747	-1475409600	8.7	104100
5747	-1472817600	11.4	104100
5747	-1470139200	11.5	104100
5747	-1467547200	19.4	104100
5747	-1464868800	16.3	104100
5747	-1462190400	13.8	104100
5747	-1459598400	11.2	104100
5747	-1456920000	3.5	104100
5747	-1454328000	0.3	104100
5747	-1451649600	1	104100
5747	-1448971200	-0.3	104100
5747	-1446465600	3.7	104100
5747	-1443787200	7.1	104100
5747	-1441195200	14.8	104100
5747	-1438516800	15.8	104100
5747	-1435924800	16.8	104100
5747	-1433246400	14.7	104100
5747	-1430568000	14.4	104100
5747	-1427976000	11.1	104100
5747	-1425297600	4.9	104100
5747	-1422705600	4.2	104100
5747	-1420027200	4.2	104100
5747	-1417348800	5.2	104100
5747	-1414929600	2.8	104100
5747	-1412251200	8.3	104100
5747	-1409659200	13.9	104100
5747	-1406980800	15.4	104100
5747	-1404388800	17.7	104100
5747	-1401710400	16.4	104100
5747	-1399032000	11	104100
5747	-1396440000	10.7	104100
5747	-1393761600	2.5	104100
5747	-1391169600	2.3	104100
5747	-1388491200	2.6	104100
5747	-1385812800	7.2	104100
5747	-1383393600	5.6	104100
5747	-1380715200	10.9	104100
5747	-1378123200	11.1	104100
5747	-1375444800	14	104100
5747	-1372852800	18	104100
5747	-1370174400	16.8	104100
5747	-1367496000	16.1	104100
5747	-1364904000	8.5	104100
5747	-1362225600	7.6	104100
5747	-1359633600	1.8	104100
5747	-1356955200	3.6	104100
5747	-1354276800	3.4	104100
5747	-1351857600	7.2	104100
5747	-1349179200	8	104100
5747	-1346587200	12	104100
5747	-1343908800	14	104100
5747	-1341316800	17.4	104100
5747	-1338638400	17	104100
5747	-1335960000	14.2	104100
5747	-1333368000	10.2	104100
5747	-1330689600	4.1	104100
5747	-1328097600	-0.5	104100
5747	-1325419200	3.5	104100
5747	-1322740800	4.6	104100
5747	-1320235200	5	104100
5747	-1317556800	8.3	104100
5747	-1314964800	11	104100
5747	-1312286400	14.2	104100
5747	-1309694400	18.1	104100
5747	-1307016000	16.2	104100
5747	-1304337600	13.2	104100
5747	-1301745600	9.7	104100
5747	-1299067200	7.1	104100
5747	-1296475200	1.4	104100
5747	-1293796800	-1.9	104100
5747	-1291118400	-5.2	104100
5747	-1288699200	4.8	104100
5747	-1286020800	5.4	104100
5747	-1283428800	14	104100
5747	-1280750400	14.4	104100
5747	-1278158400	17.7	104100
5747	-1275480000	17.2	104100
5747	-1272801600	17.3	104100
5747	-1270209600	9.9	104100
5747	-1267531200	6.5	104100
5747	-1264939200	5.3	104100
5747	-1262260800	5.3	104100
5747	-1259582400	1.8	104100
5747	-1257163200	5.6	104100
5747	-1254484800	9.3	104100
5747	-1251892800	12	104100
5747	-1249214400	18.5	104100
5747	-1246622400	15.9	104100
5747	-1243944000	16.8	104100
5747	-1241265600	13.6	104100
5747	-1238673600	10	104100
5747	-1235995200	7.1	104100
5747	-1233403200	2.4	104100
5747	-1230724800	2	104100
5747	-1228046400	0.4	104100
5747	-1225627200	2.7	104100
5747	-1222948800	7.3	104100
5747	-1220356800	14.8	104100
5747	-1217678400	16	104100
5747	-1215086400	16.7	104100
5747	-1212408000	15.5	104100
5747	-1209729600	11	104100
5747	-1207137600	8.5	104100
5747	-1204459200	7.2	104100
5747	-1201867200	1.4	104100
5747	-1199188800	3.8	104100
5747	-1196510400	0.2	104100
5747	-1194004800	2.8	104100
5747	-1191326400	7.3	104100
5747	-1188734400	12.7	104100
5747	-1186056000	15.3	104100
5747	-1183464000	17.8	104100
5747	-1180785600	19.8	104100
5747	-1178107200	15	104100
5747	-1175515200	9.3	104100
5747	-1172836800	5.3	104100
5747	-1170244800	4	104100
5747	-1167566400	0.2	104100
5747	-1164888000	1.7	104100
5747	-1162468800	7.4	104100
5747	-1159790400	8.3	104100
5747	-1157198400	12.1	104100
5747	-1154520000	15	104100
5747	-1151928000	18.2	104100
5747	-1149249600	17.3	104100
5747	-1146571200	15.2	104100
5747	-1143979200	9.8	104100
5747	-1141300800	3.6	104100
5747	-1138708800	-2.7	104100
5747	-1136030400	2	104100
5747	-1133352000	2.4	104100
5747	-1130932800	4.8	104100
5747	-1128254400	11.2	104100
5747	-1125662400	12.9	104100
5747	-1122984000	16.1	104100
5747	-1120392000	18.2	104100
5747	-1117713600	16.7	104100
5747	-1115035200	17	104100
5747	-1112443200	11	104100
5747	-1109764800	5	104100
5747	-1107172800	7.3	104100
5747	-1104494400	1.5	104100
5747	-1101816000	3.6	104100
5747	-1099396800	5	104100
5747	-1096718400	8.1	104100
5747	-1094126400	11.2	104100
5747	-1091448000	17.1	104100
5747	-1088856000	18.1	104100
5747	-1086177600	17.7	104100
5747	-1083499200	14.4	104100
5747	-1080907200	9.4	104100
5747	-1078228800	7.3	104100
5747	-1075636800	2.5	104100
5747	-1072958400	4.9	104100
5747	-1070280000	2.1	104100
5747	-1067774400	7.2	104100
5747	-1065096000	5.9	104100
5747	-1062504000	13	104100
5747	-1059825600	16.9	104100
5747	-1057233600	16.4	104100
5747	-1054555200	17.1	104100
5747	-1051876800	14.4	104100
5747	-1049284800	7.8	104100
5747	-1046606400	4.9	104100
5747	-1044014400	3.2	104100
5747	-1041336000	3.4	104100
5747	-1038657600	4.6	104100
5747	-1036238400	3.6	104100
5747	-1033560000	8.9	104100
5747	-1030968000	15	104100
5747	-1028289600	16.3	104100
5747	-1025697600	17.4	104100
5747	-1023019200	17.6	104100
5747	-1020340800	14	104100
5747	-1017748800	11.7	104100
5747	-1015070400	4.6	104100
5747	-1012478400	1.3	104100
5747	-1009800000	3.7	104100
5747	-1007121600	3	104100
5747	-1004702400	8.5	104100
5747	-1002024000	6.1	104100
5747	-999432000	11.3	104100
5747	-996753600	16.3	104100
5747	-994161600	16.7	104100
5747	-991483200	18.1	104100
5747	-988804800	15.4	104100
5747	-986212800	9.7	104100
5747	-983534400	8.9	104100
5747	-980942400	0.3	104100
5747	-978264000	4.6	104100
5747	-975585600	3.9	104100
5747	-973166400	3.9	104100
5747	-970488000	9.6	104100
5747	-967896000	12.2	104100
5747	-965217600	17.1	104100
5747	-962625600	17.2	104100
5747	-959947200	18.3	104100
5747	-957268800	14.6	104100
5747	-954676800	7.7	104100
5747	-951998400	7.6	104100
5747	-949406400	0.6	104100
5747	-946728000	-5.7	104100
5747	-944049600	-0.5	104100
5747	-941544000	5.1	104100
5747	-938865600	9.2	104100
5747	-936273600	13.6	104100
5747	-933595200	17.3	104100
5747	-931003200	16.2	104100
5747	-928324800	15.3	104100
5747	-925646400	13	104100
5747	-923054400	9.2	104100
5747	-920376000	6.8	104100
5747	-917784000	-0.6	104100
5747	-915105600	-2.4	104100
5747	-912427200	1.8	104100
5747	-910008000	5.3	104100
5747	-907329600	7	104100
5747	-904737600	10	104100
5747	-902059200	17.4	104100
5747	-899467200	19.5	104100
5747	-896788800	15	104100
5747	-894110400	14.3	104100
5747	-891518400	9.4	104100
5747	-888840000	4.4	104100
5747	-886248000	3.5	104100
5747	-883569600	-5.5	104100
5747	-880891200	-4.4	104100
5747	-878472000	4.2	104100
5747	-875793600	9.4	104100
5747	-873201600	12.6	104100
5747	-870523200	15.3	104100
5747	-867931200	16.1	104100
5747	-865252800	18.5	104100
5747	-862574400	15.7	104100
5747	-859982400	12.3	104100
5747	-857304000	4.7	104100
5747	-854712000	4.4	104100
5747	-852033600	2.9	104100
5747	-849355200	4	104100
5747	-846936000	7.3	104100
5747	-844257600	10.6	104100
5747	-841665600	14.1	104100
5747	-838987200	14.4	104100
5747	-836395200	18.1	104100
5747	-833716800	17.9	104100
5747	-831038400	14.2	104100
5747	-828446400	11.5	104100
5747	-825768000	4.4	104100
5747	-823176000	1.3	104100
5747	-820497600	4.9	104100
5747	-817819200	0.5	104100
5747	-815313600	2.4	104100
5747	-812635200	10.3	104100
5747	-810043200	12.4	104100
5747	-807364800	14.2	104100
5747	-804772800	17.1	104100
5747	-802094400	20.3	104100
5747	-799416000	13.3	104100
5747	-796824000	9.4	104100
5747	-794145600	5.4	104100
5747	-791553600	2.1	104100
5747	-788875200	-2.3	104100
5747	-786196800	5.9	104100
5747	-783777600	7.4	104100
5747	-781099200	10	104100
5747	-778507200	14.7	104100
5747	-775828800	16.9	104100
5747	-773236800	18.3	104100
5747	-770558400	15.9	104100
5747	-767880000	14.6	104100
5747	-765288000	11.2	104100
5747	-762609600	4.3	104100
5747	-760017600	3.2	104100
5747	-757339200	0.3	104100
5747	-754660800	3.7	104100
5747	-752241600	4.5	104100
5747	-749563200	11.1	104100
5747	-746971200	13.7	104100
5747	-744292800	14.6	104100
5747	-741700800	18.2	104100
5747	-739022400	16.2	104100
5747	-736344000	14.8	104100
5747	-733752000	8.8	104100
5747	-731073600	6	104100
5747	-728481600	-0.6	104100
5747	-725803200	1.5	104100
5747	-723124800	-4.4	104100
5747	-720705600	4.7	104100
5747	-718027200	10.1	104100
5747	-715435200	15.6	104100
5747	-712756800	18.5	104100
5747	-710164800	19.5	104100
5747	-707486400	20.5	104100
5747	-704808000	17.6	104100
5747	-702216000	10	104100
5747	-699537600	6.2	104100
5747	-696945600	3.3	104100
5747	-694267200	5.4	104100
5747	-691588800	2.5	104100
5747	-689083200	8.2	104100
5747	-686404800	10.4	104100
5747	-683812800	13.9	104100
5747	-681134400	16.1	104100
5747	-678542400	17	104100
5747	-675864000	17	104100
5747	-673185600	14.7	104100
5747	-670593600	9.9	104100
5747	-667915200	6.3	104100
5747	-665323200	4.4	104100
5747	-662644800	3.8	104100
5747	-659966400	4.1	104100
5747	-657547200	4.2	104100
5747	-654868800	11.4	104100
5747	-652276800	12.4	104100
5747	-649598400	14.8	104100
5747	-647006400	18	104100
5747	-644328000	17.6	104100
5747	-641649600	18.1	104100
5747	-639057600	12.1	104100
5747	-636379200	5.4	104100
5747	-633787200	4	104100
5747	-631108800	1.5	104100
5747	-628430400	5.6	104100
5747	-626011200	6.7	104100
5747	-623332800	7.6	104100
5747	-620740800	13.8	104100
5747	-618062400	18.4	104100
5747	-615470400	18.1	104100
5747	-612792000	18.3	104100
5747	-610113600	13.3	104100
5747	-607521600	9.3	104100
5747	-604843200	5.8	104100
5747	-602251200	-1.2	104100
5747	-599572800	3.9	104100
5747	-596894400	4.1	104100
5747	-594475200	3.8	104100
5747	-591796800	7.7	104100
5747	-589204800	12.6	104100
5747	-586526400	15.6	104100
5747	-583934400	17.4	104100
5747	-581256000	17.1	104100
5747	-578577600	15.7	104100
5747	-575985600	9	104100
5747	-573307200	8.4	104100
5747	-570715200	4.6	104100
5747	-568036800	1.8	104100
5747	-565358400	1.8	104100
5747	-562852800	5.2	104100
5747	-560174400	12	104100
5747	-557582400	13.8	104100
5747	-554904000	15.7	104100
5747	-552312000	18.1	104100
5747	-549633600	17.8	104100
5747	-546955200	11	104100
5747	-544363200	8.1	104100
5747	-541684800	2.8	104100
5747	-539092800	1.1	104100
5747	-536414400	0.6	104100
5747	-533736000	1.7	104100
5747	-531316800	5.7	104100
5747	-528638400	9.9	104100
5747	-526046400	14.2	104100
5747	-523368000	16.2	104100
5747	-520776000	16.8	104100
5747	-518097600	16.9	104100
5747	-515419200	14.4	104100
5747	-512827200	12.2	104100
5747	-510148800	7.4	104100
5747	-507556800	5.7	104100
5747	-504878400	-1.2	104100
5747	-502200000	0.2	104100
5747	-499780800	6.4	104100
5747	-497102400	7.4	104100
5747	-494510400	13.4	104100
5747	-491832000	15.6	104100
5747	-489240000	14.4	104100
5747	-486561600	16.2	104100
5747	-483883200	13.9	104100
5747	-481291200	11.6	104100
5747	-478612800	6.8	104100
5747	-476020800	4.9	104100
5747	-473342400	0.5	104100
5747	-470664000	-0.1	104100
5747	-468244800	2	104100
5747	-465566400	8.9	104100
5747	-462974400	10.6	104100
5747	-460296000	15.4	104100
5747	-457704000	18.3	104100
5747	-455025600	18	104100
5747	-452347200	14.6	104100
5747	-449755200	8.9	104100
5747	-447076800	6.1	104100
5747	-444484800	4.4	104100
5747	-441806400	1.7	104100
5747	-439128000	-6.9	104100
5747	-436622400	5.7	104100
5747	-433944000	6.1	104100
5747	-431352000	13.4	104100
5747	-428673600	12.8	104100
5747	-426081600	16.7	104100
5747	-423403200	14.2	104100
5747	-420724800	15.1	104100
5747	-418132800	9.4	104100
5747	-415454400	4.5	104100
5747	-412862400	5	104100
5747	-410184000	2.8	104100
5747	-407505600	5.5	104100
5747	-405086400	8.9	104100
5747	-402408000	9.2	104100
5747	-399816000	10.6	104100
5747	-397137600	17.4	104100
5747	-394545600	18.1	104100
5747	-391867200	15.8	104100
5747	-389188800	12.6	104100
5747	-386596800	10.6	104100
5747	-383918400	5.8	104100
5747	-381326400	2.4	104100
5747	-378648000	2	104100
5747	-375969600	3.8	104100
5747	-373550400	1.9	104100
5747	-370872000	6.5	104100
5747	-368280000	13.2	104100
5747	-365601600	15.2	104100
5747	-363009600	16.9	104100
5747	-360331200	17.7	104100
5747	-357652800	16.3	104100
5747	-355060800	10.4	104100
5747	-352382400	5.2	104100
5747	-349790400	4.3	104100
5747	-347112000	1.6	104100
5747	-344433600	1.8	104100
5747	-342014400	7.9	104100
5747	-339336000	10.7	104100
5747	-336744000	14	104100
5747	-334065600	16.9	104100
5747	-331473600	20.1	104100
5747	-328795200	18.3	104100
5747	-326116800	16.3	104100
5747	-323524800	11.8	104100
5747	-320846400	5.6	104100
5747	-318254400	4.5	104100
5747	-315576000	2	104100
5747	-312897600	3.4	104100
5747	-310392000	6.5	104100
5747	-307713600	9.2	104100
5747	-305121600	14.1	104100
5747	-302443200	16.6	104100
5747	-299851200	15.3	104100
5747	-297172800	16	104100
5747	-294494400	13.6	104100
5747	-291902400	10.9	104100
5747	-289224000	7.7	104100
5747	-286632000	2.6	104100
5747	-283953600	1.6	104100
5747	-281275200	6.9	104100
5747	-278856000	7.5	104100
5747	-276177600	11.1	104100
5747	-273585600	10.9	104100
5747	-270907200	16.2	104100
5747	-268315200	15.3	104100
5747	-265636800	16.3	104100
5747	-262958400	18	104100
5747	-260366400	12	104100
5747	-257688000	5.1	104100
5747	-255096000	2	104100
5747	-252417600	3.3	104100
5747	-249739200	2	104100
5747	-247320000	1.9	104100
5747	-244641600	8.7	104100
5747	-242049600	9.9	104100
5747	-239371200	14.6	104100
5747	-236779200	15	104100
5747	-234100800	15.6	104100
5747	-231422400	13.2	104100
5747	-228830400	10.5	104100
5747	-226152000	4.1	104100
5747	-223560000	-0.4	104100
5747	-220881600	-5.8	104100
5747	-218203200	-2.5	104100
5747	-215784000	5.2	104100
5747	-213105600	9.7	104100
5747	-210513600	11.9	104100
5747	-207835200	15.9	104100
5747	-205243200	17.5	104100
5747	-202564800	15.7	104100
5747	-199886400	14.2	104100
5747	-197294400	9.5	104100
5747	-194616000	9	104100
5747	-192024000	-1	104100
5747	-189345600	0.3	104100
5747	-186667200	3.8	104100
5747	-184161600	2.9	104100
5747	-181483200	9.5	104100
5747	-178891200	14.9	104100
5747	-176212800	16.5	104100
5747	-173620800	18.2	104100
5747	-170942400	16.9	104100
5747	-168264000	15.3	104100
5747	-165672000	8.1	104100
5747	-162993600	6	104100
5747	-160401600	2.3	104100
5747	-157723200	2.5	104100
5747	-155044800	0.6	104100
5747	-152625600	4.7	104100
5747	-149947200	7.7	104100
5747	-147355200	12.3	104100
5747	-144676800	16	104100
5747	-142084800	14.8	104100
5747	-139406400	15.6	104100
5747	-136728000	13.6	104100
5747	-134136000	10.8	104100
5747	-131457600	3.1	104100
5747	-128865600	4.2	104100
5747	-126187200	0.1	104100
5747	-123508800	6	104100
5747	-121089600	4.5	104100
5747	-118411200	9.6	104100
5747	-115819200	14.1	104100
5747	-113140800	17.3	104100
5747	-110548800	15.7	104100
5747	-107870400	16.2	104100
5747	-105192000	14.4	104100
5747	-102600000	11.9	104100
5747	-99921600	4	104100
5747	-97329600	3.6	104100
5747	-94651200	3.3	104100
5747	-91972800	4.8	104100
5747	-89553600	6.5	104100
5747	-86875200	7.5	104100
5747	-84283200	13.2	104100
5747	-81604800	15.2	104100
5747	-79012800	19.5	104100
5747	-76334400	17.1	104100
5747	-73656000	14.6	104100
5747	-71064000	12	104100
5747	-68385600	5.3	104100
5747	-65793600	1.9	104100
5747	-63115200	1.4	104100
5747	-60436800	1.6	104100
5747	-57931200	6	104100
5747	-55252800	10.7	104100
5747	-52660800	11.4	104100
5747	-49982400	15.8	104100
5747	-47390400	16.9	104100
5747	-44712000	17	104100
5747	-42033600	14.5	104100
5747	-39441600	12	104100
5747	-36763200	5.1	104100
5747	-34171200	0.2	104100
5747	-31492800	4.1	104100
5747	-28814400	-0.3	104100
5747	-26395200	2.6	104100
5747	-23716800	8.5	104100
5747	-21124800	13.5	104100
5747	-18446400	15.3	104100
5747	-15854400	19.1	104100
5747	-13176000	17.4	104100
5747	-10497600	15	104100
5747	-7905600	13.2	104100
5747	-5227200	6.3	104100
5747	-2635200	-1.7	104100
5747	43200	1.4	104100
5747	2721600	0.8	104100
5747	5140800	2.7	104100
5747	7819200	5.9	104100
5747	10411200	13.3	104100
5747	13089600	18	104100
5747	15681600	16.2	104100
5747	18360000	17.8	104100
5747	21038400	14.9	104100
5747	23630400	10.4	104100
5747	26308800	8	104100
5747	28900800	1.9	104100
5747	31579200	3	104100
5747	34257600	3.2	104100
5747	36676800	2.5	104100
5747	39355200	9.5	104100
5747	41947200	15.2	104100
5747	44625600	14.5	104100
5747	47217600	18.6	104100
5747	49896000	17.7	104100
5747	52574400	13.8	104100
5747	55166400	10.9	104100
5747	57844800	4.7	104100
5747	60436800	5.4	104100
5747	63115200	0.5	104100
5747	65793600	4.7	104100
5747	68299200	7.4	104100
5747	70977600	7.7	104100
5747	73569600	11.9	104100
5747	76248000	14.2	104100
5747	78840000	17.9	104100
5747	81518400	15.9	104100
5747	84196800	11.8	104100
5747	86788800	9.3	104100
5747	89467200	5.3	104100
5747	92059200	4.1	104100
5747	94737600	2.4	104100
5747	97416000	2.3	104100
5747	99835200	5.6	104100
5747	102513600	6	104100
5747	105105600	13	104100
5747	107784000	17.3	104100
5747	110376000	17.6	104100
5747	113054400	19	104100
5747	115732800	15.6	104100
5747	118324800	9.1	104100
5747	121003200	5.1	104100
5747	123595200	2.5	104100
5747	126273600	5.4	104100
5747	128952000	4.6	104100
5747	131371200	6.5	104100
5747	134049600	10	104100
5747	136641600	12	104100
5747	139320000	15.1	104100
5747	141912000	15.5	104100
5747	144590400	17.6	104100
5747	147268800	13.4	104100
5747	149860800	6.5	104100
5747	152539200	6.4	104100
5747	155131200	6.4	104100
5747	157809600	6.3	104100
5747	160488000	4.2	104100
5747	162907200	4.6	104100
5747	165585600	7.8	104100
5747	168177600	11.8	104100
5747	170856000	15.2	104100
5747	173448000	18.9	104100
5747	176126400	20.6	104100
5747	178804800	16.1	104100
5747	181396800	8.7	104100
5747	184075200	5.2	104100
5747	186667200	2.4	104100
5747	189345600	3.3	104100
5747	192024000	3.2	104100
5747	194529600	3.2	104100
5747	197208000	8.2	104100
5747	199800000	14.1	104100
5747	202478400	18.9	104100
5747	205070400	20.4	104100
5747	207748800	18	104100
5747	210427200	14.2	104100
5747	213019200	11.3	104100
5747	215697600	6.2	104100
5747	218289600	0.9	104100
5747	220968000	2.5	104100
5747	223646400	5.1	104100
5747	226065600	7.4	104100
5747	228744000	6.4	104100
5747	231336000	12.1	104100
5747	234014400	15.1	104100
5747	236606400	17.1	104100
5747	239284800	16.5	104100
5747	241963200	13.1	104100
5747	244555200	12.2	104100
5747	247233600	6	104100
5747	249825600	4.9	104100
5747	252504000	2.5	104100
5747	255182400	0.7	104100
5747	257601600	6.1	104100
5747	260280000	7.8	104100
5747	262872000	12.8	104100
5747	265550400	15.2	104100
5747	268142400	15.8	104100
5747	270820800	15.5	104100
5747	273499200	13	104100
5747	276091200	11	104100
5747	278769600	5.7	104100
5747	281361600	2.2	104100
5747	284040000	-3	104100
5747	286718400	-0.7	104100
5747	289137600	4.6	104100
5747	291816000	7.8	104100
5747	294408000	12.7	104100
5747	297086400	16.2	104100
5747	299678400	16.2	104100
5747	302356800	15.7	104100
5747	305035200	14.1	104100
5747	307627200	11.3	104100
5747	310305600	5.2	104100
5747	312897600	5.2	104100
5747	315576000	0.2	104100
5747	318254400	5	104100
5747	320760000	4.9	104100
5747	323438400	8	104100
5747	326030400	12.3	104100
5747	328708800	14.9	104100
5747	331300800	15.7	104100
5747	333979200	17.5	104100
5747	336657600	15.7	104100
5747	339249600	9	104100
5747	341928000	4.1	104100
5747	344520000	2.7	104100
5747	347198400	1.1	104100
5747	349876800	1.2	104100
5747	352296000	8.5	104100
5747	354974400	9.1	104100
5747	357566400	13.7	104100
5747	360244800	15.1	104100
5747	362836800	16.9	104100
5747	365515200	17.1	104100
5747	368193600	15.1	104100
5747	370785600	8.5	104100
5747	373464000	5.9	104100
5747	376056000	-0.1	104100
5747	378734400	1.7	104100
5747	381412800	3.1	104100
5747	383832000	5.7	104100
5747	386510400	8.1	104100
5747	389102400	13.5	104100
5747	391780800	16.6	104100
5747	394372800	19.5	104100
5747	397051200	17.5	104100
5747	399729600	17.1	104100
5747	402321600	11.1	104100
5747	4.05e+08	8	104100
5747	407592000	3.3	104100
5747	410270400	5.5	104100
5747	412948800	-0.1	104100
5747	415368000	5.5	104100
5747	418046400	9.4	104100
5747	420638400	11.2	104100
5747	423316800	17.1	104100
5747	425908800	21.4	104100
5747	428587200	19.3	104100
5747	431265600	14.3	104100
5747	433857600	10.4	104100
5747	436536000	6.1	104100
5747	439128000	3.7	104100
5747	441806400	2.8	104100
5747	444484800	2	104100
5747	446990400	4.1	104100
5747	449668800	8.4	104100
5747	452260800	10.8	104100
5747	454939200	14	104100
5747	457531200	16.3	104100
5747	460209600	18.3	104100
5747	462888000	13.2	104100
5747	465480000	11.5	104100
5747	468158400	8.5	104100
5747	470750400	4	104100
5747	473428800	-3.5	104100
5747	476107200	-0.6	104100
5747	478526400	4.2	104100
5747	481204800	8.8	104100
5747	483796800	14	104100
5747	486475200	13.5	104100
5747	489067200	17.7	104100
5747	491745600	16.1	104100
5747	494424000	14.5	104100
5747	497016000	10.2	104100
5747	499694400	1.9	104100
5747	502286400	5.5	104100
5747	504964800	1.8	104100
5747	507643200	-4.6	104100
5747	510062400	4.7	104100
5747	512740800	6.3	104100
5747	515332800	14.5	104100
5747	518011200	16.8	104100
5747	520603200	17.8	104100
5747	523281600	16.5	104100
5747	525960000	11.8	104100
5747	528552000	11.8	104100
5747	531230400	7.8	104100
5747	533822400	4	104100
5747	536500800	-4	104100
5747	539179200	2	104100
5747	541598400	1.9	104100
5747	544276800	11.4	104100
5747	546868800	10.3	104100
5747	549547200	14.1	104100
5747	552139200	17.1	104100
5747	554817600	16.2	104100
5747	557496000	15.4	104100
5747	560088000	11.2	104100
5747	562766400	5.7	104100
5747	565358400	3.9	104100
5747	568036800	5.8	104100
5747	570715200	3.6	104100
5747	573220800	4.2	104100
5747	575899200	9.3	104100
5747	578491200	15.3	104100
5747	581169600	15.1	104100
5747	583761600	16.3	104100
5747	586440000	17.2	104100
5747	589118400	13.7	104100
5747	591710400	11	104100
5747	594388800	5.6	104100
5747	596980800	5.6	104100
5747	599659200	4.5	104100
5747	602337600	4.7	104100
5747	604756800	8.5	104100
5747	607435200	7.1	104100
5747	610027200	15.6	104100
5747	612705600	16.2	104100
5747	615297600	18.4	104100
5747	617976000	17.8	104100
5747	620654400	15.6	104100
5747	623246400	12.1	104100
5747	625924800	5.8	104100
5747	628516800	5.3	104100
5747	631195200	4.6	104100
5747	633873600	7.4	104100
5747	636292800	8.2	104100
5747	638971200	8.5	104100
5747	641563200	14.9	104100
5747	644241600	15.2	104100
5747	646833600	17.3	104100
5747	649512000	19.5	104100
5747	652190400	12.4	104100
5747	654782400	12.4	104100
5747	657460800	5.8	104100
5747	660052800	2.8	104100
5747	662731200	3.1	104100
5747	665409600	0.5	104100
5747	667828800	8.9	104100
5747	670507200	8.6	104100
5747	673099200	10.5	104100
5747	675777600	13	104100
5747	678369600	19.6	104100
5747	681048000	18.6	104100
5747	683726400	16	104100
5747	686318400	10.1	104100
5747	688996800	5.5	104100
5747	691588800	3.1	104100
5747	694267200	2.3	104100
5747	696945600	4.7	104100
5747	699451200	6.6	104100
5747	702129600	8.9	104100
5747	704721600	16	104100
5747	707400000	17.4	104100
5747	709992000	19.1	104100
5747	712670400	18.6	104100
5747	715348800	14.6	104100
5747	717940800	7.4	104100
5747	720619200	7.1	104100
5747	723211200	3.7	104100
5747	725889600	4.8	104100
5747	728568000	0.9	104100
5747	730987200	6.2	104100
5747	733665600	11.8	104100
5747	736257600	15.2	104100
5747	738936000	16.9	104100
5747	741528000	16.7	104100
5747	744206400	15.9	104100
5747	746884800	13.2	104100
5747	749476800	9	104100
5747	752155200	2.3	104100
5747	754747200	4.5	104100
5747	757425600	4.4	104100
5747	760104000	1.9	104100
5747	762523200	7.4	104100
5747	765201600	8.7	104100
5747	767793600	13	104100
5747	770472000	16.2	104100
5747	773064000	22.7	104100
5747	775742400	18.3	104100
5747	778420800	13.5	104100
5747	781012800	9.5	104100
5747	783691200	9.7	104100
5747	786283200	5.3	104100
5747	788961600	2.6	104100
5747	791640000	5.9	104100
5747	794059200	4.6	104100
5747	796737600	9.4	104100
5747	799329600	13.8	104100
5747	802008000	15.1	104100
5747	804600000	21.3	104100
5747	807278400	20.3	104100
5747	809956800	13.5	104100
5747	812548800	13.5	104100
5747	815227200	6.2	104100
5747	817819200	-0.2	104100
5747	820497600	0	104100
5747	823176000	0	104100
5747	825681600	3.2	104100
5747	828360000	10.2	104100
5747	830952000	11.1	104100
5747	833630400	16.2	104100
5747	836222400	16.5	104100
5747	838900800	17.6	104100
5747	841579200	12.1	104100
5747	844171200	10.7	104100
5747	846849600	5	104100
5747	849441600	0	104100
5747	852120000	-0.9	104100
5747	854798400	5.9	104100
5747	857217600	8	104100
5747	859896000	8.1	104100
5747	862488000	13.1	104100
5747	865166400	16.2	104100
5747	867758400	17.7	104100
5747	870436800	21.1	104100
5747	873115200	14.8	104100
5747	875707200	9.3	104100
5747	878385600	6	104100
5747	880977600	4.3	104100
5747	883656000	4.1	104100
5747	886334400	6.4	104100
5747	888753600	7	104100
5747	891432000	9	104100
5747	894024000	15.3	104100
5747	896702400	16	104100
5747	899294400	16.1	104100
5747	901972800	17.1	104100
5747	904651200	14.5	104100
5747	907243200	9.1	104100
5747	909921600	3.3	104100
5747	912513600	3.6	104100
5747	915192000	4.8	104100
5747	917870400	2.3	104100
5747	920289600	7.4	104100
5747	922968000	10.2	104100
5747	925560000	14.6	104100
5747	928238400	15.9	104100
5747	930830400	20.1	104100
5747	933508800	17.8	104100
5747	936187200	18.2	104100
5747	938779200	10.3	104100
5747	941457600	5.5	104100
5747	944049600	3.8	104100
5747	946728000	3.5	104100
5747	949406400	5.2	104100
5747	951912000	6.4	104100
5747	954590400	11.1	104100
5747	957182400	15.3	104100
5747	959860800	17.1	104100
5747	962452800	15.2	104100
5747	965131200	18.1	104100
5747	967809600	15.6	104100
5747	970401600	11.2	104100
5747	973080000	7.8	104100
5747	975672000	5.1	104100
5748	-4701931200	4.5	104247
5748	-4699252800	3	104247
5748	-4696833600	8.1	104247
5748	-4694155200	15.8	104247
5748	-4691563200	16.3	104247
5748	-4688884800	19.1	104247
5748	-4686292800	20.7	104247
5748	-4683614400	24	104247
5748	-4680936000	20.7	104247
5748	-4678344000	15.5	104247
5748	-4675665600	12	104247
5748	-4673073600	8.8	104247
5748	-4670395200	4	104247
5748	-4667716800	9.8	104247
5748	-4665297600	11.5	104247
5748	-4662619200	8.9	104247
5748	-4660027200	17.7	104247
5748	-4657348800	20.6	104247
5748	-4654756800	16.9	104247
5748	-4652078400	22.8	104247
5748	-4649400000	15.3	104247
5748	-4646808000	13.6	104247
5748	-4644129600	9.1	104247
5748	-4641537600	-3.4	104247
5748	-4638859200	-3.1	104247
5748	-4636180800	1.6	104247
5748	-4633761600	6.7	104247
5748	-4631083200	9.2	104247
5748	-4628491200	16.5	104247
5748	-4625812800	16.6	104247
5748	-4623220800	17.9	104247
5748	-4620542400	19.7	104247
5748	-4617864000	15	104247
5748	-4615272000	11.1	104247
5748	-4612593600	5.8	104247
5748	-4610001600	5.3	104247
5748	-4607323200	2.4	104247
5748	-4604644800	4.9	104247
5748	-4602139200	4.8	104247
5748	-4599460800	9.2	104247
5748	-4596868800	13.6	104247
5748	-4594190400	18.1	104247
5748	-4591598400	19.3	104247
5748	-4588920000	18.8	104247
5748	-4586241600	17.8	104247
5748	-4583649600	12.1	104247
5748	-4580971200	7.8	104247
5748	-4578379200	5.6	104247
5748	-4575700800	3.5	104247
5748	-4573022400	4	104247
5748	-4570603200	5	104247
5749	-1401710400	12.5	104270
5749	-1399032000	7	104270
5749	-1396440000	5.7	104270
5749	-1393761600	-1	104270
5749	-1391169600	-2.2	104270
5749	-1388491200	-2.5	104270
5749	-1385812800	2.4	104270
5749	-1383393600	0.3	104270
5749	-1380715200	6.4	104270
5749	-1378123200	5.6	104270
5749	-1375444800	9.4	104270
5749	-1372852800	13.6	104270
5749	-1370174400	12.2	104270
5750	-3095236800	-4.6	104380
5750	-3092558400	1.1	104380
5750	-3089880000	2.5	104380
5750	-3087374400	4.9	104380
5750	-3084696000	9.2	104380
5750	-3082104000	12	104380
5750	-3079425600	14.9	104380
5750	-3076833600	16.8	104380
5750	-3074155200	15	104380
5750	-3071476800	12.4	104380
5750	-3068884800	7.7	104380
5750	-3066206400	5.8	104380
5750	-3063614400	2.8	104380
5750	-3060936000	2.8	104380
5750	-3058257600	-0.8	104380
5750	-3055838400	4.2	104380
5750	-3053160000	6.4	104380
5750	-3050568000	9	104380
5750	-3047889600	15.1	104380
5750	-3045297600	17.2	104380
5750	-3042619200	15.7	104380
5750	-3039940800	10.7	104380
5750	-3037348800	8	104380
5750	-3034670400	3.3	104380
5750	-3032078400	0.4	104380
5750	-3029400000	1.4	104380
5750	-3026721600	0.3	104380
5750	-3024302400	4.3	104380
5750	-3021624000	9.6	104380
5750	-3019032000	9.1	104380
5750	-3016353600	15.3	104380
5750	-3013761600	18.9	104380
5750	-3011083200	13.9	104380
5750	-3008404800	13.2	104380
5750	-3005812800	8.1	104380
5750	-3003134400	0	104380
5750	-3000542400	-2.5	104380
5750	-2997864000	1.5	104380
5750	-2995185600	-3.4	104380
5750	-2992766400	1	104380
5750	-2990088000	7.5	104380
5750	-2987496000	12.9	104380
5750	-2984817600	16.7	104380
5750	-2982225600	17.1	104380
5750	-2979547200	18.1	104380
5750	-2976868800	12.7	104380
5750	-2974276800	5.6	104380
5750	-2971598400	1.6	104380
5750	-2969006400	-2.5	104380
5750	-2966328000	-3.1	104380
5750	-2963649600	1.4	104380
5750	-2961144000	3.9	104380
5750	-2958465600	8.8	104380
5750	-2955873600	9	104380
5750	-2953195200	15.6	104380
5750	-2950603200	16.8	104380
5750	-2947924800	16.1	104380
5750	-2945246400	10.7	104380
5750	-2942654400	8.8	104380
5750	-2939976000	0.4	104380
5750	-2937384000	1.4	104380
5750	-2934705600	2.9	104380
5750	-2932027200	3.1	104380
5750	-2929608000	1.7	104380
5750	-2926929600	6.5	104380
5750	-2924337600	9.7	104380
5750	-2921659200	16.8	104380
5750	-2919067200	16	104380
5750	-2916388800	16	104380
5750	-2913710400	9.2	104380
5750	-2911118400	6.4	104380
5750	-2908440000	5.2	104380
5750	-2905848000	-0.2	104380
5750	-2903169600	-0.6	104380
5750	-2900491200	2.4	104380
5750	-2898072000	3.2	104380
5750	-2895393600	8.9	104380
5750	-2892801600	13.1	104380
5750	-2890123200	14.9	104380
5750	-2887531200	15.3	104380
5750	-2884852800	15.7	104380
5750	-2882174400	12.9	104380
5750	-2879582400	8.1	104380
5750	-2876904000	2.5	104380
5750	-2874312000	-1.4	104380
5750	-2871633600	-3.3	104380
5750	-2868955200	0.3	104380
5750	-2866536000	2.1	104380
5750	-2863857600	6.3	104380
5750	-2861265600	10	104380
5750	-2858587200	15.3	104380
5750	-2855995200	14.4	104380
5750	-2853316800	16.2	104380
5750	-2850638400	12.9	104380
5750	-2848046400	6.9	104380
5750	-2845368000	0.4	104380
5750	-2842776000	-9.8	104380
5750	-2840097600	-4.5	104380
5750	-2837419200	0.4	104380
5750	-2834913600	5	104380
5750	-2832235200	9.2	104380
5750	-2829643200	11.7	104380
5750	-2826964800	15.1	104380
5750	-2824372800	17.3	104380
5750	-2821694400	16	104380
5750	-2819016000	13.1	104380
5750	-2816424000	6.8	104380
5750	-2813745600	3	104380
5750	-2811153600	3.8	104380
5750	-2808475200	-6.4	104380
5750	-2805796800	0.9	104380
5750	-2803377600	3.2	104380
5750	-2800699200	5.8	104380
5750	-2798107200	12.1	104380
5750	-2795428800	14.8	104380
5750	-2792836800	18.3	104380
5750	-2790158400	14.4	104380
5750	-2787480000	11.2	104380
5750	-2784888000	3.7	104380
5750	-2782209600	4.9	104380
5750	-2779617600	0	104380
5750	-2776939200	-0.6	104380
5750	-2774260800	1.8	104380
5750	-2771841600	6.7	104380
5750	-2769163200	8.5	104380
5750	-2766571200	11.8	104380
5750	-2763892800	13.5	104380
5750	-2761300800	16.2	104380
5750	-2758622400	13.5	104380
5750	-2755944000	12.1	104380
5750	-2753352000	8	104380
5750	-2750673600	2.9	104380
5750	-2748081600	0.1	104380
5750	-2745403200	-0.3	104380
5750	-2742724800	3.2	104380
5750	-2740305600	-1.1	104380
5750	-2737627200	6.5	104380
5750	-2735035200	12.5	104380
5750	-2732356800	15.9	104380
5750	-2729764800	15.9	104380
5750	-2727086400	14.9	104380
5750	-2724408000	12	104380
5750	-2721816000	7.8	104380
5750	-2719137600	3.4	104380
5750	-2716545600	0.4	104380
5750	-2713867200	2.6	104380
5750	-2711188800	2.8	104380
5750	-2708683200	5.6	104380
5750	-2706004800	6.5	104380
5750	-2703412800	12.8	104380
5750	-2700734400	12.4	104380
5750	-2698142400	17.3	104380
5750	-2695464000	16	104380
5750	-2692785600	13.3	104380
5750	-2690193600	6.8	104380
5750	-2687515200	0.9	104380
5750	-2684923200	1.3	104380
5750	-2682244800	-3.2	104380
5750	-2679566400	3.5	104380
5750	-2677147200	3.1	104380
5750	-2674468800	10.1	104380
5750	-2671876800	9.4	104380
5750	-2669198400	15.6	104380
5750	-2666606400	15.9	104380
5750	-2663928000	13.2	104380
5750	-2661249600	11.6	104380
5750	-2658657600	6.5	104380
5750	-2655979200	1.5	104380
5750	-2653387200	-1.2	104380
5750	-2650708800	-1.4	104380
5750	-2648030400	-2.7	104380
5750	-2645611200	1.2	104380
5750	-2642932800	9.2	104380
5750	-2640340800	12.9	104380
5750	-2637662400	13.8	104380
5750	-2635070400	16	104380
5750	-2632392000	15.9	104380
5750	-2629713600	13.9	104380
5750	-2627121600	8.5	104380
5750	-2624443200	4.2	104380
5750	-2621851200	0.2	104380
5750	-2619172800	-4.5	104380
5750	-2616494400	-0.1	104380
5750	-2614075200	1.4	104380
5750	-2611396800	7.3	104380
5750	-2608804800	9.9	104380
5750	-2606126400	15	104380
5750	-2603534400	17.9	104380
5750	-2600856000	13.9	104380
5750	-2598177600	11	104380
5750	-2595585600	4.3	104380
5750	-2592907200	1.6	104380
5750	-2590315200	-1.7	104380
5750	-2587636800	-2.2	104380
5750	-2584958400	-2.6	104380
5750	-2582452800	1.1	104380
5750	-2579774400	6.4	104380
5750	-2577182400	12.2	104380
5750	-2574504000	15.6	104380
5750	-2571912000	14.4	104380
5750	-2569233600	14.3	104380
5750	-2566555200	11.4	104380
5750	-2563963200	5.9	104380
5750	-2561284800	2.6	104380
5750	-2558692800	-0.5	104380
5750	-2556014400	-2.3	104380
5750	-2553336000	-2.3	104380
5750	-2550916800	1.2	104380
5750	-2548238400	7.9	104380
5750	-2545646400	16.6	104380
5750	-2542968000	18.8	104380
5750	-2540376000	15.9	104380
5750	-2537697600	14.4	104380
5750	-2535019200	10.6	104380
5750	-2532427200	7.2	104380
5750	-2529748800	1.2	104380
5750	-2527156800	-2.5	104380
5750	-2524478400	1.7	104380
5750	-2521800000	-2.4	104380
5750	-2519380800	4.7	104380
5750	-2516702400	6.7	104380
5750	-2514110400	13.7	104380
5750	-2511432000	13.4	104380
5750	-2508840000	14.5	104380
5750	-2506161600	15.3	104380
5750	-2503483200	12.3	104380
5750	-2500891200	6.2	104380
5750	-2498212800	1.9	104380
5750	-2495620800	-6	104380
5750	-2492942400	-4.7	104380
5750	-2490264000	-0.4	104380
5750	-2487844800	3.1	104380
5750	-2485166400	5.7	104380
5750	-2482574400	12.9	104380
5750	-2479896000	14.4	104380
5750	-2477304000	15.5	104380
5750	-2474625600	14	104380
5750	-2471947200	12.8	104380
5750	-2469355200	9.3	104380
5750	-2466676800	2.3	104380
5750	-2464084800	1.3	104380
5750	-2461406400	-1.5	104380
5750	-2458728000	0.9	104380
5750	-2456222400	1	104380
5750	-2453544000	7.8	104380
5750	-2450952000	13	104380
5750	-2448273600	14.8	104380
5750	-2445681600	15.7	104380
5750	-2443003200	17.3	104380
5750	-2440324800	12.4	104380
5750	-2437732800	6.2	104380
5750	-2435054400	2.4	104380
5750	-2432462400	-2.5	104380
5750	-2429784000	-7.6	104380
5750	-2427105600	2.3	104380
5750	-2424686400	5.2	104380
5750	-2422008000	9.7	104380
5750	-2419416000	13	104380
5750	-2416737600	15.9	104380
5750	-2414145600	16.9	104380
5750	-2411467200	16.3	104380
5750	-2408788800	11.3	104380
5750	-2406196800	8.8	104380
5750	-2403518400	0.7	104380
5750	-2400926400	-0.4	104380
5750	-2398248000	-2.1	104380
5750	-2395569600	2	104380
5750	-2393150400	5.4	104380
5750	-2390472000	10.9	104380
5750	-2387880000	11.5	104380
5750	-2385201600	14.1	104380
5750	-2382609600	16.7	104380
5750	-2379931200	14.5	104380
5750	-2377252800	9.8	104380
5750	-2374660800	6.9	104380
5750	-2371982400	3.7	104380
5750	-2369390400	0	104380
5750	-2366712000	-4.2	104380
5750	-2364033600	-6.2	104380
5750	-2361614400	1.6	104380
5750	-2358936000	9.1	104380
5750	-2356344000	12.5	104380
5750	-2353665600	15.5	104380
5750	-2351073600	16.5	104380
5750	-2348395200	15.6	104380
5750	-2345716800	14.6	104380
5750	-2343124800	6.1	104380
5750	-2340446400	4.4	104380
5750	-2337854400	-0.6	104380
5750	-2335176000	-0.7	104380
5750	-2332497600	-0.2	104380
5750	-2329992000	6.1	104380
5750	-2327313600	6.8	104380
5750	-2324721600	11.3	104380
5750	-2322043200	16.4	104380
5750	-2319451200	15.8	104380
5750	-2316772800	13.1	104380
5750	-2314094400	12	104380
5750	-2311502400	7.6	104380
5750	-2308824000	0.6	104380
5750	-2306232000	-0.6	104380
5750	-2303553600	-2.9	104380
5750	-2300875200	1.3	104380
5750	-2298456000	5.7	104380
5750	-2295777600	7.8	104380
5750	-2293185600	11.2	104380
5750	-2290507200	16.7	104380
5750	-2287915200	16	104380
5750	-2285236800	16.3	104380
5750	-2282558400	11.2	104380
5750	-2279966400	6.7	104380
5750	-2277288000	2	104380
5750	-2274696000	0.9	104380
5750	-2272017600	1.9	104380
5750	-2269339200	1.7	104380
5750	-2266920000	3.7	104380
5750	-2264241600	8	104380
5750	-2261649600	11.2	104380
5750	-2258971200	14.9	104380
5750	-2256379200	13.6	104380
5750	-2253700800	17.7	104380
5750	-2251022400	13.1	104380
5750	-2248430400	8.4	104380
5750	-2245752000	3.3	104380
5750	-2243160000	2.8	104380
5750	-2240481600	2	104380
5750	-2237803200	2.4	104380
5750	-2235384000	3.3	104380
5750	-2232705600	7.7	104380
5750	-2230113600	11.1	104380
5750	-2227435200	14.7	104380
5750	-2224843200	16.7	104380
5750	-2222164800	16.1	104380
5750	-2219486400	11.5	104380
5750	-2216894400	6.7	104380
5750	-2214216000	6.3	104380
5750	-2211624000	-3.2	104380
5750	-2208945600	1	104380
5750	-2206267200	1.4	104380
5750	-2203848000	1.7	104380
5750	-2201169600	7.4	104380
5750	-2198577600	11.1	104380
5750	-2195899200	15.6	104380
5750	-2193307200	17.9	104380
5750	-2190628800	15.2	104380
5750	-2187950400	12.5	104380
5750	-2185358400	7.7	104380
5750	-2182680000	4.2	104380
5750	-2180088000	2.2	104380
5750	-2177409600	-4.9	104380
5750	-2174731200	-3.3	104380
5750	-2172312000	2.9	104380
5750	-2169633600	9.1	104380
5750	-2167041600	13.3	104380
5750	-2164363200	15.4	104380
5750	-2161771200	17.9	104380
5750	-2159092800	15.6	104380
5750	-2156414400	12.4	104380
5750	-2153822400	8.4	104380
5750	-2151144000	2	104380
5750	-2148552000	0.3	104380
5750	-2145873600	2.9	104380
5750	-2143195200	-0.8	104380
5750	-2140776000	4.4	104380
5750	-2138097600	9.1	104380
5750	-2135505600	8.9	104380
5750	-2132827200	15.7	104380
5750	-2130235200	15.3	104380
5750	-2127556800	14	104380
5750	-2124878400	11.5	104380
5750	-2122286400	6.2	104380
5750	-2119608000	1.1	104380
5750	-2117016000	-3.1	104380
5750	-2114337600	0.8	104380
5750	-2111659200	4.6	104380
5750	-2109240000	6.7	104380
5750	-2106561600	4.8	104380
5750	-2103969600	13	104380
5750	-2101291200	14.6	104380
5750	-2098699200	15.9	104380
5750	-2096020800	15	104380
5750	-2093342400	12.7	104380
5750	-2090750400	9.2	104380
5750	-2088072000	3.8	104380
5750	-2085480000	-1.1	104380
5750	-2082801600	-1.7	104380
5750	-2080123200	1.7	104380
5750	-2077617600	3.7	104380
5750	-2074939200	9.9	104380
5750	-2072347200	12.8	104380
5750	-2069668800	15.1	104380
5750	-2067076800	18.2	104380
5750	-2064398400	15.6	104380
5750	-2061720000	10.9	104380
5750	-2059128000	7.5	104380
5750	-2056449600	2.4	104380
5750	-2053857600	1.9	104380
5750	-2051179200	-1.4	104380
5750	-2048500800	1.9	104380
5750	-2046081600	5.3	104380
5750	-2043403200	6.2	104380
5750	-2040811200	12.5	104380
5750	-2038132800	17.1	104380
5750	-2035540800	18	104380
5750	-2032862400	16	104380
5750	-2030184000	11.8	104380
5750	-2027592000	4	104380
5750	-2024913600	2.4	104380
5750	-2022321600	0.5	104380
5750	-2019643200	1.3	104380
5750	-2016964800	1.2	104380
5750	-2014545600	2.9	104380
5750	-2011867200	8.8	104380
5750	-2009275200	13.5	104380
5750	-2006596800	15	104380
5750	-2004004800	16.6	104380
5750	-2001326400	15.8	104380
5750	-1998648000	11.8	104380
5750	-1996056000	9.7	104380
5750	-1993377600	5.6	104380
5750	-1990785600	-2.6	104380
5750	-1988107200	0.3	104380
5750	-1985428800	-0.8	104380
5750	-1983009600	3.8	104380
5750	-1980331200	6.9	104380
5750	-1977739200	13	104380
5750	-1975060800	14.4	104380
5750	-1972468800	13.6	104380
5750	-1969790400	15.3	104380
5750	-1967112000	12.4	104380
5750	-1964520000	10.7	104380
5750	-1961841600	3.4	104380
5750	-1959249600	0.9	104380
5750	-1956571200	-3.3	104380
5750	-1953892800	1.6	104380
5750	-1951387200	3	104380
5750	-1948708800	5.8	104380
5750	-1946116800	13.1	104380
5750	-1943438400	16.9	104380
5750	-1940846400	16.6	104380
5750	-1938168000	13.7	104380
5750	-1935489600	11.4	104380
5750	-1932897600	7.4	104380
5750	-1930219200	0.5	104380
5750	-1927627200	-0.7	104380
5750	-1924948800	-1.8	104380
5750	-1922270400	-2.1	104380
5750	-1919851200	2.7	104380
5750	-1917172800	8.4	104380
5750	-1914580800	11.3	104380
5750	-1911902400	13.6	104380
5750	-1909310400	14.6	104380
5750	-1906632000	15.9	104380
5750	-1903953600	11.9	104380
5750	-1901361600	9.3	104380
5750	-1898683200	1.3	104380
5750	-1896091200	1.4	104380
5750	-1893412800	1.4	104380
5750	-1890734400	3.1	104380
5750	-1888315200	4.3	104380
5750	-1885636800	7.8	104380
5750	-1883044800	12.8	104380
5750	-1880366400	16.3	104380
5750	-1877774400	14.9	104380
5750	-1875096000	15	104380
5750	-1872417600	11.2	104380
5750	-1869825600	8.8	104380
5750	-1867147200	1.6	104380
5750	-1864555200	2.1	104380
5750	-1861876800	-1.2	104380
5750	-1859198400	2	104380
5750	-1856779200	5	104380
5750	-1854100800	7.8	104380
5750	-1851508800	13.6	104380
5750	-1848830400	15	104380
5750	-1846238400	19	104380
5750	-1843560000	19.2	104380
5750	-1840881600	13.5	104380
5750	-1838289600	7.5	104380
5750	-1835611200	3.9	104380
5750	-1833019200	2.7	104380
5750	-1830340800	-0.8	104380
5750	-1827662400	3.1	104380
5750	-1825156800	6.6	104380
5750	-1822478400	7.8	104380
5750	-1819886400	12	104380
5750	-1817208000	15.5	104380
5750	-1814616000	17.5	104380
5750	-1811937600	13.2	104380
5750	-1809259200	8.4	104380
5750	-1806667200	5.4	104380
5750	-1803988800	1.9	104380
5750	-1801396800	2.2	104380
5750	-1798718400	-0.2	104380
5750	-1796040000	2	104380
5750	-1793620800	6.8	104380
5750	-1790942400	8.3	104380
5750	-1788350400	12.1	104380
5750	-1785672000	14.3	104380
5750	-1783080000	13.9	104380
5750	-1780401600	13.9	104380
5750	-1777723200	11.8	104380
5750	-1775131200	8.9	104380
5750	-1772452800	6.1	104380
5750	-1769860800	1.5	104380
5750	-1767182400	-3.5	104380
5750	-1764504000	3.6	104380
5750	-1762084800	5.4	104380
5750	-1759406400	10.4	104380
5750	-1756814400	10.7	104380
5750	-1754136000	14.3	104380
5750	-1751544000	17	104380
5750	-1748865600	16.6	104380
5750	-1746187200	11.4	104380
5750	-1743595200	7.8	104380
5750	-1740916800	2.8	104380
5750	-1738324800	3.5	104380
5750	-1735646400	0.2	104380
5750	-1732968000	1.8	104380
5750	-1730548800	2.6	104380
5750	-1727870400	7.5	104380
5750	-1725278400	13.7	104380
5750	-1722600000	17.6	104380
5750	-1720008000	15.4	104380
5750	-1717329600	14.6	104380
5750	-1714651200	11.2	104380
5750	-1712059200	6	104380
5750	-1709380800	0.9	104380
5750	-1706788800	3.3	104380
5750	-1704110400	3.5	104380
5750	-1701432000	1.5	104380
5750	-1698926400	4.7	104380
5750	-1696248000	8.7	104380
5750	-1693656000	13.3	104380
5750	-1690977600	12.4	104380
5750	-1688385600	15.1	104380
5750	-1685707200	15	104380
5750	-1683028800	11.4	104380
5750	-1680436800	7.7	104380
5750	-1677758400	3.9	104380
5750	-1675166400	1.3	104380
5750	-1672488000	-2.5	104380
5750	-1669809600	-3.1	104380
5750	-1667390400	0.4	104380
5750	-1664712000	4.8	104380
5750	-1662120000	16	104380
5750	-1659441600	19.2	104380
5750	-1656849600	17.1	104380
5750	-1654171200	16	104380
5750	-1651492800	13.9	104380
5750	-1648900800	5.9	104380
5750	-1646222400	4.5	104380
5750	-1643630400	-2.7	104380
5750	-1640952000	0.6	104380
5750	-1638273600	2.1	104380
5750	-1635854400	5.1	104380
5750	-1633176000	9.7	104380
5750	-1630584000	14.6	104380
5750	-1627905600	12.8	104380
5750	-1625313600	15.9	104380
5750	-1622635200	15.4	104380
5750	-1619956800	11.7	104380
5750	-1617364800	7.1	104380
5750	-1614686400	2.4	104380
5750	-1612094400	3.5	104380
5750	-1609416000	0.2	104380
5750	-1606737600	0.2	104380
5750	-1604318400	3.5	104380
5750	-1601640000	5.7	104380
5750	-1599048000	11.9	104380
5750	-1596369600	14.4	104380
5750	-1593777600	13.4	104380
5750	-1591099200	15.1	104380
5750	-1588420800	13.4	104380
5750	-1585828800	5.1	104380
5750	-1583150400	-0.1	104380
5750	-1580558400	0.2	104380
5750	-1577880000	2	104380
5750	-1575201600	3.4	104380
5750	-1572696000	7.1	104380
5750	-1570017600	9.5	104380
5750	-1567425600	13.7	104380
5750	-1564747200	14.7	104380
5750	-1562155200	16.8	104380
5750	-1559476800	14	104380
5750	-1556798400	11.8	104380
5750	-1554206400	6.5	104380
5750	-1551528000	0.4	104380
5750	-1548936000	0	104380
5750	-1546257600	4	104380
5750	-1543579200	1.9	104380
5750	-1541160000	6.1	104380
5750	-1538481600	8.1	104380
5750	-1535889600	13.5	104380
5750	-1533211200	13.9	104380
5750	-1530619200	18	104380
5750	-1527940800	16.6	104380
5750	-1525262400	12.6	104380
5750	-1522670400	10.5	104380
5750	-1519992000	-1.2	104380
5750	-1517400000	-0.4	104380
5750	-1514721600	-2.7	104380
5750	-1512043200	-1.6	104380
5750	-1509624000	3.7	104380
5750	-1506945600	5.3	104380
5750	-1504353600	13.3	104380
5750	-1501675200	15.2	104380
5750	-1499083200	15.1	104380
5750	-1496404800	14.2	104380
5750	-1493726400	10.4	104380
5750	-1491134400	4.1	104380
5750	-1488456000	1.9	104380
5750	-1485864000	1.7	104380
5750	-1483185600	1.8	104380
5750	-1480507200	1.1	104380
5750	-1478088000	5.9	104380
5750	-1475409600	7	104380
5750	-1472817600	11.5	104380
5750	-1470139200	10.8	104380
5750	-1467547200	17.9	104380
5750	-1464868800	14.3	104380
5750	-1462190400	11.7	104380
5750	-1459598400	9.3	104380
5750	-1456920000	2	104380
5750	-1454328000	-2.1	104380
5750	-1451649600	-3.5	104380
5750	-1448971200	-2.5	104380
5750	-1446465600	2.7	104380
5750	-1443787200	6.5	104380
5750	-1441195200	13.8	104380
5750	-1438516800	14.8	104380
5750	-1435924800	16.1	104380
5750	-1433246400	13.2	104380
5750	-1430568000	12.3	104380
5750	-1427976000	8.5	104380
5750	-1425297600	1.8	104380
5750	-1422705600	1	104380
5750	-1420027200	2	104380
5750	-1417348800	4	104380
5750	-1414929600	1.8	104380
5750	-1412251200	8.9	104380
5750	-1409659200	13.9	104380
5750	-1406980800	14.6	104380
5750	-1404388800	17.5	104380
5750	-1401710400	15.8	104380
5750	-1399032000	10	104380
5750	-1396440000	7.3	104380
5750	-1393761600	1.3	104380
5750	-1391169600	-1.4	104380
5750	-1388491200	-0.2	104380
5750	-1385812800	5.1	104380
5750	-1383393600	4.6	104380
5750	-1380715200	10.1	104380
5750	-1378123200	10.3	104380
5750	-1375444800	13.5	104380
5750	-1372852800	17	104380
5750	-1370174400	15.4	104380
5750	-1367496000	13.7	104380
5750	-1364904000	6.8	104380
5750	-1362225600	5.4	104380
5750	-1359633600	-0.1	104380
5750	-1356955200	1.8	104380
5750	-1354276800	1.7	104380
5750	-1351857600	6.5	104380
5750	-1349179200	7.3	104380
5750	-1346587200	10.6	104380
5750	-1343908800	13.3	104380
5750	-1341316800	16.4	104380
5750	-1338638400	15.5	104380
5750	-1335960000	12.7	104380
5750	-1333368000	7.7	104380
5750	-1330689600	1.4	104380
5750	-1328097600	-3	104380
5750	-1325419200	1.5	104380
5750	-1322740800	3	104380
5750	-1320235200	3.7	104380
5750	-1317556800	7.5	104380
5750	-1314964800	10.2	104380
5750	-1312286400	13.6	104380
5750	-1309694400	17.9	104380
5750	-1307016000	15.2	104380
5750	-1304337600	11.6	104380
5750	-1301745600	8	104380
5750	-1299067200	5.3	104380
5750	-1296475200	-0.9	104380
5750	-1293796800	-4.6	104380
5750	-1291118400	-8.9	104380
5750	-1288699200	3.9	104380
5750	-1286020800	5	104380
5750	-1283428800	13.5	104380
5750	-1280750400	14.4	104380
5750	-1278158400	16.5	104380
5750	-1275480000	16.6	104380
5750	-1272801600	15	104380
5750	-1270209600	8.8	104380
5750	-1267531200	4	104380
5750	-1264939200	3.5	104380
5750	-1262260800	2.3	104380
5750	-1259582400	0.9	104380
5750	-1257163200	5.3	104380
5750	-1254484800	8.8	104380
5750	-1251892800	11.7	104380
5750	-1249214400	18.3	104380
5750	-1246622400	16.1	104380
5750	-1243944000	15.5	104380
5750	-1241265600	12.4	104380
5750	-1238673600	7.9	104380
5750	-1235995200	5.3	104380
5750	-1233403200	0.1	104380
5751	1262347200	-3.6	104440
5751	1265025600	-0.1	104440
5751	1267444800	4.7	104440
5751	1270123200	8.9	104440
5751	1272715200	10.5	104440
5751	1275393600	16	104440
5751	1277985600	19.9	104440
5751	1280664000	16.8	104440
5751	1283342400	12.7	104440
5751	1285934400	8.5	104440
5751	1288612800	5.3	104440
5751	1291204800	-4	104440
5751	1293883200	2	104440
5751	1296561600	1.6	104440
5751	1298980800	4.9	104440
5751	1301659200	11.4	104440
5751	1304251200	13.2	104440
5751	1306929600	16.2	104440
5751	1309521600	16.2	104440
5751	1312200000	18.2	104440
5751	1314878400	15.3	104440
5751	1317470400	9.6	104440
5751	1320148800	4.4	104440
5751	1322740800	4.7	104440
5751	1325419200	2.8	104440
5751	1328097600	-1.8	104440
5751	1330603200	7.6	104440
5751	1333281600	8.6	104440
5751	1335873600	14.2	104440
5751	1338552000	14.8	104440
5751	1341144000	16.9	104440
5751	1343822400	18.4	104440
5751	1346500800	13.7	104440
5751	1349092800	8.8	104440
5751	1351771200	5.7	104440
5751	1354363200	2.6	104440
5751	1357041600	0.6	104440
5751	1359720000	0.1	104440
5751	1362139200	-0.3	104440
5751	1364817600	8.3	104440
5751	1367409600	11.7	104440
5751	1370088000	15.4	104440
5751	1372680000	18.6	104440
5751	1375358400	18.1	104440
5751	1378036800	13.7	104440
5751	1380628800	10.9	104440
5751	1383307200	4.7	104440
5751	1385899200	4.6	104440
5751	1388577600	2.8	104440
5751	1391256000	5.2	104440
5751	1393675200	7	104440
5751	1396353600	11.4	104440
5751	1398945600	12.7	104440
5751	1401624000	15.2	104440
5751	1404216000	19.1	104440
5751	1406894400	15.9	104440
5751	1409572800	15	104440
5751	1412164800	12.2	104440
5751	1414843200	7.2	104440
5751	1417435200	3.2	104440
5751	1420113600	2.8	104440
5751	1422792000	1.8	104440
5751	1425211200	5.3	104440
5751	1427889600	8.4	104440
5751	1430481600	12.2	104440
5758	1265025600	2.2	105150
5758	1267444800	6.2	105150
5758	1270123200	10.9	105150
5758	1272715200	11.8	105150
5758	1275393600	18.1	105150
5758	1277985600	21.8	105150
5758	1280664000	17.8	105150
5758	1283342400	13.8	105150
5758	1285934400	9.9	105150
5758	1288612800	6.7	105150
5758	1291204800	-1.4	105150
5758	1293883200	3.1	105150
5758	1296561600	3.8	105150
5758	1298980800	7.7	105150
5758	1301659200	13.7	105150
5758	1304251200	15.8	105150
5758	1306929600	17.8	105150
5758	1309521600	17.2	105150
5758	1312200000	18.9	105150
5763	-1054555200	17	106370
5763	-1051876800	13.7	106370
5763	-1049284800	7.4	106370
5763	-1046606400	4.6	106370
5763	-1044014400	1.6	106370
5763	-1041336000	1	106370
5763	-1038657600	3.8	106370
5763	-1036238400	4	106370
5763	-1033560000	9.3	106370
5763	-1030968000	16	106370
5763	-1028289600	17.1	106370
5763	-1025697600	18.4	106370
5763	-1023019200	18.6	106370
5763	-1020340800	14	106370
5763	-1017748800	9.5	106370
5763	-1015070400	3.8	106370
5763	-1012478400	0.4	106370
5763	-1009800000	2.6	106370
5763	-1007121600	1.7	106370
5763	-1004702400	7.7	106370
5763	-1002024000	6.5	106370
5763	-999432000	11.7	106370
5763	-996753600	17.6	106370
5763	-994161600	17.7	106370
5763	-991483200	18.6	106370
5763	-988804800	14.3	106370
5763	-986212800	9	106370
5763	-983534400	7.1	106370
5763	-980942400	-1.4	106370
5763	-978264000	4.1	106370
5763	-975585600	1.5	106370
5763	-973166400	3	106370
5763	-970488000	9.9	106370
5763	-967896000	11.6	106370
5763	-965217600	17.5	106370
5763	-962625600	17.7	106370
5763	-959947200	18	106370
5763	-957268800	14.1	106370
5763	-954676800	7.6	106370
5763	-951998400	6.4	106370
5763	-949406400	-0.5	106370
5763	-946728000	-8.6	106370
5763	-944049600	-2.3	106370
5763	-941544000	4.4	106370
5763	-938865600	9.5	106370
5763	-936273600	13.8	106370
5763	-933595200	18.1	106370
5763	-931003200	17	106370
5763	-928324800	15.7	106370
5763	-925646400	13.8	106370
5763	-923054400	8.4	106370
5763	-920376000	6.4	106370
5763	-917784000	-1.8	106370
5763	-915105600	-3.7	106370
5763	-912427200	1.4	106370
5763	-910008000	5.5	106370
5763	-907329600	7.3	106370
5763	-904737600	10.4	106370
5763	-902059200	17.6	106370
5763	-899467200	19.4	106370
5763	-896788800	15.5	106370
5763	-894110400	13.2	106370
5763	-891518400	8.9	106370
5763	-888840000	3.6	106370
5763	-886248000	2.1	106370
5763	-883569600	-6.9	106370
5763	-880891200	-4.5	106370
5763	-878472000	3.4	106370
5763	-875793600	9.8	106370
5763	-873201600	13.1	106370
5763	-870523200	16	106370
5763	-867931200	17	106370
5763	-865252800	18	106370
5763	-862574400	16	106370
5763	-859982400	12.1	106370
5763	-857304000	4.2	106370
5763	-854712000	1.3	106370
5763	-852033600	-0.1	106370
5763	-849355200	2.6	106370
5763	-846936000	6.7	106370
5763	-844257600	10.4	106370
5763	-841665600	14.4	106370
5763	-838987200	15.3	106370
5763	-836395200	19	106370
5763	-833716800	18.8	106370
5763	-831038400	14.6	106370
5763	-828446400	10.3	106370
5763	-825768000	3.4	106370
5763	-823176000	0.6	106370
5763	-820497600	3.8	106370
5763	-817819200	0.4	106370
5763	-815313600	3	106370
5763	-812635200	10.4	106370
5763	-810043200	13.6	106370
5763	-807364800	15.4	106370
5763	-804772800	18.4	106370
5763	-802094400	21.5	106370
5763	-799416000	13.4	106370
5763	-796824000	9.8	106370
5763	-794145600	4.9	106370
5763	-791553600	0.6	106370
5763	-788875200	-4.8	106370
5763	-786196800	4.7	106370
5764	-6692673600	-2	106380
5764	-6689995200	-2.1	106380
5764	-6687316800	1.9	106380
5764	-6684897600	6.8	106380
5764	-6682219200	8.8	106380
5764	-6679627200	16	106380
5764	-6676948800	18.3	106380
5764	-6674356800	16	106380
5764	-6671678400	18.5	106380
5764	-6.669e+09	13	106380
5764	-6666408000	9.2	106380
5764	-6663729600	6.1	106380
5764	-6661137600	4.4	106380
5764	-6658459200	3.9	106380
5764	-6655780800	4.3	106380
5764	-6653361600	7.8	106380
5764	-6650683200	10.4	106380
5764	-6648091200	13.6	106380
5764	-6645412800	17.3	106380
5764	-6642820800	20.9	106380
5764	-6640142400	18.5	106380
5764	-6637464000	15.3	106380
5764	-6634872000	12.1	106380
5764	-6632193600	3.2	106380
5764	-6629601600	0.6	106380
5764	-6626923200	0.4	106380
5764	-6624244800	1.6	106380
5764	-6621739200	6	106380
5764	-6619060800	11.2	106380
5764	-6616468800	15.1	106380
5764	-6613790400	18.2	106380
5764	-6611198400	19	106380
5764	-6608520000	17.8	106380
5764	-6605841600	16.3	106380
5764	-6603249600	11.9	106380
5764	-6600571200	7.5	106380
5764	-6597979200	7.1	106380
5764	-6595300800	0.5	106380
5764	-6592622400	4.8	106380
5764	-6590203200	9	106380
5764	-6587524800	10.4	106380
5764	-6584932800	16	106380
5764	-6582254400	18.4	106380
5764	-6579662400	18.7	106380
5764	-6576984000	19.7	106380
5764	-6574305600	17.2	106380
5764	-6571713600	9.1	106380
5764	-6569035200	6.5	106380
5764	-6566443200	-0.1	106380
5764	-6563764800	3.6	106380
5764	-6561086400	2.3	106380
5764	-6558667200	3.8	106380
5764	-6555988800	13.2	106380
5764	-6553396800	16.2	106380
5764	-6550718400	17.3	106380
5764	-6548126400	19.4	106380
5764	-6545448000	16.7	106380
5764	-6542769600	14.7	106380
5764	-6540177600	8.8	106380
5764	-6537499200	5.5	106380
5764	-6534907200	-0.6	106380
5764	-6532228800	-4.1	106380
5764	-6529550400	5.1	106380
5764	-6527131200	5.4	106380
5764	-6524452800	9	106380
5764	-6521860800	12.9	106380
5764	-6519182400	16.5	106380
5764	-6516590400	18.6	106380
5764	-6513912000	19.3	106380
5764	-6511233600	14.3	106380
5764	-6508641600	8.4	106380
5764	-6505963200	6.2	106380
5764	-6503371200	5.6	106380
5764	-6500692800	5.6	106380
5764	-6498014400	5.1	106380
5764	-6495508800	5	106380
5764	-6492830400	9.7	106380
5764	-6490238400	16.1	106380
5764	-6487560000	15.9	106380
5764	-6484968000	19.7	106380
5764	-6482289600	16.9	106380
5764	-6479611200	13	106380
5764	-6477019200	9.2	106380
5764	-6474340800	6.2	106380
5764	-6471748800	3.1	106380
5764	-6469070400	3.7	106380
5764	-6466392000	-2.1	106380
5764	-6463972800	8.6	106380
5764	-6461294400	10.8	106380
5764	-6458702400	13.4	106380
5764	-6456024000	17.6	106380
5764	-6453432000	16.7	106380
5764	-6450753600	18.8	106380
5764	-6448075200	14.4	106380
5764	-6445483200	11.7	106380
5764	-6442804800	6.2	106380
5764	-6440212800	1.8	106380
5764	-6437534400	-1.6	106380
5764	-6434856000	0.8	106380
5764	-6432436800	6.6	106380
5764	-6429758400	12.3	106380
5764	-6427166400	15.4	106380
5764	-6424488000	16.6	106380
5764	-6421896000	18	106380
5764	-6419217600	18.2	106380
5764	-6416539200	15.8	106380
5764	-6413947200	10.3	106380
5764	-6411268800	5.6	106380
5764	-6408676800	0.8	106380
5764	-6405998400	-6.3	106380
5764	-6403320000	6.6	106380
5764	-6400900800	6.6	106380
5764	-6398222400	8.8	106380
5764	-6395630400	13	106380
5764	-6392952000	15.6	106380
5764	-6390360000	17.7	106380
5764	-6387681600	18.6	106380
5764	-6385003200	15.6	106380
5764	-6382411200	10.4	106380
5764	-6379732800	8.6	106380
5764	-6377140800	0.6	106380
5764	-6374462400	-2.4	106380
5764	-6371784000	2.3	106380
5764	-6369278400	4.6	106380
5764	-6366600000	9.8	106380
5764	-6364008000	15.1	106380
5764	-6361329600	16.3	106380
5764	-6358737600	18.6	106380
5764	-6356059200	18.2	106380
5764	-6353380800	14.3	106380
5764	-6350788800	10.1	106380
5764	-6348110400	7	106380
5764	-6345518400	2.9	106380
5764	-6342840000	2.7	106380
5764	-6340161600	2.3	106380
5764	-6337742400	6	106380
5764	-6335064000	10.4	106380
5764	-6332472000	14	106380
5764	-6329793600	15.4	106380
5764	-6327201600	18.7	106380
5764	-6324523200	17.1	106380
5764	-6321844800	14.7	106380
5764	-6319252800	6.1	106380
5764	-6316574400	6.4	106380
5764	-6313982400	2.9	106380
5764	-6311304000	0.4	106380
5764	-6308625600	0.6	106380
5764	-6306206400	4.1	106380
5764	-6303528000	8.1	106380
5764	-6300936000	14.8	106380
5764	-6298257600	15.2	106380
5764	-6295665600	17	106380
5764	-6292987200	18.8	106380
5764	-6290308800	16.8	106380
5764	-6287716800	9.9	106380
5764	-6285038400	7.2	106380
5764	-6282446400	5	106380
5764	-6279768000	0.4	106380
5764	-6277089600	0.3	106380
5764	-6274670400	3.5	106380
5764	-6271992000	6.3	106380
5764	-6269400000	16.9	106380
5764	-6266721600	16	106380
5764	-6264129600	17.4	106380
5764	-6261451200	16.2	106380
5764	-6258772800	15.3	106380
5764	-6256180800	10.2	106380
5764	-6253502400	3.9	106380
5764	-6250910400	4.8	106380
5764	-6248232000	0.1	106380
5764	-6245553600	3.9	106380
5764	-6243048000	7.8	106380
5764	-6240369600	8.6	106380
5764	-6237777600	11.8	106380
5764	-6235099200	17.9	106380
5764	-6232507200	17.7	106380
5764	-6229828800	17.9	106380
5764	-6227150400	16.4	106380
5764	-6224558400	12.3	106380
5764	-6221880000	8.5	106380
5764	-6219288000	4.2	106380
5764	-6216609600	3.6	106380
5764	-6213931200	0.9	106380
5764	-6211512000	6.4	106380
5764	-6208833600	10.1	106380
5764	-6206241600	14.1	106380
5764	-6203563200	16.2	106380
5764	-6200971200	17.1	106380
5764	-6198292800	18.2	106380
5764	-6195614400	15.4	106380
5764	-6193022400	11.9	106380
5764	-6190344000	8	106380
5764	-6187752000	5.5	106380
5764	-6185073600	0.7	106380
5764	-6182395200	2.9	106380
5764	-6179976000	8.5	106380
5764	-6177297600	11.4	106380
5764	-6174705600	14.1	106380
5764	-6172027200	17.8	106380
5764	-6169435200	18	106380
5764	-6166756800	19.2	106380
5764	-6164078400	14.3	106380
5764	-6161486400	10.7	106380
5764	-6158808000	1.8	106380
5764	-6156216000	0.8	106380
5764	-6153537600	1.5	106380
5764	-6150859200	5.6	106380
5764	-6148440000	7.5	106380
5764	-6145761600	9.3	106380
5764	-6143169600	13.2	106380
5764	-6140491200	19.5	106380
5764	-6137899200	19.1	106380
5764	-6135220800	18.6	106380
5764	-6132542400	17.4	106380
5764	-6129950400	10.8	106380
5764	-6127272000	4.6	106380
5764	-6124680000	2.9	106380
5764	-6122001600	-4.9	106380
5764	-6119323200	4.6	106380
5764	-6116817600	8	106380
5764	-6114139200	10.4	106380
5764	-6111547200	12.2	106380
5764	-6108868800	17.2	106380
5764	-6106276800	19.1	106380
5764	-6103598400	18.2	106380
5764	-6100920000	14.7	106380
5764	-6098328000	10.7	106380
5764	-6095649600	4.9	106380
5764	-6093057600	2.4	106380
5764	-6090379200	-0.3	106380
5764	-6087700800	-0.3	106380
5764	-6085281600	7.6	106380
5764	-6082603200	8.1	106380
5764	-6080011200	13.5	106380
5764	-6077332800	16.3	106380
5764	-6074740800	17.5	106380
5764	-6072062400	18.6	106380
5764	-6069384000	14.7	106380
5764	-6066792000	11.3	106380
5764	-6064113600	7.8	106380
5764	-6061521600	1.6	106380
5764	-6058843200	1.4	106380
5764	-6056164800	0.7	106380
5764	-6053745600	7	106380
5764	-6051067200	12.2	106380
5764	-6048475200	15.3	106380
5764	-6045796800	16.3	106380
5764	-6043204800	20.9	106380
5764	-6040526400	19.3	106380
5764	-6037848000	12.9	106380
5764	-6035256000	8.8	106380
5764	-6032577600	7.4	106380
5764	-6029985600	6.2	106380
5764	-6027307200	-2.5	106380
5764	-6024628800	3.3	106380
5764	-6022209600	8.4	106380
5764	-6019531200	12.2	106380
5764	-6016939200	15.6	106380
5764	-6014260800	15.5	106380
5764	-6011668800	18.7	106380
5764	-6008990400	19.7	106380
5764	-6006312000	16.9	106380
5764	-6003720000	13.4	106380
5764	-6001041600	7.5	106380
5764	-5998449600	6.2	106380
5764	-5995771200	-2.3	106380
5764	-5993092800	0.1	106380
5764	-5990587200	9.9	106380
5764	-5987908800	8.4	106380
5764	-5985316800	14.9	106380
5764	-5982638400	16	106380
5764	-5980046400	18.3	106380
5764	-5977368000	21.1	106380
5764	-5974689600	15.6	106380
5764	-5972097600	12.2	106380
5764	-5969419200	5.9	106380
5764	-5966827200	1	106380
5764	-5964148800	0	106380
5764	-5961470400	3.9	106380
5764	-5959051200	8.2	106380
5764	-5956372800	13	106380
5764	-5953780800	16.5	106380
5764	-5951102400	18.3	106380
5764	-5948510400	19	106380
5764	-5945832000	20.1	106380
5764	-5943153600	16.9	106380
5764	-5940561600	10.3	106380
5764	-5937883200	5.9	106380
5764	-5935291200	3.6	106380
5764	-5932612800	3.4	106380
5764	-5929934400	-1.5	106380
5764	-5927515200	5.2	106380
5764	-5924836800	8.6	106380
5764	-5922244800	12.4	106380
5764	-5919566400	18.2	106380
5764	-5916974400	19.6	106380
5764	-5914296000	17.2	106380
5764	-5911617600	15.2	106380
5764	-5909025600	7.9	106380
5764	-5906347200	2	106380
5764	-5903755200	1.5	106380
5764	-5901076800	4.4	106380
5764	-5898398400	4.7	106380
5764	-5895979200	3.9	106380
5764	-5893300800	10.8	106380
5764	-5890708800	15.2	106380
5764	-5888030400	18.9	106380
5764	-5885438400	20.3	106380
5764	-5882760000	18.7	106380
5764	-5880081600	16	106380
5764	-5877489600	11.7	106380
5764	-5874811200	5.5	106380
5764	-5872219200	-1.4	106380
5764	-5869540800	-5	106380
5764	-5866862400	-1.2	106380
5764	-5864356800	4.2	106380
5764	-5861678400	7	106380
5764	-5859086400	16.4	106380
5764	-5856408000	17.9	106380
5764	-5853816000	18.3	106380
5764	-5851137600	17.1	106380
5764	-5848459200	16.9	106380
5764	-5845867200	7.4	106380
5764	-5843188800	6.5	106380
5764	-5840596800	0.8	106380
5764	-5837918400	0.1	106380
5764	-5835240000	-1.2	106380
5764	-5832820800	0.5	106380
5764	-5830142400	7.1	106380
5764	-5827550400	13.5	106380
5764	-5824872000	16	106380
5764	-5822280000	17.6	106380
5764	-5819601600	17.1	106380
5764	-5816923200	16.8	106380
5764	-5814331200	10.1	106380
5764	-5811652800	6.1	106380
5764	-5809060800	2.1	106380
5764	-5806382400	2.1	106380
5764	-5803704000	1.5	106380
5764	-5801284800	2.5	106380
9944	-1451649600	-1.1	100150
9944	-1448971200	-0.1	100150
9944	-1446465600	1.3	100150
9944	-1443787200	4.4	100150
9944	-1441195200	9.8	100150
9944	-1438516800	13.2	100150
9944	-1435924800	15.7	100150
9944	-1433246400	15.7	100150
9944	-1430568000	14.8	100150
9944	-1427976000	11.1	100150
9944	-1425297600	6.5	100150
9944	-1422705600	5	100150
9944	-1420027200	4.5	100150
9944	-1417348800	4.4	100150
9944	-1414929600	3.3	100150
9944	-1412251200	7.3	100150
9944	-1409659200	12.1	100150
9944	-1406980800	13.6	100150
9944	-1404388800	17.8	100150
9944	-1401710400	16.6	100150
9944	-1399032000	13.1	100150
9944	-1396440000	10.3	100150
9944	-1393761600	5.2	100150
9944	-1391169600	2.2	100150
9944	-1388491200	1.6	100150
9944	-1385812800	3	100150
9944	-1383393600	4.4	100150
9944	-1380715200	7.5	100150
9944	-1378123200	9.8	100150
9944	-1375444800	13.6	100150
9944	-1372852800	16.8	100150
9944	-1370174400	16.5	100150
9944	-1367496000	14.7	100150
9944	-1364904000	9.3	100150
9944	-1362225600	7.6	100150
9944	-1359633600	4.6	100150
9944	-1356955200	4.2	100150
9944	-1354276800	2.7	100150
9944	-1351857600	5.7	100150
9944	-1349179200	6.5	100150
9944	-1346587200	8.7	100150
9944	-1343908800	11.8	100150
9944	-1341316800	16.1	100150
9944	-1338638400	17	100150
9944	-1335960000	14.6	100150
9944	-1333368000	11	100150
9944	-1330689600	4.8	100150
9944	-1328097600	-0.6	100150
9944	-1325419200	2.2	100150
9944	-1322740800	3.2	100150
9944	-1320235200	2.8	100150
9944	-1317556800	6	100150
9944	-1314964800	9	100150
9944	-1312286400	12.3	100150
9944	-1309694400	15.6	100150
9944	-1307016000	15.7	100150
9944	-1304337600	14.2	100150
9944	-1301745600	11	100150
9944	-1299067200	8.7	100150
9944	-1296475200	3.6	100150
9944	-1293796800	-0.6	100150
9944	-1291118400	-5.4	100150
9944	-1288699200	1.6	100150
9944	-1286020800	3.2	100150
9944	-1283428800	9.6	100150
9944	-1280750400	11.9	100150
9944	-1278158400	15.2	100150
9944	-1275480000	16.1	100150
9944	-1272801600	15.7	100150
9944	-1270209600	11.5	100150
9944	-1267531200	7.5	100150
9944	-1264939200	5.4	100150
9944	-1262260800	4.4	100150
9944	-1259582400	1.6	100150
9944	-1257163200	3.5	100150
9944	-1254484800	6.4	100150
9944	-1251892800	9.6	100150
9944	-1249214400	15.3	100150
9944	-1246622400	16.2	100150
9944	-1243944000	16.6	100150
9944	-1241265600	14.4	100150
9944	-1238673600	11.4	100150
9944	-1235995200	7.6	100150
9944	-1233403200	3.7	100150
9944	-1230724800	2.9	100150
9944	-1228046400	1.2	100150
9944	-1225627200	1.1	100150
9944	-1222948800	5.4	100150
9944	-1220356800	11.4	100150
9944	-1217678400	13.3	100150
9944	-1215086400	16.1	100150
9944	-1212408000	15.9	100150
9944	-1209729600	12.9	100150
9944	-1207137600	10.4	100150
9944	-1204459200	7.4	100150
9944	-1201867200	4.8	100150
9944	-1199188800	5	100150
9944	-1196510400	2.6	100150
9944	-1194004800	2.6	100150
9944	-1191326400	6.2	100150
9944	-1188734400	11	100150
9944	-1186056000	13.6	100150
9944	-1183464000	17.8	100150
9944	-1180785600	17.6	100150
9944	-1178107200	14.9	100150
9944	-1175515200	10.3	100150
9944	-1172836800	6.9	100150
9944	-1170244800	4.5	100150
9944	-1167566400	1.2	100150
9944	-1164888000	2	100150
9944	-1162468800	4.8	100150
9944	-1159790400	6.6	100150
9944	-1157198400	10.5	100150
9944	-1154520000	15.2	100150
9944	-1151928000	16.9	100150
9944	-1149249600	17.3	100150
9944	-1146571200	15.6	100150
9944	-1143979200	11.5	100150
9944	-1141300800	5.7	100150
9944	-1138708800	2.1	100150
9944	-1136030400	3.3	100150
9944	-1133352000	3.7	100150
9944	-1130932800	4.2	100150
9944	-1128254400	7.7	100150
9944	-1125662400	10.7	100150
9944	-1122984000	13.9	100150
9944	-1120392000	16.4	100150
9944	-1117713600	17	100150
9944	-1115035200	16.4	100150
9944	-1112443200	12.1	100150
9944	-1109764800	7.7	100150
9944	-1107172800	6.4	100150
9944	-1104494400	3.2	100150
9944	-1101816000	4	100150
9944	-1099396800	3.5	100150
9944	-1096718400	6.9	100150
9944	-1094126400	9.9	100150
9944	-1091448000	15.1	100150
9944	-1088856000	16.2	100150
9944	-1086177600	16.8	100150
9944	-1083499200	14.8	100150
9944	-1080907200	10.9	100150
9944	-1078228800	7.8	100150
9944	-1075636800	3.8	100150
9944	-1072958400	4.6	100150
9944	-1070280000	1.7	100150
9944	-1067774400	3.9	100150
9944	-1065096000	5.1	100150
9944	-1062504000	9.8	100150
9944	-1059825600	15.2	100150
9944	-1057233600	16.9	100150
9944	-1054555200	17	100150
9944	-1051876800	14.7	100150
9944	-1049284800	10	100150
9944	-1046606400	6.9	100150
9944	-1044014400	4.8	100150
9944	-1041336000	1	100150
9944	-1038657600	2.8	100150
9944	-1036238400	2.5	100150
9944	-1033560000	6.9	100150
9944	-1030968000	12	100150
9944	-1028289600	14.2	100150
9944	-1025697600	16	100150
9944	-1023019200	17.5	100150
9944	-1020340800	15	100150
9944	-1017748800	12.3	100150
9944	-1015070400	6.1	100150
9944	-1012478400	2.2	100150
9944	-1009800000	3.8	100150
9944	-1007121600	3	100150
9944	-1004702400	6	100150
9944	-1002024000	6.2	100150
9944	-999432000	9.8	100150
9944	-996753600	13.1	100150
9944	-994161600	15.4	100150
9944	-991483200	18.1	100150
9944	-988804800	15.7	100150
9944	-986212800	11.1	100150
9944	-983534400	9.1	100150
9944	-980942400	1.8	100150
9944	-978264000	3.1	100150
9944	-975585600	3.1	100150
9944	-973166400	3.2	100150
9944	-970488000	6.5	100150
9944	-967896000	10.3	100150
9944	-965217600	14.4	100150
9944	-962625600	16.5	100150
9944	-959947200	17.9	100150
9944	-957268800	15.9	100150
9944	-954676800	8.3	100150
9944	-951998400	7	100150
9944	-949406400	2.1	100150
9944	-946728000	-3.2	100150
9944	-944049600	-4.1	100150
9944	-941544000	1.3	100150
9944	-938865600	4.8	100150
9944	-936273600	10.3	100150
9944	-933595200	14.4	100150
9944	-931003200	15.6	100150
9944	-928324800	14.7	100150
9944	-925646400	13	100150
9944	-923054400	9.3	100150
9944	-920376000	7.6	100150
9944	-917784000	2.3	100150
9944	-915105600	-3.5	100150
9944	-912427200	-1.7	100150
9944	-910008000	1.4	100150
9944	-907329600	4.2	100150
9944	-904737600	8.5	100150
9944	-902059200	13.4	100150
9944	-899467200	18.2	100150
9944	-896788800	15.5	100150
9944	-894110400	13.8	100150
9944	-891518400	10.4	100150
9944	-888840000	4.2	100150
9944	-886248000	4.7	100150
9944	-883569600	-4.2	100150
9944	-880891200	-4.1	100150
9944	-878472000	-0.9	100150
9944	-875793600	4.8	100150
9944	-873201600	8.8	100150
9944	-870523200	11.4	100150
9944	-867931200	14.7	100150
9944	-865252800	17.4	100150
9944	-862574400	15.2	100150
9944	-859982400	12.2	100150
9944	-857304000	7.2	100150
9944	-854712000	5.1	100150
9944	-852033600	1.7	100150
9944	-849355200	4.5	100150
9944	-846936000	5.6	100150
9944	-844257600	7.6	100150
9944	-841665600	11.4	100150
9944	-838987200	13.7	100150
9944	-836395200	16	100150
9944	-833716800	16.4	100150
9944	-831038400	15	100150
9944	-828446400	11.9	100150
9944	-825768000	6.4	100150
9944	-823176000	4.1	100150
9944	-820497600	4.7	100150
9944	-817819200	2.2	100150
9944	-815313600	3.1	100150
9944	-812635200	6.7	100150
9944	-810043200	9.5	100150
9944	-807364800	12.5	100150
9944	-804772800	15.6	100150
9944	-802094400	18.4	100150
9944	-799416000	14	100150
9944	-796824000	10.7	100150
9944	-794145600	6.4	100150
9944	-791553600	3.6	100150
9944	-788875200	0.7	100150
9944	-786196800	3.5	100150
9945	1022932800	15.8	100200
9945	1025524800	17.1	100200
9945	1028203200	19.9	100200
9945	1030881600	16	100200
9945	1033473600	8.3	100200
9945	1036152000	4.9	100200
9945	1038744000	0.8	100200
9945	1041422400	1	100200
9945	1044100800	-0.6	100200
9945	1046520000	4.2	100200
9945	1049198400	8	100200
9945	1051790400	11.6	100200
9945	1054468800	16.3	100200
9945	1057060800	18.4	100200
9945	1059739200	18.6	100200
9945	1062417600	15.1	100200
9945	1065009600	8.1	100200
9945	1067688000	6.9	100200
9945	1070280000	4.7	100200
9945	1072958400	0.9	100200
9945	1075636800	3	100200
9945	1078142400	3.9	100200
9945	1080820800	8.2	100200
9945	1083412800	11.2	100200
9945	1086091200	13.7	100200
9945	1088683200	15.7	100200
9945	1091361600	18.7	100200
9945	1094040000	14.9	100200
9945	1096632000	10.5	100200
9945	1099310400	6.9	100200
9945	1101902400	5.2	100200
9945	1104580800	4.6	100200
9945	1107259200	1	100200
9945	1109678400	2.6	100200
9945	1112356800	7.9	100200
9945	1114948800	10.7	100200
9945	1117627200	14.1	100200
9945	1120219200	17.4	100200
9945	1122897600	15.6	100200
9945	1125576000	15.6	100200
9945	1128168000	12.4	100200
9945	1130846400	7.9	100200
9945	1133438400	3.6	100200
9945	1136116800	0	100200
9945	1138795200	1.6	100200
9945	1141214400	0.9	100200
9945	1143892800	6.3	100200
9945	1146484800	11.9	100200
9945	1149163200	14.8	100200
9945	1151755200	20.1	100200
9945	1154433600	17.5	100200
9945	1157112000	17.3	100200
9945	1159704000	13.6	100200
9945	1162382400	9.2	100200
9945	1164974400	7.9	100200
9945	1167652800	6.2	100200
9945	1170331200	3.4	100200
9945	1172750400	6.9	100200
9945	1175428800	10.4	100200
9945	1178020800	12	100200
9945	1180699200	16.8	100200
9945	1183291200	16.2	100200
9945	1185969600	17.3	100200
9945	1188648000	14.1	100200
9945	1191240000	10.2	100200
9945	1193918400	6.5	100200
9945	1196510400	4.7	100200
9945	1199188800	4.6	100200
9945	1201867200	4.9	100200
9945	1204372800	4.7	100200
9945	1207051200	7.9	100200
9945	1209643200	13.7	100200
9945	1212321600	15.8	100200
9945	1214913600	17.9	100200
9945	1217592000	17.4	100200
9945	1220270400	14.3	100200
9945	1222862400	11.2	100200
9945	1225540800	7.4	100200
9945	1228132800	3.5	100200
9946	1007208000	0.5	100350
9946	1009886400	3	100350
9946	1012564800	5	100350
9946	1014984000	4.9	100350
9946	1017662400	7.7	100350
9946	1020254400	12.9	100350
9946	1022932800	15.9	100350
9946	1025524800	17.2	100350
9946	1028203200	19.7	100350
9946	1030881600	14.7	100350
9946	1033473600	7.5	100350
9946	1036152000	4.5	100350
9946	1038744000	0.2	100350
9946	1041422400	0.6	100350
9946	1044100800	-1.4	100350
9946	1046520000	4.5	100350
9946	1049198400	7.3	100350
9946	1051790400	12.2	100350
9946	1054468800	16.4	100350
9946	1057060800	18.6	100350
9946	1059739200	18.5	100350
9946	1062417600	14	100350
9946	1065009600	6.1	100350
9946	1067688000	6.4	100350
9946	1070280000	3.2	100350
9946	1072958400	0.1	100350
9946	1075636800	2.5	100350
9946	1078142400	4.1	100350
9946	1080820800	8.3	100350
9947	662731200	2.4	100370
9947	665409600	-1	100370
9947	667828800	5.5	100370
9947	670507200	7	100370
9947	673099200	9.3	100370
9947	675777600	12.1	100370
9947	678369600	17.6	100370
9947	681048000	16.8	100370
9947	683726400	13.4	100370
9947	686318400	8.8	100370
9947	688996800	4.7	100370
9947	691588800	2.7	100370
9949	-852033600	1.2	101130
9949	-849355200	4.8	101130
9949	-846936000	6.2	101130
9949	-844257600	9.2	101130
9949	-841665600	12.4	101130
9949	-838987200	14.8	101130
9949	-836395200	16.8	101130
9949	-833716800	17	101130
9949	-831038400	14.8	101130
9949	-828446400	10.6	101130
9949	-825768000	5.3	101130
9949	-823176000	2.6	101130
9949	-820497600	4.7	101130
9949	-817819200	2.8	101130
9949	-815313600	3.5	101130
9949	-812635200	7.9	101130
9949	-810043200	10.3	101130
9949	-807364800	13.4	101130
9949	-804772800	16.8	101130
9949	-802094400	19.1	101130
9949	-799416000	14	101130
9949	-796824000	10.3	101130
9949	-794145600	6.2	101130
9949	-791553600	2.8	101130
9949	-788875200	0	101130
9949	-786196800	4.3	101130
9949	-783777600	6.6	101130
9955	1007208000	1.9	104100
9955	1009886400	3.7	104100
9955	1012564800	6.5	104100
9955	1014984000	7.1	104100
9955	1017662400	9.1	104100
9955	1020254400	13.6	104100
9955	1022932800	17	104100
9955	1025524800	17.5	104100
9955	1028203200	18.7	104100
9955	1030881600	14.1	104100
9955	1033473600	9.5	104100
9955	1036152000	8.5	104100
9955	1038744000	2.9	104100
9955	1041422400	1.4	104100
9955	1044100800	1.7	104100
9955	1046520000	8	104100
9955	1049198400	9.9	104100
9955	1051790400	13.8	104100
9955	1054468800	19	104100
9955	1057060800	19.2	104100
9955	1059739200	20.6	104100
9955	1062417600	15.4	104100
9955	1065009600	7.1	104100
9955	1067688000	8.2	104100
9955	1070280000	3.8	104100
9955	1072958400	2.2	104100
9955	1075636800	3.5	104100
9955	1078142400	5.7	104100
9955	1080820800	10.6	104100
9955	1083412800	11.9	104100
9955	1086091200	15.3	104100
9955	1088683200	16.6	104100
9955	1091361600	19	104100
9955	1094040000	15.2	104100
9955	1096632000	11.4	104100
9955	1099310400	5.3	104100
9955	1101902400	2	104100
9955	1104580800	3.9	104100
9955	1107259200	1	104100
9955	1109678400	6.3	104100
9955	1112356800	10.6	104100
9955	1114948800	13	104100
9955	1117627200	16.8	104100
9955	1120219200	18.1	104100
9955	1122897600	15.9	104100
9955	1125576000	16.3	104100
9955	1128168000	13.5	104100
9955	1130846400	5.7	104100
9955	1133438400	2.9	104100
9955	1136116800	0.5	104100
9955	1138795200	1.2	104100
9955	1141214400	3.1	104100
9955	1143892800	8.5	104100
9955	1146484800	14.1	104100
9955	1149163200	17.1	104100
9955	1151755200	23	104100
9955	1154433600	15.5	104100
9955	1157112000	18.3	104100
9955	1159704000	13.7	104100
9955	1162382400	8.6	104100
9955	1164974400	5.7	104100
9955	1167652800	5.9	104100
9955	1170331200	5.7	104100
9955	1172750400	7.7	104100
9955	1175428800	13.7	104100
9955	1178020800	14.4	104100
9955	1180699200	17.4	104100
9955	1183291200	17.4	104100
9955	1185969600	17	104100
9955	1188648000	13.6	104100
9955	1191240000	9.9	104100
9955	1193918400	5.8	104100
9955	1196510400	3.4	104100
9955	1199188800	5.6	104100
9955	1201867200	5.4	104100
9955	1204372800	5.3	104100
9955	1207051200	8.6	104100
9955	1209643200	15.9	104100
9955	1212321600	16.8	104100
9955	1214913600	18	104100
9955	1217592000	17.7	104100
9955	1220270400	13.3	104100
9955	1222862400	10	104100
9955	1225540800	6.3	104100
9955	1228132800	2.1	104100
9955	1230811200	0.1	104100
9955	1233489600	2.7	104100
9955	1235908800	5.9	104100
9955	1238587200	13.2	104100
9955	1241179200	14.3	104100
9955	1243857600	15.6	104100
9955	1246449600	18.3	104100
9955	1249128000	19.3	104100
9955	1251806400	15.5	104100
9955	1254398400	10	104100
9955	1257076800	9.3	104100
9955	1259668800	2	104100
9955	1262347200	-1.3	104100
9955	1265025600	1.4	104100
9955	1267444800	5.7	104100
9955	1270123200	10.2	104100
9955	1272715200	10.6	104100
9955	1275393600	17.4	104100
9955	1277985600	21	104100
9955	1280664000	16.9	104100
9955	1283342400	13.5	104100
9955	1285934400	9.9	104100
9955	1288612800	5.8	104100
9955	1291204800	-2.1	104100
9955	1293883200	2.7	104100
9955	1296561600	3.9	104100
9955	1298980800	7	104100
9955	1301659200	13.6	104100
9955	1304251200	14.9	104100
9955	1306929600	16.5	104100
9955	1309521600	16	104100
9955	1312200000	17.6	104100
9955	1314878400	16.5	104100
9955	1317470400	11.5	104100
9955	1320148800	8.1	104100
9955	1322740800	5.2	104100
9955	1325419200	3.9	104100
9955	1328097600	-0.2	104100
9955	1330603200	8.9	104100
9955	1333281600	8.5	104100
9955	1335873600	14.8	104100
9955	1338552000	14.9	104100
9955	1341144000	17.5	104100
9955	1343822400	19.5	104100
9955	1346500800	14.1	104100
9955	1349092800	10.5	104100
9955	1351771200	6.7	104100
9955	1354363200	4.2	104100
9955	1357041600	1.4	104100
9955	1359720000	0.6	104100
9955	1362139200	1.9	104100
9955	1364817600	8.9	104100
9955	1367409600	11.8	104100
9955	1370088000	15.8	104100
9955	1372680000	19.9	104100
9955	1375358400	18.8	104100
9955	1378036800	14.3	104100
9955	1380628800	12.2	104100
9955	1383307200	5.6	104100
9955	1385899200	5.5	104100
9955	1388577600	5.3	104100
9955	1391256000	6.3	104100
9955	1393675200	9.2	104100
9955	1396353600	12.3	104100
9955	1398945600	12.9	104100
9955	1401624000	16.3	104100
9955	1404216000	19.8	104100
9955	1406894400	16.1	104100
9955	1409572800	15.9	104100
9955	1412164800	13.3	104100
9955	1414843200	8.4	104100
9955	1417435200	3.8	104100
9955	1420113600	3.1	104100
9955	1422792000	2.6	104100
9955	1425211200	6.2	104100
9955	1427889600	9.7	104100
9955	1430481600	12.7	104100
9956	-4557384000	20	104247
9956	-4554705600	18.6	104247
9956	-4552113600	11.5	104247
9956	-4549435200	6.8	104247
9956	-4546843200	6.8	104247
9956	-4544164800	-2.8	104247
9956	-4541486400	6.3	104247
9956	-4539067200	7.6	104247
9956	-4536388800	10.2	104247
9956	-4533796800	14.8	104247
9956	-4531118400	18.8	104247
9957	-1356955200	-1.4	104270
9957	-1354276800	-1.6	104270
9958	-523368000	16.2	104380
9958	-520776000	17	104380
9965	-670593600	9.3	106370
9965	-667915200	3.9	106370
9965	-665323200	0	106370
9965	-662644800	1.8	106370
9965	-659966400	1.4	106370
9965	-657547200	4.3	106370
9965	-654868800	12.5	106370
9965	-652276800	13.8	106370
9965	-649598400	16	106370
9965	-647006400	20.8	106370
9965	-644328000	18.7	106370
9965	-641649600	17.6	106370
9965	-639057600	11.3	106370
9965	-636379200	4.4	106370
9965	-633787200	3.4	106370
9965	-631108800	0	106370
9965	-628430400	4.1	106370
9965	-626011200	6	106370
9965	-623332800	8.2	106370
9965	-620740800	14.9	106370
9965	-618062400	18.9	106370
9965	-615470400	19.7	106370
9965	-612792000	18.1	106370
9965	-610113600	14.1	106370
9965	-607521600	8.4	106370
9965	-604843200	5.2	106370
9965	-602251200	-1.3	106370
9965	-599572800	3.4	106370
9965	-596894400	3.7	106370
9965	-594475200	4.2	106370
9965	-591796800	8.4	106370
9965	-589204800	13.3	106370
9965	-586526400	16.3	106370
9965	-583934400	18.7	106370
9965	-581256000	18.2	106370
9965	-578577600	15.2	106370
9965	-575985600	8.3	106370
9965	-573307200	7.3	106370
9965	-570715200	2.4	106370
9965	-568036800	1.3	106370
9965	-565358400	0.8	106370
9965	-562852800	4.7	106370
9965	-560174400	11.9	106370
9965	-557582400	14.3	106370
9965	-554904000	17	106370
9965	-552312000	20.9	106370
9965	-549633600	19.1	106370
9965	-546955200	11.3	106370
9965	-544363200	8	106370
9965	-541684800	2.9	106370
9965	-539092800	0.9	106370
9965	-536414400	-0.2	106370
9965	-533736000	1.5	106370
9965	-531316800	6	106370
9965	-528638400	10.7	106370
9965	-526046400	15.4	106370
9965	-523368000	17.4	106370
9965	-520776000	18.6	106370
9965	-518097600	18.1	106370
9965	-515419200	14.8	106370
9965	-512827200	11.1	106370
9965	-510148800	5	106370
9965	-507556800	3.4	106370
9965	-504878400	-1.9	106370
9965	-502200000	-1.2	106370
9965	-499780800	6.3	106370
9965	-497102400	8.4	106370
9965	-494510400	13.9	106370
9965	-491832000	17.5	106370
9965	-489240000	16.2	106370
9965	-486561600	17.1	106370
9965	-483883200	14.3	106370
9965	-481291200	10.6	106370
9965	-478612800	4.9	106370
9965	-476020800	4.2	106370
9965	-473342400	-1	106370
9965	-470664000	-0.3	106370
9965	-468244800	2.6	106370
9965	-465566400	9.4	106370
9965	-462974400	12	106370
9965	-460296000	16.7	106370
9965	-457704000	19.1	106370
9965	-455025600	17.9	106370
9965	-452347200	14.4	106370
9965	-449755200	8.4	106370
9965	-447076800	4	106370
9965	-444484800	3	106370
9965	-441806400	1.4	106370
9965	-439128000	-8	106370
9965	-436622400	5.5	106370
9965	-433944000	7.7	106370
9965	-431352000	14.4	106370
9965	-428673600	14.5	106370
9965	-426081600	18.2	106370
9965	-423403200	15.6	106370
9965	-420724800	14.6	106370
9965	-418132800	8.7	106370
9965	-415454400	3.5	106370
9965	-412862400	2.5	106370
9965	-410184000	0.1	106370
9965	-407505600	4.7	106370
9965	-405086400	7.3	106370
9965	-402408000	9.4	106370
9965	-399816000	11.1	106370
9965	-397137600	18.4	106370
9965	-394545600	19.7	106370
9965	-391867200	16.1	106370
9965	-389188800	13.2	106370
9965	-386596800	9.1	106370
9965	-383918400	5.4	106370
9965	-381326400	0.8	106370
9965	-378648000	0.8	106370
9965	-375969600	3.2	106370
9965	-373550400	1.3	106370
9965	-370872000	7	106370
9965	-368280000	14.7	106370
9965	-365601600	15.8	106370
9965	-363009600	18.1	106370
9965	-360331200	18.2	106370
9965	-357652800	15.4	106370
9965	-355060800	9.2	106370
9965	-352382400	5.6	106370
9965	-349790400	3.2	106370
9965	-347112000	0.7	106370
9965	-344433600	-0.1	106370
9965	-342014400	7.3	106370
9965	-339336000	10.8	106370
9965	-336744000	14.7	106370
9965	-334065600	18.1	106370
9965	-331473600	21.7	106370
9965	-328795200	18.9	106370
9965	-326116800	15.5	106370
9965	-323524800	9.2	106370
9965	-320846400	4.2	106370
9965	-318254400	4.2	106370
9965	-315576000	0.7	106370
9965	-312897600	2.1	106370
9965	-310392000	6.6	106370
9965	-307713600	9.5	106370
9965	-305121600	14.6	106370
9965	-302443200	18.2	106370
9965	-299851200	16.7	106370
9965	-297172800	16.9	106370
9965	-294494400	13	106370
9965	-291902400	9.9	106370
9965	-289224000	7.1	106370
9965	-286632000	1.8	106370
9965	-283953600	0.5	106370
9965	-281275200	5.3	106370
9965	-278856000	6.7	106370
9965	-276177600	11.9	106370
9965	-273585600	11.8	106370
9965	-270907200	16.8	106370
9965	-268315200	16.3	106370
9965	-265636800	17.4	106370
9965	-262958400	17.4	106370
9965	-260366400	11	106370
9965	-257688000	4	106370
9965	-255096000	0.4	106370
9965	-252417600	2.8	106370
9965	-249739200	1.5	106370
9965	-247320000	1.6	106370
9965	-244641600	9.8	106370
9965	-242049600	11.3	106370
9965	-239371200	16.5	106370
9965	-236779200	17	106370
9965	-234100800	17.9	106370
9965	-231422400	13.7	106370
9965	-228830400	9.2	106370
9965	-226152000	2.7	106370
9965	-223560000	-3	106370
9965	-220881600	-6.1	106370
9965	-218203200	-4.3	106370
9965	-215784000	3.5	106370
9965	-213105600	10	106370
9965	-210513600	13.5	106370
9965	-207835200	16.8	106370
9965	-205243200	19.8	106370
9965	-202564800	17.1	106370
9965	-199886400	15	106370
9965	-197294400	8	106370
9965	-194616000	7.9	106370
9965	-192024000	-2.8	106370
9965	-189345600	-2.5	106370
9965	-186667200	2.2	106370
9965	-184161600	2.5	106370
9965	-181483200	9.9	106370
9965	-178891200	15.3	106370
9965	-176212800	18.8	106370
9965	-173620800	20.6	106370
9965	-170942400	18.1	106370
9965	-168264000	14.7	106370
9965	-165672000	8	106370
9965	-162993600	6.1	106370
9965	-160401600	1.2	106370
9965	-157723200	2.3	106370
9965	-155044800	-0.1	106370
9965	-152625600	4.3	106370
9965	-149947200	8.1	106370
9965	-147355200	13.1	106370
9965	-144676800	17.2	106370
9965	-142084800	16.5	106370
9965	-139406400	16.2	106370
9965	-136728000	13.1	106370
9965	-134136000	8.3	106370
9965	-131457600	2.8	106370
9965	-128865600	4	106370
9965	-126187200	-1.4	106370
9965	-123508800	6.3	106370
9965	-121089600	4.5	106370
9965	-118411200	10.7	106370
9965	-115819200	14.8	106370
9965	-113140800	17.9	106370
9965	-110548800	16.5	106370
9965	-107870400	17.2	106370
9965	-105192000	14.8	106370
9965	-102600000	11.9	106370
9965	-99921600	2.7	106370
9965	-97329600	3.3	106370
9965	-94651200	1.9	106370
9965	-91972800	4.1	106370
9965	-89553600	6.5	106370
9965	-86875200	8.6	106370
9965	-84283200	14	106370
9965	-81604800	16.6	106370
9965	-79012800	20.6	106370
9965	-76334400	17.8	106370
9965	-73656000	14.4	106370
9965	-71064000	11.8	106370
9965	-68385600	3.8	106370
9965	-65793600	0.8	106370
9965	-63115200	0	106370
9965	-60436800	2	106370
9965	-57931200	5.5	106370
9965	-55252800	10.3	106370
9965	-52660800	12.5	106370
9965	-49982400	17	106370
9965	-47390400	18	106370
9965	-44712000	17.2	106370
9965	-42033600	14.5	106370
9965	-39441600	10.8	106370
9965	-36763200	3.9	106370
9965	-34171200	-0.6	106370
9965	-31492800	1.9	106370
9965	-28814400	-1.1	106370
9965	-26395200	3.7	106370
9965	-23716800	8.6	106370
9965	-21124800	14.4	106370
9965	-18446400	15.9	106370
9965	-15854400	20.3	106370
9965	-13176000	17.8	106370
9965	-10497600	14.9	106370
9965	-7905600	9.5	106370
9965	-5227200	5.8	106370
9965	-2635200	-3	106370
9965	43200	-0.9	106370
9965	2721600	0.7	106370
9965	5140800	3.2	106370
9965	7819200	7.3	106370
9965	10411200	13.3	106370
9965	13089600	18.7	106370
9965	15681600	17.3	106370
9965	18360000	18.6	106370
9965	21038400	14.6	106370
9965	23630400	10.4	106370
9965	26308800	6.3	106370
9965	28900800	0.9	106370
9965	31579200	-0.9	106370
9965	34257600	2.7	106370
9965	36676800	2.6	106370
9965	39355200	10.7	106370
9965	41947200	16.1	106370
9965	44625600	15.2	106370
9965	47217600	20.1	106370
9965	49896000	19.2	106370
9965	52574400	13.8	106370
9965	55166400	9.2	106370
9965	57844800	4.3	106370
9965	60436800	3.9	106370
9965	63115200	-0.6	106370
9965	65793600	3.5	106370
9965	68299200	6.8	106370
9965	70977600	9.1	106370
9965	73569600	12.8	106370
9965	76248000	15.6	106370
9965	78840000	19.5	106370
9965	81518400	17.6	106370
9965	84196800	12.2	106370
9965	86788800	7.8	106370
9965	89467200	4.4	106370
9965	92059200	0.5	106370
9965	94737600	0.7	106370
9965	97416000	1.9	106370
9965	99835200	5.6	106370
9965	102513600	7.2	106370
9965	105105600	14.2	106370
9965	107784000	18.4	106370
9965	110376000	19.1	106370
9965	113054400	20.2	106370
9965	115732800	16	106370
9965	118324800	8.6	106370
9965	121003200	4.2	106370
9965	123595200	0.9	106370
9965	126273600	4.5	106370
9965	128952000	4.5	106370
9965	131371200	7.4	106370
9965	134049600	10.5	106370
9965	136641600	12.9	106370
9965	139320000	16.1	106370
9965	141912000	16.9	106370
9965	144590400	18.7	106370
9965	147268800	14.5	106370
9965	149860800	6.3	106370
9965	152539200	5.6	106370
9965	155131200	5.9	106370
9965	157809600	5.1	106370
9965	160488000	2.4	106370
9965	162907200	4.9	106370
9965	165585600	8.8	106370
9965	168177600	13.2	106370
9965	170856000	16.8	106370
9965	173448000	20.3	106370
9965	176126400	20.6	106370
9965	178804800	16.5	106370
9965	181396800	8.2	106370
9965	184075200	4.1	106370
9965	186667200	1.6	106370
9965	189345600	3.1	106370
9965	192024000	1.7	106370
9965	194529600	3.7	106370
9965	197208000	8.9	106370
9965	199800000	15	106370
9965	202478400	20.8	106370
9965	205070400	22.1	106370
9965	207748800	19	106370
9965	210427200	14.3	106370
9965	213019200	10.7	106370
9965	215697600	5.9	106370
9965	218289600	-0.1	106370
9965	220968000	2.2	106370
9965	223646400	5	106370
9965	226065600	7.7	106370
9965	228744000	7.4	106370
9965	231336000	13.4	106370
9965	234014400	16.9	106370
9965	236606400	18.7	106370
9965	239284800	17.5	106370
9965	241963200	13.6	106370
9965	244555200	10.7	106370
9965	247233600	6.1	106370
9965	249825600	2.5	106370
9965	252504000	2.1	106370
9965	255182400	0.6	106370
9965	257601600	6.7	106370
9965	260280000	9.1	106370
9965	262872000	12.9	106370
9965	265550400	16.4	106370
9965	268142400	17.4	106370
9965	270820800	16.9	106370
9965	273499200	14.2	106370
9965	276091200	9.6	106370
9965	278769600	3.9	106370
9965	281361600	2.1	106370
9965	284040000	-3.8	106370
9965	286718400	0.4	106370
9965	289137600	6	106370
9965	291816000	8	106370
9965	294408000	13.6	106370
9965	297086400	18.5	106370
9965	299678400	18.1	106370
9965	302356800	16.8	106370
9965	305035200	15.3	106370
9965	307627200	10.4	106370
9965	310305600	4.6	106370
9965	312897600	5.2	106370
9965	315576000	-0.2	106370
9965	318254400	4.3	106370
9965	320760000	5.9	106370
9965	323438400	8.2	106370
9965	326030400	12.9	106370
9965	328708800	15.9	106370
9965	331300800	16.3	106370
9965	333979200	18.4	106370
9965	336657600	15.3	106370
9965	339249600	8.7	106370
9965	341928000	3.8	106370
9965	344520000	1.3	106370
9965	347198400	-0.8	106370
9965	349876800	0.6	106370
9965	352296000	8.6	106370
9965	354974400	10.2	106370
9965	357566400	14.2	106370
9965	360244800	16.9	106370
9965	362836800	18	106370
9965	365515200	18.1	106370
9965	368193600	15.5	106370
9965	370785600	9.1	106370
9965	373464000	5.9	106370
9965	376056000	-0.4	106370
9965	378734400	-1.6	106370
9965	381412800	0.9	106370
9965	383832000	5.7	106370
9965	386510400	8.6	106370
9965	389102400	13.8	106370
9965	391780800	18.2	106370
9965	394372800	21.1	106370
9965	397051200	18.9	106370
9965	399729600	17.3	106370
9965	402321600	10.3	106370
9965	4.05e+08	6.8	106370
9965	407592000	3.2	106370
9965	410270400	4.7	106370
9965	412948800	0	106370
9965	415368000	6.1	106370
9965	418046400	10.2	106370
9965	420638400	11.8	106370
9965	423316800	18.2	106370
9965	425908800	22.6	106370
9965	428587200	20.7	106370
9965	431265600	15	106370
9965	433857600	9.9	106370
9965	436536000	3.7	106370
9965	439128000	1.7	106370
9965	441806400	2.5	106370
9965	444484800	1.8	106370
9965	446990400	4	106370
9965	449668800	8.3	106370
9965	452260800	11.5	106370
9965	454939200	15.5	106370
9965	457531200	18.2	106370
9965	460209600	18.8	106370
9965	462888000	13.7	106370
9965	465480000	11.1	106370
9965	468158400	5.8	106370
9965	470750400	2.5	106370
9965	473428800	-3.6	106370
9965	476107200	-2.3	106370
9965	478526400	4.8	106370
9965	481204800	9.6	106370
9965	483796800	15	106370
9965	486475200	14.9	106370
9965	489067200	19.1	106370
9965	491745600	17.7	106370
9965	494424000	15.5	106370
9965	497016000	9.8	106370
9965	499694400	1.6	106370
9965	502286400	4.4	106370
9965	504964800	2	106370
9965	507643200	-4.1	106370
9965	510062400	4.9	106370
9965	512740800	7.7	106370
9965	515332800	15.7	106370
9965	518011200	18.4	106370
9965	520603200	19	106370
9965	523281600	18.2	106370
9965	525960000	12.4	106370
9965	528552000	10.8	106370
9965	531230400	6.2	106370
9965	533822400	3.3	106370
9965	536500800	-4.1	106370
9965	539179200	1.2	106370
9965	541598400	2	106370
9965	544276800	11.1	106370
9965	546868800	11.3	106370
9965	549547200	15.6	106370
9965	552139200	18.7	106370
9965	554817600	17.5	106370
9965	557496000	16.3	106370
9965	560088000	10.2	106370
9965	562766400	5.8	106370
9965	565358400	3	106370
9965	568036800	4.6	106370
9965	570715200	3.2	106370
9965	573220800	4.8	106370
9965	575899200	9.8	106370
9965	578491200	15.8	106370
9965	581169600	17.1	106370
9965	583761600	18.5	106370
9965	586440000	19.4	106370
9965	589118400	14.7	106370
9965	591710400	11.2	106370
9965	594388800	3.9	106370
9965	596980800	5	106370
9965	599659200	3.1	106370
9965	602337600	3.9	106370
9965	604756800	8.7	106370
9965	607435200	8.3	106370
9965	610027200	16.2	106370
9965	612705600	17.1	106370
9965	615297600	19.8	106370
9965	617976000	18.7	106370
9965	620654400	15.9	106370
9965	623246400	11.4	106370
9965	625924800	3.3	106370
9965	628516800	3.4	106370
9965	631195200	3.3	106370
9965	633873600	6.7	106370
9965	636292800	8.5	106370
9965	638971200	9.2	106370
9965	641563200	16.1	106370
9965	644241600	16.8	106370
9965	646833600	19.4	106370
9965	649512000	20.8	106370
9965	652190400	13.5	106370
9965	654782400	11.3	106370
9965	657460800	5.8	106370
9965	660052800	1.8	106370
9965	662731200	2.7	106370
9965	665409600	-1.1	106370
9965	667828800	8.2	106370
9965	670507200	9.1	106370
9965	673099200	11.9	106370
9965	675777600	15.2	106370
9965	678369600	21.6	106370
9965	681048000	21.1	106370
9965	683726400	17.1	106370
9965	686318400	9.1	106370
9965	688996800	4.8	106370
9965	691588800	1.1	106370
9965	694267200	2.1	106370
9965	696945600	3.4	106370
9965	699451200	6.7	106370
9965	702129600	9.9	106370
9965	704721600	16.6	106370
9965	707400000	18.5	106370
9965	709992000	20.6	106370
9965	712670400	20.9	106370
9965	715348800	14.6	106370
9965	717940800	7.9	106370
9965	720619200	6.8	106370
9965	723211200	2.4	106370
9965	725889600	3.9	106370
9965	728568000	0	106370
9965	730987200	5.7	106370
9965	733665600	12.6	106370
9965	736257600	16.3	106370
9965	738936000	18.5	106370
9965	741528000	19	106370
9965	744206400	18.7	106370
9965	746884800	14	106370
9965	749476800	9.1	106370
9965	752155200	1.9	106370
9965	754747200	4.8	106370
9965	757425600	4.3	106370
9965	760104000	1.9	106370
9965	762523200	8.6	106370
9965	765201600	9.9	106370
9965	767793600	14.4	106370
9965	770472000	18.8	106370
9965	773064000	23.7	106370
9965	775742400	19.6	106370
9965	778420800	14.9	106370
9965	781012800	9.2	106370
9965	783691200	9.1	106370
9965	786283200	5.1	106370
9965	788961600	1.9	106370
9965	791640000	6	106370
9965	794059200	4.8	106370
9965	796737600	11	106370
9965	799329600	14.2	106370
9965	802008000	16.7	106370
9965	804600000	22.5	106370
9965	807278400	20.5	106370
9965	809956800	14	106370
9965	812548800	13	106370
9965	815227200	4.2	106370
9965	817819200	0.5	106370
9965	820497600	-0.7	106370
9965	823176000	0.5	106370
9965	825681600	3.8	106370
9965	828360000	10.5	106370
9965	830952000	12.7	106370
9965	833630400	18	106370
9965	836222400	18	106370
9965	838900800	18.8	106370
9965	841579200	13	106370
9965	844171200	10.4	106370
9965	846849600	5.8	106370
9965	849441600	-0.7	106370
9965	852120000	-2.5	106370
9965	854798400	5.6	106370
9965	857217600	8.7	106370
9965	859896000	9	106370
9965	862488000	14.7	106370
9965	865166400	17.5	106370
9965	867758400	19.2	106370
9965	870436800	21.9	106370
9965	873115200	15.8	106370
9965	875707200	9.2	106370
9965	878385600	5.4	106370
9965	880977600	3.9	106370
9965	883656000	3.5	106370
9965	886334400	5	106370
9965	888753600	7.6	106370
9965	891432000	10.1	106370
9965	894024000	16.3	106370
9965	896702400	18.8	106370
9965	899294400	18.4	106370
9965	901972800	19.6	106370
9965	904651200	14.7	106370
9965	907243200	10.2	106370
9965	909921600	3.2	106370
9965	912513600	2.5	106370
9965	915192000	3.9	106370
9965	917870400	2.3	106370
9965	920289600	7.2	106370
9965	922968000	11	106370
9965	925560000	15.9	106370
9965	928238400	17.6	106370
9965	930830400	21.2	106370
9965	933508800	19.2	106370
9965	936187200	18.6	106370
9965	938779200	10.2	106370
9965	941457600	4.6	106370
9965	944049600	3.6	106370
9965	946728000	2.9	106370
9965	949406400	5.3	106370
9965	951912000	7.6	106370
9965	954590400	11.8	106370
9965	957182400	16.5	106370
9965	959860800	19.4	106370
9965	962452800	16.7	106370
9965	965131200	19.9	106370
9965	967809600	15.5	106370
9965	970401600	11.3	106370
9965	973080000	7.5	106370
9965	975672000	4.3	106370
9965	978350400	2.6	106370
9965	981028800	4.7	106370
9965	983448000	6.7	106370
9965	986126400	8.8	106370
9965	988718400	16.6	106370
9965	991396800	16.4	106370
9965	993988800	20.7	106370
9965	996667200	20.5	106370
9965	999345600	13	106370
9965	1001937600	13.4	106370
9965	1004616000	4.6	106370
9965	1007208000	1.4	106370
9965	1009886400	1.3	106370
9965	1012564800	6.5	106370
9965	1014984000	7.3	106370
9965	1017662400	10.1	106370
9965	1020254400	14.6	106370
9965	1022932800	19.5	106370
9965	1025524800	19.1	106370
9965	1028203200	20	106370
9965	1030881600	14.5	106370
9965	1033473600	10.3	106370
9965	1036152000	8	106370
9965	1038744000	3.1	106370
9965	1041422400	1.2	106370
9965	1044100800	0.4	106370
9965	1046520000	8.3	106370
9965	1049198400	10.8	106370
9965	1051790400	15.7	106370
9965	1054468800	21.9	106370
9965	1057060800	21.1	106370
9965	1059739200	23.7	106370
9965	1062417600	15.7	106370
9965	1065009600	7.9	106370
9965	1067688000	7.2	106370
9965	1070280000	3	106370
9965	1072958400	2	106370
9965	1075636800	4.2	106370
9965	1078142400	5.8	106370
9965	1080820800	11.6	106370
9965	1083412800	13.3	106370
9965	1086091200	17.6	106370
9965	1088683200	19	106370
9965	1091361600	20.1	106370
9965	1094040000	16	106370
9965	1096632000	11.3	106370
9965	1099310400	5.5	106370
9965	1101902400	1.4	106370
9965	1104580800	3.2	106370
9965	1107259200	0.7	106370
9965	1109678400	6.5	106370
9965	1112356800	11.6	106370
9965	1114948800	14.8	106370
9965	1117627200	19.1	106370
9965	1120219200	20.3	106370
9965	1122897600	18	106370
9965	1125576000	17.3	106370
9965	1128168000	12.4	106370
9965	1130846400	5.6	106370
9965	1133438400	2.2	106370
9965	1136116800	-0.6	106370
9965	1138795200	1.5	106370
9965	1141214400	3.8	106370
9965	1143892800	10.2	106370
9965	1146484800	15	106370
9965	1149163200	18.8	106370
9965	1151755200	24	106370
9965	1154433600	16.7	106370
9965	1157112000	18.5	106370
9965	1159704000	13.4	106370
9965	1162382400	8.3	106370
9965	1164974400	4.7	106370
9965	1167652800	6.1	106370
9965	1170331200	5.8	106370
9965	1172750400	7.7	106370
9965	1175428800	14.3	106370
9965	1178020800	16.1	106370
9965	1180699200	18.9	106370
9965	1183291200	18.6	106370
9965	1185969600	18.3	106370
9965	1188648000	14	106370
9965	1191240000	9.9	106370
9965	1193918400	4.9	106370
9965	1196510400	2.1	106370
9965	1199188800	4.8	106370
9965	1201867200	4.3	106370
9965	1204372800	6	106370
9965	1207051200	8.9	106370
9965	1209643200	17.3	106370
9965	1212321600	19.1	106370
9965	1214913600	20.2	106370
9965	1217592000	19.2	106370
9965	1220270400	13.6	106370
9965	1222862400	10	106370
9965	1225540800	6.4	106370
9965	1228132800	1.9	106370
9965	1230811200	-1.9	106370
9965	1233489600	2.3	106370
9965	1235908800	6.1	106370
9965	1238587200	14.1	106370
9965	1241179200	15.7	106370
9965	1243857600	17.2	106370
9965	1246449600	19.8	106370
9965	1249128000	20.9	106370
9965	1251806400	16.5	106370
9965	1254398400	10	106370
9965	1257076800	8.5	106370
9965	1259668800	2.1	106370
9965	1262347200	-1.7	106370
9965	1265025600	1.7	106370
9965	1267444800	6.4	106370
9965	1270123200	11.1	106370
9965	1272715200	12.3	106370
9965	1275393600	18.8	106370
9965	1277985600	22.2	106370
9965	1280664000	18.2	106370
9965	1283342400	13.9	106370
9965	1285934400	9.5	106370
9965	1288612800	6.9	106370
9965	1291204800	-1.6	106370
9965	1293883200	2.6	106370
9965	1296561600	3	106370
9965	1298980800	7.6	106370
9965	1301659200	14	106370
9965	1304251200	16.3	106370
9965	1306929600	18.5	106370
9965	1309521600	17.7	106370
9965	1312200000	19.5	106370
9965	1314878400	17	106370
9965	1317470400	10.7	106370
9965	1320148800	5.4	106370
9965	1322740800	5.1	106370
9965	1325419200	3.7	106370
9965	1328097600	-0.8	106370
9965	1330603200	9	106370
9965	1333281600	10	106370
9965	1335873600	16.6	106370
9965	1338552000	17.3	106370
9965	1341144000	19.4	106370
9965	1343822400	20.8	106370
9965	1346500800	15.2	106370
9965	1349092800	9.8	106370
9965	1351771200	6.4	106370
9965	1354363200	3.8	106370
9965	1357041600	1.8	106370
9965	1359720000	1.1	106370
9965	1362139200	2.8	106370
9965	1364817600	10.3	106370
9965	1367409600	13	106370
9965	1370088000	17.8	106370
9965	1372680000	22.3	106370
9965	1375358400	19.9	106370
9965	1378036800	15.4	106370
9965	1380628800	12	106370
9965	1383307200	5.8	106370
9965	1385899200	4.5	106370
9965	1388577600	4.7	106370
9965	1391256000	5.7	106370
9965	1393675200	8.9	106370
9965	1396353600	13.6	106370
9965	1398945600	14.3	106370
9965	1401624000	18.6	106370
9965	1404216000	21.1	106370
9965	1406894400	17.5	106370
9965	1409572800	16.6	106370
9965	1412164800	12.9	106370
9965	1414843200	7.5	106370
9965	1417435200	3.9	106370
9965	1420113600	3.1	106370
9965	1422792000	2.2	106370
9965	1425211200	6.8	106370
9965	1427889600	10.5	106370
9965	1430481600	14.5	106370
9966	-4544164800	-6.5	106380
9966	-4541486400	1.9	106380
9966	-4539067200	5.2	106380
9966	-4536388800	9.5	106380
9966	-4533796800	12.2	106380
9966	-4531118400	17.1	106380
9966	-4528526400	20.3	106380
9966	-4525848000	20.4	106380
9966	-4523169600	14.7	106380
9966	-4520577600	11.8	106380
9966	-4517899200	3.6	106380
9966	-4515307200	2.5	106380
9966	-4512628800	-3.5	106380
9966	-4509950400	-7.2	106380
9966	-4507531200	5.7	106380
9966	-4504852800	12.8	106380
9966	-4502260800	16.9	106380
9966	-4499582400	19.3	106380
9966	-4496990400	21.1	106380
9966	-4494312000	18.8	106380
9966	-4491633600	16.3	106380
9966	-4489041600	11	106380
9966	-4486363200	1.8	106380
9966	-4483771200	5.6	106380
9966	-4481092800	1.3	106380
9966	-4478414400	1.4	106380
9966	-4475908800	6.1	106380
9966	-4473230400	10.4	106380
9966	-4470638400	15.7	106380
9966	-4467960000	19.5	106380
9966	-4465368000	20.7	106380
9966	-4462689600	17.6	106380
9966	-4460011200	15.7	106380
9966	-4457419200	10	106380
9966	-4454740800	4.5	106380
9966	-4452148800	3.4	106380
9966	-4449470400	-5.3	106380
9966	-4446792000	-2.5	106380
9966	-4444372800	3.5	106380
9966	-4441694400	10.4	106380
9966	-4439102400	14.4	106380
9966	-4436424000	17.2	106380
9966	-4433832000	20.3	106380
9966	-4431153600	17.3	106380
9966	-4428475200	14.2	106380
9966	-4425883200	9.3	106380
9966	-4423204800	1.4	106380
9966	-4420612800	-7.2	106380
9966	-4417934400	-9.4	106380
9966	-4415256000	-3.7	106380
9966	-4412836800	6.8	106380
9966	-4410158400	12.6	106380
9966	-4407566400	16	106380
9966	-4404888000	19	106380
9966	-4402296000	20.6	106380
9966	-4399617600	18.8	106380
9966	-4396939200	14.9	106380
9966	-4394347200	8.9	106380
9966	-4391668800	6.2	106380
9966	-4389076800	0.3	106380
9966	-4386398400	-2.3	106380
9966	-4383720000	1.8	106380
9966	-4381300800	6.7	106380
9966	-4378622400	11.5	106380
9966	-4376030400	13.7	106380
9966	-4373352000	16.7	106380
9966	-4370760000	20	106380
9966	-4368081600	18.9	106380
9966	-4365403200	13.8	106380
9966	-4362811200	12.8	106380
9966	-4360132800	4.7	106380
9966	-4357540800	2.2	106380
9966	-4354862400	-1.9	106380
9966	-4352184000	0.6	106380
9966	-4349678400	4	106380
9966	-4.347e+09	9.1	106380
9966	-4344408000	11.3	106380
9966	-4341729600	14.9	106380
9966	-4339137600	15.5	106380
9966	-4336459200	17.6	106380
9966	-4333780800	11.8	106380
9966	-4331188800	8.2	106380
9966	-4328510400	1.8	106380
9966	-4325918400	0.5	106380
9966	-4323240000	-4.5	106380
9966	-4320561600	5.3	106380
9966	-4318142400	3.4	106380
9966	-4315464000	8.8	106380
9966	-4312872000	18.9	106380
9966	-4310193600	20.2	106380
9966	-4307601600	19.4	106380
9966	-4304923200	16	106380
9966	-4302244800	14.3	106380
9966	-4299652800	8.8	106380
9966	-4296974400	4.3	106380
9966	-4294382400	5.5	106380
9966	-4291704000	5.3	106380
9966	-4289025600	0.7	106380
9966	-4286606400	4.7	106380
9966	-4283928000	7.4	106380
9966	-4281336000	16	106380
9966	-4278657600	17.9	106380
9966	-4276065600	21.6	106380
9966	-4273387200	18.8	106380
9966	-4270708800	15.5	106380
9966	-4268116800	9.2	106380
9966	-4265438400	5.8	106380
9966	-4262846400	3.3	106380
9966	-4260168000	2.2	106380
9966	-4257489600	4	106380
9966	-4255070400	4.8	106380
9966	-4252392000	8.4	106380
9966	-4249800000	13.6	106380
9966	-4247121600	17.8	106380
9966	-4244529600	20.8	106380
9966	-4241851200	18.7	106380
9966	-4239172800	15.2	106380
9966	-4236580800	8.6	106380
9966	-4233902400	-0.2	106380
9966	-4231310400	-1.5	106380
9966	-4228632000	-0.8	106380
9966	-4225953600	0.6	106380
9966	-4223448000	7.8	106380
9966	-4220769600	8.6	106380
9966	-4218177600	11.6	106380
9966	-4215499200	18	106380
9966	-4212907200	19.4	106380
9966	-4210228800	18.4	106380
9966	-4207550400	13.2	106380
9966	-4204958400	10.7	106380
9966	-4202280000	4.1	106380
9966	-4199688000	2.7	106380
9966	-4197009600	0.6	106380
9966	-4194331200	1	106380
9966	-4191912000	1.7	106380
9966	-4189233600	5.5	106380
9966	-4186641600	11.6	106380
9966	-4183963200	17.9	106380
9966	-4181371200	18	106380
9966	-4178692800	19.5	106380
9966	-4176014400	12.9	106380
9966	-4173422400	9.5	106380
9966	-4170744000	4.1	106380
9966	-4168152000	0.9	106380
9966	-4165473600	-7.9	106380
9966	-4162795200	-2.8	106380
9966	-4160376000	4.4	106380
9966	-4157697600	6.3	106380
9966	-4155105600	13.8	106380
9966	-4152427200	16.5	106380
9966	-4149835200	18.2	106380
9966	-4147156800	16.7	106380
9966	-4144478400	15.5	106380
9966	-4141886400	9.8	106380
9966	-4139208000	3.9	106380
9966	-4136616000	0.6	106380
9966	-4133937600	-0.6	106380
9966	-4131259200	0.8	106380
9966	-4128840000	2.4	106380
9966	-4126161600	6	106380
9966	-4123569600	13.5	106380
9966	-4120891200	19.7	106380
9966	-4118299200	19.5	106380
9966	-4115620800	16.7	106380
9966	-4112942400	15.4	106380
9966	-4110350400	10.8	106380
9966	-4107672000	6.1	106380
9966	-4105080000	3.1	106380
9966	-4102401600	-0.8	106380
9966	-4099723200	0.8	106380
9966	-4097217600	1.6	106380
9966	-4094539200	11.6	106380
9966	-4091947200	13.5	106380
9966	-4089268800	16.7	106380
9966	-4086676800	16.7	106380
9966	-4083998400	18	106380
9966	-4081320000	13.8	106380
9966	-4078728000	7.5	106380
9966	-4076049600	6.4	106380
9966	-4073457600	-5.2	106380
9966	-4070779200	-1	106380
9966	-4068100800	-2.3	106380
9966	-4065681600	6.6	106380
9966	-4063003200	9.9	106380
9966	-4060411200	17.6	106380
9966	-4057732800	15.6	106380
9966	-4055140800	16.3	106380
9966	-4052462400	17.2	106380
9966	-4049784000	15.6	106380
9966	-4047192000	10.6	106380
9966	-4044513600	5.4	106380
9966	-4041921600	4	106380
9966	-4039243200	-3.9	106380
9966	-4036564800	-1.4	106380
9966	-4034145600	5.5	106380
9966	-4031467200	8	106380
9966	-4028875200	15.1	106380
9966	-4026196800	18.4	106380
9966	-4023604800	17.9	106380
9966	-4020926400	21.2	106380
9966	-4018248000	14	106380
9966	-4015656000	7.2	106380
9966	-4012977600	1.9	106380
9966	-4010385600	1.1	106380
9966	-4007707200	1.2	106380
9966	-4005028800	2.7	106380
9966	-4002609600	4.8	106380
9966	-3999931200	10.9	106380
9966	-3997339200	13.8	106380
9966	-3994660800	16	106380
9966	-3992068800	18	106380
9966	-3989390400	18.7	106380
9966	-3986712000	14.8	106380
9966	-3984120000	9.6	106380
9966	-3981441600	6.1	106380
9966	-3978849600	2.8	106380
9966	-3976171200	-0.5	106380
9966	-3973492800	0	106380
9966	-3970987200	4.1	106380
9966	-3968308800	11	106380
9966	-3965716800	13.4	106380
9966	-3963038400	17.5	106380
9966	-3960446400	16.2	106380
9966	-3957768000	15.4	106380
9966	-3955089600	15	106380
9966	-3952497600	9.6	106380
9966	-3949819200	6.7	106380
9966	-3947227200	-2.6	106380
9966	-3944548800	0.3	106380
9966	-3941870400	-5.6	106380
9966	-3939451200	-2.7	106380
9966	-3936772800	10	106380
9966	-3934180800	12.1	106380
9966	-3931502400	18.4	106380
9966	-3928910400	19	106380
9966	-3926232000	15.6	106380
9966	-3923553600	13.6	106380
9966	-3920961600	9.8	106380
9966	-3918283200	6.2	106380
9966	-3915691200	3.8	106380
9966	-3913012800	1.8	106380
9966	-3910334400	4.6	106380
9966	-3907915200	7.1	106380
9966	-3905236800	9.5	106380
9966	-3902644800	14.2	106380
9966	-3899966400	20.2	106380
9966	-3897374400	20.9	106380
9966	-3894696000	21	106380
9966	-3892017600	17	106380
9966	-3889425600	11.5	106380
9966	-3886747200	4.2	106380
9966	-3884155200	-3.1	106380
9966	-3881476800	-2.2	106380
9966	-3878798400	-0.2	106380
9966	-3876379200	3.5	106380
9966	-3873700800	6.6	106380
9966	-3871108800	16.5	106380
9966	-3868430400	15.9	106380
9966	-3865838400	20.2	106380
9966	-3863160000	19.8	106380
9966	-3860481600	12.4	106380
9966	-3857889600	9.1	106380
9966	-3855211200	4.6	106380
9966	-3852619200	0	106380
9966	-3849940800	-6.2	106380
9966	-3847262400	4	106380
9966	-3844756800	5.7	106380
9966	-3842078400	10.9	106380
9966	-3839486400	15.2	106380
9966	-3836808000	18.2	106380
9966	-3834216000	19.3	106380
9966	-3831537600	17.5	106380
9966	-3828859200	14.4	106380
9966	-3826267200	10.6	106380
9966	-3823588800	4.3	106380
9966	-3820996800	1	106380
9966	-3818318400	-0.5	106380
9966	-3815640000	4.2	106380
9966	-3813220800	4.1	106380
9966	-3810542400	8.4	106380
9966	-3807950400	14.7	106380
9966	-3805272000	18.1	106380
9966	-3802680000	17.9	106380
9966	-3800001600	16.9	106380
9966	-3797323200	14.4	106380
9966	-3794731200	9.4	106380
9966	-3792052800	2.4	106380
9966	-3789460800	-1.4	106380
9966	-3786782400	-5.4	106380
9966	-3784104000	4.5	106380
9966	-3781684800	1.4	106380
9966	-3779006400	9.6	106380
9966	-3776414400	12.5	106380
9966	-3773736000	17.6	106380
9966	-3771144000	17.6	106380
9966	-3768465600	17.2	106380
9966	-3765787200	12.7	106380
9966	-3763195200	7.7	106380
9966	-3760516800	6.9	106380
9966	-3757924800	1.7	106380
9966	-3755246400	1.5	106380
9966	-3752568000	1.2	106380
9966	-3750148800	4.9	106380
9966	-3747470400	9.8	106380
9966	-3744878400	10.8	106380
9966	-3742200000	17.4	106380
9966	-3739608000	17.9	106380
9966	-3736929600	18.6	106380
9966	-3734251200	12.7	106380
9966	-3731659200	10.6	106380
9966	-3728980800	1.8	106380
9966	-3726388800	1.1	106380
9966	-3723710400	2.7	106380
9966	-3721032000	3.2	106380
9966	-3718526400	2.8	106380
9966	-3715848000	7.1	106380
9966	-3713256000	14.8	106380
9966	-3710577600	16.7	106380
9966	-3707985600	21.7	106380
9966	-3705307200	18.8	106380
9966	-3702628800	14.7	106380
9966	-3700036800	8.1	106380
9966	-3697358400	8.2	106380
9966	-3694766400	5.4	106380
9966	-3692088000	3.9	106380
9966	-3689409600	-0.9	106380
9966	-3686990400	0	106380
9966	-3684312000	7.8	106380
9966	-3681720000	13.2	106380
9966	-3679041600	17.8	106380
9966	-3676449600	20	106380
9966	-3673771200	19.3	106380
9966	-3671092800	14.3	106380
9966	-3668500800	9.8	106380
9966	-3665822400	3.9	106380
9966	-3663230400	-3.9	106380
9966	-3660552000	-0.7	106380
9966	-3657873600	0.3	106380
9966	-3655454400	6	106380
9966	-3652776000	9.5	106380
9966	-3650184000	14	106380
9966	-3647505600	16.6	106380
9966	-3644913600	19.6	106380
9966	-3642235200	17.7	106380
9966	-3639556800	14.8	106380
9966	-3636964800	10.4	106380
9966	-3634286400	3.1	106380
9966	-3631694400	3.3	106380
9966	-3629016000	-2.7	106380
9966	-3626337600	-3.5	106380
9966	-3623918400	3.8	106380
9966	-3621240000	8.5	106380
9966	-3618648000	12.5	106380
9966	-3615969600	18	106380
9966	-3613377600	18.5	106380
9966	-3610699200	19.6	106380
9966	-3608020800	14.8	106380
9966	-3605428800	11.9	106380
9966	-3602750400	3.3	106380
9966	-3600158400	-3	106380
9966	-3597480000	1.2	106380
9966	-3594801600	4.2	106380
9966	-3592296000	3.7	106380
9966	-3589617600	10.3	106380
9966	-3587025600	12.5	106380
9966	-3584347200	18.2	106380
9966	-3581755200	18	106380
9966	-3579076800	20.4	106380
9966	-3576398400	14.1	106380
9966	-3573806400	10.5	106380
9966	-3571128000	1.4	106380
9966	-3568536000	2.2	106380
9966	-3565857600	0	106380
9966	-3563179200	0.6	106380
9966	-3560760000	4.9	106380
9966	-3558081600	8.8	106380
9966	-3555489600	14.9	106380
9966	-3552811200	18.8	106380
9966	-3550219200	21.2	106380
9966	-3547540800	22	106380
9966	-3544862400	16.5	106380
9966	-3542270400	12	106380
9966	-3539592000	4.7	106380
9966	-3.537e+09	2.5	106380
9966	-3534321600	-1.7	106380
9966	-3531643200	-1	106380
9966	-3529224000	3.5	106380
9966	-3526545600	9.7	106380
9966	-3523953600	12.9	106380
9966	-3521275200	22.2	106380
9966	-3518683200	19	106380
9966	-3516004800	19.1	106380
9966	-3513326400	17.4	106380
9966	-3510734400	9.8	106380
9966	-3508056000	-1	106380
9966	-3505464000	2.3	106380
9966	-3502785600	1.7	106380
9966	-3500107200	4.2	106380
9966	-3497688000	7.9	106380
9966	-3495009600	9.9	106380
9966	-3492417600	15.1	106380
9966	-3489739200	19.5	106380
9966	-3487147200	23.8	106380
9966	-3484468800	21.6	106380
9966	-3481790400	15.3	106380
9966	-3479198400	11.7	106380
9966	-3476520000	3.8	106380
9966	-3473928000	-1	106380
9966	-3471249600	3.1	106380
9966	-3468571200	-0.6	106380
9966	-3466065600	3.4	106380
9966	-3463387200	8.7	106380
9966	-3460795200	15.6	106380
9966	-3458116800	17.3	106380
9966	-3455524800	17.6	106380
9966	-3452846400	17	106380
9966	-3450168000	14.5	106380
9966	-3447576000	9.5	106380
9966	-3444897600	2.6	106380
9966	-3442305600	0.5	106380
9966	-3439627200	-5.2	106380
9966	-3436948800	4.2	106380
9966	-3434529600	6.5	106380
9966	-3431851200	8.3	106380
9966	-3429259200	13.4	106380
9966	-3426580800	19.9	106380
9966	-3423988800	19.5	106380
9966	-3421310400	20.4	106380
9966	-3418632000	15.2	106380
9966	-3416040000	11.5	106380
9966	-3413361600	5.1	106380
9966	-3410769600	1.1	106380
9966	-3408091200	-0.5	106380
9966	-3405412800	2.3	106380
9966	-3402993600	7.6	106380
9966	-3400315200	12.2	106380
9966	-3397723200	17.3	106380
9966	-3395044800	16.7	106380
9966	-3392452800	18.7	106380
9966	-3389774400	18.2	106380
9966	-3387096000	15.8	106380
9966	-3384504000	11.4	106380
9966	-3381825600	5	106380
9966	-3379233600	2.6	106380
9966	-3376555200	3.5	106380
9966	-3373876800	2.9	106380
9966	-3371457600	5.8	106380
9966	-3368779200	10.1	106380
9966	-3366187200	14.2	106380
9966	-3363508800	17.2	106380
9966	-3360916800	18	106380
9966	-3358238400	19.8	106380
9966	-3355560000	13.4	106380
9966	-3352968000	10.7	106380
9966	-3350289600	4.6	106380
9966	-3347697600	3.5	106380
9966	-3345019200	-3.5	106380
9966	-3342340800	0.2	106380
9966	-3339835200	6.4	106380
9966	-3337156800	8.5	106380
9966	-3334564800	13.2	106380
9966	-3331886400	17	106380
9966	-3329294400	18.2	106380
9966	-3326616000	16.6	106380
9966	-3323937600	14.4	106380
9966	-3321345600	8.8	106380
9966	-3318667200	3.1	106380
9966	-3316075200	-2.9	106380
9966	-3313396800	0.8	106380
9966	-3310718400	-1.4	106380
9966	-3308299200	0.8	106380
9966	-3305620800	13.1	106380
9966	-3303028800	17.9	106380
9966	-3300350400	17.3	106380
9966	-3297758400	21.3	106380
9966	-3295080000	17.8	106380
9966	-3292401600	17.9	106380
9966	-3289809600	11.1	106380
9966	-3287131200	6.5	106380
9966	-3284539200	0.1	106380
9966	-3281860800	4.3	106380
9966	-3279182400	5.1	106380
9966	-3276763200	4.8	106380
9966	-3274084800	10.7	106380
9966	-3271492800	11.4	106380
9966	-3268814400	19.3	106380
9966	-3266222400	17.7	106380
9966	-3263544000	16.8	106380
9966	-3260865600	15.8	106380
9966	-3258273600	8.4	106380
9966	-3255595200	5.9	106380
9966	-3253003200	3.8	106380
9966	-3250324800	0.4	106380
9966	-3247646400	6	106380
9966	-3245227200	3.7	106380
9966	-3242548800	9.7	106380
9966	-3239956800	13.9	106380
9966	-3237278400	17.2	106380
9966	-3234686400	17.1	106380
9966	-3232008000	18.8	106380
9966	-3229329600	15.8	106380
9966	-3226737600	8.6	106380
9966	-3224059200	4.4	106380
9966	-3221467200	0.1	106380
9966	-3218788800	-0.1	106380
9966	-3216110400	5	106380
9966	-3213604800	5.4	106380
9966	-3210926400	9.3	106380
9966	-3208334400	19.2	106380
9966	-3205656000	19.4	106380
9966	-3203064000	21.2	106380
9966	-3200385600	20	106380
9966	-3197707200	16.9	106380
9966	-3195115200	9.6	106380
9966	-3192436800	3.4	106380
9966	-3189844800	6.1	106380
9966	-3187166400	-0.2	106380
9966	-3184488000	6.8	106380
9966	-3182068800	2.8	106380
9966	-3179390400	12.6	106380
9966	-3176798400	14.6	106380
9966	-3174120000	15.3	106380
9966	-3171528000	20.8	106380
9966	-3168849600	17	106380
9966	-3166171200	16.3	106380
9966	-3163579200	7.6	106380
9966	-3160900800	4.3	106380
9966	-3158308800	0.2	106380
9966	-3155630400	0.5	106380
9966	-3152952000	-2.5	106380
9966	-3150532800	3.2	106380
9966	-3147854400	10.2	106380
9966	-3145262400	15.1	106380
9966	-3142584000	18.1	106380
9966	-3139992000	21.2	106380
9966	-3137313600	16.9	106380
9966	-3134635200	13.4	106380
9966	-3132043200	9.1	106380
9966	-3129364800	5.1	106380
9966	-3126772800	-3.6	106380
9966	-3124094400	-4.3	106380
9966	-3121416000	1.3	106380
9966	-3118996800	6.8	106380
9966	-3116318400	9.3	106380
9966	-3113726400	11.8	106380
9966	-3111048000	14.6	106380
9966	-3108456000	19.4	106380
9966	-3105777600	19.1	106380
9966	-3103099200	15.8	106380
9966	-3100507200	6.9	106380
9966	-3097828800	1.8	106380
9966	-3095236800	-4.4	106380
9966	-3092558400	1.5	106380
9966	-3089880000	3	106380
9966	-3087374400	6.4	106380
9966	-3084696000	10.9	106380
9966	-3082104000	14.2	106380
9966	-3079425600	17.2	106380
9966	-3076833600	20.3	106380
9966	-3074155200	17.5	106380
9966	-3071476800	15.8	106380
9966	-3068884800	10.6	106380
9966	-3066206400	7.2	106380
9966	-3063614400	4.3	106380
9966	-3060936000	3.6	106380
9966	-3058257600	1.1	106380
9966	-3055838400	7.2	106380
9966	-3053160000	9	106380
9966	-3050568000	12	106380
9966	-3047889600	18.7	106380
9966	-3045297600	21.3	106380
9966	-3042619200	19.6	106380
9966	-3039940800	14.1	106380
9966	-3037348800	11.1	106380
9966	-3034670400	5.1	106380
9966	-3032078400	2.2	106380
9966	-3029400000	2.5	106380
9966	-3026721600	1	106380
9966	-3024302400	5.7	106380
9966	-3021624000	11.6	106380
9966	-3019032000	11.6	106380
9966	-3016353600	18.1	106380
9966	-3013761600	22	106380
9966	-3011083200	17.2	106380
9966	-3008404800	16.6	106380
9966	-3005812800	9.5	106380
9966	-3003134400	2.5	106380
9966	-3000542400	-0.5	106380
9966	-2997864000	2.6	106380
9966	-2995185600	-1.8	106380
9966	-2992766400	3	106380
9966	-2990088000	9.7	106380
9966	-2987496000	15.5	106380
9966	-2984817600	19.1	106380
9966	-2982225600	19.2	106380
9966	-2979547200	20.6	106380
9966	-2976868800	15.5	106380
9966	-2974276800	8.5	106380
9966	-2971598400	4.2	106380
9966	-2969006400	-0.8	106380
9966	-2966328000	-2.4	106380
9966	-2963649600	2.7	106380
9966	-2961144000	5.8	106380
9966	-2958465600	10.7	106380
9966	-2955873600	11.3	106380
9966	-2953195200	18.8	106380
9966	-2950603200	20.4	106380
9966	-2947924800	20	106380
9966	-2945246400	14	106380
9966	-2942654400	11.6	106380
9966	-2939976000	3.4	106380
9966	-2937384000	4.7	106380
9966	-2934705600	4	106380
9966	-2932027200	5.1	106380
9966	-2929608000	4	106380
9966	-2926929600	8.5	106380
9966	-2924337600	11.9	106380
9966	-2921659200	20.6	106380
9966	-2919067200	18.6	106380
9966	-2916388800	19	106380
9966	-2913710400	11.5	106380
9966	-2911118400	8.2	106380
9966	-2908440000	7.2	106380
9966	-2905848000	2	106380
9966	-2903169600	1	106380
9966	-2900491200	3.7	106380
9966	-2898072000	4.8	106380
9966	-2895393600	10.7	106380
9966	-2892801600	15.3	106380
9966	-2890123200	17.7	106380
9966	-2887531200	18.4	106380
9966	-2884852800	18.6	106380
9966	-2882174400	15.6	106380
9966	-2879582400	10.4	106380
9966	-2876904000	4.3	106380
9966	-2874312000	-0.2	106380
9966	-2871633600	-0.5	106380
9966	-2868955200	2.4	106380
9966	-2866536000	4.1	106380
9966	-2863857600	8.6	106380
9966	-2861265600	12.2	106380
9966	-2858587200	17.8	106380
9966	-2855995200	17	106380
9966	-2853316800	19	106380
9966	-2850638400	15.3	106380
9966	-2848046400	9.2	106380
9966	-2845368000	2.7	106380
9966	-2842776000	-7.9	106380
9966	-2840097600	-2.6	106380
9966	-2837419200	1.7	106380
9966	-2834913600	6.7	106380
9966	-2832235200	10.6	106380
9966	-2829643200	14.4	106380
9966	-2826964800	16.9	106380
9966	-2824372800	20.1	106380
9966	-2821694400	19.2	106380
9966	-2819016000	15.9	106380
9966	-2816424000	9.1	106380
9966	-2813745600	4.9	106380
9966	-2811153600	5.5	106380
9966	-2808475200	-3.7	106380
9966	-2805796800	2.3	106380
9966	-2803377600	5.7	106380
9966	-2800699200	8.2	106380
9966	-2798107200	14.6	106380
9966	-2795428800	17.8	106380
9966	-2792836800	21.4	106380
9966	-2790158400	18	106380
9966	-2787480000	13.5	106380
9966	-2784888000	6	106380
9966	-2782209600	7.1	106380
9966	-2779617600	2	106380
9966	-2776939200	0.6	106380
9966	-2774260800	2.9	106380
9966	-2771841600	8.2	106380
9966	-2769163200	9.9	106380
9966	-2766571200	14.4	106380
9966	-2763892800	16.5	106380
9966	-2761300800	18.1	106380
9966	-2758622400	16.7	106380
9966	-2755944000	14	106380
9966	-2753352000	10.5	106380
9966	-2750673600	5.8	106380
9966	-2748081600	2.4	106380
9966	-2745403200	1.1	106380
9966	-2742724800	4.4	106380
9966	-2740305600	0.5	106380
9966	-2737627200	8.6	106380
9966	-2735035200	14.8	106380
9966	-2732356800	18.6	106380
9966	-2729764800	17.9	106380
9966	-2727086400	17.9	106380
9966	-2724408000	14.4	106380
9966	-2721816000	9.3	106380
9966	-2719137600	5.7	106380
9966	-2716545600	2.3	106380
9966	-2713867200	4.1	106380
9966	-2711188800	4.1	106380
9966	-2708683200	7	106380
9966	-2706004800	8	106380
9966	-2703412800	14.5	106380
9966	-2700734400	15	106380
9966	-2698142400	20.5	106380
9966	-2695464000	19.1	106380
9966	-2692785600	15.7	106380
9966	-2690193600	9.1	106380
9966	-2687515200	3.2	106380
9966	-2684923200	3.2	106380
9966	-2682244800	-1.3	106380
9966	-2679566400	4.4	106380
9966	-2677147200	4.4	106380
9966	-2674468800	11.3	106380
9966	-2671876800	11.4	106380
9966	-2669198400	18.4	106380
9966	-2666606400	19	106380
9966	-2663928000	16.3	106380
9966	-2661249600	14	106380
9966	-2658657600	8.4	106380
9966	-2655979200	4.1	106380
9966	-2653387200	0.2	106380
9966	-2650708800	0.6	106380
9966	-2648030400	-0.5	106380
9966	-2645611200	2.4	106380
9966	-2642932800	10.8	106380
9966	-2640340800	14.4	106380
9966	-2637662400	15.7	106380
9966	-2635070400	18.8	106380
9966	-2632392000	18.9	106380
9966	-2629713600	16.9	106380
9966	-2627121600	11	106380
9966	-2624443200	6.3	106380
9966	-2621851200	2.3	106380
9966	-2619172800	-3	106380
9966	-2616494400	0.9	106380
9966	-2614075200	2.6	106380
9966	-2611396800	8.9	106380
9966	-2608804800	11.7	106380
9966	-2606126400	17.8	106380
9966	-2603534400	20.9	106380
9966	-2600856000	17.5	106380
9966	-2598177600	12.9	106380
9966	-2595585600	6.6	106380
9966	-2592907200	3.9	106380
9966	-2590315200	0.3	106380
9966	-2587636800	-0.9	106380
9966	-2584958400	-0.4	106380
9966	-2582452800	3.4	106380
9966	-2579774400	7.6	106380
9966	-2577182400	13.6	106380
9966	-2574504000	17.3	106380
9966	-2571912000	15.9	106380
9966	-2569233600	16.1	106380
9966	-2566555200	13.8	106380
9966	-2563963200	7.2	106380
9966	-2561284800	5.2	106380
9966	-2558692800	0.7	106380
9966	-2556014400	-0.6	106380
9966	-2553336000	-0.8	106380
9966	-2550916800	2.8	106380
9966	-2548238400	8.8	106380
9966	-2545646400	17.2	106380
9966	-2542968000	20	106380
9966	-2540376000	17.9	106380
9966	-2537697600	16.7	106380
9966	-2535019200	12.9	106380
9966	-2532427200	9	106380
9966	-2529748800	3.5	106380
9966	-2527156800	-0.7	106380
9966	-2524478400	3.4	106380
9966	-2521800000	-0.3	106380
9966	-2519380800	5.7	106380
9966	-2516702400	8.2	106380
9966	-2514110400	15.4	106380
9966	-2511432000	15.7	106380
9966	-2508840000	16.4	106380
9966	-2506161600	17.7	106380
9966	-2503483200	14.6	106380
9966	-2500891200	8.3	106380
9966	-2498212800	4.6	106380
9966	-2495620800	-3.2	106380
9966	-2492942400	-2.8	106380
9966	-2490264000	1.2	106380
9966	-2487844800	4.7	106380
9966	-2485166400	7.2	106380
9966	-2482574400	14	106380
9966	-2479896000	16.1	106380
9966	-2477304000	17.5	106380
9966	-2474625600	16.3	106380
9966	-2471947200	15.1	106380
9966	-2469355200	11.1	106380
9966	-2466676800	3.8	106380
9966	-2464084800	3.2	106380
9966	-2461406400	-0.2	106380
9966	-2458728000	2.3	106380
9966	-2456222400	2.4	106380
9966	-2453544000	9	106380
9966	-2450952000	14.1	106380
9966	-2448273600	16.7	106380
9966	-2445681600	17.4	106380
9966	-2443003200	19.6	106380
9966	-2440324800	14.6	106380
9966	-2437732800	8.1	106380
9966	-2435054400	4.6	106380
9966	-2432462400	-1	106380
9966	-2429784000	-5.4	106380
9966	-2427105600	4.1	106380
9966	-2424686400	6.8	106380
9966	-2422008000	12	106380
9966	-2419416000	14.9	106380
9966	-2416737600	18	106380
9966	-2414145600	18.9	106380
9966	-2411467200	18.5	106380
9966	-2408788800	13.8	106380
9966	-2406196800	10.8	106380
9966	-2403518400	3.2	106380
9966	-2400926400	1.1	106380
9966	-2398248000	-0.6	106380
9966	-2395569600	3.6	106380
9966	-2393150400	6.7	106380
9966	-2390472000	12.4	106380
9966	-2387880000	12.8	106380
9966	-2385201600	16.2	106380
9966	-2382609600	19.3	106380
9966	-2379931200	17	106380
9966	-2377252800	12.5	106380
9966	-2374660800	9.5	106380
9966	-2371982400	5.7	106380
9966	-2369390400	1.6	106380
9966	-2366712000	-2.5	106380
9966	-2364033600	-4.9	106380
9966	-2361614400	3.5	106380
9966	-2358936000	10.5	106380
9966	-2356344000	14	106380
9966	-2353665600	17.6	106380
9966	-2351073600	18.8	106380
9966	-2348395200	18	106380
9966	-2345716800	17.4	106380
9966	-2343124800	8.2	106380
9966	-2340446400	6.5	106380
9966	-2337854400	1.6	106380
9966	-2335176000	0.9	106380
9966	-2332497600	1.2	106380
9966	-2329992000	7.8	106380
9966	-2327313600	7.9	106380
9966	-2324721600	13.2	106380
9966	-2322043200	18.6	106380
9966	-2319451200	18.7	106380
9966	-2316772800	15.8	106380
9966	-2314094400	14.1	106380
9966	-2311502400	9.6	106380
9966	-2308824000	3.1	106380
9966	-2306232000	1	106380
9966	-2303553600	-1	106380
9966	-2300875200	3.7	106380
9966	-2298456000	7	106380
9966	-2295777600	9.1	106380
9966	-2293185600	12.7	106380
9966	-2290507200	18.7	106380
9966	-2287915200	18.5	106380
9966	-2285236800	18.5	106380
9966	-2282558400	13.4	106380
9966	-2279966400	9.1	106380
9966	-2277288000	3.5	106380
9966	-2274696000	2.1	106380
9966	-2272017600	2.7	106380
9966	-2269339200	3.2	106380
9966	-2266920000	4.9	106380
9966	-2264241600	9.6	106380
9966	-2261649600	12.7	106380
9966	-2258971200	16.9	106380
9966	-2256379200	16.5	106380
9966	-2253700800	19.8	106380
9966	-2251022400	15.1	106380
9966	-2248430400	10.8	106380
9966	-2245752000	5.6	106380
9966	-2243160000	4.2	106380
9966	-2240481600	3.8	106380
9966	-2237803200	4	106380
9966	-2235384000	5	106380
9966	-2232705600	9.4	106380
9966	-2230113600	13.3	106380
9966	-2227435200	16.9	106380
9966	-2224843200	19	106380
9966	-2222164800	19.4	106380
9966	-2219486400	14.3	106380
9966	-2216894400	9	106380
9966	-2214216000	7.6	106380
9966	-2211624000	-1	106380
9966	-2208945600	3	106380
9966	-2206267200	3.7	106380
9966	-2203848000	3	106380
9966	-2201169600	9.5	106380
9966	-2198577600	13.1	106380
9966	-2195899200	18.1	106380
9966	-2193307200	20.6	106380
9966	-2190628800	17.8	106380
9966	-2187950400	15.3	106380
9966	-2185358400	10	106380
9966	-2182680000	6.1	106380
9966	-2180088000	3.9	106380
9966	-2177409600	-2.2	106380
9966	-2174731200	-2.1	106380
9966	-2172312000	4.5	106380
9966	-2169633600	10.4	106380
9966	-2167041600	15.2	106380
9966	-2164363200	18.1	106380
9966	-2161771200	20.2	106380
9966	-2159092800	18.2	106380
9966	-2156414400	14.8	106380
9966	-2153822400	9.9	106380
9966	-2151144000	4.2	106380
9966	-2148552000	2.8	106380
9966	-2145873600	4.3	106380
9966	-2143195200	1.5	106380
9966	-2140776000	6.4	106380
9966	-2138097600	11.1	106380
9966	-2135505600	10.6	106380
9966	-2132827200	17.8	106380
9966	-2130235200	18.4	106380
9966	-2127556800	17.1	106380
9966	-2124878400	14.5	106380
9966	-2122286400	8.5	106380
9966	-2119608000	3.1	106380
9966	-2117016000	-0.3	106380
9966	-2114337600	2.1	106380
9966	-2111659200	5.5	106380
9966	-2109240000	7.7	106380
9966	-2106561600	6.4	106380
9966	-2103969600	14.7	106380
9966	-2101291200	17.3	106380
9966	-2098699200	18.4	106380
9966	-2096020800	17.7	106380
9966	-2093342400	15.9	106380
9966	-2090750400	11.7	106380
9966	-2088072000	6.4	106380
9966	-2085480000	0.9	106380
9966	-2082801600	-0.2	106380
9966	-2080123200	3.6	106380
9966	-2077617600	5.4	106380
9966	-2074939200	11.6	106380
9966	-2072347200	14.9	106380
9966	-2069668800	17.7	106380
9966	-2067076800	21.5	106380
9966	-2064398400	18.6	106380
9966	-2061720000	13.8	106380
9966	-2059128000	10.3	106380
9966	-2056449600	4.5	106380
9966	-2053857600	3.5	106380
9966	-2051179200	0	106380
9966	-2048500800	3.5	106380
9966	-2046081600	7.3	106380
9966	-2043403200	9.2	106380
9966	-2040811200	14.4	106380
9966	-2038132800	19.6	106380
9966	-2035540800	21.8	106380
9966	-2032862400	19.1	106380
9966	-2030184000	14.4	106380
9966	-2027592000	6.5	106380
9966	-2024913600	5	106380
9966	-2022321600	2.4	106380
9966	-2019643200	3.2	106380
9966	-2016964800	2.6	106380
9966	-2014545600	4.6	106380
9966	-2011867200	10.7	106380
9966	-2009275200	15.1	106380
9966	-2006596800	17	106380
9966	-2004004800	19.5	106380
9966	-2001326400	18.6	106380
9966	-1998648000	14.3	106380
9966	-1996056000	11.8	106380
9966	-1993377600	7.5	106380
9966	-1990785600	-0.1	106380
9966	-1988107200	1.8	106380
9966	-1985428800	0.6	106380
9966	-1983009600	5.5	106380
9966	-1980331200	8.7	106380
9966	-1977739200	15	106380
9966	-1975060800	16.9	106380
9966	-1972468800	16.6	106380
9966	-1969790400	18.1	106380
9966	-1967112000	15.5	106380
9966	-1964520000	12.3	106380
9966	-1961841600	5.4	106380
9966	-1959249600	2.9	106380
9966	-1956571200	-2.4	106380
9966	-1953892800	2.7	106380
9966	-1951387200	4.6	106380
9966	-1948708800	7.6	106380
9966	-1946116800	15.1	106380
9966	-1943438400	19.3	106380
9966	-1940846400	19.2	106380
9966	-1938168000	15.9	106380
9966	-1935489600	13.4	106380
9966	-1932897600	8.8	106380
9966	-1930219200	2.6	106380
9966	-1927627200	0.8	106380
9966	-1924948800	-0.5	106380
9966	-1922270400	-0.2	106380
9966	-1919851200	4.2	106380
9966	-1917172800	10.4	106380
9966	-1914580800	13.6	106380
9966	-1911902400	15.4	106380
9966	-1909310400	16.8	106380
9966	-1906632000	18.3	106380
9966	-1903953600	14.2	106380
9966	-1901361600	11.1	106380
9966	-1898683200	3.4	106380
9966	-1896091200	3.5	106380
9966	-1893412800	2.6	106380
9966	-1890734400	4.2	106380
9966	-1888315200	5.4	106380
9966	-1885636800	9.7	106380
9966	-1883044800	14.2	106380
9966	-1880366400	17.9	106380
9966	-1877774400	17.2	106380
9966	-1875096000	17.7	106380
9966	-1872417600	13.2	106380
9966	-1869825600	11.1	106380
9966	-1867147200	3.8	106380
9966	-1864555200	3.8	106380
9966	-1861876800	-0.3	106380
9966	-1859198400	3.3	106380
9966	-1856779200	6.4	106380
9966	-1854100800	9.2	106380
9966	-1851508800	14.9	106380
9966	-1848830400	16.7	106380
9966	-1846238400	21.6	106380
9966	-1843560000	21.9	106380
9966	-1840881600	16.1	106380
9966	-1838289600	10	106380
9966	-1835611200	6	106380
9966	-1833019200	4.6	106380
9966	-1830340800	1.2	106380
9966	-1827662400	4	106380
9966	-1825156800	8.3	106380
9966	-1822478400	9.3	106380
9966	-1819886400	14.7	106380
9966	-1817208000	17.4	106380
9966	-1814616000	19.8	106380
9966	-1811937600	15.3	106380
9966	-1809259200	10.8	106380
9966	-1806667200	7.7	106380
9966	-1803988800	4.1	106380
9966	-1801396800	3.1	106380
9966	-1798718400	1.6	106380
9966	-1796040000	3.4	106380
9966	-1793620800	8.4	106380
9966	-1790942400	9.6	106380
9966	-1788350400	14.3	106380
9966	-1785672000	16.5	106380
9966	-1783080000	15.9	106380
9966	-1780401600	16.8	106380
9966	-1777723200	14.4	106380
9966	-1775131200	10.8	106380
9966	-1772452800	8.5	106380
9966	-1769860800	3	106380
9966	-1767182400	-2.4	106380
9966	-1764504000	4.1	106380
9966	-1762084800	6.7	106380
9966	-1759406400	12.4	106380
9966	-1756814400	12.6	106380
9966	-1754136000	16.1	106380
9966	-1751544000	18.6	106380
9966	-1748865600	19.1	106380
9966	-1746187200	13.8	106380
9966	-1743595200	9.7	106380
9966	-1740916800	4.5	106380
9966	-1738324800	5.5	106380
9966	-1735646400	2.1	106380
9966	-1732968000	3.3	106380
9966	-1730548800	4.3	106380
9966	-1727870400	8.9	106380
9966	-1725278400	15.4	106380
9966	-1722600000	19.8	106380
9966	-1720008000	18.2	106380
9966	-1717329600	17.2	106380
9966	-1714651200	13.8	106380
9966	-1712059200	8.3	106380
9966	-1709380800	2.9	106380
9966	-1706788800	5.6	106380
9966	-1704110400	5.5	106380
9966	-1701432000	2.8	106380
9966	-1698926400	6.6	106380
9966	-1696248000	10.2	106380
9966	-1693656000	15.3	106380
9966	-1690977600	14.2	106380
9966	-1688385600	17.5	106380
9966	-1685707200	17.7	106380
9966	-1683028800	13.7	106380
9966	-1680436800	10	106380
9966	-1677758400	5.6	106380
9966	-1675166400	2.8	106380
9966	-1672488000	-1	106380
9966	-1669809600	-1.9	106380
9966	-1667390400	2	106380
9966	-1664712000	6.5	106380
9966	-1662120000	17.9	106380
9966	-1659441600	20.5	106380
9966	-1656849600	19.1	106380
9966	-1654171200	17.8	106380
9966	-1651492800	16.4	106380
9966	-1648900800	8.2	106380
9966	-1646222400	6.1	106380
9966	-1643630400	-0.8	106380
9966	-1640952000	1.5	106380
9966	-1638273600	3.4	106380
9966	-1635854400	6.4	106380
9966	-1633176000	10.4	106380
9966	-1630584000	16.2	106380
9966	-1627905600	14.8	106380
9966	-1625313600	18.6	106380
9966	-1622635200	18	106380
9966	-1619956800	14.2	106380
9966	-1617364800	8.8	106380
9966	-1614686400	4.2	106380
9966	-1612094400	5.4	106380
9966	-1609416000	2.1	106380
9966	-1606737600	1.5	106380
9966	-1604318400	5	106380
9966	-1601640000	7	106380
9966	-1599048000	14.2	106380
9966	-1596369600	17.4	106380
9966	-1593777600	15.8	106380
9966	-1591099200	18.3	106380
9966	-1588420800	16.5	106380
9966	-1585828800	7	106380
9966	-1583150400	2.6	106380
9966	-1580558400	2.6	106380
9966	-1577880000	3.7	106380
9966	-1575201600	4.4	106380
9966	-1572696000	7.8	106380
9966	-1570017600	10.6	106380
9966	-1567425600	16	106380
9966	-1564747200	17.6	106380
9966	-1562155200	19	106380
9966	-1559476800	16.5	106380
9966	-1556798400	14.7	106380
9966	-1554206400	9.3	106380
9966	-1551528000	2.2	106380
9966	-1548936000	1.8	106380
9966	-1546257600	5.6	106380
9966	-1543579200	3.4	106380
9966	-1541160000	7.6	106380
9966	-1538481600	10.1	106380
9966	-1535889600	15.8	106380
9966	-1533211200	17.1	106380
9966	-1530619200	21.5	106380
9966	-1527940800	19	106380
9966	-1525262400	16	106380
9966	-1522670400	13.2	106380
9966	-1519992000	0.7	106380
9966	-1517400000	1.5	106380
9966	-1514721600	-0.4	106380
9966	-1512043200	0.8	106380
9966	-1509624000	5.3	106380
9966	-1506945600	7	106380
9966	-1504353600	16.1	106380
9966	-1501675200	18	106380
9966	-1499083200	17.3	106380
9966	-1496404800	17.1	106380
9966	-1493726400	12.7	106380
9966	-1491134400	6.5	106380
9966	-1488456000	4.1	106380
9966	-1485864000	3.1	106380
9966	-1483185600	2.7	106380
9966	-1480507200	3.8	106380
9966	-1478088000	7.5	106380
9966	-1475409600	9	106380
9966	-1472817600	13	106380
9966	-1470139200	12.9	106380
9966	-1467547200	20.7	106380
9966	-1464868800	17.8	106380
9966	-1462190400	14.8	106380
9966	-1459598400	11.2	106380
9966	-1456920000	3.9	106380
9966	-1454328000	0.6	106380
9966	-1451649600	-2.1	106380
9966	-1448971200	-0.3	106380
9966	-1446465600	4.8	106380
9966	-1443787200	8.7	106380
9966	-1441195200	15.8	106380
9966	-1438516800	16.9	106380
9966	-1435924800	18.3	106380
9966	-1433246400	15.2	106380
9966	-1430568000	14.7	106380
9966	-1427976000	10.6	106380
9966	-1425297600	3.9	106380
9966	-1422705600	2.3	106380
9966	-1420027200	3.6	106380
9966	-1417348800	5.4	106380
9966	-1414929600	3.3	106380
9966	-1412251200	10.2	106380
9966	-1409659200	15.8	106380
9966	-1406980800	17.2	106380
9966	-1404388800	19.5	106380
9966	-1401710400	17.9	106380
9966	-1399032000	12	106380
9966	-1396440000	10.1	106380
9966	-1393761600	3.2	106380
9966	-1391169600	0.9	106380
9966	-1388491200	1.9	106380
9966	-1385812800	7.4	106380
9966	-1383393600	6.3	106380
9966	-1380715200	11.8	106380
9966	-1378123200	12.4	106380
9966	-1375444800	15.4	106380
9966	-1372852800	19	106380
9966	-1370174400	17.6	106380
9966	-1367496000	16.4	106380
9966	-1364904000	9.4	106380
9966	-1362225600	7.2	106380
9966	-1359633600	1.4	106380
9966	-1356955200	3.4	106380
9966	-1354276800	3.3	106380
9966	-1351857600	7.6	106380
9966	-1349179200	9.6	106380
9966	-1346587200	13.8	106380
9966	-1343908800	16	106380
9966	-1341316800	18.4	106380
9966	-1338638400	17.8	106380
9966	-1335960000	15	106380
9966	-1333368000	9.9	106380
9966	-1330689600	4.2	106380
9966	-1328097600	-0.9	106380
9966	-1325419200	3.6	106380
9966	-1322740800	4.8	106380
9966	-1320235200	5.5	106380
9966	-1317556800	9.5	106380
9966	-1314964800	12.2	106380
9966	-1312286400	16.1	106380
9966	-1309694400	20.5	106380
9966	-1307016000	17.9	106380
9966	-1304337600	14.2	106380
9966	-1301745600	9.9	106380
9966	-1299067200	7.2	106380
9966	-1296475200	1.1	106380
9966	-1293796800	-3.2	106380
9966	-1291118400	-7.5	106380
9966	-1288699200	5.1	106380
9966	-1286020800	7.1	106380
9966	-1283428800	15.4	106380
9966	-1280750400	16.8	106380
9966	-1278158400	19.6	106380
9966	-1275480000	19.1	106380
9966	-1272801600	17.5	106380
9966	-1270209600	11	106380
9966	-1267531200	5.3	106380
9966	-1264939200	5.4	106380
9966	-1262260800	3.3	106380
9966	-1259582400	2.3	106380
9966	-1257163200	6.8	106380
9966	-1254484800	10.7	106380
9966	-1251892800	13.8	106380
9966	-1249214400	20.1	106380
9966	-1246622400	17.8	106380
9966	-1243944000	17.5	106380
9966	-1241265600	14.6	106380
9966	-1238673600	9.9	106380
9966	-1235995200	7.8	106380
9966	-1233403200	1.9	106380
9966	-1230724800	2	106380
9966	-1228046400	0.8	106380
9966	-1225627200	3.2	106380
9966	-1222948800	8.1	106380
9966	-1220356800	17.2	106380
9966	-1217678400	18.4	106380
9966	-1215086400	18.2	106380
9966	-1212408000	16.8	106380
9966	-1209729600	11.7	106380
9966	-1207137600	8.5	106380
9966	-1204459200	5.6	106380
9966	-1201867200	0.9	106380
9966	-1199188800	3.1	106380
9966	-1196510400	0.4	106380
9966	-1194004800	3.5	106380
9966	-1191326400	8.9	106380
9966	-1188734400	14	106380
9966	-1186056000	16.7	106380
9966	-1183464000	19	106380
9966	-1180785600	20.3	106380
9966	-1178107200	16.4	106380
9966	-1175515200	9.6	106380
9966	-1172836800	5.6	106380
9966	-1170244800	0.6	106380
9966	-1167566400	-0.8	106380
9966	-1164888000	2.6	106380
9966	-1162468800	7.3	106380
9966	-1159790400	9.7	106380
9966	-1157198400	13.6	106380
9966	-1154520000	16.2	106380
9966	-1151928000	20.3	106380
9966	-1149249600	19.2	106380
9966	-1146571200	15.4	106380
9966	-1143979200	9.9	106380
9966	-1141300800	3.7	106380
9966	-1138708800	-2.2	106380
9966	-1136030400	1.7	106380
9966	-1133352000	2.6	106380
9966	-1130932800	5.8	106380
9966	-1128254400	12.8	106380
9966	-1125662400	15.5	106380
9966	-1122984000	18.5	106380
9966	-1120392000	20.3	106380
9966	-1117713600	17.9	106380
9966	-1115035200	17	106380
9966	-1112443200	10.8	106380
9966	-1109764800	4.6	106380
9966	-1107172800	6.8	106380
9966	-1104494400	1.2	106380
9966	-1101816000	3.8	106380
9966	-1099396800	5.6	106380
9966	-1096718400	9.4	106380
9966	-1094126400	12.7	106380
9966	-1091448000	18.7	106380
9966	-1088856000	20.1	106380
9966	-1086177600	18.5	106380
9966	-1083499200	15.1	106380
9966	-1080907200	9.8	106380
9966	-1078228800	6.5	106380
9966	-1075636800	1.8	106380
9966	-1072958400	5	106380
9966	-1070280000	2.4	106380
9966	-1067774400	7.4	106380
9966	-1065096000	8.3	106380
9966	-1062504000	15	106380
9966	-1059825600	17.7	106380
9966	-1057233600	18.1	106380
9966	-1054555200	18.1	106380
9966	-1051876800	14.6	106380
9966	-1049284800	8.1	106380
9966	-1046606400	5.5	106380
9966	-1044014400	2.5	106380
9966	-1041336000	1.7	106380
9966	-1038657600	4.5	106380
9966	-1036238400	5.2	106380
9966	-1033560000	10.3	106380
9966	-1030968000	17.1	106380
9966	-1028289600	18.4	106380
9966	-1025697600	19.4	106380
9966	-1023019200	19.4	106380
9966	-1020340800	14.9	106380
9966	-1017748800	10.3	106380
9966	-1015070400	4.9	106380
9966	-1012478400	1.3	106380
9966	-1009800000	3.3	106380
9966	-1007121600	2.7	106380
9966	-1004702400	9.3	106380
9966	-1002024000	7.5	106380
9966	-999432000	12.6	106380
9966	-996753600	18.5	106380
9966	-994161600	18.4	106380
9966	-991483200	19.1	106380
9966	-988804800	15.2	106380
9966	-986212800	9.8	106380
9966	-983534400	8.1	106380
9966	-980942400	-0.7	106380
9966	-978264000	4.8	106380
9966	-975585600	2.6	106380
9966	-973166400	4.2	106380
9966	-970488000	11	106380
9966	-967896000	12.3	106380
9966	-965217600	18.4	106380
9966	-962625600	18.7	106380
9966	-959947200	19	106380
9966	-957268800	14.9	106380
9966	-954676800	8.2	106380
9966	-951998400	7.4	106380
9966	-949406400	0.2	106380
9966	-946728000	-8	106380
9966	-944049600	-1.4	106380
9966	-941544000	5.5	106380
9966	-938865600	10.5	106380
9966	-936273600	14.6	106380
9966	-933595200	18.6	106380
9966	-931003200	17.7	106380
9966	-928324800	16.4	106380
9966	-925646400	14.4	106380
9966	-923054400	8.9	106380
9966	-920376000	7.2	106380
9966	-917784000	-1.4	106380
9966	-915105600	-3	106380
9966	-912427200	2.2	106380
9966	-910008000	6.5	106380
9966	-907329600	8.4	106380
9966	-904737600	11	106380
9966	-902059200	18.5	106380
9966	-899467200	20.4	106380
9966	-896788800	16.5	106380
9966	-894110400	14	106380
9966	-891518400	9.6	106380
9966	-888840000	4.2	106380
9966	-886248000	2.8	106380
9966	-883569600	-5.9	106380
9966	-880891200	-3.8	106380
9966	-878472000	4.4	106380
9966	-875793600	10.8	106380
9966	-873201600	14.1	106380
9966	-870523200	16.6	106380
9966	-867931200	17.8	106380
9966	-865252800	19.1	106380
9966	-862574400	16.9	106380
9966	-859982400	12.9	106380
9966	-857304000	5.1	106380
9966	-854712000	2.3	106380
9966	-852033600	0.9	106380
9966	-849355200	4.2	106380
9966	-846936000	7.8	106380
9966	-844257600	11.7	106380
9966	-841665600	15	106380
9966	-838987200	15.9	106380
9966	-836395200	19.8	106380
9966	-833716800	19.7	106380
9966	-831038400	15.2	106380
9966	-828446400	11.2	106380
9966	-825768000	4	106380
9966	-823176000	1.3	106380
9966	-820497600	4.4	106380
9966	-817819200	0.9	106380
9966	-815313600	3.6	106380
9966	-812635200	11.6	106380
9966	-810043200	14.3	106380
9966	-807364800	15.8	106380
9966	-804772800	18.7	106380
9966	-802094400	21.9	106380
9966	-799416000	13.8	106380
9966	-796824000	10.5	106380
9966	-794145600	5.5	106380
9966	-791553600	0.8	106380
9966	-788875200	-3.9	106380
9966	-786196800	5.3	106380
9966	-783777600	7.9	106380
9966	-781099200	11.7	106380
9966	-778507200	16.2	106380
9966	-775828800	18.9	106380
9966	-773236800	20.4	106380
9966	-770558400	17.9	106380
9966	-767880000	16.3	106380
9966	-765288000	11.2	106380
9966	-762609600	5.3	106380
9966	-760017600	2.5	106380
9966	-757339200	-1.1	106380
9966	-754660800	4.8	106380
9966	-752241600	6.2	106380
9966	-749563200	12.5	106380
9966	-746971200	15.8	106380
9966	-744292800	16.3	106380
9966	-741700800	19.8	106380
9966	-739022400	18.1	106380
9966	-736344000	15.6	106380
9966	-733752000	9	106380
9966	-731073600	5.2	106380
9966	-728481600	-1.2	106380
9966	-725803200	-2.7	106380
9966	-723124800	-4.6	106380
9966	-720705600	4.8	106380
9966	-718027200	12.1	106380
9966	-715435200	16.8	106380
9966	-712756800	20.7	106380
9966	-710164800	21.2	106380
9966	-707486400	21.8	106380
9966	-704808000	18.6	106380
9966	-702216000	8.9	106380
9966	-699537600	6.6	106380
9966	-696945600	3	106380
9966	-694267200	5.2	106380
9966	-691588800	2.7	106380
9966	-689083200	8.2	106380
9966	-686404800	12.1	106380
9966	-683812800	15.8	106380
9966	-681134400	17.9	106380
9966	-678542400	17.8	106380
9966	-675864000	17.7	106380
9966	-673185600	14.7	106380
9966	-670593600	10	106380
9966	-667915200	4.6	106380
9966	-665323200	0.6	106380
9966	-662644800	2.4	106380
9966	-659966400	2.3	106380
9966	-657547200	5.1	106380
9966	-654868800	13.1	106380
9966	-652276800	14	106380
9966	-649598400	16.2	106380
9966	-647006400	20.7	106380
9966	-644328000	18.7	106380
9966	-641649600	17.8	106380
9966	-639057600	11.7	106380
9966	-636379200	4.8	106380
9966	-633787200	4.1	106380
9966	-631108800	0.6	106380
9966	-628430400	4.7	106380
9966	-626011200	7	106380
9966	-623332800	8.9	106380
9966	-620740800	15.8	106380
9966	-618062400	19.7	106380
9966	-615470400	20.3	106380
9966	-612792000	18.9	106380
9966	-610113600	14.4	106380
9966	-607521600	9	106380
9966	-604843200	5.6	106380
9966	-602251200	-0.8	106380
9966	-599572800	3.8	106380
9966	-596894400	4.4	106380
9966	-594475200	4.8	106380
9966	-591796800	9.2	106380
9966	-589204800	13.8	106380
9966	-586526400	17	106380
9966	-583934400	19.5	106380
9966	-581256000	18.8	106380
9966	-578577600	16	106380
9966	-575985600	8.8	106380
9966	-573307200	7.7	106380
9966	-570715200	2.7	106380
9966	-568036800	1.7	106380
9966	-565358400	1.4	106380
9966	-562852800	5.7	106380
9966	-560174400	12.9	106380
9966	-557582400	15	106380
9966	-554904000	17.6	106380
9966	-552312000	21.4	106380
9966	-549633600	19.7	106380
9966	-546955200	11.8	106380
9966	-544363200	8.6	106380
9966	-541684800	3.4	106380
9966	-539092800	1.4	106380
9966	-536414400	0.5	106380
9966	-533736000	2.4	106380
9966	-531316800	7.7	106380
9966	-528638400	11.6	106380
9966	-526046400	16	106380
9966	-523368000	17.8	106380
9966	-520776000	19.1	106380
9966	-518097600	18.6	106380
9966	-515419200	15.4	106380
9966	-512827200	11.6	106380
9966	-510148800	5.6	106380
9966	-507556800	4.1	106380
9966	-504878400	-1.4	106380
9966	-502200000	-0.5	106380
9966	-499780800	7.1	106380
9966	-497102400	8.9	106380
9966	-494510400	14.4	106380
9966	-491832000	18.2	106380
9966	-489240000	16.5	106380
9966	-486561600	17.7	106380
9966	-483883200	14.7	106380
9966	-481291200	11.1	106380
9966	-478612800	5.7	106380
9966	-476020800	4.6	106380
9966	-473342400	-0.4	106380
9966	-470664000	0.5	106380
9966	-468244800	3.2	106380
9966	-465566400	10.2	106380
9966	-462974400	12.6	106380
9966	-460296000	17.3	106380
9966	-457704000	19.6	106380
9966	-455025600	18.4	106380
9966	-452347200	14.9	106380
9966	-449755200	9.2	106380
9966	-447076800	4.8	106380
9966	-444484800	3.6	106380
9966	-441806400	2	106380
9966	-439128000	-7.2	106380
9966	-436622400	6.2	106380
9966	-433944000	8.5	106380
9966	-431352000	15.1	106380
9966	-428673600	15.1	106380
9966	-426081600	18.8	106380
9966	-423403200	16	106380
9966	-420724800	15.2	106380
9966	-418132800	9.6	106380
9966	-415454400	4.3	106380
9966	-412862400	3.6	106380
9966	-410184000	1.3	106380
9966	-407505600	6.1	106380
9966	-405086400	9	106380
9966	-402408000	10.6	106380
9966	-399816000	12.1	106380
9966	-397137600	19.1	106380
9966	-394545600	20.1	106380
9966	-391867200	16.8	106380
9966	-389188800	13.8	106380
9966	-386596800	10.3	106380
9966	-383918400	6.3	106380
9966	-381326400	1.9	106380
9966	-378648000	1.6	106380
9966	-375969600	4.1	106380
9966	-373550400	2.5	106380
9966	-370872000	8.2	106380
9966	-368280000	15.5	106380
9966	-365601600	16.5	106380
9966	-363009600	18.8	106380
9966	-360331200	18.9	106380
9966	-357652800	16.2	106380
9966	-355060800	10.3	106380
9966	-352382400	6.2	106380
9966	-349790400	4.1	106380
9966	-347112000	1.7	106380
9966	-344433600	1.4	106380
9966	-342014400	8.7	106380
9966	-339336000	11.9	106380
9966	-336744000	15.1	106380
9966	-334065600	18.6	106380
9966	-331473600	22.2	106380
9966	-328795200	19.4	106380
9966	-326116800	16.1	106380
9966	-323524800	10	106380
9966	-320846400	5	106380
9966	-318254400	4.8	106380
9966	-315576000	1.7	106380
9966	-312897600	3.2	106380
9966	-310392000	7.6	106380
9966	-307713600	10.6	106380
9966	-305121600	15.7	106380
9966	-302443200	18.9	106380
9966	-299851200	17.5	106380
9966	-297172800	17.6	106380
9966	-294494400	14.1	106380
9966	-291902400	11	106380
9966	-289224000	8.2	106380
9966	-286632000	2.8	106380
9966	-283953600	1.2	106380
9966	-281275200	6.2	106380
9966	-278856000	8.5	106380
9966	-276177600	12.8	106380
9966	-273585600	12.7	106380
13465	-557582400	10.6	100150
13465	-554904000	12.8	100150
13465	-552312000	15.3	100150
13465	-549633600	16.4	100150
13465	-546955200	13.1	100150
13465	-544363200	9.6	100150
13465	-541684800	5	100150
13465	-539092800	3.1	100150
13465	-536414400	2.5	100150
13465	-533736000	1.1	100150
13465	-531316800	3.9	100150
13465	-528638400	7.1	100150
13465	-526046400	11.1	100150
13465	-523368000	15.4	100150
13465	-520776000	16.9	100150
13465	-518097600	16.8	100150
13465	-515419200	15	100150
13465	-512827200	12.9	100150
13465	-510148800	9.9	100150
13465	-507556800	6.3	100150
13465	-504878400	1.9	100150
13465	-502200000	-1.6	100150
13465	-499780800	2.7	100150
13465	-497102400	5.1	100150
13465	-494510400	10.5	100150
13465	-491832000	13.9	100150
13465	-489240000	14.5	100150
13465	-486561600	15.9	100150
13465	-483883200	14.6	100150
13465	-481291200	12.1	100150
13465	-478612800	7.5	100150
13465	-476020800	6	100150
13465	-473342400	1.2	100150
13465	-470664000	0.2	100150
13465	-468244800	1.1	100150
13465	-465566400	5.3	100150
13465	-462974400	8.3	100150
13465	-460296000	12.4	100150
13465	-457704000	17.1	100150
13465	-455025600	18.3	100150
13465	-452347200	16.1	100150
13465	-449755200	11.6	100150
13465	-447076800	8.3	100150
13465	-444484800	5.6	100150
13465	-441806400	2.8	100150
13465	-439128000	-3.7	100150
13465	-436622400	2.2	100150
13465	-433944000	4.6	100150
13465	-431352000	10	100150
13465	-428673600	12.5	100150
13465	-426081600	15.9	100150
13465	-423403200	14.5	100150
13465	-420724800	14.9	100150
13465	-418132800	11.2	100150
13465	-415454400	6.8	100150
13465	-412862400	5.2	100150
13465	-410184000	4	100150
13465	-407505600	4.3	100150
13465	-405086400	5.4	100150
13465	-402408000	7.4	100150
13465	-399816000	9.7	100150
13465	-397137600	14.2	100150
13465	-394545600	16.6	100150
13465	-391867200	16.3	100150
13465	-389188800	13.6	100150
13465	-386596800	11.9	100150
13465	-383918400	7.2	100150
13465	-381326400	4.5	100150
13465	-378648000	2.6	100150
13465	-375969600	2.4	100150
13465	-373550400	0.8	100150
13465	-370872000	4.4	100150
13465	-368280000	9.7	100150
13465	-365601600	13.3	100150
13465	-363009600	15.8	100150
13465	-360331200	16.7	100150
13465	-357652800	16.4	100150
13465	-355060800	12.7	100150
13465	-352382400	7.7	100150
13465	-349790400	6.1	100150
13465	-347112000	3.4	100150
13465	-344433600	1.3	100150
13465	-342014400	4.7	100150
13465	-339336000	7.8	100150
13465	-336744000	11	100150
13465	-334065600	14.4	100150
13465	-331473600	17.5	100150
13465	-328795200	18.3	100150
13465	-326116800	16.4	100150
13465	-323524800	12.6	100150
13465	-320846400	7.2	100150
13465	-318254400	4.5	100150
13465	-315576000	2.6	100150
13465	-312897600	2	100150
13465	-310392000	3.4	100150
13465	-307713600	6.4	100150
13465	-305121600	10.5	100150
13465	-302443200	14.1	100150
13465	-299851200	14.9	100150
13465	-297172800	16.2	100150
13465	-294494400	14.9	100150
13465	-291902400	10.9	100150
13465	-289224000	8.4	100150
13465	-286632000	4.4	100150
13465	-283953600	2.5	100150
13465	-281275200	4.4	100150
13465	-278856000	5.6	100150
13465	-276177600	8.4	100150
13465	-273585600	10.2	100150
13465	-270907200	14.8	100150
13465	-268315200	15.2	100150
13465	-265636800	15.7	100150
13465	-262958400	16.1	100150
13465	-260366400	13.2	100150
13465	-257688000	7.5	100150
13465	-255096000	2.9	100150
13465	-252417600	4	100150
13465	-249739200	2.9	100150
13465	-247320000	1.7	100150
13465	-244641600	5.8	100150
13465	-242049600	8.8	100150
13465	-239371200	12.6	100150
13465	-236779200	13.9	100150
13465	-234100800	15	100150
13465	-231422400	13.8	100150
13465	-228830400	12.1	100150
13465	-226152000	6.3	100150
13465	-223560000	2.2	100150
13465	-220881600	-2.7	100150
13465	-218203200	-3.1	100150
13465	-215784000	1.1	100150
13465	-213105600	4.9	100150
13465	-210513600	8.7	100150
13465	-207835200	13.7	100150
13465	-205243200	15.6	100150
13465	-202564800	16.1	100150
13465	-199886400	14.7	100150
13465	-197294400	11	100150
13465	-194616000	8.9	100150
13465	-192024000	2.1	100150
13465	-189345600	2.4	100150
13465	-186667200	2.1	100150
13465	-184161600	0.8	100150
13465	-181483200	5.8	100150
13465	-178891200	10.4	100150
13465	-176212800	13.5	100150
13465	-173620800	15.1	100150
13465	-170942400	15.8	100150
13465	-168264000	15	100150
13465	-165672000	10	100150
13465	-162993600	8	100150
13465	-160401600	4.3	100150
13465	-157723200	3.8	100150
13465	-155044800	2.3	100150
13465	-152625600	2.6	100150
13465	-149947200	5.6	100150
13465	-147355200	9.3	100150
13465	-144676800	13.4	100150
13465	-142084800	14.3	100150
13465	-139406400	15.6	100150
13465	-136728000	14.7	100150
13465	-134136000	12.1	100150
13465	-131457600	4.6	100150
13465	-128865600	4.3	100150
13465	-126187200	0.5	100150
13465	-123508800	1.4	100150
13465	-121089600	3.5	100150
13465	-118411200	4.4	100150
13465	-115819200	10.7	100150
13465	-113140800	14.9	100150
13465	-110548800	15.5	100150
13465	-107870400	15.7	100150
13465	-105192000	14.7	100150
13465	-102600000	12.2	100150
13465	-99921600	6.4	100150
13465	-97329600	4.7	100150
13465	-94651200	3.2	100150
13465	-91972800	4.2	100150
13465	-89553600	5.7	100150
13465	-86875200	6.5	100150
13465	-84283200	10.9	100150
13465	-81604800	13.5	100150
13465	-79012800	16.9	100150
13465	-76334400	16.9	100150
13465	-73656000	15.5	100150
13465	-71064000	12.6	100150
13465	-68385600	8	100150
13465	-65793600	4.7	100150
13465	-63115200	1.9	100150
13465	-60436800	1.8	100150
13465	-57931200	4.2	100150
13465	-55252800	7.3	100150
13465	-52660800	9.6	100150
13465	-49982400	14.6	100150
13465	-47390400	15.7	100150
13465	-44712000	17.3	100150
13465	-42033600	15.5	100150
13465	-39441600	12.5	100150
13465	-36763200	7.1	100150
13465	-34171200	1.9	100150
13465	-31492800	2.9	100150
13465	-28814400	0.1	100150
13465	-26395200	0.6	100150
13465	-23716800	5.1	100150
13465	-21124800	9	100150
13465	-18446400	14	100150
13465	-15854400	16.6	100150
13465	-13176000	17.9	100150
13465	-10497600	15.9	100150
13465	-7905600	12.6	100150
13465	-5227200	7.7	100150
13465	-2635200	0.1	100150
13465	43200	-0.4	100150
13465	2721600	-0.3	100150
13465	5140800	1.5	100150
13465	7819200	4.1	100150
13465	10411200	10	100150
13465	13089600	15.4	100150
13465	15681600	15.3	100150
13465	18360000	16.9	100150
13465	21038400	14.5	100150
13465	23630400	11.6	100150
13465	26308800	8	100150
13465	28900800	4.9	100150
13465	31579200	2.6	100150
13465	34257600	3.7	100150
13465	36676800	2.4	100150
13465	39355200	5.4	100150
13465	41947200	10.5	100150
13465	44625600	12.6	100150
13465	47217600	16.2	100150
13465	49896000	17	100150
13465	52574400	14.7	100150
13465	55166400	12.3	100150
13465	57844800	7.5	100150
13465	60436800	6.7	100150
13465	63115200	-0.3	100150
13465	65793600	1.7	100150
13465	68299200	3.9	100150
13465	70977600	6	100150
13465	73569600	10.3	100150
13465	76248000	13.1	100150
13465	78840000	16.7	100150
13465	81518400	16.6	100150
13465	84196800	13.5	100150
13465	86788800	11	100150
13465	89467200	8	100150
13465	92059200	5	100150
13465	94737600	4.3	100150
13465	97416000	4	100150
13465	99835200	5.2	100150
13465	102513600	6	100150
13465	105105600	10.4	100150
13465	107784000	14.3	100150
13465	110376000	17	100150
13465	113054400	17	100150
13465	115732800	15.2	100150
13465	118324800	10.4	100150
13465	121003200	7.1	100150
13465	123595200	3.8	100150
13465	126273600	4.5	100150
13465	128952000	4.6	100150
13465	131371200	4.8	100150
13465	134049600	7.7	100150
13465	136641600	10.1	100150
13465	139320000	13.8	100150
13465	141912000	14.9	100150
13465	144590400	16.9	100150
13465	147268800	14.5	100150
13465	149860800	9.4	100150
13465	152539200	7.8	100150
13465	155131200	6.9	100150
13465	157809600	6.6	100150
13465	160488000	3.4	100150
13465	162907200	4.3	100150
13465	165585600	5.8	100150
13465	168177600	9.8	100150
13465	170856000	13.6	100150
13465	173448000	16.5	100150
13465	176126400	19.5	100150
13465	178804800	16.3	100150
13465	181396800	10.5	100150
13465	184075200	7.1	100150
13465	186667200	6.3	100150
13465	189345600	3.7	100150
13465	192024000	1.7	100150
13465	194529600	1.9	100150
13465	197208000	5.9	100150
13465	199800000	10.6	100150
13465	202478400	14.5	100150
13465	205070400	17.9	100150
13465	207748800	17.4	100150
13465	210427200	14.5	100150
13465	213019200	11.7	100150
13465	215697600	8.3	100150
13465	218289600	3.1	100150
13465	220968000	2.4	100150
13465	223646400	3	100150
13465	226065600	5	100150
13465	228744000	5.8	100150
13465	231336000	10.6	100150
13465	234014400	13.7	100150
13465	236606400	15.9	100150
13465	239284800	16.5	100150
13465	241963200	14.2	100150
13465	244555200	12.4	100150
13465	247233600	8.2	100150
13465	249825600	5.4	100150
13465	252504000	3.7	100150
13465	255182400	0.8	100150
13465	257601600	4.4	100150
13465	260280000	5.2	100150
13465	262872000	10.3	100150
13465	265550400	13.8	100150
13465	268142400	14.4	100150
13465	270820800	15.7	100150
13465	273499200	13.8	100150
13465	276091200	12	100150
13465	278769600	8.8	100150
13465	281361600	2.2	100150
13465	284040000	-1.5	100150
13465	286718400	-1.1	100150
13465	289137600	2	100150
13465	291816000	4.7	100150
13465	294408000	9.2	100150
13465	297086400	13.2	100150
13465	299678400	14.5	100150
13465	302356800	16	100150
13465	305035200	14.6	100150
13465	307627200	10.7	100150
13465	310305600	7.4	100150
13465	312897600	5.6	100150
13465	315576000	0.9	100150
13465	318254400	2.4	100150
13465	320760000	2.8	100150
13465	323438400	6.1	100150
13465	326030400	9.9	100150
13465	328708800	13.9	100150
13465	331300800	15.3	100150
13465	333979200	16.4	100150
13465	336657600	15.7	100150
13465	339249600	11	100150
13465	341928000	6.5	100150
13465	344520000	4.8	100150
13465	347198400	2.5	100150
13465	349876800	2	100150
13465	352296000	4.5	100150
13465	354974400	6.5	100150
13465	357566400	11.2	100150
13465	360244800	13.1	100150
13465	362836800	15.7	100150
13465	365515200	16.5	100150
13465	368193600	15.9	100150
13465	370785600	10.7	100150
13465	373464000	7.5	100150
13465	376056000	0.4	100150
13465	378734400	0.9	100150
13465	381412800	1.4	100150
13465	383832000	3.9	100150
13465	386510400	6	100150
13465	389102400	10	100150
13465	391780800	14.8	100150
13465	394372800	17.2	100150
13465	397051200	17.8	100150
13465	399729600	16	100150
13465	402321600	12.7	100150
13465	4.05e+08	9.1	100150
13465	407592000	5.3	100150
13465	410270400	5.9	100150
13465	412948800	1.7	100150
13465	415368000	4.6	100150
13465	418046400	7	100150
13465	420638400	10.3	100150
13465	423316800	14.1	100150
13465	425908800	17.6	100150
13465	428587200	17.4	100150
13465	431265600	14.9	100150
13465	433857600	12.1	100150
13465	436536000	7.8	100150
13465	439128000	4.6	100150
13465	441806400	3.6	100150
13465	444484800	1.8	100150
13465	446990400	2.7	100150
13465	449668800	6.3	100150
13465	452260800	9.9	100150
13465	454939200	12.2	100150
13465	457531200	14.3	100150
13465	460209600	17.2	100150
13465	462888000	14.2	100150
13465	465480000	12.9	100150
13465	468158400	8	100150
13465	470750400	4.8	100150
13465	473428800	-1.5	100150
13465	476107200	-0.9	100150
13465	478526400	2.1	100150
13465	481204800	5.3	100150
13465	483796800	10.6	100150
13465	486475200	12.7	100150
13465	489067200	15.8	100150
13465	491745600	16.3	100150
13465	494424000	14.3	100150
13465	497016000	12	100150
13465	499694400	4.7	100150
13465	502286400	5.7	100150
13465	504964800	2.1	100150
13465	507643200	-2.5	100150
13465	510062400	1.9	100150
13465	512740800	4.6	100150
13465	515332800	10.1	100150
13465	518011200	13.8	100150
13465	520603200	15.9	100150
13465	523281600	15.8	100150
13465	525960000	13.1	100150
13465	528552000	12	100150
13465	531230400	9.2	100150
13465	533822400	5.7	100150
13465	536500800	-1.6	100150
13465	539179200	1.3	100150
13465	541598400	0.5	100150
13465	544276800	6.1	100150
13465	546868800	8.8	100150
13465	549547200	11.8	100150
13465	552139200	15.6	100150
13465	554817600	15.3	100150
13465	557496000	14.7	100150
13465	560088000	11.6	100150
13465	562766400	8.6	100150
13465	565358400	5.1	100150
13465	568036800	6	100150
13465	570715200	4.5	100150
13465	573220800	4	100150
13465	575899200	6.4	100150
13465	578491200	11.5	100150
13465	581169600	14.1	100150
13465	583761600	16.1	100150
13465	586440000	16.4	100150
13465	589118400	15.1	100150
13465	591710400	11.4	100150
13465	594388800	7.4	100150
13465	596980800	6.4	100150
13465	599659200	5.8	100150
13465	602337600	5.6	100150
13465	604756800	6.7	100150
13465	607435200	6.6	100150
13465	610027200	11.5	100150
13465	612705600	15.1	100150
13465	615297600	16.6	100150
13465	617976000	16.4	100150
13465	620654400	15.9	100150
13465	623246400	13.1	100150
13465	625924800	7.7	100150
13465	628516800	5.5	100150
13465	631195200	5.5	100150
13465	633873600	6.8	100150
13465	636292800	7.4	100150
13465	638971200	8.4	100150
13465	641563200	12.6	100150
13465	644241600	14.4	100150
13465	646833600	16	100150
13465	649512000	17.7	100150
13465	652190400	14	100150
13465	654782400	12.2	100150
13465	657460800	7.6	100150
13465	660052800	5.3	100150
13465	662731200	4.3	100150
13465	665409600	0.4	100150
13465	667828800	5.1	100150
13465	670507200	7	100150
13465	673099200	8.9	100150
13465	675777600	12	100150
13465	678369600	17.6	100150
13465	681048000	17.8	100150
13465	683726400	15.8	100150
13465	686318400	11.3	100150
13465	688996800	7	100150
13465	691588800	5.6	100150
13465	694267200	4.6	100150
13465	696945600	4.9	100150
13465	699451200	5.6	100150
13465	702129600	7.3	100150
13465	704721600	12.6	100150
13465	707400000	16.5	100150
13465	709992000	17.4	100150
13465	712670400	17.5	100150
13465	715348800	15.1	100150
13465	717940800	9.8	100150
13465	720619200	8.1	100150
13465	723211200	5	100150
13465	725889600	4.2	100150
13465	728568000	3	100150
13465	730987200	4.3	100150
13465	733665600	7.9	100150
13465	736257600	11.8	100150
13465	738936000	13.7	100150
13465	741528000	15.2	100150
13465	744206400	15.5	100150
13465	746884800	13.5	100150
13465	749476800	10.2	100150
13465	752155200	4	100150
13465	754747200	4.8	100150
13465	757425600	4.8	100150
13465	760104000	0.9	100150
13465	762523200	5	100150
13465	765201600	7.4	100150
13465	767793600	10.7	100150
13465	770472000	13.5	100150
13465	773064000	19.5	100150
13465	775742400	17.8	100150
13465	778420800	14.7	100150
13465	781012800	10.5	100150
13465	783691200	9.2	100150
13465	786283200	6.5	100150
13465	788961600	3.5	100150
13465	791640000	5.4	100150
13465	794059200	4.9	100150
13465	796737600	7.2	100150
13465	799329600	10.7	100150
13465	802008000	13.5	100150
13465	804600000	17.8	100150
13465	807278400	18.5	100150
13465	809956800	15.5	100150
13465	812548800	13.9	100150
13465	815227200	7.3	100150
13465	817819200	1.1	100150
13465	820497600	-0.4	100150
13465	823176000	-1.1	100150
13465	825681600	0.8	100150
13465	828360000	5.8	100150
13465	830952000	8.4	100150
13465	833630400	12.6	100150
13465	836222400	15	100150
13465	838900800	17.7	100150
13465	841579200	14.1	100150
13465	844171200	12.3	100150
13465	846849600	7.2	100150
13465	849441600	2.3	100150
13465	852120000	0.6	100150
13465	854798400	3.9	100150
13465	857217600	4.4	100150
13465	859896000	6.3	100150
13465	862488000	10.2	100150
13465	865166400	14.5	100150
13465	867758400	17.3	100150
13465	870436800	20.6	100150
13465	873115200	15.6	100150
13465	875707200	11	100150
13465	878385600	6.6	100150
13465	880977600	4.4	100150
13465	883656000	4.6	100150
13465	886334400	5.3	100150
13465	888753600	5.8	100150
13465	891432000	7.9	100150
13465	894024000	12	100150
13465	896702400	14.6	100150
13465	899294400	15.5	100150
13465	901972800	16	100150
13465	904651200	14.7	100150
13465	907243200	10.7	100150
13465	909921600	5	100150
13465	912513600	4	100150
13465	915192000	4.6	100150
13465	917870400	3.3	100150
13465	920289600	5.3	100150
13465	922968000	8.2	100150
13465	925560000	11.4	100150
13465	928238400	13.9	100150
13465	930830400	17.9	100150
13465	933508800	17.8	100150
13465	936187200	18.2	100150
13465	938779200	12.2	100150
13465	941457600	8.4	100150
13465	944049600	5.4	100150
13465	946728000	4.8	100150
13465	949406400	5.3	100150
13465	951912000	5.5	100150
13465	954590400	8.1	100150
13465	957182400	12.6	100150
13465	959860800	14.1	100150
13465	962452800	15.1	100150
13465	965131200	16.8	100150
13465	967809600	15.4	100150
13465	970401600	12.9	100150
13465	973080000	8.8	100150
13465	975672000	5.9	100150
13465	978350400	3.7	100150
13465	981028800	3	100150
13465	983448000	2.9	100150
13465	986126400	6.2	100150
13465	988718400	10.9	100150
13465	991396800	13.3	100150
13465	993988800	17.4	100150
13465	996667200	18	100150
13465	999345600	14.4	100150
13465	1001937600	14.3	100150
13465	1004616000	9	100150
13465	1007208000	4.6	100150
13465	1009886400	4.7	100150
13465	1012564800	5.8	100150
13465	1014984000	5.7	100150
13465	1017662400	7.9	100150
13465	1020254400	11.8	100150
13465	1022932800	15.3	100150
13465	1025524800	17	100150
13465	1028203200	19.8	100150
13465	1030881600	16.7	100150
13465	1033473600	10.3	100150
13465	1036152000	7	100150
13465	1038744000	2.3	100150
13465	1041422400	2.5	100150
13465	1044100800	0.8	100150
13465	1046520000	4.8	100150
13465	1049198400	7.6	100150
13465	1051790400	11.1	100150
13465	1054468800	15.8	100150
13465	1057060800	18.3	100150
13465	1059739200	19.1	100150
13465	1062417600	16	100150
13465	1065009600	9.7	100150
13465	1067688000	8.6	100150
13465	1070280000	5.8	100150
13465	1072958400	3	100150
13465	1075636800	4	100150
13465	1078142400	4.6	100150
13465	1080820800	8.2	100150
13465	1083412800	10.9	100150
13465	1086091200	14	100150
13465	1088683200	16	100150
13465	1091361600	18.7	100150
13465	1094040000	15.7	100150
13465	1096632000	12	100150
13465	1099310400	8.1	100150
13465	1101902400	5.9	100150
13465	1104580800	5.3	100150
13465	1107259200	2.3	100150
13465	1109678400	3.4	100150
13465	1112356800	7.5	100150
13465	1114948800	10.5	100150
13465	1117627200	13.9	100150
13465	1120219200	17.1	100150
13465	1122897600	16.2	100150
13465	1125576000	16.3	100150
13465	1128168000	14	100150
13465	1130846400	9.1	100150
13465	1133438400	5.6	100150
13465	1136116800	2	100150
13465	1138795200	2.6	100150
13465	1141214400	1.8	100150
13465	1143892800	6.2	100150
13465	1146484800	11.1	100150
13465	1149163200	14.4	100150
13465	1151755200	19.6	100150
13465	1154433600	17.9	100150
13465	1157112000	18.1	100150
13465	1159704000	14.9	100150
13465	1162382400	10.4	100150
13465	1164974400	8.6	100150
13465	1167652800	7.3	100150
13465	1170331200	5.2	100150
13465	1172750400	7.3	100150
13465	1175428800	10.1	100150
13465	1178020800	12.1	100150
13465	1180699200	16.1	100150
13465	1183291200	16.7	100150
13465	1185969600	17.5	100150
13465	1188648000	14.8	100150
13465	1191240000	11.5	100150
13465	1193918400	8	100150
13465	1196510400	5.5	100150
13465	1199188800	5.4	100150
13465	1201867200	5.2	100150
13465	1204372800	5.2	100150
13465	1207051200	7.6	100150
13465	1209643200	12.7	100150
13465	1212321600	15.2	100150
13465	1214913600	17.3	100150
13465	1217592000	17.5	100150
13465	1220270400	15.3	100150
13465	1222862400	12	100150
13465	1225540800	8.5	100150
13465	1228132800	4.6	100150
13465	1230811200	2.8	100150
13465	1233489600	3	100150
13465	1235908800	4.7	100150
13465	1238587200	9.2	100150
13465	1241179200	11.7	100150
13465	1243857600	14	100150
13465	1246449600	17.5	100150
13465	1249128000	18.5	100150
13465	1251806400	16.2	100150
13465	1254398400	10.8	100150
13465	1257076800	9.7	100150
13465	1259668800	3.8	100150
13465	1262347200	-0.7	100150
13465	1265025600	0	100150
13465	1267444800	3.6	100150
13465	1270123200	7.2	100150
13465	1272715200	9.1	100150
13465	1275393600	13.9	100150
13465	1277985600	18.7	100150
13465	1280664000	17.4	100150
13465	1283342400	14.7	100150
13465	1285934400	11.5	100150
13465	1288612800	6.4	100150
13465	1291204800	0.1	100150
13465	1293883200	2.6	100150
13465	1296561600	1.9	100150
13465	1298980800	3.9	100150
13465	1301659200	9.3	100150
13465	1304251200	11.7	100150
13465	1306929600	14.9	100150
13465	1309521600	15.9	100150
13465	1312200000	16.8	100150
13465	1314878400	15.9	100150
13465	1317470400	12.4	100150
13465	1320148800	8.2	100150
13465	1322740800	6.5	100150
13465	1325419200	4.8	100150
13465	1328097600	1.4	100150
13465	1330603200	5.7	100150
13465	1333281600	6.9	100150
13465	1335873600	11.6	100150
13465	1338552000	13.2	100150
13465	1341144000	16.3	100150
13465	1343822400	18.1	100150
13465	1346500800	15.3	100150
13465	1349092800	11.4	100150
13465	1351771200	8.2	100150
13465	1354363200	4	100150
13465	1357041600	2.5	100150
13465	1359720000	1.4	100150
13465	1362139200	0.8	100150
13465	1364817600	5.1	100150
13465	1367409600	9.5	100150
13465	1370088000	13	100150
13465	1372680000	16.9	100150
13465	1375358400	18.2	100150
13465	1378036800	15.1	100150
13465	1380628800	13.1	100150
13465	1383307200	8.7	100150
13465	1385899200	7	100150
13465	1388577600	3.8	100150
13465	1391256000	5.6	100150
13465	1393675200	6.6	100150
13465	1396353600	9.5	100150
13465	1398945600	12	100150
13465	1401624000	15.2	100150
13465	1404216000	19.5	100150
13465	1406894400	17.4	100150
13465	1409572800	16.9	100150
13465	1412164800	14.5	100150
13465	1414843200	9.6	100150
13465	1417435200	5.9	100150
13465	1420113600	4.9	100150
13465	1422792000	3.9	100150
13465	1425211200	5.6	100150
13465	1427889600	7.5	100150
13465	1430481600	10.3	100150
13466	1243857600	14.1	100200
13466	1246449600	17.8	100200
13466	1249128000	18.1	100200
13466	1251806400	15.4	100200
13466	1254398400	9.2	100200
13466	1257076800	8.2	100200
13466	1259668800	1.9	100200
13466	1262347200	-2.5	100200
13466	1265025600	-1.4	100200
13466	1267444800	3.4	100200
13466	1270123200	7.6	100200
13466	1272715200	9	100200
13466	1275393600	14	100200
13466	1277985600	19.2	100200
13466	1280664000	16.9	100200
13466	1283342400	13.8	100200
13466	1285934400	10.1	100200
13466	1288612800	4.2	100200
13466	1291204800	-2.5	100200
13466	1293883200	1	100200
13466	1296561600	0.7	100200
13466	1298980800	3.4	100200
13466	1301659200	10	100200
13466	1304251200	12.1	100200
13466	1306929600	15.2	100200
13466	1309521600	15.8	100200
13466	1312200000	16.4	100200
13466	1314878400	15.2	100200
13466	1317470400	11.1	100200
13466	1320148800	7	100200
13466	1322740800	5.6	100200
13466	1325419200	3.6	100200
13466	1328097600	-0.1	100200
13466	1330603200	5.5	100200
13466	1333281600	7.1	100200
13466	1335873600	12.6	100200
13466	1338552000	13.3	100200
13466	1341144000	16.6	100200
13466	1343822400	17.7	100200
13466	1346500800	14.4	100200
13466	1349092800	10.1	100200
13466	1351771200	6.9	100200
13466	1354363200	1.4	100200
13466	1357041600	1.1	100200
13466	1359720000	0.4	100200
13466	1362139200	0	100200
13466	1364817600	5.3	100200
13466	1367409600	11.4	100200
13466	1370088000	13.5	100200
13466	1372680000	17	100200
13466	1375358400	18.1	100200
13466	1378036800	14.4	100200
13466	1380628800	11.7	100200
13466	1383307200	7.4	100200
13466	1385899200	6.3	100200
13466	1388577600	2.6	100200
13466	1391256000	4.4	100200
13466	1393675200	6.4	100200
13466	1396353600	9.7	100200
13466	1398945600	12.2	100200
13466	1401624000	15.2	100200
13466	1404216000	20.1	100200
13466	1406894400	17	100200
13466	1409572800	16	100200
13466	1412164800	13.5	100200
13466	1414843200	8.1	100200
13466	1417435200	4.8	100200
13466	1420113600	4.2	100200
13466	1422792000	3	100200
13466	1425211200	5.4	100200
13466	1427889600	7.3	100200
13466	1430481600	10.3	100200
13467	1086091200	13.9	100350
13467	1088683200	15.4	100350
13467	1091361600	17.7	100350
13467	1094040000	13.8	100350
13467	1096632000	9.8	100350
13467	1099310400	5	100350
13467	1101902400	3.1	100350
13467	1104580800	3.4	100350
13467	1107259200	0.2	100350
13467	1109678400	2.1	100350
13467	1112356800	8.1	100350
13467	1114948800	11.5	100350
13467	1117627200	14.7	100350
13467	1120219200	17.7	100350
13467	1122897600	15.4	100350
13467	1125576000	14.7	100350
13467	1128168000	11.7	100350
13467	1130846400	5.6	100350
13467	1133438400	2.2	100350
13467	1136116800	-1.2	100350
13467	1138795200	1	100350
13467	1141214400	0.3	100350
13467	1143892800	6.8	100350
13467	1146484800	11.8	100350
13467	1149163200	15.4	100350
13467	1151755200	20.8	100350
13467	1154433600	16.7	100350
13467	1157112000	16.8	100350
13467	1159704000	12.6	100350
13467	1162382400	7.7	100350
13467	1164974400	6.6	100350
13467	1167652800	5.4	100350
13469	-773236800	17.5	101130
13469	-770558400	16.6	101130
13469	-767880000	14.8	101130
13469	-765288000	12.4	101130
13469	-762609600	5.6	101130
13469	-760017600	3.7	101130
13469	-757339200	-0.1	101130
13469	-754660800	3.6	101130
13469	-752241600	2.4	101130
13469	-749563200	8.7	101130
13469	-746971200	11.3	101130
13469	-744292800	14.2	101130
13469	-741700800	17.5	101130
13469	-739022400	16.4	101130
13469	-736344000	14.6	101130
13469	-733752000	9.4	101130
13469	-731073600	6	101130
13469	-728481600	-0.3	101130
13469	-725803200	-3.2	101130
13469	-723124800	-6.1	101130
13469	-720705600	0.5	101130
13469	-718027200	7.3	101130
13469	-715435200	12.7	101130
13469	-712756800	16.4	101130
13469	-710164800	17.9	101130
13469	-707486400	19	101130
13469	-704808000	17.4	101130
13469	-702216000	10.1	101130
13469	-699537600	7.1	101130
13469	-696945600	4.7	101130
13469	-694267200	3.3	101130
13469	-691588800	2.3	101130
13469	-689083200	5.1	101130
13469	-686404800	9.1	101130
13469	-683812800	11.7	101130
13469	-681134400	14.7	101130
13469	-678542400	16.5	101130
13469	-675864000	16.7	101130
13469	-673185600	15.2	101130
13469	-670593600	10.6	101130
13469	-667915200	6.1	101130
13469	-665323200	3.7	101130
13469	-662644800	3.7	101130
13469	-659966400	4.2	101130
13469	-657547200	3	101130
13469	-654868800	9.1	101130
13469	-652276800	10.7	101130
13469	-649598400	13.4	101130
13469	-647006400	15.8	101130
13469	-644328000	16.7	101130
13469	-641649600	17.4	101130
13469	-639057600	12.3	101130
13469	-636379200	5.9	101130
13469	-633787200	4.9	101130
13469	-631108800	1.5	101130
13469	-628430400	3.9	101130
13469	-626011200	5.7	101130
13469	-623332800	7.1	101130
13469	-620740800	11.2	101130
13469	-618062400	15.8	101130
13469	-615470400	17.1	101130
13469	-612792000	18	101130
13469	-610113600	13.9	101130
13469	-607521600	9.6	101130
13469	-604843200	5.6	101130
13469	-602251200	0.3	101130
13469	-599572800	2.2	101130
13469	-596894400	2.5	101130
13469	-594475200	2.5	101130
13469	-591796800	6.5	101130
13469	-589204800	10.7	101130
13469	-586526400	14.2	101130
13469	-583934400	16.3	101130
13469	-581256000	17.3	101130
13469	-578577600	15.6	101130
13469	-575985600	9.3	101130
13469	-573307200	8.1	101130
13469	-570715200	5.5	101130
13469	-568036800	2.6	101130
13469	-565358400	2.6	101130
13469	-562852800	2.8	101130
13469	-560174400	8.3	101130
13469	-557582400	11.8	101130
13469	-554904000	14.1	101130
13469	-552312000	16.5	101130
13469	-549633600	17.2	101130
13469	-546955200	12.7	101130
13469	-544363200	8.9	101130
13469	-541684800	3.9	101130
13469	-539092800	1.5	101130
13469	-536414400	1.7	101130
13469	-533736000	1.2	101130
13469	-531316800	4.1	101130
13469	-528638400	7.8	101130
13469	-526046400	11.6	101130
13469	-523368000	15.6	101130
13469	-520776000	17.2	101130
13469	-518097600	16.8	101130
13469	-515419200	14.5	101130
13469	-512827200	12.1	101130
13469	-510148800	8	101130
13469	-507556800	4.9	101130
13469	-504878400	0.8	101130
13469	-502200000	-2.1	101130
13469	-499780800	3.8	101130
13469	-497102400	5.7	101130
13469	-494510400	11.6	101130
13469	-491832000	14.9	101130
13469	-489240000	14.6	101130
13469	-486561600	15.8	101130
13469	-483883200	14.2	101130
13469	-481291200	11.6	101130
13469	-478612800	6.4	101130
13469	-476020800	5.2	101130
13469	-473342400	0	101130
13469	-470664000	0.1	101130
13469	-468244800	1.2	101130
13469	-465566400	6.4	101130
13469	-462974400	9.2	101130
13469	-460296000	13	101130
13469	-457704000	17.1	101130
13469	-455025600	18.5	101130
13469	-452347200	15.8	101130
13469	-449755200	10.5	101130
13469	-447076800	7.4	101130
13469	-444484800	4.4	101130
13469	-441806400	1.7	101130
13469	-439128000	-4.7	101130
13469	-436622400	2.8	101130
13469	-433944000	4.8	101130
13469	-431352000	10.8	101130
13469	-428673600	12.9	101130
13469	-426081600	16.3	101130
13469	-423403200	14.3	101130
13469	-420724800	14.5	101130
13469	-418132800	10.5	101130
13469	-415454400	5.7	101130
13469	-412862400	4.3	101130
13469	-410184000	3.1	101130
13469	-407505600	4.5	101130
13469	-405086400	6.2	101130
13469	-402408000	7.4	101130
13469	-399816000	10	101130
13469	-397137600	14.8	101130
13469	-394545600	17	101130
13469	-391867200	16.2	101130
13469	-389188800	13.3	101130
13469	-386596800	11.2	101130
13469	-383918400	6.1	101130
13469	-381326400	3	101130
13469	-378648000	1.7	101130
13469	-375969600	2.7	101130
13469	-373550400	1	101130
13469	-370872000	5	101130
13469	-368280000	11.1	101130
13469	-365601600	13.7	101130
13469	-363009600	16.3	101130
13469	-360331200	16.9	101130
13469	-357652800	16.1	101130
13469	-355060800	11.7	101130
13469	-352382400	6.4	101130
13469	-349790400	5	101130
13469	-347112000	2.3	101130
13469	-344433600	0.8	101130
13469	-342014400	5.6	101130
13469	-339336000	8.7	101130
13469	-336744000	11.5	101130
13469	-334065600	15.2	101130
13469	-331473600	18.1	101130
13469	-328795200	18.7	101130
13469	-326116800	16.1	101130
13469	-323524800	11	101130
13469	-320846400	5.4	101130
13469	-318254400	3	101130
13469	-315576000	2.6	101130
13469	-312897600	1.9	101130
13469	-310392000	4	101130
13469	-307713600	7.3	101130
13469	-305121600	11.1	101130
13469	-302443200	14.9	101130
13469	-299851200	15.6	101130
13469	-297172800	16.3	101130
13469	-294494400	14.5	101130
13469	-291902400	10.5	101130
13469	-289224000	7.4	101130
13469	-286632000	3.3	101130
13469	-283953600	1.4	101130
13469	-281275200	4.7	101130
13469	-278856000	6.6	101130
13469	-276177600	9.2	101130
13469	-273585600	10.9	101130
13469	-270907200	15.1	101130
13469	-268315200	15.4	101130
13469	-265636800	16	101130
13469	-262958400	16.2	101130
13469	-260366400	11.9	101130
13469	-257688000	5.9	101130
13469	-255096000	1	101130
13469	-252417600	3.3	101130
13469	-249739200	2.9	101130
13469	-247320000	1.8	101130
13469	-244641600	6.5	101130
13469	-242049600	9.5	101130
13469	-239371200	13.2	101130
13469	-236779200	14.2	101130
13469	-234100800	15.1	101130
13469	-231422400	13.5	101130
13469	-228830400	11.5	101130
13469	-226152000	4.5	101130
13469	-223560000	-0.2	101130
13469	-220881600	-4	101130
13469	-218203200	-3.9	101130
13469	-215784000	2.6	101130
13469	-213105600	7.1	101130
13469	-210513600	10.4	101130
13469	-207835200	14.6	101130
13469	-205243200	16.2	101130
13469	-202564800	16.1	101130
13469	-199886400	14.3	101130
13469	-197294400	9.9	101130
13469	-194616000	8	101130
13469	-192024000	-0.3	101130
13469	-189345600	0.3	101130
13469	-186667200	1.9	101130
13469	-184161600	1	101130
13469	-181483200	7.5	101130
13469	-178891200	12.8	101130
13469	-176212800	15.2	101130
13469	-173620800	16	101130
13469	-170942400	16.3	101130
13469	-168264000	14.8	101130
13469	-165672000	8.5	101130
13469	-162993600	6.4	101130
13469	-160401600	3	101130
13469	-157723200	2.8	101130
13469	-155044800	2.2	101130
13469	-152625600	3.2	101130
13469	-149947200	6.5	101130
13469	-147355200	10.4	101130
13469	-144676800	14.2	101130
13469	-142084800	14.8	101130
13469	-139406400	15.6	101130
13469	-136728000	14	101130
13469	-134136000	10.8	101130
13469	-131457600	3	101130
13469	-128865600	3.7	101130
13469	-126187200	-0.3	101130
13469	-123508800	1.5	101130
13469	-121089600	4.4	101130
13469	-118411200	5.6	101130
13469	-115819200	12.5	101130
13469	-113140800	16.3	101130
13469	-110548800	15.8	101130
13469	-107870400	15.6	101130
13469	-105192000	14.5	101130
13469	-102600000	11.5	101130
13469	-99921600	4.7	101130
13469	-97329600	3.9	101130
13469	-94651200	3.3	101130
13469	-91972800	4.2	101130
13469	-89553600	6.3	101130
13469	-86875200	6.8	101130
13469	-84283200	12.1	101130
13469	-81604800	13.9	101130
13469	-79012800	17.5	101130
13469	-76334400	17.1	101130
13469	-73656000	15	101130
13469	-71064000	11.7	101130
13469	-68385600	6.3	101130
13469	-65793600	4.1	101130
13469	-63115200	1.6	101130
13469	-60436800	1.7	101130
13469	-57931200	5.1	101130
13469	-55252800	8.2	101130
13469	-52660800	10.3	101130
13469	-49982400	15.3	101130
13469	-47390400	16.1	101130
13469	-44712000	17.2	101130
13469	-42033600	15.1	101130
13469	-39441600	11.7	101130
13469	-36763200	5.7	101130
13469	-34171200	-0.2	101130
13469	-31492800	2.7	101130
13469	-28814400	-0.1	101130
13469	-26395200	0.3	101130
13469	-23716800	6.3	101130
13469	-21124800	10.8	101130
13469	-18446400	14.6	101130
13469	-15854400	17.4	101130
13469	-13176000	18.1	101130
13469	-10497600	15.8	101130
13469	-7905600	12.2	101130
13469	-5227200	7	101130
13469	-2635200	-1.6	101130
13469	43200	-1.7	101130
13469	2721600	-0.4	101130
13469	5140800	2.1	101130
13469	7819200	5.2	101130
13469	10411200	10.8	101130
13469	13089600	15.8	101130
13469	15681600	15.9	101130
13469	18360000	16.9	101130
13469	21038400	14.2	101130
13469	23630400	10.9	101130
13469	26308800	7.3	101130
13469	28900800	4	101130
13469	31579200	1	101130
13469	34257600	3.6	101130
13469	36676800	2.7	101130
13469	39355200	6.2	101130
13469	41947200	11.3	101130
13469	44625600	13.1	101130
13469	47217600	16.7	101130
13469	49896000	17.5	101130
13469	52574400	14.4	101130
13469	55166400	11.2	101130
13469	57844800	6.8	101130
13469	60436800	5.8	101130
13469	63115200	-1.6	101130
13469	65793600	1.7	101130
13469	68299200	4.9	101130
13469	70977600	7	101130
13469	73569600	11.2	101130
13469	76248000	14	101130
13469	78840000	17	101130
13469	81518400	16.6	101130
13469	84196800	13.2	101130
13469	86788800	9.9	101130
13469	89467200	6.8	101130
13469	92059200	3.4	101130
13469	94737600	3	101130
13469	97416000	3.5	101130
13469	99835200	5.6	101130
13469	102513600	6.4	101130
13469	105105600	11.4	101130
13469	107784000	14.7	101130
13469	110376000	17.5	101130
13469	113054400	17.2	101130
13469	115732800	14.8	101130
13469	118324800	9.5	101130
13469	121003200	6.4	101130
13469	123595200	3.2	101130
13469	126273600	4.5	101130
13469	128952000	4.7	101130
13469	131371200	4.7	101130
13469	134049600	7.9	101130
13469	136641600	11	101130
13469	139320000	14	101130
13469	141912000	15.3	101130
13469	144590400	16.9	101130
13469	147268800	13.8	101130
13469	149860800	8.9	101130
13469	152539200	7	101130
13469	155131200	6.9	101130
13469	157809600	6.6	101130
13469	160488000	2.8	101130
13469	162907200	4.5	101130
13469	165585600	6.4	101130
13469	168177600	9.9	101130
13469	170856000	13.9	101130
13469	173448000	17	101130
13469	176126400	19.9	101130
13469	178804800	15.8	101130
13469	181396800	9.3	101130
13469	184075200	5.7	101130
13469	186667200	5.1	101130
13469	189345600	3.4	101130
13469	192024000	1.2	101130
13469	194529600	1.8	101130
13469	197208000	6.4	101130
13469	199800000	11.8	101130
13469	202478400	15.9	101130
13469	205070400	18.4	101130
13469	207748800	17.5	101130
13469	210427200	14.1	101130
13469	213019200	10.6	101130
13469	215697600	6.9	101130
13469	218289600	2	101130
13469	220968000	1.4	101130
13469	223646400	3.5	101130
13469	226065600	6	101130
13469	228744000	6.5	101130
13469	231336000	11.1	101130
13469	234014400	14.1	101130
13469	236606400	16	101130
13469	239284800	16.3	101130
13469	241963200	13.9	101130
13469	244555200	11.5	101130
13469	247233600	7.5	101130
13469	249825600	4.2	101130
13469	252504000	3	101130
13469	255182400	0.4	101130
13469	257601600	5.3	101130
13469	260280000	5.5	101130
13469	262872000	10.3	101130
13469	265550400	14.3	101130
13469	268142400	15.1	101130
13469	270820800	16	101130
13469	273499200	13.6	101130
13469	276091200	11.7	101130
13469	278769600	7.6	101130
13469	281361600	0.4	101130
13469	284040000	-2.7	101130
13469	286718400	-2.2	101130
13469	289137600	2.9	101130
13469	291816000	6.3	101130
13469	294408000	11.1	101130
13469	297086400	14.1	101130
13469	299678400	15.2	101130
13469	302356800	16.1	101130
13469	305035200	14.5	101130
13469	307627200	9.5	101130
13469	310305600	5.8	101130
13469	312897600	5.1	101130
13469	315576000	-0.7	101130
13469	318254400	2.2	101130
13469	320760000	3.4	101130
13469	323438400	6.8	101130
13469	326030400	10.1	101130
13469	328708800	14.3	101130
13469	331300800	15.4	101130
13469	333979200	16.8	101130
13469	336657600	15.6	101130
13469	339249600	10.2	101130
13469	341928000	5.4	101130
13469	344520000	3.9	101130
13469	347198400	2.3	101130
13469	349876800	1.7	101130
13469	352296000	5.9	101130
13469	354974400	6.9	101130
13469	357566400	12.9	101130
13469	360244800	14	101130
13469	362836800	16.1	101130
13469	365515200	16.5	101130
13469	368193600	15.4	101130
13469	370785600	9.2	101130
13469	373464000	6.9	101130
13469	376056000	-0.6	101130
13469	378734400	-0.4	101130
13469	381412800	1.4	101130
13469	383832000	4.1	101130
13469	386510400	6.4	101130
13469	389102400	11.1	101130
13469	391780800	15.3	101130
13469	394372800	17.8	101130
13469	397051200	17.7	101130
13469	399729600	15.4	101130
13469	402321600	11.5	101130
13469	4.05e+08	7.4	101130
13469	407592000	3.5	101130
13469	410270400	5.5	101130
13469	412948800	1.4	101130
13469	415368000	4.9	101130
13469	418046400	7.8	101130
13469	420638400	10.8	101130
13469	423316800	14.6	101130
13469	425908800	18.2	101130
13469	428587200	17.7	101130
13469	431265600	14.4	101130
13469	433857600	11.3	101130
13469	436536000	6.9	101130
13469	439128000	3.1	101130
13469	441806400	3	101130
13469	444484800	1.3	101130
13469	446990400	2.7	101130
13469	449668800	7	101130
13469	452260800	10	101130
13469	454939200	12.7	101130
13469	457531200	15.2	101130
13469	460209600	17.7	101130
13469	462888000	13.9	101130
13469	465480000	12	101130
13469	468158400	6.4	101130
13469	470750400	3.3	101130
13469	473428800	-2.5	101130
13469	476107200	-1.4	101130
13469	478526400	2.8	101130
13469	481204800	7.1	101130
13469	483796800	11.7	101130
13469	486475200	13.1	101130
13469	489067200	16.5	101130
13469	491745600	16.3	101130
13469	494424000	14.2	101130
13469	497016000	11.3	101130
13469	499694400	3.1	101130
13469	502286400	4.9	101130
13469	504964800	1.4	101130
13469	507643200	-3.1	101130
13469	510062400	3	101130
13469	512740800	5.5	101130
13469	515332800	12.5	101130
13469	518011200	14.4	101130
13469	520603200	16.2	101130
13469	523281600	16.1	101130
13469	525960000	13	101130
13469	528552000	11.5	101130
13469	531230400	8.3	101130
13469	533822400	5.1	101130
13469	536500800	-2.7	101130
13469	539179200	1	101130
13469	541598400	0.5	101130
13469	544276800	8.4	101130
13469	546868800	9	101130
13469	549547200	12.8	101130
13469	552139200	16.7	101130
13469	554817600	15.7	101130
13469	557496000	14.6	101130
13469	560088000	10.3	101130
13469	562766400	7.8	101130
13469	565358400	4	101130
13469	568036800	5.5	101130
13469	570715200	4.3	101130
13469	573220800	4.4	101130
13469	575899200	7.2	101130
13469	578491200	13	101130
13469	581169600	14.2	101130
13469	583761600	16.5	101130
13469	586440000	16.6	101130
13469	589118400	14.6	101130
13469	591710400	10.5	101130
13469	594388800	6.3	101130
13469	596980800	5.8	101130
13469	599659200	4.9	101130
13469	602337600	5.1	101130
13469	604756800	7.2	101130
13469	607435200	6.6	101130
13469	610027200	12.5	101130
13469	612705600	15.2	101130
13469	615297600	17	101130
13469	617976000	16.8	101130
13469	620654400	15.9	101130
13469	623246400	12.5	101130
13469	625924800	5.7	101130
13469	628516800	4.3	101130
13469	631195200	4.7	101130
13469	633873600	6.8	101130
13469	636292800	7.9	101130
13469	638971200	8.5	101130
13469	641563200	12.9	101130
13469	644241600	14.9	101130
13469	646833600	16.1	101130
13469	649512000	18	101130
13469	652190400	13.9	101130
13469	654782400	11.6	101130
13469	657460800	6.7	101130
13469	660052800	4.3	101130
13469	662731200	3.1	101130
13469	665409600	-0.9	101130
13469	667828800	6.8	101130
13469	670507200	7.8	101130
13469	673099200	9.2	101130
13469	675777600	12.5	101130
13469	678369600	18.5	101130
13469	681048000	18.1	101130
13469	683726400	15.6	101130
13469	686318400	10.2	101130
13469	688996800	5.6	101130
13469	691588800	4.1	101130
13469	694267200	3.7	101130
13469	696945600	4.9	101130
13469	699451200	6.1	101130
13469	702129600	7.9	101130
13469	704721600	14	101130
13469	707400000	17.1	101130
13469	709992000	17.9	101130
13469	712670400	17.4	101130
13469	715348800	14.5	101130
13469	717940800	8.8	101130
13469	720619200	7.2	101130
13469	723211200	3.5	101130
13469	725889600	3.1	101130
13469	728568000	2.5	101130
13469	730987200	4.6	101130
13469	733665600	9.2	101130
13469	736257600	12.6	101130
13469	738936000	14.4	101130
13469	741528000	15.6	101130
13469	744206400	15.6	101130
13469	746884800	13.1	101130
13469	749476800	9.4	101130
13469	752155200	1.9	101130
13469	754747200	4	101130
13469	757425600	4.5	101130
13469	760104000	0.1	101130
13469	762523200	5.6	101130
13469	765201600	8	101130
13469	767793600	11.2	101130
13469	770472000	14.2	101130
13469	773064000	20.2	101130
13469	775742400	17.9	101130
13469	778420800	14.1	101130
13469	781012800	9.5	101130
13469	783691200	8.3	101130
13469	786283200	5.3	101130
13469	788961600	2.8	101130
13469	791640000	5.6	101130
13469	794059200	4.6	101130
13469	796737600	7.3	101130
13469	799329600	11.1	101130
13469	802008000	13.5	101130
13469	804600000	18.3	101130
13469	807278400	18.8	101130
13469	809956800	14.9	101130
13469	812548800	13.1	101130
13469	815227200	6.2	101130
13469	817819200	-1.4	101130
13469	820497600	-1.9	101130
13469	823176000	-1.8	101130
13469	825681600	1	101130
13469	828360000	7.4	101130
13469	830952000	9.1	101130
13469	833630400	13.8	101130
13469	836222400	15.7	101130
13469	838900800	18	101130
13469	841579200	13.8	101130
13469	844171200	11.3	101130
13469	846849600	6.3	101130
13469	849441600	0.7	101130
13469	852120000	-1.1	101130
13469	854798400	4.6	101130
13469	857217600	5.5	101130
13469	859896000	7	101130
13469	862488000	11	101130
13469	865166400	15.2	101130
13469	867758400	17.5	101130
13469	870436800	20.8	101130
13469	873115200	15.2	101130
13469	875707200	10.3	101130
13469	878385600	4.9	101130
13469	880977600	3.7	101130
13469	883656000	4.5	101130
13469	886334400	5.6	101130
13469	888753600	6.4	101130
13469	891432000	8.5	101130
13469	894024000	12.6	101130
13469	896702400	15.3	101130
13469	899294400	15.9	101130
13469	901972800	16.2	101130
13469	904651200	14	101130
13469	907243200	9.8	101130
13469	909921600	3.7	101130
13469	912513600	3.3	101130
13469	915192000	4.5	101130
13469	917870400	3.1	101130
13469	920289600	5.9	101130
13469	922968000	8.9	101130
13469	925560000	12.5	101130
13469	928238400	14.4	101130
13469	930830400	18.1	101130
13469	933508800	17.6	101130
13469	936187200	17.8	101130
13469	938779200	11	101130
13469	941457600	7.1	101130
13469	944049600	4.8	101130
13469	946728000	4.2	101130
13469	949406400	5.4	101130
13469	951912000	5.8	101130
13469	954590400	9.1	101130
13469	957182400	13	101130
13469	959860800	14.9	101130
13469	962452800	14.8	101130
13469	965131200	17.1	101130
13469	967809600	14.9	101130
13469	970401600	11.4	101130
13469	973080000	7.2	101130
13469	975672000	4.8	101130
13469	978350400	2.4	101130
13469	981028800	3	101130
13469	983448000	3.4	101130
13469	986126400	7.4	101130
13469	988718400	11.5	101130
13469	991396800	13.7	101130
13469	993988800	18	101130
13469	996667200	18.5	101130
13469	999345600	14	101130
13469	1001937600	13.9	101130
13469	1004616000	8.3	101130
13469	1007208000	4.1	101130
13469	1009886400	3.9	101130
13469	1012564800	6.4	101130
13469	1014984000	6.4	101130
13469	1017662400	8.6	101130
13469	1020254400	13	101130
13469	1022932800	16.5	101130
13469	1025524800	17.2	101130
13469	1028203200	19.9	101130
13469	1030881600	16.5	101130
13469	1033473600	9.3	101130
13469	1036152000	6	101130
13469	1038744000	0.7	101130
13469	1041422400	1.8	101130
13469	1044100800	0.2	101130
13469	1046520000	5.4	101130
13469	1049198400	8.6	101130
13469	1051790400	12.4	101130
13469	1054468800	17	101130
13469	1057060800	18.6	101130
13469	1059739200	19.4	101130
13469	1062417600	15.4	101130
13469	1065009600	8.4	101130
13469	1067688000	7	101130
13469	1070280000	4.3	101130
13469	1072958400	2.7	101130
13469	1075636800	4.3	101130
13469	1078142400	5.2	101130
13469	1080820800	9.4	101130
13469	1083412800	11.5	101130
13469	1086091200	14.6	101130
13469	1088683200	16.3	101130
13469	1091361600	19.1	101130
13469	1094040000	15.3	101130
13469	1096632000	10.9	101130
13469	1099310400	7.1	101130
13469	1101902400	3.9	101130
13469	1104580800	5	101130
13469	1107259200	2	101130
13469	1109678400	4.2	101130
13469	1112356800	9	101130
13469	1114948800	11.7	101130
13469	1117627200	14.6	101130
13469	1120219200	17.3	101130
13469	1122897600	16.2	101130
13469	1125576000	16	101130
13469	1128168000	13	101130
13469	1130846400	7.7	101130
13469	1133438400	4.5	101130
13469	1136116800	0.7	101130
13469	1138795200	2.1	101130
13469	1141214400	2.2	101130
13469	1143892800	7.6	101130
13469	1146484800	12.9	101130
13469	1149163200	15.2	101130
13469	1151755200	20.4	101130
13469	1154433600	17.4	101130
13469	1157112000	18.1	101130
13469	1159704000	13.8	101130
13469	1162382400	9.5	101130
13469	1164974400	7.6	101130
13469	1167652800	7	101130
13469	1170331200	5	101130
13469	1172750400	7.8	101130
13469	1175428800	11	101130
13469	1178020800	12.8	101130
13469	1180699200	16.6	101130
13469	1183291200	17	101130
13469	1185969600	17.4	101130
13469	1188648000	14.6	101130
13469	1191240000	10.7	101130
13469	1193918400	7.3	101130
13469	1196510400	4.3	101130
13469	1199188800	5.2	101130
13469	1201867200	5	101130
13469	1204372800	5.5	101130
13469	1207051200	8.2	101130
13469	1209643200	13.4	101130
13469	1212321600	16.1	101130
13469	1214913600	18	101130
13469	1217592000	17.5	101130
13469	1220270400	14.5	101130
13469	1222862400	10.8	101130
13469	1225540800	7.5	101130
13469	1228132800	2.8	101130
13469	1230811200	1.2	101130
13469	1233489600	2.3	101130
13469	1235908800	5.3	101130
13469	1238587200	10.4	101130
13469	1241179200	12.5	101130
13469	1243857600	14.4	101130
13469	1246449600	17.8	101130
13469	1249128000	18.7	101130
13469	1251806400	15.9	101130
13469	1254398400	10.3	101130
13469	1257076800	8.8	101130
13469	1259668800	2.2	101130
13469	1262347200	-1.6	101130
13469	1265025600	-0.4	101130
13469	1267444800	4.9	101130
13469	1270123200	8.4	101130
13469	1272715200	9.6	101130
13469	1275393600	14.4	101130
13469	1277985600	19.4	101130
13469	1280664000	17.2	101130
13469	1283342400	14.2	101130
13469	1285934400	10.9	101130
13469	1288612800	5.6	101130
13469	1291204800	-1.2	101130
13469	1293883200	2.1	101130
13469	1296561600	2.4	101130
13469	1298980800	4.4	101130
13469	1301659200	10.6	101130
13469	1304251200	13.1	101130
13469	1306929600	15.5	101130
13469	1309521600	15.9	101130
13469	1312200000	16.9	101130
13469	1314878400	15.7	101130
13469	1317470400	11.4	101130
13469	1320148800	6.1	101130
13469	1322740800	5.9	101130
13469	1325419200	4.4	101130
13469	1328097600	0.5	101130
13469	1330603200	6.5	101130
13469	1333281600	7.6	101130
13469	1335873600	12.3	101130
13469	1338552000	14.1	101130
13469	1341144000	16.9	101130
13469	1343822400	18.4	101130
13469	1346500800	14.9	101130
13469	1349092800	10.6	101130
13469	1351771200	6.8	101130
13469	1354363200	3.5	101130
13469	1357041600	1.5	101130
13469	1359720000	1.3	101130
13469	1362139200	0.8	101130
13469	1364817600	6.6	101130
13469	1367409600	10.4	101130
13469	1370088000	13.6	101130
13469	1372680000	17.5	101130
13469	1375358400	18.6	101130
13469	1378036800	14.7	101130
13469	1380628800	12	101130
13469	1383307200	7.8	101130
13469	1385899200	5.9	101130
13469	1388577600	3.2	101130
13469	1391256000	5.5	101130
13469	1393675200	7	101130
13469	1396353600	10.2	101130
13469	1398945600	12.6	101130
13469	1401624000	15.5	101130
13469	1404216000	19.9	101130
13469	1406894400	17.2	101130
13469	1409572800	16.8	101130
13469	1412164800	13.4	101130
13469	1414843200	7.9	101130
13469	1417435200	4.6	101130
13469	1420113600	4.2	101130
13469	1422792000	3.6	101130
13469	1425211200	5.8	101130
13469	1427889600	7.9	101130
13469	1430481600	11.1	101130
13475	-4523169600	16.6	104247
13475	-4520577600	13.2	104247
13475	-4517899200	5.2	104247
13475	-4515307200	5	104247
13475	-4512628800	-1	104247
13475	-4509950400	-1.7	104247
13475	-4507531200	6.4	104247
13475	-4504852800	12.8	104247
13475	-4502260800	15.3	104247
13475	-4499582400	18.8	104247
13476	-1335960000	9.8	104270
13476	-1333368000	5.6	104270
13476	-1330689600	-0.6	104270
13476	-1328097600	-5.1	104270
13476	-1325419200	-1.4	104270
13476	-1322740800	-0.2	104270
13476	-1320235200	-0.2	104270
13476	-1317556800	3.6	104270
13476	-1314964800	5.9	104270
13476	-1312286400	9.7	104270
13476	-1309694400	14.6	104270
13476	-1307016000	12.1	104270
13476	-1304337600	9.7	104270
13476	-1301745600	5.8	104270
13476	-1299067200	2.6	104270
13476	-1296475200	-3.2	104270
13476	-1293796800	-5.8	104270
13476	-1291118400	-8.5	104270
13476	-1288699200	1.6	104270
13476	-1286020800	0.2	104270
13476	-1283428800	9.6	104270
13476	-1280750400	10.1	104270
13476	-1278158400	13.6	104270
13476	-1275480000	13.6	104270
13476	-1272801600	13.5	104270
13476	-1270209600	5.8	104270
13476	-1267531200	2	104270
13476	-1264939200	0.5	104270
13476	-1262260800	0.8	104270
13476	-1259582400	-3	104270
13476	-1257163200	1.5	104270
13476	-1254484800	4.6	104270
13476	-1251892800	8	104270
13476	-1249214400	14.6	104270
13476	-1246622400	11.8	104270
13476	-1243944000	12.3	104270
13476	-1241265600	9.6	104270
13476	-1238673600	5.7	104270
13476	-1235995200	2.7	104270
13476	-1233403200	-1.1	104270
13476	-1230724800	-2.4	104270
13476	-1228046400	-3.5	104270
13476	-1225627200	-2.6	104270
13476	-1222948800	2	104270
13476	-1220356800	11.2	104270
13476	-1217678400	12	104270
13476	-1215086400	12.6	104270
13476	-1212408000	11.3	104270
13476	-1209729600	6.6	104270
13476	-1207137600	4.5	104270
13476	-1204459200	2.6	104270
13476	-1201867200	-1.9	104270
13476	-1199188800	0.9	104270
13476	-1196510400	-4.8	104270
13476	-1194004800	-2.3	104270
13476	-1191326400	2.4	104270
13476	-1188734400	8.5	104270
13476	-1186056000	11	104270
13476	-1183464000	13.8	104270
13476	-1180785600	15.8	104270
13476	-1178107200	11.1	104270
13476	-1175515200	4.5	104270
13476	-1172836800	1.2	104270
13476	-1170244800	0.3	104270
13476	-1167566400	-4.1	104270
13476	-1164888000	-3	104270
13476	-1162468800	3	104270
13476	-1159790400	3.7	104270
13476	-1157198400	7.8	104270
13476	-1154520000	10.6	104270
13476	-1151928000	14.2	104270
13476	-1149249600	13.5	104270
13476	-1146571200	11.6	104270
13476	-1143979200	5.8	104270
13476	-1141300800	-0.1	104270
13476	-1138708800	-5.8	104270
13476	-1136030400	-2.2	104270
13476	-1133352000	-1.7	104270
13476	-1130932800	-0.1	104270
13476	-1128254400	7.1	104270
13476	-1125662400	9.2	104270
13476	-1122984000	12.5	104270
13476	-1120392000	13.9	104270
13476	-1117713600	12.3	104270
13476	-1115035200	12.9	104270
13476	-1112443200	6	104270
13476	-1109764800	0.8	104270
13476	-1107172800	2.1	104270
13476	-1104494400	-3.6	104270
13476	-1101816000	-2.2	104270
13476	-1099396800	-0.5	104270
13476	-1096718400	2.9	104270
13476	-1094126400	6.6	104270
13476	-1091448000	13	104270
13476	-1088856000	13.5	104270
13476	-1086177600	13.2	104270
13476	-1083499200	9.8	104270
13476	-1080907200	4.5	104270
13476	-1078228800	2.2	104270
13476	-1075636800	-3	104270
13476	-1072958400	-0.4	104270
13476	-1070280000	-2.6	104270
13476	-1067774400	2.5	104270
13476	-1065096000	1.4	104270
13476	-1062504000	8.8	104270
13476	-1059825600	12.6	104270
13476	-1057233600	12	104270
13476	-1054555200	12.7	104270
13476	-1051876800	9.6	104270
13476	-1049284800	2.8	104270
13476	-1046606400	1.4	104270
13476	-1044014400	-1.1	104270
13476	-1041336000	-2.6	104270
13476	-1038657600	-1.1	104270
13476	-1036238400	1.5	104270
13476	-1033560000	3.9	104270
13476	-1030968000	11.1	104270
13476	-1028289600	12.3	104270
13476	-1025697600	12.8	104270
13476	-1023019200	13.6	104270
13476	-1020340800	9.9	104270
13476	-1017748800	7.2	104270
13476	-1015070400	0.1	104270
13476	-1012478400	-3.4	104270
13476	-1009800000	-1.5	104270
13476	-1007121600	-2	104270
13476	-1004702400	4.1	104270
13476	-1002024000	0.8	104270
13476	-999432000	6.8	104270
13476	-996753600	12	104270
13476	-994161600	12.6	104270
13476	-991483200	13.9	104270
13476	-988804800	11.1	104270
13476	-986212800	4.8	104270
13476	-983534400	4.1	104270
13476	-980942400	-4.6	104270
13476	-978264000	-0.8	104270
13476	-975585600	-0.8	104270
13476	-973166400	-2	104270
13476	-970488000	4.5	104270
13476	-967896000	6.4	104270
13476	-965217600	12.8	104270
13476	-962625600	12.8	104270
13476	-959947200	13.7	104270
13476	-957268800	10.1	104270
13476	-954676800	2.5	104270
13476	-951998400	2.2	104270
13476	-949406400	-4.1	104270
13476	-946728000	-9	104270
13476	-944049600	-5.2	104270
13476	-941544000	-0.5	104270
13476	-938865600	4	104270
13476	-936273600	9	104270
13476	-933595200	12.8	104270
13476	-931003200	11.4	104270
13476	-928324800	10.3	104270
13476	-925646400	8.6	104270
13476	-923054400	4.7	104270
13476	-920376000	1.8	104270
13476	-917784000	-5.4	104270
13476	-915105600	-7.6	104270
13476	-912427200	-3.2	104270
13476	-910008000	0.2	104270
13476	-907329600	1.5	104270
13476	-904737600	4.5	104270
13476	-902059200	13.2	104270
13476	-899467200	14.7	104270
13476	-896788800	10.4	104270
13476	-894110400	9.8	104270
13476	-891518400	4.6	104270
13476	-888840000	-1	104270
13476	-886248000	-1	104270
13476	-883569600	-10.7	104270
13476	-880891200	-7.7	104270
13476	-878472000	-0.4	104270
13476	-875793600	3.6	104270
13476	-873201600	7.9	104270
13476	-870523200	10.2	104270
13476	-867931200	11.4	104270
13476	-865252800	14.2	104270
13476	-862574400	11.6	104270
13476	-859982400	8.3	104270
13476	-857304000	0.1	104270
13476	-854712000	-0.3	104270
13476	-852033600	-2.7	104270
13476	-849355200	0.5	104270
13476	-846936000	2.4	104270
13476	-844257600	5.2	104270
13476	-841665600	9.4	104270
13476	-838987200	9.7	104270
13476	-836395200	14	104270
13476	-833716800	13.8	104270
13476	-831038400	9.9	104270
13476	-828446400	7.8	104270
13476	-825768000	-0.1	104270
13476	-823176000	-2	104270
13476	-820497600	0	104270
13476	-817819200	-5	104270
13476	-815313600	-2.8	104270
13476	-812635200	4.8	104270
13476	-810043200	7.6	104270
13476	-807364800	9.5	104270
13476	-804772800	13	104270
13476	-802094400	16.3	104270
13476	-799416000	8.6	104270
13476	-796824000	5	104270
13476	-794145600	0.3	104270
13476	-791553600	-1.8	104270
13476	-788875200	1.1	104270
13476	-786196800	2.1	104270
13476	-783777600	3.4	104270
13476	-781099200	4.6	104270
13476	-778507200	10.5	104270
13476	-775828800	12.1	104270
13476	-773236800	14.3	104270
13476	-770558400	12.5	104270
13476	-767880000	10.6	104270
13476	-765288000	6.6	104270
13476	-762609600	0.4	104270
13476	-760017600	-1.6	104270
13476	-757339200	-3.7	104270
13476	-754660800	-1.3	104270
13476	-752241600	0.7	104270
13476	-749563200	7.2	104270
13476	-746971200	9.9	104270
13476	-744292800	10	104270
13476	-741700800	14.1	104270
13476	-739022400	11.9	104270
13476	-736344000	10.7	104270
13476	-733752000	4.1	104270
13476	-731073600	1.2	104270
13476	-728481600	-4.9	104270
13476	-725803200	-6.3	104270
13476	-723124800	-8.7	104270
13476	-720705600	0.1	104270
13476	-718027200	5.7	104270
13476	-715435200	10.8	104270
13476	-712756800	14.1	104270
13476	-710164800	15.2	104270
13476	-707486400	15.8	104270
13476	-704808000	14.2	104270
13476	-702216000	6.3	104270
13476	-699537600	1.5	104270
13476	-696945600	-1.7	104270
13476	-694267200	0.2	104270
13476	-691588800	-2.4	104270
13476	-689083200	4.5	104270
13476	-686404800	6	104270
13476	-683812800	9.5	104270
13476	-681134400	11.8	104270
13476	-678542400	12.3	104270
13476	-675864000	12.5	104270
13476	-673185600	10.3	104270
13476	-670593600	5.2	104270
13476	-667915200	3.1	104270
13476	-665323200	-0.4	104270
13476	-662644800	-0.6	104270
13476	-659966400	-0.2	104270
13476	-657547200	-0.6	104270
13476	-654868800	7.1	104270
13476	-652276800	8.3	104270
13476	-649598400	10.1	104270
13476	-647006400	13.8	104270
13476	-644328000	13.6	104270
13476	-641649600	14.3	104270
13476	-639057600	7.8	104270
13476	-636379200	0.5	104270
13476	-633787200	-0.5	104270
13476	-631108800	-3.2	104270
13476	-628430400	0.4	104270
13476	-626011200	2.1	104270
13476	-623332800	2.3	104270
13476	-620740800	10.1	104270
13476	-618062400	14.1	104270
13476	-615470400	13.8	104270
13476	-612792000	14.1	104270
13476	-610113600	8.7	104270
13476	-607521600	4.7	104270
13476	-604843200	0.7	104270
13476	-602251200	-5.7	104270
13476	-599572800	-1.1	104270
13476	-596894400	-1.2	104270
13476	-594475200	-1.2	104270
13476	-591796800	2.9	104270
13476	-589204800	8	104270
13476	-586526400	11.1	104270
13476	-583934400	13.3	104270
13476	-581256000	13	104270
13476	-578577600	11.1	104270
13476	-575985600	5.4	104270
13476	-573307200	3.3	104270
13476	-570715200	0.6	104270
13476	-568036800	-3.4	104270
13476	-565358400	-3.3	104270
13476	-562852800	0.2	104270
13476	-560174400	7.7	104270
13476	-557582400	8.9	104270
13476	-554904000	11.2	104270
13476	-552312000	14.2	104270
13476	-549633600	13.9	104270
13476	-546955200	6.3	104270
13476	-544363200	3.2	104270
13476	-541684800	-2.2	104270
13476	-539092800	-3.3	104270
13476	-536414400	-3.6	104270
13476	-533736000	-3.1	104270
13476	-531316800	3.8	104270
13476	-528638400	5.5	104270
13476	-526046400	9.5	104270
13476	-523368000	12.4	104270
13476	-520776000	12.9	104270
13476	-518097600	12.7	104270
13476	-515419200	10.1	104270
13476	-512827200	8.1	104270
13476	-510148800	2.6	104270
13476	-507556800	1.9	104270
13476	-504878400	-6.3	104270
13476	-502200000	-4.9	104270
13476	-499780800	2.1	104270
13476	-497102400	2.2	104270
13476	-494510400	8.7	104270
13476	-491832000	11.7	104270
13476	-489240000	9.5	104270
13476	-486561600	12	104270
13476	-483883200	9.5	104270
13476	-481291200	6.8	104270
13476	-478612800	1.5	104270
13476	-476020800	0.1	104270
13476	-473342400	-3.5	104270
13476	-470664000	-5.6	104270
13476	-468244800	-3.1	104270
13476	-465566400	3.3	104270
13476	-462974400	5.7	104270
13476	-460296000	10.6	104270
13476	-457704000	13.3	104270
13476	-455025600	13.2	104270
13476	-452347200	10.1	104270
13476	-449755200	4.5	104270
13476	-447076800	1.2	104270
13476	-444484800	-0.5	104270
13476	-441806400	-3.3	104270
13476	-439128000	-11.8	104270
13476	-436622400	-0.1	104270
13476	-433944000	1.2	104270
13476	-431352000	9	104270
13476	-428673600	8.2	104270
13476	-426081600	12.6	104270
13476	-423403200	9.7	104270
13476	-420724800	10.7	104270
13476	-418132800	4.9	104270
13476	-415454400	-0.6	104270
13476	-412862400	-0.4	104270
13476	-410184000	-2.2	104270
13476	-407505600	0.3	104270
13476	-405086400	3.8	104270
13476	-402408000	4.2	104270
13476	-399816000	5.7	104270
13476	-397137600	12.7	104270
13476	-394545600	13.7	104270
13476	-391867200	10.8	104270
13476	-389188800	8	104270
13476	-386596800	6.5	104270
13476	-383918400	1	104270
13476	-381326400	-2	104270
13476	-378648000	-3	104270
13476	-375969600	-1.5	104270
13476	-373550400	-3.9	104270
13476	-370872000	1.1	104270
13476	-368280000	9.1	104270
13476	-365601600	10.3	104270
13476	-363009600	12.5	104270
13476	-360331200	13.2	104270
13476	-357652800	11.3	104270
13476	-355060800	6.2	104270
13476	-352382400	0.9	104270
13476	-349790400	-0.4	104270
13476	-347112000	-3	104270
13476	-344433600	0.2	104270
13476	-342014400	3.3	104270
13476	-339336000	6.1	104270
13476	-336744000	9	104270
13476	-334065600	12.2	104270
13476	-331473600	15.9	104270
13476	-328795200	13.8	104270
13476	-326116800	11.9	104270
13476	-323524800	7	104270
13476	-320846400	1	104270
13476	-318254400	-0.8	104270
13476	-315576000	-3.2	104270
13476	-312897600	-2.1	104270
13476	-310392000	1	104270
13476	-307713600	3.9	104270
13476	-305121600	9.1	104270
13476	-302443200	11.9	104270
13476	-299851200	10.8	104270
13476	-297172800	11.4	104270
13476	-294494400	9.3	104270
13476	-291902400	6.1	104270
13476	-289224000	2.5	104270
13476	-286632000	-2.2	104270
13476	-283953600	-3.7	104270
13476	-281275200	2.2	104270
13476	-278856000	3	104270
13476	-276177600	6.9	104270
13476	-273585600	5.7	104270
13476	-270907200	11.8	104270
13476	-268315200	10.2	104270
13476	-265636800	11.9	104270
13476	-262958400	13.9	104270
13476	-260366400	7.4	104270
13476	-257688000	0.8	104270
13476	-255096000	-2.9	104270
13476	-252417600	-1.7	104270
13476	-249739200	-3.7	104270
13476	-247320000	-3.9	104270
13476	-244641600	3.8	104270
13476	-242049600	4.8	104270
13476	-239371200	9.8	104270
13476	-236779200	10.4	104270
13476	-234100800	11.3	104270
13476	-231422400	8.8	104270
13476	-228830400	6.8	104270
13476	-226152000	-0.5	104270
13476	-223560000	-4.4	104270
13476	-220881600	-10.2	104270
13476	-218203200	-7.2	104270
13476	-215784000	0.3	104270
13476	-213105600	4.9	104270
13476	-210513600	7.5	104270
13476	-207835200	11.4	104270
13476	-205243200	13.2	104270
13476	-202564800	11.5	104270
13476	-199886400	10.5	104270
13476	-197294400	5.3	104270
13476	-194616000	3.8	104270
13476	-192024000	-4.5	104270
13476	-189345600	-3	104270
13476	-186667200	-2	104270
13476	-184161600	-2.7	104270
13476	-181483200	4.5	104270
13476	-178891200	10.2	104270
13476	-176212800	12.8	104270
13476	-173620800	14	104270
13476	-170942400	12.2	104270
13476	-168264000	10.4	104270
13476	-165672000	3.8	104270
13476	-162993600	1.5	104270
13476	-160401600	-2.3	104270
13476	-157723200	-2.4	104270
13476	-155044800	-5.1	104270
13476	-152625600	-1	104270
13476	-149947200	3	104270
13476	-147355200	7.4	104270
13476	-144676800	11.5	104270
13476	-142084800	10.1	104270
13476	-139406400	11.2	104270
13476	-136728000	9.1	104270
13476	-134136000	6.4	104270
13476	-131457600	-1.7	104270
13476	-128865600	-1.2	104270
13476	-126187200	-5.2	104270
13476	-123508800	1.7	104270
13476	-121089600	-0.6	104270
13476	-118411200	5.3	104270
13476	-115819200	9.3	104270
13476	-113140800	12.8	104270
13476	-110548800	11.1	104270
13476	-107870400	11.5	104270
13476	-105192000	9.9	104270
13476	-102600000	7.6	104270
13476	-99921600	-0.7	104270
13476	-97329600	-1.7	104270
13476	-94651200	-2.1	104270
13476	-91972800	-0.9	104270
13476	-89553600	0.9	104270
13476	-86875200	2.4	104270
13476	-84283200	8.6	104270
13476	-81604800	10.8	104270
13476	-79012800	15.2	104270
13476	-76334400	12.6	104270
13476	-73656000	10.2	104270
13476	-71064000	7.4	104270
13476	-68385600	1.6	104270
13476	-65793600	-2.3	104270
13476	-63115200	-3.5	104270
13476	-60436800	-3	104270
13476	-57931200	0.4	104270
13476	-55252800	5.3	104270
13476	-52660800	6.5	104270
13476	-49982400	11.4	104270
13476	-47390400	12.2	104270
13476	-44712000	12.6	104270
13476	-42033600	9.9	104270
13476	-39441600	7.5	104270
13476	-36763200	0.9	104270
13476	-34171200	-4	104270
13476	-31492800	-1.1	104270
13476	-28814400	-5.5	104270
13476	-26395200	-2.8	104270
13476	-23716800	3	104270
13476	-21124800	9	104270
13476	-18446400	10.6	104270
13476	-15854400	14.7	104270
13476	-13176000	12.7	104270
13476	-10497600	10.6	104270
13476	-7905600	9.1	104270
13476	-5227200	1	104270
13476	-2635200	-6.4	104270
13476	43200	-3.1	104270
13476	2721600	-4.8	104270
13476	5140800	-2.5	104270
13476	7819200	0.5	104270
13476	10411200	7.9	104270
13476	13089600	13.4	104270
13476	15681600	11.4	104270
13476	18360000	13.6	104270
13476	21038400	10.3	104270
13476	23630400	5.7	104270
13476	26308800	3	104270
13476	28900800	-2.8	104270
13476	31579200	-1.4	104270
13476	34257600	-2.1	104270
13476	36676800	-3	104270
13476	39355200	5	104270
13476	41947200	10.7	104270
13476	44625600	9.8	104270
13476	47217600	14.2	104270
13476	49896000	13.6	104270
13476	52574400	9.1	104270
13476	55166400	6.5	104270
13476	57844800	-0.1	104270
13476	60436800	0.8	104270
13476	63115200	-4.8	104270
13476	65793600	-0.2	104270
13476	68299200	2.4	104270
13476	70977600	2.7	104270
13476	73569600	6.9	104270
13476	76248000	10.1	104270
13476	78840000	13.6	104270
13476	81518400	11.5	104270
13476	84196800	7.3	104270
13476	86788800	4.8	104270
13476	89467200	1	104270
13476	92059200	-0.3	104270
13476	94737600	-1.6	104270
13476	97416000	-2.4	104270
13476	99835200	0.6	104270
13476	102513600	0.8	104270
13476	105105600	8.3	104270
13476	107784000	12.4	104270
13476	110376000	13	104270
13476	113054400	15.1	104270
13476	115732800	11.1	104270
13476	118324800	4.7	104270
13476	121003200	0.2	104270
13476	123595200	-2.6	104270
13476	126273600	0.5	104270
13476	128952000	-0.4	104270
13476	131371200	2	104270
13476	134049600	5	104270
13476	136641600	7.2	104270
13476	139320000	10	104270
13476	141912000	10.4	104270
13476	144590400	13.4	104270
13476	147268800	8.9	104270
13476	149860800	1.3	104270
13476	152539200	1.5	104270
13476	155131200	1.2	104270
13476	157809600	1	104270
13476	160488000	-0.4	104270
13476	162907200	-0.2	104270
13476	165585600	2.8	104270
13476	168177600	7.2	104270
13476	170856000	10.4	104270
13476	173448000	14.4	104270
13476	176126400	15.9	104270
13476	178804800	11.9	104270
13476	181396800	5.6	104270
13476	184075200	0	104270
13476	186667200	-1.9	104270
13476	189345600	-2	104270
13476	192024000	-1.4	104270
13476	194529600	-2.3	104270
13476	197208000	3.2	104270
13476	199800000	9.2	104270
13476	202478400	13.7	104270
13476	205070400	15.6	104270
13476	207748800	12.9	104270
13476	210427200	9.3	104270
13476	213019200	7.3	104270
13476	215697600	1.3	104270
13476	218289600	-3.8	104270
13476	220968000	-2.5	104270
13476	223646400	-0.5	104270
13476	226065600	2.6	104270
13476	228744000	1.1	104270
13476	231336000	7.4	104270
13476	234014400	10.8	104270
13476	236606400	12.2	104270
13476	239284800	12	104270
13476	241963200	8.4	104270
13476	244555200	8.5	104270
13476	247233600	1.1	104270
13476	249825600	0.3	104270
13476	252504000	-2.6	104270
13476	255182400	-4.3	104270
13476	257601600	0.9	104270
13476	260280000	3	104270
13476	262872000	7.9	104270
13476	265550400	10.3	104270
13476	268142400	11.1	104270
13476	270820800	10.8	104270
13476	273499200	8.2	104270
13476	276091200	6.6	104270
13476	278769600	3	104270
13476	281361600	-2.4	104270
13476	284040000	-7.1	104270
13476	286718400	-4.5	104270
13476	289137600	-0.5	104270
13476	291816000	2.3	104270
13476	294408000	8.1	104270
13476	297086400	12.1	104270
13476	299678400	11	104270
13476	302356800	11.1	104270
13476	305035200	9.9	104270
13476	307627200	6.4	104270
13476	310305600	0.4	104270
13476	312897600	0.2	104270
13476	315576000	-4.4	104270
13476	318254400	0	104270
13476	320760000	-0.3	104270
13476	323438400	2.5	104270
13476	326030400	7.2	104270
13476	328708800	10.2	104270
13476	331300800	10.9	104270
13476	333979200	12.8	104270
13476	336657600	11.3	104270
13476	339249600	4.2	104270
13476	341928000	-0.7	104270
13476	344520000	-2.5	104270
13476	347198400	-3.4	104270
13476	349876800	-3.8	104270
13476	352296000	3.4	104270
13476	354974400	4.5	104270
13476	357566400	9.3	104270
13476	360244800	10.7	104270
13476	362836800	12	104270
13476	365515200	12.6	104270
13476	368193600	10.7	104270
13476	370785600	3.9	104270
13476	373464000	0.9	104270
13476	376056000	-4.7	104270
13476	378734400	-1.9	104270
13476	381412800	-1.9	104270
13476	383832000	0.4	104270
13476	386510400	2.6	104270
13476	389102400	8.8	104270
13476	391780800	12	104270
13476	394372800	14.9	104270
13476	397051200	13.1	104270
13476	399729600	12.8	104270
13476	402321600	6.4	104270
13476	4.05e+08	3	104270
13476	407592000	-1.2	104270
13476	410270400	0.5	104270
13476	412948800	-5	104270
13476	415368000	0.6	104270
13476	418046400	4.4	104270
13476	420638400	6.5	104270
13476	423316800	12.3	104270
13476	425908800	16.8	104270
13476	428587200	14.9	104270
13476	431265600	10.1	104270
13476	433857600	5.8	104270
13476	436536000	1.9	104270
13476	439128000	-0.9	104270
13476	441806400	-2.6	104270
13476	444484800	-3.5	104270
13476	446990400	-1.3	104270
13476	449668800	3.2	104270
13476	452260800	6.3	104270
13476	454939200	9.4	104270
13476	457531200	11.7	104270
13476	460209600	13.8	104270
13476	462888000	8.4	104270
13476	465480000	7	104270
13476	468158400	4	104270
13476	470750400	-1	104270
13476	473428800	-7.3	104270
13476	476107200	-5	104270
13476	478526400	-0.7	104270
13476	481204800	3.4	104270
13476	483796800	9.6	104270
13476	486475200	8.7	104270
13476	489067200	13	104270
13476	491745600	11.8	104270
13476	494424000	10.2	104270
13476	497016000	6.2	104270
13476	499694400	-2.9	104270
13476	502286400	0.9	104270
13476	504964800	-3.5	104270
13476	507643200	-10	104270
13476	510062400	-0.5	104270
13476	512740800	1.4	104270
13476	515332800	10.1	104270
13476	518011200	12.4	104270
13476	520603200	12.8	104270
13476	523281600	12	104270
13476	525960000	7.6	104270
13476	528552000	7.1	104270
13476	531230400	3.3	104270
13476	533822400	-1	104270
13476	536500800	-7.5	104270
13476	539179200	-2.4	104270
13476	541598400	-4.1	104270
13476	544276800	6.1	104270
13476	546868800	5.6	104270
13476	549547200	9.6	104270
13476	552139200	12.3	104270
13476	554817600	11.5	104270
13476	557496000	11	104270
13476	560088000	6.2	104270
13476	562766400	1.5	104270
13476	565358400	-0.2	104270
13476	568036800	0.4	104270
13476	570715200	-2.1	104270
13476	573220800	-1.5	104270
13476	575899200	3.9	104270
13476	578491200	10.5	104270
13476	581169600	10.4	104270
13476	583761600	12.1	104270
13476	586440000	12.9	104270
13476	589118400	9.2	104270
13476	591710400	6.5	104270
13476	594388800	0.6	104270
13476	596980800	0.7	104270
13476	599659200	0.8	104270
13476	602337600	0.8	104270
13476	604756800	3.6	104270
13476	607435200	2.6	104270
13476	610027200	10.8	104270
13476	612705600	11.5	104270
13476	615297600	13.6	104270
13476	617976000	13.2	104270
13476	620654400	11.1	104270
13476	623246400	7.7	104270
13476	625924800	1.8	104270
13476	628516800	1.3	104270
13476	631195200	-0.4	104270
13476	633873600	2.3	104270
13476	636292800	3.4	104270
13476	638971200	3.4	104270
13476	641563200	10.3	104270
13476	644241600	10.8	104270
13476	646833600	12.4	104270
13476	649512000	15	104270
13476	652190400	7.6	104270
13476	654782400	7.8	104270
13476	657460800	0.9	104270
13476	660052800	-2.4	104270
13476	662731200	-2.1	104270
13476	665409600	-5.2	104270
13476	667828800	3.8	104270
13476	670507200	3.3	104270
13476	673099200	5.5	104270
13476	675777600	8.3	104270
13476	678369600	15	104270
13476	681048000	14.3	104270
13476	683726400	11.6	104270
13476	686318400	5.2	104270
13476	688996800	1.5	104270
13476	691588800	-1	104270
13476	694267200	-0.9	104270
13476	696945600	0.4	104270
13476	699451200	1.3	104270
13476	702129600	3.8	104270
13476	704721600	10.9	104270
13476	707400000	13	104270
13476	709992000	14.5	104270
13476	712670400	14.6	104270
13476	715348800	10.2	104270
13476	717940800	2.8	104270
13476	720619200	2	104270
13476	723211200	0	104270
13476	725889600	-0.4	104270
13476	728568000	-1.2	104270
13476	730987200	0.8	104270
13476	733665600	7.2	104270
13476	736257600	10.8	104270
13476	738936000	11.8	104270
13476	741528000	12	104270
13476	744206400	11.4	104270
13476	746884800	8.6	104270
13476	749476800	4.6	104270
13476	752155200	-1.9	104270
13476	754747200	-0.5	104270
13476	757425600	-0.8	104270
13476	760104000	-3.3	104270
13476	762523200	2.2	104270
13476	765201600	4.1	104270
13476	767793600	8.5	104270
13476	770472000	11.7	104270
13476	773064000	17.7	104270
13476	775742400	13.4	104270
13476	778420800	9.2	104270
13476	781012800	5.1	104270
13476	783691200	5	104270
13476	786283200	0.5	104270
13476	788961600	-3	104270
13476	791640000	0.6	104270
13476	794059200	-1.1	104270
13476	796737600	4.5	104270
13476	799329600	8.8	104270
13476	802008000	10.4	104270
13476	804600000	16.7	104270
13476	807278400	15.3	104270
13476	809956800	8.6	104270
13476	812548800	9.3	104270
13476	815227200	0.9	104270
13476	817819200	-4.1	104270
13476	820497600	-4	104270
13476	823176000	-4.5	104270
13476	825681600	-2.6	104270
13476	828360000	5.1	104270
13476	830952000	6.3	104270
13476	833630400	11.2	104270
13476	836222400	11.5	104270
13476	838900800	12.9	104270
13476	841579200	7.2	104270
13476	844171200	6.1	104270
13476	846849600	0.3	104270
13476	849441600	-4.3	104270
13476	852120000	-3.3	104270
13476	854798400	0.4	104270
13476	857217600	3.1	104270
13476	859896000	2.6	104270
13476	862488000	8.6	104270
13476	865166400	11.2	104270
13476	867758400	12.7	104270
13476	870436800	16.2	104270
13476	873115200	10.7	104270
13476	875707200	4.3	104270
13476	878385600	1.3	104270
13476	880977600	-1.2	104270
13476	883656000	-1.1	104270
13476	886334400	1.4	104270
13476	888753600	1.4	104270
13476	891432000	4.3	104270
13476	894024000	10.2	104270
13476	896702400	11.9	104270
13476	899294400	11.4	104270
13476	901972800	12.3	104270
13476	904651200	9.7	104270
13476	907243200	4.2	104270
13476	909921600	-1.8	104270
13476	912513600	-1.7	104270
13476	915192000	-0.1	104270
13476	917870400	-3.1	104270
13476	920289600	2	104270
13476	922968000	5.1	104270
13476	925560000	9.8	104270
13476	928238400	10.7	104270
13476	930830400	14.8	104270
13476	933508800	12.9	104270
13476	936187200	13.8	104270
13476	938779200	5.3	104270
13476	941457600	0.4	104270
13476	944049600	-1.6	104270
13476	946728000	-2.1	104270
13476	949406400	-0.3	104270
13476	951912000	1.4	104270
13476	954590400	6.4	104270
13476	957182400	11.2	104270
13476	959860800	12.8	104270
13476	962452800	10.4	104270
13476	965131200	14	104270
13476	967809600	10.8	104270
13476	970401600	6.7	104270
13476	973080000	2.4	104270
13476	975672000	0.5	104270
13476	978350400	-2.2	104270
13476	981028800	-0.5	104270
13476	983448000	0.2	104270
13476	986126400	2.7	104270
13476	988718400	11	104270
13476	991396800	10.6	104270
13476	993988800	14.6	104270
13476	996667200	14.8	104270
13476	999345600	7.7	104270
13476	1001937600	9.9	104270
13476	1004616000	0.9	104270
13476	1007208000	-2.8	104270
13476	1009886400	-0.6	104270
13476	1012564800	1.1	104270
13476	1014984000	2	104270
13476	1017662400	4	104270
13476	1020254400	9.5	104270
13476	1022932800	12.9	104270
13476	1025524800	13.2	104270
13476	1028203200	15	104270
13476	1030881600	9.5	104270
13476	1033473600	4.5	104270
13476	1036152000	3.3	104270
13476	1038744000	-1.7	104270
13476	1041422400	-3.5	104270
13476	1044100800	-2.9	104270
13476	1046520000	3.1	104270
13476	1049198400	4.8	104270
13476	1051790400	9.9	104270
13476	1054468800	15.2	104270
13476	1057060800	14.6	104270
13476	1059739200	17.2	104270
13476	1062417600	11.1	104270
13476	1065009600	2.5	104270
13476	1067688000	3.7	104270
13476	1070280000	-0.4	104270
13476	1072958400	-3.2	104270
13476	1075636800	-1.2	104270
13476	1078142400	0.2	104270
13476	1080820800	5.6	104270
13476	1083412800	7.2	104270
13476	1086091200	11	104270
13476	1088683200	12.4	104270
13476	1091361600	14.7	104270
13476	1094040000	10.5	104270
13476	1096632000	6.5	104270
13476	1099310400	0.9	104270
13476	1101902400	-0.5	104270
13476	1104580800	-1.5	104270
13476	1107259200	-4.4	104270
13476	1109678400	0.8	104270
13476	1112356800	6.1	104270
13476	1114948800	8.6	104270
13476	1117627200	12.5	104270
13476	1120219200	13.8	104270
13476	1122897600	11.7	104270
13476	1125576000	12.3	104270
13476	1128168000	9.1	104270
13476	1130846400	1.5	104270
13476	1133438400	-2.2	104270
13476	1136116800	-3.4	104270
13476	1138795200	-3	104270
13476	1141214400	-2.2	104270
13476	1143892800	3.6	104270
13476	1146484800	9.2	104270
13476	1149163200	13.1	104270
13476	1151755200	18.7	104270
13476	1154433600	11.1	104270
13476	1157112000	14.2	104270
13476	1159704000	9.2	104270
13476	1162382400	3.9	104270
13476	1164974400	1.8	104270
13476	1167652800	0.7	104270
13476	1170331200	0.8	104270
13476	1172750400	2.6	104270
13476	1175428800	9.1	104270
13476	1178020800	10.4	104270
13476	1180699200	13.3	104270
13476	1183291200	12.8	104270
13476	1185969600	12.8	104270
13476	1188648000	8.9	104270
13476	1191240000	5.4	104270
13476	1193918400	0.6	104270
13476	1196510400	-0.2	104270
13476	1199188800	0.3	104270
13476	1201867200	1.3	104270
13476	1204372800	-0.3	104270
13476	1207051200	3.3	104270
13476	1209643200	11.5	104270
13476	1212321600	13	104270
13476	1214913600	14	104270
13476	1217592000	13.2	104270
13476	1220270400	8.8	104270
13476	1222862400	5.7	104270
13476	1225540800	2	104270
13476	1228132800	-1.8	104270
13476	1230811200	-3.6	104270
13476	1233489600	-2.3	104270
13476	1235908800	0.5	104270
13476	1238587200	9.1	104270
13476	1241179200	9.9	104270
13476	1243857600	10.7	104270
13476	1246449600	13.9	104270
13476	1249128000	15.2	104270
13476	1251806400	11.3	104270
13476	1254398400	5	104270
13476	1257076800	4.1	104270
13476	1259668800	-2.8	104270
13476	1262347200	-6	104270
13476	1265025600	-3.6	104270
13476	1267444800	0.3	104270
13476	1270123200	5.6	104270
13476	1272715200	6	104270
13476	1275393600	13	104270
13476	1277985600	17	104270
13476	1280664000	12.5	104270
13476	1283342400	8.6	104270
13476	1285934400	5.4	104270
13476	1288612800	1.1	104270
13476	1291204800	-6.2	104270
13476	1293883200	-1.6	104270
13476	1296561600	-1.5	104270
13476	1298980800	2.6	104270
13476	1301659200	9.2	104270
13476	1304251200	10.7	104270
13476	1306929600	12.3	104270
13476	1309521600	11.5	104270
13476	1312200000	13.6	104270
13476	1314878400	12.2	104270
13476	1317470400	6.8	104270
13476	1320148800	5.3	104270
13476	1322740800	0	104270
13476	1325419200	-1.4	104270
13476	1328097600	-5.4	104270
13476	1330603200	4.6	104270
13476	1333281600	3.9	104270
13476	1335873600	10.7	104270
13476	1338552000	10.6	104270
13476	1341144000	13.1	104270
13476	1343822400	15	104270
13476	1346500800	9.9	104270
13476	1349092800	6.4	104270
13476	1351771200	2.2	104270
13476	1354363200	-1.2	104270
13476	1357041600	-3.4	104270
13476	1359720000	-4.7	104270
13476	1362139200	-3.8	104270
13476	1364817600	3.9	104270
13476	1367409600	7.5	104270
13476	1370088000	11.5	104270
13476	1372680000	15.9	104270
13476	1375358400	14.6	104270
13476	1378036800	9.6	104270
13476	1380628800	7.2	104270
13476	1383307200	1.1	104270
13476	1385899200	1.4	104270
13476	1388577600	0	104270
13476	1391256000	0.5	104270
13476	1393675200	4.7	104270
13476	1396353600	7.8	104270
13476	1398945600	8.5	104270
13476	1401624000	11.6	104270
13476	1404216000	15.7	104270
13476	1406894400	11.6	104270
13476	1409572800	11.4	104270
13476	1412164800	8.8	104270
13476	1414843200	3.9	104270
13476	1417435200	-1.1	104270
13476	1420113600	-1.8	104270
13476	1422792000	-2.1	104270
13476	1425211200	1.5	104270
13476	1427889600	5.1	104270
13476	1430481600	8.3	104270
13477	-515419200	12.4	104380
13477	-512827200	9.1	104380
13477	-510148800	4.2	104380
13477	-507556800	2.3	104380
13477	-504878400	-3.2	104380
13477	-502200000	-2.2	104380
13477	-499780800	5.2	104380
13477	-497102400	6.9	104380
13477	-494510400	13	104380
13477	-491832000	16	104380
13477	-489240000	13.9	104380
13477	-486561600	15.2	104380
13477	-483883200	12.6	104380
13477	-481291200	9.3	104380
13477	-478612800	3.5	104380
13477	-476020800	2.9	104380
13477	-473342400	-2.5	104380
13477	-470664000	-1.8	104380
13477	-468244800	1.3	104380
13477	-465566400	7.8	104380
13477	-462974400	10.5	104380
13477	-460296000	15	104380
13477	-457704000	17.1	104380
13477	-455025600	15.9	104380
13477	-452347200	12.4	104380
13477	-449755200	7	104380
13477	-447076800	3	104380
13477	-444484800	1.6	104380
13477	-441806400	-0.2	104380
13477	-439128000	-9.2	104380
13477	-436622400	4.2	104380
13477	-433944000	6.1	104380
13477	-431352000	13.4	104380
13477	-428673600	13.1	104380
13477	-426081600	16.8	104380
13477	-423403200	13.6	104380
13477	-420724800	12.7	104380
13477	-418132800	7.4	104380
13477	-415454400	2.6	104380
13477	-412862400	2.1	104380
13477	-410184000	0.3	104380
13477	-407505600	4.1	104380
13477	-405086400	7.5	104380
13477	-402408000	8.8	104380
13477	-399816000	10.2	104380
13477	-397137600	17	104380
13477	-394545600	17.6	104380
13477	-391867200	14.4	104380
13477	-389188800	11.2	104380
13477	-386596800	8.5	104380
13477	-383918400	4.3	104380
13477	-381326400	-0.2	104380
13477	-378648000	-0.2	104380
13477	-375969600	2.5	104380
13477	-373550400	0.5	104380
13477	-370872000	6.4	104380
13477	-368280000	13.5	104380
13477	-365601600	14.7	104380
13477	-363009600	16.8	104380
13477	-360331200	16.9	104380
13477	-357652800	14	104380
13477	-355060800	8.9	104380
13477	-352382400	3.9	104380
13477	-349790400	2.4	104380
13477	-347112000	-0.2	104380
13477	-344433600	0.5	104380
13477	-342014400	7.4	104380
13477	-339336000	10.5	104380
13477	-336744000	13.6	104380
13477	-334065600	16.9	104380
13477	-331473600	20	104380
13477	-328795200	17.4	104380
13477	-326116800	13	104380
13477	-323524800	7.7	104380
13477	-320846400	2.8	104380
13477	-318254400	2.1	104380
13477	-315576000	0.1	104380
13477	-312897600	1.6	104380
13477	-310392000	5.5	104380
13477	-307713600	8.6	104380
13477	-305121600	13.3	104380
13477	-302443200	16.4	104380
13477	-299851200	15.1	104380
13477	-297172800	14.9	104380
13477	-294494400	12.1	104380
13477	-291902400	8.8	104380
13477	-289224000	5.9	104380
13477	-286632000	0.6	104380
13477	-283953600	-0.9	104380
13477	-281275200	5.1	104380
13477	-278856000	7	104380
13477	-276177600	11.3	104380
13477	-273585600	10.5	104380
13477	-270907200	16.2	104380
13477	-268315200	14.6	104380
13477	-265636800	15.5	104380
13477	-262958400	16.3	104380
13477	-260366400	9.9	104380
13477	-257688000	3.3	104380
13477	-255096000	-0.8	104380
13477	-252417600	2	104380
13477	-249739200	1	104380
13477	-247320000	0.8	104380
13477	-244641600	9.1	104380
13477	-242049600	10	104380
13477	-239371200	14.5	104380
13477	-236779200	14.8	104380
13477	-234100800	15	104380
13477	-231422400	11.8	104380
13477	-228830400	8.2	104380
13477	-226152000	1.8	104380
13477	-223560000	-3.7	104380
13477	-220881600	-7.7	104380
13477	-218203200	-5.6	104380
13477	-215784000	2.6	104380
13477	-213105600	8.7	104380
13477	-210513600	11.8	104380
13477	-207835200	15.7	104380
13477	-205243200	17.2	104380
13477	-202564800	15.3	104380
13477	-199886400	13.1	104380
13477	-197294400	6.9	104380
13477	-194616000	6.9	104380
13477	-192024000	-3.7	104380
13477	-189345600	-3	104380
13477	-186667200	0.6	104380
13477	-184161600	0.6	104380
13477	-181483200	8.4	104380
13477	-178891200	13.8	104380
13477	-176212800	17.2	104380
13477	-173620800	17.7	104380
13477	-170942400	15.6	104380
13477	-168264000	12.8	104380
13477	-165672000	6.7	104380
13477	-162993600	4.8	104380
13477	-160401600	0.3	104380
13477	-157723200	0.9	104380
13477	-155044800	-1.5	104380
13477	-152625600	2.3	104380
13477	-149947200	6.8	104380
13477	-147355200	11.6	104380
13477	-144676800	15.5	104380
13477	-142084800	14.3	104380
13477	-139406400	14.2	104380
13477	-136728000	12	104380
13477	-134136000	7.8	104380
13477	-131457600	0.6	104380
13477	-128865600	2.3	104380
13477	-126187200	-2.8	104380
13477	-123508800	3.8	104380
13477	-121089600	3.3	104380
13477	-118411200	9	104380
13477	-115819200	13	104380
13477	-113140800	16.5	104380
13477	-110548800	15	104380
13477	-107870400	15.3	104380
13477	-105192000	12.5	104380
13477	-102600000	10.6	104380
13477	-99921600	1.7	104380
13477	-97329600	1.8	104380
13477	-94651200	1.5	104380
13477	-91972800	2.9	104380
13477	-89553600	5.1	104380
13477	-86875200	6.5	104380
13477	-84283200	12.3	104380
13477	-81604800	14.7	104380
13477	-79012800	18.6	104380
13477	-76334400	15.9	104380
13477	-73656000	13.2	104380
13477	-71064000	10.7	104380
13477	-68385600	2.9	104380
13477	-65793600	0	104380
13477	-63115200	-1.6	104380
13477	-60436800	0.2	104380
13477	-57931200	4.1	104380
13477	-55252800	9	104380
13477	-52660800	10.8	104380
13477	-49982400	15.6	104380
13477	-47390400	16.1	104380
13477	-44712000	16.2	104380
13477	-42033600	13.2	104380
13477	-39441600	9.9	104380
13477	-36763200	3	104380
13477	-34171200	-2.2	104380
13477	-31492800	1.1	104380
13477	-28814400	-2.2	104380
13477	-26395200	0.3	104380
13477	-23716800	7.2	104380
13477	-21124800	13	104380
13477	-18446400	15.1	104380
13477	-15854400	18.5	104380
13477	-13176000	16.4	104380
13477	-10497600	12.7	104380
13477	-7905600	9.7	104380
13477	-5227200	4.6	104380
13477	-2635200	-4.9	104380
13477	43200	-2.8	104380
13477	2721600	-1.5	104380
13477	5140800	1.4	104380
13477	7819200	5.3	104380
13477	10411200	11.9	104380
13477	13089600	17.3	104380
13477	15681600	15.6	104380
13477	18360000	16.6	104380
13477	21038400	12.9	104380
13477	23630400	8.6	104380
13477	26308800	5.2	104380
13477	28900800	0.3	104380
13477	31579200	-1.6	104380
13477	34257600	1.5	104380
13477	36676800	1	104380
13477	39355200	8.6	104380
13477	41947200	14.2	104380
13477	44625600	14	104380
13477	47217600	17.7	104380
13477	49896000	17.4	104380
13477	52574400	11.7	104380
13477	55166400	8.3	104380
13477	57844800	3	104380
13477	60436800	3.3	104380
13477	63115200	-2.1	104380
13477	65793600	2.5	104380
13477	68299200	5.1	104380
13477	70977600	7	104380
13477	73569600	11.2	104380
13477	76248000	14.1	104380
13477	78840000	17.4	104380
13477	81518400	15.3	104380
13477	84196800	10.3	104380
13477	86788800	6.3	104380
13477	89467200	3.5	104380
13477	92059200	0.4	104380
13477	94737600	0	104380
13477	97416000	0.5	104380
13477	99835200	4	104380
13477	102513600	5	104380
13477	105105600	12.4	104380
13477	107784000	16.4	104380
13477	110376000	17.2	104380
13477	113054400	18.2	104380
13477	115732800	14.3	104380
13477	118324800	7.1	104380
13477	121003200	3.2	104380
13477	123595200	-0.4	104380
13477	126273600	3.4	104380
13477	128952000	2.9	104380
13477	131371200	5.8	104380
13477	134049600	8.6	104380
13477	136641600	11	104380
13477	139320000	14	104380
13477	141912000	14.9	104380
13477	144590400	16.6	104380
13477	147268800	12.6	104380
13477	149860800	5.1	104380
13477	152539200	4.9	104380
13477	155131200	4.8	104380
13477	157809600	4.7	104380
13477	160488000	1.1	104380
13477	162907200	3.7	104380
13477	165585600	7	104380
13477	168177600	11.6	104380
13477	170856000	14.8	104380
13477	173448000	18.6	104380
13477	176126400	19.3	104380
13477	178804800	15.1	104380
13477	181396800	6.8	104380
13477	184075200	3	104380
13477	186667200	1	104380
13477	189345600	1.5	104380
13477	192024000	0.4	104380
13477	194529600	1.5	104380
13477	197208000	7	104380
13477	199800000	13	104380
13477	202478400	17.7	104380
13477	205070400	19.8	104380
13477	207748800	16.1	104380
13477	210427200	12.6	104380
13477	213019200	9.3	104380
13477	215697600	4.7	104380
13477	218289600	-1.1	104380
13477	220968000	0.7	104380
13477	223646400	2.8	104380
13477	226065600	6.1	104380
13477	228744000	5.5	104380
13477	231336000	11.8	104380
13477	234014400	15.3	104380
13477	236606400	16	104380
13477	239284800	14.9	104380
13477	241963200	11.2	104380
13477	244555200	9.2	104380
13477	247233600	3.9	104380
13477	249825600	0.9	104380
13477	252504000	0.8	104380
13477	255182400	-1.3	104380
13477	257601600	4.9	104380
13477	260280000	6.8	104380
13477	262872000	11.5	104380
13477	265550400	14.2	104380
13477	268142400	15	104380
13477	270820800	14.8	104380
13477	273499200	11.7	104380
13477	276091200	9.1	104380
13477	278769600	3.1	104380
13477	281361600	0.2	104380
13477	284040000	-4.8	104380
13477	286718400	-2.4	104380
13477	289137600	3.1	104380
13477	291816000	6.3	104380
13477	294408000	11.9	104380
13477	297086400	16	104380
13477	299678400	14.7	104380
13477	302356800	14.6	104380
13477	305035200	12.9	104380
13477	307627200	9.1	104380
13477	310305600	3	104380
13477	312897600	3.8	104380
13477	315576000	-2.3	104380
13477	318254400	2.7	104380
13477	320760000	3.4	104380
13477	323438400	6.4	104380
13477	326030400	11	104380
13477	328708800	14	104380
13477	331300800	14.6	104380
13477	333979200	16.2	104380
13477	336657600	13.8	104380
13477	339249600	7.4	104380
13477	341928000	2.6	104380
13477	344520000	0.3	104380
13477	347198400	-1.5	104380
13477	349876800	-0.8	104380
13477	352296000	7.4	104380
13477	354974400	8.4	104380
13477	357566400	13.5	104380
13477	360244800	15.3	104380
13477	362836800	16.4	104380
13477	365515200	16.6	104380
13477	368193600	14.2	104380
13477	370785600	7.9	104380
13477	373464000	4.7	104380
13477	376056000	-2	104380
13477	378734400	-2.4	104380
13477	381412800	0.5	104380
13477	383832000	4.5	104380
13477	386510400	7.2	104380
13477	389102400	13	104380
13477	391780800	16.6	104380
13477	394372800	19.9	104380
13477	397051200	18.1	104380
13477	399729600	16.6	104380
13477	402321600	10	104380
13477	4.05e+08	6.4	104380
13477	407592000	2.2	104380
13477	410270400	4	104380
13477	412948800	-1.3	104380
13477	415368000	5.1	104380
13477	418046400	9	104380
13477	420638400	11.1	104380
13477	423316800	16.8	104380
13477	425908800	20.7	104380
13477	428587200	19.1	104380
13477	431265600	13.8	104380
13477	433857600	9.3	104380
13477	436536000	3.4	104380
13477	439128000	1	104380
13477	441806400	1.1	104380
13477	444484800	0.5	104380
13477	446990400	2.7	104380
13477	449668800	7.1	104380
13477	452260800	10.8	104380
13477	454939200	14	104380
13477	457531200	15.9	104380
13477	460209600	17.4	104380
13477	462888000	12.4	104380
13477	465480000	10.2	104380
13477	468158400	5.5	104380
13477	470750400	1.9	104380
13477	473428800	-5.1	104380
13477	476107200	-2.6	104380
13477	478526400	3.3	104380
13477	481204800	7.8	104380
13477	483796800	14	104380
13477	486475200	13.3	104380
13477	489067200	17.2	104380
13477	491745600	16	104380
13477	494424000	13.5	104380
13477	497016000	9	104380
13477	499694400	0.5	104380
13477	502286400	3.9	104380
13477	504964800	0.6	104380
13477	507643200	-6.1	104380
13477	510062400	3.7	104380
13477	512740800	6.1	104380
13477	515332800	14.3	104380
13477	518011200	16.5	104380
13477	520603200	17.4	104380
13477	523281600	16.5	104380
13477	525960000	11.1	104380
13477	528552000	10.2	104380
13477	531230400	6.1	104380
13477	533822400	2.3	104380
13477	536500800	-5.9	104380
13477	539179200	-0.3	104380
13477	541598400	-0.4	104380
13477	544276800	10.1	104380
13477	546868800	9.8	104380
13477	549547200	13.8	104380
13477	552139200	16.9	104380
13477	554817600	15.7	104380
13477	557496000	14.6	104380
13477	560088000	9.5	104380
13477	562766400	4.9	104380
13477	565358400	2.2	104380
13477	568036800	3.9	104380
13477	570715200	2.4	104380
13477	573220800	3	104380
13477	575899200	8.2	104380
13477	578491200	15	104380
13477	581169600	15.1	104380
13477	583761600	17	104380
13477	586440000	17.6	104380
13477	589118400	13.4	104380
13477	591710400	9.9	104380
13477	594388800	3.3	104380
13477	596980800	3.7	104380
13477	599659200	2.3	104380
13477	602337600	2.8	104380
13477	604756800	7.2	104380
13477	607435200	7.2	104380
13477	610027200	14.7	104380
13477	612705600	15.9	104380
13477	615297600	18	104380
13477	617976000	17.6	104380
13477	620654400	14.9	104380
13477	623246400	10.8	104380
13477	625924800	3.4	104380
13477	628516800	3	104380
13477	631195200	2.8	104380
13477	633873600	6	104380
13477	636292800	7.4	104380
13477	638971200	7.7	104380
13477	641563200	14.3	104380
13477	644241600	15.3	104380
13477	646833600	17	104380
13477	649512000	19.1	104380
13477	652190400	11.8	104380
13477	654782400	10.6	104380
13477	657460800	4.8	104380
13477	660052800	1	104380
13477	662731200	1.6	104380
13477	665409600	-2.4	104380
13477	667828800	7	104380
13477	670507200	7.5	104380
13477	673099200	9.9	104380
13477	675777600	13.2	104380
13477	678369600	19.6	104380
13477	681048000	18.5	104380
13477	683726400	15.4	104380
13477	686318400	8.7	104380
13477	688996800	4	104380
13477	691588800	1	104380
13477	694267200	1.4	104380
13477	696945600	3.1	104380
13477	699451200	5.1	104380
13477	702129600	8.2	104380
13477	704721600	15.2	104380
13477	707400000	17.2	104380
13477	709992000	18.8	104380
13477	712670400	18.7	104380
13477	715348800	13.6	104380
13477	717940800	6.6	104380
13477	720619200	5.7	104380
13477	723211200	1.6	104380
13477	725889600	2.2	104380
13477	728568000	-1.4	104380
13477	730987200	4.6	104380
13477	733665600	11.6	104380
13477	736257600	15.2	104380
13477	738936000	16.4	104380
13477	741528000	16.7	104380
13477	744206400	15.9	104380
13477	746884800	12.3	104380
13477	749476800	8	104380
13477	752155200	0.5	104380
13477	754747200	3.4	104380
13477	757425600	3	104380
13477	760104000	0.2	104380
13477	762523200	6.6	104380
13477	765201600	8.8	104380
13477	767793600	12.9	104380
13477	770472000	16.4	104380
13477	773064000	22	104380
13477	775742400	17.9	104380
13477	778420800	13.2	104380
13477	781012800	7.7	104380
13477	783691200	7.3	104380
13477	786283200	4	104380
13477	788961600	0.2	104380
13477	791640000	4.7	104380
13477	794059200	3.4	104380
13477	796737600	9.3	104380
13477	799329600	12.5	104380
13477	802008000	14.6	104380
13477	804600000	20.7	104380
13477	807278400	19.1	104380
13477	809956800	12.7	104380
13477	812548800	12.1	104380
13477	815227200	3.2	104380
13477	817819200	-1.5	104380
13477	820497600	-2.8	104380
13477	823176000	-1.4	104380
13477	825681600	1.8	104380
13477	828360000	9.1	104380
13477	830952000	10.8	104380
13477	833630400	15.2	104380
13477	836222400	15.8	104380
13477	838900800	17.2	104380
13477	841579200	11.2	104380
13477	844171200	9.2	104380
13477	846849600	4.5	104380
13477	849441600	-2.2	104380
13477	852120000	-2.5	104380
13477	854798400	4.5	104380
13477	857217600	6.7	104380
13477	859896000	6.9	104380
13477	862488000	12.8	104380
13477	865166400	15.9	104380
13477	867758400	17.2	104380
13477	870436800	20.2	104380
13477	873115200	14.2	104380
13477	875707200	7.8	104380
13477	878385600	4.5	104380
13477	880977600	2.4	104380
13477	883656000	2.7	104380
13477	886334400	4.7	104380
13477	888753600	5.8	104380
13477	891432000	9	104380
13477	894024000	14.5	104380
13477	896702400	16.4	104380
13477	899294400	16.2	104380
13477	901972800	16.8	104380
13477	904651200	13.4	104380
13477	907243200	8.2	104380
13477	909921600	2	104380
13477	912513600	1.4	104380
13477	915192000	3.3	104380
13477	917870400	1	104380
13477	920289600	6	104380
13477	922968000	9.3	104380
13477	925560000	13.9	104380
13477	928238400	15.6	104380
13477	930830400	19.5	104380
13477	933508800	17.1	104380
13477	936187200	17.3	104380
13477	938779200	9	104380
13477	941457600	3.8	104380
13477	944049600	2.6	104380
13477	946728000	1.5	104380
13477	949406400	4.1	104380
13477	951912000	6	104380
13477	954590400	10.7	104380
13477	957182400	15	104380
13477	959860800	16.9	104380
13477	962452800	14.9	104380
13477	965131200	17.8	104380
13477	967809600	14.3	104380
13477	970401600	10.2	104380
13477	973080000	6.2	104380
13477	975672000	3.1	104380
13477	978350400	0.9	104380
13477	981028800	3	104380
13477	983448000	4.1	104380
13477	986126400	7.4	104380
13477	988718400	14.7	104380
13477	991396800	14.3	104380
13477	993988800	18.8	104380
13477	996667200	18.9	104380
13477	999345600	11.8	104380
13477	1001937600	12.3	104380
13477	1004616000	4.2	104380
13477	1007208000	0.3	104380
13477	1009886400	0.8	104380
13477	1012564800	5.3	104380
16526	1172750400	6.7	100350
16526	1175428800	10.2	100350
16526	1178020800	12.5	100350
16526	1180699200	16.3	100350
16526	1183291200	16.2	100350
16526	1185969600	17.1	100350
16526	1188648000	13.1	100350
16526	1191240000	8.8	100350
16526	1193918400	5	100350
16526	1196510400	3.4	100350
16526	1199188800	4.4	100350
16526	1201867200	4.4	100350
16526	1204372800	4.1	100350
16526	1207051200	7.5	100350
16526	1209643200	13.2	100350
16526	1212321600	15.4	100350
16526	1214913600	17.2	100350
16526	1217592000	16.4	100350
16526	1220270400	12.9	100350
16526	1222862400	9.3	100350
16526	1225540800	6.1	100350
16526	1228132800	2.5	100350
16526	1230811200	0.4	100350
16526	1233489600	1.1	100350
16526	1235908800	4.6	100350
16526	1238587200	10.3	100350
16526	1241179200	12.3	100350
16526	1243857600	13.8	100350
16526	1246449600	17.6	100350
16526	1249128000	17.7	100350
16526	1251806400	14.3	100350
16526	1254398400	7.9	100350
16526	1257076800	7.8	100350
16526	1259668800	0.7	100350
16526	1262347200	-3.3	100350
16526	1265025600	-1.3	100350
16526	1267444800	4	100350
16526	1270123200	7.9	100350
16526	1272715200	9.4	100350
16526	1275393600	14.8	100350
16526	1277985600	19.7	100350
16526	1280664000	16.3	100350
16526	1283342400	12.8	100350
16526	1285934400	9.1	100350
16526	1288612800	3.8	100350
16526	1291204800	-4.1	100350
16526	1293883200	0.6	100350
16526	1296561600	0.6	100350
16526	1298980800	3.6	100350
16526	1301659200	10.7	100350
16526	1304251200	12.3	100350
16526	1306929600	15.7	100350
16526	1309521600	16.1	100350
16526	1312200000	16.1	100350
16526	1314878400	14.2	100350
16526	1317470400	9.9	100350
16526	1320148800	5.9	100350
16526	1322740800	4.1	100350
16526	1325419200	2.6	100350
16526	1328097600	-0.5	100350
16526	1330603200	6.3	100350
16526	1333281600	6.7	100350
16526	1335873600	12.6	100350
16526	1338552000	13.4	100350
16526	1341144000	16.2	100350
16526	1343822400	17.1	100350
16526	1346500800	13	100350
16526	1349092800	9	100350
16526	1351771200	5.7	100350
16526	1354363200	0.6	100350
16526	1357041600	0.9	100350
16526	1359720000	0	100350
16526	1362139200	-0.4	100350
16526	1364817600	6.3	100350
16526	1367409600	12	100350
16526	1370088000	14.6	100350
16526	1372680000	18.1	100350
16526	1375358400	17.3	100350
16526	1378036800	13.2	100350
16526	1380628800	11.1	100350
16526	1383307200	5.6	100350
16526	1385899200	4.7	100350
16526	1388577600	1.8	100350
16526	1391256000	5	100350
16526	1393675200	6.4	100350
16526	1396353600	9.4	100350
16526	1398945600	12.3	100350
16526	1401624000	15.5	100350
16526	1404216000	19.9	100350
16526	1406894400	16	100350
16526	1409572800	15.4	100350
16526	1412164800	12.4	100350
16526	1414843200	7.1	100350
16526	1417435200	3.2	100350
16526	1420113600	2.5	100350
16526	1422792000	1.8	100350
16526	1425211200	5.1	100350
16526	1427889600	7.8	100350
16526	1430481600	10.4	100350
16530	-4494312000	18.3	104247
16530	-4491633600	17	104247
16530	-4489041600	12.8	104247
16530	-4486363200	4	104247
16530	-4483771200	6.7	104247
16530	-4481092800	2.8	104247
16530	-4478414400	3.4	104247
16530	-4475908800	6.8	104247
16530	-4473230400	12.3	104247
16530	-4470638400	15.5	104247
16530	-4467960000	19.3	104247
16530	-4465368000	20	104247
16530	-4462689600	17.5	104247
16530	-4460011200	16.4	104247
16530	-4457419200	11.5	104247
16530	-4454740800	7.3	104247
16530	-4452148800	5.2	104247
16530	-4449470400	-2.7	104247
16530	-4446792000	0.5	104247
16530	-4444372800	6	104247
16530	-4441694400	11.8	104247
16530	-4439102400	14.8	104247
16530	-4436424000	17.8	104247
16530	-4433832000	18.3	104247
16530	-4431153600	16.8	104247
16530	-4428475200	13.8	104247
16530	-4425883200	9.5	104247
16530	-4423204800	2.6	104247
16530	-4420612800	-3.6	104247
16530	-4417934400	-3.6	104247
16530	-4415256000	1.6	104247
16530	-4412836800	8.8	104247
16530	-4410158400	12.5	104247
16530	-4407566400	17.8	104247
16530	-4404888000	18.8	104247
16530	-4402296000	23.1	104247
16530	-4399617600	18.8	104247
16530	-4396939200	15.3	104247
16530	-4394347200	11.1	104247
16530	-4391668800	8	104247
16530	-4389076800	2.5	104247
16530	-4386398400	0.5	104247
16530	-4383720000	5.9	104247
16530	-4381300800	7.7	104247
16530	-4378622400	14	104247
16530	-4376030400	15.4	104247
16530	-4373352000	18	104247
16530	-4370760000	20.7	104247
16530	-4368081600	19.1	104247
16530	-4365403200	15.2	104247
16530	-4362811200	15.6	104247
16530	-4360132800	6.1	104247
16530	-4357540800	4.8	104247
16530	-4354862400	1.8	104247
16530	-4352184000	4.3	104247
16530	-4349678400	6.9	104247
16530	-4.347e+09	13.4	104247
16530	-4344408000	13.3	104247
16530	-4341729600	18.3	104247
16530	-4339137600	17.4	104247
16530	-4336459200	19.3	104247
16530	-4333780800	15.2	104247
16530	-4331188800	12.4	104247
16530	-4328510400	5	104247
16530	-4325918400	3.5	104247
16530	-4323240000	-1.1	104247
16530	-4320561600	6.4	104247
16530	-4318142400	4.5	104247
16530	-4315464000	10.6	104247
16530	-4312872000	19.3	104247
16530	-4310193600	20.1	104247
16530	-4307601600	18.7	104247
16530	-4304923200	15.9	104247
16530	-4302244800	14.4	104247
16530	-4299652800	11.3	104247
16530	-4296974400	6.5	104247
16530	-4294382400	6.4	104247
16530	-4291704000	6.5	104247
16530	-4289025600	4.9	104247
16530	-4286606400	7.3	104247
16530	-4283928000	9.5	104247
16530	-4281336000	18.1	104247
16530	-4278657600	19.4	104247
16530	-4276065600	21.8	104247
16530	-4273387200	21.1	104247
16530	-4270708800	17.3	104247
16530	-4268116800	11.1	104247
16530	-4265438400	6	104247
16530	-4262846400	3.9	104247
16530	-4260168000	2.8	104247
16530	-4257489600	4.9	104247
16530	-4255070400	6	104247
16530	-4252392000	10.5	104247
16530	-4249800000	13.8	104247
16530	-4247121600	19.4	104247
16530	-4244529600	21.5	104247
16530	-4241851200	18.9	104247
16530	-4239172800	16.6	104247
16530	-4236580800	10.2	104247
16530	-4233902400	3.8	104247
16530	-4231310400	1.7	104247
16530	-4228632000	2	104247
16530	-4225953600	2.7	104247
16530	-4223448000	8.5	104247
16530	-4220769600	9.5	104247
16530	-4218177600	13.8	104247
16530	-4215499200	18.9	104247
16530	-4212907200	19.2	104247
16530	-4210228800	17.7	104247
16530	-4207550400	13.4	104247
16530	-4204958400	12	104247
16530	-4202280000	5.2	104247
16530	-4199688000	3.9	104247
16530	-4197009600	2	104247
16530	-4194331200	3.7	104247
16530	-4191912000	2.3	104247
16530	-4189233600	6.9	104247
16530	-4186641600	12.3	104247
16530	-4183963200	17.8	104247
16530	-4181371200	18	104247
16530	-4178692800	19.3	104247
16530	-4176014400	14.2	104247
16530	-4173422400	11	104247
16530	-4170744000	4.5	104247
16530	-4168152000	2.5	104247
16530	-4165473600	-5.4	104247
16530	-4162795200	0.1	104247
16530	-4160376000	5.9	104247
16530	-4157697600	7.4	104247
16530	-4155105600	15	104247
16530	-4152427200	17.2	104247
16530	-4149835200	18.6	104247
16530	-4147156800	16	104247
16530	-4144478400	16.6	104247
16530	-4141886400	10.9	104247
16530	-4139208000	5.5	104247
16530	-4136616000	1.8	104247
16530	-4133937600	1	104247
16530	-4131259200	3.3	104247
16530	-4128840000	3.9	104247
16530	-4126161600	6.7	104247
16530	-4123569600	13.8	104247
16530	-4120891200	19.9	104247
16530	-4118299200	19.4	104247
16530	-4115620800	15.3	104247
16530	-4112942400	15.5	104247
16530	-4110350400	12.4	104247
16530	-4107672000	8.4	104247
16530	-4105080000	3.7	104247
16530	-4102401600	0.6	104247
16530	-4099723200	3.2	104247
16530	-4097217600	2.6	104247
16530	-4094539200	14	104247
16530	-4091947200	13.9	104247
16530	-4089268800	16.8	104247
16530	-4086676800	16.9	104247
16530	-4083998400	19	104247
16530	-4081320000	15.3	104247
16530	-4078728000	8.7	104247
16530	-4076049600	7.3	104247
16530	-4073457600	-2.3	104247
16530	-4070779200	0.3	104247
16530	-4068100800	0.1	104247
16530	-4065681600	8.6	104247
16530	-4063003200	11.9	104247
16530	-4060411200	19.3	104247
16530	-4057732800	15.6	104247
16530	-4055140800	16.1	104247
16530	-4052462400	18.5	104247
16530	-4049784000	18.5	104247
16530	-4047192000	11.3	104247
16530	-4044513600	6.8	104247
16530	-4041921600	4.5	104247
16530	-4039243200	-1.3	104247
16530	-4036564800	3.4	104247
16530	-4034145600	6.7	104247
16530	-4031467200	10.6	104247
16530	-4028875200	16.5	104247
16530	-4026196800	18.8	104247
16530	-4023604800	18.9	104247
16530	-4020926400	23.1	104247
16530	-4018248000	16.1	104247
16530	-4015656000	8.7	104247
16530	-4012977600	3.5	104247
16530	-4010385600	5.1	104247
16530	-4007707200	2.5	104247
16530	-4005028800	3.5	104247
16530	-4002609600	6.4	104247
16530	-3999931200	11.8	104247
16530	-3997339200	14.4	104247
16530	-3994660800	15.5	104247
16530	-3992068800	17.9	104247
16530	-3989390400	19.6	104247
16530	-3986712000	16	104247
16530	-3984120000	10.6	104247
16530	-3981441600	6.7	104247
16530	-3978849600	4.2	104247
16530	-3976171200	0.6	104247
16530	-3973492800	0.4	104247
16530	-3970987200	4.5	104247
16530	-3968308800	13.3	104247
16530	-3965716800	14.4	104247
16530	-3963038400	18	104247
16530	-3960446400	16.6	104247
16530	-3957768000	16	104247
16530	-3955089600	16	104247
16530	-3952497600	10.8	104247
16530	-3949819200	6.8	104247
16530	-3947227200	-1.2	104247
16530	-3944548800	1.7	104247
16530	-3941870400	-3.3	104247
16530	-3939451200	-1	104247
16530	-3936772800	12.2	104247
16530	-3934180800	12.6	104247
16530	-3931502400	19.8	104247
16530	-3928910400	19.8	104247
16530	-3926232000	16.5	104247
16530	-3923553600	15	104247
16530	-3920961600	11.1	104247
16530	-3918283200	8.5	104247
16530	-3915691200	4.1	104247
16530	-3913012800	4.3	104247
16530	-3910334400	6.3	104247
16530	-3907915200	8.3	104247
16530	-3905236800	10.4	104247
16530	-3902644800	14.5	104247
16530	-3899966400	21.3	104247
16530	-3897374400	20.9	104247
16530	-3894696000	21.8	104247
16530	-3892017600	15.3	104247
16530	-3889425600	13.1	104247
16530	-3886747200	5.6	104247
16530	-3884155200	-2.1	104247
16530	-3881476800	-0.2	104247
16530	-3878798400	1.3	104247
16530	-3876379200	1.5	104247
16530	-3873700800	7.6	104247
16530	-3871108800	18.5	104247
16530	-3868430400	16.3	104247
16530	-3865838400	20.5	104247
16530	-3863160000	20.3	104247
16530	-3860481600	13	104247
16530	-3857889600	11	104247
16530	-3855211200	7.8	104247
16530	-3852619200	1	104247
16530	-3849940800	-3.9	104247
16530	-3847262400	5.6	104247
16530	-3844756800	7.2	104247
16530	-3842078400	12.2	104247
16530	-3839486400	17.5	104247
16530	-3836808000	18.9	104247
16530	-3834216000	18.8	104247
16530	-3831537600	17	104247
16530	-3828859200	14.6	104247
16530	-3826267200	10.6	104247
16530	-3823588800	5.8	104247
16530	-3820996800	4.4	104247
16530	-3818318400	1.5	104247
16530	-3815640000	5.2	104247
16530	-3813220800	4.8	104247
16530	-3810542400	9.5	104247
16530	-3807950400	16.6	104247
16530	-3805272000	18.9	104247
16530	-3802680000	18.8	104247
16530	-3800001600	17.8	104247
16530	-3797323200	16.6	104247
16530	-3794731200	11.4	104247
16530	-3792052800	5	104247
16530	-3789460800	0.4	104247
16530	-3786782400	-3.4	104247
16530	-3784104000	5.3	104247
16530	-3781684800	5.3	104247
16530	-3779006400	12.5	104247
16530	-3776414400	14.6	104247
16530	-3773736000	18.8	104247
16530	-3771144000	15.4	104247
16530	-3768465600	18.2	104247
16530	-3765787200	14.8	104247
16530	-3763195200	8.8	104247
16530	-3760516800	7	104247
16530	-3757924800	2.2	104247
16530	-3755246400	4	104247
16530	-3752568000	3.3	104247
16530	-3750148800	5.7	104247
16530	-3747470400	9.6	104247
16530	-3744878400	11	104247
16530	-3742200000	18.2	104247
16530	-3739608000	18.3	104247
16530	-3736929600	18.8	104247
16530	-3734251200	13.9	104247
16530	-3731659200	12.5	104247
16530	-3728980800	2.5	104247
16530	-3726388800	3	104247
16531	1017662400	8.3	104380
16531	1020254400	13.5	104380
16531	1022932800	17.3	104380
16531	1025524800	17.3	104380
19238	-3250324800	0.5	104247
19238	-3247646400	5.8	104247
19238	-3245227200	2.1	104247
19238	-3242548800	8.2	104247
19238	-3239956800	11.7	104247
19238	-3237278400	14.2	104247
19238	-3234686400	15	104247
19238	-3232008000	16.2	104247
19238	-3229329600	14.2	104247
19238	-3226737600	8.6	104247
19238	-3224059200	4.4	104247
19238	-3221467200	-0.6	104247
19238	-3218788800	-0.3	104247
19238	-3216110400	4.4	104247
19238	-3213604800	4.4	104247
19238	-3210926400	7.2	104247
19238	-3208334400	16	104247
19238	-3205656000	16.1	104247
19238	-3203064000	18.6	104247
19238	-3200385600	18.1	104247
19238	-3197707200	15.1	104247
19238	-3195115200	8.6	104247
19238	-3192436800	3.6	104247
19238	-3189844800	6.8	104247
19238	-3187166400	1.1	104247
19238	-3184488000	6.1	104247
19238	-3182068800	1.4	104247
19238	-3179390400	10.6	104247
19238	-3176798400	12	104247
19238	-3174120000	12.4	104247
19238	-3171528000	18	104247
19238	-3168849600	14.4	104247
19238	-3166171200	14.9	104247
19238	-3163579200	7.9	104247
19238	-3160900800	4.2	104247
19238	-3158308800	0.6	104247
19238	-3155630400	1.1	104247
19238	-3152952000	-1.9	104247
19238	-3150532800	2.4	104247
19238	-3147854400	8.2	104247
19238	-3145262400	11.6	104247
19238	-3142584000	14.5	104247
19238	-3139992000	18.2	104247
19238	-3137313600	15.1	104247
19238	-3134635200	12.1	104247
19238	-3132043200	8	104247
19238	-3129364800	5.1	104247
19238	-3126772800	-3.4	104247
19238	-3124094400	-3.2	104247
19238	-3121416000	2.4	104247
19238	-3118996800	5.9	104247
19238	-3116318400	6.9	104247
19238	-3113726400	9.2	104247
19238	-3111048000	12.8	104247
19238	-3108456000	17	104247
19238	-3105777600	17	104247
19238	-3103099200	14.1	104247
19238	-3100507200	7	104247
19238	-3097828800	1.2	104247
19238	-3095236800	-1.5	104247
19238	-3092558400	3.1	104247
19238	-3089880000	4.9	104247
19238	-3087374400	5.8	104247
19238	-3084696000	9.1	104247
19238	-3082104000	11.6	104247
19238	-3079425600	15.1	104247
19238	-3076833600	18.4	104247
19238	-3074155200	15.4	104247
19238	-3071476800	14.4	104247
19238	-3068884800	9.9	104247
19238	-3066206400	7.1	104247
19238	-3063614400	5.2	104247
19238	-3060936000	4.2	104247
19238	-3058257600	0.2	104247
19238	-3055838400	5.5	104247
19238	-3053160000	6.9	104247
19238	-3050568000	9.4	104247
19238	-3047889600	15.8	104247
19238	-3045297600	18	104247
19238	-3042619200	17.4	104247
19238	-3039940800	12.5	104247
19238	-3037348800	9.4	104247
19238	-3034670400	5	104247
19238	-3032078400	2.6	104247
19238	-3029400000	3.5	104247
19238	-3026721600	1.6	104247
19238	-3024302400	4.5	104247
19238	-3021624000	9.1	104247
19238	-3019032000	8.6	104247
19238	-3016353600	14.5	104247
19238	-3013761600	18.5	104247
19238	-3011083200	14.6	104247
19238	-3008404800	15.4	104247
19238	-3005812800	10.4	104247
19238	-3003134400	2.7	104247
19238	-3000542400	-1	104247
19238	-2997864000	3.7	104247
19238	-2995185600	-2.3	104247
19238	-2992766400	1.6	104247
19238	-2990088000	6.8	104247
19238	-2987496000	12.5	104247
19238	-2984817600	16.8	104247
19238	-2982225600	17.8	104247
19238	-2979547200	18.2	104247
19238	-2976868800	13.6	104247
19238	-2974276800	7.8	104247
19238	-2971598400	3.2	104247
19238	-2969006400	0.4	104247
19238	-2966328000	-1.4	104247
19238	-2963649600	2.4	104247
19238	-2961144000	3.9	104247
19238	-2958465600	8.5	104247
19238	-2955873600	8.8	104247
19238	-2953195200	15.6	104247
19238	-2950603200	17.2	104247
19238	-2947924800	17.2	104247
19238	-2945246400	12.5	104247
19238	-2942654400	11.2	104247
19238	-2939976000	4	104247
19238	-2937384000	5.1	104247
19238	-2934705600	4.6	104247
19238	-2932027200	4.6	104247
19238	-2929608000	2.6	104247
19238	-2926929600	7.1	104247
19238	-2924337600	9.5	104247
19238	-2921659200	17.6	104247
19238	-2919067200	16.7	104247
19238	-2916388800	17	104247
19238	-2913710400	10.5	104247
19238	-2911118400	8.4	104247
19238	-2908440000	7.6	104247
19238	-2905848000	2.1	104247
19238	-2903169600	1.4	104247
19238	-2900491200	3.5	104247
19238	-2898072000	3.8	104247
19238	-2895393600	9	104247
19238	-2892801600	12.9	104247
19238	-2890123200	14.8	104247
19238	-2887531200	14.8	104247
19238	-2884852800	15.6	104247
19238	-2882174400	13.1	104247
19238	-2879582400	8.9	104247
19238	-2876904000	3.4	104247
19238	-2874312000	-0.1	104247
19238	-2871633600	-2.2	104247
19238	-2868955200	0.8	104247
19238	-2866536000	2.9	104247
19238	-2863857600	6.4	104247
19238	-2861265600	8.8	104247
19238	-2858587200	15	104247
19238	-2855995200	14.3	104247
19238	-2853316800	16	104247
19238	-2850638400	12.9	104247
19238	-2848046400	8.2	104247
19238	-2845368000	2.2	104247
19238	-2842776000	-5.4	104247
19238	-2840097600	-2.4	104247
19238	-2837419200	3.3	104247
19238	-2834913600	5.3	104247
19238	-2832235200	9.1	104247
19238	-2829643200	11.5	104247
19238	-2826964800	14.6	104247
19238	-2824372800	17.2	104247
19238	-2821694400	16.5	104247
19238	-2819016000	14.4	104247
19238	-2816424000	8.2	104247
19238	-2813745600	4.4	104247
19238	-2811153600	5.1	104247
19238	-2808475200	-4	104247
19238	-2805796800	2	104247
19238	-2803377600	3.9	104247
19238	-2800699200	6.5	104247
19238	-2798107200	12.1	104247
19238	-2795428800	15	104247
19238	-2792836800	18.8	104247
19238	-2790158400	15.3	104247
19238	-2787480000	12.9	104247
19238	-2784888000	5.3	104247
19238	-2782209600	7.9	104247
19238	-2779617600	2.1	104247
19238	-2776939200	1.6	104247
19238	-2774260800	3.2	104247
19238	-2771841600	6.7	104247
19238	-2769163200	8.4	104247
19238	-2766571200	12.3	104247
19238	-2763892800	14.5	104247
19238	-2761300800	16.7	104247
19238	-2758622400	14.8	104247
19238	-2755944000	13.1	104247
19238	-2753352000	10	104247
19238	-2750673600	5	104247
19238	-2748081600	2.5	104247
19238	-2745403200	2.1	104247
19238	-2742724800	4.3	104247
19238	-2740305600	-0.6	104247
19238	-2737627200	6.9	104247
19238	-2735035200	12.9	104247
19238	-2732356800	16	104247
19238	-2729764800	16	104247
19238	-2727086400	15.8	104247
19238	-2724408000	13.3	104247
19238	-2721816000	9.1	104247
19238	-2719137600	5.8	104247
19238	-2716545600	2	104247
19238	-2713867200	4.6	104247
19238	-2711188800	4.4	104247
19238	-2708683200	6.1	104247
19238	-2706004800	7	104247
19238	-2703412800	12.7	104247
19238	-2700734400	12.9	104247
19238	-2698142400	17.8	104247
19238	-2695464000	17.4	104247
19238	-2692785600	14.6	104247
19238	-2690193600	8.4	104247
19238	-2687515200	3.2	104247
19238	-2684923200	2.7	104247
19238	-2682244800	-0.3	104247
19238	-2679566400	5.6	104247
19238	-2677147200	3.1	104247
19238	-2674468800	9.6	104247
19238	-2671876800	9.6	104247
19238	-2669198400	16.2	104247
19238	-2666606400	16.6	104247
19238	-2663928000	14.1	104247
19238	-2661249600	12.8	104247
19238	-2658657600	8.1	104247
19238	-2655979200	3.9	104247
19238	-2653387200	1	104247
19238	-2650708800	0.7	104247
19238	-2648030400	-1.9	104247
19238	-2645611200	2.3	104247
19238	-2642932800	8.9	104247
19238	-2640340800	12.7	104247
19238	-2637662400	14.2	104247
19238	-2635070400	17	104247
19238	-2632392000	16.7	104247
19238	-2629713600	15	104247
19238	-2627121600	10.8	104247
19238	-2624443200	6.6	104247
19238	-2621851200	1.9	104247
19238	-2619172800	-1.6	104247
19238	-2616494400	1	104247
19238	-2614075200	1.3	104247
19238	-2611396800	7.1	104247
19238	-2608804800	10	104247
19238	-2606126400	15.6	104247
19238	-2603534400	18.6	104247
19238	-2600856000	15.2	104247
19238	-2598177600	11.8	104247
19238	-2595585600	5.6	104247
19238	-2592907200	4	104247
19238	-2590315200	0.3	104247
19238	-2587636800	-0.3	104247
19238	-2584958400	-2	104247
19238	-2582452800	1.9	104247
19238	-2579774400	6	104247
19238	-2577182400	11.8	104247
19238	-2574504000	15.9	104247
19238	-2571912000	14.4	104247
19238	-2569233600	14.8	104247
19238	-2566555200	12.2	104247
19238	-2563963200	7	104247
19238	-2561284800	5.3	104247
19238	-2558692800	3	104247
19238	-2556014400	-0.4	104247
19238	-2553336000	-1.6	104247
19238	-2550916800	1.4	104247
19238	-2548238400	7.7	104247
19238	-2545646400	16.4	104247
19238	-2542968000	18.8	104247
19238	-2540376000	16	104247
19238	-2537697600	15	104247
19238	-2535019200	11.2	104247
19238	-2532427200	9.1	104247
19238	-2529748800	3.5	104247
19238	-2527156800	-0.7	104247
19238	-2524478400	3.9	104247
19238	-2521800000	-0.9	104247
19238	-2519380800	5.1	104247
19238	-2516702400	6.4	104247
19238	-2514110400	13.5	104247
19238	-2511432000	13.7	104247
19238	-2508840000	15	104247
19238	-2506161600	16.1	104247
19238	-2503483200	13.8	104247
19238	-2500891200	7.8	104247
19238	-2498212800	3.9	104247
19238	-2495620800	-5.3	104247
19238	-2492942400	-3.1	104247
19238	-2490264000	1.3	104247
19238	-2487844800	3.3	104247
19238	-2485166400	5.4	104247
19238	-2482574400	13	104247
19238	-2479896000	15	104247
19238	-2477304000	15.8	104247
19238	-2474625600	15.1	104247
19238	-2471947200	14.1	104247
19238	-2469355200	11	104247
19238	-2466676800	3.8	104247
19238	-2464084800	3.1	104247
19238	-2461406400	0.6	104247
19238	-2458728000	1.8	104247
19238	-2456222400	1.2	104247
19238	-2453544000	7.2	104247
19238	-2450952000	12.8	104247
19238	-2448273600	14.8	104247
19238	-2445681600	15.7	104247
19238	-2443003200	17.8	104247
19238	-2440324800	13.5	104247
19238	-2437732800	8.3	104247
19238	-2435054400	5.5	104247
19238	-2432462400	-0.7	104247
19238	-2429784000	-4.5	104247
19238	-2427105600	3.5	104247
19238	-2424686400	5.3	104247
19238	-2422008000	10.3	104247
19238	-2419416000	13.1	104247
19238	-2416737600	16	104247
19238	-2414145600	17.2	104247
19238	-2411467200	16.8	104247
19238	-2408788800	12.5	104247
19238	-2406196800	10.5	104247
19238	-2403518400	2.7	104247
19238	-2400926400	2.3	104247
19238	-2398248000	0.3	104247
19238	-2395569600	2.5	104247
19238	-2393150400	5.4	104247
19238	-2390472000	11.4	104247
19238	-2387880000	11.5	104247
19238	-2385201600	14	104247
19238	-2382609600	17.4	104247
19238	-2379931200	15.4	104247
19238	-2377252800	10.9	104247
19238	-2374660800	8.4	104247
19238	-2371982400	5.9	104247
19238	-2369390400	2.6	104247
19238	-2366712000	-2.7	104247
19238	-2364033600	-5.9	104247
19238	-2361614400	2.2	104247
19238	-2358936000	9	104247
19238	-2356344000	12	104247
19238	-2353665600	15.8	104247
19238	-2351073600	16.9	104247
19238	-2348395200	16.4	104247
19238	-2345716800	15.2	104247
19238	-2343124800	7.4	104247
19238	-2340446400	6.3	104247
19238	-2337854400	0.6	104247
19238	-2335176000	0.7	104247
19238	-2332497600	1.4	104247
19238	-2329992000	6.3	104247
19238	-2327313600	6.7	104247
19238	-2324721600	10.7	104247
19238	-2322043200	16.8	104247
19238	-2319451200	16.4	104247
19238	-2316772800	14.1	104247
19238	-2314094400	13.2	104247
19238	-2311502400	8.9	104247
19238	-2308824000	1.7	104247
19238	-2306232000	1.6	104247
19238	-2303553600	-1.2	104247
19238	-2300875200	2.5	104247
19238	-2298456000	5.8	104247
19238	-2295777600	7.6	104247
19238	-2293185600	11.1	104247
19238	-2290507200	17.3	104247
19238	-2287915200	16.7	104247
19238	-2285236800	17.4	104247
19238	-2282558400	12.5	104247
19238	-2279966400	8.6	104247
19238	-2277288000	4.4	104247
19238	-2274696000	2.8	104247
19238	-2272017600	4.1	104247
19238	-2269339200	2	104247
19238	-2266920000	2.9	104247
19238	-2264241600	8	104247
19238	-2261649600	11.3	104247
19238	-2258971200	15	104247
19238	-2256379200	14.2	104247
19238	-2253700800	18.6	104247
19238	-2251022400	14.2	104247
19238	-2248430400	9.7	104247
19238	-2245752000	5.6	104247
19238	-2243160000	4.7	104247
19238	-2240481600	3.5	104247
19238	-2237803200	3.3	104247
19238	-2235384000	3	104247
19238	-2232705600	7.4	104247
19238	-2230113600	11	104247
19238	-2227435200	15.1	104247
19238	-2224843200	17.2	104247
19238	-2222164800	16.8	104247
19238	-2219486400	12.8	104247
19238	-2216894400	7.9	104247
19238	-2214216000	8.1	104247
19238	-2211624000	-1.5	104247
19238	-2208945600	2.3	104247
19238	-2206267200	2.2	104247
19238	-2203848000	1.7	104247
19238	-2201169600	7.1	104247
19238	-2198577600	11.2	104247
19238	-2195899200	16.1	104247
19238	-2193307200	18.6	104247
19238	-2190628800	15.7	104247
19238	-2187950400	13.2	104247
19238	-2185358400	9.1	104247
19238	-2182680000	5.7	104247
19238	-2180088000	4.4	104247
19238	-2177409600	-1.1	104247
19238	-2174731200	-3	104247
19238	-2172312000	2.8	104247
19238	-2169633600	8.8	104247
19238	-2167041600	12.7	104247
19238	-2164363200	15.3	104247
19238	-2161771200	18	104247
19238	-2159092800	16.3	104247
19238	-2156414400	13.7	104247
19238	-2153822400	9.7	104247
19238	-2151144000	3.7	104247
19238	-2148552000	1.8	104247
19238	-2145873600	3.7	104247
19238	-2143195200	-0.4	104247
19238	-2140776000	4.5	104247
19238	-2138097600	8.8	104247
19238	-2135505600	8.7	104247
19238	-2132827200	15.6	104247
19238	-2130235200	15.5	104247
19238	-2127556800	14.5	104247
19238	-2124878400	12.5	104247
19238	-2122286400	7.6	104247
19238	-2119608000	3.5	104247
19238	-2117016000	-0.2	104247
19238	-2114337600	2.5	104247
19238	-2111659200	5.1	104247
19238	-2109240000	7	104247
19238	-2106561600	4.6	104247
19238	-2103969600	12.6	104247
19238	-2101291200	14.9	104247
19238	-2098699200	16	104247
19238	-2096020800	15.5	104247
19238	-2093342400	14	104247
19238	-2090750400	10.8	104247
19238	-2088072000	5.2	104247
19238	-2085480000	0.2	104247
19238	-2082801600	-0.1	104247
19238	-2080123200	2.2	104247
19238	-2077617600	3.3	104247
19238	-2074939200	9.6	104247
19238	-2072347200	12.6	104247
19238	-2069668800	15.2	104247
19238	-2067076800	18.5	104247
19238	-2064398400	16.1	104247
19238	-2061720000	11.5	104247
19238	-2059128000	8.4	104247
19238	-2056449600	3.9	104247
19238	-2053857600	3.5	104247
19238	-2051179200	0	104247
19238	-2048500800	2.4	104247
19238	-2046081600	5.7	104247
19238	-2043403200	6.5	104247
19238	-2040811200	12	104247
19238	-2038132800	17.5	104247
19238	-2035540800	18.5	104247
19238	-2032862400	16.4	104247
19238	-2030184000	12.6	104247
19238	-2027592000	5.1	104247
19238	-2024913600	4.1	104247
19238	-2022321600	1.8	104247
19238	-2019643200	2.8	104247
19238	-2016964800	1.5	104247
19238	-2014545600	3.1	104247
19238	-2011867200	7.5	104247
19238	-2009275200	13.2	104247
19238	-2006596800	14.5	104247
19238	-2004004800	17	104247
19238	-2001326400	16.2	104247
19238	-1998648000	12.2	104247
19238	-1996056000	11.2	104247
19238	-1993377600	7	104247
19238	-1990785600	-1.3	104247
19238	-1988107200	1	104247
19238	-1985428800	-0.4	104247
19238	-1983009600	3.5	104247
19238	-1980331200	7.1	104247
19238	-1977739200	12.7	104247
19238	-1975060800	14.4	104247
19238	-1972468800	14	104247
19238	-1969790400	15.8	104247
19238	-1967112000	13.1	104247
19238	-1964520000	11.8	104247
19238	-1961841600	5.1	104247
19238	-1959249600	3.1	104247
19238	-1956571200	-1.7	104247
19238	-1953892800	2.4	104247
19238	-1951387200	2.5	104247
19238	-1948708800	5.4	104247
19238	-1946116800	13.2	104247
19238	-1943438400	16.9	104247
19238	-1940846400	16.9	104247
19238	-1938168000	14.5	104247
19238	-1935489600	12.7	104247
19238	-1932897600	8.8	104247
19238	-1930219200	3.2	104247
19238	-1927627200	1	104247
19238	-1924948800	-0.5	104247
19238	-1922270400	-1.3	104247
19238	-1919851200	3.1	104247
19238	-1917172800	8.2	104247
19238	-1914580800	11.2	104247
19238	-1911902400	13.5	104247
19238	-1909310400	14.9	104247
19238	-1906632000	16	104247
19238	-1903953600	12.7	104247
19238	-1901361600	10.8	104247
19238	-1898683200	2.4	104247
19238	-1896091200	2.9	104247
19238	-1893412800	2.6	104247
19238	-1890734400	4	104247
19238	-1888315200	4	104247
19238	-1885636800	7.6	104247
19238	-1883044800	12.6	104247
19238	-1880366400	15.9	104247
19238	-1877774400	15.5	104247
19238	-1875096000	15.7	104247
19238	-1872417600	12.2	104247
19238	-1869825600	10.2	104247
19238	-1867147200	3	104247
19238	-1864555200	4.8	104247
19238	-1861876800	0	104247
19238	-1859198400	2.4	104247
19238	-1856779200	4.8	104247
19238	-1854100800	7.4	104247
19238	-1851508800	13.5	104247
19238	-1848830400	15	104247
19238	-1846238400	18.8	104247
19238	-1843560000	19.3	104247
19238	-1840881600	14	104247
19238	-1838289600	9	104247
19238	-1835611200	5.9	104247
19238	-1833019200	5	104247
19238	-1830340800	1.6	104247
19238	-1827662400	4.6	104247
19238	-1825156800	7.2	104247
19238	-1822478400	7.2	104247
19238	-1819886400	12.1	104247
19238	-1817208000	15.6	104247
19238	-1814616000	18.2	104247
19238	-1811937600	13.9	104247
19238	-1809259200	9.3	104247
19238	-1806667200	7	104247
19238	-1803988800	3.8	104247
19238	-1801396800	4.9	104247
19238	-1798718400	1.9	104247
19238	-1796040000	2.7	104247
19238	-1793620800	7	104247
19238	-1790942400	8.2	104247
19238	-1788350400	12.7	104247
19238	-1785672000	14.6	104247
19238	-1783080000	14.1	104247
19238	-1780401600	14.4	104247
19238	-1777723200	12.6	104247
19238	-1775131200	10.9	104247
19238	-1772452800	7.8	104247
19238	-1769860800	2.6	104247
19238	-1767182400	-2.1	104247
19238	-1764504000	5.5	104247
19238	-1762084800	5.5	104247
19238	-1759406400	10.3	104247
19238	-1756814400	10.8	104247
19238	-1754136000	14.4	104247
19238	-1751544000	17.1	104247
19238	-1748865600	17.1	104247
19238	-1746187200	12.2	104247
19238	-1743595200	9.1	104247
19238	-1740916800	4.5	104247
19238	-1738324800	5.1	104247
19238	-1735646400	1.5	104247
19238	-1732968000	2.7	104247
19238	-1730548800	2.6	104247
19238	-1727870400	6.8	104247
19238	-1725278400	13.5	104247
19238	-1722600000	17	104247
19238	-1720008000	15.8	104247
19238	-1717329600	15.2	104247
19238	-1714651200	12.1	104247
19238	-1712059200	7.2	104247
19238	-1709380800	1.9	104247
19238	-1706788800	5.4	104247
19238	-1704110400	4.9	104247
19238	-1701432000	2.5	104247
19238	-1698926400	4.8	104247
19238	-1696248000	8.2	104247
19238	-1693656000	13.6	104247
19238	-1690977600	12.4	104247
19238	-1688385600	15.4	104247
19238	-1685707200	16.2	104247
19238	-1683028800	12.4	104247
19238	-1680436800	9.5	104247
19238	-1677758400	5.6	104247
19238	-1675166400	2.4	104247
19238	-1672488000	-2.2	104247
19238	-1669809600	-2.5	104247
19238	-1667390400	1	104247
19238	-1664712000	4	104247
19238	-1662120000	15.4	104247
19238	-1659441600	18.5	104247
19238	-1656849600	17.3	104247
19238	-1654171200	16.6	104247
19238	-1651492800	14.5	104247
19238	-1648900800	7.2	104247
19238	-1646222400	6.1	104247
19238	-1643630400	-1.2	104247
19238	-1640952000	2.6	104247
19238	-1638273600	3.4	104247
19238	-1635854400	4.7	104247
19238	-1633176000	8.9	104247
19238	-1630584000	14.5	104247
19238	-1627905600	12.6	104247
19238	-1625313600	16.3	104247
19238	-1622635200	15.8	104247
19238	-1619956800	13	104247
19238	-1617364800	8.7	104247
19238	-1614686400	4	104247
19238	-1612094400	5.3	104247
19238	-1609416000	1.6	104247
19238	-1606737600	1.2	104247
19238	-1604318400	3.6	104247
19238	-1601640000	5.7	104247
19238	-1599048000	12.8	104247
19238	-1596369600	14.8	104247
19238	-1593777600	13.8	104247
19238	-1591099200	15.8	104247
19238	-1588420800	14.2	104247
19238	-1585828800	6	104247
19238	-1583150400	1.7	104247
19238	-1580558400	2.4	104247
19238	-1577880000	3.4	104247
19238	-1575201600	4.7	104247
19238	-1572696000	7.4	104247
19238	-1570017600	9.3	104247
19238	-1567425600	14.1	104247
19238	-1564747200	15.2	104247
19238	-1562155200	17.2	104247
19238	-1559476800	14.4	104247
19238	-1556798400	12.4	104247
19238	-1554206400	7.7	104247
19238	-1551528000	3	104247
19238	-1548936000	2	104247
19238	-1546257600	5.4	104247
19238	-1543579200	2.3	104247
19238	-1541160000	6.1	104247
19238	-1538481600	7.8	104247
19238	-1535889600	13.7	104247
19238	-1533211200	14.2	104247
19238	-1530619200	18.3	104247
19238	-1527940800	16.7	104247
19238	-1525262400	13.1	104247
19238	-1522670400	12	104247
19238	-1519992000	0.6	104247
19238	-1517400000	2.2	104247
19238	-1514721600	-0.4	104247
19238	-1512043200	0.8	104247
19238	-1509624000	3.5	104247
19238	-1506945600	5.6	104247
19238	-1504353600	13.2	104247
19238	-1501675200	15.5	104247
19238	-1499083200	15.6	104247
19238	-1496404800	15.3	104247
19238	-1493726400	11.5	104247
19238	-1491134400	4.8	104247
19238	-1488456000	3.6	104247
19238	-1485864000	3.7	104247
19238	-1483185600	3	104247
19238	-1480507200	3.2	104247
19238	-1478088000	5.9	104247
19238	-1475409600	7.4	104247
19238	-1472817600	11	104247
19238	-1470139200	10.9	104247
19238	-1467547200	18.4	104247
19238	-1464868800	15.5	104247
19238	-1462190400	12.6	104247
19238	-1459598400	10.6	104247
19238	-1456920000	3.2	104247
19238	-1454328000	-0.4	104247
19238	-1451649600	-0.5	104247
19238	-1448971200	-1.4	104247
19238	-1446465600	2.6	104247
19238	-1443787200	6	104247
19238	-1441195200	14.2	104247
19238	-1438516800	15	104247
19238	-1435924800	15.9	104247
19238	-1433246400	14	104247
19238	-1430568000	13.4	104247
19238	-1427976000	10.1	104247
19238	-1425297600	4	104247
19238	-1422705600	3.2	104247
19238	-1420027200	3.4	104247
19238	-1417348800	4.8	104247
19238	-1414929600	1.9	104247
19238	-1412251200	8.4	104247
19238	-1409659200	14.4	104247
19238	-1406980800	15.2	104247
19238	-1404388800	18.7	104247
19238	-1401710400	16.4	104247
19238	-1399032000	11.2	104247
19238	-1396440000	9.5	104247
19238	-1393761600	2.6	104247
19238	-1391169600	1.4	104247
19238	-1388491200	2.1	104247
19238	-1385812800	6.9	104247
19238	-1383393600	4.7	104247
19238	-1380715200	9.8	104247
19238	-1378123200	10.3	104247
19238	-1375444800	13.8	104247
19238	-1372852800	17.4	104247
19238	-1370174400	15.9	104247
19238	-1367496000	14.7	104247
19238	-1364904000	7.8	104247
19238	-1362225600	7.1	104247
19238	-1359633600	0.8	104247
19238	-1356955200	2.9	104247
19238	-1354276800	2.6	104247
19238	-1351857600	6.2	104247
19238	-1349179200	7.4	104247
19238	-1346587200	10.9	104247
19238	-1343908800	13.7	104247
19238	-1341316800	16.8	104247
19238	-1338638400	16.4	104247
19238	-1335960000	13.8	104247
19238	-1333368000	9.2	104247
19238	-1330689600	3.9	104247
19238	-1328097600	-1.1	104247
19238	-1325419200	3.1	104247
19238	-1322740800	4.2	104247
19238	-1320235200	4.3	104247
19238	-1317556800	8	104247
19238	-1314964800	10.2	104247
19238	-1312286400	13.8	104247
19238	-1309694400	18	104247
19238	-1307016000	15.9	104247
19238	-1304337600	11.6	104247
19238	-1301745600	9.5	104247
19238	-1299067200	6.8	104247
19238	-1296475200	0.8	104247
19238	-1293796800	-2.7	104247
19238	-1291118400	-6.3	104247
19238	-1288699200	3.7	104247
19238	-1286020800	5	104247
19238	-1283428800	13.2	104247
19238	-1280750400	14.2	104247
19238	-1278158400	17	104247
19238	-1275480000	16.8	104247
19238	-1272801600	16	104247
19238	-1270209600	9.7	104247
19238	-1267531200	5.9	104247
19238	-1264939200	5.2	104247
19238	-1262260800	5.1	104247
19238	-1259582400	0.9	104247
19238	-1257163200	4.8	104247
19238	-1254484800	8.6	104247
19238	-1251892800	11.8	104247
19238	-1249214400	18.1	104247
19238	-1246622400	16	104247
19238	-1243944000	15.9	104247
19238	-1241265600	13.3	104247
19238	-1238673600	9.4	104247
19238	-1235995200	6.7	104247
19238	-1233403200	1.7	104247
19238	-1230724800	1.8	104247
19238	-1228046400	-0.5	104247
19238	-1225627200	1.4	104247
19238	-1222948800	6.4	104247
19238	-1220356800	14.7	104247
19238	-1217678400	16	104247
19238	-1215086400	16.7	104247
19238	-1212408000	15.6	104247
19238	-1209729600	10.2	104247
19238	-1207137600	7.9	104247
19238	-1204459200	6.4	104247
19238	-1201867200	0.9	104247
19238	-1199188800	3.2	104247
19238	-1196510400	-0.8	104247
19238	-1194004800	1.7	104247
19238	-1191326400	7	104247
19238	-1188734400	12.3	104247
19238	-1186056000	14.3	104247
19238	-1183464000	17.5	104247
19238	-1180785600	18.1	104247
19238	-1178107200	14.4	104247
19238	-1175515200	8.8	104247
19238	-1172836800	4.6	104247
19238	-1170244800	2.6	104247
19238	-1167566400	-0.5	104247
19238	-1164888000	1.2	104247
19238	-1162468800	5.8	104247
19238	-1159790400	7.3	104247
19238	-1157198400	11.3	104247
19238	-1154520000	14.2	104247
19238	-1151928000	17.4	104247
19238	-1149249600	16.2	104247
19238	-1146571200	13.3	104247
19238	-1143979200	8.7	104247
19238	-1141300800	3	104247
19238	-1138708800	-3.3	104247
19238	-1136030400	1.7	104247
19238	-1133352000	2.1	104247
19238	-1130932800	4.3	104247
19238	-1128254400	10.2	104247
19238	-1125662400	12.6	104247
19238	-1122984000	15.5	104247
19238	-1120392000	17.3	104247
19238	-1117713600	15.5	104247
19238	-1115035200	15.4	104247
19238	-1112443200	10.4	104247
19238	-1109764800	4.5	104247
19238	-1107172800	6.8	104247
19238	-1104494400	0.8	104247
19238	-1101816000	3	104247
19238	-1099396800	4.1	104247
19238	-1096718400	7.5	104247
19238	-1094126400	10.2	104247
19238	-1091448000	16.5	104247
19238	-1088856000	16.9	104247
19238	-1086177600	15.8	104247
19238	-1083499200	13.6	104247
19238	-1080907200	8.4	104247
19238	-1078228800	6.9	104247
19238	-1075636800	1.8	104247
19238	-1072958400	4.9	104247
19238	-1070280000	1.6	104247
19238	-1067774400	5.7	104247
19238	-1065096000	4.9	104247
19238	-1062504000	12.6	104247
19238	-1059825600	16.7	104247
19238	-1057233600	16.4	104247
19238	-1054555200	15.9	104247
19238	-1051876800	12.9	104247
19238	-1049284800	7	104247
19238	-1046606400	4.6	104247
19238	-1044014400	2.4	104247
19238	-1041336000	2.8	104247
19238	-1038657600	4	104247
19238	-1036238400	3.4	104247
19238	-1033560000	8.4	104247
19238	-1030968000	14.2	104247
19238	-1028289600	15.6	104247
19238	-1025697600	16.6	104247
19238	-1023019200	16	104247
19238	-1020340800	12.6	104247
19238	-1017748800	9.8	104247
19238	-1015070400	4	104247
19238	-1012478400	0.5	104247
19238	-1009800000	3.4	104247
19238	-1007121600	1.9	104247
19238	-1004702400	7.2	104247
19238	-1002024000	4.8	104247
19238	-999432000	10.4	104247
19238	-996753600	15.4	104247
19238	-994161600	15.7	104247
19238	-991483200	17.4	104247
19238	-988804800	13.4	104247
19238	-986212800	8.8	104247
19238	-983534400	8.5	104247
19238	-980942400	-0.4	104247
19238	-978264000	4.2	104247
19238	-975585600	2.8	104247
19238	-973166400	2.6	104247
19238	-970488000	8.6	104247
19238	-967896000	10.6	104247
19238	-965217600	16	104247
19238	-962625600	16.5	104247
19238	-959947200	16.5	104247
19238	-957268800	13	104247
19238	-954676800	6.1	104247
19238	-951998400	7	104247
19238	-949406400	0.1	104247
19238	-946728000	-7	104247
19238	-944049600	-1.8	104247
19238	-941544000	4.4	104247
19238	-938865600	8.7	104247
19238	-936273600	12.6	104247
19238	-933595200	16.3	104247
19238	-931003200	15.6	104247
19238	-928324800	14.3	104247
19238	-925646400	11.7	104247
19238	-923054400	7.4	104247
19238	-920376000	6.4	104247
19238	-917784000	0.7	104247
19238	-915105600	-2.7	104247
19238	-912427200	1.5	104247
19238	-910008000	4.6	104247
19238	-907329600	6	104247
19238	-904737600	9	104247
19238	-902059200	16.7	104247
19238	-899467200	18.4	104247
19238	-896788800	14.1	104247
19238	-894110400	12.2	104247
19238	-891518400	8.2	104247
19238	-888840000	3.6	104247
19238	-886248000	2.8	104247
19238	-883569600	-6.4	104247
19238	-880891200	-4.2	104247
19238	-878472000	3.6	104247
19238	-875793600	8.8	104247
19238	-873201600	12	104247
19238	-870523200	13.1	104247
19238	-867931200	15.2	104247
19238	-865252800	17	104247
19238	-862574400	14.9	104247
19238	-859982400	11.7	104247
19238	-857304000	4.4	104247
19238	-854712000	3	104247
19238	-852033600	4.1	104247
19238	-849355200	3.6	104247
19238	-846936000	6	104247
19238	-844257600	9.6	104247
19238	-841665600	12.9	104247
19238	-838987200	13.7	104247
19238	-836395200	17.2	104247
19238	-833716800	17.1	104247
19238	-831038400	13.2	104247
19238	-828446400	10.6	104247
19238	-825768000	3.9	104247
19238	-823176000	1	104247
19238	-820497600	4.4	104247
19238	-817819200	-0.8	104247
19238	-815313600	1.4	104247
19238	-812635200	9.1	104247
19238	-810043200	11.2	104247
19238	-807364800	13.6	104247
19238	-804772800	16.7	104247
19238	-802094400	19	104247
19238	-799416000	12.4	104247
19238	-796824000	8.9	104247
19238	-794145600	5	104247
19238	-791553600	1.7	104247
19238	-788875200	-3.4	104247
19238	-786196800	5	104247
19238	-783777600	7	104247
19238	-781099200	10	104247
19238	-778507200	15.2	104247
19238	-775828800	18.1	104247
19238	-773236800	18.5	104247
19238	-770558400	15.8	104247
19238	-767880000	14.2	104247
19238	-765288000	10.5	104247
19238	-762609600	4.4	104247
19238	-760017600	2.6	104247
19238	-757339200	0	104247
19238	-754660800	3.2	104247
19238	-752241600	4.5	104247
19238	-749563200	10.5	104247
19238	-746971200	13.5	104247
19238	-744292800	14.2	104247
19238	-741700800	17.9	104247
19238	-739022400	15.9	104247
19238	-736344000	14.1	104247
19238	-733752000	8.2	104247
19238	-731073600	5.6	104247
19238	-728481600	-0.9	104247
19238	-725803200	-2	104247
19238	-723124800	-4.3	104247
19238	-720705600	4.3	104247
19238	-718027200	9.4	104247
19238	-715435200	15	104247
19238	-712756800	18.5	104247
19238	-710164800	19.3	104247
19238	-707486400	18.6	104247
19238	-704808000	16.4	104247
19238	-702216000	8.5	104247
19238	-699537600	6.2	104247
19238	-696945600	2.9	104247
19238	-694267200	4.9	104247
19238	-691588800	2	104247
19238	-689083200	6.4	104247
19238	-686404800	10.1	104247
19238	-683812800	13.4	104247
19238	-681134400	16	104247
19238	-678542400	16.3	104247
19238	-675864000	16.3	104247
19238	-673185600	13.9	104247
19238	-670593600	9	104247
19238	-667915200	5.2	104247
19238	-665323200	3.2	104247
19238	-662644800	2.9	104247
19238	-659966400	3.2	104247
19238	-657547200	2.5	104247
19238	-654868800	10.9	104247
19238	-652276800	12.3	104247
19238	-649598400	14.1	104247
19238	-647006400	17.2	104247
19238	-644328000	16.6	104247
19238	-641649600	16.8	104247
19238	-639057600	10.8	104247
19238	-636379200	4.5	104247
19238	-633787200	3.8	104247
19239	1246449600	18.1	104380
19239	1249128000	18.6	104380
19239	1251806400	14.5	104380
19239	1254398400	8.2	104380
19239	1257076800	7.7	104380
19239	1259668800	0.4	104380
19239	1262347200	-3.5	104380
19239	1265025600	-0.3	104380
19239	1267444800	4.6	104380
19239	1270123200	9.4	104380
19239	1272715200	10.5	104380
19239	1275393600	16.8	104380
19239	1277985600	20.6	104380
19239	1280664000	16.5	104380
19239	1283342400	12.4	104380
19239	1285934400	8.4	104380
19239	1288612800	5.2	104380
19239	1291204800	-3.7	104380
19239	1293883200	1.4	104380
19239	1296561600	1.4	104380
19239	1298980800	5.5	104380
19239	1301659200	12.7	104380
19239	1304251200	14.2	104380
19239	1306929600	16.7	104380
19239	1309521600	16.3	104380
19239	1312200000	17.8	104380
19239	1314878400	15.2	104380
19239	1317470400	9.5	104380
19239	1320148800	4.4	104380
19239	1322740800	3.6	104380
19239	1325419200	2.3	104380
19239	1328097600	-2	104380
19239	1330603200	7.9	104380
19239	1333281600	8.5	104380
19239	1335873600	14.8	104380
19239	1338552000	14.8	104380
19239	1341144000	17.3	104380
19239	1343822400	18.8	104380
19239	1346500800	13.4	104380
19239	1349092800	8.6	104380
19239	1351771200	5	104380
19239	1354363200	2.1	104380
19239	1357041600	0.2	104380
19239	1359720000	-0.3	104380
19239	1362139200	0.1	104380
19239	1364817600	8.6	104380
19239	1367409600	11.8	104380
19239	1370088000	16	104380
19239	1372680000	19.6	104380
19239	1375358400	18.4	104380
19239	1378036800	13.5	104380
19239	1380628800	10.6	104380
