group	x	y	clickSelects
1361	-2997864000	25.6	433510
1361	-2995185600	27.1	433510
1361	-2992766400	28.8	433510
1361	-2990088000	28.9	433510
1361	-2987496000	28.2	433510
1361	-2984817600	26.4	433510
1361	-2982225600	25.6	433510
1361	-2979547200	26	433510
1361	-2976868800	26.6	433510
1361	-2974276800	26.4	433510
1361	-2971598400	27.6	433510
1361	-2969006400	26.4	433510
1361	-2966328000	26.3	433510
1361	-2963649600	26.6	433510
1361	-2961144000	28.7	433510
1361	-2958465600	29.3	433510
1361	-2955873600	28.1	433510
1361	-2953195200	26.6	433510
1361	-2950603200	25.8	433510
1361	-2947924800	25.5	433510
1361	-2945246400	25.8	433510
1361	-2942654400	27.2	433510
1361	-2939976000	26.9	433510
1361	-2937384000	25.9	433510
1361	-2934705600	26.4	433510
1361	-2932027200	27.9	433510
1361	-2929608000	28.3	433510
1361	-2926929600	28.8	433510
1361	-2924337600	28.3	433510
1361	-2921659200	26.1	433510
1361	-2919067200	26.7	433510
1361	-2916388800	26.5	433510
1361	-2913710400	26.6	433510
1361	-2911118400	26.7	433510
1361	-2908440000	27.3	433510
1361	-2905848000	27	433510
1361	-2903169600	27.7	433510
1361	-2900491200	27.9	433510
1361	-2898072000	30.1	433510
1361	-2895393600	29.8	433510
1361	-2892801600	29	433510
1361	-2890123200	26.2	433510
1361	-2887531200	26.7	433510
1361	-2884852800	26.1	433510
1361	-2882174400	26.3	433510
1361	-2879582400	26.9	433510
1361	-2876904000	27.1	433510
1361	-2874312000	26.8	433510
1361	-2871633600	26.3	433510
1361	-2868955200	27.6	433510
1361	-2866536000	28	433510
1361	-2863857600	28.9	433510
1361	-2861265600	29.1	433510
1361	-2858587200	25.9	433510
1361	-2855995200	25.4	433510
1361	-2853316800	25.6	433510
1361	-2850638400	25.4	433510
1361	-2848046400	26.2	433510
1361	-2845368000	29.7	433510
1361	-2842776000	27.4	433510
1361	-2840097600	26.7	433510
1361	-2837419200	27.6	433510
1361	-2834913600	28.7	433510
1361	-2832235200	28.7	433510
1361	-2829643200	27.8	433510
1361	-2826964800	26.1	433510
1361	-2824372800	24.9	433510
1361	-2821694400	25.4	433510
1361	-2819016000	25.7	433510
1361	-2816424000	26.8	433510
1361	-2813745600	26.8	433510
1361	-2811153600	26.1	433510
1361	-2808475200	26.4	433510
1361	-2805796800	26.9	433510
1361	-2803377600	28.3	433510
1361	-2800699200	29.7	433510
1361	-2798107200	28.4	433510
1361	-2795428800	26	433510
1361	-2792836800	26.8	433510
1361	-2790158400	25.6	433510
1361	-2787480000	26.1	433510
1361	-2784888000	27.3	433510
1361	-2782209600	27.1	433510
1361	-2779617600	27.4	433510
1361	-2776939200	26.3	433510
1361	-2774260800	27.6	433510
1361	-2771841600	29.4	433510
1361	-2769163200	29.8	433510
1361	-2766571200	28.3	433510
1361	-2763892800	26.3	433510
1361	-2761300800	24.9	433510
1361	-2758622400	25.4	433510
1361	-2755944000	26.1	433510
1361	-2753352000	26.4	433510
1361	-2750673600	27	433510
1361	-2748081600	26.8	433510
1361	-2745403200	26.8	433510
1361	-2742724800	27.1	433510
1361	-2740305600	28.5	433510
1361	-2737627200	28.9	433510
1361	-2735035200	28.3	433510
1361	-2732356800	26.7	433510
1361	-2729764800	25.7	433510
1361	-2727086400	26.1	433510
1361	-2724408000	26.6	433510
1361	-2721816000	26.2	433510
1361	-2719137600	26.4	433510
1361	-2716545600	25.6	433510
1361	-2713867200	24.9	433510
1361	-2711188800	26.1	433510
1361	-2708683200	27.7	433510
1361	-2706004800	28.7	433510
1361	-2703412800	28.3	433510
1361	-2700734400	26.6	433510
1361	-2698142400	25.7	433510
1361	-2695464000	25.3	433510
1361	-2692785600	25.4	433510
1361	-2690193600	26.1	433510
1361	-2687515200	25.9	433510
1361	-2684923200	26.2	433510
1361	-2682244800	26.2	433510
1361	-2679566400	27.3	433510
1361	-2677147200	28.7	433510
1361	-2674468800	29.1	433510
1361	-2671876800	28.5	433510
1361	-2669198400	26	433510
1361	-2666606400	25.3	433510
1361	-2663928000	26.2	433510
1361	-2661249600	26.5	433510
1361	-2658657600	26.2	433510
1361	-2655979200	26.8	433510
1361	-2653387200	27.2	433510
1361	-2650708800	27	433510
1361	-2648030400	27.7	433510
1361	-2645611200	29.1	433510
1361	-2642932800	29.9	433510
1361	-2640340800	28.2	433510
1361	-2637662400	26.9	433510
1361	-2635070400	25.9	433510
1361	-2632392000	25.4	433510
1361	-2629713600	26.3	433510
1361	-2627121600	26.8	433510
1361	-2624443200	26.9	433510
1361	-2621851200	26.8	433510
1361	-2619172800	26.7	433510
1361	-2616494400	26.8	433510
1361	-2614075200	28	433510
1361	-2611396800	28.8	433510
1361	-2608804800	28.2	433510
1361	-2606126400	25.5	433510
1361	-2603534400	25.6	433510
1361	-2600856000	26	433510
1361	-2598177600	25.6	433510
1361	-2595585600	26.3	433510
1361	-2592907200	26.9	433510
1361	-2590315200	26.7	433510
1361	-2587636800	26.4	433510
1361	-2584958400	26.9	433510
1361	-2582452800	28.7	433510
1361	-2579774400	29.3	433510
1361	-2577182400	27.9	433510
1361	-2574504000	26.1	433510
1361	-2571912000	26.2	433510
1361	-2569233600	26.1	433510
1361	-2566555200	26.5	433510
1361	-2563963200	27.2	433510
1361	-2561284800	27	433510
1361	-2558692800	26.7	433510
1361	-2556014400	26.6	433510
1361	-2553336000	27.8	433510
1361	-2550916800	29.1	433510
1361	-2548238400	29.6	433510
1361	-2545646400	28.8	433510
1361	-2542968000	26.1	433510
1361	-2540376000	26.2	433510
1361	-2537697600	26.3	433510
1361	-2535019200	26.7	433510
1361	-2532427200	26.3	433510
1361	-2529748800	26.3	433510
1361	-2527156800	26.4	433510
1361	-2524478400	26	433510
1361	-2521800000	27.3	433510
1361	-2519380800	28.8	433510
1361	-2516702400	28.6	433510
1361	-2514110400	28.3	433510
1361	-2511432000	26.3	433510
1361	-2508840000	25.5	433510
1361	-2506161600	25.7	433510
1361	-2503483200	27.1	433510
1361	-2500891200	26.3	433510
1361	-2498212800	27.2	433510
1361	-2495620800	26.7	433510
1361	-2492942400	26.1	433510
1361	-2490264000	27.8	433510
1361	-2487844800	28.6	433510
1361	-2485166400	29.2	433510
1361	-2482574400	29	433510
1361	-2479896000	26.5	433510
1361	-2477304000	26.2	433510
1361	-2474625600	26.6	433510
1361	-2471947200	27.1	433510
1361	-2469355200	27.1	433510
1361	-2466676800	27.1	433510
1361	-2464084800	27.6	433510
1361	-2461406400	26.7	433510
1361	-2458728000	27.2	433510
1361	-2456222400	28.4	433510
1361	-2453544000	28.1	433510
1361	-2450952000	27.6	433510
1361	-2448273600	27.1	433510
1361	-2445681600	25.7	433510
1361	-2443003200	25.1	433510
1361	-2440324800	26.3	433510
1361	-2437732800	26.3	433510
1361	-2435054400	27.3	433510
1361	-2432462400	26.8	433510
1361	-2429784000	27.1	433510
1361	-2427105600	27.4	433510
1361	-2424686400	28.4	433510
1361	-2422008000	29	433510
1361	-2419416000	27.7	433510
1361	-2416737600	26.4	433510
1361	-2414145600	25.6	433510
1361	-2411467200	26.6	433510
1361	-2408788800	26.5	433510
1361	-2406196800	26.7	433510
1361	-2403518400	27.3	433510
1361	-2400926400	26.9	433510
1361	-2398248000	27	433510
1361	-2395569600	27.6	433510
1361	-2393150400	29.2	433510
1361	-2390472000	29	433510
1361	-2387880000	28.8	433510
1361	-2385201600	26.7	433510
1361	-2382609600	25.9	433510
1361	-2379931200	26	433510
1361	-2377252800	26.6	433510
1361	-2374660800	26.9	433510
1361	-2371982400	27.2	433510
1361	-2369390400	27.4	433510
1361	-2366712000	27.5	433510
1361	-2364033600	28.2	433510
1361	-2361614400	29.7	433510
1361	-2358936000	29.3	433510
1361	-2356344000	29.2	433510
1361	-2353665600	27.6	433510
1361	-2351073600	25.5	433510
1361	-2348395200	26.2	433510
1361	-2345716800	26.8	433510
1361	-2343124800	27.1	433510
1361	-2340446400	28	433510
1361	-2337854400	27.2	433510
1361	-2335176000	27.3	433510
1361	-2332497600	27.7	433510
1361	-2329992000	29.3	433510
1361	-2327313600	30.4	433510
1361	-2324721600	29	433510
1361	-2322043200	26.7	433510
1361	-2319451200	26.3	433510
1361	-2316772800	26.1	433510
1361	-2314094400	27.3	433510
1361	-2311502400	27.8	433510
1361	-2308824000	27.8	433510
1361	-2306232000	28.2	433510
1361	-2303553600	27.9	433510
1361	-2300875200	28.8	433510
1361	-2298456000	30.1	433510
1361	-2295777600	29.6	433510
1361	-2293185600	29.7	433510
1361	-2290507200	27	433510
1361	-2287915200	26.8	433510
1361	-2285236800	26.4	433510
1361	-2282558400	26.7	433510
1361	-2279966400	27.5	433510
1361	-2277288000	27.7	433510
1361	-2274696000	27.2	433510
1361	-2272017600	26.9	433510
1361	-2269339200	28.1	433510
1361	-2266920000	29.4	433510
1361	-2264241600	30.2	433510
1361	-2261649600	28.9	433510
1361	-2258971200	27.1	433510
1361	-2256379200	26.1	433510
1361	-2253700800	26.7	433510
1361	-2251022400	26.4	433510
1361	-2248430400	27.2	433510
1361	-2245752000	27	433510
1361	-2243160000	27.7	433510
1361	-2240481600	26.7	433510
1361	-2237803200	27.7	433510
1361	-2235384000	28.8	433510
1361	-2232705600	28.3	433510
1361	-2230113600	28.5	433510
1361	-2227435200	26.6	433510
1361	-2224843200	27.1	433510
1361	-2222164800	26.8	433510
1361	-2219486400	26.8	433510
1361	-2216894400	27.5	433510
1361	-2214216000	27.8	433510
1361	-2211624000	26.7	433510
1361	-2208945600	27.4	433510
1361	-2206267200	28.9	433510
1361	-2203848000	29.9	433510
1361	-2201169600	29.9	433510
1361	-2198577600	29.6	433510
1361	-2195899200	27.3	433510
1361	-2193307200	26.4	433510
1361	-2190628800	27.1	433510
1361	-2187950400	26.8	433510
1361	-2185358400	27.8	433510
1361	-2182680000	28.5	433510
1361	-2180088000	28.3	433510
1361	-2177409600	28.3	433510
1361	-2174731200	29.3	433510
1361	-2172312000	29.5	433510
1361	-2169633600	30	433510
1361	-2167041600	29.1	433510
1361	-2164363200	27.2	433510
1361	-2161771200	27	433510
1361	-2159092800	27	433510
1361	-2156414400	26.8	433510
1361	-2153822400	27.5	433510
1361	-2151144000	27.2	433510
1361	-2148552000	27.2	433510
1361	-2145873600	27.1	433510
1361	-2143195200	28.2	433510
1361	-2140776000	29.7	433510
1361	-2138097600	30.5	433510
1361	-2135505600	29.6	433510
1361	-2132827200	27.5	433510
1361	-2130235200	26.5	433510
1361	-2127556800	27.1	433510
1361	-2124878400	26.5	433510
1361	-2122286400	27.2	433510
1361	-2119608000	27.8	433510
1361	-2117016000	28	433510
1361	-2114337600	28.3	433510
1361	-2111659200	28.7	433510
1361	-2109240000	29.7	433510
1361	-2106561600	30.2	433510
1361	-2103969600	28.7	433510
1361	-2101291200	27.5	433510
1361	-2098699200	26.1	433510
1361	-2096020800	26.5	433510
1361	-2093342400	26.1	433510
1361	-2090750400	27	433510
1361	-2088072000	26.6	433510
1361	-2085480000	26.5	433510
1361	-2082801600	26.5	433510
1361	-2080123200	27.3	433510
1361	-2077617600	28.3	433510
1361	-2074939200	29.2	433510
1361	-2072347200	28.2	433510
1361	-2069668800	26.1	433510
1361	-2067076800	25.8	433510
1361	-2064398400	26.6	433510
1361	-2061720000	26.8	433510
1361	-2059128000	27.3	433510
1361	-2056449600	27.3	433510
1361	-2053857600	27.3	433510
1361	-2051179200	27.3	433510
1361	-2048500800	28	433510
1361	-2046081600	29	433510
1361	-2043403200	29.5	433510
1361	-2040811200	28.5	433510
1361	-2038132800	27	433510
1361	-2035540800	26.8	433510
1361	-2032862400	26.6	433510
1361	-2030184000	27.3	433510
1361	-2027592000	27.3	433510
1361	-2024913600	28.1	433510
1361	-2022321600	27	433510
1361	-2019643200	27.6	433510
1361	-2016964800	28	433510
1361	-2014545600	29.3	433510
1361	-2011867200	30.5	433510
1361	-2009275200	29	433510
1361	-2006596800	26.7	433510
1361	-2004004800	26	433510
1361	-2001326400	26.3	433510
1361	-1998648000	26.7	433510
1361	-1996056000	27.3	433510
1361	-1993377600	27.5	433510
1361	-1990785600	27.1	433510
1361	-1988107200	27	433510
1361	-1985428800	28.1	433510
1361	-1983009600	29	433510
1361	-1980331200	28.7	433510
1361	-1977739200	28.8	433510
1361	-1975060800	27	433510
1361	-1972468800	26.2	433510
1361	-1969790400	25.5	433510
1361	-1967112000	26.5	433510
1361	-1964520000	27.5	433510
1361	-1961841600	27.5	433510
1361	-1959249600	27.2	433510
1361	-1956571200	27.5	433510
1361	-1953892800	28.1	433510
1361	-1951387200	28.8	433510
1361	-1948708800	29.3	433510
1361	-1946116800	28.3	433510
1361	-1943438400	26.5	433510
1361	-1940846400	25.3	433510
1361	-1938168000	26.1	433510
1361	-1935489600	26.6	433510
1361	-1932897600	27.3	433510
1361	-1930219200	27	433510
1361	-1927627200	26.8	433510
1361	-1924948800	27.1	433510
1361	-1922270400	27.7	433510
1361	-1919851200	29.1	433510
1361	-1917172800	29	433510
1361	-1914580800	28.5	433510
1361	-1911902400	26.7	433510
1361	-1909310400	25.7	433510
1361	-1906632000	26.1	433510
1361	-1903953600	26.5	433510
1361	-1901361600	27.5	433510
1361	-1898683200	27.1	433510
1361	-1896091200	27.1	433510
1361	-1893412800	27.3	433510
1361	-1890734400	28	433510
1361	-1888315200	29	433510
1361	-1885636800	29.1	433510
1361	-1883044800	28.6	433510
1361	-1880366400	26.3	433510
1361	-1877774400	26.2	433510
1361	-1875096000	26.1	433510
1361	-1872417600	26.3	433510
1361	-1869825600	26.8	433510
1361	-1867147200	26.3	433510
1361	-1864555200	26.1	433510
1361	-1861876800	27.1	433510
1361	-1859198400	27.1	433510
1361	-1856779200	29	433510
1361	-1854100800	29.5	433510
1361	-1851508800	28.5	433510
1361	-1848830400	26.3	433510
1361	-1846238400	25.6	433510
1361	-1843560000	26.5	433510
1361	-1840881600	27	433510
1361	-1838289600	27	433510
1361	-1835611200	27.6	433510
1361	-1833019200	27.2	433510
1361	-1830340800	26.3	433510
1361	-1827662400	28.3	433510
1361	-1825156800	29.5	433510
1361	-1822478400	29.6	433510
1361	-1819886400	28.7	433510
1361	-1817208000	26.5	433510
1361	-1814616000	26.1	433510
1361	-1811937600	26	433510
1361	-1809259200	26.8	433510
1361	-1806667200	26.7	433510
1361	-1803988800	27.1	433510
1361	-1801396800	26.8	433510
1361	-1798718400	27	433510
1361	-1796040000	28	433510
1361	-1793620800	29	433510
1361	-1790942400	29.8	433510
1361	-1788350400	29.3	433510
1361	-1785672000	26.8	433510
1361	-1783080000	26	433510
1361	-1780401600	26.5	433510
1361	-1777723200	26.8	433510
1361	-1775131200	27	433510
1361	-1772452800	27.5	433510
1361	-1769860800	27.5	433510
1361	-1767182400	27	433510
1361	-1764504000	28	433510
1361	-1762084800	29.3	433510
1361	-1759406400	30	433510
1361	-1756814400	29.1	433510
1361	-1754136000	27	433510
1361	-1751544000	26.1	433510
1361	-1748865600	26.1	433510
1361	-1746187200	26.7	433510
1361	-1743595200	27.6	433510
1361	-1740916800	27.8	433510
1361	-1738324800	27.3	433510
1361	-1735646400	27.6	433510
1361	-1732968000	28.1	433510
1361	-1730548800	28.7	433510
1361	-1727870400	29.5	433510
1361	-1725278400	28.8	433510
1361	-1722600000	27.6	433510
1361	-1720008000	26.2	433510
1361	-1717329600	26.5	433510
1361	-1714651200	27	433510
1361	-1712059200	27.2	433510
1361	-1709380800	27.1	433510
1361	-1706788800	27.1	433510
1361	-1704110400	26.7	433510
1361	-1701432000	27.7	433510
1361	-1698926400	29.5	433510
1361	-1696248000	29.6	433510
1361	-1693656000	29	433510
1361	-1690977600	26.3	433510
1361	-1688385600	26.5	433510
1361	-1685707200	26.6	433510
1361	-1683028800	26.5	433510
1361	-1680436800	26.5	433510
1361	-1677758400	27	433510
1361	-1675166400	26.8	433510
1361	-1672488000	27.5	433510
1361	-1669809600	28.1	433510
1361	-1667390400	28.5	433510
1361	-1664712000	29.5	433510
1361	-1662120000	28.5	433510
1361	-1659441600	26.5	433510
1361	-1656849600	26.8	433510
1361	-1654171200	26.3	433510
1361	-1651492800	26.1	433510
1361	-1648900800	26.3	433510
1361	-1646222400	26.8	433510
1361	-1643630400	26.7	433510
1361	-1640952000	26.8	433510
1361	-1638273600	26.8	433510
1361	-1635854400	28.5	433510
1361	-1633176000	29.7	433510
1361	-1630584000	27.3	433510
1361	-1627905600	26.8	433510
1361	-1625313600	27.2	433510
1361	-1622635200	26.5	433510
1361	-1619956800	27	433510
1361	-1617364800	27.8	433510
1361	-1614686400	28	433510
1361	-1612094400	27.3	433510
1361	-1609416000	27.7	433510
1361	-1606737600	28.2	433510
1361	-1604318400	28.7	433510
1361	-1601640000	30.2	433510
1361	-1599048000	28.5	433510
1361	-1596369600	26.5	433510
1361	-1593777600	25.8	433510
1361	-1591099200	26	433510
1361	-1588420800	26.7	433510
1361	-1585828800	27.3	433510
1361	-1583150400	26.5	433510
1361	-1580558400	27.3	433510
1361	-1577880000	27.3	433510
1361	-1575201600	28.2	433510
1361	-1572696000	29.8	433510
1361	-1570017600	29.2	433510
1361	-1567425600	29.1	433510
1361	-1564747200	26.1	433510
1361	-1562155200	26.1	433510
1361	-1559476800	25.8	433510
1361	-1556798400	26.3	433510
1361	-1554206400	26.8	433510
1361	-1551528000	26.8	433510
1361	-1548936000	27	433510
1361	-1546257600	27.5	433510
1361	-1543579200	27.6	433510
1361	-1541160000	29.6	433510
1361	-1538481600	28.7	433510
1361	-1535889600	29	433510
1361	-1533211200	26.7	433510
1361	-1530619200	25.8	433510
1361	-1527940800	25.7	433510
1361	-1525262400	26.5	433510
1361	-1522670400	27	433510
1361	-1519992000	27.3	433510
1361	-1517400000	26.8	433510
1361	-1514721600	26.8	433510
1361	-1512043200	28	433510
1361	-1509624000	29	433510
1361	-1506945600	29.5	433510
1361	-1504353600	27.8	433510
1361	-1501675200	26.2	433510
1361	-1499083200	25.5	433510
1361	-1496404800	25.7	433510
1361	-1493726400	26	433510
1361	-1491134400	26.8	433510
1361	-1488456000	26.6	433510
1361	-1485864000	26	433510
1361	-1483185600	27	433510
1361	-1480507200	27.3	433510
1361	-1478088000	28.5	433510
1361	-1475409600	29.8	433510
1361	-1472817600	29	433510
1361	-1470139200	26.6	433510
1361	-1467547200	25.5	433510
1361	-1464868800	25.7	433510
1361	-1462190400	26.3	433510
1361	-1459598400	27	433510
1361	-1456920000	27.5	433510
1361	-1454328000	27.7	433510
1361	-1451649600	27.1	433510
1361	-1448971200	28.2	433510
1361	-1446465600	29.5	433510
1361	-1443787200	29.6	433510
1361	-1441195200	29	433510
1361	-1438516800	26.1	433510
1361	-1435924800	25.5	433510
1361	-1433246400	26.1	433510
1361	-1430568000	26.6	433510
1361	-1427976000	26.8	433510
1361	-1425297600	27.2	433510
1361	-1422705600	27	433510
1361	-1420027200	27.1	433510
1361	-1417348800	28	433510
1361	-1414929600	28.5	433510
1361	-1412251200	29.1	433510
1361	-1409659200	28	433510
1361	-1406980800	26.3	433510
1361	-1404388800	26	433510
1361	-1401710400	26	433510
1361	-1399032000	27.1	433510
1361	-1396440000	27.3	433510
1361	-1393761600	27.1	433510
1361	-1391169600	26.6	433510
1361	-1388491200	26.6	433510
1361	-1385812800	27.3	433510
1361	-1383393600	28.5	433510
1361	-1380715200	29	433510
1361	-1378123200	28.6	433510
1361	-1375444800	26.5	433510
1361	-1372852800	26.5	433510
1361	-1370174400	26.5	433510
1361	-1367496000	26.2	433510
1361	-1364904000	26.6	433510
1361	-1362225600	27.1	433510
1361	-1359633600	26.7	433510
1361	-1356955200	27	433510
1361	-1354276800	27.5	433510
1361	-1351857600	28.6	433510
1361	-1349179200	29.2	433510
1361	-1346587200	27.5	433510
1361	-1343908800	26	433510
1361	-1341316800	25	433510
1361	-1338638400	25.8	433510
1361	-1335960000	26	433510
1361	-1333368000	26.2	433510
1361	-1330689600	26.6	433510
1361	-1328097600	27	433510
1361	-1325419200	27.2	433510
1361	-1322740800	27.3	433510
1361	-1320235200	27.8	433510
1361	-1317556800	28.5	433510
1361	-1314964800	29	433510
1361	-1312286400	26.7	433510
1361	-1309694400	26.1	433510
1361	-1307016000	25.3	433510
1361	-1304337600	26.1	433510
1361	-1301745600	26.1	433510
1361	-1299067200	27.1	433510
1361	-1296475200	27	433510
1361	-1293796800	26.3	433510
1361	-1291118400	27.2	433510
1361	-1288699200	28.1	433510
1361	-1286020800	28	433510
1361	-1283428800	28.6	433510
1361	-1280750400	26.1	433510
1361	-1278158400	26	433510
1361	-1275480000	25.8	433510
1361	-1272801600	26	433510
1361	-1270209600	26.5	433510
1361	-1267531200	27.3	433510
1361	-1264939200	27.1	433510
1361	-1262260800	26.7	433510
1361	-1259582400	27.3	433510
1361	-1257163200	28.5	433510
1361	-1254484800	28.7	433510
1361	-1251892800	27.7	433510
1361	-1249214400	26.5	433510
1361	-1246622400	26.3	433510
1361	-1243944000	26	433510
1361	-1241265600	26.2	433510
1361	-1238673600	26.6	433510
1361	-1235995200	27	433510
1361	-1233403200	26.8	433510
1361	-1230724800	27.3	433510
1361	-1228046400	27.7	433510
1361	-1225627200	28.5	433510
1361	-1222948800	28.8	433510
1361	-1220356800	28.7	433510
1361	-1217678400	27	433510
1361	-1215086400	26.1	433510
1361	-1212408000	25.6	433510
1361	-1209729600	26	433510
1361	-1207137600	26.5	433510
1361	-1204459200	27.5	433510
1361	-1201867200	27.1	433510
1361	-1199188800	26.3	433510
1361	-1196510400	26.7	433510
1361	-1194004800	28.3	433510
1361	-1191326400	28.5	433510
1361	-1188734400	27.5	433510
1361	-1186056000	27	433510
1361	-1183464000	26	433510
1361	-1180785600	26.5	433510
1361	-1178107200	26.5	433510
1361	-1175515200	26.3	433510
1361	-1172836800	26.6	433510
1361	-1170244800	26.6	433510
1361	-1167566400	27	433510
1361	-1164888000	27.7	433510
1361	-1162468800	28.5	433510
1361	-1159790400	29	433510
1361	-1157198400	27.5	433510
1361	-1154520000	26.5	433510
1361	-1151928000	26.1	433510
1361	-1149249600	25.7	433510
1361	-1146571200	25.8	433510
1361	-1143979200	26.2	433510
1361	-1141300800	26.7	433510
1361	-1138708800	26.7	433510
1361	-1136030400	26.8	433510
1361	-1133352000	26.5	433510
1361	-1130932800	28	433510
1361	-1128254400	28.5	433510
1361	-1125662400	28.5	433510
1361	-1122984000	26.2	433510
1361	-1120392000	26	433510
1361	-1117713600	26.3	433510
1361	-1115035200	26.2	433510
1361	-1112443200	26.6	433510
1361	-1109764800	26.6	433510
1361	-1107172800	26.8	433510
1361	-1104494400	27	433510
1361	-1101816000	27.5	433510
1361	-1099396800	28.3	433510
1361	-1096718400	28.8	433510
1361	-1094126400	29	433510
1361	-1091448000	26.6	433510
1361	-1088856000	26	433510
1361	-1086177600	25.6	433510
1361	-1083499200	26	433510
1361	-1080907200	26.7	433510
1361	-1078228800	27	433510
1361	-1075636800	26.8	433510
1361	-1072958400	26.7	433510
1361	-1070280000	27.2	433510
1361	-1067774400	28.3	433510
1361	-1065096000	29.1	433510
1361	-1062504000	28.1	433510
1361	-1059825600	26.5	433510
1361	-1057233600	25.8	433510
1361	-1054555200	25.8	433510
1361	-1051876800	26.6	433510
1361	-1049284800	27	433510
1361	-1046606400	27.1	433510
1361	-1044014400	27.5	433510
1361	-1041336000	27.1	433510
1361	-1038657600	28	433510
1361	-1036238400	28.5	433510
1361	-1033560000	28.6	433510
1361	-1030968000	28.6	433510
1361	-1028289600	26.2	433510
1361	-1025697600	25.1	433510
1361	-1023019200	26.1	433510
1361	-1020340800	26.6	433510
1361	-1017748800	26.7	433510
1361	-1015070400	27.1	433510
1361	-1012478400	26.1	433510
1361	-1009800000	26.8	433510
1361	-1007121600	27.5	433510
1361	-1004702400	28.6	433510
1361	-1002024000	28.5	433510
1361	-999432000	28.5	433510
1361	-996753600	26	433510
1361	-994161600	25.5	433510
1361	-991483200	26	433510
1361	-988804800	25.8	433510
1361	-986212800	26.3	433510
1361	-983534400	26.5	433510
1361	-980942400	26.7	433510
1361	-978264000	26.3	433510
1361	-975585600	27.5	433510
1361	-973166400	28	433510
1361	-970488000	28.2	433510
1361	-967896000	28	433510
1361	-965217600	26	433510
1361	-962625600	26	433510
1361	-959947200	26	433510
1361	-957268800	26	433510
1361	-954676800	26.5	433510
1361	-951998400	26.6	433510
1361	-949406400	26.6	433510
1361	-946728000	26	433510
1361	-944049600	27.1	433510
1361	-941544000	27.5	433510
1361	-938865600	28.7	433510
1361	-936273600	28.2	433510
1361	-933595200	27	433510
1361	-931003200	25.8	433510
1361	-928324800	25.7	433510
1361	-925646400	26.6	433510
1361	-923054400	27	433510
1361	-920376000	27.1	433510
1361	-917784000	26.8	433510
1361	-915105600	27.2	433510
1361	-912427200	27.7	433510
1361	-910008000	29	433510
1361	-907329600	29.5	433510
1361	-904737600	29	433510
1361	-902059200	26.8	433510
1361	-899467200	26.6	433510
1361	-896788800	26.5	433510
1361	-894110400	26.5	433510
1361	-891518400	27.2	433510
1361	-888840000	27.6	433510
1361	-886248000	26.6	433510
1361	-883569600	26.6	433510
1361	-880891200	27.7	433510
1361	-878472000	29	433510
1361	-875793600	29	433510
1361	-873201600	28.5	433510
1361	-870523200	26.5	433510
1361	-867931200	25.6	433510
1361	-865252800	25.8	433510
1361	-862574400	26.1	433510
1361	-859982400	26.6	433510
1361	-857304000	26.6	433510
1361	-854712000	26.7	433510
1361	-852033600	26.3	433510
1361	-849355200	27.1	433510
1361	-846936000	28.1	433510
1361	-844257600	28.1	433510
1361	-841665600	27.5	433510
1361	-838987200	25.5	433510
1361	-836395200	25.3	433510
1361	-833716800	25.7	433510
1361	-831038400	25.5	433510
1361	-828446400	26	433510
1361	-825768000	26.1	433510
1361	-823176000	26.8	433510
1361	-820497600	26.8	433510
1361	-817819200	27.5	433510
1361	-815313600	28.1	433510
1361	-812635200	28.5	433510
1361	-810043200	28	433510
1361	-807364800	26.5	433510
1361	-804772800	26.1	433510
1361	-802094400	26.3	433510
1361	-799416000	26.5	433510
1361	-796824000	27	433510
1361	-794145600	26.8	433510
1361	-791553600	26.5	433510
1361	-788875200	26.3	433510
1361	-786196800	27.5	433510
1361	-783777600	28.8	433510
1361	-781099200	28.5	433510
1361	-778507200	28.7	433510
1361	-775828800	27	433510
1361	-773236800	25.5	433510
1361	-770558400	26	433510
1361	-767880000	26.2	433510
1361	-765288000	26.5	433510
1361	-762609600	26.8	433510
1361	-760017600	26.3	433510
1361	-757339200	25.3	433510
1361	-754660800	27.1	433510
1361	-752241600	27.8	433510
1361	-749563200	28	433510
1361	-746971200	28.3	433510
1361	-744292800	26.5	433510
1361	-741700800	26	433510
1361	-739022400	25.3	433510
1361	-736344000	26	433510
1361	-733752000	27.1	433510
1361	-731073600	26.8	433510
1361	-728481600	26.6	433510
1361	-725803200	27.2	433510
1361	-723124800	27.3	433510
1361	-720705600	28.3	433510
1361	-718027200	28	433510
1361	-715435200	28.8	433510
1361	-712756800	26.5	433510
1361	-710164800	26.3	433510
1361	-707486400	26	433510
1361	-704808000	25.8	433510
1361	-702216000	26.5	433510
1361	-699537600	27	433510
1361	-696945600	27.1	433510
1361	-694267200	27.3	433510
1361	-691588800	27.5	433510
1361	-689083200	28.8	433510
1361	-686404800	29	433510
1361	-683812800	28.3	433510
1361	-681134400	26.3	433510
1361	-678542400	25.7	433510
1361	-675864000	25.6	433510
1361	-673185600	26.1	433510
1361	-670593600	27	433510
1361	-667915200	27.2	433510
1361	-665323200	27	433510
1361	-662644800	26.5	433510
1361	-659966400	27.2	433510
1361	-657547200	29	433510
1361	-654868800	29	433510
1361	-652276800	28	433510
1361	-649598400	26.6	433510
1361	-647006400	26	433510
1361	-644328000	26.2	433510
1361	-641649600	26.2	433510
1361	-639057600	26.7	433510
1361	-636379200	27	433510
1361	-633787200	26.5	433510
1361	-631108800	26.5	433510
1361	-628430400	27	433510
1361	-626011200	28.3	433510
1361	-623332800	28.7	433510
1361	-620740800	28.8	433510
1361	-618062400	26.5	433510
1361	-615470400	25.1	433510
1361	-612792000	26	433510
1361	-610113600	25.8	433510
1361	-607521600	26.3	433510
1361	-604843200	27	433510
1361	-602251200	26.5	433510
1361	-599572800	27	433510
1361	-596894400	27.3	433510
1361	-594475200	28.6	433510
1361	-591796800	28.5	433510
1361	-589204800	28.8	433510
1361	-586526400	26	433510
1361	-583934400	25.8	433510
1361	-581256000	26.5	433510
1361	-578577600	26.6	433510
1361	-575985600	27.5	433510
1361	-573307200	27.5	433510
1361	-570715200	26.6	433510
1361	-568036800	27.2	433510
1361	-565358400	27.8	433510
1361	-562852800	28.5	433510
1361	-560174400	29	433510
1361	-557582400	28.7	433510
1361	-554904000	26.6	433510
1361	-552312000	26.3	433510
1361	-549633600	26	433510
1361	-546955200	26.2	433510
1361	-544363200	26.3	433510
1361	-541684800	26.8	433510
1361	-539092800	26.7	433510
1361	-536414400	26.8	433510
1361	-533736000	27	433510
1361	-531316800	29	433510
1361	-528638400	28.3	433510
1361	-526046400	28.8	433510
1361	-523368000	27.6	433510
1361	-520776000	25.6	433510
1361	-518097600	26.5	433510
1361	-515419200	26.3	433510
1361	-512827200	27	433510
1361	-510148800	27.2	433510
1361	-507556800	27	433510
1361	-504878400	27.2	433510
1361	-502200000	27.6	433510
1361	-499780800	28.1	433510
1361	-497102400	28.6	433510
1361	-494510400	29	433510
1361	-491832000	27.2	433510
1361	-489240000	25.8	433510
1361	-486561600	25.8	433510
1361	-483883200	26.5	433510
1361	-481291200	26.3	433510
1361	-478612800	26.7	433510
1361	-476020800	27.5	433510
1361	-473342400	28.1	433510
1361	-470664000	28.1	433510
1361	-468244800	28.3	433510
1361	-465566400	28.5	433510
1361	-462974400	27.5	433510
1361	-460296000	25.7	433510
1361	-457704000	26	433510
1361	-455025600	26.3	433510
1361	-452347200	26.5	433510
1361	-449755200	26.5	433510
1361	-447076800	26.3	433510
1361	-444484800	26.6	433510
1361	-441806400	27	433510
1361	-439128000	28.2	433510
1361	-436622400	29.1	433510
1361	-433944000	28.6	433510
1361	-431352000	27	433510
1361	-428673600	25.7	433510
1361	-426081600	25.5	433510
1361	-423403200	26.3	433510
1361	-420724800	26.3	433510
1361	-418132800	26.5	433510
1361	-415454400	27.5	433510
1361	-412862400	27.1	433510
1361	-410184000	27.3	433510
1361	-407505600	28	433510
1361	-405086400	28.6	433510
1361	-402408000	29.2	433510
1361	-399816000	28	433510
1361	-397137600	27.1	433510
1361	-394545600	26.2	433510
1361	-391867200	26.3	433510
1361	-389188800	26.8	433510
1361	-386596800	27	433510
1361	-383918400	26.8	433510
1361	-381326400	27.5	433510
1361	-378648000	27.3	433510
1361	-375969600	27.7	433510
1361	-373550400	28.5	433510
1361	-370872000	29.1	433510
1361	-368280000	27.8	433510
1361	-365601600	27.1	433510
1361	-363009600	26.7	433510
1361	-360331200	26	433510
1361	-357652800	26.6	433510
1361	-355060800	26.2	433510
1361	-352382400	27.2	433510
1361	-349790400	27.5	433510
1361	-347112000	27.5	433510
1361	-344433600	28.1	433510
1361	-342014400	29.5	433510
1361	-339336000	29	433510
1361	-336744000	28.7	433510
1361	-334065600	26.5	433510
1361	-331473600	26	433510
1361	-328795200	26.5	433510
1361	-326116800	26.5	433510
1361	-323524800	26.6	433510
1361	-320846400	27.7	433510
1361	-318254400	27.2	433510
1361	-315576000	27.5	433510
1361	-312897600	28.1	433510
1361	-310392000	28.6	433510
1361	-307713600	28.5	433510
1361	-305121600	27.5	433510
1361	-302443200	26.8	433510
1361	-299851200	26.1	433510
1361	-297172800	26.1	433510
1361	-294494400	26	433510
1361	-291902400	26.6	433510
1361	-289224000	26.2	433510
1361	-286632000	27.1	433510
1361	-283953600	27.5	433510
1361	-281275200	27.5	433510
1361	-278856000	28.7	433510
1361	-276177600	29	433510
1361	-273585600	27.7	433510
1361	-270907200	26.3	433510
1361	-268315200	26.2	433510
1361	-265636800	26	433510
1361	-262958400	26.1	433510
1361	-260366400	26.6	433510
1361	-257688000	27.3	433510
1361	-255096000	27.5	433510
1361	-252417600	27.3	433510
1361	-249739200	28	433510
1361	-247320000	28	433510
1361	-244641600	28.7	433510
1361	-242049600	27.5	433510
1361	-239371200	27.3	433510
1361	-236779200	25.7	433510
1361	-234100800	25.7	433510
1361	-231422400	26.3	433510
1361	-228830400	26.5	433510
1361	-226152000	27.1	433510
1361	-223560000	27.1	433510
1361	-220881600	27.7	433510
1361	-218203200	27.1	433510
1361	-215784000	28.2	433510
1361	-213105600	29	433510
1361	-210513600	28.7	433510
1361	-207835200	26.8	433510
1361	-205243200	26	433510
1361	-202564800	26	433510
1361	-199886400	26.7	433510
1361	-197294400	27	433510
1361	-194616000	27.5	433510
1361	-192024000	27.1	433510
1361	-189345600	26.7	433510
1361	-186667200	27.6	433510
1361	-184161600	28.7	433510
1361	-181483200	29.5	433510
1361	-178891200	28.6	433510
1361	-176212800	26.6	433510
1361	-173620800	25.5	433510
1361	-170942400	26	433510
1361	-168264000	25.5	433510
1361	-165672000	26.3	433510
1361	-162993600	26.3	433510
1361	-160401600	26.1	433510
1361	-157723200	26	433510
1361	-155044800	26.8	433510
1361	-152625600	27.7	433510
1361	-149947200	28.5	433510
1361	-147355200	28	433510
1361	-144676800	26.6	433510
1361	-142084800	26.1	433510
1361	-139406400	25.8	433510
1361	-136728000	26.3	433510
1361	-134136000	27.5	433510
1361	-131457600	27.2	433510
1361	-128865600	26.3	433510
1361	-126187200	27	433510
1361	-123508800	28.1	433510
1361	-121089600	28.2	433510
1361	-118411200	28.8	433510
1361	-115819200	28.2	433510
1361	-113140800	26.5	433510
1361	-110548800	25.7	433510
1361	-107870400	26.5	433510
1361	-105192000	26.1	433510
1361	-102600000	26.6	433510
1361	-99921600	26.7	433510
1361	-97329600	26.8	433510
1361	-94651200	26.2	433510
1361	-91972800	26.1	433510
1361	-89553600	27.6	433510
1361	-86875200	29.1	433510
1361	-84283200	27.5	433510
1361	-81604800	26.3	433510
1361	-79012800	25.6	433510
1361	-76334400	25.5	433510
1361	-73656000	26.2	433510
1361	-71064000	26.8	433510
1361	-68385600	26.5	433510
1361	-65793600	26.8	433510
1361	-63115200	27	433510
1361	-60436800	27.1	433510
1361	-57931200	28.5	433510
1361	-55252800	28.6	433510
1361	-52660800	28	433510
1361	-49982400	26	433510
1361	-47390400	24.6	433510
1361	-44712000	25.8	433510
1361	-42033600	25.8	433510
1361	-39441600	27	433510
1361	-36763200	27	433510
1361	-34171200	26.6	433510
1361	-31492800	26.6	433510
1361	-28814400	27.6	433510
1361	-26395200	28.8	433510
1361	-23716800	28.7	433510
1361	-21124800	27.8	433510
1361	-18446400	26	433510
1361	-15854400	25.3	433510
1361	-13176000	25.8	433510
1361	-10497600	25.8	433510
1361	-7905600	26.6	433510
1361	-5227200	27.1	433510
1361	-2635200	27	433510
1361	43200	27	433510
1361	2721600	27	433510
1361	5140800	28	433510
1361	7819200	28.1	433510
1361	10411200	27.7	433510
1361	13089600	26.3	433510
1361	15681600	25.5	433510
1361	18360000	25.3	433510
1361	21038400	26	433510
1361	23630400	26.1	433510
1361	26308800	27.3	433510
1361	28900800	26.2	433510
1361	31579200	26.8	433510
1361	34257600	27	433510
1361	36676800	27.8	433510
1361	39355200	28.5	433510
1361	41947200	27.2	433510
1361	44625600	25.3	433510
1361	47217600	25.3	433510
1361	49896000	25.5	433510
1361	52574400	25.5	433510
1361	55166400	25.5	433510
1361	57844800	25.6	433510
1361	60436800	25.7	433510
1361	63115200	25.3	433510
1361	65793600	26.3	433510
1361	68299200	27.6	433510
1361	70977600	28.1	433510
1361	73569600	26.8	433510
1361	76248000	26.5	433510
1361	78840000	25.3	433510
1361	81518400	25.7	433510
1361	84196800	26.1	433510
1361	86788800	26.7	433510
1361	89467200	26.8	433510
1361	92059200	26.1	433510
1361	94737600	26.1	433510
1361	97416000	27.5	433510
1361	99835200	28.7	433510
1361	102513600	29.2	433510
1361	105105600	28.7	433510
1361	107784000	26.6	433510
1361	110376000	25.8	433510
1361	113054400	25	433510
1361	115732800	26.5	433510
1361	118324800	27	433510
1361	121003200	27	433510
1361	123595200	26.5	433510
1361	126273600	26.1	433510
1361	128952000	27.1	433510
1361	131371200	28.7	433510
1361	134049600	29	433510
1361	136641600	28.2	433510
1361	139320000	27	433510
1361	141912000	25.8	433510
1361	144590400	26.3	433510
1361	147268800	26.5	433510
1361	149860800	26.6	433510
1361	152539200	26.8	433510
1361	155131200	26.5	433510
1361	157809600	26.2	433510
1361	160488000	28	433510
1361	162907200	28.7	433510
1361	165585600	29.3	433510
1361	168177600	28.2	433510
1361	170856000	26.1	433510
1361	173448000	26	433510
1361	176126400	25.7	433510
1361	178804800	26.3	433510
1361	181396800	26	433510
1361	184075200	26.8	433510
1361	186667200	26.2	433510
1361	189345600	26	433510
1361	192024000	27	433510
1361	194529600	28.3	433510
1361	197208000	28.6	433510
1361	199800000	28.5	433510
1361	202478400	27.6	433510
1361	205070400	26.3	433510
1361	207748800	26.5	433510
1361	210427200	27	433510
1361	213019200	27.5	433510
1361	215697600	27.3	433510
1361	218289600	27.5	433510
1361	220968000	26.7	433510
1361	223646400	27.8	433510
1361	226065600	29	433510
1361	228744000	29.3	433510
1361	231336000	27.8	433510
1361	234014400	26.8	433510
1361	236606400	26.5	433510
1361	239284800	27	433510
1361	241963200	27	433510
1361	244555200	27.5	433510
1361	247233600	27.2	433510
1361	249825600	27	433510
1361	252504000	26.7	433510
1361	255182400	27.8	433510
1361	257601600	28.5	433510
1361	260280000	29.1	433510
1361	262872000	28.5	433510
1361	265550400	26	433510
1361	268142400	26	433510
1361	270820800	26	433510
1361	273499200	26.5	433510
1361	276091200	27.2	433510
1361	278769600	27.6	433510
1361	281361600	28.2	433510
1361	284040000	28	433510
1361	286718400	28.3	433510
1361	289137600	29.3	433510
1361	291816000	29.6	433510
1361	294408000	29.1	433510
1361	297086400	27.6	433510
1361	299678400	26.3	433510
1361	302356800	26.7	433510
1361	305035200	27.2	433510
1361	307627200	27.8	433510
1361	310305600	27.5	433510
1361	312897600	28.3	433510
1361	315576000	27	433510
1361	318254400	28	433510
1361	320760000	29.1	433510
1361	323438400	29.6	433510
1361	326030400	30	433510
1361	328708800	27	433510
1361	331300800	26.1	433510
1361	333979200	26.5	433510
1361	336657600	27.5	433510
1361	339249600	27.6	433510
1361	341928000	28	433510
1361	344520000	27.8	433510
1361	347198400	27.5	433510
1361	349876800	27.8	433510
1361	352296000	29	433510
1361	354974400	29.7	433510
1361	357566400	29.2	433510
1361	360244800	26.3	433510
1361	362836800	26.7	433510
1361	365515200	26.5	433510
1361	368193600	26.7	433510
1361	370785600	27.5	433510
1361	373464000	27.5	433510
1361	376056000	27.7	433510
1361	378734400	27.1	433510
1361	381412800	28	433510
1361	383832000	28.8	433510
1361	386510400	29.5	433510
1361	389102400	29.2	433510
1361	391780800	27	433510
1361	394372800	26.3	433510
1361	397051200	27	433510
1361	399729600	27.3	433510
1361	402321600	28	433510
1361	4.05e+08	28.7	433510
1361	407592000	27.5	433510
1362	-2461406400	25.4	433630
1362	-2458728000	26.5	433630
1362	-2456222400	28.3	433630
1362	-2453544000	29.6	433630
1362	-2450952000	30.2	433630
1362	-2448273600	29.2	433630
1362	-2445681600	29.3	433630
1362	-2443003200	28.4	433630
1362	-2440324800	28.2	433630
1362	-2437732800	28.2	433630
1362	-2435054400	27	433630
1362	-2432462400	25.6	433630
1362	-2429784000	25.8	433630
1362	-2427105600	26.5	433630
1362	-2424686400	27.8	433630
1362	-2422008000	29.2	433630
1362	-2419416000	29.6	433630
1362	-2416737600	29.1	433630
1362	-2414145600	28.8	433630
1362	-2411467200	28.4	433630
1362	-2408788800	28.1	433630
1362	-2406196800	28.1	433630
1362	-2403518400	26.3	433630
1362	-2400926400	24.9	433630
1362	-2398248000	25.7	433630
1362	-2395569600	26.7	433630
1362	-2393150400	28.4	433630
1362	-2390472000	29.7	433630
1362	-2387880000	30.1	433630
1362	-2385201600	29.7	433630
1362	-2382609600	29	433630
1362	-2379931200	28.7	433630
1362	-2377252800	28.3	433630
1362	-2374660800	28	433630
1362	-2371982400	26.5	433630
1362	-2369390400	25.8	433630
1362	-2366712000	26.1	433630
1362	-2364033600	26.7	433630
1362	-2361614400	27.8	433630
1362	-2358936000	29.7	433630
1362	-2356344000	30.4	433630
1362	-2353665600	29.9	433630
1362	-2351073600	29.2	433630
1362	-2348395200	28.9	433630
1362	-2345716800	29	433630
1362	-2343124800	27.7	433630
1362	-2340446400	26.9	433630
1362	-2337854400	25.5	433630
1362	-2335176000	25.6	433630
1362	-2332497600	26.7	433630
1362	-2329992000	28.1	433630
1362	-2327313600	30.5	433630
1362	-2324721600	30.3	433630
1362	-2322043200	29.7	433630
1362	-2319451200	29.3	433630
1362	-2316772800	28.5	433630
1362	-2314094400	29.1	433630
1362	-2311502400	27.8	433630
1362	-2308824000	27	433630
1362	-2306232000	25.6	433630
1362	-2303553600	26.7	433630
1362	-2300875200	27.4	433630
1362	-2298456000	29.1	433630
1362	-2295777600	29.9	433630
1362	-2293185600	30.9	433630
1362	-2290507200	29.4	433630
1362	-2287915200	29.2	433630
1362	-2285236800	29.4	433630
1362	-2282558400	28.7	433630
1362	-2279966400	28.8	433630
1362	-2277288000	27.4	433630
1362	-2274696000	25.3	433630
1362	-2272017600	25.4	433630
1362	-2269339200	26.3	433630
1362	-2266920000	27.7	433630
1362	-2264241600	29.4	433630
1362	-2261649600	30.4	433630
1362	-2258971200	29.7	433630
1362	-2256379200	29.4	433630
1362	-2253700800	29.4	433630
1362	-2251022400	28.7	433630
1362	-2248430400	27.8	433630
1362	-2245752000	26.8	433630
1362	-2243160000	25.8	433630
1362	-2240481600	25.5	433630
1362	-2237803200	26.1	433630
1362	-2235384000	27	433630
1362	-2232705600	27.3	433630
1362	-2230113600	29.6	433630
1362	-2227435200	29.6	433630
1362	-2224843200	29.2	433630
1362	-2222164800	28.2	433630
1362	-2219486400	28.7	433630
1362	-2216894400	27.4	433630
1362	-2214216000	26.4	433630
1362	-2211624000	25.4	433630
1362	-2208945600	25.4	433630
1362	-2206267200	26.6	433630
1362	-2203848000	28.1	433630
1362	-2201169600	28.4	433630
1362	-2198577600	29.8	433630
1362	-2195899200	29.6	433630
1362	-2193307200	28.7	433630
1362	-2190628800	28.7	433630
1362	-2187950400	28.6	433630
1362	-2185358400	28	433630
1362	-2182680000	26.7	433630
1362	-2180088000	26.2	433630
1362	-2177409600	27	433630
1362	-2174731200	27.6	433630
1362	-2172312000	28.1	433630
1362	-2169633600	29.1	433630
1362	-2167041600	30	433630
1362	-2164363200	29.7	433630
1362	-2161771200	29.1	433630
1362	-2159092800	29	433630
1362	-2156414400	28.8	433630
1362	-2153822400	28.5	433630
1362	-2151144000	26.7	433630
1362	-2148552000	26	433630
1362	-2145873600	26.5	433630
1362	-2143195200	25.6	433630
1362	-2140776000	27.8	433630
1362	-2138097600	30.1	433630
1362	-2135505600	30.3	433630
1362	-2132827200	30	433630
1362	-2130235200	28.8	433630
1362	-2127556800	29.1	433630
1362	-2124878400	29	433630
1362	-2122286400	27.6	433630
1362	-2119608000	26.6	433630
1362	-2117016000	26.3	433630
1362	-2114337600	26.5	433630
1362	-2111659200	27.5	433630
1362	-2109240000	28.2	433630
1362	-2106561600	30.3	433630
1362	-2103969600	30.5	433630
1362	-2101291200	30.1	433630
1362	-2098699200	29.2	433630
1362	-2096020800	28.8	433630
1362	-2093342400	29	433630
1362	-2090750400	29	433630
1362	-2088072000	27.3	433630
1362	-2085480000	25.6	433630
1362	-2082801600	25.5	433630
1362	-2080123200	25.8	433630
1362	-2077617600	27.3	433630
1362	-2074939200	30.3	433630
1362	-2072347200	30.5	433630
1362	-2069668800	29.2	433630
1362	-2067076800	28.8	433630
1362	-2064398400	29	433630
1362	-2061720000	29.3	433630
1362	-2059128000	28.6	433630
1362	-2056449600	27.5	433630
1362	-2053857600	25.5	433630
1362	-2051179200	25.5	433630
1362	-2048500800	26.8	433630
1362	-2046081600	29.2	433630
1362	-2043403200	29.2	433630
1362	-2040811200	30	433630
1362	-2038132800	30	433630
1362	-2035540800	30.5	433630
1362	-2032862400	29.3	433630
1362	-2030184000	29.5	433630
1362	-2027592000	28.5	433630
1362	-2024913600	27	433630
1362	-2022321600	26.2	433630
1362	-2019643200	26.5	433630
1362	-2016964800	27.7	433630
1362	-2014545600	28.6	433630
1362	-2011867200	30.6	433630
1362	-2009275200	30.5	433630
1362	-2006596800	29.8	433630
1362	-2004004800	29.7	433630
1362	-2001326400	28.5	433630
1362	-1998648000	29.5	433630
1362	-1996056000	28	433630
1362	-1993377600	26.3	433630
1362	-1990785600	26.2	433630
1362	-1988107200	25.7	433630
1362	-1985428800	26.5	433630
1362	-1983009600	28.6	433630
1362	-1980331200	29.5	433630
1362	-1977739200	30.2	433630
1362	-1975060800	30	433630
1362	-1972468800	29.5	433630
1362	-1969790400	28.7	433630
1362	-1967112000	29.6	433630
1362	-1964520000	28	433630
1362	-1961841600	26.8	433630
1362	-1959249600	26.1	433630
1362	-1956571200	25.7	433630
1362	-1953892800	26	433630
1362	-1951387200	27.7	433630
1362	-1948708800	30.6	433630
1362	-1946116800	30	433630
1362	-1943438400	29.3	433630
1362	-1940846400	29	433630
1362	-1938168000	28.8	433630
1362	-1935489600	28.5	433630
1362	-1932897600	28	433630
1362	-1930219200	26.5	433630
1362	-1927627200	25.2	433630
1362	-1924948800	25.5	433630
1362	-1922270400	26.2	433630
1362	-1919851200	28.1	433630
1362	-1917172800	30	433630
1362	-1914580800	29.5	433630
1362	-1911902400	29.1	433630
1362	-1909310400	28.5	433630
1362	-1906632000	28	433630
1362	-1903953600	28.5	433630
1362	-1901361600	28	433630
1362	-1898683200	27	433630
1362	-1896091200	26.3	433630
1362	-1893412800	25.7	433630
1362	-1890734400	26	433630
1362	-1888315200	27.2	433630
1362	-1885636800	28.8	433630
1362	-1883044800	30.5	433630
1362	-1880366400	29.6	433630
1362	-1877774400	29	433630
1362	-1875096000	28.5	433630
1362	-1872417600	28.8	433630
1362	-1869825600	28	433630
1362	-1867147200	26.8	433630
1362	-1864555200	25.5	433630
1362	-1861876800	25.5	433630
1362	-1859198400	26.3	433630
1362	-1856779200	28	433630
1362	-1854100800	29.1	433630
1362	-1851508800	29.5	433630
1362	-1848830400	28.5	433630
1362	-1846238400	28.2	433630
1362	-1843560000	28.6	433630
1362	-1840881600	29	433630
1362	-1838289600	27.6	433630
1362	-1835611200	26.5	433630
1362	-1833019200	25.6	433630
1362	-1830340800	25	433630
1362	-1827662400	27	433630
1362	-1825156800	29	433630
1362	-1822478400	30	433630
1362	-1819886400	30.1	433630
1362	-1817208000	29.3	433630
1362	-1814616000	29.5	433630
1362	-1811937600	29.1	433630
1362	-1809259200	28.6	433630
1362	-1806667200	28	433630
1362	-1803988800	27.5	433630
1362	-1801396800	25.7	433630
1362	-1798718400	25	433630
1362	-1796040000	26.7	433630
1362	-1793620800	28.5	433630
1362	-1790942400	30.3	433630
1362	-1788350400	30.3	433630
1362	-1785672000	30.5	433630
1362	-1783080000	29	433630
1362	-1780401600	28.8	433630
1362	-1777723200	28.7	433630
1362	-1775131200	28.1	433630
1362	-1772452800	26	433630
1362	-1769860800	25.6	433630
1362	-1767182400	25.5	433630
1362	-1764504000	26.5	433630
1362	-1762084800	28	433630
1362	-1759406400	29.8	433630
1362	-1756814400	29.6	433630
1362	-1754136000	29.7	433630
1362	-1751544000	29	433630
1362	-1748865600	28.6	433630
1362	-1746187200	29	433630
1362	-1743595200	27.5	433630
1362	-1740916800	26.5	433630
1362	-1738324800	26	433630
1362	-1735646400	25.5	433630
1362	-1732968000	26.3	433630
1362	-1730548800	27.6	433630
1362	-1727870400	29.1	433630
1362	-1725278400	29.7	433630
1362	-1722600000	29.3	433630
1362	-1720008000	29	433630
1362	-1717329600	29.6	433630
1362	-1714651200	29	433630
1362	-1712059200	28.8	433630
1362	-1709380800	27.6	433630
1362	-1706788800	26.5	433630
1362	-1704110400	26	433630
1362	-1701432000	27	433630
1362	-1698926400	28.5	433630
1362	-1696248000	30.3	433630
1362	-1693656000	30.5	433630
1362	-1690977600	29	433630
1362	-1688385600	28.5	433630
1362	-1685707200	28.5	433630
1362	-1683028800	28.2	433630
1362	-1680436800	28.5	433630
1362	-1677758400	28	433630
1362	-1675166400	25.7	433630
1362	-1672488000	25.2	433630
1362	-1669809600	26	433630
1362	-1667390400	27.2	433630
1362	-1664712000	29.3	433630
1362	-1662120000	29.7	433630
1362	-1659441600	27.6	433630
1362	-1656849600	29	433630
1362	-1654171200	29	433630
1362	-1651492800	28.7	433630
1362	-1648900800	28.5	433630
1362	-1646222400	27.8	433630
1362	-1643630400	26	433630
1362	-1640952000	25.5	433630
1362	-1638273600	25.5	433630
1362	-1635854400	26.6	433630
1362	-1633176000	27.8	433630
1362	-1630584000	28.2	433630
1362	-1627905600	28.5	433630
1362	-1625313600	28.2	433630
1362	-1622635200	28.6	433630
1362	-1619956800	28	433630
1362	-1617364800	28.2	433630
1362	-1614686400	27.3	433630
1362	-1612094400	26.3	433630
1362	-1609416000	27	433630
1362	-1606737600	28	433630
1362	-1604318400	27.8	433630
1362	-1601640000	29.7	433630
1362	-1599048000	31	433630
1362	-1596369600	29.5	433630
1362	-1593777600	28.7	433630
1362	-1591099200	28.2	433630
1362	-1588420800	28.5	433630
1362	-1585828800	28.5	433630
1362	-1583150400	27.5	433630
1362	-1580558400	26.5	433630
1362	-1577880000	26.3	433630
1362	-1575201600	27.3	433630
1362	-1572696000	28.6	433630
1362	-1570017600	29.8	433630
1362	-1567425600	30.5	433630
1362	-1564747200	30.2	433630
1362	-1562155200	29.5	433630
1362	-1559476800	29.2	433630
1362	-1556798400	29.1	433630
1362	-1554206400	29.1	433630
1362	-1551528000	27.7	433630
1362	-1548936000	26	433630
1362	-1546257600	26.1	433630
1362	-1543579200	27	433630
1362	-1541160000	28.7	433630
1362	-1538481600	30.1	433630
1362	-1535889600	31	433630
1362	-1533211200	30.7	433630
1362	-1530619200	29.2	433630
1362	-1527940800	29.2	433630
1362	-1525262400	29	433630
1362	-1522670400	28.8	433630
1362	-1519992000	28	433630
1362	-1517400000	26.5	433630
1362	-1514721600	26.3	433630
1362	-1512043200	26.3	433630
1362	-1509624000	27.8	433630
1362	-1506945600	29.3	433630
1362	-1504353600	30.2	433630
1362	-1501675200	30.2	433630
1362	-1499083200	29.5	433630
1362	-1496404800	29.1	433630
1362	-1493726400	28.8	433630
1362	-1491134400	28.5	433630
1362	-1488456000	28.3	433630
1362	-1485864000	26.3	433630
1362	-1483185600	25.5	433630
1362	-1480507200	27	433630
1362	-1478088000	28.3	433630
1362	-1475409600	30.5	433630
1362	-1472817600	30.3	433630
1362	-1470139200	30	433630
1362	-1467547200	29.1	433630
1362	-1464868800	28.8	433630
1362	-1462190400	29.3	433630
1362	-1459598400	28.7	433630
1362	-1456920000	28	433630
1362	-1454328000	25.3	433630
1362	-1451649600	26	433630
1362	-1448971200	27.2	433630
1362	-1446465600	28.7	433630
1362	-1443787200	30.2	433630
1362	-1441195200	32.1	433630
1362	-1438516800	30.5	433630
1362	-1435924800	29.7	433630
1362	-1433246400	29.1	433630
1362	-1430568000	29.2	433630
1362	-1427976000	29.1	433630
1362	-1425297600	28.5	433630
1362	-1422705600	26.3	433630
1362	-1420027200	25	433630
1362	-1417348800	26.5	433630
1362	-1414929600	28.2	433630
1362	-1412251200	31	433630
1362	-1409659200	31	433630
1362	-1406980800	29.8	433630
1362	-1404388800	28.7	433630
1362	-1401710400	28.5	433630
1362	-1399032000	28.5	433630
1362	-1396440000	28.5	433630
1362	-1393761600	26.8	433630
1362	-1391169600	25.6	433630
1362	-1388491200	25.8	433630
1362	-1385812800	26.6	433630
1362	-1383393600	28.6	433630
1362	-1380715200	30.3	433630
1362	-1378123200	30.1	433630
1362	-1375444800	29.6	433630
1362	-1372852800	29	433630
1362	-1370174400	29	433630
1362	-1367496000	28.6	433630
1362	-1364904000	28.3	433630
1362	-1362225600	26.2	433630
1362	-1359633600	26	433630
1362	-1356955200	25.7	433630
1362	-1354276800	26.7	433630
1362	-1351857600	28.5	433630
1362	-1349179200	29.1	433630
1362	-1346587200	29.3	433630
1362	-1343908800	29	433630
1362	-1341316800	29.1	433630
1362	-1338638400	28.7	433630
1362	-1335960000	28.5	433630
1362	-1333368000	28.2	433630
1362	-1330689600	27.2	433630
1362	-1328097600	26.2	433630
1362	-1325419200	26.2	433630
1362	-1322740800	26.6	433630
1362	-1320235200	27.8	433630
1362	-1317556800	29.8	433630
1362	-1314964800	30.5	433630
1362	-1312286400	29.5	433630
1362	-1309694400	28.6	433630
1362	-1307016000	29	433630
1362	-1304337600	29.2	433630
1362	-1301745600	28.5	433630
1362	-1299067200	26.5	433630
1362	-1296475200	26	433630
1362	-1293796800	26	433630
1362	-1291118400	27	433630
1362	-1288699200	28.2	433630
1362	-1286020800	28.8	433630
1362	-1283428800	29.7	433630
1362	-1280750400	29	433630
1362	-1278158400	29	433630
1362	-1275480000	28.5	433630
1362	-1272801600	28.2	433630
1362	-1270209600	28	433630
1362	-1267531200	26.5	433630
1362	-1264939200	25.6	433630
1362	-1262260800	25.7	433630
1362	-1259582400	27.5	433630
1362	-1257163200	28	433630
1362	-1254484800	29.7	433630
1362	-1251892800	29.3	433630
1362	-1249214400	29.3	433630
1362	-1246622400	29.7	433630
1362	-1243944000	28.5	433630
1362	-1241265600	28.6	433630
1362	-1238673600	27.5	433630
1362	-1235995200	27.2	433630
1362	-1233403200	26.6	433630
1362	-1230724800	26.1	433630
1362	-1228046400	27.3	433630
1362	-1225627200	28.3	433630
1362	-1222948800	30.2	433630
1362	-1220356800	30.7	433630
1362	-1217678400	29.7	433630
1362	-1215086400	29.1	433630
1362	-1212408000	29.2	433630
1362	-1209729600	28.8	433630
1362	-1207137600	28.5	433630
1362	-1204459200	26.6	433630
1362	-1201867200	25.5	433630
1362	-1199188800	25.7	433630
1362	-1196510400	26.6	433630
1362	-1194004800	27.8	433630
1362	-1191326400	29.5	433630
1362	-1188734400	29.7	433630
1362	-1186056000	29	433630
1362	-1183464000	28.7	433630
1362	-1180785600	28.3	433630
1362	-1178107200	28.6	433630
1362	-1175515200	27.7	433630
1362	-1172836800	27.3	433630
1362	-1170244800	25.6	433630
1362	-1167566400	25.7	433630
1362	-1164888000	26.6	433630
1362	-1162468800	27.8	433630
1362	-1159790400	29.3	433630
1362	-1157198400	29.6	433630
1362	-1154520000	29	433630
1362	-1151928000	29.2	433630
1362	-1149249600	28.5	433630
1362	-1146571200	28.5	433630
1362	-1143979200	27.7	433630
1362	-1141300800	27	433630
1362	-1138708800	26	433630
1362	-1136030400	25.7	433630
1362	-1133352000	25.5	433630
1362	-1130932800	27.3	433630
1362	-1128254400	29.6	433630
1362	-1125662400	30	433630
1362	-1122984000	29.8	433630
1362	-1120392000	29	433630
1362	-1117713600	29.1	433630
1362	-1115035200	29	433630
1362	-1112443200	28.2	433630
1362	-1109764800	27.1	433630
1362	-1107172800	25.6	433630
1362	-1104494400	25.6	433630
1362	-1101816000	26.2	433630
1362	-1099396800	27.7	433630
1362	-1096718400	30.1	433630
1362	-1094126400	30.7	433630
1362	-1091448000	30	433630
1362	-1088856000	28.6	433630
1362	-1086177600	28.5	433630
1362	-1083499200	28.7	433630
1362	-1080907200	28	433630
1362	-1078228800	26.6	433630
1362	-1075636800	26	433630
1362	-1072958400	26.5	433630
1362	-1070280000	27.2	433630
1362	-1067774400	28.3	433630
1362	-1065096000	30	433630
1362	-1062504000	30.5	433630
1362	-1059825600	29	433630
1362	-1057233600	29.8	433630
1362	-1054555200	29.7	433630
1362	-1051876800	28.7	433630
1362	-1049284800	28	433630
1362	-1046606400	27	433630
1362	-1044014400	26.6	433630
1362	-1041336000	26	433630
1362	-1038657600	27.2	433630
1362	-1036238400	27.6	433630
1362	-1033560000	29.1	433630
1362	-1030968000	30.5	433630
1362	-1028289600	29.5	433630
1362	-1025697600	29	433630
1362	-1023019200	29.3	433630
1362	-1020340800	29	433630
1362	-1017748800	28	433630
1362	-1015070400	27	433630
1362	-1012478400	26.2	433630
1362	-1009800000	26.5	433630
1362	-1007121600	26.7	433630
1362	-1004702400	28.5	433630
1362	-1002024000	29.5	433630
1362	-999432000	30.3	433630
1362	-996753600	29.5	433630
1362	-994161600	28.8	433630
1362	-991483200	28.6	433630
1362	-988804800	28.7	433630
1362	-986212800	27.8	433630
1362	-983534400	27	433630
1362	-980942400	25.6	433630
1362	-978264000	25.3	433630
1362	-975585600	25.8	433630
1362	-973166400	27.6	433630
1362	-970488000	29	433630
1362	-967896000	28.8	433630
1362	-965217600	29	433630
1362	-962625600	28.5	433630
1362	-959947200	28.3	433630
1362	-957268800	28.5	433630
1362	-954676800	28.5	433630
1362	-951998400	26.3	433630
1362	-949406400	26.2	433630
1362	-946728000	25.1	433630
1362	-944049600	26.5	433630
1362	-941544000	28.5	433630
1362	-938865600	29.6	433630
1362	-936273600	30.3	433630
1362	-933595200	29.8	433630
1362	-931003200	29.5	433630
1362	-928324800	29	433630
1362	-925646400	30.2	433630
1362	-923054400	29.5	433630
1362	-920376000	27.1	433630
1362	-917784000	26.5	433630
1362	-915105600	26.3	433630
1362	-912427200	26.8	433630
1362	-910008000	28	433630
1362	-907329600	29.8	433630
1362	-904737600	30.8	433630
1362	-902059200	29.5	433630
1362	-899467200	29	433630
1362	-896788800	29	433630
1362	-894110400	29	433630
1362	-891518400	28.2	433630
1362	-888840000	27	433630
1362	-886248000	26.5	433630
1362	-883569600	26.5	433630
1362	-880891200	27	433630
1362	-878472000	28.1	433630
1362	-875793600	29.3	433630
1362	-873201600	30.5	433630
1362	-870523200	30	433630
1362	-867931200	29.2	433630
1362	-865252800	29.1	433630
1362	-862574400	29	433630
1362	-859982400	28.7	433630
1362	-857304000	27.3	433630
1362	-854712000	25.8	433630
1362	-852033600	26	433630
1362	-849355200	26.5	433630
1362	-846936000	27.8	433630
1362	-844257600	29	433630
1362	-841665600	29.1	433630
1362	-838987200	29.3	433630
1362	-836395200	29.2	433630
1362	-833716800	29	433630
1362	-831038400	29	433630
1362	-828446400	27.2	433630
1362	-825768000	27.1	433630
1362	-823176000	26	433630
1362	-820497600	26	433630
1362	-817819200	27	433630
1362	-815313600	27.5	433630
1362	-812635200	28.5	433630
1362	-810043200	30.5	433630
1362	-807364800	29.8	433630
1362	-804772800	30	433630
1362	-802094400	29.8	433630
1362	-799416000	29.8	433630
1362	-796824000	29.8	433630
1362	-794145600	27.3	433630
1362	-791553600	25.7	433630
1362	-788875200	25.8	433630
1362	-786196800	26.7	433630
1362	-783777600	27.7	433630
1362	-781099200	28.7	433630
1362	-778507200	29.3	433630
1362	-775828800	29.7	433630
1362	-773236800	29.8	433630
1362	-770558400	29.1	433630
1362	-767880000	29	433630
1362	-765288000	28.7	433630
1362	-762609600	26.5	433630
1362	-760017600	25.3	433630
1362	-757339200	25.5	433630
1362	-754660800	26.5	433630
1362	-752241600	27.6	433630
1362	-749563200	29.1	433630
1362	-746971200	29.6	433630
1362	-744292800	29.5	433630
1362	-741700800	29.5	433630
1362	-739022400	29.1	433630
1362	-736344000	28.7	433630
1362	-733752000	27.8	433630
1362	-731073600	27.3	433630
1362	-728481600	26.5	433630
1362	-725803200	26.5	433630
1362	-723124800	26.6	433630
1362	-720705600	27.5	433630
1362	-718027200	29.5	433630
1362	-715435200	30.5	433630
1362	-712756800	29.8	433630
1362	-710164800	29.5	433630
1362	-707486400	29.5	433630
1362	-704808000	28.6	433630
1362	-702216000	27.5	433630
1362	-699537600	27	433630
1362	-696945600	25.8	433630
1362	-694267200	25.8	433630
1362	-691588800	26.2	433630
1362	-689083200	27.5	433630
1362	-686404800	29.5	433630
1362	-683812800	30	433630
1362	-681134400	29	433630
1362	-678542400	29.1	433630
1362	-675864000	29.5	433630
1362	-673185600	29.2	433630
1362	-670593600	28.7	433630
1362	-667915200	27.2	433630
1362	-665323200	25.5	433630
1362	-662644800	25.5	433630
1362	-659966400	26.5	433630
1362	-657547200	28.2	433630
1362	-654868800	30.2	433630
1362	-652276800	29.7	433630
1362	-649598400	29.6	433630
1362	-647006400	29.3	433630
1362	-644328000	29.5	433630
1362	-641649600	28.8	433630
1362	-639057600	28.5	433630
1362	-636379200	27	433630
1362	-633787200	25.7	433630
1362	-631108800	25.5	433630
1362	-628430400	26.7	433630
1362	-626011200	28.1	433630
1362	-623332800	29.2	433630
1362	-620740800	30.7	433630
1362	-618062400	29.3	433630
1362	-615470400	28.7	433630
1362	-612792000	28.3	433630
1362	-610113600	28.7	433630
1362	-607521600	28	433630
1362	-604843200	27.1	433630
1362	-602251200	26	433630
1362	-599572800	25.6	433630
1362	-596894400	25.5	433630
1362	-594475200	28.2	433630
1362	-591796800	29.1	433630
1362	-589204800	30.5	433630
1362	-586526400	29.5	433630
1362	-583934400	28.7	433630
1362	-581256000	29.1	433630
1362	-578577600	29	433630
1362	-575985600	28.6	433630
1362	-573307200	27	433630
1362	-570715200	26.2	433630
1362	-568036800	26	433630
1362	-565358400	27.1	433630
1362	-562852800	28	433630
1362	-560174400	29.8	433630
1362	-557582400	30.3	433630
1362	-554904000	29.5	433630
1362	-552312000	29	433630
1362	-549633600	29	433630
1362	-546955200	28.5	433630
1362	-544363200	28.6	433630
1362	-541684800	27.8	433630
1362	-539092800	27	433630
1362	-536414400	27.2	433630
1362	-533736000	27.6	433630
1362	-531316800	30	433630
1362	-528638400	30.7	433630
1362	-526046400	31	433630
1362	-523368000	30.3	433630
1362	-520776000	29.5	433630
1362	-518097600	29	433630
1362	-515419200	29	433630
1362	-512827200	28.1	433630
1362	-510148800	27.1	433630
1362	-507556800	25.8	433630
1362	-504878400	26	433630
1362	-502200000	26.8	433630
1362	-499780800	28	433630
1362	-497102400	29.5	433630
1362	-494510400	30.3	433630
1362	-491832000	29.5	433630
1362	-489240000	28.6	433630
1362	-486561600	28.2	433630
1362	-483883200	28.6	433630
1362	-481291200	27.3	433630
1362	-478612800	26.6	433630
1362	-476020800	25.8	433630
1362	-473342400	26.1	433630
1362	-470664000	26.2	433630
1362	-468244800	27.3	433630
1362	-465566400	29	433630
1362	-462974400	29.2	433630
1362	-460296000	28.7	433630
1362	-457704000	28.1	433630
1362	-455025600	28.2	433630
1362	-452347200	28.3	433630
1362	-449755200	28	433630
1362	-447076800	26.7	433630
1362	-444484800	25.1	433630
1362	-441806400	25.1	433630
1362	-439128000	25.7	433630
1362	-436622400	27.3	433630
1362	-433944000	29	433630
1362	-431352000	28.8	433630
1362	-428673600	28	433630
1362	-426081600	27.6	433630
1362	-423403200	27.2	433630
1362	-420724800	27.2	433630
1362	-418132800	27	433630
1362	-415454400	26.2	433630
1362	-412862400	25.2	433630
1362	-410184000	25.5	433630
1362	-407505600	26	433630
1362	-405086400	26.7	433630
1362	-402408000	28.5	433630
1362	-399816000	29.6	433630
1362	-397137600	29	433630
1362	-394545600	28.3	433630
1362	-391867200	28	433630
1362	-389188800	27.6	433630
1362	-386596800	27.3	433630
1362	-383918400	26.5	433630
1362	-381326400	25.2	433630
1362	-378648000	26	433630
1362	-375969600	26.5	433630
1362	-373550400	28.1	433630
1362	-370872000	29	433630
1362	-368280000	29	433630
1362	-365601600	28.8	433630
1362	-363009600	28.2	433630
1362	-360331200	28	433630
1362	-357652800	28	433630
1362	-355060800	27.5	433630
1362	-352382400	27	433630
1362	-349790400	27	433630
1362	-347112000	26.7	433630
1362	-344433600	27.5	433630
1362	-342014400	28	433630
1362	-339336000	29.8	433630
1362	-336744000	30.5	433630
1362	-334065600	29.5	433630
1362	-331473600	29	433630
1362	-328795200	29	433630
1362	-326116800	28.8	433630
1362	-323524800	28.1	433630
1362	-320846400	27	433630
1362	-318254400	26.3	433630
1362	-315576000	26.6	433630
1362	-312897600	26.6	433630
1362	-310392000	27.7	433630
1362	-307713600	29.1	433630
1362	-305121600	29.3	433630
1362	-302443200	29.7	433630
1362	-299851200	29	433630
1362	-297172800	29	433630
1362	-294494400	28.5	433630
1362	-291902400	27.7	433630
1362	-289224000	26.3	433630
1362	-286632000	26.6	433630
1362	-283953600	26.2	433630
1362	-281275200	26.8	433630
1362	-278856000	28.8	433630
1362	-276177600	30.2	433630
1362	-273585600	30.1	433630
1362	-270907200	29	433630
1362	-268315200	28.7	433630
1362	-265636800	29.1	433630
1362	-262958400	29	433630
1362	-260366400	28.6	433630
1362	-257688000	26.6	433630
1362	-255096000	25.7	433630
1362	-252417600	25.5	433630
1362	-249739200	26.6	433630
1362	-247320000	28	433630
1362	-244641600	29.5	433630
1362	-242049600	29.8	433630
1362	-239371200	29.5	433630
1362	-236779200	29	433630
1362	-234100800	29	433630
1362	-231422400	28.8	433630
1362	-228830400	27.7	433630
1362	-226152000	26.7	433630
1362	-223560000	26.3	433630
1362	-220881600	25.5	433630
1362	-218203200	26.7	433630
1362	-215784000	27.8	433630
1362	-213105600	29.1	433630
1362	-210513600	30.5	433630
1362	-207835200	30.2	433630
1362	-205243200	29.5	433630
1362	-202564800	29.7	433630
1362	-199886400	29.8	433630
1362	-197294400	28.5	433630
1362	-194616000	26.7	433630
1362	-192024000	26.2	433630
1362	-189345600	26.2	433630
1362	-186667200	28	433630
1362	-184161600	29	433630
1362	-181483200	30.5	433630
1362	-178891200	30.6	433630
1362	-176212800	30.2	433630
1362	-173620800	29.1	433630
1362	-170942400	28.7	433630
1362	-168264000	29.3	433630
1362	-165672000	28.5	433630
1362	-162993600	27	433630
1362	-160401600	26.5	433630
1362	-157723200	26.5	433630
1362	-155044800	26.5	433630
1362	-152625600	28.1	433630
1362	-149947200	29.3	433630
1362	-147355200	30	433630
1362	-144676800	29.3	433630
1362	-142084800	29.5	433630
1362	-139406400	29	433630
1362	-136728000	29.5	433630
1362	-134136000	28	433630
1362	-131457600	27	433630
1362	-128865600	26	433630
1362	-126187200	26.5	433630
1362	-123508800	27.5	433630
1362	-121089600	28.8	433630
1362	-118411200	29.7	433630
1362	-115819200	29.7	433630
1362	-113140800	28.5	433630
1362	-110548800	28.8	433630
1362	-107870400	29	433630
1362	-105192000	28.3	433630
1362	-102600000	28.1	433630
1362	-99921600	27.6	433630
1362	-97329600	26.5	433630
1362	-94651200	25.6	433630
1362	-91972800	26	433630
1362	-89553600	28	433630
1362	-86875200	29.8	433630
1362	-84283200	29.7	433630
1362	-81604800	28.8	433630
1362	-79012800	29	433630
1362	-76334400	29	433630
1362	-73656000	28.7	433630
1362	-71064000	27.6	433630
1362	-68385600	26	433630
1362	-65793600	25.7	433630
1362	-63115200	24	433630
1362	-60436800	25.5	433630
1362	-57931200	27.5	433630
1362	-55252800	28.1	433630
1362	-52660800	29.3	433630
1362	-49982400	29.1	433630
1362	-47390400	28.1	433630
1362	-44712000	28.3	433630
1362	-42033600	28.7	433630
1362	-39441600	28.3	433630
1362	-36763200	26.3	433630
1362	-34171200	25.8	433630
1362	-31492800	25.5	433630
1362	-28814400	25.8	433630
1362	-26395200	28.5	433630
1362	-23716800	29.3	433630
1362	-21124800	30.2	433630
1362	-18446400	30	433630
1362	-15854400	29	433630
1362	-13176000	28.5	433630
1362	-10497600	29.1	433630
1362	-7905600	28	433630
1362	-5227200	26.8	433630
1362	-2635200	25.7	433630
1362	43200	25.7	433630
1362	2721600	27.3	433630
1362	5140800	28.7	433630
1362	7819200	29.8	433630
1362	10411200	30.3	433630
1362	13089600	30	433630
1362	15681600	29.5	433630
1362	18360000	29.2	433630
1362	21038400	29	433630
1362	23630400	28.6	433630
1362	26308800	26.7	433630
1362	28900800	25.1	433630
1362	31579200	25.5	433630
1362	34257600	26.6	433630
1362	36676800	28.2	433630
1362	39355200	29.6	433630
1362	41947200	30.1	433630
1362	44625600	29.2	433630
1362	47217600	29.1	433630
1362	49896000	28.3	433630
1362	52574400	28	433630
1362	55166400	27.5	433630
1362	57844800	26	433630
1362	60436800	25.5	433630
1362	63115200	24.5	433630
1362	65793600	25.6	433630
1362	68299200	26.6	433630
1362	70977600	29.5	433630
1362	73569600	28.7	433630
1362	76248000	29.6	433630
1362	78840000	29.2	433630
1362	81518400	29	433630
1362	84196800	28.7	433630
1362	86788800	27.5	433630
1362	89467200	26.7	433630
1362	92059200	26.6	433630
1362	94737600	26.3	433630
1362	97416000	27.5	433630
1362	99835200	28.6	433630
1362	102513600	30	433630
1362	105105600	30.1	433630
1362	107784000	29.8	433630
1362	110376000	29.5	433630
1362	113054400	28.8	433630
1362	115732800	28.5	433630
1362	118324800	28.3	433630
1362	121003200	27.1	433630
1362	123595200	25.7	433630
1362	126273600	25.6	433630
1362	128952000	27	433630
1362	131371200	28.1	433630
1362	134049600	30.8	433630
1362	136641600	29.2	433630
1362	139320000	28.3	433630
1362	141912000	28.5	433630
1362	144590400	28.5	433630
1362	147268800	28.2	433630
1362	149860800	28.7	433630
1362	152539200	27.5	433630
1362	155131200	26	433630
1362	157809600	25.8	433630
1362	160488000	27.2	433630
1362	162907200	28.8	433630
1362	165585600	30.2	433630
1362	168177600	30.6	433630
1362	170856000	29.7	433630
1362	173448000	29.3	433630
1362	176126400	29.7	433630
1362	178804800	28.7	433630
1362	181396800	28.6	433630
1362	184075200	26.1	433630
1362	186667200	25.3	433630
1362	189345600	25.5	433630
1362	192024000	26	433630
1362	194529600	26.8	433630
1362	197208000	29.5	433630
1362	199800000	29.7	433630
1362	202478400	29.8	433630
1362	205070400	29.6	433630
1362	207748800	29.1	433630
1362	210427200	29.2	433630
1362	213019200	28.5	433630
1362	215697600	27	433630
1362	218289600	26	433630
1362	220968000	26.3	433630
1362	223646400	27.5	433630
1362	226065600	28.6	433630
1362	228744000	30.2	433630
1362	231336000	30.3	433630
1362	234014400	30.2	433630
1362	236606400	29.7	433630
1362	239284800	29.1	433630
1362	241963200	29.6	433630
1362	244555200	27.6	433630
1362	247233600	28	433630
1362	249825600	26.5	433630
1362	252504000	26.6	433630
1362	255182400	27.5	433630
1362	257601600	28.5	433630
1362	260280000	30.8	433630
1362	262872000	31.1	433630
1362	265550400	30.1	433630
1362	268142400	29.8	433630
1362	270820800	28.8	433630
1362	273499200	29.2	433630
1362	276091200	28.1	433630
1362	278769600	27.5	433630
1362	281361600	26.2	433630
1362	284040000	26.8	433630
1362	286718400	27.8	433630
1362	289137600	28.5	433630
1362	291816000	31	433630
1362	294408000	31	433630
1362	297086400	30.6	433630
1362	299678400	29.8	433630
1362	302356800	29.5	433630
1362	305035200	29.2	433630
1362	307627200	28.3	433630
1362	310305600	27.2	433630
1362	312897600	26.7	433630
1362	315576000	26.6	433630
1362	318254400	27	433630
1362	320760000	28.6	433630
1362	323438400	30.1	433630
1362	326030400	31.5	433630
1362	328708800	30.8	433630
1362	331300800	30.2	433630
1362	333979200	29.8	433630
1362	336657600	30	433630
1362	339249600	28.8	433630
1362	341928000	27.8	433630
1362	344520000	27	433630
1362	347198400	26.3	433630
1362	349876800	26.6	433630
1362	352296000	29.1	433630
1362	354974400	30.8	433630
1362	357566400	31	433630
1362	360244800	29.8	433630
1362	362836800	30	433630
1362	365515200	29.6	433630
1362	368193600	29.5	433630
1362	370785600	28.8	433630
1362	373464000	27.5	433630
1362	376056000	26	433630
1362	378734400	26.5	433630
1362	381412800	26.5	433630
1362	383832000	28.6	433630
1362	386510400	30.8	433630
1362	389102400	31.1	433630
1362	391780800	30.7	433630
1362	394372800	30.2	433630
1362	397051200	30.5	433630
1362	399729600	30.2	433630
1362	402321600	29	433630
1362	4.05e+08	27.3	433630
1362	407592000	26.5	433630
1362	410270400	26.5	433630
1362	412948800	27.8	433630
1362	415368000	29.3	433630
1362	418046400	30.9	433630
1362	420638400	31.7	433630
1362	423316800	31.1	433630
1362	425908800	30.6	433630
1362	428587200	30.2	433630
1362	431265600	29.7	433630
1362	433857600	29.1	433630
1362	436536000	27.5	433630
1362	439128000	26.1	433630
1362	441806400	26	433630
1362	444484800	26.5	433630
1362	446990400	28.1	433630
1362	449668800	29.9	433630
1362	452260800	31.3	433630
1362	454939200	30.1	433630
1362	457531200	29	433630
1362	460209600	29.6	433630
1362	462888000	28.7	433630
1362	465480000	28.7	433630
1362	468158400	26.9	433630
1362	470750400	26.5	433630
1362	473428800	26.5	433630
1362	476107200	27.2	433630
1362	478526400	29.1	433630
1362	481204800	31.1	433630
1362	483796800	31.4	433630
1364	-4183963200	25.7	433710
1364	-4181371200	25.8	433710
1364	-4178692800	25.9	433710
1364	-4176014400	26.3	433710
1364	-4173422400	26.2	433710
1364	-4170744000	26	433710
1364	-4168152000	26.5	433710
1364	-4165473600	26.2	433710
1364	-4162795200	27	433710
1364	-4160376000	27.9	433710
1364	-4157697600	28.4	433710
1364	-4155105600	28.6	433710
1364	-4152427200	26.3	433710
1364	-4149835200	26.6	433710
1364	-4147156800	26.7	433710
1364	-4144478400	26.5	433710
1364	-4141886400	26.5	433710
1364	-4139208000	26.5	433710
1364	-4136616000	26.9	433710
1364	-4133937600	27.1	433710
1364	-4131259200	26.4	433710
1364	-4128840000	28.3	433710
1364	-4126161600	28.9	433710
1364	-4123569600	27.6	433710
1364	-4120891200	26.2	433710
1364	-4118299200	25.4	433710
1364	-4115620800	25.6	433710
1364	-4112942400	26.5	433710
1364	-4110350400	26.6	433710
1364	-4107672000	26.4	433710
1364	-4105080000	27.1	433710
1364	-4102401600	25.9	433710
1364	-4099723200	26.5	433710
1364	-4097217600	28.1	433710
1364	-4094539200	28.7	433710
1364	-4091947200	28.3	433710
1364	-4089268800	26.6	433710
1364	-4086676800	25.8	433710
1364	-4083998400	26.4	433710
1364	-4081320000	26.1	433710
1364	-4078728000	26.3	433710
1364	-4076049600	26.2	433710
1364	-4073457600	26.4	433710
1365	-283953600	26.3	434130
1365	-281275200	26.5	434130
1365	-278856000	28.2	434130
1365	-276177600	29.4	434130
1365	-273585600	29.4	434130
1365	-270907200	28.7	434130
1365	-268315200	28.6	434130
1365	-265636800	28.6	434130
1365	-262958400	28.8	434130
1365	-260366400	29.1	434130
1365	-257688000	26.8	434130
1365	-255096000	25.9	434130
1365	-252417600	25.6	434130
1365	-249739200	26.9	434130
1365	-247320000	28.3	434130
1365	-244641600	29.2	434130
1365	-242049600	29.3	434130
1365	-239371200	29.2	434130
1365	-236779200	28.7	434130
1365	-234100800	28.8	434130
1365	-231422400	29	434130
1365	-228830400	27.4	434130
1365	-226152000	26.9	434130
1365	-223560000	26.6	434130
1365	-220881600	25.6	434130
1365	-218203200	26.6	434130
1365	-215784000	27.6	434130
1365	-213105600	28.7	434130
1365	-210513600	29.7	434130
1365	-207835200	29.4	434130
1365	-205243200	29	434130
1365	-202564800	29	434130
1365	-199886400	29.3	434130
1365	-197294400	27.9	434130
1365	-194616000	26.8	434130
1365	-192024000	26.2	434130
1365	-189345600	26.3	434130
1365	-186667200	27.6	434130
1365	-184161600	28.5	434130
1365	-181483200	29.7	434130
1365	-178891200	30.2	434130
1365	-176212800	29.3	434130
1365	-173620800	28.3	434130
1365	-170942400	28.1	434130
1365	-168264000	28.6	434130
1365	-165672000	27.8	434130
1365	-162993600	26.6	434130
1365	-160401600	26.2	434130
1367	-3692088000	25.8	434660
1367	-3689409600	25.8	434660
1367	-3686990400	26.8	434660
1367	-3684312000	27.1	434660
1367	-3681720000	27.1	434660
1367	-3679041600	27.2	434660
1367	-3676449600	26.2	434660
1367	-3673771200	26.4	434660
1367	-3671092800	26.5	434660
1367	-3668500800	26.2	434660
1367	-3665822400	25.2	434660
1367	-3663230400	25.2	434660
1367	-3660552000	25.1	434660
1367	-3657873600	25.5	434660
1367	-3655454400	26.1	434660
1367	-3652776000	27.5	434660
1367	-3650184000	26.4	434660
1367	-3647505600	26.7	434660
1367	-3644913600	26	434660
1367	-3642235200	26.2	434660
1367	-3639556800	26.3	434660
1367	-3636964800	25.9	434660
1367	-3634286400	25.2	434660
1367	-3631694400	25.5	434660
1367	-3629016000	24.8	434660
1367	-3626337600	25.1	434660
1367	-3623918400	26.3	434660
1367	-3621240000	27	434660
1367	-3618648000	27.4	434660
1367	-3615969600	26.8	434660
1367	-3613377600	26.8	434660
1367	-3610699200	26	434660
1367	-3608020800	26	434660
1367	-3605428800	25.5	434660
1367	-3602750400	25	434660
1367	-3600158400	25	434660
1367	-3597480000	24.6	434660
1367	-3594801600	25.4	434660
1367	-3592296000	26.1	434660
1367	-3589617600	26.7	434660
1367	-3587025600	26.4	434660
1367	-3584347200	26.7	434660
1367	-3581755200	26.3	434660
1367	-3579076800	25.5	434660
1367	-3576398400	26.5	434660
6739	489067200	29.5	433630
6739	491745600	29.5	433630
6739	494424000	29.1	433630
6739	497016000	28.7	433630
6739	499694400	26.7	433630
6739	502286400	26.8	433630
6739	504964800	26.1	433630
6739	507643200	27.5	433630
6739	510062400	28.7	433630
6739	512740800	31	433630
6739	515332800	31.2	433630
6739	518011200	31	433630
6739	520603200	30.1	433630
6739	523281600	28.9	433630
6739	525960000	29.3	433630
6739	528552000	28.7	433630
6739	531230400	27.8	433630
6739	533822400	26.7	433630
6739	536500800	26.9	433630
6739	539179200	26.8	433630
6739	541598400	29	433630
6739	544276800	30.8	433630
6739	546868800	31.4	433630
6739	549547200	31.5	433630
6739	552139200	30.7	433630
6739	554817600	30.4	433630
6739	557496000	30.3	433630
6739	560088000	29.1	433630
6739	562766400	28.3	433630
6739	565358400	27.3	433630
6741	-4057732800	26.3	433710
6741	-4055140800	27.6	433710
6741	-4052462400	26.9	433710
6741	-4049784000	27.2	433710
6741	-4047192000	26.1	433710
6741	-4044513600	26.9	433710
6741	-4041921600	27	433710
6741	-4039243200	26.8	433710
6741	-4036564800	27.9	433710
6741	-4034145600	28.7	433710
6741	-4031467200	29.3	433710
6741	-4028875200	27.6	433710
6741	-4026196800	26.6	433710
6741	-4023604800	26.4	433710
6741	-4020926400	26	433710
6741	-4018248000	26.4	433710
6741	-4015656000	26.8	433710
6741	-4012977600	26.5	433710
6741	-4010385600	27.2	433710
6741	-4007707200	27.1	433710
6741	-4005028800	27.9	433710
6741	-4002609600	28.6	433710
6741	-3999931200	27.9	433710
6741	-3997339200	27.4	433710
6741	-3994660800	26	433710
6741	-3992068800	25.7	433710
6741	-3989390400	26.6	433710
6741	-3986712000	27.1	433710
6741	-3984120000	26.6	433710
6741	-3981441600	27.5	433710
6741	-3978849600	26.4	433710
6741	-3976171200	26.7	433710
6741	-3973492800	27.5	433710
6741	-3970987200	29.3	433710
6741	-3968308800	29.7	433710
6741	-3965716800	28.2	433710
6741	-3963038400	27	433710
6741	-3960446400	26.4	433710
6741	-3957768000	26.4	433710
6741	-3955089600	27.2	433710
6741	-3952497600	26.7	433710
6741	-3949819200	27.7	433710
6741	-3947227200	27.3	433710
6741	-3944548800	27.1	433710
6741	-3941870400	28	433710
6741	-3939451200	28.5	433710
6741	-3936772800	29.4	433710
6741	-3934180800	28.2	433710
6741	-3931502400	26.2	433710
6741	-3928910400	26.8	433710
6741	-3926232000	26.8	433710
6741	-3923553600	27.7	433710
6741	-3920961600	27	433710
6741	-3918283200	27.4	433710
6741	-3915691200	27.4	433710
6742	-155044800	26.7	434130
6742	-152625600	27.7	434130
6742	-149947200	28.7	434130
6742	-147355200	29.1	434130
6742	-144676800	28.9	434130
6742	-142084800	28.7	434130
6742	-139406400	28.4	434130
6742	-136728000	28.7	434130
6742	-134136000	27.7	434130
6742	-131457600	27.2	434130
6742	-128865600	26.3	434130
6742	-126187200	26.6	434130
6742	-123508800	27.6	434130
6742	-121089600	28.6	434130
6742	-118411200	29.3	434130
6742	-115819200	29.6	434130
6742	-113140800	28.7	434130
6742	-110548800	28.4	434130
6742	-107870400	28.5	434130
6742	-105192000	28.5	434130
6742	-102600000	27.4	434130
6742	-99921600	27.2	434130
6742	-97329600	26.6	434130
6742	-94651200	26.2	434130
6742	-91972800	26.4	434130
6742	-89553600	28.1	434130
6742	-86875200	29.3	434130
6742	-84283200	29.5	434130
6742	-81604800	29.3	434130
6742	-79012800	28.9	434130
6742	-76334400	28.4	434130
6742	-73656000	28.7	434130
6742	-71064000	27.5	434130
6742	-68385600	25.9	434130
6742	-65793600	25.9	434130
6742	-63115200	26.2	434130
6742	-60436800	26.6	434130
6742	-57931200	28.1	434130
6742	-55252800	28.6	434130
6742	-52660800	29.4	434130
6742	-49982400	29.2	434130
6742	-47390400	28.2	434130
6742	-44712000	28.1	434130
6742	-42033600	28.4	434130
6742	-39441600	28.3	434130
6742	-36763200	26.6	434130
6742	-34171200	26.4	434130
6742	-31492800	26.1	434130
6742	-28814400	26.4	434130
6742	-26395200	28.9	434130
6742	-23716800	29.5	434130
6742	-21124800	29.5	434130
6742	-18446400	29.1	434130
6742	-15854400	28.2	434130
6742	-13176000	28.1	434130
6742	-10497600	28.7	434130
6742	-7905600	27.7	434130
6742	-5227200	27.3	434130
6742	-2635200	26.3	434130
6742	43200	26.3	434130
6742	2721600	27.2	434130
6742	5140800	28.2	434130
6742	7819200	29.2	434130
6742	10411200	29.5	434130
6742	13089600	29.1	434130
6742	15681600	28.5	434130
6742	18360000	28.3	434130
6742	21038400	28.4	434130
6742	23630400	27.7	434130
6742	26308800	26.6	434130
6742	28900800	25.3	434130
6742	31579200	25.7	434130
6742	34257600	26.4	434130
6742	36676800	27.9	434130
6742	39355200	28.6	434130
6742	41947200	28.9	434130
6742	44625600	28.6	434130
6742	47217600	28.1	434130
6742	49896000	27.8	434130
6742	52574400	28.3	434130
6742	55166400	27.6	434130
6742	57844800	26.8	434130
6742	60436800	25.1	434130
6742	63115200	25.8	434130
6742	65793600	26.2	434130
6742	68299200	27.5	434130
6742	70977600	29.3	434130
6742	73569600	28.5	434130
6742	76248000	29.3	434130
6742	78840000	28.8	434130
6742	81518400	28.4	434130
6742	84196800	28.7	434130
6742	86788800	27.8	434130
6742	89467200	27.5	434130
6742	92059200	26.9	434130
6742	94737600	26.6	434130
6742	97416000	27.8	434130
6742	99835200	28.7	434130
6742	102513600	29.8	434130
6742	105105600	29.7	434130
6742	107784000	29.3	434130
6742	110376000	28.8	434130
6742	113054400	27.8	434130
6742	115732800	28.2	434130
6742	118324800	28.1	434130
6742	121003200	27.1	434130
6742	123595200	25.6	434130
6742	126273600	25.5	434130
6742	128952000	26.4	434130
6742	131371200	27.9	434130
6742	134049600	28.9	434130
6742	136641600	29.3	434130
6742	139320000	28.9	434130
6742	141912000	28.7	434130
6742	144590400	28.3	434130
6742	147268800	28.1	434130
6742	149860800	27.8	434130
6742	152539200	27.3	434130
6742	155131200	26.3	434130
6742	157809600	25.9	434130
6742	160488000	27.3	434130
6742	162907200	27.9	434130
6742	165585600	28.8	434130
6742	168177600	29.5	434130
6742	170856000	28.9	434130
6742	173448000	28.3	434130
6742	176126400	28.2	434130
6742	178804800	27.7	434130
6742	181396800	27.6	434130
6742	184075200	26.7	434130
6742	186667200	25.5	434130
6742	189345600	25.6	434130
6742	192024000	25.9	434130
6742	194529600	27.4	434130
6742	197208000	28.8	434130
6742	199800000	29.6	434130
6742	202478400	29.3	434130
6742	205070400	28.8	434130
6742	207748800	28.2	434130
6742	210427200	28.4	434130
6742	213019200	28.1	434130
6742	215697600	27.1	434130
6742	218289600	26.4	434130
6742	220968000	25.9	434130
6742	223646400	27.1	434130
6742	226065600	28.4	434130
6742	228744000	29.5	434130
6742	231336000	29.4	434130
6742	234014400	29.1	434130
6742	236606400	28.5	434130
6742	239284800	27.7	434130
6742	241963200	28.7	434130
6742	244555200	27.5	434130
6742	247233600	27.3	434130
6742	249825600	26.7	434130
6742	252504000	26.6	434130
6742	255182400	27.7	434130
6742	257601600	28.4	434130
6742	260280000	29.5	434130
6742	262872000	29.5	434130
6742	265550400	29.2	434130
6742	268142400	28.1	434130
6742	270820800	28.1	434130
6742	273499200	28.1	434130
6742	276091200	27.9	434130
6742	278769600	27.1	434130
6742	281361600	26.7	434130
6742	284040000	26.9	434130
6742	286718400	27.7	434130
6742	289137600	28.3	434130
6742	291816000	29.7	434130
6742	294408000	29.7	434130
6742	297086400	29.7	434130
6742	299678400	28.7	434130
6742	302356800	28.3	434130
6742	305035200	28.1	434130
6742	307627200	27.9	434130
6742	310305600	27.1	434130
6742	312897600	27	434130
6742	315576000	26.7	434130
6742	318254400	27	434130
6742	320760000	28.4	434130
6742	323438400	29.3	434130
6742	326030400	30.3	434130
6742	328708800	29.6	434130
6742	331300800	28.9	434130
6742	333979200	28.3	434130
6742	336657600	28.3	434130
6742	339249600	27.8	434130
6742	341928000	27.5	434130
6742	344520000	26.9	434130
6742	347198400	26.3	434130
6742	349876800	26.8	434130
6742	352296000	29.3	434130
6742	354974400	29.7	434130
6742	357566400	29.6	434130
6742	360244800	28.6	434130
6742	362836800	28.6	434130
6742	365515200	28.3	434130
6742	368193600	27.9	434130
6742	370785600	27.9	434130
6742	373464000	27.1	434130
6742	376056000	26	434130
6742	378734400	26.3	434130
6742	381412800	26.5	434130
6742	383832000	28.1	434130
6742	386510400	29.5	434130
6742	389102400	29.7	434130
6742	391780800	29.4	434130
6742	394372800	28.5	434130
6742	397051200	28.7	434130
6742	399729600	28.5	434130
6742	402321600	28.3	434130
6742	4.05e+08	27.2	434130
6742	407592000	26.6	434130
6742	410270400	26.6	434130
6742	412948800	27.6	434130
6742	415368000	28.5	434130
6742	418046400	29.9	434130
6742	420638400	30.1	434130
6742	423316800	30	434130
6742	425908800	29.4	434130
6742	428587200	29.1	434130
6742	431265600	28.7	434130
6742	433857600	28.3	434130
6742	436536000	27.5	434130
6742	439128000	26.3	434130
6742	441806400	26.3	434130
6742	444484800	26.5	434130
6742	446990400	28	434130
6742	449668800	29.1	434130
6742	452260800	29.9	434130
6742	454939200	29	434130
6742	457531200	27.9	434130
6742	460209600	28.2	434130
6742	462888000	27.6	434130
6742	465480000	28	434130
6742	468158400	27	434130
6742	470750400	26.1	434130
6742	473428800	26.7	434130
6742	476107200	27.2	434130
6742	478526400	28.4	434130
6742	481204800	29.5	434130
6742	483796800	29.9	434130
6742	486475200	28.5	434130
6742	489067200	28.3	434130
6742	491745600	28.3	434130
6742	494424000	28.3	434130
6742	497016000	28.7	434130
6742	499694400	26.6	434130
6742	502286400	26.5	434130
6742	504964800	26.1	434130
6742	507643200	26.9	434130
6742	510062400	28.5	434130
6742	512740800	29.4	434130
6742	515332800	29.8	434130
6742	518011200	29.7	434130
6742	520603200	28.8	434130
6742	523281600	28	434130
6742	525960000	28.1	434130
6742	528552000	28.1	434130
6742	531230400	27.2	434130
6742	533822400	27.1	434130
6742	536500800	26.9	434130
6742	539179200	26.8	434130
6742	541598400	28.9	434130
6742	544276800	29.7	434130
6742	546868800	30.1	434130
6742	549547200	30.5	434130
6742	552139200	29.1	434130
6742	554817600	29.3	434130
6742	557496000	29.3	434130
6742	560088000	27.5	434130
6742	562766400	28.1	434130
6742	565358400	26.9	434130
6742	568036800	27.2	434130
6742	570715200	27.7	434130
6742	573220800	29.3	434130
6742	575899200	29.3	434130
6742	578491200	30.5	434130
6742	581169600	28.9	434130
6742	583761600	28.7	434130
6742	586440000	28.8	434130
6742	589118400	26.9	434130
6742	591710400	29	434130
6742	594388800	27	434130
6742	596980800	27	434130
6742	599659200	26	434130
6742	602337600	25.9	434130
6742	604756800	27.7	434130
6742	607435200	29.8	434130
6742	610027200	29.9	434130
6742	612705600	28.9	434130
6742	615297600	28.3	434130
6742	617976000	27.1	434130
6742	620654400	28.8	434130
6742	623246400	28.7	434130
6742	625924800	27.5	434130
6742	628516800	26.9	434130
6742	631195200	26.2	434130
6742	633873600	28.1	434130
6742	636292800	29.3	434130
6742	638971200	30.7	434130
6742	641563200	30.1	434130
6744	-3558081600	27.2	434660
6744	-3555489600	26.5	434660
6744	-3552811200	26.8	434660
6744	-3550219200	26.6	434660
6744	-3547540800	26.3	434660
6744	-3544862400	26.1	434660
6744	-3542270400	26	434660
6744	-3539592000	25.3	434660
6744	-3.537e+09	25	434660
6744	-3534321600	24.9	434660
6744	-3531643200	25.9	434660
6744	-3529224000	26.5	434660
6744	-3526545600	27.3	434660
6744	-3523953600	26.5	434660
6744	-3521275200	26.8	434660
6744	-3518683200	26.3	434660
6744	-3516004800	26.6	434660
6744	-3513326400	26.4	434660
6744	-3510734400	26	434660
6744	-3508056000	25.5	434660
6744	-3505464000	25.7	434660
6744	-3502785600	25.3	434660
6744	-3500107200	25.7	434660
6744	-3497688000	26.2	434660
6744	-3495009600	26.7	434660
6744	-3492417600	27.4	434660
6744	-3489739200	26.8	434660
6744	-3487147200	26.1	434660
6744	-3484468800	25.8	434660
6744	-3481790400	25.9	434660
6744	-3479198400	25.9	434660
6744	-3476520000	24.8	434660
6744	-3473928000	25.1	434660
6744	-3471249600	24.4	434660
6744	-3468571200	24.9	434660
6744	-3466065600	25.9	434660
6744	-3463387200	27.1	434660
6744	-3460795200	27.6	434660
6744	-3458116800	27.1	434660
6744	-3455524800	26.6	434660
6744	-3452846400	26.2	434660
6744	-3450168000	26.2	434660
6744	-3447576000	25.7	434660
6744	-3444897600	25.7	434660
6744	-3442305600	24.6	434660
6744	-3439627200	25.1	434660
6744	-3436948800	24.7	434660
6744	-3434529600	25.7	434660
6744	-3431851200	26.1	434660
6744	-3429259200	27.2	434660
6744	-3426580800	26.2	434660
6744	-3423988800	25.8	434660
6744	-3421310400	25.5	434660
6744	-3418632000	25.9	434660
6744	-3416040000	26	434660
6744	-3413361600	25	434660
6744	-3410769600	24.7	434660
6744	-3408091200	24.8	434660
6744	-3405412800	24.2	434660
6744	-3402993600	25.3	434660
10779	570715200	27.7	433630
10779	573220800	30	433630
10779	575899200	30.3	433630
10779	578491200	31.9	433630
10779	581169600	29.9	433630
10779	583761600	30.5	433630
10779	586440000	30.1	433630
10779	589118400	29.5	433630
10779	591710400	29.9	433630
10779	594388800	27.2	433630
10779	596980800	26.6	433630
10779	599659200	26.3	433630
10779	602337600	25.9	433630
10779	604756800	28.2	433630
10779	607435200	30.6	433630
10779	610027200	31.1	433630
10779	612705600	29.6	433630
10779	615297600	29.4	433630
10779	617976000	30.1	433630
10779	620654400	29.8	433630
10779	623246400	29.3	433630
10779	625924800	27.2	433630
10779	628516800	26.5	433630
10779	631195200	26.1	433630
10779	633873600	28.4	433630
10779	636292800	30.2	433630
10779	638971200	31.5	433630
10779	641563200	31.1	433630
10779	644241600	30.6	433630
10779	646833600	29.9	433630
10779	649512000	30.1	433630
10779	652190400	30.1	433630
10779	654782400	28.9	433630
10779	657460800	28.4	433630
10779	660052800	26.9	433630
10779	662731200	27.4	433630
10779	665409600	27.9	433630
10779	667828800	29.5	433630
10779	670507200	31.6	433630
10779	673099200	32	433630
10779	675777600	30.5	433630
10779	678369600	30.3	433630
10779	681048000	30.5	433630
10779	683726400	30.5	433630
10779	686318400	29	433630
10779	688996800	27.9	433630
10779	691588800	26.6	433630
10779	694267200	26.8	433630
10779	696945600	27.2	433630
10779	699451200	28	433630
10779	702129600	31	433630
10779	704721600	30.9	433630
10779	707400000	30.7	433630
10779	709992000	30.1	433630
10779	712670400	29.7	433630
10779	715348800	29.7	433630
10779	717940800	29.1	433630
10779	720619200	27.9	433630
10779	723211200	26.3	433630
10779	725889600	26.1	433630
10779	728568000	27.3	433630
10779	730987200	29.3	433630
10779	733665600	31.1	433630
10779	736257600	31.7	433630
10779	738936000	30.8	433630
10779	741528000	30.3	433630
10779	744206400	30.1	433630
10779	746884800	30.2	433630
10779	749476800	28.9	433630
10779	752155200	27.1	433630
10779	754747200	25.7	433630
10779	757425600	26.6	433630
10779	760104000	27.5	433630
10779	762523200	28.8	433630
10779	765201600	30.7	433630
10779	767793600	31.5	433630
10779	770472000	30.7	433630
10779	773064000	30.3	433630
10779	775742400	29.7	433630
10779	778420800	30.1	433630
10779	781012800	28.7	433630
10779	783691200	27.3	433630
10779	786283200	26.9	433630
10779	788961600	26.7	433630
10779	791640000	27.1	433630
10779	794059200	28.9	433630
10779	796737600	30.7	433630
10779	799329600	30.7	433630
10779	802008000	30.4	433630
10779	804600000	30.4	433630
10779	807278400	29.8	433630
10779	809956800	29.9	433630
10779	812548800	29.5	433630
10779	815227200	28.5	433630
10779	817819200	27	433630
10779	820497600	27.1	433630
10779	823176000	27.6	433630
10779	825681600	28.7	433630
10779	828360000	30.5	433630
10779	830952000	31.1	433630
10779	833630400	29.9	433630
10779	836222400	29.9	433630
10779	838900800	30.1	433630
10779	841579200	29.5	433630
10779	844171200	29.3	433630
10779	846849600	28.1	433630
10779	849441600	26.5	433630
10779	852120000	26.8	433630
10779	854798400	27.1	433630
10779	857217600	29.3	433630
10779	859896000	30.5	433630
10779	862488000	31.3	433630
10779	865166400	31.1	433630
10779	867758400	31	433630
10779	870436800	30.8	433630
10779	873115200	30.3	433630
10779	875707200	28.9	433630
10779	878385600	27.7	433630
10779	880977600	27.9	433630
10779	883656000	27.7	433630
10779	886334400	28.9	433630
10779	888753600	29.9	433630
10779	891432000	32	433630
10779	894024000	31.7	433630
10779	896702400	31.3	433630
10779	899294400	30.1	433630
10779	901972800	29.7	433630
10779	904651200	29.9	433630
10779	907243200	29.6	433630
10779	909921600	28.4	433630
10779	912513600	26.9	433630
10779	915192000	26.1	433630
10779	917870400	27.5	433630
10779	920289600	29.3	433630
10779	922968000	30.5	433630
10779	925560000	30.2	433630
10779	928238400	30	433630
10779	930830400	30	433630
10779	933508800	29.8	433630
10779	936187200	30.1	433630
10779	938779200	29	433630
10779	941457600	27.9	433630
10779	944049600	26.7	433630
10779	946728000	26.2	433630
10779	949406400	28.1	433630
10779	951912000	29	433630
10779	954590400	31.3	433630
10779	957182400	31.7	433630
10779	959860800	30.7	433630
10779	962452800	30.1	433630
10779	965131200	29.7	433630
10781	-2461406400	26.8	433710
10781	-2458728000	27.3	433710
10781	-2456222400	28.2	433710
10781	-2453544000	28.4	433710
10781	-2450952000	27.8	433710
10781	-2448273600	26.8	433710
10781	-2445681600	25.9	433710
10781	-2443003200	25.9	433710
10781	-2440324800	26.4	433710
10781	-2437732800	25.9	433710
10781	-2435054400	26.6	433710
10781	-2432462400	26.5	433710
10781	-2429784000	26.4	433710
10781	-2427105600	26.9	433710
10781	-2424686400	27.8	433710
10781	-2422008000	28.7	433710
10781	-2419416000	27.5	433710
10781	-2416737600	26.3	433710
10781	-2414145600	25.8	433710
10781	-2411467200	26.2	433710
10781	-2408788800	26.4	433710
10781	-2406196800	26.5	433710
10781	-2403518400	26.4	433710
10781	-2400926400	26.3	433710
10781	-2398248000	26.1	433710
10781	-2395569600	27	433710
10781	-2393150400	28.2	433710
10781	-2390472000	28.5	433710
10781	-2387880000	28.6	433710
10781	-2385201600	26.7	433710
10781	-2382609600	26.2	433710
10781	-2379931200	26	433710
10781	-2377252800	26.6	433710
10781	-2374660800	26.7	433710
10781	-2371982400	26.7	433710
10781	-2369390400	27	433710
10781	-2366712000	26.5	433710
10781	-2364033600	27.1	433710
10781	-2361614400	28.5	433710
10781	-2358936000	28.4	433710
10781	-2356344000	28.7	433710
10781	-2353665600	27.1	433710
10781	-2351073600	25.8	433710
10781	-2348395200	26.5	433710
10781	-2345716800	26.9	433710
10781	-2343124800	26.8	433710
10781	-2340446400	27.3	433710
10781	-2337854400	26.5	433710
10781	-2335176000	26.5	433710
10781	-2332497600	27	433710
10781	-2329992000	28.7	433710
10781	-2327313600	29.4	433710
10781	-2324721600	28.5	433710
10781	-2322043200	26.4	433710
10781	-2319451200	26.8	433710
10781	-2316772800	26.3	433710
10781	-2314094400	27.9	433710
10781	-2311502400	26.8	433710
10781	-2308824000	26.9	433710
10781	-2306232000	27.1	433710
10781	-2303553600	26.9	433710
10781	-2300875200	27.4	433710
10781	-2298456000	28.6	433710
10781	-2295777600	28.9	433710
10781	-2293185600	29	433710
10781	-2290507200	26.6	433710
10781	-2287915200	26.7	433710
10781	-2285236800	26.7	433710
10781	-2282558400	26.9	433710
10781	-2279966400	27	433710
10781	-2277288000	26.9	433710
10781	-2274696000	26.8	433710
10781	-2272017600	26.1	433710
10781	-2269339200	26.9	433710
10781	-2266920000	28	433710
10781	-2264241600	28.8	433710
10781	-2261649600	28.4	433710
10781	-2258971200	27.3	433710
10781	-2256379200	27.2	433710
10781	-2253700800	27.7	433710
10781	-2251022400	26.8	433710
10781	-2248430400	26.8	433710
10781	-2245752000	26.5	433710
10781	-2243160000	26.8	433710
10781	-2240481600	26	433710
10781	-2237803200	27	433710
10781	-2235384000	28	433710
10781	-2232705600	27.6	433710
10781	-2230113600	28.1	433710
10781	-2227435200	26.3	433710
10781	-2224843200	26.5	433710
10781	-2222164800	26.8	433710
10781	-2219486400	26.8	433710
10781	-2216894400	26.7	433710
10781	-2214216000	26.7	433710
10781	-2211624000	26.5	433710
10781	-2208945600	26.6	433710
10781	-2206267200	28	433710
10781	-2203848000	29.1	433710
10781	-2201169600	29.6	433710
10781	-2198577600	29.1	433710
10781	-2195899200	27	433710
10781	-2193307200	26.3	433710
10781	-2190628800	26.7	433710
10781	-2187950400	26.7	433710
10781	-2185358400	27.2	433710
10781	-2182680000	27.3	433710
10781	-2180088000	27.2	433710
10781	-2177409600	26.9	433710
10781	-2174731200	27.6	433710
10781	-2172312000	27.9	433710
10781	-2169633600	28.8	433710
10781	-2167041600	28.2	433710
10781	-2164363200	26.8	433710
10781	-2161771200	26.5	433710
10781	-2159092800	27	433710
10781	-2156414400	27.4	433710
10781	-2153822400	26.7	433710
10781	-2151144000	26.5	433710
10781	-2148552000	26.8	433710
10781	-2145873600	26.4	433710
10781	-2143195200	27.3	433710
10781	-2140776000	28.6	433710
10781	-2138097600	29.2	433710
10781	-2135505600	28.9	433710
10781	-2132827200	27.5	433710
10781	-2130235200	26	433710
10781	-2127556800	26.8	433710
10781	-2124878400	26.5	433710
10781	-2122286400	26.3	433710
10781	-2119608000	27	433710
10781	-2117016000	27.3	433710
10781	-2114337600	27.2	433710
10781	-2111659200	28	433710
10781	-2109240000	28.7	433710
10781	-2106561600	29	433710
10781	-2103969600	28.1	433710
10781	-2101291200	26.8	433710
10781	-2098699200	26.2	433710
10781	-2096020800	26.5	433710
10781	-2093342400	26.7	433710
10781	-2090750400	26.6	433710
10781	-2088072000	26.3	433710
10781	-2085480000	26.2	433710
10781	-2082801600	26.4	433710
10781	-2080123200	26.8	433710
10781	-2077617600	27.9	433710
10781	-2074939200	28.5	433710
10781	-2072347200	28.1	433710
10781	-2069668800	25.3	433710
10781	-2067076800	25.7	433710
10781	-2064398400	27.3	433710
10781	-2061720000	26.7	433710
10781	-2059128000	26.6	433710
10781	-2056449600	26.8	433710
10781	-2053857600	26.6	433710
10781	-2051179200	26.6	433710
10781	-2048500800	27.3	433710
10781	-2046081600	28.6	433710
10781	-2043403200	28	433710
10781	-2040811200	27.4	433710
10781	-2038132800	26.3	433710
10781	-2035540800	26.6	433710
10781	-2032862400	26.5	433710
10781	-2030184000	27	433710
10781	-2027592000	26.8	433710
10781	-2024913600	27.3	433710
10781	-2022321600	27.1	433710
10781	-2019643200	26.9	433710
10781	-2016964800	28	433710
10781	-2014545600	28.8	433710
10781	-2011867200	29.8	433710
10781	-2009275200	28.2	433710
10781	-2006596800	26.9	433710
10781	-2004004800	26.1	433710
10781	-2001326400	26.2	433710
10781	-1998648000	26.8	433710
10781	-1996056000	26.6	433710
10781	-1993377600	26.5	433710
10781	-1990785600	26.6	433710
10781	-1988107200	26.4	433710
10781	-1985428800	26.9	433710
10781	-1983009600	28.6	433710
10781	-1980331200	28.3	433710
10781	-1977739200	28.4	433710
10781	-1975060800	26.4	433710
10781	-1972468800	26.2	433710
10781	-1969790400	25.6	433710
10781	-1967112000	26.7	433710
10781	-1964520000	26.6	433710
10781	-1961841600	26.5	433710
10781	-1959249600	26.4	433710
10781	-1956571200	26.5	433710
10781	-1953892800	26.8	433710
10781	-1951387200	27.8	433710
10781	-1948708800	28.7	433710
10781	-1946116800	27.9	433710
10781	-1943438400	26.1	433710
10781	-1940846400	26	433710
10781	-1938168000	26	433710
10781	-1935489600	26.3	433710
10781	-1932897600	26.6	433710
10781	-1930219200	26.5	433710
10781	-1927627200	26.8	433710
10781	-1924948800	26.1	433710
10781	-1922270400	26.9	433710
10781	-1919851200	27.7	433710
10781	-1917172800	28.8	433710
10781	-1914580800	27.9	433710
10781	-1911902400	26.6	433710
10781	-1909310400	25.8	433710
10781	-1906632000	26	433710
10781	-1903953600	26.2	433710
10781	-1901361600	26.8	433710
10781	-1898683200	26.5	433710
10781	-1896091200	26.6	433710
10781	-1893412800	26.6	433710
10781	-1890734400	27.3	433710
10781	-1888315200	28.1	433710
10781	-1885636800	28.5	433710
10781	-1883044800	28.2	433710
10781	-1880366400	26.5	433710
10781	-1877774400	26.2	433710
10781	-1875096000	26	433710
10781	-1872417600	26.2	433710
10781	-1869825600	26.4	433710
10781	-1867147200	26	433710
10781	-1864555200	26.1	433710
10781	-1861876800	26.6	433710
10781	-1859198400	26.9	433710
10781	-1856779200	28.6	433710
10781	-1854100800	29	433710
10781	-1851508800	29.2	433710
10781	-1848830400	26.8	433710
10781	-1846238400	26.5	433710
10781	-1843560000	27	433710
10781	-1840881600	27.3	433710
10781	-1838289600	26.7	433710
10781	-1835611200	27.1	433710
10781	-1833019200	26.7	433710
10781	-1830340800	25.6	433710
10781	-1827662400	27.9	433710
10781	-1825156800	28.9	433710
10781	-1822478400	29.1	433710
10781	-1819886400	28.6	433710
10781	-1817208000	26.4	433710
10781	-1814616000	26.6	433710
10781	-1811937600	26.5	433710
10781	-1809259200	27.2	433710
10781	-1806667200	26.6	433710
10781	-1803988800	26.7	433710
10781	-1801396800	26.4	433710
10781	-1798718400	26.4	433710
10781	-1796040000	27.6	433710
10781	-1793620800	28.3	433710
10781	-1790942400	28.8	433710
10781	-1788350400	28.6	433710
10781	-1785672000	26.9	433710
10781	-1783080000	26.5	433710
10781	-1780401600	26.5	433710
10781	-1777723200	27.2	433710
10781	-1775131200	26.6	433710
10781	-1772452800	26.8	433710
10781	-1769860800	26.9	433710
10781	-1767182400	26.9	433710
10781	-1764504000	27.3	433710
10781	-1762084800	28.8	433710
10781	-1759406400	29.5	433710
10781	-1756814400	28.5	433710
10781	-1754136000	26.8	433710
10781	-1751544000	26.5	433710
10781	-1748865600	26.2	433710
10781	-1746187200	27.4	433710
10781	-1743595200	27.1	433710
10781	-1740916800	27.5	433710
10781	-1738324800	26.7	433710
10781	-1735646400	27.2	433710
10781	-1732968000	27.5	433710
10781	-1730548800	28.6	433710
10781	-1727870400	29	433710
10781	-1725278400	28.9	433710
10781	-1722600000	27.8	433710
10781	-1720008000	26.1	433710
10781	-1717329600	27	433710
10781	-1714651200	27	433710
10781	-1712059200	27.1	433710
10781	-1709380800	27.2	433710
10781	-1706788800	27.1	433710
10781	-1704110400	26.9	433710
10781	-1701432000	27.8	433710
10781	-1698926400	29.1	433710
10781	-1696248000	29.5	433710
10781	-1693656000	28.9	433710
10781	-1690977600	26.3	433710
10781	-1688385600	26.3	433710
10781	-1685707200	26.6	433710
10781	-1683028800	26.2	433710
10781	-1680436800	26.4	433710
10781	-1677758400	26.7	433710
10781	-1675166400	25.8	433710
10781	-1672488000	26.2	433710
10781	-1669809600	27.1	433710
10781	-1667390400	27.6	433710
10781	-1664712000	29	433710
10781	-1662120000	28.1	433710
10781	-1659441600	26	433710
10781	-1656849600	26.5	433710
10781	-1654171200	26	433710
10781	-1651492800	26.2	433710
10781	-1648900800	25.9	433710
10781	-1646222400	26.2	433710
10781	-1643630400	26.2	433710
10781	-1640952000	25.7	433710
10781	-1638273600	25.8	433710
10781	-1635854400	27.7	433710
10781	-1633176000	28.8	433710
10781	-1630584000	26.9	433710
10781	-1627905600	26.5	433710
10781	-1625313600	27.1	433710
10781	-1622635200	26.1	433710
10781	-1619956800	26.8	433710
10781	-1617364800	27.1	433710
10781	-1614686400	27.5	433710
10781	-1612094400	26.7	433710
10781	-1609416000	27.2	433710
10781	-1606737600	27.8	433710
10781	-1604318400	28.7	433710
10781	-1601640000	29.6	433710
10781	-1599048000	28.4	433710
10781	-1596369600	26.3	433710
10781	-1593777600	25.8	433710
10781	-1591099200	26	433710
10781	-1588420800	26.7	433710
10781	-1585828800	26.7	433710
10781	-1583150400	26.6	433710
10781	-1580558400	27.1	433710
10781	-1577880000	26.5	433710
10781	-1575201600	27.5	433710
10781	-1572696000	28.8	433710
10781	-1570017600	28.3	433710
10781	-1567425600	28.5	433710
10781	-1564747200	25.9	433710
10781	-1562155200	25.7	433710
10781	-1559476800	26	433710
10781	-1556798400	26.4	433710
10781	-1554206400	26.6	433710
10781	-1551528000	26.2	433710
10781	-1548936000	26.6	433710
10781	-1546257600	27.5	433710
10781	-1543579200	27.1	433710
10781	-1541160000	28.8	433710
10781	-1538481600	28.5	433710
10781	-1535889600	28.9	433710
10781	-1533211200	27.1	433710
10781	-1530619200	26.1	433710
10781	-1527940800	26	433710
10781	-1525262400	26.7	433710
10781	-1522670400	26.6	433710
10781	-1519992000	27	433710
10781	-1517400000	26.6	433710
10781	-1514721600	26.4	433710
10781	-1512043200	27	433710
10781	-1509624000	28.7	433710
10781	-1506945600	28.6	433710
10781	-1504353600	27.6	433710
10781	-1501675200	26.3	433710
10781	-1499083200	25.3	433710
10781	-1496404800	26.1	433710
10781	-1493726400	26.2	433710
10781	-1491134400	26.4	433710
10781	-1488456000	26.2	433710
10781	-1485864000	25.8	433710
10781	-1483185600	26.5	433710
10781	-1480507200	26.6	433710
10781	-1478088000	28.1	433710
10781	-1475409600	29.5	433710
10781	-1472817600	28.2	433710
10781	-1470139200	26.1	433710
10781	-1467547200	25.5	433710
10781	-1464868800	25.5	433710
10781	-1462190400	26.2	433710
10781	-1459598400	26.6	433710
10781	-1456920000	27	433710
10781	-1454328000	26.7	433710
10781	-1451649600	26.4	433710
10781	-1448971200	27.4	433710
10781	-1446465600	28.3	433710
10781	-1443787200	28.8	433710
10781	-1441195200	28.4	433710
10781	-1438516800	25.5	433710
10781	-1435924800	25.5	433710
10781	-1433246400	26	433710
10781	-1430568000	26.8	433710
10781	-1427976000	26.4	433710
10781	-1425297600	26.7	433710
10781	-1422705600	26.6	433710
10781	-1420027200	26.4	433710
10781	-1417348800	27.1	433710
10781	-1414929600	27.9	433710
10781	-1412251200	29.1	433710
10781	-1409659200	27.7	433710
10781	-1406980800	26.3	433710
10781	-1404388800	26.1	433710
10781	-1401710400	26	433710
10781	-1399032000	27	433710
10781	-1396440000	26.8	433710
10781	-1393761600	26.6	433710
10781	-1391169600	26.9	433710
10781	-1388491200	26.9	433710
10781	-1385812800	27.1	433710
10781	-1383393600	29.1	433710
10781	-1380715200	29.5	433710
10781	-1378123200	28.4	433710
10781	-1375444800	26.8	433710
10781	-1372852800	26.5	433710
10781	-1370174400	26.6	433710
10781	-1367496000	26.9	433710
10781	-1364904000	26.9	433710
10781	-1362225600	27	433710
10781	-1359633600	27.3	433710
10781	-1356955200	26.9	433710
10781	-1354276800	27.6	433710
10781	-1351857600	28.2	433710
10781	-1349179200	29	433710
10781	-1346587200	27.6	433710
10781	-1343908800	25.8	433710
10781	-1341316800	25.8	433710
10781	-1338638400	26.5	433710
10781	-1335960000	26.7	433710
10781	-1333368000	26.6	433710
10781	-1330689600	27	433710
10781	-1328097600	27.4	433710
10781	-1325419200	27.2	433710
10781	-1322740800	27.8	433710
10781	-1320235200	28.8	433710
10781	-1317556800	29	433710
10781	-1314964800	29.4	433710
10781	-1312286400	26.9	433710
10781	-1309694400	26.5	433710
10781	-1307016000	26	433710
10781	-1304337600	27	433710
10781	-1301745600	26.6	433710
10781	-1299067200	27	433710
10781	-1296475200	27.1	433710
10781	-1293796800	26.6	433710
10781	-1291118400	27.5	433710
10781	-1288699200	28.6	433710
10781	-1286020800	28.1	433710
10781	-1283428800	28.4	433710
10781	-1280750400	25.8	433710
10781	-1278158400	26	433710
10781	-1275480000	26.5	433710
10781	-1272801600	26.9	433710
10781	-1270209600	26.4	433710
10781	-1267531200	27.1	433710
10781	-1264939200	26.8	433710
10781	-1262260800	26.7	433710
10781	-1259582400	27.6	433710
10781	-1257163200	28.3	433710
10781	-1254484800	29	433710
10781	-1251892800	27.6	433710
10781	-1249214400	26.4	433710
10781	-1246622400	26.8	433710
10781	-1243944000	26.5	433710
10781	-1241265600	26.8	433710
10781	-1238673600	26.7	433710
10781	-1235995200	27.5	433710
10781	-1233403200	27.2	433710
10781	-1230724800	27.4	433710
10781	-1228046400	27.8	433710
10781	-1225627200	29.4	433710
10781	-1222948800	29.2	433710
10781	-1220356800	29.4	433710
10781	-1217678400	26.8	433710
10781	-1215086400	26.3	433710
10781	-1212408000	25.7	433710
10781	-1209729600	25.8	433710
10781	-1207137600	27	433710
10781	-1204459200	26.3	433710
10781	-1201867200	26.2	433710
10781	-1199188800	26.1	433710
10781	-1196510400	25.7	433710
10781	-1194004800	27.6	433710
10781	-1191326400	28.5	433710
10781	-1188734400	27.5	433710
10781	-1186056000	27.1	433710
10781	-1183464000	26.2	433710
10781	-1180785600	26.5	433710
10781	-1178107200	26.6	433710
10781	-1175515200	26	433710
10781	-1172836800	25.8	433710
10781	-1170244800	26.1	433710
10781	-1167566400	27.5	433710
10781	-1164888000	27.1	433710
10781	-1162468800	28	433710
10781	-1159790400	28.3	433710
10781	-1157198400	26.8	433710
10781	-1154520000	26	433710
10781	-1151928000	25.8	433710
10781	-1149249600	25.8	433710
10781	-1146571200	26	433710
10781	-1143979200	26	433710
10781	-1141300800	26.5	433710
10781	-1138708800	26.8	433710
10781	-1136030400	26.3	433710
10781	-1133352000	26.6	433710
10781	-1130932800	27.5	433710
10781	-1128254400	28.6	433710
10781	-1125662400	28.6	433710
10781	-1122984000	26.5	433710
10781	-1120392000	26.5	433710
10781	-1117713600	26.8	433710
10781	-1115035200	27.2	433710
10781	-1112443200	26.7	433710
10781	-1109764800	26.5	433710
10781	-1107172800	27	433710
10781	-1104494400	27.1	433710
10781	-1101816000	26.6	433710
10781	-1099396800	28.6	433710
10781	-1096718400	28.5	433710
10781	-1094126400	29.2	433710
10781	-1091448000	27.5	433710
10781	-1088856000	26.1	433710
10781	-1086177600	25.8	433710
10781	-1083499200	26.5	433710
10781	-1080907200	26.6	433710
10781	-1078228800	26.5	433710
10781	-1075636800	26.6	433710
10781	-1072958400	26.6	433710
10781	-1070280000	27.7	433710
10781	-1067774400	28.3	433710
10781	-1065096000	29.6	433710
10781	-1062504000	28.2	433710
10781	-1059825600	26.5	433710
10781	-1057233600	26	433710
10781	-1054555200	26.5	433710
10781	-1051876800	27.3	433710
10781	-1049284800	27.2	433710
10781	-1046606400	26.5	433710
10781	-1044014400	27.2	433710
10781	-1041336000	27.3	433710
10781	-1038657600	27.8	433710
10781	-1036238400	28.5	433710
10781	-1033560000	28.8	433710
10781	-1030968000	29	433710
10781	-1028289600	27.1	433710
10781	-1025697600	26	433710
10781	-1023019200	27.2	433710
10781	-1020340800	27.7	433710
10781	-1017748800	27	433710
10781	-1015070400	26.7	433710
10781	-1012478400	27	433710
10781	-1009800000	27.5	433710
10781	-1007121600	27.5	433710
10781	-1004702400	28.6	433710
10781	-1002024000	28.3	433710
10781	-999432000	28.5	433710
10781	-996753600	26.6	433710
10781	-994161600	26.1	433710
10781	-991483200	26.6	433710
10781	-988804800	26.8	433710
10781	-986212800	26.5	433710
10781	-983534400	26.5	433710
10781	-980942400	27.1	433710
10781	-978264000	26.5	433710
10781	-975585600	27.3	433710
10781	-973166400	28.6	433710
10781	-970488000	28.5	433710
10781	-967896000	28.3	433710
10781	-965217600	26.5	433710
10781	-962625600	26.1	433710
10781	-959947200	26.2	433710
10781	-957268800	27.2	433710
10781	-954676800	27.1	433710
10781	-951998400	25.8	433710
10781	-949406400	27.2	433710
10781	-946728000	26.6	433710
10781	-944049600	27.6	433710
10781	-941544000	28.7	433710
10781	-938865600	29	433710
10781	-936273600	28.5	433710
10781	-933595200	27	433710
10781	-931003200	26.1	433710
10781	-928324800	26	433710
10781	-925646400	27.5	433710
10781	-923054400	26.8	433710
10781	-920376000	26.8	433710
10781	-917784000	27	433710
10781	-915105600	27.6	433710
10781	-912427200	27.8	433710
10781	-910008000	28.8	433710
10781	-907329600	29.2	433710
10781	-904737600	28.7	433710
10781	-902059200	26.8	433710
10781	-899467200	26.6	433710
10781	-896788800	26.5	433710
10781	-894110400	26.5	433710
10781	-891518400	27.2	433710
10781	-888840000	26.8	433710
10781	-886248000	26.6	433710
10781	-883569600	26.8	433710
10781	-880891200	27.8	433710
10781	-878472000	28.5	433710
10781	-875793600	28.5	433710
10781	-873201600	28.6	433710
10781	-870523200	26.5	433710
10781	-867931200	26	433710
10781	-865252800	26.3	433710
10781	-862574400	26.8	433710
10781	-859982400	27	433710
10781	-857304000	27	433710
10781	-854712000	26.3	433710
10781	-852033600	26.5	433710
10781	-849355200	27	433710
10781	-846936000	28	433710
10781	-844257600	28.2	433710
10781	-841665600	27.7	433710
10781	-838987200	25.6	433710
10781	-836395200	25.5	433710
10781	-833716800	25.8	433710
10781	-831038400	26	433710
10781	-828446400	25.8	433710
10781	-825768000	26	433710
10781	-823176000	27	433710
10781	-820497600	27	433710
10781	-817819200	27.1	433710
10781	-815313600	27.7	433710
10781	-812635200	29	433710
10781	-810043200	28.5	433710
10781	-807364800	26.6	433710
10781	-804772800	26.5	433710
10781	-802094400	27	433710
10781	-799416000	27	433710
10781	-796824000	27.1	433710
10781	-794145600	26.3	433710
10781	-791553600	26.1	433710
10781	-788875200	26.5	433710
10781	-786196800	27.5	433710
10781	-783777600	28.5	433710
10781	-781099200	28.5	433710
10781	-778507200	29.2	433710
10781	-775828800	27	433710
10781	-773236800	26.2	433710
10781	-770558400	26.3	433710
10781	-767880000	27	433710
10781	-765288000	26.7	433710
10781	-762609600	26.5	433710
10781	-760017600	26.1	433710
10781	-757339200	26	433710
10781	-754660800	27	433710
10781	-752241600	27.8	433710
10781	-749563200	29	433710
10781	-746971200	29	433710
10781	-744292800	27	433710
10781	-741700800	26.5	433710
10781	-739022400	26.1	433710
10781	-736344000	27	433710
10781	-733752000	26.8	433710
10781	-731073600	26.3	433710
10781	-728481600	26.1	433710
10781	-725803200	26.7	433710
10781	-723124800	27	433710
10781	-720705600	28.1	433710
10781	-718027200	27.8	433710
10781	-715435200	28.7	433710
10781	-712756800	26.6	433710
10781	-710164800	26.6	433710
10781	-707486400	25.7	433710
10781	-704808000	25.7	433710
10781	-702216000	26.3	433710
10781	-699537600	27	433710
10781	-696945600	26.7	433710
10781	-694267200	27.2	433710
10781	-691588800	27.1	433710
10781	-689083200	28	433710
10781	-686404800	28.7	433710
10781	-683812800	28.1	433710
10781	-681134400	26.5	433710
10781	-678542400	26	433710
10781	-675864000	26.1	433710
10781	-673185600	26.8	433710
10781	-670593600	26.7	433710
10781	-667915200	26.7	433710
10781	-665323200	27.1	433710
10781	-662644800	26.5	433710
10781	-659966400	27.1	433710
10781	-657547200	28.3	433710
10781	-654868800	28.8	433710
10781	-652276800	28	433710
10781	-649598400	26.3	433710
10781	-647006400	26	433710
10781	-644328000	26.2	433710
10781	-641649600	26	433710
10781	-639057600	26.8	433710
10781	-636379200	26.5	433710
10781	-633787200	26.7	433710
10781	-631108800	26.5	433710
10781	-628430400	27.1	433710
10781	-626011200	28.5	433710
10781	-623332800	28.6	433710
10781	-620740800	28.8	433710
10781	-618062400	26.2	433710
10781	-615470400	25.7	433710
10781	-612792000	25.8	433710
10781	-610113600	25.8	433710
10781	-607521600	26.2	433710
10781	-604843200	26.5	433710
10781	-602251200	26.5	433710
10781	-599572800	27	433710
10781	-596894400	26.8	433710
10781	-594475200	28	433710
10781	-591796800	28.5	433710
10781	-589204800	28.7	433710
10781	-586526400	25.8	433710
10781	-583934400	26.1	433710
10781	-581256000	27	433710
10781	-578577600	27.2	433710
10781	-575985600	27	433710
10781	-573307200	26.3	433710
10781	-570715200	26.8	433710
10781	-568036800	27	433710
10781	-565358400	27.6	433710
10781	-562852800	28.5	433710
10781	-560174400	28.6	433710
10781	-557582400	28.1	433710
10781	-554904000	26.3	433710
10781	-552312000	26.3	433710
10781	-549633600	26.1	433710
10781	-546955200	27.1	433710
10781	-544363200	26.3	433710
10781	-541684800	26.6	433710
10781	-539092800	26.5	433710
10781	-536414400	27	433710
10781	-533736000	26.5	433710
10781	-531316800	29	433710
10781	-528638400	28.6	433710
10781	-526046400	29.3	433710
10781	-523368000	27.7	433710
10781	-520776000	25.5	433710
10781	-518097600	26.8	433710
10781	-515419200	26.8	433710
10781	-512827200	26.5	433710
10781	-510148800	26.7	433710
10781	-507556800	26.8	433710
10781	-504878400	27	433710
10781	-502200000	27.3	433710
10781	-499780800	27.8	433710
10781	-497102400	28.6	433710
10781	-494510400	28.1	433710
10781	-491832000	26.5	433710
10781	-489240000	25.8	433710
10781	-486561600	26.1	433710
10781	-483883200	26.2	433710
10781	-481291200	26.3	433710
10781	-478612800	27	433710
10781	-476020800	26.7	433710
10781	-473342400	27.1	433710
10781	-470664000	27.5	433710
10781	-468244800	28.3	433710
10781	-465566400	28.5	433710
10781	-462974400	26.8	433710
10781	-460296000	25.5	433710
10781	-457704000	25.7	433710
10781	-455025600	26.5	433710
10781	-452347200	26.5	433710
10781	-449755200	26.3	433710
10781	-447076800	26	433710
10781	-444484800	26.3	433710
10781	-441806400	26.1	433710
10781	-439128000	26.7	433710
10781	-436622400	28.5	433710
10781	-433944000	29.1	433710
10781	-431352000	27.3	433710
10781	-428673600	25.6	433710
10781	-426081600	26	433710
10781	-423403200	26	433710
10781	-420724800	26.1	433710
10781	-418132800	26	433710
10781	-415454400	26.8	433710
10781	-412862400	27.1	433710
10781	-410184000	27	433710
10781	-407505600	27.5	433710
10781	-405086400	28.2	433710
10781	-402408000	29	433710
10781	-399816000	28.3	433710
10781	-397137600	26.5	433710
10781	-394545600	26.5	433710
10781	-391867200	26.5	433710
10781	-389188800	27	433710
10781	-386596800	27	433710
10781	-383918400	27.1	433710
10781	-381326400	27.5	433710
10781	-378648000	27.1	433710
10781	-375969600	27.6	433710
10781	-373550400	29	433710
10781	-370872000	29	433710
10781	-368280000	28	433710
10781	-365601600	26.7	433710
10781	-363009600	26.7	433710
10781	-360331200	26	433710
10781	-357652800	27.2	433710
10781	-355060800	27	433710
10781	-352382400	26.7	433710
10781	-349790400	27.1	433710
10781	-347112000	26.6	433710
10781	-344433600	27.5	433710
10781	-342014400	28.5	433710
10781	-339336000	28.7	433710
10781	-336744000	28	433710
10781	-334065600	26.2	433710
10781	-331473600	25.7	433710
10781	-328795200	26.3	433710
10781	-326116800	26.8	433710
10781	-323524800	26.8	433710
10781	-320846400	26.8	433710
10781	-318254400	26.7	433710
10781	-315576000	27	433710
10781	-312897600	27.3	433710
10781	-310392000	28	433710
10781	-307713600	28	433710
10781	-305121600	26.5	433710
10781	-302443200	26.6	433710
10781	-299851200	26.2	433710
10781	-297172800	26.3	433710
10781	-294494400	25.7	433710
10781	-291902400	26.5	433710
10781	-289224000	25.7	433710
10781	-286632000	26.6	433710
10781	-283953600	26.2	433710
10781	-281275200	26.7	433710
10781	-278856000	28.1	433710
10781	-276177600	29.3	433710
10781	-273585600	28	433710
10781	-270907200	26.2	433710
10781	-268315200	26	433710
10781	-265636800	26	433710
10781	-262958400	26.3	433710
10781	-260366400	26.8	433710
10781	-257688000	27	433710
10781	-255096000	26.5	433710
10781	-252417600	26.5	433710
10781	-249739200	26.7	433710
10781	-247320000	27.5	433710
10781	-244641600	28.2	433710
10781	-242049600	27.6	433710
10781	-239371200	27.3	433710
10781	-236779200	26	433710
10781	-234100800	26.5	433710
10781	-231422400	26.5	433710
10781	-228830400	26.2	433710
10781	-226152000	26.5	433710
10781	-223560000	26.5	433710
10781	-220881600	25.8	433710
10781	-218203200	26.5	433710
10781	-215784000	27.7	433710
10781	-213105600	28.5	433710
10781	-210513600	29	433710
10781	-207835200	27	433710
10781	-205243200	26.5	433710
10781	-202564800	26.5	433710
10781	-199886400	26.7	433710
10781	-197294400	26.7	433710
10781	-194616000	26.6	433710
10781	-192024000	26.5	433710
10781	-189345600	26.1	433710
10781	-186667200	26.8	433710
10781	-184161600	28.1	433710
10781	-181483200	29.3	433710
10781	-178891200	29	433710
10781	-176212800	27.2	433710
10781	-173620800	25.8	433710
10781	-170942400	26.3	433710
10781	-168264000	26.2	433710
10781	-165672000	26.5	433710
10781	-162993600	26.1	433710
10781	-160401600	25.8	433710
10781	-157723200	26	433710
10781	-155044800	26.5	433710
10781	-152625600	27.5	433710
10781	-149947200	28.5	433710
10781	-147355200	28	433710
10781	-144676800	26.8	433710
10781	-142084800	26.6	433710
10781	-139406400	26.5	433710
10781	-136728000	27	433710
10781	-134136000	27.1	433710
10781	-131457600	27.1	433710
10781	-128865600	26	433710
10781	-126187200	26.5	433710
10781	-123508800	27.3	433710
10781	-121089600	28	433710
10781	-118411200	28.7	433710
10781	-115819200	28.5	433710
10781	-113140800	26.6	433710
10781	-110548800	26.3	433710
10781	-107870400	27	433710
10781	-105192000	26.5	433710
10781	-102600000	26.6	433710
10781	-99921600	27	433710
10781	-97329600	26.6	433710
10781	-94651200	26.7	433710
10781	-91972800	27	433710
10781	-89553600	28.1	433710
10781	-86875200	29.1	433710
10781	-84283200	28.2	433710
10781	-81604800	26.7	433710
10781	-79012800	26	433710
10781	-76334400	26	433710
10781	-73656000	26.6	433710
10781	-71064000	26.5	433710
10781	-68385600	27	433710
10781	-65793600	26.7	433710
10781	-63115200	26.5	433710
10781	-60436800	26.6	433710
10781	-57931200	27.7	433710
10781	-55252800	28.2	433710
10781	-52660800	28.5	433710
10781	-49982400	26.8	433710
10781	-47390400	25.5	433710
10781	-44712000	26.2	433710
10781	-42033600	26	433710
10781	-39441600	27	433710
10781	-36763200	26.6	433710
10781	-34171200	26.5	433710
10781	-31492800	27	433710
10781	-28814400	27.5	433710
10781	-26395200	28.5	433710
10781	-23716800	29.2	433710
10781	-21124800	28.3	433710
10781	-18446400	26.8	433710
10781	-15854400	26	433710
10781	-13176000	26.6	433710
10781	-10497600	26.6	433710
10781	-7905600	26.8	433710
10781	-5227200	26.5	433710
10781	-2635200	26.7	433710
10781	43200	27.1	433710
10781	2721600	27.7	433710
10781	5140800	28.5	433710
10781	7819200	28.7	433710
10781	10411200	28.5	433710
10781	13089600	26.8	433710
10781	15681600	26.3	433710
10781	18360000	25.8	433710
10781	21038400	26.5	433710
10781	23630400	26.2	433710
10781	26308800	27	433710
10781	28900800	26.3	433710
10781	31579200	26.6	433710
10781	34257600	26.7	433710
10781	36676800	28	433710
10781	39355200	28.5	433710
10781	41947200	27.7	433710
10781	44625600	25.7	433710
10781	47217600	25.6	433710
10781	49896000	25.8	433710
10781	52574400	26.7	433710
10781	55166400	26.1	433710
10781	57844800	26.5	433710
10781	60436800	25.6	433710
10781	63115200	26.1	433710
10781	65793600	27	433710
10781	68299200	27.6	433710
10781	70977600	28.6	433710
10781	73569600	27.2	433710
10781	76248000	27.5	433710
10781	78840000	26.5	433710
10781	81518400	26.5	433710
10781	84196800	27.5	433710
10781	86788800	27.2	433710
10781	89467200	26.8	433710
10781	92059200	27.2	433710
10781	94737600	27	433710
10781	97416000	28.2	433710
10781	99835200	28.8	433710
10781	102513600	28.7	433710
10781	105105600	28.6	433710
10781	107784000	26	433710
10781	110376000	26.6	433710
10781	113054400	25.5	433710
10781	115732800	27	433710
10781	118324800	26.6	433710
10781	121003200	26.6	433710
10781	123595200	26.1	433710
10781	126273600	25.7	433710
10781	128952000	26.2	433710
10781	131371200	28	433710
10781	134049600	28.5	433710
10781	136641600	27.8	433710
10781	139320000	26.8	433710
10781	141912000	25.8	433710
10781	144590400	25.7	433710
10781	147268800	25.8	433710
10781	149860800	26.1	433710
10781	152539200	27	433710
10781	155131200	27.2	433710
10781	157809600	26.5	433710
10781	160488000	27.5	433710
10781	162907200	28.1	433710
10781	165585600	28.6	433710
10781	168177600	27.6	433710
10781	170856000	25.7	433710
10781	173448000	26	433710
10781	176126400	25.7	433710
10781	178804800	26	433710
10781	181396800	25.8	433710
10781	184075200	25.8	433710
10781	186667200	26.6	433710
10781	189345600	26.2	433710
10781	192024000	26.6	433710
10781	194529600	28	433710
10781	197208000	28.5	433710
10781	199800000	28.2	433710
10781	202478400	27.6	433710
10781	205070400	26.5	433710
10781	207748800	26.5	433710
10781	210427200	26.8	433710
10781	213019200	26.6	433710
10781	215697600	26.3	433710
10781	218289600	26.8	433710
10781	220968000	26.5	433710
10781	223646400	27.1	433710
10781	226065600	28.5	433710
10781	228744000	29	433710
10781	231336000	27.5	433710
10781	234014400	26.5	433710
10781	236606400	26.5	433710
10781	239284800	26.8	433710
10781	241963200	27	433710
10781	244555200	26.2	433710
10781	247233600	26.6	433710
10781	249825600	27	433710
10781	252504000	26.6	433710
10781	255182400	27.6	433710
10781	257601600	28.5	433710
10781	260280000	29	433710
10781	262872000	28	433710
10781	265550400	26.2	433710
10781	268142400	25.8	433710
10781	270820800	25.7	433710
10781	273499200	26.5	433710
10781	276091200	26.8	433710
10781	278769600	26.3	433710
10781	281361600	27.2	433710
10781	284040000	27.2	433710
10781	286718400	27.7	433710
10781	289137600	28.5	433710
10781	291816000	29.5	433710
10781	294408000	28.6	433710
10781	297086400	27.2	433710
10781	299678400	26.5	433710
10781	302356800	26.5	433710
10781	305035200	26.8	433710
10781	307627200	27.2	433710
10781	310305600	26.3	433710
10781	312897600	27.2	433710
10781	315576000	27	433710
10781	318254400	27.5	433710
10781	320760000	28.7	433710
10781	323438400	29.3	433710
10781	326030400	29.2	433710
10781	328708800	26.8	433710
10781	331300800	26.1	433710
10781	333979200	26.3	433710
10781	336657600	26.5	433710
10781	339249600	26.8	433710
10781	341928000	26.3	433710
10781	344520000	26.5	433710
10781	347198400	26.8	433710
10781	349876800	27.2	433710
10781	352296000	28.7	433710
10781	354974400	29.1	433710
10781	357566400	28.8	433710
10781	360244800	25.8	433710
10781	362836800	26.5	433710
10781	365515200	26.6	433710
10781	368193600	26.3	433710
10781	370785600	26.8	433710
10781	373464000	26.5	433710
10781	376056000	26.8	433710
10781	378734400	26.5	433710
10781	381412800	27	433710
10781	383832000	28.6	433710
10781	386510400	29.3	433710
10781	389102400	28.5	433710
10781	391780800	26.6	433710
10781	394372800	26.5	433710
10781	397051200	26.3	433710
10781	399729600	27.3	433710
10781	402321600	27.2	433710
10781	4.05e+08	27.5	433710
10781	407592000	27.1	433710
10781	410270400	27.3	433710
10781	412948800	28.3	433710
10781	415368000	29.3	433710
10781	418046400	29.9	433710
10781	420638400	29.5	433710
10781	423316800	28.3	433710
10781	425908800	27.5	433710
10781	428587200	26.7	433710
10781	431265600	26.9	433710
10781	433857600	27.7	433710
10781	436536000	27.1	433710
10781	439128000	27.2	433710
10781	441806400	27.3	433710
10781	444484800	27.3	433710
10781	446990400	27.7	433710
10781	449668800	28.1	433710
10781	452260800	28.9	433710
10781	454939200	26.5	433710
10781	457531200	26	433710
10781	460209600	27.1	433710
10781	462888000	27.1	433710
10781	465480000	26.3	433710
10781	468158400	27.1	433710
10781	470750400	26.9	433710
10781	473428800	27.1	433710
10781	476107200	27.7	433710
10781	478526400	29.1	433710
10781	481204800	29.5	433710
10781	483796800	28.5	433710
10781	486475200	26.8	433710
10781	489067200	26.3	433710
10781	491745600	26.7	433710
10781	494424000	27.3	433710
10781	497016000	27	433710
10781	499694400	26.4	433710
10781	502286400	27.3	433710
10781	504964800	27.5	433710
10781	507643200	27.4	433710
10781	510062400	28.7	433710
10781	512740800	29.4	433710
10781	515332800	29.1	433710
10781	518011200	27.3	433710
10781	520603200	26.7	433710
10781	523281600	26.1	433710
10781	525960000	26.9	433710
10781	528552000	27.4	433710
10781	531230400	26.8	433710
10781	533822400	27.9	433710
10781	536500800	27.7	433710
10781	539179200	27.7	433710
10781	541598400	28.8	433710
10781	544276800	29.5	433710
10781	546868800	29.3	433710
10781	549547200	27.5	433710
10781	552139200	27.8	433710
10781	554817600	26.9	433710
10781	557496000	27.7	433710
10781	560088000	27.2	433710
10781	562766400	27.4	433710
10781	565358400	27.1	433710
10781	568036800	27.3	433710
10781	570715200	28.3	433710
10781	573220800	29.5	433710
10781	575899200	28.9	433710
10781	578491200	29.3	433710
10781	581169600	27	433710
10783	-3313396800	27	434660
10783	-3310718400	28.1	434660
10783	-3308299200	26.9	434660
10783	-3305620800	26.9	434660
10783	-3303028800	26	434660
10783	-3300350400	29	434660
10783	-3297758400	27.5	434660
10783	-3295080000	27.8	434660
10783	-3292401600	27.7	434660
10783	-3289809600	26.6	434660
10783	-3287131200	26.3	434660
10783	-3284539200	26.6	434660
10783	-3281860800	25.8	434660
10783	-3279182400	25.9	434660
10783	-3276763200	27.3	434660
10783	-3274084800	28.4	434660
10783	-3271492800	28.7	434660
10783	-3268814400	27.7	434660
10783	-3266222400	26.5	434660
10783	-3263544000	25.8	434660
10783	-3260865600	26.2	434660
10783	-3258273600	26.6	434660
14170	981028800	27.2	433630
14170	983448000	29.2	433630
14170	986126400	31	433630
14170	988718400	31.5	433630
14170	991396800	29.8	433630
14170	993988800	29.8	433630
14170	996667200	29.3	433630
14170	999345600	29.6	433630
14170	1001937600	29.1	433630
14170	1004616000	27.9	433630
14170	1007208000	26.5	433630
14170	1009886400	26.9	433630
14171	586440000	26.8	433710
14171	589118400	26.6	433710
14171	591710400	28	433710
14171	594388800	27.2	433710
14171	596980800	27.3	433710
14171	599659200	27	433710
14171	602337600	26.7	433710
14171	604756800	28.1	433710
14171	607435200	29.1	433710
14171	610027200	28.7	433710
14171	612705600	26	433710
14171	615297600	26.3	433710
14171	617976000	26.3	433710
14171	620654400	26.5	433710
14171	623246400	26.7	433710
14171	625924800	27.5	433710
14171	628516800	27.7	433710
14171	631195200	26.9	433710
14171	633873600	28.1	433710
14171	636292800	29	433710
14171	638971200	29.9	433710
14171	641563200	28	433710
14171	644241600	27	433710
14171	646833600	26.2	433710
14171	649512000	26.8	433710
14171	652190400	27.7	433710
14171	654782400	27.4	433710
14171	657460800	26.9	433710
14171	660052800	28	433710
14171	662731200	27.5	433710
14171	665409600	27.7	433710
14171	667828800	29.1	433710
14171	670507200	29.5	433710
14171	673099200	29.8	433710
14171	675777600	26.5	433710
14171	678369600	26.5	433710
14171	681048000	26.4	433710
14171	683726400	27.9	433710
14171	686318400	26.7	433710
14171	688996800	27.1	433710
14171	691588800	27.2	433710
14171	694267200	26.7	433710
14171	696945600	27.3	433710
14171	699451200	28.3	433710
14171	702129600	29.7	433710
14171	704721600	28.6	433710
14171	707400000	27.2	433710
14171	709992000	26.2	433710
14171	712670400	26.4	433710
14171	715348800	26.9	433710
14171	717940800	26.7	433710
14171	720619200	26.7	433710
14171	723211200	27.3	433710
14171	725889600	26.6	433710
14171	728568000	27.5	433710
14171	730987200	28.7	433710
14171	733665600	29.3	433710
14171	736257600	29.3	433710
14171	738936000	27.1	433710
14171	741528000	25.8	433710
14171	744206400	26.9	433710
14171	746884800	27.6	433710
14171	749476800	26.7	433710
14171	752155200	26.5	433710
14171	754747200	26.9	433710
14171	757425600	27.3	433710
14171	760104000	27.7	433710
14171	762523200	28.1	433710
14171	765201600	28.9	433710
14171	767793600	29	433710
14171	770472000	26.7	433710
14171	773064000	26.5	433710
14171	775742400	26.6	433710
14171	778420800	27.4	433710
14171	781012800	26.7	433710
14171	783691200	27.3	433710
14171	786283200	27.6	433710
14171	788961600	27.9	433710
14171	791640000	28.3	433710
14171	794059200	28.8	433710
14171	796737600	28.8	433710
14171	799329600	28.3	433710
14171	802008000	27.5	433710
14171	804600000	26.8	433710
14171	807278400	26.9	433710
14171	809956800	27.1	433710
14171	812548800	27.3	433710
14171	815227200	26.8	433710
14171	817819200	27.3	433710
14171	820497600	26.9	433710
14171	823176000	27.5	433710
14171	825681600	28.7	433710
14171	828360000	28.6	433710
14171	830952000	29.4	433710
14171	833630400	27.1	433710
14171	836222400	26.4	433710
14171	838900800	26.6	433710
14171	841579200	26.8	433710
14171	844171200	26.9	433710
14171	846849600	26.9	433710
14171	849441600	26.8	433710
14171	852120000	27.3	433710
14171	854798400	27.9	433710
14171	857217600	28.9	433710
14171	859896000	29.4	433710
14171	862488000	28.9	433710
14171	865166400	27.6	433710
14171	867758400	26.7	433710
14171	870436800	26.9	433710
14171	873115200	26.9	433710
14171	875707200	27.5	433710
14171	878385600	27.2	433710
14171	880977600	28	433710
14171	883656000	28.6	433710
14171	886334400	28.8	433710
14171	888753600	29.7	433710
14171	891432000	30.6	433710
14171	894024000	28.9	433710
14171	896702400	27.6	433710
14171	899294400	26.8	433710
14171	901972800	27.1	433710
14171	904651200	26.5	433710
14171	907243200	26.6	433710
14171	909921600	26.9	433710
14171	912513600	26.7	433710
14171	915192000	26.9	433710
14171	917870400	27.9	433710
14171	920289600	29.1	433710
14171	922968000	28.4	433710
14171	925560000	27.3	433710
14171	928238400	26.7	433710
14171	930830400	26.5	433710
14171	933508800	27.1	433710
14171	936187200	27.9	433710
14171	938779200	26.5	433710
14171	941457600	27.3	433710
14171	944049600	27.3	433710
14171	946728000	27.9	433710
14171	949406400	28.1	433710
14171	951912000	29	433710
14171	954590400	28.9	433710
14171	957182400	29.5	433710
14171	959860800	26.8	433710
14171	962452800	27.1	433710
14171	965131200	26.3	433710
14171	967809600	27.2	433710
14171	970401600	27.3	433710
14171	973080000	27.5	433710
14171	975672000	27.3	433710
14171	978350400	27.9	433710
14171	981028800	28.3	433710
14171	983448000	29.2	433710
14171	986126400	28.6	433710
14171	988718400	28.5	433710
14171	991396800	26.8	433710
14171	993988800	26.6	433710
14171	996667200	26.7	433710
14171	999345600	27.1	433710
14171	1001937600	27.4	433710
14171	1004616000	27.4	433710
14171	1007208000	27.3	433710
14171	1009886400	27.5	433710
14171	1012564800	27.6	433710
14171	1014984000	28.5	433710
14171	1017662400	29.1	433710
14171	1020254400	28.5	433710
14171	1022932800	27.5	433710
14171	1025524800	27.2	433710
14171	1028203200	26.9	433710
14171	1030881600	27.9	433710
14171	1033473600	27	433710
14171	1036152000	27	433710
14171	1038744000	27.3	433710
14171	1041422400	27.4	433710
14171	1044100800	27.7	433710
14171	1046520000	28.1	433710
14171	1049198400	29.1	433710
14171	1051790400	29.3	433710
14171	1054468800	28	433710
14171	1057060800	27.1	433710
14171	1059739200	27.3	433710
14171	1062417600	28.1	433710
14171	1065009600	27.2	433710
14171	1067688000	27.1	433710
14171	1070280000	27.1	433710
14171	1072958400	27.2	433710
14171	1075636800	27.9	433710
14171	1078142400	29.1	433710
14171	1080820800	29	433710
14171	1083412800	27	433710
14171	1086091200	27	433710
14171	1088683200	26.7	433710
14171	1091361600	27.3	433710
14171	1094040000	27.1	433710
14171	1096632000	27.5	433710
14171	1099310400	27.6	433710
14171	1101902400	27.8	433710
14171	1104580800	27.9	433710
14171	1107259200	28.9	433710
14171	1109678400	29.7	433710
14171	1112356800	28.8	433710
14171	1114948800	29.3	433710
14171	1117627200	27.5	433710
14171	1120219200	27	433710
14171	1122897600	27.8	433710
14171	1125576000	27.4	433710
14171	1128168000	27.9	433710
14171	1130846400	27.1	433710
14171	1133438400	27.1	433710
14171	1136116800	27.3	433710
14171	1138795200	28.5	433710
14171	1141214400	29.4	433710
14171	1143892800	29.7	433710
14171	1146484800	28.9	433710
14171	1149163200	28.1	433710
14171	1151755200	26.9	433710
14171	1154433600	27.3	433710
14171	1157112000	27.3	433710
14171	1159704000	26.9	433710
14171	1162382400	26.9	433710
14171	1164974400	27.5	433710
14171	1167652800	27.4	433710
14171	1170331200	27.8	433710
14171	1172750400	29.1	433710
14171	1175428800	29.6	433710
14171	1178020800	29.2	433710
14171	1180699200	27.6	433710
14171	1183291200	26.9	433710
14171	1185969600	27.3	433710
14171	1188648000	27.2	433710
14171	1191240000	27.3	433710
14171	1193918400	27.5	433710
14171	1196510400	27.5	433710
14171	1199188800	27.8	433710
14171	1201867200	28.3	433710
14171	1204372800	27.8	433710
14171	1207051200	28.6	433710
14171	1209643200	29	433710
14171	1212321600	27.6	433710
14171	1214913600	26.9	433710
14171	1217592000	27.5	433710
14171	1220270400	27.2	433710
14171	1222862400	27.7	433710
14171	1225540800	27.3	433710
14171	1228132800	27.4	433710
14171	1230811200	27.5	433710
14171	1233489600	28.2	433710
14171	1235908800	29.4	433710
14171	1238587200	29.8	433710
14171	1241179200	29.6	433710
14171	1243857600	27.7	433710
14171	1246449600	27	433710
14171	1249128000	27.6	433710
14171	1251806400	27.5	433710
14171	1254398400	28.2	433710
14171	1257076800	27.1	433710
14171	1259668800	28.1	433710
14171	1262347200	27.5	433710
14171	1265025600	28.5	433710
14171	1267444800	29.8	433710
14171	1270123200	29.7	433710
14171	1272715200	29.3	433710
14171	1275393600	27.9	433710
14171	1277985600	27	433710
14171	1280664000	26.9	433710
14171	1283342400	27.6	433710
14171	1285934400	27.3	433710
14171	1288612800	27.2	433710
14171	1291204800	26.8	433710
14171	1293883200	27.5	433710
14171	1296561600	28	433710
14171	1298980800	29.1	433710
14171	1301659200	29.1	433710
14171	1304251200	29.1	433710
14171	1306929600	27.9	433710
14171	1309521600	27.3	433710
14171	1312200000	27.6	433710
14171	1314878400	27.5	433710
14171	1317470400	28.4	433710
14171	1320148800	27.3	433710
14171	1322740800	27.4	433710
14171	1325419200	26.9	433710
14171	1328097600	28.2	433710
14171	1330603200	29.2	433710
14171	1333281600	29.5	433710
14171	1335873600	29	433710
14171	1338552000	28	433710
14171	1341144000	27.8	433710
14171	1343822400	27.5	433710
14171	1346500800	28	433710
14171	1349092800	28.2	433710
14171	1351771200	27.8	433710
14171	1354363200	27.9	433710
14171	1357041600	27.7	433710
14171	1359720000	28.1	433710
14171	1362139200	29.1	433710
14171	1364817600	30.4	433710
14171	1367409600	29.2	433710
14171	1370088000	26.3	433710
14171	1372680000	26.5	433710
14171	1375358400	27.3	433710
14171	1378036800	27.3	433710
14171	1380628800	28.1	433710
14171	1383307200	27.8	433710
14171	1385899200	27.7	433710
14171	1388577600	27.7	433710
14171	1391256000	28.3	433710
14171	1393675200	29.3	433710
14171	1396353600	29.7	433710
14171	1398945600	29.1	433710
14171	1401624000	28.4	433710
14171	1404216000	27.6	433710
14171	1406894400	27.1	433710
14171	1409572800	27.7	433710
14171	1412164800	27.8	433710
14171	1414843200	27.4	433710
14171	1417435200	27.5	433710
14171	1420113600	27.5	433710
14171	1422792000	28.5	433710
14171	1425211200	29.2	433710
14171	1427889600	28.8	433710
14173	-3253003200	28.2	434660
14173	-3250324800	27.1	434660
17109	1014984000	29.3	433630
17109	1017662400	31	433630
17109	1020254400	31.3	433630
17109	1022932800	30.9	433630
17109	1025524800	30.3	433630
17109	1028203200	29.5	433630
17109	1030881600	29.7	433630
17109	1033473600	28.9	433630
17109	1036152000	27.5	433630
17109	1038744000	26.3	433630
17111	-3224059200	26	434660
17111	-3221467200	28.2	434660
17111	-3218788800	28.4	434660
17111	-3216110400	28.3	434660
17111	-3213604800	28.5	434660
17111	-3210926400	29.7	434660
17111	-3208334400	29.6	434660
17111	-3205656000	28.4	434660
19741	1044100800	27.5	433630
19741	1046520000	28.9	433630
19741	1049198400	30.7	433630
19741	1051790400	30.5	433630
19741	1054468800	30.5	433630
19741	1057060800	30.7	433630
19741	1059739200	30.3	433630
19741	1062417600	30.2	433630
19741	1065009600	29.3	433630
19741	1067688000	26.9	433630
19741	1070280000	26.8	433630
19741	1072958400	26.9	433630
19741	1075636800	26.7	433630
19741	1078142400	28.7	433630
19741	1080820800	30.2	433630
19741	1083412800	29.9	433630
19741	1086091200	30.2	433630
19741	1088683200	30.2	433630
19741	1091361600	30.3	433630
19741	1094040000	29.3	433630
19741	1096632000	28.8	433630
19741	1099310400	26.7	433630
19741	1101902400	26	433630
19741	1104580800	26.3	433630
19741	1107259200	27.2	433630
19741	1109678400	29	433630
19741	1112356800	29.6	433630
19741	1114948800	30.7	433630
19741	1117627200	30.2	433630
19741	1120219200	29.1	433630
19741	1122897600	29.3	433630
19741	1125576000	28.9	433630
19741	1128168000	28.3	433630
19741	1130846400	25.6	433630
19741	1133438400	25.5	433630
19741	1136116800	24.7	433630
19741	1138795200	25.7	433630
19741	1141214400	29.1	433630
19741	1143892800	30.5	433630
19741	1146484800	31.1	433630
19741	1149163200	30.7	433630
19741	1151755200	30.3	433630
19741	1154433600	29.6	433630
19741	1157112000	29.9	433630
19741	1159704000	28.7	433630
19741	1162382400	27.5	433630
19741	1164974400	27.3	433630
19741	1167652800	26.7	433630
19741	1170331200	27.9	433630
19741	1172750400	28.1	433630
19741	1175428800	30.4	433630
19741	1178020800	30.4	433630
19741	1180699200	30.1	433630
19741	1183291200	29.5	433630
19741	1185969600	29.3	433630
19741	1188648000	29.7	433630
19741	1191240000	28.6	433630
19741	1193918400	27.3	433630
19741	1196510400	25.9	433630
19741	1199188800	26.3	433630
19741	1201867200	27.5	433630
19741	1204372800	27.6	433630
19741	1207051200	29.7	433630
19741	1209643200	30.4	433630
19741	1212321600	30.2	433630
19741	1214913600	29.6	433630
19741	1217592000	29	433630
19741	1220270400	29.8	433630
19741	1222862400	29.1	433630
19741	1225540800	27.7	433630
19741	1228132800	26.6	433630
19741	1230811200	26.6	433630
19741	1233489600	27.4	433630
19741	1235908800	29.1	433630
19741	1238587200	30.4	433630
19741	1241179200	31.3	433630
19741	1243857600	30.6	433630
19741	1246449600	30	433630
19741	1249128000	30.1	433630
19741	1251806400	30.2	433630
19741	1254398400	29.5	433630
19741	1257076800	27.9	433630
19741	1259668800	26.7	433630
19741	1262347200	27.3	433630
19741	1265025600	27.9	433630
19741	1267444800	29.9	433630
19741	1270123200	31.7	433630
19741	1272715200	31.9	433630
19741	1275393600	30.9	433630
19741	1277985600	30.3	433630
19741	1280664000	29.8	433630
19741	1283342400	29.4	433630
19741	1285934400	29.5	433630
19741	1288612800	27.9	433630
19741	1291204800	26.6	433630
19741	1293883200	26.5	433630
19741	1296561600	27.5	433630
19741	1298980800	29.1	433630
19741	1301659200	30.1	433630
19741	1304251200	31	433630
19741	1306929600	30.8	433630
19741	1309521600	30.7	433630
19741	1312200000	30	433630
19741	1314878400	30.3	433630
19741	1317470400	29.5	433630
19741	1320148800	27.3	433630
19741	1322740800	26.5	433630
19741	1325419200	26.5	433630
19741	1328097600	27.5	433630
19741	1330603200	29.5	433630
19741	1333281600	30.7	433630
19741	1335873600	30.9	433630
19741	1338552000	30.3	433630
19741	1341144000	30.7	433630
19741	1343822400	29.9	433630
19741	1346500800	30.3	433630
19741	1349092800	28.9	433630
19741	1351771200	28.5	433630
19741	1354363200	27.1	433630
19741	1357041600	27.1	433630
19741	1359720000	27.7	433630
19741	1362139200	29.1	433630
19741	1364817600	31.5	433630
19741	1367409600	31.5	433630
19741	1370088000	30.5	433630
19741	1372680000	30.3	433630
19741	1375358400	29.9	433630
19741	1378036800	29.7	433630
19741	1380628800	29.7	433630
19741	1383307200	28.7	433630
19741	1385899200	26.7	433630
19741	1388577600	26.4	433630
19741	1391256000	27.3	433630
19741	1393675200	28.9	433630
19741	1396353600	31.1	433630
19741	1398945600	30.7	433630
19741	1401624000	31.5	433630
19741	1404216000	30.7	433630
19741	1406894400	30.1	433630
19741	1409572800	30.3	433630
19741	1412164800	28.7	433630
19741	1414843200	27	433630
19741	1417435200	26.4	433630
19741	1420113600	27.1	433630
19741	1422792000	27.2	433630
19741	1425211200	29.1	433630
19741	1427889600	30.1	433630
19741	1430481600	30.6	433630
19743	-3200385600	27.6	434660
19743	-3197707200	27.3	434660
19743	-3195115200	28	434660
19743	-3192436800	28.2	434660
19743	-3189844800	28.5	434660
19743	-3187166400	28.1	434660
19743	-3184488000	28	434660
19743	-3182068800	28.8	434660
19743	-3179390400	28.3	434660
19743	-3176798400	28.2	434660
19743	-3174120000	28.9	434660
19743	-3171528000	29	434660
19743	-3168849600	28.6	434660
19743	-3166171200	28.9	434660
19743	-3163579200	29	434660
19743	-3160900800	28.8	434660
22085	-3155630400	25.1	434660
22085	-3152952000	25.5	434660
22085	-3150532800	26.4	434660
22085	-3147854400	27.6	434660
22085	-3145262400	27.7	434660
22085	-3142584000	27.1	434660
22085	-3139992000	26.4	434660
22085	-3137313600	25.5	434660
22085	-3134635200	25.9	434660
22085	-3132043200	25.6	434660
22085	-3129364800	25.4	434660
22085	-3126772800	26	434660
22085	-3124094400	24.9	434660
22085	-3121416000	25.3	434660
22085	-3118996800	25.8	434660
22085	-3116318400	26.8	434660
22085	-3113726400	27.2	434660
22085	-3111048000	26.6	434660
22085	-3108456000	25.6	434660
22085	-3105777600	26.3	434660
22085	-3103099200	26	434660
22085	-3100507200	26.8	434660
22085	-3097828800	25.9	434660
22085	-3095236800	26	434660
22085	-3092558400	25.9	434660
22085	-3089880000	26	434660
22085	-3087374400	26.5	434660
22085	-3084696000	27.1	434660
22085	-3082104000	28.4	434660
22085	-3079425600	27.3	434660
22085	-3076833600	27.1	434660
22085	-3074155200	26.3	434660
22085	-3071476800	25.4	434660
22085	-3068884800	26.6	434660
22085	-3066206400	26.6	434660
22085	-3063614400	26.1	434660
22085	-3060936000	25.6	434660
22085	-3058257600	25.3	434660
22085	-3055838400	26.5	434660
22085	-3053160000	27.5	434660
22085	-3050568000	27.2	434660
22085	-3047889600	26.9	434660
22085	-3045297600	26.4	434660
22085	-3042619200	26.6	434660
22085	-3039940800	26.4	434660
22085	-3037348800	26.3	434660
22085	-3034670400	25.7	434660
22085	-3032078400	25.9	434660
22085	-3029400000	25.5	434660
22085	-3026721600	25.7	434660
22085	-3024302400	26.6	434660
22085	-3021624000	27.8	434660
22085	-3019032000	27.1	434660
22085	-3016353600	26.9	434660
22085	-3013761600	26.3	434660
22085	-3011083200	26.5	434660
22085	-3008404800	26.4	434660
22085	-3005812800	26.1	434660
22085	-3003134400	25.6	434660
22085	-3000542400	25.6	434660
22085	-2997864000	25.4	434660
22085	-2995185600	26.2	434660
22085	-2992766400	26.7	434660
22085	-2990088000	27.6	434660
22085	-2987496000	27.8	434660
22085	-2984817600	26.9	434660
22085	-2982225600	26.8	434660
22085	-2979547200	26.1	434660
22085	-2976868800	27	434660
22085	-2974276800	26.4	434660
22085	-2971598400	25.8	434660
22085	-2969006400	25.9	434660
22085	-2966328000	25.7	434660
22085	-2963649600	25.4	434660
22085	-2961144000	27	434660
22085	-2958465600	28.1	434660
22085	-2955873600	27.6	434660
22085	-2953195200	27.2	434660
22085	-2950603200	26.8	434660
22085	-2947924800	26.5	434660
22085	-2945246400	27.1	434660
22085	-2942654400	26.4	434660
22085	-2939976000	25.5	434660
22085	-2937384000	25.2	434660
22085	-2934705600	25.8	434660
22085	-2932027200	26.1	434660
22085	-2929608000	26.7	434660
22085	-2926929600	27.6	434660
22085	-2924337600	26.4	434660
22085	-2921659200	26.7	434660
22085	-2919067200	27.2	434660
22085	-2916388800	26.8	434660
22085	-2913710400	26.3	434660
22085	-2911118400	26.4	434660
22085	-2908440000	25.8	434660
22085	-2905848000	26.4	434660
22085	-2903169600	26.3	434660
22085	-2900491200	26.9	434660
22085	-2898072000	27.7	434660
22085	-2895393600	28.6	434660
22085	-2892801600	27.6	434660
22085	-2890123200	27	434660
22085	-2887531200	27.1	434660
22085	-2884852800	26.4	434660
22085	-2882174400	27.4	434660
22085	-2879582400	26.6	434660
22085	-2876904000	26.3	434660
22085	-2874312000	26	434660
22085	-2871633600	25.8	434660
22085	-2868955200	25.9	434660
22085	-2866536000	26.7	434660
22085	-2863857600	28.2	434660
22085	-2861265600	27.1	434660
22085	-2858587200	26.9	434660
22085	-2855995200	26.4	434660
22085	-2853316800	26.5	434660
22085	-2850638400	26.5	434660
22085	-2848046400	26.3	434660
22085	-2845368000	25.8	434660
22085	-2842776000	25.7	434660
24258	-2832235200	27.6	434660
24258	-2829643200	27.4	434660
24258	-2826964800	27.7	434660
24258	-2824372800	26.6	434660
24258	-2821694400	26.5	434660
24258	-2819016000	26.9	434660
24258	-2816424000	27.4	434660
24258	-2813745600	25.7	434660
24258	-2811153600	26	434660
24258	-2808475200	25.5	434660
24258	-2805796800	26.1	434660
24258	-2803377600	26.9	434660
24258	-2800699200	27.7	434660
24258	-2798107200	28.4	434660
24258	-2795428800	27.6	434660
24258	-2792836800	26.8	434660
24258	-2790158400	26.3	434660
24258	-2787480000	26.7	434660
24258	-2784888000	26.9	434660
24258	-2782209600	25.8	434660
24258	-2779617600	25.8	434660
24258	-2776939200	25.6	434660
24258	-2774260800	26	434660
24258	-2771841600	27.2	434660
24258	-2769163200	27.6	434660
24258	-2766571200	27.3	434660
24258	-2763892800	26.8	434660
24258	-2761300800	26	434660
24258	-2758622400	26.2	434660
24258	-2755944000	27.1	434660
24258	-2753352000	26.3	434660
24258	-2750673600	26	434660
24258	-2748081600	25.4	434660
24258	-2745403200	25.7	434660
24258	-2742724800	25.8	434660
24258	-2740305600	26.7	434660
24258	-2737627200	27.6	434660
24258	-2735035200	27.5	434660
24258	-2732356800	26.7	434660
24258	-2729764800	26.7	434660
24258	-2727086400	25.4	434660
24258	-2724408000	27	434660
24258	-2721816000	26.4	434660
24258	-2719137600	25	434660
24258	-2716545600	25	434660
24258	-2713867200	25.2	434660
24258	-2711188800	25.8	434660
24258	-2708683200	26	434660
24258	-2706004800	26.7	434660
24258	-2703412800	27	434660
24258	-2700734400	27	434660
24258	-2698142400	27	434660
24258	-2695464000	26.3	434660
24258	-2692785600	25.5	434660
24258	-2690193600	25.8	434660
24258	-2687515200	25.3	434660
24258	-2684923200	25.5	434660
24258	-2682244800	25.9	434660
24258	-2679566400	26	434660
24258	-2677147200	27.3	434660
24258	-2674468800	27.5	434660
24258	-2671876800	27.1	434660
24258	-2669198400	26	434660
24258	-2666606400	26.4	434660
24258	-2663928000	27	434660
24258	-2661249600	27.3	434660
24258	-2658657600	25.9	434660
24258	-2655979200	25.7	434660
24258	-2653387200	26.2	434660
24258	-2650708800	25.8	434660
24258	-2648030400	26.3	434660
24258	-2645611200	27.4	434660
24258	-2642932800	27.3	434660
24258	-2640340800	27.5	434660
24258	-2637662400	27.3	434660
24258	-2635070400	26.5	434660
24258	-2632392000	25.8	434660
24258	-2629713600	26.2	434660
24258	-2627121600	26.6	434660
24258	-2624443200	25.9	434660
24258	-2621851200	25.5	434660
24258	-2619172800	25.7	434660
24258	-2616494400	25.7	434660
24258	-2614075200	26.1	434660
24258	-2611396800	26.7	434660
24258	-2608804800	27.1	434660
24258	-2606126400	25.8	434660
24258	-2603534400	26.2	434660
24258	-2600856000	26	434660
24258	-2598177600	26.2	434660
24258	-2595585600	25.7	434660
24258	-2592907200	25.7	434660
24258	-2590315200	25.3	434660
24258	-2587636800	25.3	434660
24258	-2584958400	25.8	434660
24258	-2582452800	26.9	434660
24258	-2579774400	27.2	434660
24258	-2577182400	27.2	434660
24258	-2574504000	26.7	434660
24258	-2571912000	27.1	434660
24258	-2569233600	26.5	434660
24258	-2566555200	26.6	434660
24258	-2563963200	26.4	434660
24258	-2561284800	25.9	434660
24258	-2558692800	25.5	434660
24258	-2556014400	25.9	434660
24258	-2553336000	26	434660
24258	-2550916800	27.3	434660
24258	-2548238400	27.7	434660
24258	-2545646400	27.4	434660
24258	-2542968000	26.9	434660
24258	-2540376000	26.4	434660
24258	-2537697600	26.6	434660
24258	-2535019200	26.3	434660
24258	-2532427200	26.6	434660
24258	-2529748800	25.8	434660
24258	-2527156800	25.5	434660
24258	-2524478400	25.3	434660
24258	-2521800000	25.7	434660
24258	-2519380800	26.7	434660
24258	-2516702400	26.8	434660
24258	-2514110400	27.5	434660
24258	-2511432000	27.1	434660
24258	-2508840000	26.3	434660
24258	-2506161600	26.4	434660
24258	-2503483200	26.5	434660
24258	-2500891200	26.1	434660
24258	-2498212800	25.3	434660
24258	-2495620800	26	434660
24258	-2492942400	25.6	434660
24258	-2490264000	25.6	434660
24258	-2487844800	26.2	434660
24258	-2485166400	26.8	434660
24258	-2482574400	27.2	434660
24258	-2479896000	26.3	434660
24258	-2477304000	26.5	434660
24258	-2474625600	26.9	434660
24258	-2471947200	26.9	434660
24258	-2469355200	25.7	434660
24258	-2466676800	25.5	434660
24258	-2464084800	25.9	434660
24258	-2461406400	25.1	434660
24258	-2458728000	26.2	434660
24258	-2456222400	26.9	434660
24258	-2453544000	27.1	434660
24258	-2450952000	28	434660
24258	-2448273600	27.1	434660
24258	-2445681600	26.8	434660
24258	-2443003200	26.1	434660
24258	-2440324800	26.8	434660
24258	-2437732800	26.2	434660
24258	-2435054400	25.7	434660
24258	-2432462400	25.8	434660
24258	-2429784000	25.6	434660
24258	-2427105600	25.3	434660
24258	-2424686400	26	434660
24258	-2422008000	26.8	434660
24258	-2419416000	26.6	434660
24258	-2416737600	26.8	434660
24258	-2414145600	26.4	434660
24258	-2411467200	26.3	434660
24258	-2408788800	26.1	434660
24258	-2406196800	26	434660
24258	-2403518400	25.2	434660
24258	-2400926400	25.7	434660
24258	-2398248000	25.3	434660
24258	-2395569600	25.9	434660
24258	-2393150400	26.7	434660
24258	-2390472000	26.8	434660
24258	-2387880000	27.8	434660
24258	-2385201600	26.7	434660
24258	-2382609600	26.5	434660
24258	-2379931200	26.2	434660
24258	-2377252800	26.6	434660
24258	-2374660800	26.4	434660
24258	-2371982400	25.7	434660
24258	-2369390400	26	434660
24258	-2366712000	25.6	434660
24258	-2364033600	26.2	434660
24258	-2361614400	27	434660
24258	-2358936000	27.8	434660
24258	-2356344000	28.2	434660
24258	-2353665600	27.7	434660
24258	-2351073600	27	434660
24258	-2348395200	27.4	434660
24258	-2345716800	27.2	434660
24258	-2343124800	26.1	434660
24258	-2340446400	26.3	434660
24258	-2337854400	25.8	434660
24258	-2335176000	26	434660
24258	-2332497600	26.4	434660
24258	-2329992000	27.4	434660
24258	-2327313600	28.2	434660
24258	-2324721600	28.2	434660
24258	-2322043200	27	434660
24258	-2319451200	27.4	434660
24258	-2316772800	26.6	434660
24258	-2314094400	27.1	434660
24258	-2311502400	26.5	434660
24258	-2308824000	26.4	434660
24258	-2306232000	26.5	434660
24258	-2303553600	26.7	434660
24258	-2300875200	26.8	434660
24258	-2298456000	27.5	434660
24258	-2295777600	27.6	434660
24258	-2293185600	28.6	434660
24258	-2290507200	27.3	434660
24258	-2287915200	27.3	434660
24258	-2285236800	27	434660
24258	-2282558400	27.2	434660
24258	-2279966400	27.5	434660
24258	-2277288000	26.8	434660
24258	-2274696000	25.9	434660
24258	-2272017600	25.9	434660
24258	-2269339200	26.5	434660
24258	-2266920000	27	434660
24258	-2264241600	27.7	434660
24258	-2261649600	27.7	434660
24258	-2258971200	27.6	434660
24258	-2256379200	27.4	434660
24258	-2253700800	27	434660
24258	-2251022400	26.8	434660
24258	-2248430400	26.5	434660
24258	-2245752000	25.7	434660
24258	-2243160000	26.5	434660
24258	-2240481600	25.9	434660
24258	-2237803200	26	434660
24258	-2235384000	27.1	434660
24258	-2232705600	27.7	434660
24258	-2230113600	27.6	434660
24258	-2227435200	26.4	434660
24258	-2224843200	27.5	434660
24258	-2222164800	27.9	434660
24258	-2219486400	27.5	434660
24258	-2216894400	27.2	434660
24258	-2214216000	26.5	434660
24258	-2211624000	26.2	434660
24258	-2208945600	26.5	434660
24258	-2206267200	27.5	434660
24258	-2203848000	28.4	434660
24258	-2201169600	27.9	434660
24258	-2198577600	28.3	434660
24258	-2195899200	27.8	434660
24258	-2193307200	26.8	434660
24258	-2190628800	27.1	434660
24258	-2187950400	26.9	434660
24258	-2185358400	27.4	434660
24258	-2182680000	26.5	434660
24258	-2180088000	25.7	434660
24258	-2177409600	26.1	434660
24258	-2174731200	26.8	434660
24258	-2172312000	27.1	434660
24258	-2169633600	27.7	434660
24258	-2167041600	28.1	434660
24258	-2164363200	27	434660
24258	-2161771200	26.9	434660
24258	-2159092800	27.6	434660
24258	-2156414400	27.7	434660
24258	-2153822400	27.5	434660
24258	-2151144000	25.8	434660
24258	-2148552000	26.6	434660
24258	-2145873600	25.4	434660
24258	-2143195200	26.3	434660
24258	-2140776000	27.3	434660
24258	-2138097600	28	434660
24258	-2135505600	27.9	434660
24258	-2132827200	28.1	434660
24258	-2130235200	26.8	434660
24258	-2127556800	27.4	434660
24258	-2124878400	26.9	434660
24258	-2122286400	26.3	434660
24258	-2119608000	26.2	434660
24258	-2117016000	26.3	434660
24258	-2114337600	26.8	434660
24258	-2111659200	26.9	434660
24258	-2109240000	26	434660
24258	-2106561600	28	434660
24258	-2103969600	27.4	434660
24258	-2101291200	27.7	434660
24258	-2098699200	27.5	434660
24258	-2096020800	27	434660
24258	-2093342400	27.1	434660
24258	-2090750400	26.8	434660
24258	-2088072000	26.6	434660
24258	-2085480000	26.1	434660
24258	-2082801600	24.6	434660
24258	-2080123200	25.7	434660
24258	-2077617600	26.4	434660
24258	-2074939200	27.9	434660
24258	-2072347200	27.3	434660
24258	-2069668800	26.4	434660
24258	-2067076800	26	434660
24258	-2064398400	26.6	434660
24258	-2061720000	26.7	434660
24258	-2059128000	26.3	434660
24258	-2056449600	26.4	434660
24258	-2053857600	25.7	434660
24258	-2051179200	25.6	434660
24258	-2048500800	25.9	434660
24258	-2046081600	27.4	434660
24258	-2043403200	27.3	434660
24258	-2040811200	27.3	434660
24258	-2038132800	27.2	434660
24258	-2035540800	27.5	434660
24258	-2032862400	27.6	434660
24258	-2030184000	26.6	434660
24258	-2027592000	26.3	434660
24258	-2024913600	26.4	434660
24258	-2022321600	26.5	434660
24258	-2019643200	26.1	434660
24258	-2016964800	26.8	434660
24258	-2014545600	27.2	434660
24258	-2011867200	28.5	434660
24258	-2009275200	27.7	434660
24258	-2006596800	27.5	434660
24258	-2004004800	27	434660
24258	-2001326400	26.5	434660
24258	-1998648000	27.5	434660
24258	-1996056000	26.2	434660
24258	-1993377600	25.5	434660
24258	-1990785600	25.8	434660
24258	-1988107200	25.9	434660
24258	-1985428800	25.9	434660
24258	-1983009600	26.8	434660
24258	-1980331200	27.4	434660
24258	-1977739200	27.7	434660
24258	-1975060800	27.1	434660
24258	-1972468800	26.7	434660
24258	-1969790400	26.2	434660
24258	-1967112000	27.2	434660
24258	-1964520000	26.3	434660
24258	-1961841600	25.4	434660
24258	-1959249600	25.7	434660
24258	-1956571200	25.9	434660
24258	-1953892800	25.8	434660
24258	-1951387200	26.9	434660
24258	-1948708800	28.1	434660
24258	-1946116800	27.5	434660
24258	-1943438400	27.1	434660
24258	-1940846400	26.8	434660
24258	-1938168000	26.7	434660
24258	-1935489600	26.8	434660
24258	-1932897600	26.4	434660
24258	-1930219200	25.8	434660
24258	-1927627200	25.8	434660
24258	-1924948800	25.6	434660
24258	-1922270400	26.1	434660
24258	-1919851200	26.8	434660
24258	-1917172800	28	434660
24258	-1914580800	27.7	434660
24258	-1911902400	27.2	434660
24258	-1909310400	26.2	434660
24258	-1906632000	26	434660
24258	-1903953600	26.7	434660
24258	-1901361600	26.5	434660
24258	-1898683200	26	434660
24258	-1896091200	25.6	434660
24258	-1893412800	26.3	434660
24258	-1890734400	26.4	434660
24258	-1888315200	26.9	434660
24258	-1885636800	27.8	434660
24258	-1883044800	28.4	434660
24258	-1880366400	27.7	434660
24258	-1877774400	27.2	434660
24258	-1875096000	27.3	434660
24258	-1872417600	27.2	434660
24258	-1869825600	26.6	434660
24258	-1867147200	26.1	434660
24258	-1864555200	25.9	434660
24258	-1861876800	26	434660
24258	-1859198400	26.9	434660
24258	-1856779200	28.1	434660
24258	-1854100800	29.3	434660
24258	-1851508800	28.4	434660
24258	-1848830400	27.9	434660
24258	-1846238400	27.7	434660
24258	-1843560000	27.9	434660
24258	-1840881600	27.8	434660
24258	-1838289600	26.9	434660
24258	-1835611200	27.1	434660
24258	-1833019200	26.8	434660
24258	-1830340800	25.9	434660
24258	-1827662400	27.3	434660
24258	-1825156800	28.3	434660
24258	-1822478400	28.2	434660
24258	-1819886400	28	434660
24258	-1817208000	27.3	434660
24258	-1814616000	27.7	434660
24258	-1811937600	27.7	434660
24258	-1809259200	27.4	434660
24258	-1806667200	26.7	434660
24258	-1803988800	26.2	434660
24258	-1801396800	25.9	434660
24258	-1798718400	25.3	434660
24258	-1796040000	26.6	434660
24258	-1793620800	27.2	434660
24258	-1790942400	27.5	434660
24258	-1788350400	27.8	434660
24258	-1785672000	27.6	434660
24258	-1783080000	26.9	434660
24258	-1780401600	27.2	434660
24258	-1777723200	27.1	434660
24258	-1775131200	26.8	434660
24258	-1772452800	26.4	434660
24258	-1769860800	26	434660
24258	-1767182400	26.8	434660
24258	-1764504000	26.6	434660
24258	-1762084800	27.6	434660
24258	-1759406400	28.2	434660
24258	-1756814400	28.3	434660
24258	-1754136000	27.6	434660
24258	-1751544000	27.5	434660
24258	-1748865600	27.2	434660
24258	-1746187200	27.6	434660
24258	-1743595200	26.7	434660
24258	-1740916800	26.9	434660
24258	-1738324800	26.4	434660
24258	-1735646400	26.4	434660
24258	-1732968000	27.3	434660
24258	-1730548800	27.9	434660
24258	-1727870400	28.4	434660
24258	-1725278400	29	434660
24258	-1722600000	28.2	434660
24258	-1720008000	26.7	434660
24258	-1717329600	27.3	434660
24258	-1714651200	26.8	434660
24258	-1712059200	26.9	434660
24258	-1709380800	26.1	434660
24258	-1706788800	25.9	434660
24258	-1704110400	25.7	434660
24258	-1701432000	26	434660
24258	-1698926400	27.2	434660
24258	-1696248000	28.1	434660
24258	-1693656000	27.2	434660
24258	-1690977600	27.1	434660
24258	-1688385600	26.8	434660
24258	-1685707200	27	434660
24258	-1683028800	26.9	434660
24258	-1680436800	26.9	434660
24258	-1677758400	25.9	434660
24258	-1675166400	25.7	434660
24258	-1672488000	25.7	434660
24258	-1669809600	26	434660
24258	-1667390400	26.6	434660
24258	-1664712000	27.9	434660
24258	-1662120000	27.8	434660
24258	-1659441600	27.2	434660
24258	-1656849600	27.7	434660
24258	-1654171200	27.3	434660
24258	-1651492800	26.6	434660
24258	-1648900800	26.6	434660
24258	-1646222400	26.2	434660
24258	-1643630400	25.3	434660
24258	-1640952000	25.3	434660
24258	-1638273600	25.2	434660
24258	-1635854400	27.1	434660
24258	-1633176000	27.8	434660
24258	-1630584000	27.4	434660
24258	-1627905600	27.7	434660
24258	-1625313600	27.9	434660
24258	-1622635200	27.4	434660
24258	-1619956800	27.7	434660
24258	-1617364800	26.8	434660
24258	-1614686400	26.9	434660
24258	-1612094400	26.3	434660
24258	-1609416000	26.9	434660
24258	-1606737600	27.6	434660
24258	-1604318400	27.6	434660
24258	-1601640000	28.3	434660
24258	-1599048000	27.9	434660
24258	-1596369600	27.7	434660
24258	-1593777600	27.2	434660
24258	-1591099200	26.8	434660
24258	-1588420800	26.6	434660
24258	-1585828800	27.1	434660
24258	-1583150400	26.4	434660
24258	-1580558400	26.3	434660
24258	-1577880000	26.1	434660
24258	-1575201600	26.5	434660
24258	-1572696000	27.4	434660
24258	-1570017600	27.3	434660
24258	-1567425600	28.3	434660
24258	-1564747200	27.1	434660
24258	-1562155200	27.1	434660
24258	-1559476800	27.1	434660
24258	-1556798400	27.1	434660
24258	-1554206400	26.9	434660
24258	-1551528000	26.3	434660
24258	-1548936000	25.9	434660
24258	-1546257600	26.2	434660
24258	-1543579200	25.4	434660
24258	-1541160000	26.8	434660
24258	-1538481600	27.2	434660
24258	-1535889600	28.4	434660
24258	-1533211200	28	434660
24258	-1530619200	27.4	434660
24258	-1527940800	26.9	434660
24258	-1525262400	27.6	434660
24258	-1522670400	26.6	434660
24258	-1519992000	26.6	434660
24258	-1517400000	26.6	434660
24258	-1514721600	26.3	434660
24258	-1512043200	26.2	434660
24258	-1509624000	27.2	434660
24258	-1506945600	27.8	434660
24258	-1504353600	27.6	434660
24258	-1501675200	27.4	434660
24258	-1499083200	26.5	434660
24258	-1496404800	26.9	434660
24258	-1493726400	26.8	434660
24258	-1491134400	26.2	434660
24258	-1488456000	25.8	434660
24258	-1485864000	25.2	434660
24258	-1483185600	26	434660
24258	-1480507200	25.7	434660
24258	-1478088000	26.9	434660
24258	-1475409600	27.8	434660
24258	-1472817600	27.7	434660
24258	-1470139200	27	434660
24258	-1467547200	26.4	434660
24258	-1464868800	26.5	434660
24258	-1462190400	26.5	434660
24258	-1459598400	26.2	434660
24258	-1456920000	26.2	434660
24258	-1454328000	25.8	434660
24258	-1451649600	26.4	434660
24258	-1448971200	26.8	434660
24258	-1446465600	27.1	434660
24258	-1443787200	27.7	434660
24258	-1441195200	27.6	434660
24258	-1438516800	26.9	434660
24258	-1435924800	26.8	434660
24258	-1433246400	27	434660
24258	-1430568000	26.6	434660
24258	-1427976000	26.4	434660
24258	-1425297600	26.2	434660
24258	-1422705600	26.1	434660
24258	-1420027200	24.9	434660
24258	-1417348800	25.8	434660
24258	-1414929600	26.5	434660
24258	-1412251200	27.4	434660
24258	-1409659200	27.8	434660
24258	-1406980800	27.3	434660
24258	-1404388800	27	434660
24258	-1401710400	26.7	434660
24258	-1399032000	26.8	434660
24258	-1396440000	26.6	434660
24258	-1393761600	26.1	434660
24258	-1391169600	26.4	434660
24258	-1388491200	26	434660
24258	-1385812800	26.6	434660
24258	-1383393600	27.6	434660
24258	-1380715200	28.2	434660
24258	-1378123200	27.7	434660
24258	-1375444800	27.4	434660
24258	-1372852800	26.9	434660
24258	-1370174400	27.2	434660
24258	-1367496000	27.1	434660
24258	-1364904000	26.8	434660
24258	-1362225600	26.2	434660
24258	-1359633600	26.2	434660
24258	-1356955200	26	434660
24258	-1354276800	26.4	434660
24258	-1351857600	26.8	434660
24258	-1349179200	27.4	434660
24258	-1346587200	27.5	434660
24258	-1343908800	27.1	434660
24258	-1341316800	26.9	434660
24258	-1338638400	27.3	434660
24258	-1335960000	26.8	434660
24258	-1333368000	26.6	434660
24258	-1330689600	26.3	434660
24258	-1328097600	26.5	434660
24258	-1325419200	26.3	434660
24258	-1322740800	25.9	434660
24258	-1320235200	27.2	434660
24258	-1317556800	27.6	434660
24258	-1314964800	28.2	434660
24258	-1312286400	27.7	434660
24258	-1309694400	27.4	434660
24258	-1307016000	27.4	434660
24258	-1304337600	28.1	434660
24258	-1301745600	26.6	434660
24258	-1299067200	26.6	434660
24258	-1296475200	26.3	434660
24258	-1293796800	25.4	434660
24258	-1291118400	26.1	434660
24258	-1288699200	26.8	434660
24258	-1286020800	27.2	434660
24258	-1283428800	27.9	434660
24258	-1280750400	27.3	434660
24258	-1278158400	27.2	434660
24258	-1275480000	27.2	434660
24258	-1272801600	27.2	434660
24258	-1270209600	26.7	434660
24258	-1267531200	26.2	434660
24258	-1264939200	25.7	434660
24258	-1262260800	26.1	434660
24258	-1259582400	26.7	434660
24258	-1257163200	27.4	434660
24258	-1254484800	27.9	434660
24258	-1251892800	27.6	434660
24258	-1249214400	26.8	434660
24258	-1246622400	27.4	434660
24258	-1243944000	27	434660
24258	-1241265600	26.9	434660
24258	-1238673600	26.2	434660
24258	-1235995200	26.7	434660
24258	-1233403200	26.4	434660
24258	-1230724800	26.6	434660
24258	-1228046400	27.2	434660
24258	-1225627200	27.9	434660
24258	-1222948800	27.9	434660
24258	-1220356800	27.9	434660
24258	-1217678400	27.6	434660
24258	-1215086400	27.1	434660
24258	-1212408000	26.8	434660
24258	-1209729600	27	434660
24258	-1207137600	27.2	434660
24258	-1204459200	26.3	434660
24258	-1201867200	26.1	434660
24258	-1199188800	26.9	434660
24258	-1196510400	25.4	434660
24258	-1194004800	27.2	434660
24258	-1191326400	27.7	434660
24258	-1188734400	27.3	434660
24258	-1186056000	27.7	434660
24258	-1183464000	27.2	434660
24258	-1180785600	26.8	434660
24258	-1178107200	27.1	434660
24258	-1175515200	26.6	434660
24258	-1172836800	26.1	434660
24258	-1170244800	25.9	434660
24258	-1167566400	26.3	434660
24258	-1164888000	26.2	434660
24258	-1162468800	26.9	434660
24258	-1159790400	27.8	434660
24258	-1157198400	27.1	434660
24258	-1154520000	27	434660
24258	-1151928000	26.7	434660
24258	-1149249600	26.2	434660
24258	-1146571200	26.6	434660
24258	-1143979200	26.2	434660
24258	-1141300800	25.7	434660
24258	-1138708800	25.7	434660
24258	-1136030400	25.6	434660
24258	-1133352000	25.8	434660
24258	-1130932800	26	434660
24258	-1128254400	27.1	434660
24258	-1125662400	27.9	434660
24258	-1122984000	26.9	434660
24258	-1120392000	27.2	434660
24258	-1117713600	27.2	434660
24258	-1115035200	27.3	434660
24258	-1112443200	26.2	434660
24258	-1109764800	25.7	434660
24258	-1107172800	26.2	434660
24258	-1104494400	26.3	434660
24258	-1101816000	26.3	434660
24258	-1099396800	27.1	434660
24258	-1096718400	27.8	434660
24258	-1094126400	28.1	434660
24258	-1091448000	27	434660
24258	-1088856000	26.7	434660
24258	-1086177600	26.7	434660
24258	-1083499200	26.8	434660
24258	-1080907200	26.4	434660
24258	-1078228800	26.2	434660
24258	-1075636800	26.2	434660
24258	-1072958400	25.7	434660
24258	-1070280000	26.6	434660
24258	-1067774400	27.1	434660
24258	-1065096000	28.4	434660
24258	-1062504000	27.1	434660
24258	-1059825600	27	434660
24258	-1057233600	27.3	434660
24258	-1054555200	27.2	434660
24258	-1051876800	27	434660
24258	-1049284800	26.8	434660
24258	-1046606400	26.3	434660
24258	-1044014400	26	434660
24258	-1041336000	26.2	434660
24258	-1038657600	26.7	434660
24258	-1036238400	27.1	434660
24258	-1033560000	27.4	434660
24258	-1030968000	27.8	434660
24258	-1028289600	27.8	434660
24258	-1025697600	27.1	434660
24258	-1023019200	27.7	434660
24258	-1020340800	27.3	434660
24258	-1017748800	26.7	434660
24258	-1015070400	26.3	434660
24258	-1012478400	25.4	434660
24258	-1009800000	26.8	434660
24258	-1007121600	26.7	434660
24258	-1004702400	27.1	434660
24258	-1002024000	27.2	434660
24258	-999432000	28.5	434660
24258	-996753600	28	434660
24258	-994161600	27	434660
24258	-991483200	27	434660
24258	-988804800	27.1	434660
24258	-986212800	26.6	434660
24258	-983534400	26.5	434660
24258	-980942400	26.3	434660
24258	-978264000	25.6	434660
24258	-975585600	25.8	434660
24258	-973166400	27.3	434660
24258	-970488000	27.6	434660
24258	-967896000	28	434660
24258	-965217600	27.4	434660
24258	-962625600	26.8	434660
24258	-959947200	27	434660
24258	-957268800	27.4	434660
24258	-954676800	26.7	434660
24258	-951998400	26.2	434660
24258	-949406400	26.1	434660
24258	-946728000	25.9	434660
24258	-944049600	27	434660
24258	-941544000	27.7	434660
24258	-938865600	28	434660
24258	-936273600	28.1	434660
24258	-933595200	27.8	434660
24258	-931003200	27.3	434660
24258	-928324800	27.3	434660
24258	-925646400	27.6	434660
24258	-923054400	26.6	434660
24258	-920376000	26.4	434660
24258	-917784000	26.6	434660
24258	-915105600	26.6	434660
24258	-912427200	27.4	434660
24258	-910008000	27.7	434660
24258	-907329600	28.5	434660
24258	-904737600	28.3	434660
24258	-902059200	27.4	434660
24258	-899467200	27.6	434660
24258	-896788800	27.4	434660
24258	-894110400	27.2	434660
24258	-891518400	27.2	434660
24258	-888840000	26.6	434660
24258	-886248000	26	434660
24258	-883569600	26.4	434660
24258	-880891200	27.2	434660
24258	-878472000	27.3	434660
24258	-875793600	27.6	434660
24258	-873201600	27.9	434660
24258	-870523200	27.3	434660
24258	-867931200	27.2	434660
24258	-865252800	27.1	434660
24258	-862574400	27.4	434660
24258	-859982400	26.8	434660
24258	-857304000	26.2	434660
24258	-854712000	26.1	434660
24258	-852033600	26.2	434660
24258	-849355200	26.3	434660
24258	-846936000	27.1	434660
24258	-844257600	27.7	434660
24258	-841665600	27.4	434660
24258	-838987200	26.8	434660
24258	-836395200	26.6	434660
24258	-833716800	26.8	434660
24258	-831038400	27.1	434660
24258	-828446400	26.3	434660
24258	-825768000	25.9	434660
24258	-823176000	26.3	434660
24258	-820497600	26.1	434660
24258	-817819200	26.4	434660
24258	-815313600	26.7	434660
24258	-812635200	27.7	434660
24258	-810043200	27.7	434660
24258	-807364800	27.4	434660
24258	-804772800	27.3	434660
24258	-802094400	27.5	434660
24258	-799416000	27.3	434660
24258	-796824000	26.8	434660
24258	-794145600	26.1	434660
24258	-791553600	26.2	434660
24258	-788875200	26	434660
24258	-786196800	26.8	434660
24258	-783777600	27.3	434660
24258	-781099200	28.1	434660
24258	-778507200	28.4	434660
24258	-775828800	27.8	434660
24258	-773236800	27.3	434660
24258	-770558400	27.5	434660
24258	-767880000	27.7	434660
24258	-765288000	26.4	434660
24258	-762609600	26.4	434660
24258	-760017600	25.7	434660
24258	-757339200	25.9	434660
24258	-754660800	27.3	434660
24258	-752241600	27.3	434660
24258	-749563200	27.8	434660
24258	-746971200	28.7	434660
24258	-744292800	27.9	434660
24258	-741700800	27.8	434660
24258	-739022400	27.6	434660
24258	-736344000	27	434660
24258	-733752000	26.6	434660
24258	-731073600	26.3	434660
24258	-728481600	26.2	434660
24258	-725803200	26.2	434660
24258	-723124800	26.4	434660
24258	-720705600	27.5	434660
24258	-718027200	28.1	434660
24258	-715435200	28.1	434660
24258	-712756800	27.7	434660
24258	-710164800	27.6	434660
24258	-707486400	27	434660
24258	-704808000	26.8	434660
24258	-702216000	26.3	434660
24258	-699537600	26.3	434660
24258	-696945600	25.8	434660
24258	-694267200	26.7	434660
24258	-691588800	26.7	434660
24258	-689083200	27.4	434660
24258	-686404800	27.6	434660
24258	-683812800	28.2	434660
24258	-681134400	27.6	434660
24258	-678542400	27.3	434660
24258	-675864000	27.1	434660
24258	-673185600	27.4	434660
24258	-670593600	26.9	434660
24258	-667915200	26.7	434660
24258	-665323200	26.2	434660
24258	-662644800	26.4	434660
24258	-659966400	26.1	434660
24258	-657547200	27.4	434660
24258	-654868800	27.2	434660
24258	-652276800	27.7	434660
24258	-649598400	27.2	434660
24258	-647006400	26.9	434660
24258	-644328000	27.4	434660
24258	-641649600	27.7	434660
24258	-639057600	27.1	434660
24258	-636379200	26.7	434660
24258	-633787200	25.9	434660
24258	-631108800	26	434660
24258	-628430400	26.7	434660
24258	-626011200	27.4	434660
24258	-623332800	27.8	434660
24258	-620740800	28.8	434660
24258	-618062400	27.4	434660
24258	-615470400	26.8	434660
24258	-612792000	27.3	434660
24258	-610113600	27.1	434660
24258	-607521600	26	434660
24258	-604843200	26.3	434660
24258	-602251200	26	434660
24258	-599572800	26.1	434660
24258	-596894400	25.6	434660
24258	-594475200	27	434660
24258	-591796800	27.6	434660
24258	-589204800	27.8	434660
24258	-586526400	27.1	434660
24258	-583934400	27.5	434660
24258	-581256000	27.8	434660
24258	-578577600	27.4	434660
24258	-575985600	27.1	434660
24258	-573307200	26.4	434660
24258	-570715200	26.2	434660
24258	-568036800	26.1	434660
24258	-565358400	26.7	434660
24258	-562852800	27.4	434660
24258	-560174400	27.5	434660
24258	-557582400	28.2	434660
24258	-554904000	27.3	434660
24258	-552312000	27.2	434660
24258	-549633600	27.6	434660
24258	-546955200	27.8	434660
24258	-544363200	26.8	434660
24258	-541684800	26.2	434660
24258	-539092800	26.4	434660
24258	-536414400	26.1	434660
24258	-533736000	26.4	434660
24258	-531316800	27.3	434660
24258	-528638400	27.1	434660
24258	-526046400	28.9	434660
24258	-523368000	28.2	434660
24258	-520776000	26.4	434660
24258	-518097600	27.7	434660
24258	-515419200	27.3	434660
24258	-512827200	26.6	434660
24258	-510148800	26	434660
24258	-507556800	26.5	434660
24258	-504878400	26.2	434660
24258	-502200000	26.4	434660
24258	-499780800	26.7	434660
24258	-497102400	27.7	434660
24258	-494510400	27.7	434660
24258	-491832000	27.7	434660
24258	-489240000	26.9	434660
24258	-486561600	26.7	434660
24258	-483883200	26.8	434660
24258	-481291200	26	434660
24258	-478612800	25.9	434660
24258	-476020800	25.5	434660
24258	-473342400	26.1	434660
24258	-470664000	26	434660
24258	-468244800	26.6	434660
24258	-465566400	27.2	434660
24258	-462974400	27.2	434660
24258	-460296000	26.6	434660
24258	-457704000	26.8	434660
24258	-455025600	27.3	434660
24258	-452347200	26.5	434660
24258	-449755200	26.7	434660
24258	-447076800	25.8	434660
24258	-444484800	25.6	434660
24258	-441806400	25.6	434660
24258	-439128000	25.6	434660
24258	-436622400	26.7	434660
24258	-433944000	27.8	434660
24258	-431352000	27.8	434660
24258	-428673600	27	434660
24258	-426081600	26.9	434660
24258	-423403200	26.9	434660
24258	-420724800	26.8	434660
24258	-418132800	25.9	434660
24258	-415454400	26.1	434660
24258	-412862400	25.8	434660
24258	-410184000	26	434660
24258	-407505600	26.1	434660
24258	-405086400	27	434660
24258	-402408000	28.4	434660
24258	-399816000	27.7	434660
24258	-397137600	27.4	434660
24258	-394545600	26.9	434660
24258	-391867200	27.3	434660
24258	-389188800	27.5	434660
24258	-386596800	26.8	434660
24258	-383918400	26.5	434660
24258	-381326400	26.2	434660
24258	-378648000	26.9	434660
24258	-375969600	26.3	434660
24258	-373550400	27.4	434660
24258	-370872000	27.9	434660
24258	-368280000	27.9	434660
24258	-365601600	27.6	434660
24258	-363009600	28.1	434660
24258	-360331200	27.3	434660
24258	-357652800	27.7	434660
24258	-355060800	27	434660
24258	-352382400	26.4	434660
24258	-349790400	26.8	434660
24258	-347112000	26.8	434660
24258	-344433600	26.7	434660
24258	-342014400	27.7	434660
24258	-339336000	27.8	434660
24258	-336744000	27.8	434660
24258	-334065600	27	434660
24258	-331473600	27	434660
24258	-328795200	27	434660
24258	-326116800	26.8	434660
24258	-323524800	26.7	434660
24258	-320846400	26.5	434660
24258	-318254400	26.2	434660
24258	-315576000	26.4	434660
24258	-312897600	26.3	434660
24258	-310392000	26.9	434660
24258	-307713600	27.5	434660
24258	-305121600	27.5	434660
24258	-302443200	27.7	434660
24258	-299851200	26.9	434660
24258	-297172800	27.2	434660
24258	-294494400	26.7	434660
24258	-291902400	26.3	434660
24258	-289224000	25.6	434660
24258	-286632000	26.6	434660
24258	-283953600	26.8	434660
24258	-281275200	26.2	434660
24258	-278856000	27.3	434660
24258	-276177600	27.6	434660
24258	-273585600	27.6	434660
24258	-270907200	27.3	434660
24258	-268315200	26.9	434660
24258	-265636800	27.1	434660
24258	-262958400	26.6	434660
24258	-260366400	26.5	434660
24258	-257688000	26.3	434660
24258	-255096000	26.2	434660
24258	-252417600	25.9	434660
24258	-249739200	26.9	434660
24258	-247320000	26.9	434660
24258	-244641600	27.6	434660
24258	-242049600	27.6	434660
24258	-239371200	28	434660
24258	-236779200	27.7	434660
24258	-234100800	27.1	434660
24258	-231422400	26.9	434660
24258	-228830400	26.7	434660
24258	-226152000	26.4	434660
24258	-223560000	26.4	434660
24258	-220881600	26.2	434660
24258	-218203200	26.3	434660
24258	-215784000	26.9	434660
24258	-213105600	27.5	434660
24258	-210513600	27.8	434660
24258	-207835200	28.1	434660
24258	-205243200	26.7	434660
24258	-202564800	27.9	434660
24258	-199886400	27.1	434660
24258	-197294400	26.3	434660
24258	-194616000	26.4	434660
24258	-192024000	26.3	434660
24258	-189345600	26.4	434660
24258	-186667200	27.1	434660
24258	-184161600	27.4	434660
24258	-181483200	28.3	434660
24258	-178891200	28.6	434660
24258	-176212800	27.8	434660
24258	-173620800	27.1	434660
24258	-170942400	27.3	434660
24258	-168264000	27.4	434660
24258	-165672000	26.9	434660
24258	-162993600	26.5	434660
24258	-160401600	26.3	434660
24258	-157723200	26.7	434660
24258	-155044800	26.5	434660
24258	-152625600	27.3	434660
24258	-149947200	27.9	434660
24258	-147355200	27.9	434660
24258	-144676800	28.1	434660
24258	-142084800	28	434660
24258	-139406400	27.6	434660
24258	-136728000	27.6	434660
24258	-134136000	26.9	434660
24258	-131457600	27.1	434660
24258	-128865600	26.4	434660
24258	-126187200	26.6	434660
24258	-123508800	27.3	434660
24258	-121089600	27.7	434660
24258	-118411200	27.9	434660
24258	-115819200	28.8	434660
24258	-113140800	27.7	434660
24258	-110548800	27.9	434660
24258	-107870400	28.6	434660
24258	-105192000	27.6	434660
24258	-102600000	26.9	434660
24258	-99921600	26.8	434660
24258	-97329600	26.6	434660
24258	-94651200	26.5	434660
24258	-91972800	26.8	434660
24258	-89553600	27.4	434660
24258	-86875200	28.3	434660
24258	-84283200	28.3	434660
24258	-81604800	27.8	434660
24258	-79012800	27.6	434660
24258	-76334400	27.6	434660
24258	-73656000	27.4	434660
24258	-71064000	26.8	434660
24258	-68385600	26.8	434660
24258	-65793600	26.7	434660
24258	-63115200	26.2	434660
24258	-60436800	26.3	434660
24258	-57931200	27.9	434660
24258	-55252800	27.8	434660
24258	-52660800	28.7	434660
24258	-49982400	27.9	434660
24258	-47390400	26.9	434660
24258	-44712000	27.8	434660
24258	-42033600	27.4	434660
24258	-39441600	27.2	434660
24258	-36763200	26.4	434660
24258	-34171200	26.6	434660
24258	-31492800	26.6	434660
24258	-28814400	26.8	434660
24258	-26395200	28.1	434660
24258	-23716800	28.6	434660
24258	-21124800	28.3	434660
24258	-18446400	28.4	434660
24258	-15854400	28.1	434660
24258	-13176000	27.4	434660
24258	-10497600	28.2	434660
24258	-7905600	27.3	434660
24258	-5227200	26.8	434660
24258	-2635200	26.5	434660
24258	43200	26.4	434660
24258	2721600	27	434660
24258	5140800	27.7	434660
24258	7819200	27.9	434660
24258	10411200	28.1	434660
24258	13089600	28.6	434660
24258	15681600	27.5	434660
24258	18360000	27.6	434660
24258	21038400	27.5	434660
24258	23630400	26.9	434660
24258	26308800	26.6	434660
24258	28900800	25.8	434660
24258	31579200	26.3	434660
24258	34257600	26.4	434660
24258	36676800	27.2	434660
24258	39355200	27.7	434660
24258	41947200	28.2	434660
24258	44625600	27.8	434660
24258	47217600	27.3	434660
24258	49896000	27.3	434660
24258	52574400	26.9	434660
24258	55166400	26.8	434660
24258	57844800	26.7	434660
24258	60436800	25.8	434660
24258	63115200	27.6	434660
24258	65793600	26.1	434660
24258	68299200	27.5	434660
24258	70977600	28	434660
24258	73569600	27.9	434660
24258	76248000	28.6	434660
24258	78840000	28.4	434660
24258	81518400	28.2	434660
24258	84196800	27.9	434660
24258	86788800	26.9	434660
24258	89467200	26.9	434660
24258	92059200	27.3	434660
24258	94737600	26.7	434660
24258	97416000	28.1	434660
24258	99835200	28.3	434660
24258	102513600	28.9	434660
24258	105105600	28.6	434660
24258	107784000	28.2	434660
24258	110376000	28.1	434660
24258	113054400	27.4	434660
24258	115732800	28.1	434660
24258	118324800	26.7	434660
24258	121003200	26.6	434660
24258	123595200	26.1	434660
24258	126273600	25.7	434660
24258	128952000	26.7	434660
24258	131371200	27.4	434660
24258	134049600	27.6	434660
24258	136641600	27.9	434660
24258	139320000	27.9	434660
24258	141912000	27.2	434660
24258	144590400	27.3	434660
24258	147268800	26.8	434660
24258	149860800	26.6	434660
24258	152539200	26.5	434660
24258	155131200	26.4	434660
24258	157809600	26	434660
24258	160488000	26.9	434660
24258	162907200	27.2	434660
24258	165585600	27.4	434660
24258	168177600	28	434660
24258	170856000	27.3	434660
24258	173448000	27.2	434660
24258	176126400	27.3	434660
24258	178804800	26.9	434660
24258	181396800	27.3	434660
24258	184075200	26.2	434660
24258	186667200	26.2	434660
24258	189345600	26.3	434660
24258	192024000	26.7	434660
24258	194529600	27.4	434660
24258	197208000	28.1	434660
24258	199800000	28.4	434660
24258	202478400	28	434660
24258	205070400	27.6	434660
24258	207748800	27.4	434660
24258	210427200	27.8	434660
24258	213019200	26.8	434660
24258	215697600	26.7	434660
24258	218289600	26.6	434660
24258	220968000	26.3	434660
24258	223646400	26.8	434660
24258	226065600	27.3	434660
24258	228744000	28.3	434660
24258	231336000	27.3	434660
24258	234014400	28	434660
24258	236606400	27.3	434660
24258	239284800	27.3	434660
24258	241963200	27.8	434660
24258	244555200	26.7	434660
24258	247233600	26.9	434660
24258	249825600	26.9	434660
24258	252504000	27.3	434660
24258	255182400	27.8	434660
24258	257601600	28.1	434660
24258	260280000	28.3	434660
24258	262872000	27.9	434660
24258	265550400	27.7	434660
24258	268142400	27.1	434660
24258	270820800	27.2	434660
24258	273499200	28.1	434660
24258	276091200	27.1	434660
24258	278769600	26.6	434660
24258	281361600	27.1	434660
24258	284040000	27.5	434660
24258	286718400	27.7	434660
24258	289137600	28.3	434660
24258	291816000	28.6	434660
24258	294408000	28.7	434660
24258	297086400	28.1	434660
24258	299678400	27.6	434660
24258	302356800	27.5	434660
24258	305035200	26.7	434660
24258	307627200	27.1	434660
24258	310305600	26.7	434660
24258	312897600	27.1	434660
24258	315576000	27.3	434660
24258	318254400	27.5	434660
24258	320760000	28.2	434660
24258	323438400	28.2	434660
24258	326030400	28.9	434660
24258	328708800	28.2	434660
24258	331300800	28.2	434660
24258	333979200	27.1	434660
24258	336657600	28	434660
24258	339249600	27.1	434660
24258	341928000	27	434660
24258	344520000	26.6	434660
24258	347198400	26.2	434660
24258	349876800	26.6	434660
24258	352296000	27.5	434660
24258	354974400	28.5	434660
24258	357566400	28.5	434660
24258	360244800	27.7	434660
24258	362836800	28.1	434660
24258	365515200	28	434660
24258	368193600	27.5	434660
24258	370785600	26.9	434660
24258	373464000	27.2	434660
24258	376056000	26.3	434660
24258	378734400	26.9	434660
24258	381412800	27	434660
24258	383832000	27.7	434660
24258	386510400	28.5	434660
24258	389102400	27.9	434660
24258	391780800	27.8	434660
24258	394372800	27.4	434660
24258	397051200	27.5	434660
24258	399729600	27.6	434660
24258	402321600	27.1	434660
24258	4.05e+08	26.4	434660
24258	407592000	26.3	434660
24258	410270400	27.1	434660
24258	412948800	27.5	434660
24258	415368000	28.3	434660
24258	418046400	29.5	434660
24258	420638400	28.9	434660
24258	423316800	28.5	434660
24258	425908800	27.8	434660
24258	428587200	27.9	434660
24258	431265600	27.1	434660
24258	433857600	27.4	434660
24258	436536000	26.9	434660
24258	439128000	26.9	434660
24258	441806400	26.5	434660
24258	444484800	26.6	434660
24258	446990400	27.3	434660
24258	449668800	27.7	434660
24258	452260800	28.5	434660
24258	454939200	27.5	434660
24258	457531200	26.9	434660
24258	460209600	27.4	434660
24258	462888000	27.3	434660
24258	465480000	26.7	434660
24258	468158400	26.5	434660
24258	470750400	26.5	434660
24258	473428800	27	434660
24258	476107200	26.9	434660
24258	478526400	27.7	434660
24258	481204800	28.7	434660
24258	483796800	28.7	434660
24258	486475200	26.7	434660
24258	489067200	27.5	434660
24258	491745600	27.3	434660
24258	494424000	27.4	434660
24258	497016000	26.9	434660
24258	499694400	26.5	434660
24258	502286400	26.7	434660
24258	504964800	26.3	434660
24258	507643200	25.5	434660
24258	510062400	27.4	434660
24258	512740800	28.2	434660
24258	515332800	28.9	434660
24258	518011200	27.5	434660
24258	520603200	28.3	434660
24258	523281600	27.1	434660
24258	525960000	27.6	434660
24258	528552000	27.5	434660
24258	531230400	27.3	434660
24258	533822400	27.5	434660
24258	536500800	28.4	434660
24258	539179200	27.1	434660
24258	541598400	28.6	434660
24258	544276800	28.7	434660
24258	546868800	28.8	434660
24258	549547200	28.9	434660
24258	552139200	29	434660
24258	554817600	27.7	434660
24258	557496000	28.1	434660
24258	560088000	27.4	434660
24258	562766400	27.5	434660
24258	565358400	27.3	434660
24258	568036800	28.1	434660
24258	570715200	27.5	434660
24258	573220800	28.8	434660
24258	575899200	28.5	434660
24258	578491200	27.7	434660
24258	581169600	28.1	434660
24258	583761600	28	434660
24258	586440000	27.9	434660
24258	589118400	27.5	434660
24258	591710400	28.1	434660
24258	594388800	26.9	434660
24258	596980800	27.2	434660
24258	599659200	27.1	434660
24258	602337600	26.7	434660
24258	604756800	27.3	434660
24258	607435200	28.3	434660
24258	610027200	28.3	434660
24258	612705600	27.3	434660
24258	615297600	27.3	434660
24258	617976000	27.7	434660
24258	620654400	27.8	434660
24258	623246400	27.1	434660
24258	625924800	27.5	434660
24258	628516800	27.4	434660
24258	631195200	27	434660
24258	633873600	27.6	434660
24258	636292800	28.5	434660
24258	638971200	28.5	434660
24258	641563200	28.5	434660
24258	644241600	28.5	434660
24258	646833600	27.3	434660
24258	649512000	27.9	434660
24258	652190400	28.5	434660
24258	654782400	27.5	434660
24258	657460800	26.7	434660
24258	660052800	26.3	434660
24258	662731200	26.6	434660
24258	665409600	26.7	434660
24258	667828800	28.1	434660
24258	670507200	28.5	434660
24258	673099200	31.9	434660
24258	675777600	27.5	434660
24258	678369600	28.2	434660
24258	681048000	30	434660
24258	683726400	28.3	434660
24258	686318400	26.9	434660
24258	688996800	26.9	434660
24258	691588800	26.8	434660
24258	694267200	27.1	434660
24258	696945600	27.1	434660
24258	699451200	28.1	434660
24258	702129600	29.2	434660
24258	704721600	28.4	434660
24258	707400000	28.1	434660
24258	709992000	27.5	434660
24258	712670400	27.7	434660
24258	715348800	27.5	434660
24258	717940800	27.2	434660
24258	720619200	26.8	434660
24258	723211200	26.6	434660
24258	725889600	26.5	434660
24258	728568000	27.5	434660
24258	730987200	28	434660
24258	733665600	28.5	434660
24258	736257600	28.3	434660
24258	738936000	30.9	434660
24258	741528000	27.9	434660
24258	744206400	28	434660
24258	746884800	27.9	434660
24258	749476800	27.3	434660
24258	752155200	26.9	434660
24258	754747200	26.9	434660
24258	757425600	27	434660
24258	760104000	27.3	434660
24258	762523200	28.1	434660
24258	765201600	28.5	434660
24258	767793600	28.5	434660
24258	770472000	28.3	434660
24258	773064000	28.1	434660
24258	775742400	26.9	434660
24258	778420800	27.5	434660
24258	781012800	26.5	434660
24258	783691200	26.9	434660
24258	786283200	27.6	434660
24258	788961600	27.5	434660
24258	791640000	27.7	434660
24258	794059200	28.5	434660
24258	796737600	28.1	434660
24258	799329600	28.5	434660
24258	802008000	28.2	434660
24258	804600000	27.9	434660
24258	807278400	28	434660
24258	809956800	28.1	434660
24258	812548800	27.8	434660
24258	815227200	27.7	434660
24258	817819200	27.7	434660
24258	820497600	27.3	434660
24258	823176000	27.1	434660
24258	825681600	28.4	434660
24258	828360000	28.5	434660
24258	830952000	29.5	434660
24258	833630400	27.1	434660
24258	836222400	27.6	434660
24258	838900800	28	434660
24258	841579200	27.6	434660
24258	844171200	27.3	434660
24258	846849600	27	434660
24258	849441600	26.6	434660
24258	852120000	27	434660
24258	854798400	27	434660
24258	857217600	28.3	434660
24258	859896000	28.6	434660
24258	862488000	28.5	434660
24258	865166400	28.5	434660
24258	867758400	28.1	434660
24258	870436800	28.5	434660
24258	873115200	27.5	434660
24258	875707200	27.3	434660
24258	878385600	27.5	434660
24258	880977600	27.4	434660
24258	883656000	27.9	434660
24258	886334400	28.9	434660
24258	888753600	29.3	434660
24258	891432000	29.7	434660
24258	894024000	29.8	434660
24258	896702400	27.9	434660
24258	899294400	27.9	434660
24258	901972800	28.1	434660
24258	904651200	28.3	434660
24258	907243200	27.7	434660
24258	909921600	27.2	434660
24258	912513600	27	434660
24258	915192000	26.6	434660
24258	917870400	27.6	434660
24258	920289600	28	434660
24258	922968000	27.9	434660
24258	925560000	28	434660
24258	928238400	27.9	434660
24258	930830400	27.9	434660
24258	933508800	27.8	434660
24258	936187200	27.8	434660
24258	938779200	26.8	434660
24258	941457600	27.2	434660
24258	944049600	26.9	434660
24258	946728000	27	434660
24258	949406400	27.2	434660
24258	951912000	27.9	434660
24258	954590400	28.9	434660
24258	957182400	28.8	434660
24258	959860800	27.9	434660
24258	962452800	28	434660
24258	965131200	27.6	434660
24258	967809600	27.3	434660
24258	970401600	27.6	434660
24258	973080000	27.4	434660
24258	975672000	27.2	434660
24258	978350400	26.8	434660
24258	981028800	26.7	434660
24258	983448000	28.4	434660
24258	986126400	28.1	434660
24258	988718400	29.2	434660
24258	991396800	28.3	434660
24258	993988800	27.7	434660
24258	996667200	28.6	434660
24258	999345600	28.1	434660
24258	1001937600	28.2	434660
24258	1004616000	27.5	434660
24258	1007208000	27.6	434660
24258	1009886400	27.4	434660
24258	1012564800	27.9	434660
24258	1014984000	28.5	434660
24258	1017662400	28.3	434660
24258	1020254400	28.8	434660
24258	1022932800	28.5	434660
24258	1025524800	28.4	434660
24258	1028203200	28.3	434660
24258	1030881600	28.7	434660
24258	1033473600	27.1	434660
24258	1036152000	27.2	434660
24258	1038744000	27	434660
24258	1041422400	27.1	434660
24258	1044100800	27.8	434660
24258	1046520000	28	434660
24258	1049198400	28.9	434660
24258	1051790400	29.1	434660
24258	1054468800	28.6	434660
24258	1057060800	28.3	434660
24258	1059739200	28.5	434660
24258	1062417600	28.2	434660
24258	1065009600	27.7	434660
24258	1067688000	27.4	434660
24258	1070280000	27.9	434660
24258	1072958400	28.3	434660
24258	1075636800	28.1	434660
24258	1078142400	28.6	434660
24258	1080820800	29	434660
24258	1083412800	28.6	434660
24258	1086091200	28.3	434660
24258	1088683200	28	434660
24258	1091361600	28	434660
24258	1094040000	27.2	434660
24258	1096632000	27.1	434660
24258	1099310400	27.1	434660
24258	1101902400	27	434660
24258	1104580800	27.5	434660
24258	1107259200	27.8	434660
24258	1109678400	28.6	434660
24258	1112356800	28.4	434660
24258	1114948800	28.7	434660
24258	1117627200	28.5	434660
24258	1120219200	27.9	434660
24258	1122897600	28.5	434660
24258	1125576000	28	434660
24258	1128168000	27.3	434660
24258	1130846400	26.6	434660
24258	1133438400	26.8	434660
24258	1136116800	26.7	434660
24258	1138795200	27.7	434660
24258	1141214400	27.7	434660
24258	1143892800	28.8	434660
24258	1146484800	28.5	434660
24258	1149163200	28.1	434660
24258	1151755200	28	434660
24258	1154433600	27.6	434660
24258	1157112000	27.9	434660
24258	1159704000	27.4	434660
24258	1162382400	27.1	434660
24258	1164974400	27.2	434660
24258	1167652800	27.4	434660
24258	1170331200	27.4	434660
24258	1172750400	28.3	434660
24258	1175428800	28.3	434660
24258	1178020800	28.9	434660
24258	1180699200	28.4	434660
24258	1183291200	27.9	434660
24258	1185969600	27.8	434660
24258	1188648000	27.9	434660
24258	1191240000	26.9	434660
24258	1193918400	27.1	434660
24258	1196510400	26.9	434660
24258	1199188800	26.9	434660
24258	1201867200	27.1	434660
24258	1204372800	27.4	434660
24258	1207051200	27.5	434660
24258	1209643200	28.7	434660
24258	1212321600	27.9	434660
24258	1214913600	27.5	434660
24258	1217592000	27.6	434660
24258	1220270400	27.8	434660
24258	1222862400	27.3	434660
24258	1225540800	27.3	434660
24258	1228132800	27.2	434660
24258	1230811200	27	434660
24258	1233489600	27	434660
24258	1235908800	27.9	434660
24258	1238587200	28.6	434660
24258	1241179200	29.2	434660
24258	1243857600	28	434660
24258	1246449600	27.9	434660
24258	1249128000	28.3	434660
24258	1251806400	28	434660
24258	1254398400	27.7	434660
28032	1272715200	28.6	434660
28032	1275393600	28.6	434660
28032	1277985600	27.8	434660
28032	1280664000	28	434660
28032	1283342400	27.9	434660
28032	1285934400	27.9	434660
28032	1288612800	27	434660
28032	1291204800	26.5	434660
28032	1293883200	26.6	434660
28032	1296561600	27	434660
28032	1298980800	28.2	434660
28032	1301659200	28	434660
28032	1304251200	29	434660
28032	1306929600	28.6	434660
28032	1309521600	28.2	434660
28032	1312200000	28.2	434660
28032	1314878400	28.3	434660
28032	1317470400	28.1	434660
28032	1320148800	27.5	434660
28032	1322740800	27.1	434660
28032	1325419200	26.8	434660
28032	1328097600	27.5	434660
28032	1330603200	28.2	434660
29677	1335873600	29.2	434660
29677	1338552000	28.7	434660
29677	1341144000	28.5	434660
29677	1343822400	28.1	434660
29677	1346500800	28	434660
31172	1354363200	27.3	434660
31172	1357041600	27.3	434660
31172	1359720000	27.7	434660
31172	1362139200	28.5	434660
31172	1364817600	29.4	434660
31172	1367409600	29	434660
31172	1370088000	27.8	434660
31172	1372680000	27.8	434660
31172	1375358400	28.1	434660
31172	1378036800	27.7	434660
31172	1380628800	28	434660
31172	1383307200	27.6	434660
31172	1385899200	27.4	434660
31172	1388577600	27.5	434660
31172	1391256000	27.6	434660
31172	1393675200	28.6	434660
31172	1396353600	28.7	434660
31172	1398945600	29.1	434660
31172	1401624000	29	434660
31172	1404216000	28.8	434660
31172	1406894400	27.9	434660
31172	1409572800	28	434660
31172	1412164800	27.5	434660
31172	1414843200	27	434660
31172	1417435200	26.7	434660
31172	1420113600	27.4	434660
31172	1422792000	27.3	434660
31172	1425211200	28	434660
31172	1427889600	28.4	434660
31172	1430481600	29.2	434660
