group	x	y	clickSelects
4431	-283953600	24.4	784090
4431	-281275200	25	784090
4431	-278856000	26.5	784090
4431	-276177600	25.6	784090
4432	-3345019200	24.3	784390
4432	-3342340800	24.1	784390
4432	-3339835200	24.9	784390
4432	-3337156800	25.8	784390
4432	-3334564800	25.3	784390
4432	-3331886400	27.6	784390
4432	-3329294400	27.7	784390
4432	-3326616000	27.1	784390
4432	-3323937600	27.3	784390
4432	-3321345600	26.9	784390
4432	-3318667200	25.2	784390
4432	-3316075200	24.2	784390
4432	-3313396800	25.2	784390
4432	-3310718400	24.2	784390
4432	-3308299200	25.5	784390
4432	-3305620800	25.7	784390
4432	-3303028800	26.6	784390
4432	-3300350400	27.7	784390
4432	-3297758400	27.8	784390
4432	-3295080000	27.7	784390
4432	-3292401600	26	784390
4432	-3289809600	26.6	784390
4432	-3287131200	25.2	784390
4432	-3284539200	25.1	784390
4432	-3281860800	23.8	784390
4432	-3279182400	25	784390
4432	-3276763200	23.9	784390
4432	-3274084800	25.1	784390
4432	-3271492800	26.2	784390
4432	-3268814400	26.8	784390
4432	-3266222400	27.2	784390
4432	-3263544000	27.8	784390
4432	-3260865600	26.6	784390
4432	-3258273600	26.1	784390
4432	-3255595200	24.9	784390
4432	-3253003200	24	784390
4432	-3250324800	23.9	784390
4432	-3247646400	24.7	784390
4432	-3245227200	25.3	784390
4432	-3242548800	26.4	784390
4432	-3239956800	26.4	784390
4432	-3237278400	26.9	784390
4432	-3234686400	27.3	784390
4432	-3232008000	27.6	784390
4432	-3229329600	27.4	784390
4432	-3226737600	27.1	784390
4432	-3224059200	25.3	784390
4432	-3221467200	24.6	784390
4432	-3218788800	24.7	784390
4432	-3216110400	24.4	784390
4432	-3213604800	24.7	784390
4432	-3210926400	26.3	784390
4432	-3208334400	26	784390
4432	-3205656000	27.4	784390
4432	-3203064000	28.8	784390
4432	-3200385600	28.1	784390
4432	-3197707200	25.9	784390
4433	-283953600	25.9	784470
4433	-281275200	25.7	784470
4433	-278856000	27	784470
4433	-276177600	24.4	784470
4434	-599572800	22.1	784487
4434	-596894400	21.7	784487
4434	-594475200	22.4	784487
4434	-591796800	25.8	784487
4434	-589204800	26.3	784487
4434	-586526400	27.5	784487
4434	-583934400	28.3	784487
4434	-581256000	28.3	784487
4434	-578577600	28	784487
4434	-575985600	27.4	784487
4434	-573307200	26.1	784487
4434	-570715200	24.1	784487
4434	-568036800	22.3	784487
4434	-565358400	23.9	784487
4434	-562852800	25.1	784487
4434	-560174400	25.5	784487
4434	-557582400	27.1	784487
4434	-554904000	28.2	784487
4434	-552312000	28.1	784487
4434	-549633600	28.7	784487
4434	-546955200	28.3	784487
4434	-544363200	28	784487
4434	-541684800	25.6	784487
4434	-539092800	23.5	784487
4434	-536414400	23.3	784487
4434	-533736000	23.8	784487
4434	-531316800	24.6	784487
4434	-528638400	26.2	784487
4434	-526046400	26.5	784487
4434	-523368000	27.2	784487
4434	-520776000	28	784487
4434	-518097600	28.6	784487
4434	-515419200	28.5	784487
4434	-512827200	27.1	784487
4434	-510148800	26.2	784487
4434	-507556800	24.7	784487
4434	-504878400	23.8	784487
4434	-502200000	23.6	784487
4434	-499780800	25.3	784487
4434	-497102400	25.7	784487
4434	-494510400	27.5	784487
4434	-491832000	27.6	784487
4434	-489240000	28.2	784487
4434	-486561600	28.1	784487
4435	-283953600	26.1	784510
4435	-281275200	26.3	784510
4435	-278856000	26.1	784510
4435	-276177600	28	784510
4435	-273585600	28.7	784510
4435	-270907200	29.3	784510
4435	-268315200	29.1	784510
4435	-265636800	29.7	784510
4435	-262958400	28.9	784510
4435	-260366400	28.7	784510
4435	-257688000	26.3	784510
4435	-255096000	25.7	784510
4435	-252417600	25.3	784510
4435	-249739200	25.5	784510
4435	-247320000	26.1	784510
4435	-244641600	27	784510
4435	-242049600	27.1	784510
4435	-239371200	29.3	784510
4435	-236779200	29.9	784510
4435	-234100800	29.4	784510
4435	-231422400	30	784510
4435	-228830400	29.3	784510
4435	-226152000	27.8	784510
4435	-223560000	26.5	784510
4435	-220881600	25	784510
4435	-218203200	27.1	784510
4435	-215784000	27.1	784510
4435	-213105600	27.7	784510
4435	-210513600	28.1	784510
4435	-207835200	29.3	784510
4435	-205243200	29.7	784510
4435	-202564800	30.8	784510
4435	-199886400	30.8	784510
4435	-197294400	27.9	784510
4435	-194616000	26.3	784510
4435	-192024000	25.5	784510
4435	-189345600	24.5	784510
4435	-186667200	25.9	784510
4435	-184161600	26.7	784510
4435	-181483200	26.5	784510
4435	-178891200	27.7	784510
4435	-176212800	28.8	784510
4435	-173620800	28.6	784510
4435	-170942400	29.1	784510
4435	-168264000	29.1	784510
4435	-165672000	28.9	784510
4435	-162993600	26.7	784510
4435	-160401600	23.9	784510
4435	-157723200	22.9	784510
4435	-155044800	24.5	784510
4435	-152625600	26	784510
4435	-149947200	25.8	784510
4435	-147355200	26.7	784510
4435	-144676800	28	784510
4435	-142084800	28.8	784510
4435	-139406400	28.7	784510
4435	-136728000	28.9	784510
4435	-134136000	28.5	784510
4435	-131457600	26.1	784510
4435	-128865600	24.5	784510
4435	-126187200	24.7	784510
4435	-123508800	24.9	784510
4435	-121089600	25.3	784510
4435	-118411200	26.5	784510
4435	-115819200	27.8	784510
4435	-113140800	28.9	784510
4435	-110548800	29.3	784510
4435	-107870400	29.2	784510
4435	-105192000	29.3	784510
4435	-102600000	27.3	784510
4435	-99921600	24.3	784510
4435	-97329600	23.5	784510
4435	-94651200	23.6	784510
4435	-91972800	24.3	784510
4435	-89553600	24.1	784510
4435	-86875200	24.6	784510
4435	-84283200	26.8	784510
4435	-81604800	27.8	784510
4435	-79012800	27.9	784510
4435	-76334400	28.4	784510
4435	-73656000	28.3	784510
4435	-71064000	27.5	784510
4435	-68385600	25.9	784510
4435	-65793600	24.1	784510
4435	-63115200	23.7	784510
4435	-60436800	23.9	784510
4435	-57931200	24.3	784510
4435	-55252800	24.1	784510
4435	-52660800	27.3	784510
4435	-49982400	28.1	784510
4435	-47390400	27.5	784510
4435	-44712000	28.2	784510
4435	-42033600	28.5	784510
4435	-39441600	28.3	784510
4435	-36763200	26.4	784510
4435	-34171200	24	784510
4435	-31492800	23.3	784510
4435	-28814400	23.4	784510
4435	-26395200	25.1	784510
4435	-23716800	26.9	784510
4435	-21124800	27.7	784510
4435	-18446400	28.7	784510
4435	-15854400	28.4	784510
4435	-13176000	28.5	784510
4435	-10497600	28.4	784510
4435	-7905600	27.5	784510
4435	-5227200	25.5	784510
4435	-2635200	23.7	784510
4435	43200	23.6	784510
4435	2721600	23.6	784510
4435	5140800	24.9	784510
4435	7819200	26.2	784510
4435	10411200	26.2	784510
4435	13089600	28.4	784510
4435	15681600	28.3	784510
4435	18360000	28.7	784510
4435	21038400	27.7	784510
4435	23630400	26.7	784510
4435	26308800	24.5	784510
4435	28900800	23.6	784510
4435	31579200	23.3	784510
4435	34257600	24.1	784510
4435	36676800	25	784510
4435	39355200	24.8	784510
4435	41947200	27	784510
4435	44625600	27.7	784510
4435	47217600	27.6	784510
4435	49896000	27.9	784510
4435	52574400	27.7	784510
4435	55166400	27	784510
4435	57844800	25.4	784510
4435	60436800	23.8	784510
4435	63115200	23.9	784510
4435	65793600	24.7	784510
4435	68299200	24.9	784510
4435	70977600	25.8	784510
4435	73569600	26.9	784510
4435	76248000	27.9	784510
4435	78840000	27.7	784510
4435	81518400	27.7	784510
4435	84196800	27.7	784510
4435	86788800	26.9	784510
4435	89467200	26.4	784510
4435	92059200	24.7	784510
4435	94737600	24.1	784510
4435	97416000	23.7	784510
4435	99835200	25.6	784510
4435	102513600	26.5	784510
4435	105105600	27.7	784510
4435	107784000	28.3	784510
4435	110376000	29.1	784510
4435	113054400	28.5	784510
4435	115732800	28.3	784510
4435	118324800	27.5	784510
4435	121003200	24.9	784510
4435	123595200	22.9	784510
4435	126273600	23.3	784510
4435	128952000	23.8	784510
4435	131371200	24.4	784510
4435	134049600	25.7	784510
4435	136641600	26.7	784510
4435	139320000	28.5	784510
4435	141912000	28.4	784510
4435	144590400	28.4	784510
4435	147268800	28	784510
4435	149860800	26.2	784510
4435	152539200	24.6	784510
4435	155131200	23.1	784510
4435	157809600	22.8	784510
4435	160488000	24.1	784510
4435	162907200	25.2	784510
4435	165585600	25.4	784510
4435	168177600	26.9	784510
4435	170856000	28	784510
4435	173448000	27.6	784510
4435	176126400	28	784510
4435	178804800	26.9	784510
4435	181396800	26.2	784510
4435	184075200	24.8	784510
4435	186667200	22	784510
4435	189345600	22.4	784510
4435	192024000	23.9	784510
4435	194529600	24.4	784510
4435	197208000	24.6	784510
4435	199800000	27.3	784510
4435	202478400	27.6	784510
4435	205070400	27.9	784510
4435	207748800	28.1	784510
4435	210427200	28.4	784510
4435	213019200	27.1	784510
4435	215697600	26.6	784510
4435	218289600	25.8	784510
4435	220968000	24.4	784510
4435	223646400	25.3	784510
4435	226065600	25.3	784510
4435	228744000	25.8	784510
4435	231336000	26.4	784510
4435	234014400	27.4	784510
4435	236606400	28.4	784510
4435	239284800	28.4	784510
4435	241963200	28.2	784510
4435	244555200	28	784510
4435	247233600	26.6	784510
4435	249825600	25.9	784510
4435	252504000	24.7	784510
4435	255182400	23.9	784510
4435	257601600	25.2	784510
4435	260280000	25.5	784510
4435	262872000	27.5	784510
4435	265550400	28.4	784510
4435	268142400	28.4	784510
4435	270820800	28.2	784510
4435	273499200	27.9	784510
4435	276091200	27.7	784510
4435	278769600	26.4	784510
4435	281361600	25.4	784510
4435	284040000	24.2	784510
4435	286718400	24.6	784510
4435	289137600	23.8	784510
4435	291816000	25	784510
4435	294408000	26.5	784510
4435	297086400	27.8	784510
4435	299678400	27.8	784510
4435	302356800	28	784510
4435	305035200	27.9	784510
4435	307627200	27.7	784510
4435	310305600	26	784510
4435	312897600	25	784510
4435	315576000	24.3	784510
4435	318254400	23.8	784510
4435	320760000	25.1	784510
4435	323438400	26.3	784510
4435	326030400	27.1	784510
4435	328708800	28.8	784510
4435	331300800	28.8	784510
4435	333979200	28.5	784510
4435	336657600	28.1	784510
4435	339249600	28.4	784510
4435	341928000	27.6	784510
4435	344520000	24.6	784510
4435	347198400	23.8	784510
4435	349876800	24.4	784510
4435	352296000	24.8	784510
4435	354974400	25.1	784510
4435	357566400	27.2	784510
4435	360244800	28.1	784510
4435	362836800	28.3	784510
4435	365515200	28.6	784510
4435	368193600	28.4	784510
4435	370785600	27.6	784510
4435	373464000	26.4	784510
4435	376056000	24.7	784510
4435	378734400	24.5	784510
4435	381412800	24.6	784510
4435	383832000	25.9	784510
4435	386510400	26.3	784510
4435	389102400	25.9	784510
4435	391780800	28.7	784510
4435	394372800	28.3	784510
4435	397051200	28.6	784510
4435	399729600	28.5	784510
4435	402321600	28	784510
4435	4.05e+08	26.1	784510
4435	407592000	24.2	784510
4435	410270400	25.1	784510
4435	412948800	25	784510
4435	415368000	26	784510
4435	418046400	25.8	784510
4435	420638400	26.9	784510
4435	423316800	28.3	784510
4435	425908800	28.8	784510
4435	428587200	28.7	784510
4435	431265600	28.3	784510
4435	433857600	27.5	784510
4435	436536000	26	784510
4435	439128000	25.6	784510
4435	441806400	24.6	784510
4435	444484800	24.9	784510
4435	446990400	25.3	784510
4435	449668800	26.2	784510
4435	452260800	26.5	784510
4435	454939200	27	784510
4435	457531200	28.1	784510
4435	460209600	27.9	784510
4435	462888000	27.4	784510
4435	465480000	26.4	784510
4435	468158400	25.2	784510
4435	470750400	23.7	784510
4435	473428800	23.5	784510
4435	476107200	24.1	784510
4435	478526400	24.2	784510
4435	481204800	25	784510
4435	483796800	26.9	784510
4435	486475200	28.1	784510
4435	489067200	28.5	784510
4435	491745600	28.3	784510
4435	494424000	27.9	784510
4435	497016000	27.1	784510
4435	499694400	26.3	784510
4435	502286400	24.7	784510
4435	504964800	24.5	784510
4435	507643200	24.1	784510
4435	510062400	25.4	784510
4435	512740800	25.2	784510
4435	515332800	26.2	784510
4435	518011200	28.1	784510
4435	520603200	28.4	784510
4435	523281600	28.8	784510
4435	525960000	28.3	784510
4435	528552000	27.6	784510
4435	531230400	26.4	784510
4435	533822400	26	784510
4435	536500800	24.6	784510
4435	539179200	24.9	784510
4435	541598400	25.2	784510
4435	544276800	26.5	784510
4435	546868800	26.7	784510
4435	549547200	27.7	784510
4435	552139200	28.7	784510
4435	554817600	29.1	784510
4435	557496000	28.6	784510
4435	560088000	28	784510
4435	562766400	26.2	784510
4435	565358400	25.5	784510
4435	568036800	24.7	784510
4435	570715200	24.9	784510
4435	573220800	25.4	784510
4435	575899200	26.2	784510
4435	578491200	27.4	784510
4435	581169600	28.3	784510
4435	583761600	28.5	784510
4435	586440000	28.2	784510
4435	589118400	27.7	784510
4435	591710400	27.5	784510
4435	594388800	27.1	784510
4435	596980800	24.9	784510
4435	599659200	24.6	784510
4435	602337600	24.3	784510
4435	604756800	24.6	784510
4435	607435200	26.6	784510
4435	610027200	27	784510
4435	612705600	27.4	784510
4435	615297600	28.4	784510
4435	617976000	28.4	784510
4435	620654400	28	784510
4435	623246400	27.6	784510
4435	625924800	26.7	784510
4435	628516800	25.5	784510
4435	631195200	25.1	784510
4435	633873600	24.7	784510
4435	636292800	24.7	784510
4435	638971200	26	784510
4435	641563200	27.6	784510
4435	644241600	28.1	784510
4435	646833600	28.2	784510
4435	649512000	28.7	784510
4435	652190400	28.5	784510
4435	654782400	27.5	784510
4435	657460800	26.3	784510
4435	660052800	24.5	784510
4436	-257688000	23.9	784550
4436	-255096000	23.6	784550
4436	-252417600	23.7	784550
4437	-283953600	25.1	784567
4437	-281275200	25.9	784567
4437	-278856000	26.3	784567
4438	-283953600	21.9	784577
4438	-281275200	22.7	784577
4438	-278856000	23.1	784577
4438	-276177600	24.3	784577
4438	-273585600	24.9	784577
4438	-270907200	24.9	784577
4438	-268315200	25.3	784577
4438	-265636800	25.5	784577
4438	-262958400	25.1	784577
4438	-260366400	24.3	784577
4438	-257688000	21.9	784577
4438	-255096000	21.3	784577
4438	-252417600	21.3	784577
4438	-249739200	21.8	784577
4438	-247320000	22.8	784577
4438	-244641600	24.5	784577
4438	-242049600	23.4	784577
4438	-239371200	24.8	784577
4438	-236779200	25.9	784577
4438	-234100800	26.2	784577
4438	-231422400	25.3	784577
4438	-228830400	24.5	784577
4438	-226152000	22.5	784577
4438	-223560000	23	784577
4438	-220881600	21	784577
4438	-218203200	23.1	784577
4438	-215784000	22.9	784577
4438	-213105600	23.5	784577
4438	-210513600	24	784577
4438	-207835200	24.8	784577
4438	-205243200	25.6	784577
4438	-202564800	26.2	784577
4438	-199886400	27.7	784577
4438	-197294400	24.2	784577
4438	-194616000	23.1	784577
4438	-192024000	22.7	784577
4438	-189345600	22.1	784577
4438	-186667200	23.4	784577
4438	-184161600	24.6	784577
4438	-181483200	24.8	784577
4438	-178891200	25.3	784577
4438	-176212800	25.7	784577
4438	-173620800	25.7	784577
4438	-170942400	26.7	784577
4438	-168264000	25.3	784577
4438	-165672000	25.5	784577
4438	-162993600	23.5	784577
4438	-160401600	21.5	784577
4438	-157723200	21.3	784577
4438	-155044800	21.9	784577
4438	-152625600	24.9	784577
4438	-149947200	24.3	784577
4438	-147355200	24.2	784577
4438	-144676800	24.5	784577
4438	-142084800	25.5	784577
4438	-139406400	26.2	784577
4438	-136728000	25.5	784577
4438	-134136000	24.7	784577
4438	-131457600	23.3	784577
4438	-128865600	21.7	784577
4438	-126187200	22.6	784577
4438	-123508800	22.5	784577
4438	-121089600	23.4	784577
4438	-118411200	24.6	784577
4438	-115819200	24.7	784577
4438	-113140800	26	784577
4438	-110548800	25.9	784577
4438	-107870400	26.6	784577
4438	-105192000	26.5	784577
4438	-102600000	25	784577
4438	-99921600	22.5	784577
4438	-97329600	21.5	784577
4438	-94651200	21.7	784577
4438	-91972800	22.7	784577
4438	-89553600	22.5	784577
4438	-86875200	23.1	784577
4438	-84283200	25.5	784577
4438	-81604800	25.3	784577
4438	-79012800	26.5	784577
4438	-76334400	26.9	784577
4438	-73656000	26.5	784577
4438	-71064000	25.3	784577
4438	-68385600	23.8	784577
4438	-65793600	22.3	784577
4438	-63115200	21.8	784577
4438	-60436800	22.1	784577
4438	-57931200	22.5	784577
4438	-55252800	23.1	784577
4438	-52660800	25.7	784577
4438	-49982400	25.5	784577
4438	-47390400	26.1	784577
4438	-44712000	26.1	784577
4438	-42033600	26	784577
4438	-39441600	25.9	784577
4438	-36763200	24.1	784577
4438	-34171200	21.9	784577
4438	-31492800	21.4	784577
4438	-28814400	21.7	784577
4438	-26395200	23.7	784577
4438	-23716800	25.4	784577
4438	-21124800	25.3	784577
4438	-18446400	26	784577
4438	-15854400	26.2	784577
4438	-13176000	26.7	784577
4438	-10497600	26.3	784577
4438	-7905600	25.8	784577
4438	-5227200	23.6	784577
4438	-2635200	21.9	784577
4438	43200	21.9	784577
4438	2721600	22.4	784577
4438	5140800	23.2	784577
4438	7819200	25.1	784577
4438	10411200	24.8	784577
4438	13089600	25.7	784577
4438	15681600	25.9	784577
4438	18360000	26.1	784577
4438	21038400	25.7	784577
4438	23630400	24.9	784577
4438	26308800	22.7	784577
4438	28900800	22	784577
4439	-599572800	21.6	784580
4439	-596894400	20.7	784580
4439	-594475200	21.6	784580
4439	-591796800	24.1	784580
4439	-589204800	24.9	784580
4439	-586526400	25.9	784580
4439	-583934400	26.2	784580
4439	-581256000	27	784580
4439	-578577600	26.5	784580
4439	-575985600	26.3	784580
4439	-573307200	24.7	784580
4439	-570715200	22.6	784580
4439	-568036800	21.3	784580
4439	-565358400	22.1	784580
4439	-562852800	22.7	784580
4439	-560174400	23.7	784580
4439	-557582400	25.4	784580
4439	-554904000	26.7	784580
4439	-552312000	26.2	784580
4439	-549633600	26.6	784580
4439	-546955200	26.5	784580
4439	-544363200	26.4	784580
4439	-541684800	23.7	784580
4439	-539092800	21.9	784580
4439	-536414400	22.3	784580
4439	-533736000	22.5	784580
4439	-531316800	22.5	784580
4439	-528638400	24.8	784580
4439	-526046400	25.2	784580
4439	-523368000	26.4	784580
4439	-520776000	26.5	784580
4439	-518097600	26.8	784580
4439	-515419200	27.3	784580
4439	-512827200	26.6	784580
4439	-510148800	26	784580
4439	-507556800	23.8	784580
4439	-504878400	22.5	784580
4439	-502200000	21.6	784580
4439	-499780800	24.4	784580
4439	-497102400	24.9	784580
4439	-494510400	25.8	784580
4439	-491832000	26	784580
4439	-489240000	26.4	784580
4439	-486561600	26.8	784580
4439	-483883200	26.8	784580
4439	-481291200	25.8	784580
4439	-478612800	25.1	784580
4439	-476020800	22.5	784580
4439	-473342400	22	784580
4439	-470664000	21.7	784580
4439	-468244800	22	784580
4439	-465566400	22.4	784580
4439	-462974400	23.3	784580
4439	-460296000	25.6	784580
4439	-457704000	26.3	784580
4439	-455025600	26.4	784580
4439	-452347200	26.6	784580
4439	-449755200	26.3	784580
4439	-447076800	25.4	784580
4439	-444484800	23	784580
4439	-441806400	21.6	784580
4439	-439128000	22.2	784580
4439	-436622400	22.8	784580
4439	-433944000	22.4	784580
4439	-431352000	24.6	784580
4439	-428673600	26.2	784580
4439	-426081600	26.3	784580
4439	-423403200	26.6	784580
4439	-420724800	26.9	784580
4439	-418132800	26.3	784580
4439	-415454400	25.2	784580
4439	-412862400	22.9	784580
4439	-410184000	22.2	784580
4439	-407505600	22.5	784580
4439	-405086400	23.5	784580
4439	-402408000	25.7	784580
4439	-399816000	26.5	784580
4439	-397137600	27.1	784580
4439	-394545600	27.7	784580
4439	-391867200	28.2	784580
4439	-389188800	28.1	784580
4439	-386596800	27.8	784580
4439	-383918400	25.5	784580
4439	-381326400	24.7	784580
4439	-378648000	23.3	784580
4439	-375969600	22.6	784580
4439	-373550400	24.9	784580
4439	-370872000	26.4	784580
4439	-368280000	26.3	784580
4439	-365601600	27.2	784580
4439	-363009600	26.8	784580
4439	-360331200	27.7	784580
4439	-357652800	27.7	784580
4439	-355060800	27	784580
4439	-352382400	26	784580
4439	-349790400	25.3	784580
4439	-347112000	23.5	784580
4439	-344433600	24.1	784580
4439	-342014400	25.2	784580
4439	-339336000	25.2	784580
4439	-336744000	25.5	784580
4439	-334065600	27.3	784580
4439	-331473600	27.8	784580
4439	-328795200	27.7	784580
4439	-326116800	27.9	784580
4439	-323524800	27.3	784580
4439	-320846400	26.1	784580
4439	-318254400	25.3	784580
4439	-315576000	24.5	784580
4439	-312897600	24.9	784580
4439	-310392000	24.6	784580
4439	-307713600	25.6	784580
4439	-305121600	26.9	784580
4439	-302443200	27.9	784580
4439	-299851200	28.3	784580
4439	-297172800	28.1	784580
4439	-294494400	28	784580
4439	-291902400	27.3	784580
4439	-289224000	26.7	784580
4439	-286632000	24.3	784580
4439	-283953600	24.7	784580
4439	-281275200	24.7	784580
4439	-278856000	24.5	784580
4439	-276177600	25.5	784580
4439	-273585600	26.5	784580
4439	-270907200	26.9	784580
4439	-268315200	27.1	784580
4439	-265636800	27.9	784580
4439	-262958400	27.7	784580
4439	-260366400	27.4	784580
4439	-257688000	25.3	784580
4439	-255096000	24.9	784580
4439	-252417600	24.5	784580
4439	-249739200	24.2	784580
4439	-247320000	23.9	784580
4439	-244641600	25.1	784580
4439	-242049600	25.1	784580
4439	-239371200	27.2	784580
4439	-236779200	27.8	784580
4439	-234100800	27.7	784580
4439	-231422400	27.9	784580
4439	-228830400	27.6	784580
4439	-226152000	25.8	784580
4439	-223560000	25.3	784580
4439	-220881600	23.9	784580
4439	-218203200	24.9	784580
4439	-215784000	25.1	784580
4439	-213105600	25.4	784580
4439	-210513600	25.8	784580
4439	-207835200	27.5	784580
4439	-205243200	27.3	784580
4439	-202564800	28.1	784580
4439	-199886400	28.3	784580
4439	-197294400	27.5	784580
4439	-194616000	26.4	784580
4439	-192024000	26.1	784580
4439	-189345600	24.7	784580
4439	-186667200	25.5	784580
4439	-184161600	25.5	784580
4439	-181483200	25.4	784580
4439	-178891200	26.9	784580
4439	-176212800	27.5	784580
4439	-173620800	27.5	784580
4439	-170942400	27.7	784580
4439	-168264000	28	784580
4439	-165672000	27.7	784580
4439	-162993600	26.5	784580
4439	-160401600	24.3	784580
4439	-157723200	22.7	784580
4439	-155044800	23.4	784580
4439	-152625600	24.5	784580
4439	-149947200	24.1	784580
4439	-147355200	24.9	784580
4439	-144676800	26.1	784580
4439	-142084800	26.7	784580
4439	-139406400	27	784580
4439	-136728000	27.1	784580
4439	-134136000	27.1	784580
4439	-131457600	25.5	784580
4439	-128865600	23.7	784580
4439	-126187200	23.9	784580
4439	-123508800	23.3	784580
4439	-121089600	23.9	784580
4439	-118411200	24.9	784580
4439	-115819200	25.8	784580
4439	-113140800	26.7	784580
4439	-110548800	27.1	784580
4439	-107870400	27.1	784580
4439	-105192000	26.8	784580
4439	-102600000	26.3	784580
4439	-99921600	24.3	784580
4439	-97329600	23.2	784580
4439	-94651200	23.5	784580
4439	-91972800	23.1	784580
4439	-89553600	22.7	784580
4439	-86875200	23.1	784580
4439	-84283200	25.5	784580
4439	-81604800	26.7	784580
4439	-79012800	26.4	784580
4439	-76334400	26.9	784580
4439	-73656000	27	784580
4439	-71064000	26.4	784580
4439	-68385600	25.1	784580
4439	-65793600	23.7	784580
4439	-63115200	22.9	784580
4439	-60436800	22.7	784580
4439	-57931200	22.9	784580
4439	-55252800	23.1	784580
4439	-52660800	25.3	784580
4439	-49982400	26.7	784580
4439	-47390400	26.9	784580
4439	-44712000	26.9	784580
4439	-42033600	27.1	784580
4439	-39441600	27.3	784580
4439	-36763200	25.9	784580
4439	-34171200	23.3	784580
4439	-31492800	23.4	784580
4439	-28814400	22.9	784580
4439	-26395200	23.9	784580
4439	-23716800	25.5	784580
4439	-21124800	26.3	784580
4439	-18446400	27.4	784580
4439	-15854400	27.2	784580
4439	-13176000	27.1	784580
4439	-10497600	27.3	784580
4439	-7905600	27.1	784580
4439	-5227200	25.1	784580
4439	-2635200	23.7	784580
4439	43200	23.1	784580
4439	2721600	22.7	784580
4439	5140800	23.7	784580
4439	7819200	25.1	784580
4439	10411200	25.3	784580
4439	13089600	26.1	784580
4439	15681600	26.5	784580
4439	18360000	26.3	784580
4439	21038400	27.1	784580
4439	23630400	28.2	784580
4439	26308800	26.1	784580
4439	28900800	24.4	784580
4439	31579200	23.8	784580
4439	34257600	24.3	784580
4439	36676800	24.7	784580
4439	39355200	24.8	784580
4440	-283953600	21.3	784597
4440	-281275200	21.9	784597
4440	-278856000	22	784597
4440	-276177600	23.5	784597
4440	-273585600	24.4	784597
4440	-270907200	24.5	784597
4440	-268315200	25.1	784597
4440	-265636800	25.7	784597
4440	-262958400	24.9	784597
4440	-260366400	24.3	784597
4440	-257688000	21.5	784597
4440	-255096000	20.9	784597
4440	-252417600	21.3	784597
4440	-249739200	20.8	784597
4440	-247320000	22.1	784597
4440	-244641600	23.3	784597
4440	-242049600	23.4	784597
4440	-239371200	24.5	784597
4440	-236779200	25.5	784597
4440	-234100800	25.5	784597
4440	-231422400	25.2	784597
4440	-228830400	24.5	784597
4440	-226152000	22.7	784597
4440	-223560000	21.6	784597
4440	-220881600	20.2	784597
4440	-218203200	21.7	784597
4440	-215784000	22.1	784597
4440	-213105600	22.3	784597
4440	-210513600	23	784597
4440	-207835200	24.8	784597
4440	-205243200	25	784597
4440	-202564800	25.3	784597
4440	-199886400	25.1	784597
4440	-197294400	22.7	784597
4440	-194616000	22.6	784597
4440	-192024000	23.1	784597
4440	-189345600	21.9	784597
4440	-186667200	22.9	784597
4440	-184161600	23.9	784597
4440	-181483200	23.7	784597
4440	-178891200	24.8	784597
4440	-176212800	25.3	784597
4440	-173620800	25.9	784597
4440	-170942400	26.3	784597
4440	-168264000	25.5	784597
4440	-165672000	25.1	784597
4440	-162993600	23.3	784597
4440	-160401600	21.3	784597
4440	-157723200	20.5	784597
4440	-155044800	21.9	784597
4440	-152625600	23.7	784597
4440	-149947200	24.2	784597
4440	-147355200	23.5	784597
4440	-144676800	24.7	784597
4440	-142084800	25.9	784597
4440	-139406400	26.4	784597
4440	-136728000	26.1	784597
4440	-134136000	25.9	784597
4440	-131457600	23.8	784597
4440	-128865600	21.9	784597
4440	-126187200	22.3	784597
4440	-123508800	22.1	784597
4440	-121089600	23.1	784597
4440	-118411200	23.9	784597
4440	-115819200	24.6	784597
4440	-113140800	26.1	784597
4440	-110548800	26.2	784597
4440	-107870400	26.5	784597
4440	-105192000	26.3	784597
4440	-102600000	25.2	784597
4440	-99921600	23.1	784597
4440	-97329600	22.3	784597
4440	-94651200	21.9	784597
4440	-91972800	22.1	784597
4440	-89553600	22.3	784597
4440	-86875200	22.9	784597
4440	-84283200	25.1	784597
4440	-81604800	25.5	784597
4440	-79012800	25.8	784597
4440	-76334400	26.6	784597
4440	-73656000	26.7	784597
4440	-71064000	26.3	784597
4440	-68385600	24.5	784597
4440	-65793600	22.5	784597
4440	-63115200	21.7	784597
4440	-60436800	22.1	784597
4440	-57931200	22.9	784597
4440	-55252800	23.3	784597
4440	-52660800	25.6	784597
4440	-49982400	26.1	784597
4440	-47390400	26.5	784597
4440	-44712000	26.4	784597
4440	-42033600	26.5	784597
4440	-39441600	26.2	784597
4440	-36763200	24.5	784597
4440	-34171200	22.3	784597
4440	-31492800	21.7	784597
4440	-28814400	22.7	784597
4440	-26395200	24	784597
4440	-23716800	25.2	784597
4440	-21124800	25.5	784597
4440	-18446400	26.1	784597
4440	-15854400	26.8	784597
4440	-13176000	27.2	784597
4440	-10497600	27.1	784597
4440	-7905600	26.3	784597
4440	-5227200	23.9	784597
4440	-2635200	22.5	784597
4440	43200	22.7	784597
4440	2721600	22.5	784597
4440	5140800	23.5	784597
4440	7819200	26	784597
4440	10411200	24.9	784597
4440	13089600	25.3	784597
4440	15681600	25.7	784597
4440	18360000	26	784597
4440	21038400	25.9	784597
4440	23630400	25.4	784597
4440	26308800	22.7	784597
4440	28900800	21.8	784597
4441	-283953600	25.7	784600
4441	-281275200	25.1	784600
4441	-278856000	25.4	784600
4441	-276177600	27.6	784600
4441	-273585600	28	784600
4441	-270907200	27.9	784600
4441	-268315200	28.2	784600
4441	-265636800	28.7	784600
4441	-262958400	28.6	784600
4441	-260366400	27.3	784600
4441	-257688000	24.7	784600
4441	-255096000	24.3	784600
4441	-252417600	24.9	784600
4441	-249739200	25.1	784600
4441	-247320000	26.5	784600
4441	-244641600	27.4	784600
4441	-242049600	26.6	784600
4441	-239371200	28.9	784600
4441	-236779200	28.2	784600
4441	-234100800	28.4	784600
4441	-231422400	28.4	784600
4441	-228830400	27.7	784600
4441	-226152000	25.2	784600
4441	-223560000	24.3	784600
4441	-220881600	23.4	784600
4441	-218203200	25.1	784600
4441	-215784000	25	784600
4441	-213105600	25.3	784600
4441	-210513600	26.3	784600
4441	-207835200	27.9	784600
4441	-205243200	27.7	784600
4441	-202564800	28.5	784600
4441	-199886400	28.8	784600
4441	-197294400	26.9	784600
4441	-194616000	25.8	784600
4441	-192024000	25.8	784600
4441	-189345600	24.3	784600
4441	-186667200	24.5	784600
4441	-184161600	25.9	784600
4441	-181483200	25.3	784600
4441	-178891200	26.9	784600
4441	-176212800	27.5	784600
4441	-173620800	26.9	784600
4441	-170942400	27.4	784600
4441	-168264000	27.2	784600
4441	-165672000	27.1	784600
4441	-162993600	25.1	784600
4441	-160401600	22.3	784600
4441	-157723200	22	784600
4441	-155044800	23.6	784600
4441	-152625600	25.9	784600
4441	-149947200	25.5	784600
4441	-147355200	25.1	784600
4441	-144676800	26.2	784600
4441	-142084800	27.5	784600
4441	-139406400	27.3	784600
4441	-136728000	27.3	784600
4441	-134136000	27.3	784600
4441	-131457600	25.1	784600
4441	-128865600	23.5	784600
4441	-126187200	24.1	784600
4441	-123508800	24.4	784600
4441	-121089600	25.1	784600
4441	-118411200	26.1	784600
4441	-115819200	26.5	784600
4441	-113140800	27.5	784600
4441	-110548800	28.3	784600
4441	-107870400	28.3	784600
4441	-105192000	28.3	784600
4441	-102600000	26.9	784600
4441	-99921600	24	784600
4441	-97329600	23.2	784600
4441	-94651200	22.8	784600
4441	-91972800	23.3	784600
4441	-89553600	23.4	784600
4441	-86875200	24.3	784600
4441	-84283200	27.1	784600
4441	-81604800	27.8	784600
4441	-79012800	27.7	784600
4441	-76334400	28.1	784600
4441	-73656000	27.9	784600
4441	-71064000	27.3	784600
4441	-68385600	25.5	784600
4441	-65793600	23.5	784600
4441	-63115200	22.5	784600
4441	-60436800	23.3	784600
4441	-57931200	23.7	784600
4441	-55252800	23.7	784600
4441	-52660800	27.4	784600
4441	-49982400	28.1	784600
4441	-47390400	27.4	784600
4441	-44712000	27.7	784600
4441	-42033600	28.2	784600
4441	-39441600	28.1	784600
4441	-36763200	26.1	784600
4441	-34171200	23.4	784600
4441	-31492800	22.9	784600
4441	-28814400	23.1	784600
4441	-26395200	25.1	784600
4441	-23716800	26.5	784600
4441	-21124800	26.8	784600
4441	-18446400	28	784600
4441	-15854400	28.3	784600
4441	-13176000	28.6	784600
4441	-10497600	28.5	784600
4441	-7905600	28.1	784600
4441	-5227200	25.3	784600
4441	-2635200	23.9	784600
4441	43200	24.3	784600
4441	2721600	23.5	784600
4441	5140800	24.5	784600
4441	7819200	26.5	784600
4441	10411200	25.9	784600
4441	13089600	27.7	784600
4441	15681600	27.6	784600
4441	18360000	27.3	784600
4441	21038400	27.3	784600
4441	23630400	26.7	784600
4441	26308800	24.3	784600
4441	28900800	23.7	784600
4441	31579200	23.2	784600
4441	34257600	23.7	784600
4441	36676800	24.8	784600
4441	39355200	25.2	784600
4441	41947200	26.6	784600
4441	44625600	27.3	784600
4441	47217600	27.1	784600
4441	49896000	27.5	784600
4441	52574400	27.3	784600
4441	55166400	26.5	784600
4441	57844800	25.2	784600
4441	60436800	23.1	784600
4441	63115200	23.4	784600
4441	65793600	24.1	784600
4441	68299200	24.2	784600
4441	70977600	25.6	784600
4441	73569600	26.7	784600
4441	76248000	27.8	784600
4441	78840000	27.7	784600
4441	81518400	27.3	784600
4441	84196800	27.5	784600
4441	86788800	26.7	784600
4441	89467200	26.1	784600
4441	92059200	24.5	784600
4441	94737600	24.8	784600
4441	97416000	24.1	784600
4441	99835200	25.8	784600
4441	102513600	26	784600
4441	105105600	27.3	784600
4441	107784000	27.5	784600
4441	110376000	28.3	784600
4441	113054400	28.1	784600
4441	115732800	27.9	784600
4441	118324800	27.1	784600
4441	121003200	24.7	784600
4441	123595200	22.3	784600
4441	126273600	22.4	784600
4441	128952000	23.4	784600
4441	131371200	24.2	784600
4441	134049600	24.9	784600
4441	136641600	26.1	784600
4441	139320000	27.3	784600
4441	141912000	28.1	784600
4441	144590400	27.4	784600
4441	147268800	26.8	784600
4441	149860800	26.6	784600
4441	152539200	24.8	784600
4441	155131200	23.2	784600
4441	157809600	22.9	784600
4441	160488000	24.1	784600
4441	162907200	24.9	784600
4441	165585600	26.1	784600
4441	168177600	27.2	784600
4441	170856000	28.1	784600
4441	173448000	27.9	784600
4441	176126400	28	784600
4441	178804800	27.1	784600
4441	181396800	26	784600
4441	184075200	25.2	784600
4441	186667200	21.7	784600
4441	189345600	21.6	784600
4441	192024000	22.2	784600
4441	194529600	23.1	784600
4441	197208000	24.6	784600
4441	199800000	26.3	784600
4441	202478400	26.6	784600
4441	205070400	27.4	784600
4441	207748800	27.8	784600
4441	210427200	27.7	784600
4441	213019200	26.5	784600
4441	215697600	26.1	784600
4441	218289600	24.8	784600
4441	220968000	23.8	784600
4441	223646400	24.6	784600
4441	226065600	25.4	784600
4441	228744000	25.1	784600
4441	231336000	26.1	784600
4441	234014400	27.2	784600
4441	236606400	27.6	784600
4441	239284800	27.6	784600
4441	241963200	28	784600
4441	244555200	28	784600
4441	247233600	26.2	784600
4441	249825600	24.6	784600
4441	252504000	23.9	784600
4441	255182400	23.6	784600
4441	257601600	25.4	784600
4441	260280000	24.8	784600
4441	262872000	26.8	784600
4441	265550400	27.9	784600
4441	268142400	27.3	784600
4441	270820800	26.8	784600
4441	273499200	27.1	784600
4441	276091200	27.1	784600
4441	278769600	25.4	784600
4441	281361600	24.4	784600
4441	284040000	23.6	784600
4441	286718400	24.1	784600
4441	289137600	23.5	784600
4441	291816000	24.7	784600
4441	294408000	25.6	784600
4441	297086400	26.5	784600
4441	299678400	27	784600
4441	302356800	27.2	784600
4441	305035200	26.4	784600
4441	307627200	27.2	784600
4441	310305600	25	784600
4441	312897600	23.1	784600
4441	315576000	23.8	784600
4441	318254400	24.1	784600
4441	320760000	24.7	784600
4441	323438400	26.2	784600
4441	326030400	26.4	784600
4441	328708800	27.7	784600
4441	331300800	28.3	784600
4441	333979200	27.5	784600
4441	336657600	27.9	784600
4441	339249600	27.2	784600
4441	341928000	26.3	784600
4441	344520000	23.8	784600
4441	347198400	23.4	784600
4441	349876800	23.6	784600
4441	352296000	24.8	784600
4441	354974400	24.4	784600
4441	357566400	26.5	784600
4441	360244800	26.8	784600
4441	362836800	27.3	784600
4441	365515200	26.8	784600
4441	368193600	27.5	784600
4441	370785600	26.3	784600
4441	373464000	25.3	784600
4441	376056000	23.8	784600
4441	378734400	23.4	784600
4441	381412800	23.4	784600
4441	383832000	24.3	784600
4441	386510400	25.9	784600
4441	389102400	25.4	784600
4441	391780800	27.2	784600
4441	394372800	26.9	784600
4441	397051200	27.6	784600
4441	399729600	27.3	784600
4441	402321600	27	784600
4441	4.05e+08	24.8	784600
4441	407592000	22.7	784600
4441	410270400	24.1	784600
4441	412948800	24.2	784600
4441	415368000	25.7	784600
4441	418046400	25.6	784600
4441	420638400	26.4	784600
4441	423316800	27.6	784600
4441	425908800	27.3	784600
4441	428587200	27.7	784600
4441	431265600	27.3	784600
4441	433857600	26.9	784600
4441	436536000	25.5	784600
4441	439128000	24.7	784600
4441	441806400	23.9	784600
4441	444484800	24	784600
4441	446990400	24.9	784600
4441	449668800	26.6	784600
4441	452260800	26.8	784600
4441	454939200	27	784600
4441	457531200	27.2	784600
4441	460209600	27.6	784600
4441	462888000	27.5	784600
4441	465480000	25.9	784600
4441	468158400	24.4	784600
4441	470750400	22.9	784600
4441	473428800	23.4	784600
4441	476107200	23.8	784600
4441	478526400	24.2	784600
4441	481204800	25.3	784600
4441	483796800	27	784600
4441	486475200	27.9	784600
4441	489067200	28.3	784600
4441	491745600	27.8	784600
4441	494424000	27.1	784600
4441	497016000	25.9	784600
4441	499694400	25.3	784600
4441	502286400	23.8	784600
4441	504964800	23.6	784600
4441	507643200	23.4	784600
4441	510062400	25	784600
4441	512740800	25.1	784600
4441	515332800	25.9	784600
4441	518011200	27.1	784600
4441	520603200	27.8	784600
4441	523281600	27.7	784600
4441	525960000	27.3	784600
4441	528552000	26.9	784600
4441	531230400	25.2	784600
4441	533822400	24.6	784600
4441	536500800	23.6	784600
4441	539179200	24.3	784600
4441	541598400	25.4	784600
4441	544276800	26.7	784600
4441	546868800	26.2	784600
4441	549547200	26.9	784600
4441	552139200	27.6	784600
4441	554817600	28.4	784600
4441	557496000	28.3	784600
4441	560088000	27.7	784600
4441	562766400	26.1	784600
4441	565358400	24.9	784600
4441	568036800	23.7	784600
4441	570715200	23.8	784600
4441	573220800	24.3	784600
4441	575899200	26	784600
4441	578491200	27.3	784600
4441	581169600	28.4	784600
4441	583761600	27.5	784600
4441	586440000	27	784600
4441	589118400	26.9	784600
4441	591710400	26.8	784600
4441	594388800	25.2	784600
4441	596980800	23.6	784600
4441	599659200	23.2	784600
4441	602337600	23	784600
4441	604756800	23.9	784600
4441	607435200	25.9	784600
4441	610027200	26.4	784600
4441	612705600	27.2	784600
4441	615297600	27.7	784600
4441	617976000	28.2	784600
4441	620654400	27.6	784600
4441	623246400	27.6	784600
4441	625924800	26.1	784600
4441	628516800	25.6	784600
4441	631195200	24.3	784600
4441	633873600	23.6	784600
4441	636292800	24.2	784600
4441	638971200	25.7	784600
4441	641563200	27.2	784600
4441	644241600	27.8	784600
4441	646833600	27.7	784600
4441	649512000	28.6	784600
4441	652190400	28.7	784600
4441	654782400	27.3	784600
4441	657460800	25.6	784600
4441	660052800	23.5	784600
4442	-283953600	12.5	784607
4442	-281275200	14.2	784607
4442	-278856000	16.3	784607
4442	-276177600	16.9	784607
4442	-273585600	17.9	784607
4442	-270907200	19.3	784607
4442	-268315200	20.7	784607
4442	-265636800	20.9	784607
4442	-262958400	19.9	784607
4442	-260366400	18.9	784607
4442	-257688000	16.1	784607
4442	-255096000	15.1	784607
4442	-252417600	15.6	784607
4442	-249739200	16.5	784607
4442	-247320000	17.5	784607
4442	-244641600	18.8	784607
4442	-242049600	18.2	784607
4442	-239371200	18.5	784607
4442	-236779200	19.6	784607
4442	-234100800	20.1	784607
4442	-231422400	19.1	784607
4442	-228830400	17.9	784607
4442	-226152000	16.3	784607
4442	-223560000	15.9	784607
4442	-220881600	15.6	784607
4442	-218203200	16.9	784607
4442	-215784000	17.8	784607
4442	-213105600	17.6	784607
4442	-210513600	17.3	784607
4442	-207835200	17.9	784607
4442	-205243200	17.6	784607
4442	-202564800	17.3	784607
4442	-199886400	16.9	784607
4442	-197294400	16.8	784607
4442	-194616000	16.1	784607
4442	-192024000	15.4	784607
4442	-189345600	15.9	784607
4442	-186667200	15.3	784607
4442	-184161600	15.9	784607
4442	-181483200	16.1	784607
4442	-178891200	17.3	784607
4442	-176212800	18.5	784607
4442	-173620800	19.5	784607
4442	-170942400	19.9	784607
4442	-168264000	19.1	784607
4442	-165672000	17.9	784607
4442	-162993600	16.4	784607
4442	-160401600	15.8	784607
4442	-157723200	15.1	784607
4442	-155044800	14.9	784607
4442	-152625600	17.6	784607
4443	-283953600	23.8	784610
4443	-281275200	23.7	784610
4443	-278856000	23.7	784610
4443	-276177600	25.4	784610
4443	-273585600	26.1	784610
4443	-270907200	26.2	784610
4443	-268315200	26.2	784610
4443	-265636800	26.4	784610
4443	-262958400	26.5	784610
4443	-260366400	25.5	784610
4443	-257688000	22.9	784610
4443	-255096000	22.5	784610
4443	-252417600	23.1	784610
4444	-283953600	24	784617
4444	-281275200	24.6	784617
4444	-278856000	24.8	784617
4444	-276177600	26.2	784617
4444	-273585600	27.5	784617
4444	-270907200	26.8	784617
4444	-268315200	26.8	784617
4444	-265636800	26.8	784617
4444	-262958400	27	784617
4444	-260366400	26.4	784617
4444	-257688000	24.4	784617
4444	-255096000	23	784617
4444	-252417600	23.5	784617
4444	-249739200	23.6	784617
4444	-247320000	25	784617
4444	-244641600	25.8	784617
4444	-242049600	25.8	784617
4444	-239371200	26.8	784617
4444	-236779200	27.2	784617
4444	-234100800	27	784617
4444	-231422400	27.2	784617
4444	-228830400	27.6	784617
4444	-226152000	26.3	784617
4444	-223560000	24.2	784617
4444	-220881600	23	784617
4444	-218203200	23	784617
4444	-215784000	23.6	784617
4444	-213105600	24.9	784617
4444	-210513600	25.9	784617
4444	-207835200	26.9	784617
4444	-205243200	26.7	784617
4444	-202564800	27.4	784617
4444	-199886400	27.4	784617
4444	-197294400	26.6	784617
4444	-194616000	25.7	784617
4444	-192024000	26	784617
4444	-189345600	24.8	784617
4444	-186667200	25.8	784617
4444	-184161600	26.4	784617
4444	-181483200	25.7	784617
4444	-178891200	26.8	784617
4444	-176212800	27	784617
4444	-173620800	26.8	784617
4444	-170942400	27.4	784617
4444	-168264000	27.4	784617
4444	-165672000	27.6	784617
4444	-162993600	26	784617
4444	-160401600	23.8	784617
4444	-157723200	23.2	784617
4444	-155044800	24.2	784617
4444	-152625600	26.5	784617
4444	-149947200	26.7	784617
4444	-147355200	26	784617
4444	-144676800	27.4	784617
4444	-142084800	27.4	784617
4444	-139406400	27.1	784617
4444	-136728000	27.8	784617
4444	-134136000	27.8	784617
4444	-131457600	26.7	784617
4444	-128865600	25.6	784617
4444	-126187200	25.2	784617
4444	-123508800	24.8	784617
4444	-121089600	25.8	784617
4444	-118411200	26.8	784617
4444	-115819200	26.2	784617
4444	-113140800	27.3	784617
4444	-110548800	27.7	784617
4444	-107870400	28.1	784617
4444	-105192000	28.2	784617
4444	-102600000	27.5	784617
4444	-99921600	25.4	784617
4444	-97329600	24.4	784617
4444	-94651200	24.4	784617
4444	-91972800	25	784617
4444	-89553600	25.2	784617
4444	-86875200	26	784617
4444	-84283200	27.4	784617
4444	-81604800	28	784617
4444	-79012800	27.6	784617
4444	-76334400	27.6	784617
4444	-73656000	28.1	784617
4444	-71064000	28	784617
4444	-68385600	26.8	784617
4444	-65793600	25.2	784617
4444	-63115200	24	784617
4444	-60436800	24.8	784617
4444	-57931200	26	784617
4444	-55252800	26	784617
4444	-52660800	27.7	784617
4444	-49982400	27.4	784617
4444	-47390400	27.3	784617
4444	-44712000	27.8	784617
4444	-42033600	28	784617
4444	-39441600	28	784617
4444	-36763200	26.9	784617
4444	-34171200	25	784617
4444	-31492800	23.8	784617
4444	-28814400	25.3	784617
4444	-26395200	27	784617
4444	-23716800	27.9	784617
4444	-21124800	27.8	784617
4444	-18446400	28.4	784617
4444	-15854400	28	784617
4444	-13176000	28.2	784617
4444	-10497600	27.8	784617
4444	-7905600	27.6	784617
4444	-5227200	26.6	784617
4444	-2635200	24.4	784617
4444	43200	24.3	784617
4444	2721600	24.8	784617
4444	5140800	26	784617
4444	7819200	27.8	784617
4444	10411200	27	784617
4444	13089600	27.6	784617
4444	15681600	27.8	784617
4444	18360000	27.8	784617
4444	21038400	27.8	784617
4444	23630400	27.4	784617
4444	26308800	25.2	784617
4444	28900800	23.5	784617
4444	31579200	23.3	784617
4444	34257600	23.5	784617
4444	36676800	25.8	784617
4444	39355200	26.3	784617
4444	41947200	27.4	784617
4444	44625600	27.6	784617
4444	47217600	27.1	784617
4444	49896000	27.5	784617
4444	52574400	27.9	784617
4444	55166400	26.5	784617
4444	57844800	25.7	784617
4444	60436800	23.9	784617
4444	63115200	23.9	784617
4444	65793600	24.6	784617
4444	68299200	25.9	784617
4444	70977600	26.5	784617
4444	73569600	27	784617
4444	76248000	27.5	784617
4444	78840000	27.4	784617
4444	81518400	27.3	784617
4444	84196800	27.6	784617
4444	86788800	27.3	784617
4444	89467200	26.7	784617
4444	92059200	24.8	784617
4444	94737600	24.7	784617
4444	97416000	24.1	784617
4444	99835200	26.5	784617
4444	102513600	27.2	784617
4444	105105600	28.1	784617
4444	107784000	28	784617
4444	110376000	28.1	784617
4444	113054400	27.7	784617
4444	115732800	27.7	784617
4444	118324800	27.5	784617
4444	121003200	25.8	784617
4444	123595200	23.7	784617
4444	126273600	23.5	784617
4444	128952000	24.7	784617
4444	131371200	25.4	784617
4444	134049600	26	784617
4444	136641600	26.9	784617
4444	139320000	27.5	784617
4444	141912000	28.2	784617
4444	144590400	27.8	784617
4444	147268800	27.6	784617
4444	149860800	27	784617
4444	152539200	25.5	784617
4444	155131200	24.2	784617
4444	157809600	23.2	784617
4444	160488000	24.7	784617
4444	162907200	26	784617
4444	165585600	27.2	784617
4444	168177600	27.6	784617
4444	170856000	28.1	784617
4444	173448000	27.8	784617
4444	176126400	27.5	784617
4444	178804800	27.2	784617
4444	181396800	26.4	784617
4444	184075200	25.7	784617
4444	186667200	22.6	784617
4444	189345600	23.1	784617
4444	192024000	23.9	784617
4444	194529600	24.9	784617
4444	197208000	26.4	784617
4444	199800000	27	784617
4444	202478400	27.2	784617
4444	205070400	27.6	784617
4444	207748800	28.2	784617
4444	210427200	27.5	784617
4444	213019200	27.3	784617
4444	215697600	27	784617
4444	218289600	25.3	784617
4444	220968000	24.6	784617
4444	223646400	25.8	784617
4444	226065600	27	784617
4444	228744000	26.3	784617
4444	231336000	26.8	784617
4444	234014400	27.4	784617
4444	236606400	27.6	784617
4444	239284800	27.6	784617
4444	241963200	27	784617
4444	244555200	27.6	784617
4444	247233600	26.9	784617
4444	249825600	25.4	784617
4444	252504000	25.6	784617
4444	255182400	25.1	784617
4444	257601600	26.4	784617
4444	260280000	26.2	784617
4444	262872000	27.2	784617
4444	265550400	28.1	784617
4444	268142400	27.2	784617
4444	270820800	27.4	784617
4444	273499200	27.7	784617
4444	276091200	27.8	784617
4444	278769600	26.2	784617
4444	281361600	25	784617
4444	284040000	24.1	784617
4444	286718400	25.2	784617
4444	289137600	24.7	784617
4444	291816000	25.8	784617
4444	294408000	27.1	784617
4444	297086400	27.8	784617
4444	299678400	27.1	784617
4444	302356800	27.3	784617
4444	305035200	27.2	784617
4444	307627200	28	784617
4444	310305600	26	784617
4444	312897600	24.9	784617
4444	315576000	24.8	784617
4444	318254400	25.4	784617
4444	320760000	26	784617
4444	323438400	27.6	784617
4444	326030400	27.6	784617
4444	328708800	28.8	784617
4444	331300800	28.4	784617
4444	333979200	28.4	784617
4444	336657600	28.2	784617
4444	339249600	28.4	784617
4444	341928000	27.1	784617
4444	344520000	24.9	784617
4444	347198400	24.4	784617
4444	349876800	24.9	784617
4444	352296000	25.9	784617
4444	354974400	25.4	784617
4444	357566400	27.2	784617
4444	360244800	27.7	784617
4444	362836800	27.7	784617
4444	365515200	27.8	784617
4444	368193600	28.7	784617
4444	370785600	28	784617
4444	373464000	26.5	784617
4444	376056000	24.6	784617
4444	378734400	24.5	784617
4444	381412800	24.5	784617
4444	383832000	25.8	784617
4444	386510400	26.8	784617
4444	389102400	26.1	784617
4444	391780800	27.8	784617
4444	394372800	26.9	784617
4444	397051200	27	784617
4444	399729600	26.8	784617
4444	402321600	27	784617
4444	4.05e+08	25	784617
4444	407592000	22.8	784617
4444	410270400	23.9	784617
4444	412948800	24.1	784617
4444	415368000	25.8	784617
4444	418046400	25.5	784617
4444	420638400	26.8	784617
4444	423316800	27.1	784617
4444	425908800	27	784617
4444	428587200	26.5	784617
4444	431265600	26.4	784617
4444	433857600	26	784617
4444	436536000	25.3	784617
4444	439128000	25.3	784617
4444	441806400	24.7	784617
4444	444484800	24.7	784617
4444	446990400	27.3	784617
4445	-599572800	22.2	784627
4445	-596894400	21.5	784627
4445	-594475200	22.3	784627
4445	-591796800	24.9	784627
4445	-589204800	26.2	784627
4445	-586526400	27.3	784627
4445	-583934400	27.1	784627
4445	-581256000	28	784627
4445	-578577600	27.3	784627
4445	-575985600	26.9	784627
4445	-573307200	24.8	784627
4445	-570715200	22.7	784627
4445	-568036800	21.5	784627
4445	-565358400	23.2	784627
4445	-562852800	25.8	784627
4445	-560174400	26.5	784627
4445	-557582400	27.7	784627
4445	-554904000	28	784627
4445	-552312000	27.4	784627
4445	-549633600	29	784627
4445	-546955200	27.9	784627
4445	-544363200	26.7	784627
4445	-541684800	25.2	784627
4445	-539092800	22.3	784627
4445	-536414400	22.7	784627
4445	-533736000	23.2	784627
4445	-531316800	25	784627
4445	-528638400	27.7	784627
4445	-526046400	26.6	784627
4445	-523368000	28.2	784627
4445	-520776000	27.6	784627
4445	-518097600	28.1	784627
4445	-515419200	28.3	784627
4445	-512827200	27.2	784627
4445	-510148800	25.3	784627
4445	-507556800	23.5	784627
4445	-504878400	22.5	784627
4445	-502200000	23.1	784627
4445	-499780800	24.5	784627
4445	-497102400	25.7	784627
4445	-494510400	27.5	784627
4445	-491832000	27.5	784627
4445	-489240000	27.5	784627
4445	-486561600	28.1	784627
4445	-483883200	27.5	784627
4445	-481291200	25.5	784627
4445	-478612800	24.7	784627
4448	-283953600	20.5	784677
4448	-281275200	21.3	784677
4448	-278856000	22.1	784677
4448	-276177600	23.1	784677
4448	-273585600	23.9	784677
4448	-270907200	24.3	784677
4448	-268315200	24.4	784677
4448	-265636800	24.9	784677
4448	-262958400	24	784677
4448	-260366400	23.8	784677
4448	-257688000	21.1	784677
4448	-255096000	20.1	784677
4448	-252417600	20.1	784677
4448	-249739200	19.9	784677
4448	-247320000	21.6	784677
4448	-244641600	23.1	784677
4448	-242049600	22.9	784677
4448	-239371200	24.1	784677
4448	-236779200	24	784677
4448	-234100800	24.5	784677
4448	-231422400	24.4	784677
4448	-228830400	23.7	784677
4448	-226152000	21.9	784677
4448	-223560000	20.6	784677
4448	-220881600	19.3	784677
4448	-218203200	21.1	784677
4448	-215784000	21.3	784677
4448	-213105600	22.3	784677
4448	-210513600	22.7	784677
4448	-207835200	24.4	784677
4448	-205243200	23.8	784677
4448	-202564800	26.8	784677
4448	-199886400	20.7	784677
4451	-568036800	25.9	784817
4451	-565358400	27.8	784817
4451	-562852800	29.1	784817
4451	-560174400	29.7	784817
4451	-557582400	30.5	784817
4451	-554904000	31.1	784817
4451	-552312000	30.2	784817
4451	-549633600	30.7	784817
4451	-546955200	29.6	784817
4451	-544363200	29.9	784817
4451	-541684800	28.2	784817
4451	-539092800	25.8	784817
4451	-536414400	24.8	784817
4451	-533736000	26.3	784817
4451	-531316800	27.5	784817
4451	-528638400	29	784817
4451	-526046400	28.4	784817
4451	-523368000	28.7	784817
4451	-520776000	29.6	784817
4451	-518097600	29.9	784817
4451	-515419200	29	784817
4451	-512827200	28.5	784817
4451	-510148800	27.6	784817
4451	-507556800	26.8	784817
4451	-504878400	25.6	784817
4451	-502200000	25.8	784817
4451	-499780800	26.8	784817
4451	-497102400	28.9	784817
4451	-494510400	28.2	784817
4451	-491832000	28.5	784817
4451	-489240000	28.9	784817
4451	-486561600	29.8	784817
4451	-483883200	28.9	784817
4451	-481291200	26.2	784817
4451	-478612800	26.3	784817
4451	-476020800	24.9	784817
4451	-473342400	25.8	784817
4451	-470664000	24.7	784817
4451	-468244800	26.1	784817
4451	-465566400	28	784817
4451	-462974400	28.3	784817
4451	-460296000	28.1	784817
4451	-457704000	29	784817
4451	-455025600	29.3	784817
4451	-452347200	29.1	784817
4451	-449755200	27.2	784817
4451	-447076800	27.2	784817
4451	-444484800	26	784817
4451	-441806400	24	784817
4451	-439128000	27.3	784817
4451	-436622400	29.6	784817
4451	-433944000	30.5	784817
4452	-481291200	26.8	784820
4452	-478612800	26.5	784820
4452	-476020800	26.2	784820
4452	-473342400	25	784820
4452	-470664000	26	784820
4452	-468244800	26.8	784820
4452	-465566400	25.7	784820
4452	-462974400	27	784820
4452	-460296000	28.1	784820
4452	-457704000	29.3	784820
4452	-455025600	28.9	784820
4452	-452347200	28.7	784820
4452	-449755200	28.5	784820
4452	-447076800	27.7	784820
4452	-444484800	26.1	784820
4452	-441806400	23.9	784820
4452	-439128000	25.5	784820
4452	-436622400	27.2	784820
4452	-433944000	29	784820
4452	-431352000	29	784820
4452	-428673600	29	784820
4452	-426081600	29.2	784820
4452	-423403200	29.7	784820
4452	-420724800	30.2	784820
4452	-418132800	28.7	784820
4452	-415454400	27.3	784820
4452	-412862400	26.1	784820
4452	-410184000	26	784820
4452	-407505600	26.2	784820
4452	-405086400	26.4	784820
4452	-402408000	27.9	784820
4452	-399816000	29.1	784820
4452	-397137600	28.7	784820
4452	-394545600	29.6	784820
4452	-391867200	29.7	784820
4452	-389188800	29.7	784820
4452	-386596800	28.7	784820
4452	-383918400	28.4	784820
4454	-599572800	23.7	784840
4454	-596894400	23.5	784840
4454	-594475200	24.4	784840
4454	-591796800	26.2	784840
4454	-589204800	25.8	784840
4454	-586526400	26.6	784840
4454	-583934400	26.3	784840
4454	-581256000	27.5	784840
4454	-578577600	26.6	784840
4454	-575985600	25.9	784840
4454	-573307200	26.3	784840
4454	-570715200	25	784840
4454	-568036800	24.1	784840
4454	-565358400	24.5	784840
4454	-562852800	25.8	784840
4454	-560174400	26.2	784840
4454	-557582400	26.8	784840
4454	-554904000	27	784840
4454	-552312000	26.8	784840
4454	-549633600	27.8	784840
4454	-546955200	26.8	784840
4454	-544363200	26.7	784840
4454	-541684800	25.6	784840
4454	-539092800	24.2	784840
4454	-536414400	23.8	784840
4454	-533736000	24.2	784840
4454	-531316800	25.2	784840
4454	-528638400	26	784840
4454	-526046400	25.9	784840
4454	-523368000	26.2	784840
4454	-520776000	26.8	784840
4454	-518097600	27.1	784840
4454	-515419200	26.7	784840
4454	-512827200	26.4	784840
4454	-510148800	26.1	784840
4454	-507556800	25	784840
4454	-504878400	23.9	784840
4454	-502200000	23.3	784840
4454	-499780800	24.4	784840
4454	-497102400	24.8	784840
4454	-494510400	26.1	784840
4454	-491832000	26	784840
4454	-489240000	26.4	784840
4454	-486561600	26.7	784840
4454	-483883200	26	784840
4454	-481291200	24.8	784840
4454	-478612800	24.9	784840
4454	-476020800	23.8	784840
4454	-473342400	22.7	784840
4454	-470664000	23	784840
4454	-468244800	23.5	784840
4454	-465566400	24.2	784840
4454	-462974400	25.5	784840
4454	-460296000	25.7	784840
4454	-457704000	26.1	784840
4454	-455025600	26.6	784840
4454	-452347200	26.3	784840
4454	-449755200	25.9	784840
4454	-447076800	25.2	784840
4454	-444484800	24.3	784840
4454	-441806400	22.2	784840
4457	-599572800	23.8	784867
4457	-596894400	23.9	784867
4457	-594475200	24.5	784867
4457	-591796800	26	784867
4457	-589204800	26.1	784867
4457	-586526400	26.7	784867
4457	-583934400	27.4	784867
4457	-581256000	27.8	784867
4457	-578577600	28	784867
4457	-575985600	27.3	784867
4457	-573307200	27.1	784867
4457	-570715200	25.8	784867
4457	-568036800	24	784867
4457	-565358400	25	784867
4457	-562852800	25.9	784867
4457	-560174400	26.7	784867
4457	-557582400	27.6	784867
4457	-554904000	27.7	784867
4457	-552312000	28	784867
4457	-549633600	28.5	784867
4457	-546955200	27.8	784867
4457	-544363200	27.7	784867
4457	-541684800	26.7	784867
4457	-539092800	25	784867
4457	-536414400	24.8	784867
4457	-533736000	25.5	784867
4457	-531316800	26.2	784867
4457	-528638400	26.9	784867
4457	-526046400	26.9	784867
4457	-523368000	26.8	784867
4457	-520776000	27.8	784867
4457	-518097600	28.2	784867
4457	-515419200	27.7	784867
4457	-512827200	27.6	784867
4457	-510148800	26.9	784867
4457	-507556800	25.7	784867
4457	-504878400	24.6	784867
4457	-502200000	25.3	784867
4457	-499780800	25.8	784867
4457	-497102400	26	784867
4457	-494510400	27	784867
4457	-491832000	27.2	784867
4457	-489240000	27.6	784867
4457	-486561600	28.5	784867
4457	-483883200	27.8	784867
4457	-481291200	25.6	784867
4457	-478612800	25.7	784867
4457	-476020800	24.3	784867
4457	-473342400	23.6	784867
4457	-470664000	24.3	784867
4457	-468244800	24.9	784867
4457	-465566400	25.9	784867
4457	-462974400	26.8	784867
4457	-460296000	27.2	784867
4457	-457704000	27.7	784867
4457	-455025600	27.4	784867
4457	-452347200	27.2	784867
4457	-449755200	26.6	784867
4457	-447076800	25.8	784867
4457	-444484800	25.3	784867
4457	-441806400	22.8	784867
4457	-439128000	24.3	784867
4457	-436622400	25.8	784867
4457	-433944000	26.9	784867
4457	-431352000	27.7	784867
4457	-428673600	27.2	784867
4457	-426081600	26.9	784867
4457	-423403200	27.7	784867
4457	-420724800	27.5	784867
4457	-418132800	26.7	784867
4457	-415454400	24.9	784867
4457	-412862400	24.2	784867
4457	-410184000	24.1	784867
4457	-407505600	24.3	784867
4457	-405086400	25.1	784867
4457	-402408000	25.8	784867
4457	-399816000	26.2	784867
4457	-397137600	26.3	784867
4457	-394545600	27.5	784867
4457	-391867200	27.9	784867
4457	-389188800	27.4	784867
4457	-386596800	26.5	784867
4457	-383918400	26.6	784867
4457	-381326400	25.1	784867
4457	-378648000	23.7	784867
4457	-375969600	23.3	784867
4457	-373550400	25.3	784867
4457	-370872000	26.5	784867
4457	-368280000	26.4	784867
4457	-365601600	26.3	784867
4457	-363009600	27.2	784867
4457	-360331200	29.1	784867
4457	-357652800	28.7	784867
4457	-355060800	27.6	784867
4457	-352382400	27	784867
4457	-349790400	24.9	784867
4457	-347112000	24.7	784867
4457	-344433600	25.7	784867
4457	-342014400	26.9	784867
4457	-339336000	28.5	784867
4457	-336744000	28.3	784867
4457	-334065600	29.2	784867
4457	-331473600	29.3	784867
4457	-328795200	29.1	784867
4457	-326116800	29.4	784867
4457	-323524800	28.6	784867
4457	-320846400	28.1	784867
4457	-318254400	26.3	784867
4457	-315576000	26.3	784867
4457	-312897600	26.7	784867
4457	-310392000	27.6	784867
4457	-307713600	28.3	784867
4457	-305121600	28.5	784867
4457	-302443200	28.1	784867
4457	-299851200	28.8	784867
4457	-297172800	28.9	784867
4457	-294494400	28.6	784867
4457	-291902400	28.6	784867
4457	-289224000	27.9	784867
4457	-286632000	25.4	784867
4457	-283953600	26.7	784867
4457	-281275200	26.5	784867
4457	-278856000	27.2	784867
4457	-276177600	27.2	784867
4457	-273585600	27.7	784867
4457	-270907200	28.1	784867
4457	-268315200	28.9	784867
4457	-265636800	28.7	784867
4457	-262958400	28.2	784867
4457	-260366400	26.5	784867
4457	-257688000	25.3	784867
4457	-255096000	24.9	784867
4457	-252417600	25.5	784867
4457	-249739200	25.3	784867
4457	-247320000	26	784867
4457	-244641600	26.9	784867
4457	-242049600	26.5	784867
4457	-239371200	27.7	784867
4457	-236779200	27.6	784867
4457	-234100800	27.3	784867
4457	-231422400	28	784867
4457	-228830400	27.4	784867
4457	-226152000	25.5	784867
4457	-223560000	24.7	784867
4457	-220881600	24	784867
4457	-218203200	25.5	784867
4457	-215784000	25.3	784867
4457	-213105600	26	784867
4457	-210513600	25.6	784867
4457	-207835200	25.8	784867
4457	-205243200	26.7	784867
4457	-202564800	28.8	784867
4457	-199886400	29.6	784867
4457	-197294400	28.1	784867
4457	-194616000	26.6	784867
4457	-192024000	27.2	784867
4457	-189345600	26.1	784867
4457	-186667200	26.5	784867
4457	-184161600	27.3	784867
4457	-181483200	27.9	784867
4457	-178891200	28	784867
4457	-176212800	28	784867
4457	-173620800	28.5	784867
4457	-170942400	28.5	784867
4457	-168264000	28.8	784867
4457	-165672000	28.3	784867
4457	-162993600	27.7	784867
4457	-160401600	25.7	784867
4457	-157723200	25	784867
4457	-155044800	25.9	784867
4457	-152625600	27.3	784867
4457	-149947200	27.4	784867
4457	-147355200	27.6	784867
4457	-144676800	27.6	784867
4457	-142084800	28.3	784867
4457	-139406400	28.8	784867
4457	-136728000	28.7	784867
4457	-134136000	28.9	784867
4457	-131457600	27.9	784867
4457	-128865600	26.7	784867
4457	-126187200	26.7	784867
4457	-123508800	26.7	784867
4457	-121089600	27.9	784867
4457	-118411200	25.9	784867
4457	-115819200	28.1	784867
4457	-113140800	28.3	784867
4457	-110548800	28.6	784867
4457	-107870400	29.1	784867
4457	-105192000	28.7	784867
4457	-102600000	27.5	784867
4457	-99921600	25.9	784867
4457	-97329600	25.7	784867
4457	-94651200	25.9	784867
4457	-91972800	25.9	784867
4457	-89553600	26.4	784867
4457	-86875200	27.1	784867
4457	-84283200	28.3	784867
4457	-81604800	28.2	784867
4457	-79012800	29.4	784867
4457	-76334400	29.3	784867
4457	-73656000	29	784867
4457	-71064000	28.4	784867
4457	-68385600	27.6	784867
4457	-65793600	25.9	784867
4457	-63115200	25.5	784867
4457	-60436800	25.5	784867
4457	-57931200	26.5	784867
4457	-55252800	27.4	784867
4457	-52660800	29.1	784867
4457	-49982400	28.5	784867
4457	-47390400	29	784867
4457	-44712000	29.3	784867
4457	-42033600	28.7	784867
4457	-39441600	28.8	784867
4457	-36763200	28.2	784867
4457	-34171200	27.2	784867
4457	-31492800	26.5	784867
4457	-28814400	26.9	784867
4457	-26395200	28.5	784867
4457	-23716800	28.4	784867
4457	-21124800	28.7	784867
4457	-18446400	28.3	784867
4457	-15854400	29.4	784867
4457	-13176000	29.3	784867
4457	-10497600	29.1	784867
4457	-7905600	28.4	784867
4457	-5227200	27.5	784867
4457	-2635200	26.9	784867
4457	43200	26.3	784867
4457	2721600	26.9	784867
4457	5140800	27.5	784867
4457	7819200	28.4	784867
4457	10411200	28.9	784867
4457	13089600	28.5	784867
4457	15681600	29.5	784867
4457	18360000	28.9	784867
4457	21038400	28.1	784867
4457	23630400	28.3	784867
4457	26308800	27.7	784867
4457	28900800	26.5	784867
8809	-270907200	26.6	784090
8809	-268315200	26.7	784090
8809	-265636800	26.9	784090
8809	-262958400	26.9	784090
8809	-260366400	26.7	784090
8809	-257688000	25.6	784090
8809	-255096000	24.8	784090
8809	-252417600	25.2	784090
8809	-249739200	24.9	784090
8809	-247320000	25.4	784090
8809	-244641600	24.9	784090
8809	-242049600	25.4	784090
8809	-239371200	27	784090
8809	-236779200	27.8	784090
8809	-234100800	27.3	784090
8809	-231422400	27.3	784090
8810	-2587636800	23.9	784390
8810	-2584958400	24.4	784390
8810	-2582452800	24.8	784390
8810	-2579774400	25.6	784390
8810	-2577182400	26	784390
8810	-2574504000	27.2	784390
8810	-2571912000	28.2	784390
8810	-2569233600	27.8	784390
8810	-2566555200	27.2	784390
8810	-2563963200	26.7	784390
8810	-2561284800	25.9	784390
8810	-2558692800	25	784390
8810	-2556014400	24.6	784390
8810	-2553336000	25.4	784390
8810	-2550916800	25.7	784390
8810	-2548238400	26.6	784390
8810	-2545646400	25.8	784390
8810	-2542968000	26.7	784390
8810	-2540376000	27.5	784390
8810	-2537697600	27.4	784390
8810	-2535019200	26.4	784390
8810	-2532427200	26.3	784390
8810	-2529748800	26	784390
8810	-2527156800	24.5	784390
8810	-2524478400	24.5	784390
8810	-2521800000	24.4	784390
8810	-2519380800	24.6	784390
8810	-2516702400	25.4	784390
8810	-2514110400	26.5	784390
8810	-2511432000	27.5	784390
8810	-2508840000	27.4	784390
8810	-2506161600	26.8	784390
8810	-2503483200	26.1	784390
8810	-2500891200	26.2	784390
8810	-2498212800	25.3	784390
8810	-2495620800	24.2	784390
8810	-2492942400	24	784390
8810	-2490264000	24.6	784390
8810	-2487844800	24.8	784390
8810	-2485166400	25.8	784390
8810	-2482574400	25.8	784390
8810	-2479896000	26.8	784390
8810	-2477304000	27.8	784390
8810	-2474625600	26.9	784390
8810	-2471947200	27	784390
8810	-2469355200	26.4	784390
8810	-2466676800	25.3	784390
8810	-2464084800	24.5	784390
8810	-2461406400	24.1	784390
8810	-2458728000	23.6	784390
8810	-2456222400	26	784390
8810	-2453544000	25.9	784390
8810	-2450952000	25.9	784390
8810	-2448273600	26.9	784390
8810	-2445681600	27.4	784390
8810	-2443003200	26.7	784390
8810	-2440324800	26.3	784390
8810	-2437732800	25.9	784390
8810	-2435054400	25.3	784390
8810	-2432462400	24.5	784390
8810	-2429784000	24.1	784390
8810	-2427105600	24.7	784390
8810	-2424686400	24.6	784390
8810	-2422008000	25.8	784390
8810	-2419416000	25.9	784390
8810	-2416737600	26.8	784390
8810	-2414145600	26.7	784390
8810	-2411467200	26.7	784390
8810	-2408788800	26.3	784390
8810	-2406196800	25.6	784390
8810	-2403518400	25.8	784390
8810	-2400926400	24.5	784390
8810	-2398248000	24.2	784390
8810	-2395569600	24.6	784390
8810	-2393150400	24.4	784390
8810	-2390472000	25.4	784390
8810	-2387880000	25.8	784390
8810	-2385201600	26.6	784390
8810	-2382609600	27.7	784390
8810	-2379931200	27.7	784390
8810	-2377252800	26.8	784390
8810	-2374660800	26	784390
8810	-2371982400	26	784390
8810	-2369390400	23.6	784390
8810	-2366712000	24	784390
8810	-2364033600	24.7	784390
8810	-2361614400	25.6	784390
8810	-2358936000	26	784390
8810	-2356344000	26.3	784390
8810	-2353665600	27.9	784390
8810	-2351073600	27.9	784390
8810	-2348395200	27.4	784390
8810	-2345716800	27.3	784390
8810	-2343124800	27	784390
8810	-2340446400	25.8	784390
8810	-2337854400	24	784390
8810	-2335176000	24.1	784390
8810	-2332497600	25.1	784390
8810	-2329992000	26.1	784390
8810	-2327313600	26.4	784390
8810	-2324721600	26.7	784390
8810	-2322043200	27.9	784390
8810	-2319451200	28	784390
8810	-2316772800	27.6	784390
8810	-2314094400	27.2	784390
8810	-2311502400	27.2	784390
8810	-2308824000	26.3	784390
8810	-2306232000	25.4	784390
8810	-2303553600	23.8	784390
8810	-2300875200	25.7	784390
8810	-2298456000	26.4	784390
8810	-2295777600	26.7	784390
8810	-2293185600	26.7	784390
8810	-2290507200	28.3	784390
8810	-2287915200	28.6	784390
8810	-2285236800	28.4	784390
8810	-2282558400	26.9	784390
8810	-2279966400	26.9	784390
8810	-2277288000	26.2	784390
8810	-2274696000	25.6	784390
8810	-2272017600	24.9	784390
8810	-2269339200	24.5	784390
8810	-2266920000	25.2	784390
8810	-2264241600	26.9	784390
8810	-2261649600	26.7	784390
8810	-2258971200	27.4	784390
8810	-2256379200	27.1	784390
8810	-2253700800	27	784390
8810	-2251022400	26.7	784390
8810	-2248430400	26.6	784390
8810	-2245752000	25.9	784390
8810	-2243160000	25.2	784390
8810	-2240481600	24.7	784390
8810	-2237803200	25.5	784390
8810	-2235384000	26	784390
8810	-2232705600	25.8	784390
8810	-2230113600	26.3	784390
8810	-2227435200	26.9	784390
8810	-2224843200	27.9	784390
8810	-2222164800	28.1	784390
8810	-2219486400	27.9	784390
8810	-2216894400	25.9	784390
8810	-2214216000	26	784390
8810	-2211624000	24.5	784390
8810	-2208945600	24.9	784390
8810	-2206267200	25.4	784390
8810	-2203848000	26.6	784390
8810	-2201169600	26.5	784390
8810	-2198577600	27.5	784390
8810	-2195899200	27.8	784390
8810	-2193307200	28.3	784390
8810	-2190628800	28.6	784390
8810	-2187950400	27.2	784390
8810	-2185358400	26.5	784390
8810	-2182680000	26.3	784390
8810	-2180088000	26	784390
8810	-2177409600	24.8	784390
8810	-2174731200	25.8	784390
8810	-2172312000	26.3	784390
8810	-2169633600	26.8	784390
8810	-2167041600	26.5	784390
8810	-2164363200	27.5	784390
8810	-2161771200	27.8	784390
8810	-2159092800	28	784390
8810	-2156414400	27.4	784390
8810	-2153822400	26.3	784390
8810	-2151144000	25.7	784390
8810	-2148552000	25.4	784390
8810	-2145873600	24.3	784390
8810	-2143195200	24.8	784390
8810	-2140776000	25.5	784390
8810	-2138097600	25.9	784390
8810	-2135505600	26.1	784390
8810	-2132827200	26.8	784390
8810	-2130235200	28.3	784390
8810	-2127556800	28.1	784390
8810	-2124878400	27.2	784390
8810	-2122286400	26.3	784390
8810	-2119608000	25.5	784390
8810	-2117016000	25.5	784390
8810	-2114337600	25.2	784390
8810	-2111659200	26.2	784390
8810	-2109240000	26.5	784390
8810	-2106561600	26.3	784390
8810	-2103969600	26.7	784390
8810	-2101291200	27.8	784390
8810	-2098699200	28.6	784390
8810	-2096020800	27.3	784390
8810	-2093342400	27.4	784390
8810	-2090750400	26.5	784390
8810	-2088072000	25.2	784390
8810	-2085480000	24.5	784390
8810	-2082801600	24.5	784390
8810	-2080123200	25.2	784390
8810	-2077617600	24.4	784390
8810	-2074939200	25.7	784390
8810	-2072347200	26.1	784390
8810	-2069668800	27.3	784390
8810	-2067076800	27.4	784390
8810	-2064398400	27.5	784390
8810	-2061720000	26.9	784390
8810	-2059128000	26	784390
8810	-2056449600	25.8	784390
8810	-2053857600	24.9	784390
8810	-2051179200	24.4	784390
8810	-2048500800	24.9	784390
8810	-2046081600	25.2	784390
8810	-2043403200	26.9	784390
8810	-2040811200	26.5	784390
8810	-2038132800	27.7	784390
8810	-2035540800	28.7	784390
8810	-2032862400	28.4	784390
8810	-2030184000	26.6	784390
8810	-2027592000	25.8	784390
8810	-2024913600	25.5	784390
8810	-2022321600	25.2	784390
8810	-2019643200	24.8	784390
8810	-2016964800	25.2	784390
8810	-2014545600	25.8	784390
8810	-2011867200	25.6	784390
8810	-2009275200	26.8	784390
8810	-2006596800	26.9	784390
8810	-2004004800	28	784390
8810	-2001326400	27.5	784390
8810	-1998648000	27	784390
8810	-1996056000	26.4	784390
8810	-1993377600	25.5	784390
8810	-1990785600	23.4	784390
8810	-1988107200	23.5	784390
8810	-1985428800	23.7	784390
8810	-1983009600	25	784390
8810	-1980331200	26.2	784390
8810	-1977739200	26.7	784390
8810	-1975060800	28	784390
8810	-1972468800	28.3	784390
8810	-1969790400	28.1	784390
8810	-1967112000	27.4	784390
8810	-1964520000	25.9	784390
8810	-1961841600	25.6	784390
8810	-1959249600	26	784390
8810	-1956571200	25	784390
8810	-1953892800	24.6	784390
8810	-1951387200	24.8	784390
8810	-1948708800	26.3	784390
8810	-1946116800	26.6	784390
8810	-1943438400	27.7	784390
8810	-1940846400	27.8	784390
8810	-1938168000	27.9	784390
8810	-1935489600	27.1	784390
8810	-1932897600	26.2	784390
8810	-1930219200	25.8	784390
8810	-1927627200	25	784390
8810	-1924948800	23.9	784390
8810	-1922270400	25.1	784390
8810	-1919851200	26.2	784390
8810	-1917172800	26.6	784390
8810	-1914580800	26.8	784390
8810	-1911902400	27.5	784390
8810	-1909310400	28.1	784390
8810	-1906632000	27.3	784390
8810	-1903953600	26.3	784390
8810	-1901361600	26.7	784390
8810	-1898683200	24.2	784390
8810	-1896091200	23	784390
8810	-1893412800	23.4	784390
8810	-1890734400	24.2	784390
8810	-1888315200	24.3	784390
8810	-1885636800	25.6	784390
8810	-1883044800	26.3	784390
8810	-1880366400	27.6	784390
8810	-1877774400	27.5	784390
8810	-1875096000	27.3	784390
8810	-1872417600	26.7	784390
8810	-1869825600	26.2	784390
8810	-1867147200	25.5	784390
8810	-1864555200	24.5	784390
8810	-1861876800	24.5	784390
8810	-1859198400	24.3	784390
8810	-1856779200	25.2	784390
8810	-1854100800	26.2	784390
8810	-1851508800	25.8	784390
8810	-1848830400	27.7	784390
8810	-1846238400	28.2	784390
8810	-1843560000	28	784390
8810	-1840881600	27.2	784390
8810	-1838289600	26.2	784390
8810	-1835611200	25.8	784390
8810	-1833019200	25.1	784390
8810	-1830340800	25.1	784390
8810	-1827662400	25.3	784390
8810	-1825156800	26.1	784390
8810	-1822478400	26	784390
8810	-1819886400	26.9	784390
8810	-1817208000	27.6	784390
8810	-1814616000	28	784390
8810	-1811937600	27.2	784390
8810	-1809259200	26.8	784390
8810	-1806667200	26.1	784390
8810	-1803988800	26.1	784390
8810	-1801396800	25.3	784390
8810	-1798718400	25	784390
8810	-1796040000	25.2	784390
8810	-1793620800	26.3	784390
8810	-1790942400	25	784390
8810	-1788350400	25.4	784390
8810	-1785672000	27.1	784390
8810	-1783080000	27.3	784390
8810	-1780401600	27.3	784390
8810	-1777723200	26.4	784390
8810	-1775131200	25.9	784390
8810	-1772452800	25.1	784390
8810	-1769860800	24.3	784390
8810	-1767182400	24.3	784390
8810	-1764504000	24.9	784390
8810	-1762084800	25.3	784390
8810	-1759406400	26.5	784390
8810	-1756814400	26.9	784390
8810	-1754136000	27.1	784390
8810	-1751544000	28.4	784390
8810	-1748865600	27.8	784390
8810	-1746187200	27.6	784390
8810	-1743595200	26.5	784390
8810	-1740916800	25.6	784390
8810	-1738324800	25.7	784390
8810	-1735646400	25.5	784390
8810	-1732968000	24.8	784390
8810	-1730548800	26.4	784390
8810	-1727870400	25.5	784390
8810	-1725278400	27.4	784390
8810	-1722600000	27.7	784390
8810	-1720008000	27.9	784390
8810	-1717329600	28	784390
8810	-1714651200	27.1	784390
8810	-1712059200	27.4	784390
8810	-1709380800	26.4	784390
8810	-1706788800	25.8	784390
8810	-1704110400	24.9	784390
8810	-1701432000	24.5	784390
8810	-1698926400	25.2	784390
8810	-1696248000	26.1	784390
8810	-1693656000	26.4	784390
8810	-1690977600	26.6	784390
8810	-1688385600	26.7	784390
8810	-1685707200	27.6	784390
8810	-1683028800	26.9	784390
8810	-1680436800	25.3	784390
8810	-1677758400	24.7	784390
8810	-1675166400	23.3	784390
8810	-1672488000	23.8	784390
8810	-1669809600	24.2	784390
8810	-1667390400	25.6	784390
8810	-1664712000	25	784390
8810	-1662120000	25.6	784390
8810	-1659441600	26.6	784390
8810	-1656849600	27.2	784390
8810	-1654171200	26.6	784390
8810	-1651492800	26.3	784390
8810	-1648900800	26.1	784390
8810	-1646222400	25.1	784390
8810	-1643630400	23.9	784390
8810	-1640952000	23.7	784390
8810	-1638273600	25	784390
8810	-1635854400	24.9	784390
8810	-1633176000	25.7	784390
8810	-1630584000	25.4	784390
8810	-1627905600	26.5	784390
8810	-1625313600	28	784390
8810	-1622635200	27.4	784390
8810	-1619956800	26.6	784390
8810	-1617364800	25.9	784390
8810	-1614686400	25.3	784390
8810	-1612094400	25.4	784390
8810	-1609416000	24.7	784390
8810	-1606737600	25.3	784390
8810	-1604318400	25.3	784390
8810	-1601640000	26.1	784390
8810	-1599048000	27.4	784390
8810	-1596369600	27.7	784390
8810	-1593777600	27.7	784390
8810	-1591099200	28.6	784390
8810	-1588420800	26.9	784390
8810	-1585828800	27.2	784390
8810	-1583150400	26	784390
8810	-1580558400	25.4	784390
8810	-1577880000	24.8	784390
8810	-1575201600	24.9	784390
8810	-1572696000	26.1	784390
8810	-1570017600	27.5	784390
8810	-1567425600	26.6	784390
8810	-1564747200	27.9	784390
8810	-1562155200	27.9	784390
8810	-1559476800	27.5	784390
8810	-1556798400	27.2	784390
8810	-1554206400	26.7	784390
8810	-1551528000	25.7	784390
8810	-1548936000	25.7	784390
8810	-1546257600	25.1	784390
8810	-1543579200	24.9	784390
8810	-1541160000	24.9	784390
8810	-1538481600	25.6	784390
8810	-1535889600	25.9	784390
8810	-1533211200	27	784390
8810	-1530619200	27.6	784390
8810	-1527940800	27	784390
8810	-1525262400	26.6	784390
8810	-1522670400	26.6	784390
8810	-1519992000	26.5	784390
8810	-1517400000	24.9	784390
8810	-1514721600	25	784390
8810	-1512043200	24.9	784390
8810	-1509624000	25.7	784390
8810	-1506945600	26.6	784390
8810	-1504353600	26.9	784390
8810	-1501675200	26.8	784390
8810	-1499083200	27.8	784390
8810	-1496404800	27.6	784390
8810	-1493726400	26.8	784390
8810	-1491134400	26.5	784390
8810	-1488456000	25.1	784390
8810	-1485864000	25.1	784390
8810	-1483185600	24.1	784390
8810	-1480507200	24.7	784390
8810	-1478088000	25.9	784390
8810	-1475409600	25.6	784390
8810	-1472817600	26.9	784390
8810	-1470139200	28.5	784390
8810	-1467547200	28.3	784390
8810	-1464868800	28.2	784390
8810	-1462190400	27.1	784390
8810	-1459598400	26.3	784390
8810	-1456920000	25.3	784390
8810	-1454328000	24.6	784390
8810	-1451649600	24.9	784390
8810	-1448971200	25.1	784390
8810	-1446465600	25.8	784390
8810	-1443787200	26.5	784390
8810	-1441195200	27.6	784390
8810	-1438516800	27.6	784390
8810	-1435924800	28	784390
8810	-1433246400	27.1	784390
8810	-1430568000	27.2	784390
8810	-1427976000	26.3	784390
8810	-1425297600	25.5	784390
8810	-1422705600	25.5	784390
8810	-1420027200	24.9	784390
8810	-1417348800	23.7	784390
8810	-1414929600	24.6	784390
8810	-1412251200	25.4	784390
8810	-1409659200	27.2	784390
8810	-1406980800	27.6	784390
8810	-1404388800	27.4	784390
8810	-1401710400	28.5	784390
8810	-1399032000	26.9	784390
8810	-1396440000	27.2	784390
8810	-1393761600	26.2	784390
8810	-1391169600	25.7	784390
8810	-1388491200	25.4	784390
8810	-1385812800	26.1	784390
8810	-1383393600	26.6	784390
8810	-1380715200	27.3	784390
8810	-1378123200	27.7	784390
8810	-1375444800	28.1	784390
8810	-1372852800	28.2	784390
8810	-1370174400	27.5	784390
8810	-1367496000	27.2	784390
8810	-1364904000	27	784390
8810	-1362225600	26.2	784390
8810	-1359633600	25.2	784390
8810	-1356955200	24.7	784390
8810	-1354276800	25.1	784390
8810	-1351857600	25.7	784390
8810	-1349179200	26.2	784390
8810	-1346587200	26.9	784390
8810	-1343908800	28	784390
8810	-1341316800	27.9	784390
8810	-1338638400	27.6	784390
8810	-1335960000	27.6	784390
8810	-1333368000	27.3	784390
8810	-1330689600	26.5	784390
8810	-1328097600	24.6	784390
8810	-1325419200	24.8	784390
8810	-1322740800	25.4	784390
8810	-1320235200	25.7	784390
8810	-1317556800	26.4	784390
8810	-1314964800	26.7	784390
8810	-1312286400	28.4	784390
8810	-1309694400	29	784390
8810	-1307016000	27	784390
8810	-1304337600	27.8	784390
8810	-1301745600	26.7	784390
8810	-1299067200	26.4	784390
8810	-1296475200	24.4	784390
8810	-1293796800	24.8	784390
8810	-1291118400	25	784390
8810	-1288699200	25.6	784390
8810	-1286020800	25.9	784390
8810	-1283428800	26.6	784390
8810	-1280750400	27.7	784390
8810	-1278158400	28.2	784390
8810	-1275480000	26.9	784390
8810	-1272801600	26.9	784390
8810	-1270209600	27.2	784390
8810	-1267531200	25.9	784390
8810	-1264939200	25.6	784390
8810	-1262260800	24.6	784390
8810	-1259582400	24.4	784390
8810	-1257163200	25.8	784390
8810	-1254484800	26.6	784390
8810	-1251892800	26.7	784390
8810	-1249214400	27.6	784390
8810	-1246622400	28.2	784390
8810	-1243944000	28	784390
8810	-1241265600	28.2	784390
8810	-1238673600	26.6	784390
8810	-1235995200	26.2	784390
8810	-1233403200	25.4	784390
8810	-1230724800	25.1	784390
8810	-1228046400	24.8	784390
8810	-1225627200	26.3	784390
8810	-1222948800	26.4	784390
8810	-1220356800	26.7	784390
8810	-1217678400	27.2	784390
8810	-1215086400	27.4	784390
8810	-1212408000	28.1	784390
8810	-1209729600	27.3	784390
8810	-1207137600	27.1	784390
8810	-1204459200	25.6	784390
8810	-1201867200	25.7	784390
8810	-1199188800	25.1	784390
8810	-1196510400	25.4	784390
8810	-1194004800	26.3	784390
8810	-1191326400	26.6	784390
8810	-1188734400	26.5	784390
8810	-1186056000	28.1	784390
8810	-1183464000	27.3	784390
8810	-1180785600	27.4	784390
8810	-1178107200	27.3	784390
8810	-1175515200	26.6	784390
8810	-1172836800	25.7	784390
8810	-1170244800	25.1	784390
8810	-1167566400	25	784390
8810	-1164888000	25.5	784390
8810	-1162468800	25.9	784390
8810	-1159790400	27	784390
8810	-1157198400	27.5	784390
8810	-1154520000	27	784390
8810	-1151928000	28.3	784390
8810	-1149249600	27.8	784390
8810	-1146571200	27.1	784390
8810	-1143979200	26.3	784390
8810	-1141300800	26	784390
8810	-1138708800	24.7	784390
8810	-1136030400	25.1	784390
8810	-1133352000	24.8	784390
8810	-1130932800	25.5	784390
8810	-1128254400	26.2	784390
8810	-1125662400	26.9	784390
8810	-1122984000	27.8	784390
8810	-1120392000	27.6	784390
8810	-1117713600	27.7	784390
8810	-1115035200	27.1	784390
8810	-1112443200	26.3	784390
8810	-1109764800	25.4	784390
8810	-1107172800	25.3	784390
8810	-1104494400	24.3	784390
8810	-1101816000	24.8	784390
8810	-1099396800	25.7	784390
8810	-1096718400	26.7	784390
8810	-1094126400	26.7	784390
8810	-1091448000	27.5	784390
8810	-1088856000	28.9	784390
8810	-1086177600	27.6	784390
8810	-1083499200	28	784390
8810	-1080907200	26.3	784390
8810	-1078228800	25.7	784390
8810	-1075636800	24.7	784390
8810	-1072958400	25.3	784390
8810	-1070280000	25.4	784390
8810	-1067774400	26.3	784390
8810	-1065096000	27.3	784390
8810	-1062504000	27.1	784390
8810	-1059825600	28.3	784390
8810	-1057233600	29.1	784390
8810	-1054555200	27.9	784390
8810	-1051876800	27.1	784390
8810	-1049284800	27.1	784390
8810	-1046606400	26.7	784390
8810	-1044014400	25.3	784390
8810	-1041336000	25.5	784390
8810	-1038657600	25.4	784390
8810	-1036238400	26.4	784390
8810	-1033560000	26.7	784390
8810	-1030968000	25.9	784390
8810	-1028289600	28	784390
8810	-1025697600	28.8	784390
8810	-1023019200	28.2	784390
8810	-1020340800	27.8	784390
8810	-1017748800	27.1	784390
8810	-1015070400	26.3	784390
8810	-1012478400	24.8	784390
8810	-1009800000	24.7	784390
8810	-1007121600	24.6	784390
8810	-1004702400	25.6	784390
8810	-1002024000	25.9	784390
8810	-999432000	27	784390
8810	-996753600	28.1	784390
8810	-994161600	28.6	784390
8810	-991483200	28.2	784390
8810	-988804800	27.2	784390
8810	-986212800	26.6	784390
8810	-983534400	26.4	784390
8810	-980942400	25.2	784390
8810	-978264000	25.2	784390
8810	-975585600	25.4	784390
8810	-973166400	25.3	784390
8810	-970488000	26.4	784390
8810	-967896000	26.8	784390
8810	-965217600	27	784390
8810	-962625600	28.1	784390
8810	-959947200	27.8	784390
8810	-957268800	27.3	784390
8810	-954676800	26.8	784390
8810	-951998400	26.3	784390
8810	-949406400	25.3	784390
8810	-946728000	25	784390
8810	-944049600	25.5	784390
8810	-941544000	26.6	784390
8810	-938865600	27.2	784390
8810	-936273600	26.7	784390
8810	-933595200	28.3	784390
8810	-931003200	29.2	784390
8810	-928324800	29.1	784390
8810	-925646400	27.8	784390
8810	-923054400	26.4	784390
8810	-920376000	26	784390
8810	-917784000	25.8	784390
8810	-915105600	25.1	784390
8810	-912427200	25.7	784390
8810	-910008000	26	784390
8810	-907329600	26.9	784390
8810	-904737600	27.5	784390
8810	-902059200	28.6	784390
8810	-899467200	29	784390
8810	-896788800	28.5	784390
8810	-894110400	28.2	784390
8810	-891518400	27.4	784390
8810	-888840000	26.5	784390
8810	-886248000	26.3	784390
8810	-883569600	25.4	784390
8810	-880891200	25.7	784390
8810	-878472000	27	784390
8810	-875793600	26.8	784390
8810	-873201600	26.9	784390
8810	-870523200	27.4	784390
8810	-867931200	28.2	784390
8810	-865252800	27.7	784390
8810	-862574400	27.6	784390
8810	-859982400	26.6	784390
8810	-857304000	26.2	784390
8810	-854712000	26	784390
8810	-852033600	25.3	784390
8810	-849355200	25.1	784390
8810	-846936000	25.4	784390
8810	-844257600	26.6	784390
8810	-841665600	26.9	784390
8810	-838987200	27.3	784390
8810	-836395200	27.9	784390
8810	-833716800	27.5	784390
8810	-831038400	27.6	784390
8810	-828446400	26.6	784390
8810	-825768000	26	784390
8810	-823176000	25.1	784390
8810	-820497600	24.9	784390
8810	-817819200	25.2	784390
8810	-815313600	26.2	784390
8810	-812635200	27.3	784390
8810	-810043200	26.3	784390
8810	-807364800	27.3	784390
8810	-804772800	28.6	784390
8810	-802094400	28.2	784390
8810	-799416000	26.7	784390
8810	-796824000	26.6	784390
8810	-794145600	25.3	784390
8810	-791553600	24.5	784390
8810	-788875200	24.4	784390
8810	-786196800	25.4	784390
8810	-783777600	25.7	784390
8810	-781099200	25.7	784390
8810	-778507200	26	784390
8810	-775828800	28.4	784390
8810	-773236800	28.1	784390
8810	-770558400	27.7	784390
8810	-767880000	27.1	784390
8810	-765288000	26.7	784390
8810	-762609600	25.9	784390
8810	-760017600	25	784390
8810	-757339200	25.4	784390
8810	-754660800	25.3	784390
8810	-752241600	25.5	784390
8810	-749563200	26.4	784390
8810	-746971200	26.8	784390
8810	-744292800	28	784390
8810	-741700800	28.4	784390
8810	-739022400	27.5	784390
8810	-736344000	27.4	784390
8810	-733752000	27	784390
8810	-731073600	26.2	784390
8810	-728481600	25.4	784390
8810	-725803200	25.8	784390
8810	-723124800	25.3	784390
8810	-720705600	26.6	784390
8810	-718027200	26.7	784390
8810	-715435200	26.9	784390
8810	-712756800	28.4	784390
8810	-710164800	29	784390
8810	-707486400	28.4	784390
8810	-704808000	27	784390
8810	-702216000	27.5	784390
8810	-699537600	26.9	784390
8810	-696945600	26.1	784390
8810	-694267200	26.4	784390
8810	-691588800	26.7	784390
8810	-689083200	27.6	784390
8810	-686404800	27.4	784390
8810	-683812800	28.1	784390
8810	-681134400	29.3	784390
8810	-678542400	29.2	784390
8810	-675864000	28.5	784390
8810	-673185600	28.6	784390
8810	-670593600	27.6	784390
8810	-667915200	27.6	784390
8810	-665323200	26.5	784390
8810	-662644800	25.6	784390
8810	-659966400	26.5	784390
8810	-657547200	26.1	784390
8810	-654868800	28.2	784390
8810	-652276800	27.4	784390
8810	-649598400	28.5	784390
8810	-647006400	29	784390
8810	-644328000	28.9	784390
8810	-641649600	28.3	784390
8810	-639057600	27.6	784390
8810	-636379200	27	784390
8810	-633787200	25.8	784390
8810	-631108800	25.6	784390
8810	-628430400	25.4	784390
8810	-626011200	26.5	784390
8810	-623332800	26	784390
8810	-620740800	27	784390
8810	-618062400	28.2	784390
8810	-615470400	28.6	784390
8810	-612792000	28.2	784390
8810	-610113600	28	784390
8810	-607521600	27.2	784390
8810	-604843200	26.7	784390
8810	-602251200	25.8	784390
8810	-599572800	24.2	784390
8810	-596894400	24.2	784390
8810	-594475200	24.9	784390
8810	-591796800	27	784390
8810	-589204800	27.3	784390
8810	-586526400	28.2	784390
8810	-583934400	28.4	784390
8810	-581256000	28.4	784390
8810	-578577600	28	784390
8810	-575985600	27.6	784390
8810	-573307200	27	784390
8810	-570715200	26	784390
8810	-568036800	24.7	784390
8810	-565358400	25.7	784390
8810	-562852800	26.8	784390
8810	-560174400	26.7	784390
8810	-557582400	28.1	784390
8810	-554904000	28.5	784390
8810	-552312000	28.3	784390
8810	-549633600	28.4	784390
8810	-546955200	27.8	784390
8810	-544363200	28.1	784390
8810	-541684800	26.9	784390
8810	-539092800	25.3	784390
8810	-536414400	25.4	784390
8810	-533736000	26.1	784390
8810	-531316800	26.7	784390
8810	-528638400	27.5	784390
8810	-526046400	27.1	784390
8810	-523368000	28.3	784390
8810	-520776000	28.8	784390
8810	-518097600	29.3	784390
8810	-515419200	28.5	784390
8810	-512827200	27.6	784390
8810	-510148800	27.3	784390
8810	-507556800	26.5	784390
8810	-504878400	26	784390
8810	-502200000	24.9	784390
8810	-499780800	26.6	784390
8810	-497102400	26.9	784390
8810	-494510400	27.6	784390
8810	-491832000	28.2	784390
8810	-489240000	28.6	784390
8810	-486561600	28.5	784390
8810	-483883200	27.9	784390
8810	-481291200	26.2	784390
8810	-478612800	26.4	784390
8810	-476020800	25.6	784390
8810	-473342400	24.7	784390
8810	-470664000	25.2	784390
8810	-468244800	26	784390
8810	-465566400	26.4	784390
8810	-462974400	27.3	784390
8810	-460296000	28	784390
8810	-457704000	28.3	784390
8810	-455025600	28.1	784390
8810	-452347200	27.6	784390
8810	-449755200	27	784390
8810	-447076800	27	784390
8810	-444484800	25.7	784390
8810	-441806400	23.7	784390
8810	-439128000	25.3	784390
8810	-436622400	25.7	784390
8810	-433944000	27	784390
8810	-431352000	27	784390
8810	-428673600	27.7	784390
8810	-426081600	28.5	784390
8810	-423403200	28.4	784390
8810	-420724800	28	784390
8810	-418132800	27	784390
8810	-415454400	26.3	784390
8810	-412862400	26.1	784390
8810	-410184000	26	784390
8810	-407505600	25.8	784390
8810	-405086400	26.3	784390
8810	-402408000	27.1	784390
8810	-399816000	27.5	784390
8810	-397137600	28.1	784390
8810	-394545600	29.1	784390
8810	-391867200	29	784390
8810	-389188800	28	784390
8810	-386596800	27.4	784390
8810	-383918400	27.3	784390
8810	-381326400	25.7	784390
8810	-378648000	24.9	784390
8810	-375969600	24.7	784390
8810	-373550400	27.1	784390
8810	-370872000	27.9	784390
8810	-368280000	28.1	784390
8810	-365601600	28.8	784390
8810	-363009600	29.4	784390
8810	-360331200	29.1	784390
8810	-357652800	28.1	784390
8810	-355060800	27.5	784390
8810	-352382400	27	784390
8810	-349790400	26.5	784390
8810	-347112000	26.3	784390
8810	-344433600	26.6	784390
8810	-342014400	27.6	784390
8810	-339336000	27.4	784390
8810	-336744000	28	784390
8810	-334065600	29.1	784390
8810	-331473600	28.9	784390
8810	-328795200	28.9	784390
8810	-326116800	28.4	784390
8810	-323524800	28	784390
8810	-320846400	26.7	784390
8810	-318254400	26.2	784390
8810	-315576000	26.1	784390
8810	-312897600	26.6	784390
8810	-310392000	26.4	784390
8810	-307713600	27.4	784390
8810	-305121600	28.7	784390
8810	-302443200	28.8	784390
8810	-299851200	29.2	784390
8810	-297172800	28.9	784390
8810	-294494400	28.2	784390
8810	-291902400	27.7	784390
8810	-289224000	27.6	784390
8810	-286632000	25.4	784390
8810	-283953600	26.2	784390
8810	-281275200	27.3	784390
8810	-278856000	26.9	784390
8810	-276177600	27.8	784390
8811	-270907200	27.4	784470
8811	-268315200	28	784470
8811	-265636800	28.4	784470
8811	-262958400	27.6	784470
8811	-260366400	26.7	784470
8811	-257688000	26.4	784470
8811	-255096000	25.5	784470
8811	-252417600	25.4	784470
8811	-249739200	25.2	784470
8811	-247320000	25.2	784470
8811	-244641600	26	784470
8811	-242049600	26.2	784470
8811	-239371200	27.3	784470
8811	-236779200	28.4	784470
8811	-234100800	28.1	784470
8811	-231422400	27.2	784470
8811	-228830400	26.9	784470
8811	-226152000	26.4	784470
8811	-223560000	26.2	784470
8811	-220881600	26	784470
8812	-481291200	26.6	784487
8812	-478612800	25.8	784487
8812	-476020800	23.3	784487
8812	-473342400	22.2	784487
8812	-470664000	22.7	784487
8812	-468244800	23.6	784487
8812	-465566400	24.8	784487
8812	-462974400	26.2	784487
8812	-460296000	27.6	784487
8812	-457704000	27.7	784487
8812	-455025600	27.5	784487
8812	-452347200	27	784487
8812	-449755200	26.4	784487
8812	-447076800	25.4	784487
8812	-444484800	24.2	784487
8812	-441806400	21.3	784487
8812	-439128000	22.7	784487
8812	-436622400	23.7	784487
8812	-433944000	25.5	784487
8812	-431352000	26.2	784487
8812	-428673600	27.2	784487
8812	-426081600	27.7	784487
8812	-423403200	27.9	784487
8812	-420724800	27.7	784487
8812	-418132800	27.9	784487
8812	-415454400	25.8	784487
8812	-412862400	24.5	784487
8812	-410184000	24.7	784487
8812	-407505600	25.4	784487
8812	-405086400	26.3	784487
8812	-402408000	27.3	784487
8812	-399816000	28.5	784487
8812	-397137600	28.5	784487
8812	-394545600	29.6	784487
8812	-391867200	29.9	784487
8812	-389188800	29.2	784487
8812	-386596800	28.1	784487
8812	-383918400	26.3	784487
8812	-381326400	24.7	784487
8812	-378648000	25	784487
8812	-375969600	23.9	784487
8812	-373550400	27	784487
8812	-370872000	28.5	784487
8812	-368280000	28.8	784487
8812	-365601600	29.9	784487
8812	-363009600	30.3	784487
8812	-360331200	31.3	784487
8812	-357652800	31	784487
8812	-355060800	29.5	784487
8812	-352382400	27.7	784487
8812	-349790400	26.8	784487
8812	-347112000	25.2	784487
8812	-344433600	26.6	784487
8812	-342014400	28.3	784487
8812	-339336000	28.1	784487
8812	-336744000	27.9	784487
8812	-334065600	29.7	784487
8812	-331473600	29.9	784487
8812	-328795200	29.5	784487
8812	-326116800	29.9	784487
8812	-323524800	29.9	784487
8812	-320846400	28.1	784487
8812	-318254400	26.9	784487
8812	-315576000	26	784487
8812	-312897600	26.9	784487
8812	-310392000	25.8	784487
8812	-307713600	27.5	784487
8812	-305121600	29.3	784487
8812	-302443200	29.3	784487
8812	-299851200	29.5	784487
8812	-297172800	29.4	784487
8812	-294494400	29.5	784487
8812	-291902400	29.2	784487
8812	-289224000	28.1	784487
8812	-286632000	24.8	784487
8813	-247320000	24.3	784550
8813	-244641600	25.7	784550
8813	-242049600	25.5	784550
8813	-239371200	26.7	784550
8813	-236779200	27.3	784550
8814	-273585600	28.3	784567
8814	-270907200	28.7	784567
8814	-268315200	29.3	784567
8814	-265636800	29.5	784567
8814	-262958400	28.7	784567
8814	-260366400	27.9	784567
8814	-257688000	24.3	784567
8814	-255096000	24.3	784567
8814	-252417600	24.9	784567
8814	-249739200	25.8	784567
8814	-247320000	25.9	784567
8814	-244641600	27.5	784567
8814	-242049600	27.1	784567
8814	-239371200	28.3	784567
8814	-236779200	29.1	784567
8814	-234100800	29.2	784567
8814	-231422400	27.9	784567
8814	-228830400	28.5	784567
8814	-226152000	26.8	784567
8814	-223560000	26.7	784567
8814	-220881600	26.7	784567
8814	-218203200	28.3	784567
8814	-215784000	28.5	784567
8814	-213105600	28.6	784567
8814	-210513600	29.3	784567
8814	-207835200	29.4	784567
8814	-205243200	29.6	784567
8814	-202564800	29.2	784567
8814	-199886400	29	784567
8814	-197294400	28.3	784567
8814	-194616000	25.8	784567
8814	-192024000	26	784567
8814	-189345600	24.9	784567
8814	-186667200	26.7	784567
8814	-184161600	27.5	784567
8814	-181483200	27.3	784567
8814	-178891200	28.5	784567
8814	-176212800	28.7	784567
8814	-173620800	29.3	784567
8814	-170942400	30.1	784567
8814	-168264000	29.3	784567
8814	-165672000	29	784567
8814	-162993600	26.8	784567
8814	-160401600	24.7	784567
8814	-157723200	23.6	784567
8814	-155044800	25.1	784567
8814	-152625600	26.9	784567
8814	-149947200	28.2	784567
8814	-147355200	26.4	784567
8814	-144676800	27.3	784567
8814	-142084800	28.5	784567
8814	-139406400	29	784567
8814	-136728000	28.9	784567
8814	-134136000	28.3	784567
8814	-131457600	26.9	784567
8814	-128865600	25.3	784567
8815	44625600	27.7	784580
8815	47217600	27.1	784580
8815	49896000	27.5	784580
8815	52574400	27.5	784580
8815	55166400	24.9	784580
8816	-247320000	23.7	784610
8816	-244641600	24.9	784610
8816	-242049600	24.5	784610
8816	-239371200	26.3	784610
8816	-236779200	26.7	784610
8817	452260800	29.3	784617
8817	454939200	28.6	784617
8818	-473342400	21.7	784627
8818	-470664000	22.6	784627
8818	-468244800	23.8	784627
8818	-465566400	26.2	784627
8818	-462974400	26.3	784627
8818	-460296000	27.1	784627
8818	-457704000	27.9	784627
8818	-455025600	28.7	784627
8818	-452347200	28.6	784627
8818	-449755200	27.9	784627
8821	-194616000	20.2	784677
8821	-192024000	21.5	784677
8821	-189345600	20.2	784677
8821	-186667200	21.5	784677
8821	-184161600	22.3	784677
8821	-181483200	21.9	784677
8821	-178891200	22.9	784677
8821	-176212800	23.3	784677
8821	-173620800	23.3	784677
8821	-170942400	23.5	784677
8821	-168264000	23.4	784677
8821	-165672000	22.9	784677
8821	-162993600	21.3	784677
8821	-160401600	19.5	784677
8821	-157723200	18.5	784677
8821	-155044800	19.5	784677
8821	-152625600	21.5	784677
8821	-149947200	22.1	784677
8821	-147355200	22.1	784677
8821	-144676800	23.2	784677
8821	-142084800	23.3	784677
8821	-139406400	23.8	784677
8821	-136728000	23.6	784677
8821	-134136000	23.5	784677
8821	-131457600	21.9	784677
8821	-128865600	20.3	784677
8821	-126187200	20.4	784677
8821	-123508800	20.5	784677
8821	-121089600	21.3	784677
8821	-118411200	22.1	784677
8821	-115819200	23	784677
8821	-113140800	23.6	784677
8821	-110548800	24.1	784677
8821	-107870400	24.5	784677
8821	-105192000	24.1	784677
8821	-102600000	22.9	784677
8821	-99921600	21.1	784677
8821	-97329600	20.3	784677
8821	-94651200	19.3	784677
8821	-91972800	19.9	784677
8821	-89553600	21.1	784677
8821	-86875200	20.9	784677
8821	-84283200	22.9	784677
8821	-81604800	23.6	784677
8821	-79012800	23.4	784677
8821	-76334400	23.9	784677
8821	-73656000	23.8	784677
8821	-71064000	23.5	784677
8821	-68385600	22.3	784677
8821	-65793600	19.9	784677
8821	-63115200	19.1	784677
8821	-60436800	19.9	784677
8821	-57931200	20.3	784677
8821	-55252800	20.9	784677
8821	-52660800	23.3	784677
8821	-49982400	24	784677
8821	-47390400	23.9	784677
8821	-44712000	23.7	784677
8821	-42033600	24	784677
8821	-39441600	23.9	784677
8821	-36763200	22.5	784677
8821	-34171200	20.7	784677
8821	-31492800	19.7	784677
8821	-28814400	20.4	784677
8821	-26395200	22	784677
8821	-23716800	23.2	784677
8821	-21124800	23.5	784677
8821	-18446400	24.7	784677
8821	-15854400	24.4	784677
8821	-13176000	24.4	784677
8821	-10497600	24.4	784677
8821	-7905600	23.5	784677
8821	-5227200	22.1	784677
8821	-2635200	20.7	784677
8821	43200	20.7	784677
8821	2721600	20.3	784677
8821	5140800	20.9	784677
8821	7819200	22.7	784677
8821	10411200	22.5	784677
8821	13089600	23.2	784677
8821	15681600	23.3	784677
8821	18360000	23.4	784677
8821	21038400	23.1	784677
8821	23630400	22.7	784677
8821	26308800	21.1	784677
8821	28900800	19.9	784677
8823	-339336000	28.9	784817
8823	-336744000	28.6	784817
8823	-334065600	29.1	784817
8823	-331473600	29.5	784817
8823	-328795200	29.1	784817
8823	-326116800	28.6	784817
8823	-323524800	27.7	784817
8823	-320846400	26.8	784817
8823	-318254400	26.1	784817
8823	-315576000	26.3	784817
8823	-312897600	25.9	784817
8824	-378648000	26.5	784820
8824	-375969600	26.1	784820
8824	-373550400	27.6	784820
8824	-370872000	28.7	784820
8824	-368280000	28.7	784820
8824	-365601600	29.3	784820
8824	-363009600	29.5	784820
8824	-360331200	30	784820
8824	-357652800	29.3	784820
8824	-355060800	27.7	784820
8824	-352382400	26.7	784820
8824	-349790400	25.9	784820
8826	-433944000	25	784840
8826	-431352000	25.6	784840
8826	-428673600	25.8	784840
8826	-426081600	26.5	784840
8826	-423403200	26.7	784840
8826	-420724800	26.4	784840
8826	-418132800	25.7	784840
8826	-415454400	24.9	784840
8826	-412862400	24.1	784840
8826	-410184000	23.8	784840
8826	-407505600	23.6	784840
8826	-405086400	24.1	784840
8826	-402408000	25.3	784840
8826	-399816000	26	784840
8826	-397137600	25.7	784840
8826	-394545600	26.6	784840
8826	-391867200	26.9	784840
8826	-389188800	26.6	784840
8826	-386596800	25.9	784840
8826	-383918400	25.8	784840
8826	-381326400	24.7	784840
8826	-378648000	23.3	784840
8826	-375969600	23.3	784840
8826	-373550400	25.1	784840
8826	-370872000	26.7	784840
8826	-368280000	26.5	784840
8826	-365601600	27.1	784840
8826	-363009600	27.6	784840
8826	-360331200	27.9	784840
8826	-357652800	27.7	784840
8826	-355060800	27	784840
8826	-352382400	26.4	784840
8826	-349790400	25.5	784840
8826	-347112000	24.5	784840
8826	-344433600	25	784840
8826	-342014400	25.7	784840
8826	-339336000	26.2	784840
8826	-336744000	25.6	784840
8826	-334065600	27.1	784840
8826	-331473600	27.1	784840
8826	-328795200	27.5	784840
8826	-326116800	27.5	784840
8826	-323524800	26.5	784840
8826	-320846400	26	784840
8826	-318254400	25.7	784840
8826	-315576000	25.3	784840
8826	-312897600	25.1	784840
8826	-310392000	25.6	784840
8826	-307713600	26.2	784840
8826	-305121600	26.7	784840
8826	-302443200	26.8	784840
8826	-299851200	27.4	784840
8826	-297172800	27.5	784840
8826	-294494400	27.2	784840
8826	-291902400	26.5	784840
8826	-289224000	26.5	784840
8826	-286632000	24.5	784840
8826	-283953600	25.3	784840
8826	-281275200	25.6	784840
8826	-278856000	25.3	784840
8826	-276177600	25.8	784840
8826	-273585600	26.5	784840
8826	-270907200	26.5	784840
8826	-268315200	27.8	784840
8826	-265636800	27.5	784840
8826	-262958400	27.1	784840
8826	-260366400	26.5	784840
8826	-257688000	24.9	784840
8826	-255096000	24.5	784840
8826	-252417600	24.7	784840
8826	-249739200	24.1	784840
8826	-247320000	24.8	784840
8826	-244641600	25.9	784840
8826	-242049600	25.7	784840
8826	-239371200	26.7	784840
8826	-236779200	27.1	784840
8826	-234100800	26.7	784840
8826	-231422400	26.9	784840
8826	-228830400	26.7	784840
8826	-226152000	25.7	784840
8826	-223560000	25.1	784840
8826	-220881600	24.3	784840
8826	-218203200	24.7	784840
8826	-215784000	25.1	784840
8826	-213105600	25.7	784840
8826	-210513600	25.9	784840
8826	-207835200	26.1	784840
8826	-205243200	27.3	784840
8826	-202564800	27.3	784840
8826	-199886400	27.1	784840
8826	-197294400	26.4	784840
8826	-194616000	25.9	784840
8826	-192024000	25.7	784840
8826	-189345600	24.7	784840
8826	-186667200	25.2	784840
8826	-184161600	25.5	784840
8826	-181483200	25.9	784840
8826	-178891200	26.7	784840
8826	-176212800	26.8	784840
8826	-173620800	27.1	784840
8826	-170942400	27.2	784840
8826	-168264000	27.3	784840
8826	-165672000	26.7	784840
8826	-162993600	26	784840
8826	-160401600	23.9	784840
8826	-157723200	24	784840
8826	-155044800	24.7	784840
8826	-152625600	25.8	784840
8826	-149947200	26.3	784840
8826	-147355200	25.9	784840
8826	-144676800	26.6	784840
8826	-142084800	27.1	784840
8826	-139406400	27.2	784840
8826	-136728000	27.3	784840
8826	-134136000	27.3	784840
8826	-131457600	26.2	784840
8826	-128865600	25	784840
8826	-126187200	25.1	784840
8826	-123508800	25.1	784840
8826	-121089600	25.8	784840
8826	-118411200	26.1	784840
8826	-115819200	25.9	784840
8826	-113140800	26.9	784840
8826	-110548800	27.4	784840
8826	-107870400	27.7	784840
8826	-105192000	27.7	784840
8826	-102600000	26.6	784840
8826	-99921600	25.2	784840
8826	-97329600	25.3	784840
8826	-94651200	25.1	784840
8826	-91972800	24.9	784840
8826	-89553600	25.1	784840
8826	-86875200	25.8	784840
8826	-84283200	27	784840
8826	-81604800	27.1	784840
8826	-79012800	27.9	784840
8826	-76334400	28	784840
8826	-73656000	27.5	784840
8826	-71064000	27.5	784840
8826	-68385600	26.9	784840
8826	-65793600	25.5	784840
8826	-63115200	24.5	784840
8826	-60436800	24.7	784840
8826	-57931200	25.6	784840
8826	-55252800	25.9	784840
8826	-52660800	27.6	784840
8826	-49982400	27.5	784840
8826	-47390400	27.7	784840
8826	-44712000	27.9	784840
8826	-42033600	28.1	784840
8826	-39441600	27.7	784840
8826	-36763200	26.9	784840
8826	-34171200	25.4	784840
8826	-31492800	24.3	784840
8826	-28814400	24.9	784840
8826	-26395200	26.7	784840
8826	-23716800	27.9	784840
8826	-21124800	28.1	784840
8826	-18446400	27.9	784840
8826	-15854400	28.6	784840
8826	-13176000	28.1	784840
8826	-10497600	27.7	784840
8826	-7905600	27.5	784840
8826	-5227200	25.5	784840
8826	-2635200	24.7	784840
8826	43200	24.3	784840
8826	2721600	24.3	784840
8826	5140800	24.7	784840
8826	7819200	26.1	784840
8826	10411200	26.1	784840
8826	13089600	26.4	784840
8826	15681600	27.1	784840
8826	18360000	27.1	784840
8826	21038400	26.7	784840
8826	23630400	26.7	784840
8826	26308800	24.9	784840
8826	28900800	24.9	784840
8826	31579200	24.3	784840
8826	34257600	24.2	784840
8826	36676800	25.2	784840
8826	39355200	25.8	784840
8826	41947200	26.8	784840
8826	44625600	27.7	784840
8826	47217600	27.5	784840
8826	49896000	27.4	784840
8826	52574400	27.5	784840
8826	55166400	26.3	784840
8826	57844800	25.1	784840
8826	60436800	24.7	784840
8826	63115200	24.3	784840
8826	65793600	24.1	784840
8826	68299200	24.1	784840
8826	70977600	25.5	784840
8826	73569600	25.7	784840
8826	76248000	26.6	784840
8826	78840000	27.2	784840
8826	81518400	27	784840
8826	84196800	27.1	784840
8826	86788800	26	784840
8826	89467200	26.3	784840
8826	92059200	25.3	784840
8826	94737600	24.6	784840
8826	97416000	24.3	784840
8826	99835200	25.3	784840
8826	102513600	26.1	784840
8826	105105600	26.7	784840
8826	107784000	27.5	784840
8826	110376000	27.5	784840
8826	113054400	27.1	784840
8826	115732800	27.1	784840
8826	118324800	26.4	784840
8826	121003200	25.9	784840
8826	123595200	23.7	784840
8826	126273600	24.5	784840
8826	128952000	24.4	784840
8826	131371200	24.8	784840
8826	134049600	25.4	784840
8826	136641600	25.5	784840
8826	139320000	26.4	784840
8826	141912000	27.2	784840
8826	144590400	27.1	784840
8826	147268800	26	784840
8826	149860800	26.5	784840
8826	152539200	25.4	784840
8826	155131200	24.4	784840
8826	157809600	23.9	784840
8826	160488000	24.1	784840
8826	162907200	24.3	784840
8826	165585600	25.7	784840
8826	168177600	25.9	784840
8826	170856000	27.1	784840
8826	173448000	27.5	784840
8826	176126400	27.5	784840
8826	178804800	26.3	784840
8826	181396800	26.3	784840
8826	184075200	26.2	784840
8826	186667200	23.7	784840
8826	189345600	23.5	784840
8826	192024000	24.2	784840
8826	194529600	24.2	784840
8826	197208000	25.4	784840
8826	199800000	26.4	784840
8826	202478400	26.8	784840
8826	205070400	27.4	784840
8826	207748800	27.2	784840
8826	210427200	27.2	784840
8826	213019200	27	784840
8826	215697600	26.8	784840
8826	218289600	25.1	784840
8826	220968000	24.2	784840
8826	223646400	25.1	784840
8826	226065600	26	784840
8826	228744000	26.3	784840
8826	231336000	26.2	784840
8826	234014400	27.2	784840
8826	236606400	28.1	784840
8826	239284800	27.6	784840
8826	241963200	27.2	784840
8826	244555200	26.7	784840
8826	247233600	26.4	784840
8826	249825600	25.1	784840
8826	252504000	24.2	784840
8826	255182400	25	784840
8826	257601600	25.5	784840
8826	260280000	25.8	784840
8826	262872000	26.6	784840
8826	265550400	26.9	784840
8826	268142400	27.4	784840
8826	270820800	27.8	784840
8826	273499200	27.5	784840
8826	276091200	27.5	784840
8826	278769600	26.8	784840
8826	281361600	25.2	784840
8826	284040000	24.8	784840
8826	286718400	25	784840
8826	289137600	25.1	784840
8826	291816000	26	784840
8826	294408000	26.8	784840
8826	297086400	27	784840
8826	299678400	27.4	784840
8826	302356800	28.1	784840
8826	305035200	27.3	784840
8826	307627200	28.3	784840
8826	310305600	26.8	784840
8826	312897600	26	784840
8826	315576000	24.6	784840
8826	318254400	25.4	784840
8826	320760000	25.7	784840
8826	323438400	26.5	784840
8826	326030400	27.5	784840
8826	328708800	28.1	784840
8826	331300800	28.4	784840
8826	333979200	28.1	784840
8826	336657600	28.3	784840
8826	339249600	27.9	784840
8826	341928000	27.3	784840
8826	344520000	26	784840
8826	347198400	25.2	784840
8826	349876800	25.7	784840
8826	352296000	26.3	784840
8826	354974400	27.1	784840
8826	357566400	27.2	784840
8826	360244800	27.2	784840
8826	362836800	28	784840
8826	365515200	28.1	784840
8826	368193600	27.9	784840
8826	370785600	27.7	784840
8826	373464000	26.8	784840
8826	376056000	26.2	784840
8826	378734400	25.6	784840
8826	381412800	24.9	784840
8826	383832000	25.5	784840
8826	386510400	26.6	784840
8826	389102400	26.2	784840
8826	391780800	27.1	784840
8826	394372800	27.5	784840
8826	397051200	28	784840
8826	399729600	27.7	784840
8826	402321600	27.2	784840
8826	4.05e+08	26.5	784840
8826	407592000	24.6	784840
8826	410270400	25	784840
8826	412948800	24.7	784840
8826	415368000	25.9	784840
8826	418046400	26.5	784840
8826	420638400	27.1	784840
8826	423316800	27.4	784840
8826	425908800	28.7	784840
8826	428587200	27.7	784840
8826	431265600	27.8	784840
8826	433857600	27.1	784840
8826	436536000	26.3	784840
8826	439128000	25.9	784840
8826	441806400	24.9	784840
8826	444484800	24.5	784840
8826	446990400	25.2	784840
8826	449668800	26.2	784840
8826	452260800	27.1	784840
8826	454939200	27	784840
8826	457531200	27.2	784840
8826	460209600	27.4	784840
8826	462888000	26.8	784840
8826	465480000	26.4	784840
8826	468158400	25.4	784840
8826	470750400	24.5	784840
8826	473428800	23.8	784840
8826	476107200	24.4	784840
8826	478526400	25	784840
8826	481204800	26.4	784840
12443	-270907200	29	784390
12443	-268315200	28.7	784390
12443	-265636800	28.7	784390
12443	-262958400	28.1	784390
12443	-260366400	27.1	784390
12443	-257688000	25.9	784390
12443	-255096000	25.6	784390
12443	-252417600	26.1	784390
12443	-249739200	25.7	784390
12443	-247320000	26.7	784390
12443	-244641600	27.4	784390
12443	-242049600	27.5	784390
12443	-239371200	28.1	784390
12443	-236779200	29.2	784390
12443	-234100800	28.7	784390
12443	-231422400	28.6	784390
12443	-228830400	28.1	784390
12443	-226152000	26.5	784390
12443	-223560000	26.2	784390
12443	-220881600	25.2	784390
12444	347198400	24.6	784567
12444	349876800	25.3	784567
12445	60436800	23.3	784580
12445	63115200	22.8	784580
12445	65793600	23.5	784580
12445	68299200	23.7	784580
12445	70977600	25.1	784580
12445	73569600	25.9	784580
12445	76248000	27	784580
12445	78840000	26.2	784580
12445	81518400	26.5	784580
12445	84196800	26.5	784580
12445	86788800	26.3	784580
12445	89467200	25.9	784580
12445	92059200	24.6	784580
12446	-142084800	20.6	784607
12446	-139406400	21.9	784607
12446	-136728000	21.1	784607
12446	-134136000	20.7	784607
12446	-131457600	19.3	784607
12446	-128865600	17	784607
12446	-126187200	16.1	784607
12446	-123508800	15.9	784607
12446	-121089600	18.9	784607
12446	-118411200	19.1	784607
12446	-115819200	19.6	784607
12446	-113140800	19.8	784607
12446	-110548800	20.2	784607
12446	-107870400	20.3	784607
12446	-105192000	19.9	784607
12446	-102600000	19.3	784607
12446	-99921600	17.7	784607
12446	-97329600	16.7	784607
12446	-94651200	15.9	784607
12446	-91972800	16.3	784607
12446	-89553600	16.8	784607
12446	-86875200	17.3	784607
12446	-84283200	19.1	784607
12446	-81604800	19.6	784607
12446	-79012800	20.5	784607
12446	-76334400	19.6	784607
12446	-73656000	19.4	784607
12446	-71064000	19.5	784607
12446	-68385600	18.7	784607
12446	-65793600	16.5	784607
12446	-63115200	15.9	784607
12446	-60436800	17.3	784607
12446	-57931200	17.3	784607
12446	-55252800	17.4	784607
12446	-52660800	19.7	784607
12446	-49982400	19.5	784607
12446	-47390400	20	784607
12446	-44712000	19.7	784607
12446	-42033600	19.9	784607
12446	-39441600	19.2	784607
12446	-36763200	18.9	784607
12446	-34171200	17.7	784607
12446	-31492800	15.9	784607
12446	-28814400	16.9	784607
12446	-26395200	19.1	784607
12446	-23716800	20	784607
12446	-21124800	20.7	784607
12446	-18446400	20.9	784607
12446	-15854400	20.5	784607
12446	-13176000	20.4	784607
12446	-10497600	20.5	784607
12446	-7905600	20.1	784607
12446	-5227200	19.3	784607
12446	-2635200	17.4	784607
12446	43200	17.1	784607
12446	2721600	17.1	784607
12446	5140800	17.1	784607
12446	7819200	18.7	784607
12446	10411200	19.7	784607
12446	13089600	19.8	784607
12446	15681600	20.3	784607
12446	18360000	19.9	784607
12446	21038400	19.5	784607
12446	23630400	19.9	784607
12446	26308800	17.5	784607
12446	28900800	16.7	784607
12446	31579200	15.7	784607
12446	34257600	16	784607
12446	36676800	17.2	784607
12446	39355200	17.5	784607
12446	41947200	19	784607
12446	44625600	19	784607
12446	47217600	19.4	784607
12446	49896000	19.5	784607
12446	52574400	19.6	784607
12446	55166400	18.9	784607
12446	57844800	17.7	784607
12446	60436800	16.4	784607
12446	63115200	15.6	784607
12446	65793600	16.1	784607
12446	68299200	17.1	784607
12446	70977600	17.8	784607
12446	73569600	19.1	784607
12446	76248000	19.9	784607
12446	78840000	19.9	784607
12446	81518400	19.3	784607
12446	84196800	19.7	784607
12446	86788800	19.8	784607
12446	89467200	19.1	784607
12446	92059200	17.5	784607
12446	94737600	16.9	784607
12446	97416000	17.5	784607
12446	99835200	18.4	784607
12446	102513600	19.1	784607
12446	105105600	19.5	784607
12446	107784000	19.9	784607
12446	110376000	19.9	784607
12446	113054400	19.9	784607
12446	115732800	20	784607
12446	118324800	19.7	784607
12446	121003200	17.2	784607
12446	123595200	15.9	784607
12446	126273600	15.7	784607
12446	128952000	16.1	784607
12446	131371200	16.7	784607
12446	134049600	17.1	784607
12446	136641600	18.4	784607
12446	139320000	19.2	784607
12446	141912000	19	784607
12446	144590400	18.8	784607
12446	147268800	19.3	784607
12446	149860800	18.9	784607
12446	152539200	19.2	784607
12446	155131200	16.7	784607
12446	157809600	15.8	784607
12446	160488000	15.6	784607
12446	162907200	17	784607
12446	165585600	18.1	784607
12446	168177600	19.4	784607
12446	170856000	19.8	784607
12446	173448000	19.8	784607
12446	176126400	20	784607
12446	178804800	19.5	784607
12446	181396800	19	784607
12446	184075200	18.1	784607
12446	186667200	15.5	784607
12446	189345600	14.4	784607
12446	192024000	16.2	784607
12446	194529600	16.5	784607
12446	197208000	18.2	784607
12446	199800000	19.5	784607
12446	202478400	19.4	784607
12446	205070400	19.8	784607
12446	207748800	20.2	784607
12446	210427200	19.6	784607
12446	213019200	19.4	784607
12446	215697600	18.9	784607
12446	218289600	17.6	784607
12446	220968000	17.3	784607
12446	223646400	17.5	784607
12446	226065600	17.9	784607
12446	228744000	18.4	784607
12446	231336000	18.8	784607
12446	234014400	19.2	784607
12446	236606400	18.9	784607
12446	239284800	19.3	784607
12446	241963200	19.2	784607
12446	244555200	19	784607
12446	247233600	18.6	784607
12446	249825600	17.6	784607
12446	252504000	16.7	784607
12446	255182400	17.2	784607
12446	257601600	17.8	784607
12446	260280000	18	784607
12446	262872000	18.8	784607
12446	265550400	19.5	784607
12446	268142400	19	784607
12446	270820800	19	784607
12446	273499200	19	784607
12446	276091200	18.6	784607
12446	278769600	17.8	784607
12446	281361600	16.2	784607
12446	284040000	16.5	784607
12446	286718400	17	784607
12446	289137600	17	784607
12446	291816000	18	784607
12446	294408000	19	784607
12446	297086400	19.8	784607
12446	299678400	20.1	784607
12446	302356800	20.2	784607
12446	305035200	20	784607
12446	307627200	21.4	784607
12446	310305600	18.5	784607
12446	312897600	16.8	784607
12446	315576000	16.5	784607
12446	318254400	17	784607
12446	320760000	17.8	784607
12446	323438400	19.5	784607
12446	326030400	20.3	784607
12446	328708800	20.9	784607
12446	331300800	20.5	784607
12446	333979200	20	784607
12446	336657600	20.2	784607
12446	339249600	20	784607
12446	341928000	18.9	784607
12446	344520000	17.2	784607
12446	347198400	17.3	784607
12446	349876800	17.5	784607
12446	352296000	19	784607
12446	354974400	17.9	784607
12446	357566400	19.9	784607
12446	360244800	19.2	784607
12446	362836800	19.4	784607
12446	365515200	19.4	784607
12446	368193600	20.2	784607
12446	370785600	19.6	784607
12446	373464000	18.5	784607
12446	376056000	18.5	784607
12446	378734400	18	784607
12446	381412800	17.2	784607
12446	383832000	18.5	784607
12446	386510400	19.3	784607
12446	389102400	19.1	784607
12446	391780800	20	784607
12446	394372800	19.7	784607
12446	397051200	20.2	784607
12446	399729600	20.6	784607
12446	402321600	19.5	784607
12446	4.05e+08	17.8	784607
12446	407592000	17.1	784607
12446	410270400	17.5	784607
12446	412948800	17.8	784607
12446	415368000	19.7	784607
12446	418046400	18.7	784607
12446	420638400	18.8	784607
12446	423316800	20	784607
12446	425908800	19.4	784607
12446	428587200	19.2	784607
12446	431265600	19.2	784607
12446	433857600	18.7	784607
12446	436536000	17.7	784607
12446	439128000	17	784607
12446	441806400	16.9	784607
12446	444484800	16.4	784607
12446	446990400	17.6	784607
12446	449668800	18.3	784607
12446	452260800	18.4	784607
12446	454939200	18.8	784607
12446	457531200	18.5	784607
12446	460209600	18.5	784607
12446	462888000	18.6	784607
12446	465480000	18.4	784607
12446	468158400	17.6	784607
12446	470750400	15.6	784607
12446	473428800	15.9	784607
12446	476107200	15.7	784607
12446	478526400	16.8	784607
12446	481204800	17.3	784607
12446	483796800	18.7	784607
12446	486475200	19.2	784607
12446	489067200	19.3	784607
12446	491745600	19.2	784607
12446	494424000	19.1	784607
12446	497016000	17.5	784607
12446	499694400	17.5	784607
12446	502286400	16.2	784607
12446	504964800	15.8	784607
12446	507643200	16.1	784607
12446	510062400	16.8	784607
12446	512740800	17.5	784607
12446	515332800	18.4	784607
12446	518011200	18.8	784607
12446	520603200	19.3	784607
12446	523281600	19.7	784607
12446	525960000	19	784607
12446	528552000	19.5	784607
12446	531230400	19.4	784607
12446	533822400	18.5	784607
12446	536500800	17.6	784607
12446	539179200	18	784607
12446	541598400	19.4	784607
12446	544276800	20.4	784607
12446	546868800	20.1	784607
12446	549547200	19.6	784607
12446	552139200	20.3	784607
12446	554817600	21.3	784607
12446	557496000	21.4	784607
12446	560088000	20.4	784607
12446	562766400	19.9	784607
12446	565358400	19.6	784607
12446	568036800	19.2	784607
12446	570715200	20	784607
12446	573220800	19.9	784607
12446	575899200	21.1	784607
12446	578491200	21	784607
12446	581169600	21.4	784607
12446	583761600	21.2	784607
12447	-231422400	26.8	784610
12447	-228830400	26.3	784610
12447	-226152000	24.6	784610
12447	-223560000	23.5	784610
12447	-220881600	22.3	784610
12447	-218203200	24.1	784610
12447	-215784000	24	784610
12447	-213105600	24.5	784610
12447	-210513600	24.8	784610
12447	-207835200	26.6	784610
12447	-205243200	26.3	784610
12448	460209600	28.6	784617
12448	462888000	28.3	784617
12448	465480000	27.1	784617
12448	468158400	26.3	784617
12448	470750400	24	784617
12448	473428800	24	784617
12448	476107200	24.8	784617
12448	478526400	24.8	784617
12448	481204800	26.2	784617
12448	483796800	27.8	784617
12448	486475200	29.2	784617
12448	489067200	28.9	784617
12448	491745600	28	784617
12448	494424000	27.1	784617
12448	497016000	25.9	784617
12448	499694400	25.4	784617
12448	502286400	24.1	784617
12448	504964800	24.3	784617
12448	507643200	24	784617
12448	510062400	25.6	784617
12448	512740800	26.1	784617
12448	515332800	26.5	784617
12448	518011200	26.9	784617
12448	520603200	27.4	784617
12448	523281600	26.8	784617
12448	525960000	26.5	784617
12448	528552000	26.5	784617
12448	531230400	25.4	784617
12448	533822400	24.5	784617
12448	536500800	24.4	784617
12448	539179200	24.7	784617
12448	541598400	25.5	784617
12448	544276800	26.5	784617
12449	-444484800	24.2	784627
12449	-441806400	21.8	784627
12449	-439128000	23.7	784627
12449	-436622400	26.3	784627
12449	-433944000	27	784627
12449	-431352000	27.5	784627
12449	-428673600	27.3	784627
12449	-426081600	28.5	784627
12449	-423403200	29.5	784627
12449	-420724800	29	784627
12449	-418132800	27.9	784627
12449	-415454400	25.5	784627
12453	-307713600	27.9	784817
12453	-305121600	28.2	784817
12453	-302443200	28.6	784817
12453	-299851200	30.3	784817
12453	-297172800	29.9	784817
12453	-294494400	29.8	784817
12453	-291902400	29.4	784817
12453	-289224000	28.7	784817
12453	-286632000	26.5	784817
12453	-283953600	26.7	784817
12453	-281275200	26.8	784817
12453	-278856000	27.3	784817
12453	-276177600	28.1	784817
12453	-273585600	28.5	784817
12453	-270907200	28.9	784817
12453	-268315200	29.1	784817
12453	-265636800	29.3	784817
12453	-262958400	29.4	784817
12453	-260366400	27.1	784817
12453	-257688000	25.8	784817
12453	-255096000	25.8	784817
12453	-252417600	26.3	784817
12454	-344433600	26.7	784820
12454	-342014400	27.2	784820
12456	494424000	26.4	784840
12456	497016000	25.8	784840
12456	499694400	25.2	784840
12456	502286400	24.3	784840
12456	504964800	24	784840
12456	507643200	23.5	784840
12456	510062400	24.6	784840
12456	512740800	25	784840
12456	515332800	25.2	784840
12456	518011200	26.1	784840
12456	520603200	27.3	784840
12456	523281600	26.8	784840
12456	525960000	26.8	784840
12456	528552000	26.2	784840
12456	531230400	25.6	784840
12456	533822400	24	784840
12456	536500800	23.2	784840
12456	539179200	23.4	784840
12456	541598400	24.2	784840
12456	544276800	25.8	784840
12456	546868800	26.2	784840
12456	549547200	26.4	784840
12456	552139200	27.5	784840
12456	554817600	28.3	784840
12456	557496000	27.6	784840
12456	560088000	26.7	784840
12456	562766400	26	784840
12456	565358400	25.1	784840
12456	568036800	24.4	784840
12456	570715200	23.6	784840
12456	573220800	24.3	784840
12456	575899200	25	784840
12456	578491200	26.4	784840
12456	581169600	27	784840
12456	583761600	27.3	784840
12456	586440000	26.8	784840
12456	589118400	26.6	784840
12456	591710400	26.3	784840
12456	594388800	25.2	784840
12456	596980800	24.1	784840
12456	599659200	23.8	784840
12456	602337600	23.4	784840
12456	604756800	23.6	784840
12456	607435200	24.7	784840
12456	610027200	25.1	784840
12456	612705600	26.4	784840
12456	615297600	26.9	784840
12456	617976000	26.8	784840
12456	620654400	26.6	784840
12456	623246400	25.9	784840
12456	625924800	25.6	784840
12456	628516800	23.9	784840
12456	631195200	23.9	784840
12456	633873600	23.8	784840
12456	636292800	24	784840
12456	638971200	25.4	784840
12456	641563200	26.8	784840
12456	644241600	27.5	784840
12456	646833600	27.2	784840
12456	649512000	27.5	784840
12456	652190400	27.8	784840
12456	654782400	26.3	784840
12456	657460800	25.7	784840
12456	660052800	24.1	784840
15580	-210513600	26.7	784090
15580	-207835200	28	784090
15581	-213105600	27	784390
15581	-210513600	27.2	784390
15581	-207835200	28.5	784390
15582	-226152000	25.1	784550
15582	-223560000	24.5	784550
15582	-220881600	22.6	784550
15582	-218203200	24.8	784550
15582	-215784000	25.4	784550
15582	-213105600	25.2	784550
15582	-210513600	25.8	784550
15582	-207835200	26.3	784550
15583	357566400	27.3	784567
15583	360244800	27.8	784567
15584	589118400	20.7	784607
15584	591710400	21	784607
15584	594388800	20	784607
15584	596980800	19	784607
15584	599659200	18.6	784607
15584	602337600	18.7	784607
15584	604756800	19.6	784607
15584	607435200	20.8	784607
15584	610027200	20.8	784607
15584	612705600	20.8	784607
15584	615297600	20.8	784607
15584	617976000	20.7	784607
15584	620654400	20.5	784607
15584	623246400	19.7	784607
15584	625924800	19.6	784607
15584	628516800	18.5	784607
15584	631195200	18.7	784607
15584	633873600	19.2	784607
15585	-199886400	26.9	784610
15585	-197294400	25.8	784610
15585	-194616000	24.5	784610
15585	-192024000	24.9	784610
15585	-189345600	23.4	784610
15585	-186667200	24.7	784610
15585	-184161600	24.8	784610
15585	-181483200	24.5	784610
15585	-178891200	25.8	784610
15585	-176212800	26	784610
15585	-173620800	26.1	784610
15585	-170942400	26.6	784610
15585	-168264000	26.6	784610
15585	-165672000	26.3	784610
15585	-162993600	24.2	784610
15585	-160401600	21.7	784610
15585	-157723200	21.4	784610
15586	-410184000	23.6	784627
15586	-407505600	24.2	784627
15586	-405086400	26.9	784627
15586	-402408000	28.1	784627
15586	-399816000	29.3	784627
15586	-397137600	28.3	784627
15586	-394545600	28.4	784627
15586	-391867200	28.8	784627
15586	-389188800	28.5	784627
15586	-386596800	27.4	784627
15586	-383918400	25.9	784627
15586	-381326400	24.3	784627
15586	-378648000	23.3	784627
15586	-375969600	23.9	784627
15586	-373550400	25.5	784627
15586	-370872000	26	784627
15586	-368280000	25.6	784627
15590	-242049600	27.8	784817
15590	-239371200	28.7	784817
15590	-236779200	29.1	784817
15590	-234100800	29.3	784817
15590	-231422400	29.8	784817
15590	-228830400	29.1	784817
15590	-226152000	28	784817
15590	-223560000	27.1	784817
15590	-220881600	26.1	784817
15590	-218203200	27.3	784817
15590	-215784000	27.1	784817
15590	-213105600	28.3	784817
15590	-210513600	27.8	784817
15590	-207835200	27.7	784817
15590	-205243200	28.6	784817
18347	-202564800	28.6	784390
18347	-199886400	28.8	784390
18348	-199886400	27.6	784550
18348	-197294400	26.4	784550
18348	-194616000	25	784550
18348	-192024000	24.8	784550
18349	370785600	27.4	784567
18349	373464000	26	784567
18349	376056000	24.7	784567
18349	378734400	24.7	784567
18349	381412800	24.7	784567
18349	383832000	26.3	784567
18349	386510400	27.3	784567
18349	389102400	26.5	784567
18350	102513600	24.9	784580
18350	105105600	26.9	784580
18351	-126187200	23.5	784610
18351	-123508800	22.9	784610
18353	-326116800	28.7	784820
18353	-323524800	27.4	784820
18353	-320846400	25.7	784820
18353	-318254400	26.1	784820
18353	-315576000	25.9	784820
18353	-312897600	26.4	784820
18353	-310392000	26.6	784820
18353	-307713600	27.9	784820
18353	-305121600	28.6	784820
18353	-302443200	28.8	784820
18353	-299851200	29.4	784820
18353	-297172800	28.8	784820
18353	-294494400	28.1	784820
18353	-291902400	27.4	784820
18353	-289224000	27.4	784820
18353	-286632000	25.6	784820
18353	-283953600	25.7	784820
18353	-281275200	26	784820
18353	-278856000	26.5	784820
18353	-276177600	27.3	784820
18353	-273585600	27.8	784820
18353	-270907200	29.1	784820
18353	-268315200	29.1	784820
18353	-265636800	28.7	784820
18353	-262958400	27.9	784820
18353	-260366400	26.8	784820
18353	-257688000	26.7	784820
18353	-255096000	25.6	784820
18353	-252417600	25.6	784820
18353	-249739200	25.2	784820
18353	-247320000	26.5	784820
20794	-186667200	25.4	784090
20794	-184161600	25.6	784090
20794	-181483200	25.4	784090
20795	110376000	27.9	784580
20795	113054400	27.9	784580
20795	115732800	27.8	784580
20795	118324800	27.7	784580
20795	121003200	25.3	784580
20795	123595200	23.6	784580
20795	126273600	23.4	784580
20795	128952000	23.5	784580
20795	131371200	23.8	784580
20795	134049600	24.3	784580
20795	136641600	25.3	784580
20795	139320000	26.5	784580
20795	141912000	27	784580
20795	144590400	26.4	784580
20795	147268800	26.6	784580
20795	149860800	26	784580
20795	152539200	22.8	784580
20795	155131200	23.5	784580
20795	157809600	22.8	784580
20795	160488000	23.2	784580
20795	162907200	22.8	784580
20795	165585600	25.1	784580
20795	168177600	25.5	784580
20795	170856000	26.7	784580
20796	-110548800	26.8	784610
20796	-107870400	26.9	784610
20796	-105192000	27.1	784610
20796	-102600000	25.9	784610
20796	-99921600	23.1	784610
20796	-97329600	22.1	784610
20796	-94651200	22.1	784610
20796	-91972800	22.5	784610
20796	-89553600	22.2	784610
20796	-86875200	23.1	784610
20796	-84283200	25.6	784610
20796	-81604800	26.7	784610
20796	-79012800	25.9	784610
20796	-76334400	27	784610
20796	-73656000	26.7	784610
20796	-71064000	26.1	784610
20796	-68385600	24.5	784610
20797	-355060800	27.3	784627
20797	-352382400	25.5	784627
20797	-349790400	25.1	784627
20797	-347112000	24	784627
20797	-344433600	25.5	784627
20797	-342014400	27.7	784627
20797	-339336000	26.9	784627
20797	-336744000	26.2	784627
20797	-334065600	29.3	784627
20797	-331473600	29.1	784627
20797	-328795200	29.5	784627
20797	-326116800	29.1	784627
20797	-323524800	27.9	784627
20797	-320846400	26.2	784627
20797	-318254400	25.7	784627
20797	-315576000	25.3	784627
20797	-312897600	25.5	784627
20797	-310392000	25.4	784627
20797	-307713600	26.5	784627
20797	-305121600	28.7	784627
20797	-302443200	27.9	784627
20797	-299851200	29	784627
20797	-297172800	28.7	784627
20797	-294494400	29.7	784627
20797	-291902400	28.5	784627
20797	-289224000	26.6	784627
20797	-286632000	24.5	784627
20797	-283953600	26.7	784627
20797	-281275200	26.8	784627
20797	-278856000	26.6	784627
20797	-276177600	28.3	784627
20797	-273585600	28.4	784627
20797	-270907200	28.6	784627
20797	-268315200	28.3	784627
20797	-265636800	29.3	784627
20797	-262958400	29.7	784627
20797	-260366400	28.1	784627
20797	-257688000	25.9	784627
20797	-255096000	25	784627
20797	-252417600	25.6	784627
20797	-249739200	25.7	784627
20797	-247320000	26.5	784627
20797	-244641600	26.8	784627
20797	-242049600	25.7	784627
20797	-239371200	28.3	784627
20797	-236779200	29.1	784627
20797	-234100800	29.3	784627
20797	-231422400	29.5	784627
20797	-228830400	28.9	784627
20797	-226152000	27.3	784627
20797	-223560000	24.7	784627
20797	-220881600	23.9	784627
20797	-218203200	25.5	784627
20797	-215784000	25.3	784627
20797	-213105600	26.2	784627
20797	-210513600	27.2	784627
20797	-207835200	28.1	784627
20797	-205243200	28.1	784627
20797	-202564800	29.9	784627
20797	-199886400	28.9	784627
20797	-197294400	26.9	784627
20797	-194616000	25.5	784627
20797	-192024000	25.9	784627
20797	-189345600	24.3	784627
20797	-186667200	25.8	784627
20797	-184161600	26.8	784627
20797	-181483200	26.7	784627
20797	-178891200	28.7	784627
20797	-176212800	28.7	784627
20797	-173620800	28.3	784627
20797	-170942400	28.9	784627
20797	-168264000	28.1	784627
20797	-165672000	27.1	784627
20797	-162993600	25.3	784627
20797	-160401600	23.3	784627
20797	-157723200	22.6	784627
20797	-155044800	24.1	784627
20797	-152625600	26.1	784627
20797	-149947200	27.9	784627
20797	-147355200	26.7	784627
20797	-144676800	26.3	784627
20797	-142084800	29.1	784627
20797	-139406400	29.7	784627
20797	-136728000	29.3	784627
20797	-134136000	28.5	784627
20797	-131457600	25.4	784627
20797	-128865600	23.7	784627
20797	-126187200	24.3	784627
20797	-123508800	24.4	784627
20797	-121089600	25	784627
20797	-118411200	26.3	784627
20797	-115819200	27.5	784627
20797	-113140800	29.1	784627
20797	-110548800	28.3	784627
20797	-107870400	29.7	784627
20797	-105192000	29.1	784627
20797	-102600000	26.7	784627
20797	-99921600	24.5	784627
20797	-97329600	23.9	784627
20797	-94651200	23.3	784627
20797	-91972800	23.4	784627
20797	-89553600	24	784627
20797	-86875200	25.5	784627
20797	-84283200	28.5	784627
20797	-81604800	28.9	784627
20797	-79012800	28.7	784627
20797	-76334400	29.4	784627
20797	-73656000	29.3	784627
20797	-71064000	28.9	784627
20797	-68385600	27.7	784627
20797	-65793600	26.1	784627
20797	-63115200	24.9	784627
20797	-60436800	24.9	784627
20797	-57931200	26.2	784627
20797	-55252800	26.4	784627
20797	-52660800	27.5	784627
20797	-49982400	28.3	784627
20797	-47390400	28.1	784627
20797	-44712000	28.3	784627
20797	-42033600	28.7	784627
20797	-39441600	29.2	784627
20797	-36763200	27.1	784627
20797	-34171200	24.9	784627
20797	-31492800	24.1	784627
20797	-28814400	25.1	784627
20797	-26395200	26.5	784627
20797	-23716800	27	784627
20797	-21124800	27.5	784627
20797	-18446400	29	784627
20797	-15854400	28.4	784627
20797	-13176000	28.3	784627
20797	-10497600	28.4	784627
20797	-7905600	28.2	784627
20797	-5227200	26.5	784627
20797	-2635200	25.5	784627
20797	43200	25.7	784627
20797	2721600	24.5	784627
20797	5140800	26.1	784627
20797	7819200	27.6	784627
20797	10411200	26.3	784627
20797	13089600	27.4	784627
20797	15681600	27.5	784627
20797	18360000	27.5	784627
20797	21038400	27.9	784627
20797	23630400	27.2	784627
20797	26308800	25.9	784627
20797	28900800	24.3	784627
20797	31579200	24.9	784627
20797	34257600	24.8	784627
20797	36676800	26.1	784627
20797	39355200	25.1	784627
20797	41947200	26.8	784627
20797	44625600	27.7	784627
20797	47217600	27.3	784627
20797	49896000	27.5	784627
20797	52574400	27.4	784627
20797	55166400	27.3	784627
20797	57844800	26.7	784627
20797	60436800	24.7	784627
20797	63115200	24.9	784627
20797	65793600	25.6	784627
20797	68299200	25.6	784627
20797	70977600	26.2	784627
20797	73569600	26.8	784627
20797	76248000	27.6	784627
20797	78840000	27.3	784627
20797	81518400	27.3	784627
20797	84196800	27.4	784627
20797	86788800	27.6	784627
20797	89467200	27	784627
20797	92059200	25.7	784627
20797	94737600	25.7	784627
20797	97416000	25.5	784627
20797	99835200	26.6	784627
20797	102513600	27.3	784627
20797	105105600	27.9	784627
20797	107784000	28.1	784627
20797	110376000	28.9	784627
20797	113054400	28.3	784627
20797	115732800	28.7	784627
20797	118324800	27.6	784627
20797	121003200	26	784627
20797	123595200	24.3	784627
20797	126273600	23.7	784627
20797	128952000	24.8	784627
20797	131371200	25.7	784627
20797	134049600	25.9	784627
20797	136641600	26.7	784627
20797	139320000	27.7	784627
20797	141912000	28.3	784627
20797	144590400	28	784627
20797	147268800	27.7	784627
20797	149860800	27.5	784627
20797	152539200	25.8	784627
20797	155131200	24.8	784627
20797	157809600	24.4	784627
20797	160488000	25.6	784627
20797	162907200	26.1	784627
20797	165585600	27	784627
20797	168177600	27	784627
20797	170856000	27.7	784627
20797	173448000	28.2	784627
20797	176126400	28.1	784627
20797	178804800	27.4	784627
20797	181396800	27	784627
20797	184075200	25.8	784627
20797	186667200	23.7	784627
20797	189345600	22.4	784627
20797	192024000	23.1	784627
20797	194529600	23.1	784627
20797	197208000	24.8	784627
20797	199800000	26.2	784627
20797	202478400	26.1	784627
20797	205070400	26.6	784627
20797	207748800	27.4	784627
20797	210427200	27.2	784627
20797	213019200	26.4	784627
20797	215697600	26.1	784627
20797	218289600	24.4	784627
20797	220968000	24.2	784627
20797	223646400	25.1	784627
20797	226065600	26	784627
20797	228744000	25.5	784627
20797	231336000	26.4	784627
20797	234014400	26.2	784627
20797	236606400	28	784627
20797	239284800	28.2	784627
20797	241963200	28.2	784627
20797	244555200	28	784627
20797	247233600	26.4	784627
20799	-192024000	27.1	784817
20799	-189345600	26	784817
20799	-186667200	27	784817
20799	-184161600	27.5	784817
20799	-181483200	28.1	784817
20799	-178891200	28.7	784817
20799	-176212800	29.1	784817
20799	-173620800	29.7	784817
20799	-170942400	29.6	784817
20799	-168264000	29.3	784817
20799	-165672000	28.7	784817
20799	-162993600	28.2	784817
20799	-160401600	25.7	784817
20799	-157723200	25.7	784817
20799	-155044800	26.2	784817
20799	-152625600	27.7	784817
20799	-149947200	28.3	784817
20799	-147355200	27.7	784817
20799	-144676800	27.8	784817
20799	-142084800	28.5	784817
20799	-139406400	28.9	784817
20799	-136728000	29	784817
20799	-134136000	29.3	784817
20799	-131457600	28.3	784817
20799	-128865600	27.1	784817
20799	-126187200	27.1	784817
20799	-123508800	26.6	784817
20799	-121089600	28.1	784817
20799	-118411200	28.9	784817
20799	-115819200	28.7	784817
20799	-113140800	29	784817
20799	-110548800	29.7	784817
20799	-107870400	30.5	784817
20800	-215784000	26.4	784820
20800	-213105600	27	784820
23047	-186667200	26.8	784390
23047	-184161600	27.6	784390
23047	-181483200	27.2	784390
23048	-181483200	25.5	784550
23048	-178891200	25.5	784550
23048	-176212800	26.9	784550
23048	-173620800	27.7	784550
23048	-170942400	27.5	784550
23048	-168264000	27.3	784550
23048	-165672000	26.7	784550
23048	-162993600	25.7	784550
23048	-160401600	22.5	784550
23048	-157723200	21.7	784550
23049	252504000	24.6	784627
23049	255182400	24.3	784627
23049	257601600	25.5	784627
23049	260280000	25.6	784627
23049	262872000	27	784627
23049	265550400	27.9	784627
23049	268142400	27.3	784627
23049	270820800	27.2	784627
23049	273499200	27.8	784627
23049	276091200	27.5	784627
23049	278769600	25.7	784627
23049	281361600	24.2	784627
23049	284040000	23.8	784627
23049	286718400	24	784627
23049	289137600	24	784627
23049	291816000	25.1	784627
23049	294408000	26.1	784627
23049	297086400	27.3	784627
23049	299678400	27.2	784627
23049	302356800	27.2	784627
23049	305035200	26.9	784627
23049	307627200	27.7	784627
23049	310305600	25.8	784627
23049	312897600	24.1	784627
23049	315576000	24.2	784627
23049	318254400	24.4	784627
23049	320760000	25.1	784627
23049	323438400	26.6	784627
23049	326030400	26.9	784627
23049	328708800	28.2	784627
23049	331300800	28.4	784627
23049	333979200	27.9	784627
23049	336657600	28.9	784627
23049	339249600	27.6	784627
23049	341928000	26.2	784627
23049	344520000	24.6	784627
23049	347198400	24.1	784627
23049	349876800	24.2	784627
23049	352296000	25.3	784627
23049	354974400	25.2	784627
23049	357566400	26.7	784627
23049	360244800	26.9	784627
23049	362836800	27.7	784627
23049	365515200	27.4	784627
23049	368193600	27.7	784627
23049	370785600	26.8	784627
23049	373464000	25.9	784627
23049	376056000	24.4	784627
23049	378734400	23.8	784627
23049	381412800	24	784627
23049	383832000	24.9	784627
23049	386510400	26.3	784627
23049	389102400	26	784627
23049	391780800	27.5	784627
23049	394372800	27.5	784627
23049	397051200	27.9	784627
23049	399729600	27.6	784627
23049	402321600	27.2	784627
23049	4.05e+08	25.5	784627
23049	407592000	23.2	784627
23049	410270400	24.4	784627
23049	412948800	24.3	784627
23049	415368000	26.1	784627
23049	418046400	26.1	784627
23049	420638400	27	784627
23049	423316800	27.9	784627
23049	425908800	27.8	784627
23049	428587200	27.9	784627
23049	431265600	27.8	784627
23049	433857600	27.4	784627
23049	436536000	25.5	784627
23049	439128000	24.6	784627
23049	441806400	24.1	784627
23049	444484800	24.1	784627
23049	446990400	25.1	784627
23049	449668800	26.4	784627
23049	452260800	26.7	784627
23049	454939200	26.8	784627
23049	457531200	26.5	784627
23049	460209600	26.9	784627
23049	462888000	26.9	784627
23049	465480000	25.6	784627
23049	468158400	24.3	784627
23049	470750400	22.9	784627
23049	473428800	23.2	784627
23049	476107200	23.7	784627
23049	478526400	23.9	784627
23049	481204800	25.1	784627
23049	483796800	26.7	784627
23049	486475200	27.5	784627
23049	489067200	28.3	784627
23049	491745600	28.2	784627
23049	494424000	27.4	784627
23049	497016000	26.1	784627
23049	499694400	25.4	784627
23049	502286400	23.9	784627
23049	504964800	23.2	784627
23049	507643200	22.8	784627
23049	510062400	24.5	784627
23049	512740800	25	784627
23049	515332800	25.6	784627
23049	518011200	26.8	784627
23049	520603200	27.3	784627
23049	523281600	27.2	784627
23049	525960000	26.9	784627
23049	528552000	26.4	784627
23049	531230400	25	784627
23049	533822400	23.9	784627
23049	536500800	22.9	784627
23049	539179200	24	784627
23049	541598400	24.7	784627
23049	544276800	26.3	784627
23051	-102600000	27.9	784817
23051	-99921600	25.9	784817
23051	-97329600	25.9	784817
23051	-94651200	25.6	784817
23051	-91972800	26	784817
23051	-89553600	26.8	784817
23051	-86875200	28.1	784817
23051	-84283200	28.7	784817
23051	-81604800	29	784817
23051	-79012800	30.1	784817
23051	-76334400	30.1	784817
23051	-73656000	29.3	784817
23051	-71064000	29.4	784817
23051	-68385600	27.8	784817
23051	-65793600	26.3	784817
23051	-63115200	25.7	784817
23051	-60436800	26.9	784817
23051	-57931200	28	784817
23051	-55252800	28.3	784817
23051	-52660800	29.2	784817
23051	-49982400	28.9	784817
23051	-47390400	29.5	784817
23051	-44712000	29.7	784817
23051	-42033600	29.4	784817
23051	-39441600	29.4	784817
23051	-36763200	29.3	784817
23051	-34171200	27.9	784817
23051	-31492800	26.9	784817
23051	-28814400	27.5	784817
23051	-26395200	28.5	784817
23051	-23716800	27.7	784817
23051	-21124800	27.7	784817
23051	-18446400	27.4	784817
23051	-15854400	27.6	784817
23051	-13176000	28	784817
23051	-10497600	28.5	784817
23051	-7905600	27.9	784817
23051	-5227200	27.7	784817
23051	-2635200	26.2	784817
23051	43200	26.4	784817
23051	2721600	27.3	784817
23051	5140800	27.3	784817
23051	7819200	26.7	784817
23051	10411200	27.4	784817
23051	13089600	26.7	784817
23051	15681600	26.2	784817
23051	18360000	26.7	784817
23051	21038400	26.9	784817
23051	23630400	27.2	784817
23052	-199886400	27.1	784820
23052	-197294400	25.7	784820
23052	-194616000	26	784820
23052	-192024000	26.1	784820
23052	-189345600	25.7	784820
23052	-186667200	25.9	784820
23052	-184161600	25.9	784820
25139	-126187200	23.5	784550
25139	-123508800	23.3	784550
25140	186667200	25	784580
25140	189345600	22.2	784580
25140	192024000	22.6	784580
25140	194529600	23	784580
25140	197208000	23.6	784580
25140	199800000	25.5	784580
25140	202478400	25.5	784580
25140	205070400	26.8	784580
25140	207748800	27.3	784580
25140	210427200	27	784580
25140	213019200	26	784580
25140	215697600	25.3	784580
25140	218289600	24.2	784580
25140	220968000	23.1	784580
25140	223646400	24	784580
25140	226065600	24.3	784580
25141	549547200	26.8	784627
25141	552139200	27.4	784627
25141	554817600	28	784627
25141	557496000	28	784627
25141	560088000	27.1	784627
25141	562766400	25.6	784627
25141	565358400	24.5	784627
25141	568036800	23.3	784627
25141	570715200	23.2	784627
25141	573220800	23.8	784627
25141	575899200	25.4	784627
25141	578491200	26.8	784627
25141	581169600	28.1	784627
25141	583761600	27.1	784627
25141	586440000	26.6	784627
25141	589118400	26.5	784627
25141	591710400	25.9	784627
25141	594388800	24.5	784627
25141	596980800	23.6	784627
25141	599659200	23.5	784627
25141	602337600	22.7	784627
25141	604756800	23.2	784627
25141	607435200	24.9	784627
25141	610027200	25.9	784627
25141	612705600	26.7	784627
25141	615297600	27	784627
25141	617976000	27.4	784627
25141	620654400	26.8	784627
25141	623246400	26.2	784627
25141	625924800	24.9	784627
25141	628516800	24	784627
25141	631195200	23.4	784627
25141	633873600	23.4	784627
25141	636292800	23.3	784627
25141	638971200	25.2	784627
25141	641563200	26	784627
25141	644241600	27.6	784627
25141	646833600	26.9	784627
25141	649512000	28.4	784627
25141	652190400	27.8	784627
25141	654782400	26.4	784627
25141	657460800	25.2	784627
25141	660052800	23.6	784627
25143	68299200	26.1	784817
25143	70977600	26.7	784817
25143	73569600	26.9	784817
25143	76248000	27.5	784817
25143	78840000	28.3	784817
25143	81518400	28.3	784817
25143	84196800	28.4	784817
25143	86788800	28.6	784817
25143	89467200	27.9	784817
25143	92059200	26.5	784817
25143	94737600	26.1	784817
25143	97416000	26.5	784817
25143	99835200	27.5	784817
25143	102513600	28.4	784817
25143	105105600	28.5	784817
25143	107784000	29.3	784817
25143	110376000	29.4	784817
25143	113054400	28.7	784817
25143	115732800	28.7	784817
25143	118324800	27.7	784817
25143	121003200	26.9	784817
25143	123595200	25	784817
25143	126273600	25.1	784817
25143	128952000	24.9	784817
25143	131371200	25.9	784817
25143	134049600	26	784817
25143	136641600	26.5	784817
25143	139320000	27.5	784817
25143	141912000	28.4	784817
25143	144590400	28.5	784817
25143	147268800	27	784817
25143	149860800	27.4	784817
25143	152539200	26.4	784817
25143	155131200	25.3	784817
25143	157809600	24	784817
25143	160488000	25.1	784817
25143	162907200	26.2	784817
25144	-160401600	24.3	784820
25144	-157723200	23.6	784820
25144	-155044800	24.5	784820
25144	-152625600	25.5	784820
27028	-126187200	24.8	784090
27028	-123508800	23.3	784090
27029	-110548800	27.3	784550
27029	-107870400	27.5	784550
27029	-105192000	27.1	784550
27029	-102600000	26.5	784550
27029	-99921600	24	784550
27029	-97329600	22.9	784550
27029	-94651200	23	784550
27029	-91972800	23.3	784550
27029	-89553600	23.3	784550
27029	-86875200	24.3	784550
27029	-84283200	26.8	784550
27029	-81604800	27.2	784550
27029	-79012800	27.6	784550
27029	-76334400	27.9	784550
27029	-73656000	27.3	784550
27029	-71064000	26.9	784550
27029	-68385600	25.2	784550
27030	252504000	23.1	784580
27030	255182400	23	784580
27030	257601600	24	784580
27030	260280000	24	784580
27030	262872000	26.3	784580
27030	265550400	27.1	784580
27032	168177600	27.7	784817
27032	170856000	28.7	784817
27032	173448000	29.2	784817
27032	176126400	29.4	784817
27032	178804800	28.3	784817
27032	181396800	27.2	784817
27032	184075200	26.6	784817
27032	186667200	23.9	784817
27032	189345600	23.8	784817
27032	192024000	25	784817
27032	194529600	26	784817
27032	197208000	27.4	784817
27032	199800000	28.6	784817
27032	202478400	27.7	784817
27032	205070400	28.8	784817
27032	207748800	28.4	784817
27032	210427200	29	784817
27032	213019200	28.7	784817
27032	215697600	28	784817
27032	218289600	26.8	784817
27032	220968000	26.2	784817
27032	223646400	27	784817
27032	226065600	27.9	784817
27032	228744000	28.4	784817
27032	231336000	28	784817
27032	234014400	28.3	784817
27032	236606400	29.3	784817
27032	239284800	29.4	784817
27032	241963200	28.6	784817
27032	244555200	28	784817
27032	247233600	27.6	784817
27032	249825600	26.4	784817
27032	252504000	26	784817
27032	255182400	26.2	784817
27032	257601600	28.6	784817
27032	260280000	28.6	784817
27032	262872000	29	784817
27032	265550400	29.2	784817
27032	268142400	29.7	784817
27032	270820800	29.6	784817
27032	273499200	29.6	784817
27032	276091200	28.8	784817
27032	278769600	27.4	784817
27032	281361600	26.6	784817
27032	284040000	25.8	784817
27032	286718400	27.1	784817
27032	289137600	27.1	784817
27032	291816000	27.8	784817
27032	294408000	29	784817
27032	297086400	28.9	784817
27032	299678400	29.6	784817
27032	302356800	29.7	784817
27032	305035200	28	784817
27032	307627200	28.2	784817
27032	310305600	27.2	784817
27032	312897600	25.1	784817
27032	315576000	26.2	784817
27033	-142084800	27.5	784820
27033	-139406400	28.1	784820
27033	-136728000	28.1	784820
27033	-134136000	27.1	784820
27033	-131457600	26.2	784820
27033	-128865600	25.5	784820
27033	-126187200	25.3	784820
27033	-123508800	25.3	784820
27033	-121089600	26	784820
27033	-118411200	26.6	784820
27033	-115819200	26.9	784820
27033	-113140800	27.7	784820
27033	-110548800	27.5	784820
27033	-107870400	28.1	784820
27033	-105192000	27.5	784820
27033	-102600000	26.1	784820
27033	-99921600	25.5	784820
27033	-97329600	24.9	784820
27033	-94651200	24.4	784820
27033	-91972800	24.7	784820
27033	-89553600	24.9	784820
27033	-86875200	25.9	784820
27033	-84283200	27.3	784820
27033	-81604800	26.7	784820
27033	-79012800	28.5	784820
27033	-76334400	27.7	784820
27033	-73656000	26.9	784820
27033	-71064000	26.5	784820
27033	-68385600	26.4	784820
27033	-65793600	25.3	784820
27033	-63115200	24.5	784820
27033	-60436800	24.4	784820
27033	-57931200	25.3	784820
27033	-55252800	25.7	784820
27033	-52660800	27	784820
27033	-49982400	26.7	784820
27033	-47390400	27.8	784820
27033	-44712000	28.1	784820
27033	-42033600	28	784820
27033	-39441600	26.9	784820
27033	-36763200	26.6	784820
27033	-34171200	25.6	784820
27033	-31492800	24.9	784820
27033	-28814400	24.9	784820
27033	-26395200	26.7	784820
27033	-23716800	26.9	784820
27033	-21124800	27.1	784820
27033	-18446400	27	784820
27033	-15854400	27.8	784820
27033	-13176000	27.6	784820
27033	-10497600	27.5	784820
27033	-7905600	26.5	784820
27033	-5227200	26.2	784820
27033	-2635200	25.2	784820
27033	43200	24.7	784820
27033	2721600	24.7	784820
27033	5140800	25.4	784820
27033	7819200	26.9	784820
27033	10411200	26.9	784820
27033	13089600	27	784820
27033	15681600	27.5	784820
27033	18360000	27.5	784820
27033	21038400	26.5	784820
27033	23630400	26.3	784820
27033	26308800	25.9	784820
27033	28900800	25.2	784820
27033	31579200	24.5	784820
27033	34257600	24.9	784820
27033	36676800	25.2	784820
27033	39355200	25.6	784820
27033	41947200	26.4	784820
27033	44625600	26.7	784820
27033	47217600	27.2	784820
27033	49896000	27.3	784820
27033	52574400	26.7	784820
27033	55166400	25.9	784820
27033	57844800	25.3	784820
27033	60436800	24.7	784820
27033	63115200	24	784820
27033	65793600	24.7	784820
27033	68299200	24.3	784820
27033	70977600	25.7	784820
28758	-157723200	24.9	784390
28758	-155044800	25.7	784390
28758	-152625600	26.8	784390
28759	347198400	22.8	784580
28759	349876800	23.4	784580
28759	352296000	23.4	784580
28759	354974400	24.1	784580
28759	357566400	26.6	784580
28759	360244800	26.5	784580
28759	362836800	27.1	784580
28759	365515200	26.9	784580
28759	368193600	27.2	784580
28759	370785600	25.9	784580
28759	373464000	25.1	784580
28759	376056000	23.6	784580
28759	378734400	23.9	784580
28759	381412800	23.5	784580
28759	383832000	24.6	784580
28759	386510400	25.5	784580
28759	389102400	25.3	784580
28759	391780800	26.9	784580
28759	394372800	26.3	784580
28759	397051200	26.5	784580
28759	399729600	26.6	784580
28759	402321600	26	784580
28759	4.05e+08	24.6	784580
28759	407592000	22.5	784580
28759	410270400	23.1	784580
28759	412948800	23.1	784580
28759	415368000	24.2	784580
28759	418046400	24.5	784580
28759	420638400	25.1	784580
28759	423316800	27.2	784580
28759	425908800	27	784580
28759	428587200	27.5	784580
28759	431265600	26.8	784580
28759	433857600	26.4	784580
28759	436536000	25.1	784580
28759	439128000	24.2	784580
28759	441806400	23.1	784580
28759	444484800	23.4	784580
28759	446990400	23.2	784580
28759	449668800	24.9	784580
28759	452260800	24.6	784580
28759	454939200	25	784580
28759	457531200	25.7	784580
28759	460209600	25.5	784580
28759	462888000	25.3	784580
28759	465480000	24.6	784580
28759	468158400	23.5	784580
28759	470750400	22	784580
28759	473428800	22.8	784580
28759	476107200	22.1	784580
28759	478526400	22.2	784580
28759	481204800	23.6	784580
28759	483796800	25.6	784580
28759	486475200	26.5	784580
28759	489067200	26.6	784580
28759	491745600	26.4	784580
28759	494424000	26.1	784580
28759	497016000	25.1	784580
28759	499694400	24.3	784580
28759	502286400	23.2	784580
28759	504964800	22.5	784580
28759	507643200	22.4	784580
28759	510062400	23.5	784580
28761	320760000	28.1	784817
28761	323438400	29.3	784817
28761	326030400	29.5	784817
28761	328708800	30	784817
28761	331300800	30.2	784817
28761	333979200	29.3	784817
28761	336657600	29.9	784817
28761	339249600	29.8	784817
28761	341928000	28.8	784817
28761	344520000	26.4	784817
28761	347198400	26.7	784817
28761	349876800	27.6	784817
28761	352296000	28.7	784817
28761	354974400	29.5	784817
28761	357566400	28.7	784817
28761	360244800	28	784817
28761	362836800	29.5	784817
28761	365515200	29.1	784817
28761	368193600	29.7	784817
28761	370785600	28.5	784817
28761	373464000	27.1	784817
28761	376056000	26.6	784817
28761	378734400	25.9	784817
28761	381412800	26.2	784817
28761	383832000	27.1	784817
28761	386510400	28	784817
28761	389102400	27.3	784817
28761	391780800	28.4	784817
28761	394372800	29.2	784817
28761	397051200	29.8	784817
28761	399729600	29.5	784817
28761	402321600	28.7	784817
28761	4.05e+08	27.1	784817
28761	407592000	25.8	784817
28761	410270400	26	784817
28761	412948800	26.2	784817
28761	415368000	27.7	784817
28761	418046400	28.2	784817
28761	420638400	28.3	784817
28761	423316800	28.7	784817
28761	425908800	29.6	784817
28761	428587200	29.3	784817
28761	431265600	29.2	784817
28761	433857600	27.8	784817
28761	436536000	27.2	784817
28761	439128000	26.5	784817
28761	441806400	26	784817
28761	444484800	25.8	784817
28761	446990400	26.8	784817
28761	449668800	27.9	784817
28761	452260800	28.4	784817
28761	454939200	28.6	784817
28761	457531200	29	784817
28761	460209600	28.7	784817
28761	462888000	28.3	784817
28761	465480000	27.3	784817
28761	468158400	27.3	784817
28761	470750400	25.4	784817
28761	473428800	25.3	784817
28761	476107200	25.5	784817
28761	478526400	27	784817
28761	481204800	27.7	784817
28761	483796800	27.8	784817
28761	486475200	28.4	784817
28761	489067200	28.1	784817
28761	491745600	28	784817
28761	494424000	27.1	784817
28761	497016000	26.2	784817
28761	499694400	25.8	784817
28761	502286400	24.7	784817
28761	504964800	24.3	784817
28761	507643200	24.8	784817
28761	510062400	25.7	784817
28761	512740800	25.9	784817
28761	515332800	26.3	784817
28761	518011200	26.2	784817
28761	520603200	28.7	784817
28761	523281600	29.8	784817
28761	525960000	28.3	784817
28761	528552000	27.7	784817
28761	531230400	26.7	784817
28761	533822400	25.6	784817
28761	536500800	25.1	784817
28761	539179200	25.4	784817
28761	541598400	26.4	784817
28761	544276800	27.7	784817
28761	546868800	26.9	784817
28761	549547200	26.1	784817
28761	552139200	26.9	784817
28761	554817600	28.1	784817
28761	557496000	26.8	784817
28761	560088000	26.2	784817
28761	562766400	26.4	784817
28762	76248000	26.9	784820
28762	78840000	27.5	784820
28762	81518400	26.9	784820
28762	84196800	27.1	784820
28762	86788800	26.6	784820
28762	89467200	26.5	784820
30346	-107870400	27.5	784090
30346	-105192000	27.7	784090
30346	-102600000	27.1	784090
30347	-126187200	26.3	784390
30347	-123508800	26.7	784390
30348	515332800	24.2	784580
30348	518011200	26.1	784580
30348	520603200	26.4	784580
30348	523281600	26.6	784580
30348	525960000	26.1	784580
30348	528552000	25.6	784580
30348	531230400	24	784580
30348	533822400	24.3	784580
30348	536500800	23.6	784580
30348	539179200	23.8	784580
30348	541598400	23.9	784580
30348	544276800	24.3	784580
30348	546868800	24.6	784580
30348	549547200	25.2	784580
30348	552139200	26	784580
30348	554817600	26.3	784580
30348	557496000	26	784580
30348	560088000	25.6	784580
30348	562766400	24.3	784580
30348	565358400	23.4	784580
30350	568036800	23.4	784817
30350	570715200	23.5	784817
30350	573220800	25.3	784817
30350	575899200	28.2	784817
30350	578491200	29	784817
30350	581169600	30.2	784817
30350	583761600	29.9	784817
30350	586440000	28.9	784817
30350	589118400	27.6	784817
30350	591710400	26.9	784817
30350	594388800	25.5	784817
30350	596980800	24.3	784817
30350	599659200	24.3	784817
30350	602337600	25.3	784817
30350	604756800	26.8	784817
30350	607435200	26.5	784817
30350	610027200	26.3	784817
30350	612705600	26.5	784817
30350	615297600	26.7	784817
30350	617976000	27.2	784817
30350	620654400	27.5	784817
30350	623246400	26.9	784817
30350	625924800	26.9	784817
30350	628516800	25.7	784817
30350	631195200	25.4	784817
30350	633873600	25.3	784817
30350	636292800	26.9	784817
30350	638971200	26.7	784817
30350	641563200	26.8	784817
30350	644241600	27.2	784817
30350	646833600	26.9	784817
30350	649512000	26.7	784817
30350	652190400	26.7	784817
30350	654782400	26.3	784817
30350	657460800	25.4	784817
30350	660052800	23.1	784817
30351	94737600	25.2	784820
30351	97416000	25.1	784820
30351	99835200	26.1	784820
30351	102513600	26.6	784820
30351	105105600	27.1	784820
30351	107784000	27.9	784820
30351	110376000	27.9	784820
30351	113054400	27.7	784820
30351	115732800	27.4	784820
30351	118324800	26.2	784820
30351	121003200	25.6	784820
30351	123595200	24.1	784820
30351	126273600	24.3	784820
30351	128952000	24.3	784820
30351	131371200	25.1	784820
30351	134049600	25.7	784820
30351	136641600	25.5	784820
30351	139320000	26.7	784820
30351	141912000	27.6	784820
30351	144590400	27.8	784820
30351	147268800	26	784820
30351	149860800	25.9	784820
30351	152539200	25.4	784820
30351	155131200	24.7	784820
30351	157809600	24.2	784820
30351	160488000	23.8	784820
30351	162907200	24.7	784820
30351	165585600	26.9	784820
30351	168177600	26.8	784820
30351	170856000	28.3	784820
30351	173448000	28.5	784820
30351	176126400	28.6	784820
30351	178804800	27.7	784820
30351	181396800	26.9	784820
30351	184075200	26.4	784820
30351	186667200	24.5	784820
30351	189345600	23.8	784820
30351	192024000	24.4	784820
30351	194529600	25	784820
30351	197208000	26	784820
30351	199800000	27	784820
30351	202478400	27.2	784820
30351	205070400	28	784820
30351	207748800	27.3	784820
30351	210427200	27.4	784820
30351	213019200	27.2	784820
30351	215697600	27.3	784820
30351	218289600	26.4	784820
30351	220968000	25.5	784820
30351	223646400	25.9	784820
30351	226065600	26.3	784820
30351	228744000	25.9	784820
30351	231336000	26.6	784820
30351	234014400	27.8	784820
30351	236606400	28.5	784820
30351	239284800	28.1	784820
30351	241963200	27.8	784820
30351	244555200	27.3	784820
30351	247233600	26.8	784820
30351	249825600	25.7	784820
30351	252504000	25.1	784820
30351	255182400	25.5	784820
30351	257601600	26.2	784820
30351	260280000	26.2	784820
30351	262872000	27	784820
30351	265550400	27.9	784820
30351	268142400	28.4	784820
30351	270820800	27.8	784820
30351	273499200	27.8	784820
30351	276091200	26.7	784820
30351	278769600	26.2	784820
30351	281361600	25.5	784820
30351	284040000	24.9	784820
30351	286718400	25.2	784820
30351	289137600	25.2	784820
30351	291816000	26.1	784820
30351	294408000	27	784820
30351	297086400	27.1	784820
30351	299678400	27.5	784820
30351	302356800	27.8	784820
30351	305035200	26.7	784820
30351	307627200	27	784820
30351	310305600	26	784820
30351	312897600	25.3	784820
31773	578491200	26.2	784580
31773	581169600	27.3	784580
31773	583761600	27.6	784580
31773	586440000	27	784580
31773	589118400	26.6	784580
31773	591710400	26.4	784580
31773	594388800	25.1	784580
31773	596980800	23.6	784580
31773	599659200	23.2	784580
31773	602337600	23.2	784580
31773	604756800	24.1	784580
31773	607435200	25	784580
31773	610027200	25.9	784580
31773	612705600	26.3	784580
31773	615297600	26.3	784580
31773	617976000	26.4	784580
31773	620654400	26.6	784580
31773	623246400	26.4	784580
31773	625924800	24.8	784580
31773	628516800	23.6	784580
31773	631195200	23	784580
31773	633873600	22.7	784580
31773	636292800	23	784580
31773	638971200	24.2	784580
31773	641563200	25.9	784580
31773	644241600	27.7	784580
31773	646833600	28.1	784580
31773	649512000	28	784580
31773	652190400	28	784580
31773	654782400	26.8	784580
31773	657460800	25.9	784580
31773	660052800	23.8	784580
31775	318254400	24.8	784820
31775	320760000	25.3	784820
31775	323438400	26.4	784820
31775	326030400	27	784820
31775	328708800	28.2	784820
31775	331300800	28.8	784820
31775	333979200	27.8	784820
31775	336657600	27.3	784820
31775	339249600	27.5	784820
33091	-107870400	29	784390
33091	-105192000	28.7	784390
33091	-102600000	27.5	784390
33092	817819200	24.9	784580
33092	820497600	24.9	784580
33092	823176000	24	784580
33094	347198400	24.7	784820
33094	349876800	25.3	784820
33094	352296000	26.1	784820
33094	354974400	26.7	784820
33094	357566400	26.4	784820
33094	360244800	26.4	784820
33094	362836800	27.5	784820
33094	365515200	27.4	784820
33094	368193600	27.1	784820
33094	370785600	26.4	784820
33094	373464000	26.1	784820
33094	376056000	25.7	784820
33094	378734400	25.2	784820
33094	381412800	25.3	784820
33094	383832000	25.9	784820
33094	386510400	26.5	784820
33094	389102400	25.9	784820
33094	391780800	27.2	784820
33094	394372800	27.5	784820
33094	397051200	28.5	784820
33094	399729600	27.5	784820
33094	402321600	26.8	784820
33094	4.05e+08	26.1	784820
33094	407592000	25.2	784820
33094	410270400	25.4	784820
33094	412948800	25.6	784820
33094	415368000	26.4	784820
33094	418046400	26.1	784820
33094	420638400	27	784820
33094	423316800	27.4	784820
33094	425908800	28.6	784820
34304	828360000	25.8	784580
34304	830952000	26.7	784580
34306	431265600	27.9	784820
34306	433857600	27.1	784820
34306	436536000	26.1	784820
34306	439128000	25.7	784820
34306	441806400	25.5	784820
34306	444484800	25.4	784820
34306	446990400	25.9	784820
34306	449668800	26.3	784820
34306	452260800	27.6	784820
34306	454939200	28	784820
34306	457531200	28	784820
34306	460209600	27.6	784820
34306	462888000	27.3	784820
34306	465480000	26.5	784820
34306	468158400	26.6	784820
34306	470750400	25.3	784820
34306	473428800	24.6	784820
34306	476107200	24.6	784820
34306	478526400	25.2	784820
34306	481204800	26.1	784820
34306	483796800	26.7	784820
34306	486475200	28.1	784820
34306	489067200	28.6	784820
34306	491745600	28.5	784820
34306	494424000	27.3	784820
34306	497016000	26.2	784820
34306	499694400	26.3	784820
34306	502286400	25.2	784820
35398	691588800	25.5	784390
35398	694267200	25.7	784390
35399	841579200	27.8	784580
35399	844171200	27.6	784580
35400	507643200	24.6	784820
35400	510062400	25.6	784820
35400	512740800	25.7	784820
35400	515332800	26.2	784820
35400	518011200	27	784820
35400	520603200	28.3	784820
35400	523281600	28.2	784820
36417	702129600	27.3	784390
36417	704721600	26.7	784390
36418	852120000	23.5	784580
36418	854798400	24	784580
36418	857217600	24.7	784580
36418	859896000	25.6	784580
36418	862488000	27.7	784580
36418	865166400	28.7	784580
36418	867758400	28.7	784580
36418	870436800	29.4	784580
36418	873115200	29.5	784580
36418	875707200	27.3	784580
36418	878385600	27.1	784580
36418	880977600	26.7	784580
36418	883656000	25.6	784580
36418	886334400	25.9	784580
36419	528552000	27.6	784820
36419	531230400	26.9	784820
36419	533822400	25.9	784820
36419	536500800	25.2	784820
36419	539179200	25.4	784820
36419	541598400	25.9	784820
36419	544276800	27	784820
36419	546868800	27.3	784820
36419	549547200	27.9	784820
36419	552139200	29.3	784820
36419	554817600	29.5	784820
36419	557496000	28.8	784820
36419	560088000	27.2	784820
36419	562766400	27	784820
36419	565358400	26.1	784820
36419	568036800	25.1	784820
36419	570715200	25.4	784820
36419	573220800	25.8	784820
36419	575899200	26.6	784820
36419	578491200	27.3	784820
36419	581169600	28.1	784820
36419	583761600	28.7	784820
36419	586440000	27.9	784820
36419	589118400	27.3	784820
36419	591710400	27.2	784820
36419	594388800	26.6	784820
36419	596980800	25.7	784820
36419	599659200	25.4	784820
36419	602337600	25.1	784820
36419	604756800	24.7	784820
36419	607435200	25.6	784820
36419	610027200	26.4	784820
36419	612705600	27.9	784820
36419	615297600	27.7	784820
36419	617976000	28.4	784820
36419	620654400	28.1	784820
36419	623246400	27.2	784820
36419	625924800	26.6	784820
36419	628516800	25.5	784820
36419	631195200	25.2	784820
36419	633873600	25.3	784820
36419	636292800	26.1	784820
36419	638971200	26.4	784820
36419	641563200	27.7	784820
36419	644241600	28	784820
36419	646833600	28.5	784820
36419	649512000	29	784820
36419	652190400	28.7	784820
36419	654782400	26.6	784820
36419	657460800	25.9	784820
36419	660052800	25.3	784820
37371	1346500800	27.9	784820
37371	1349092800	27.3	784820
38252	725889600	25.4	784390
38252	728568000	24.6	784390
38253	896702400	28.5	784580
38253	899294400	28.5	784580
38253	901972800	27.3	784580
38253	904651200	28	784580
38253	907243200	27.4	784580
38254	1357041600	25.3	784820
38254	1359720000	25.4	784820
38254	1362139200	26.3	784820
39057	915192000	24.1	784580
39057	917870400	23.5	784580
39057	920289600	24.9	784580
39796	925560000	26.9	784580
39796	928238400	27.5	784580
39796	930830400	27.2	784580
39796	933508800	28.3	784580
39797	1372680000	28	784820
39797	1375358400	28.8	784820
40503	938779200	27.5	784580
40503	941457600	25	784580
40503	944049600	23.6	784580
40503	946728000	22.9	784580
40503	949406400	22.9	784580
40503	951912000	23.4	784580
41148	957182400	25.7	784580
41148	959860800	26.7	784580
41148	962452800	28	784580
41148	965131200	27.6	784580
41148	967809600	27.7	784580
42314	996667200	27.9	784580
42314	999345600	27.9	784580
42843	1004616000	24.9	784580
42843	1007208000	24.4	784580
43789	1030881600	26.9	784580
43789	1033473600	27.2	784580
43789	1036152000	27.2	784580
43789	1038744000	25.4	784580
44615	1051790400	26.8	784580
44615	1054468800	28.4	784580
44615	1057060800	27.8	784580
45353	1070280000	24.5	784580
45353	1072958400	24.5	784580
45353	1075636800	24.1	784580
45353	1078142400	23.8	784580
46778	1343822400	27.8	784580
46778	1346500800	28	784580
46778	1349092800	27.2	784580
46999	1357041600	24.2	784580
46999	1359720000	24.4	784580
46999	1362139200	24	784580
47413	1372680000	27.5	784580
47413	1375358400	28	784580
47769	1388577600	24.5	784580
47769	1391256000	24.7	784580
48214	1414843200	26.3	784580
48214	1417435200	24.6	784580
