group	x	y	clickSelects
1439	-1735646400	-21.3	470140
1439	-1732968000	-18.3	470140
1439	-1730548800	-8.2	470140
1439	-1727870400	4.4	470140
1439	-1725278400	11.5	470140
1439	-1722600000	17.9	470140
1439	-1720008000	22.1	470140
1439	-1717329600	21.1	470140
1439	-1714651200	13.4	470140
1439	-1712059200	7.1	470140
1439	-1709380800	-2.9	470140
1439	-1706788800	-8.2	470140
1439	-1704110400	-17.6	470140
1439	-1701432000	-14.3	470140
1439	-1698926400	-9	470140
1439	-1696248000	4.5	470140
1439	-1693656000	12.7	470140
1439	-1690977600	18.2	470140
1439	-1688385600	21.4	470140
1439	-1685707200	22.4	470140
1439	-1683028800	13.6	470140
1439	-1680436800	5.9	470140
1439	-1677758400	-3.4	470140
1439	-1675166400	-14	470140
1439	-1672488000	-23.3	470140
1439	-1669809600	-16.3	470140
1439	-1667390400	-3.4	470140
1439	-1664712000	6.1	470140
1439	-1662120000	10.7	470140
1439	-1659441600	19.5	470140
1439	-1656849600	23	470140
1439	-1654171200	21.6	470140
1439	-1651492800	14.2	470140
1439	-1648900800	6.4	470140
1439	-1646222400	-5.1	470140
1439	-1643630400	-17.8	470140
1439	-1640952000	-20.9	470140
1439	-1638273600	-11.6	470140
1439	-1635854400	-1.4	470140
1439	-1633176000	7.1	470140
1439	-1630584000	12.4	470140
1439	-1627905600	18	470140
1439	-1625313600	21.7	470140
1439	-1622635200	21.7	470140
1439	-1619956800	13.4	470140
1439	-1617364800	6.4	470140
1439	-1614686400	-5	470140
1439	-1612094400	-17.8	470140
1439	-1609416000	-22.2	470140
1439	-1606737600	-14.3	470140
1439	-1604318400	-1.2	470140
1439	-1601640000	5.3	470140
1439	-1599048000	11.7	470140
1439	-1596369600	18.8	470140
1439	-1593777600	25.4	470140
1439	-1591099200	21.9	470140
1439	-1588420800	13.4	470140
1439	-1585828800	7.2	470140
1439	-1583150400	-2.6	470140
1439	-1580558400	-13.8	470140
1439	-1577880000	-17	470140
1439	-1575201600	-16.2	470140
1439	-1572696000	-1.8	470140
1439	-1570017600	7.7	470140
1439	-1567425600	14.8	470140
1439	-1564747200	18.1	470140
1439	-1562155200	23.4	470140
1439	-1559476800	20.8	470140
1439	-1556798400	13.2	470140
1439	-1554206400	7.7	470140
1439	-1551528000	-1.8	470140
1439	-1548936000	-14.5	470140
1439	-1546257600	-19.9	470140
1439	-1543579200	-14.1	470140
1439	-1541160000	-3.8	470140
1439	-1538481600	5.4	470140
1439	-1535889600	14	470140
1439	-1533211200	19	470140
1439	-1530619200	21.8	470140
1439	-1527940800	21.4	470140
1439	-1525262400	13.8	470140
1439	-1522670400	6	470140
1439	-1519992000	-4.5	470140
1439	-1517400000	-13.9	470140
1439	-1514721600	-26.6	470140
1439	-1512043200	-11.4	470140
1439	-1509624000	-4.6	470140
1439	-1506945600	7.4	470140
1439	-1504353600	12.4	470140
1439	-1501675200	19.2	470140
1439	-1499083200	21.9	470140
1439	-1496404800	21.6	470140
1439	-1493726400	14	470140
1439	-1491134400	8.1	470140
1439	-1488456000	-6.8	470140
1439	-1485864000	-15.5	470140
1439	-1483185600	-21.9	470140
1439	-1480507200	-15.1	470140
1439	-1478088000	-3.1	470140
1439	-1475409600	5.2	470140
1439	-1472817600	14	470140
1439	-1470139200	18.1	470140
1439	-1467547200	21.4	470140
1439	-1464868800	22.1	470140
1439	-1462190400	13.5	470140
1439	-1459598400	6.6	470140
1439	-1456920000	-3.7	470140
1439	-1454328000	-17.2	470140
1439	-1451649600	-18.8	470140
1439	-1448971200	-16.7	470140
1439	-1446465600	-8.3	470140
1439	-1443787200	7.2	470140
1439	-1441195200	13.6	470140
1439	-1438516800	18.8	470140
1439	-1435924800	23.6	470140
1439	-1433246400	23.9	470140
1439	-1430568000	13.5	470140
1439	-1427976000	5.6	470140
1439	-1425297600	-5.8	470140
1439	-1422705600	-18.6	470140
1439	-1420027200	-22.2	470140
1439	-1417348800	-18.6	470140
1439	-1414929600	-8.1	470140
1439	-1412251200	6.9	470140
1439	-1409659200	13.8	470140
1439	-1406980800	19.8	470140
1439	-1404388800	23	470140
1439	-1401710400	20.7	470140
1439	-1399032000	14.3	470140
1439	-1396440000	7	470140
1439	-1393761600	-1.2	470140
1439	-1391169600	-15.8	470140
1439	-1388491200	-20.9	470140
1439	-1385812800	-14.2	470140
1439	-1383393600	-4.2	470140
1439	-1380715200	5.1	470140
1439	-1378123200	16.6	470140
1439	-1375444800	19.1	470140
1439	-1372852800	22.3	470140
1439	-1370174400	21.7	470140
1439	-1367496000	15.4	470140
1439	-1364904000	3.9	470140
1439	-1362225600	-1.9	470140
1439	-1359633600	-17.6	470140
1439	-1356955200	-21.3	470140
1439	-1354276800	-16.9	470140
1439	-1351857600	-5.2	470140
1439	-1349179200	7.9	470140
1439	-1346587200	11	470140
1439	-1343908800	17.1	470140
1439	-1341316800	22.9	470140
1439	-1338638400	21.3	470140
1439	-1335960000	13.8	470140
1439	-1333368000	6.6	470140
1439	-1330689600	-1.9	470140
1439	-1328097600	-17.4	470140
1439	-1325419200	-18.8	470140
1439	-1322740800	-18.2	470140
1439	-1320235200	-2.5	470140
1439	-1317556800	8.4	470140
1439	-1314964800	13.8	470140
1439	-1312286400	17.7	470140
1439	-1309694400	21.9	470140
1439	-1307016000	22.2	470140
1439	-1304337600	14.4	470140
1439	-1301745600	5.8	470140
1439	-1299067200	-5.3	470140
1439	-1296475200	-19.7	470140
1439	-1293796800	-23.1	470140
1439	-1291118400	-16.7	470140
1439	-1288699200	-3.3	470140
1439	-1286020800	6.4	470140
1439	-1283428800	13.4	470140
1439	-1280750400	19.5	470140
1439	-1278158400	22.5	470140
1439	-1275480000	21.2	470140
1439	-1272801600	13.8	470140
1439	-1270209600	6.1	470140
1439	-1267531200	-2.6	470140
1439	-1264939200	-15	470140
1439	-1262260800	-23.7	470140
1439	-1259582400	-12.4	470140
1439	-1257163200	-1.3	470140
1439	-1254484800	8.6	470140
1439	-1251892800	14.9	470140
1439	-1249214400	19.2	470140
1439	-1246622400	23.8	470140
1439	-1243944000	22.7	470140
1439	-1241265600	14.9	470140
1439	-1238673600	6.1	470140
1439	-1235995200	-5.2	470140
1439	-1233403200	-14.7	470140
1439	-1230724800	-19.2	470140
1439	-1228046400	-17.1	470140
1439	-1225627200	-2.7	470140
1439	-1222948800	4.4	470140
1439	-1220356800	13.3	470140
1439	-1217678400	18.1	470140
1439	-1215086400	20.5	470140
1439	-1212408000	21.6	470140
1439	-1209729600	14.7	470140
1439	-1207137600	4.8	470140
1439	-1204459200	-2.7	470140
1439	-1201867200	-17.8	470140
1439	-1199188800	-16.9	470140
1439	-1196510400	-17.4	470140
1439	-1194004800	-5.5	470140
1439	-1191326400	6.2	470140
1439	-1188734400	14.1	470140
1439	-1186056000	19.7	470140
1439	-1183464000	23	470140
1439	-1180785600	21.3	470140
1439	-1178107200	15.4	470140
1439	-1175515200	6.2	470140
1439	-1172836800	-6.3	470140
1439	-1170244800	-12.8	470140
1439	-1167566400	-25.3	470140
1439	-1164888000	-18	470140
1439	-1162468800	-9.1	470140
1439	-1159790400	6.9	470140
1439	-1157198400	14.5	470140
1439	-1154520000	18.8	470140
1439	-1151928000	24.3	470140
1439	-1149249600	21.2	470140
1439	-1146571200	14.7	470140
1439	-1143979200	6.2	470140
1439	-1141300800	-3.4	470140
1439	-1138708800	-11	470140
1439	-1136030400	-20.7	470140
1439	-1133352000	-13.5	470140
1439	-1130932800	-5.5	470140
1439	-1128254400	5	470140
1439	-1125662400	15.2	470140
1439	-1122984000	19	470140
1439	-1120392000	22.3	470140
1439	-1117713600	20.2	470140
1439	-1115035200	14	470140
1439	-1112443200	5.3	470140
1439	-1109764800	-2.9	470140
1439	-1107172800	-12.5	470140
1439	-1104494400	-17.4	470140
1439	-1101816000	-9.7	470140
1439	-1099396800	-1.2	470140
1439	-1096718400	7.7	470140
1439	-1094126400	13.1	470140
1439	-1091448000	17.8	470140
1439	-1088856000	21.7	470140
1439	-1086177600	21.4	470140
1439	-1083499200	14.7	470140
1439	-1080907200	8.4	470140
1439	-1078228800	-4.3	470140
1439	-1075636800	-20.3	470140
1439	-1072958400	-25.2	470140
1439	-1070280000	-19.5	470140
1439	-1067774400	-9.3	470140
1439	-1065096000	5.1	470140
1439	-1062504000	13.4	470140
1439	-1059825600	18.7	470140
1439	-1057233600	21.7	470140
1439	-1054555200	20.4	470140
1439	-1051876800	15.7	470140
1439	-1049284800	6.2	470140
1439	-1046606400	-2.5	470140
1439	-1044014400	-16.4	470140
1439	-1041336000	-21.7	470140
1439	-1038657600	-17.5	470140
1439	-1036238400	-6.1	470140
1439	-1033560000	5.7	470140
1439	-1030968000	13.2	470140
1439	-1028289600	18.9	470140
1439	-1025697600	23.5	470140
1439	-1023019200	22.8	470140
1439	-1020340800	14.7	470140
1439	-1017748800	7.2	470140
1439	-1015070400	-2.9	470140
1439	-1012478400	-18.4	470140
1439	-1009800000	-23.6	470140
1439	-1007121600	-16.6	470140
1439	-1004702400	0.7	470140
1439	-1002024000	8.2	470140
1439	-999432000	14	470140
1439	-996753600	18.9	470140
1439	-994161600	23.7	470140
1439	-991483200	23.3	470140
1439	-988804800	13.2	470140
1439	-986212800	7.9	470140
1439	-983534400	-3	470140
1439	-980942400	-16.5	470140
1439	-978264000	-20.2	470140
1439	-975585600	-15.7	470140
1439	-973166400	-1.7	470140
1439	-970488000	7.6	470140
1439	-967896000	13.2	470140
1439	-965217600	18.1	470140
1439	-962625600	25.4	470140
1439	-959947200	23.8	470140
1439	-957268800	14.9	470140
1439	-954676800	7.6	470140
1439	-951998400	-1.7	470140
1439	-949406400	-13.4	470140
1439	-946728000	-20.3	470140
1439	-944049600	-14.2	470140
1439	-941544000	-1.3	470140
1439	-938865600	6.5	470140
1439	-936273600	14.6	470140
1439	-933595200	17.8	470140
1439	-931003200	22.8	470140
1439	-928324800	19.7	470140
1439	-925646400	14.3	470140
1439	-923054400	9.1	470140
1439	-920376000	-0.4	470140
1439	-917784000	-14.5	470140
1439	-915105600	-19.9	470140
1439	-912427200	-15.7	470140
1439	-910008000	-4.4	470140
1439	-907329600	4.6	470140
1439	-904737600	13.4	470140
1439	-902059200	19.8	470140
1439	-899467200	22	470140
1439	-896788800	20.9	470140
1439	-894110400	14.6	470140
1439	-891518400	7	470140
1439	-888840000	-0.6	470140
1439	-886248000	-13.8	470140
1439	-883569600	-22.2	470140
1439	-880891200	-16.8	470140
1439	-878472000	-0.2	470140
1439	-875793600	6.9	470140
1439	-873201600	12.9	470140
1439	-870523200	20	470140
1439	-867931200	23.1	470140
1439	-865252800	20.9	470140
1439	-862574400	13.4	470140
1439	-859982400	6.4	470140
1439	-857304000	-4.1	470140
1439	-854712000	-13.8	470140
1439	-852033600	-21.8	470140
1439	-849355200	-13.8	470140
1439	-846936000	-0.3	470140
1439	-844257600	6.5	470140
1439	-841665600	15	470140
1439	-838987200	19.1	470140
1439	-836395200	22.3	470140
1439	-833716800	22.9	470140
1439	-831038400	14.6	470140
1439	-828446400	7.7	470140
1439	-825768000	-2.9	470140
1439	-823176000	-12.5	470140
1439	-820497600	-20.5	470140
1439	-817819200	-15.1	470140
1439	-815313600	-0.5	470140
1439	-812635200	6.3	470140
1439	-810043200	13.6	470140
1439	-807364800	18.2	470140
1439	-804772800	22.8	470140
1439	-802094400	20.7	470140
1439	-799416000	15.6	470140
1439	-796824000	6.2	470140
1439	-794145600	-2	470140
1439	-791553600	-17.7	470140
1710	-631108800	-19.3	540940
1710	-628430400	-15.3	540940
1710	-626011200	-3.7	540940
1710	-623332800	9.4	540940
1710	-620740800	14.6	540940
1710	-618062400	19.6	540940
1710	-615470400	23.8	540940
1710	-612792000	24.3	540940
1710	-610113600	14.8	540940
1710	-607521600	4.9	540940
1710	-604843200	-7.9	540940
1710	-602251200	-17.9	540940
1710	-599572800	-20.3	540940
1710	-596894400	-13.4	540940
1710	-594475200	-6.5	540940
1710	-591796800	5.4	540940
1710	-589204800	14.7	540940
1710	-586526400	17.9	540940
1710	-583934400	22.3	540940
1710	-581256000	23.2	540940
1710	-578577600	13.2	540940
1710	-575985600	6.1	540940
1710	-573307200	-3	540940
1710	-570715200	-9.5	540940
1710	-568036800	-15.9	540940
1710	-565358400	-16.5	540940
1710	-562852800	-3.5	540940
1710	-560174400	6.8	540940
1710	-557582400	14.1	540940
1710	-554904000	19.9	540940
1710	-552312000	23	540940
1710	-549633600	21.3	540940
1710	-546955200	14.3	540940
1710	-544363200	7	540940
1710	-541684800	-6.7	540940
1710	-539092800	-17	540940
1710	-536414400	-19.6	540940
1710	-533736000	-13.4	540940
1710	-531316800	-2.3	540940
1710	-528638400	5	540940
1710	-526046400	12.9	540940
1710	-523368000	19.4	540940
1710	-520776000	23.1	540940
1710	-518097600	20.2	540940
1710	-515419200	13.9	540940
1710	-512827200	7.7	540940
1710	-510148800	-8.3	540940
1710	-507556800	-12.4	540940
1710	-504878400	-16.6	540940
1710	-502200000	-12.2	540940
1710	-499780800	-5.9	540940
1710	-497102400	6.9	540940
1710	-494510400	11.7	540940
1710	-491832000	16.9	540940
1710	-489240000	21.3	540940
1710	-486561600	21.9	540940
1710	-483883200	14.8	540940
1710	-481291200	6.6	540940
1710	-478612800	-2.1	540940
1710	-476020800	-18.2	540940
1710	-473342400	-17.3	540940
1710	-470664000	-16.8	540940
1710	-468244800	-7.1	540940
1710	-465566400	4.4	540940
1710	-462974400	12.9	540940
1710	-460296000	19.4	540940
1710	-457704000	23.8	540940
1710	-455025600	22.7	540940
1710	-452347200	16.1	540940
1710	-449755200	6.3	540940
1710	-447076800	-2.6	540940
1710	-444484800	-8.8	540940
1710	-441806400	-17.7	540940
1710	-439128000	-14.4	540940
1710	-436622400	-5.2	540940
1710	-433944000	4.7	540940
1710	-431352000	14.1	540940
1710	-428673600	18.1	540940
1710	-426081600	21.3	540940
1710	-423403200	21.1	540940
1710	-420724800	16.3	540940
1710	-418132800	7.4	540940
1710	-415454400	-7.7	540940
1710	-412862400	-18.7	540940
1710	-410184000	-17	540940
1710	-407505600	-16.3	540940
1710	-405086400	-7.8	540940
1710	-402408000	7.3	540940
1710	-399816000	14.7	540940
1710	-397137600	18.9	540940
1710	-394545600	21.3	540940
1710	-391867200	20.3	540940
1710	-389188800	12.9	540940
1710	-386596800	7	540940
1710	-383918400	-1.4	540940
1710	-381326400	-15.3	540940
1710	-378648000	-19.1	540940
1710	-375969600	-15.5	540940
1710	-373550400	-6.4	540940
1710	-370872000	5.8	540940
1710	-368280000	13.2	540940
1710	-365601600	19.4	540940
1710	-363009600	23.8	540940
1710	-360331200	20.6	540940
1710	-357652800	14.9	540940
1710	-355060800	5.3	540940
1710	-352382400	-3.7	540940
1710	-349790400	-12.5	540940
1710	-347112000	-19.7	540940
1710	-344433600	-9.5	540940
1710	-342014400	-0.1	540940
1710	-339336000	7.3	540940
1710	-336744000	14.8	540940
1710	-334065600	17.7	540940
1710	-331473600	21.7	540940
1710	-328795200	22.1	540940
1710	-326116800	15.9	540940
1710	-323524800	8.1	540940
1710	-320846400	-4.6	540940
1710	-318254400	-13.3	540940
1710	-315576000	-18.8	540940
1710	-312897600	-8.7	540940
1710	-310392000	-3.9	540940
1710	-307713600	4.9	540940
1710	-305121600	11.9	540940
1710	-302443200	18.1	540940
1710	-299851200	22.4	540940
1710	-297172800	21.1	540940
1710	-294494400	16	540940
1710	-291902400	6.3	540940
1710	-289224000	-4.1	540940
1710	-286632000	-15.3	540940
1710	-283953600	-18.1	540940
1710	-281275200	-12.3	540940
1710	-278856000	-3.1	540940
1710	-276177600	6.8	540940
1710	-273585600	13.5	540940
1710	-270907200	19.9	540940
1710	-268315200	23.6	540940
1710	-265636800	22.2	540940
1710	-262958400	15.4	540940
1710	-260366400	5.9	540940
1710	-257688000	-2.1	540940
1710	-255096000	-12.7	540940
1710	-252417600	-15.6	540940
1710	-249739200	-13.5	540940
1710	-247320000	-5.6	540940
1710	-244641600	6.2	540940
1710	-242049600	13.9	540940
1710	-239371200	18.9	540940
1710	-236779200	22.6	540940
1710	-234100800	21.2	540940
1710	-231422400	15	540940
1710	-228830400	4.8	540940
1710	-226152000	-6.6	540940
1710	-223560000	-12.1	540940
1710	-220881600	-21.3	540940
1710	-218203200	-16	540940
1710	-215784000	-3.3	540940
1710	-213105600	7.2	540940
1710	-210513600	15.3	540940
1710	-207835200	19.4	540940
1710	-205243200	22	540940
1710	-202564800	22	540940
1710	-199886400	14.1	540940
1710	-197294400	5.2	540940
1710	-194616000	-6	540940
1710	-192024000	-14.1	540940
1710	-189345600	-17.4	540940
1710	-186667200	-18.2	540940
1710	-184161600	-3.2	540940
1710	-181483200	6.5	540940
1710	-178891200	15.2	540940
1710	-176212800	18.1	540940
1710	-173620800	20.9	540940
1710	-170942400	21.2	540940
1710	-168264000	12.2	540940
1710	-165672000	5.5	540940
1710	-162993600	-6.1	540940
1710	-160401600	-15.2	540940
1710	-157723200	-19.3	540940
1710	-155044800	-17.1	540940
1710	-152625600	-5.8	540940
1710	-149947200	3.9	540940
1710	-147355200	12.5	540940
1710	-144676800	19.9	540940
1710	-142084800	21.2	540940
1710	-139406400	20.4	540940
1710	-136728000	14.6	540940
1710	-134136000	6.7	540940
1710	-131457600	-5.6	540940
1710	-128865600	-18.1	540940
1710	-126187200	-19.1	540940
1710	-123508800	-13	540940
1710	-121089600	-4.5	540940
1710	-118411200	4.7	540940
1710	-115819200	14.4	540940
1710	-113140800	18.9	540940
1710	-110548800	21.5	540940
1710	-107870400	21.4	540940
1710	-105192000	12.4	540940
1710	-102600000	7.7	540940
1710	-99921600	-4.2	540940
1710	-97329600	-16	540940
1710	-94651200	-15	540940
1710	-91972800	-12.2	540940
1710	-89553600	-2.9	540940
1710	-86875200	6.2	540940
1710	-84283200	15.8	540940
1710	-81604800	17.5	540940
1710	-79012800	22.4	540940
1710	-76334400	22.2	540940
1710	-73656000	13.7	540940
1710	-71064000	6.8	540940
1710	-68385600	-6.7	540940
1710	-65793600	-18.7	540940
1710	-63115200	-19.4	540940
1710	-60436800	-16	540940
1710	-57931200	-2	540940
1710	-55252800	8.7	540940
1710	-52660800	13.4	540940
1710	-49982400	18.5	540940
1710	-47390400	21.9	540940
1710	-44712000	19.6	540940
1710	-42033600	14	540940
1710	-39441600	5	540940
1710	-36763200	-6.7	540940
1710	-34171200	-12.2	540940
1710	-31492800	-18.4	540940
1710	-28814400	-16.4	540940
1710	-26395200	-5.4	540940
1710	-23716800	5.4	540940
1710	-21124800	11.9	540940
1710	-18446400	16.1	540940
1710	-15854400	22.4	540940
1710	-13176000	20.9	540940
1710	-10497600	13.3	540940
1710	-7905600	5.8	540940
1710	-5227200	-7.3	540940
1710	-2635200	-18.1	540940
1710	43200	-21.1	540940
1710	2721600	-13.5	540940
1710	5140800	-9.1	540940
1710	7819200	6.8	540940
1710	10411200	15.1	540940
1710	13089600	20.1	540940
1710	15681600	22.6	540940
1710	18360000	21.3	540940
1710	21038400	14.8	540940
1710	23630400	5.6	540940
1710	26308800	-3.7	540940
1710	28900800	-14.2	540940
1710	31579200	-15.4	540940
1710	34257600	-13.7	540940
1710	36676800	-6.5	540940
1710	39355200	5.8	540940
1710	41947200	13.1	540940
1710	44625600	19	540940
1710	47217600	20.9	540940
1710	49896000	19.5	540940
1710	52574400	13.8	540940
1710	55166400	5.9	540940
1710	57844800	-2	540940
1710	60436800	-11.6	540940
1710	63115200	-14.7	540940
1710	65793600	-16.2	540940
1710	68299200	-2.1	540940
1710	70977600	6.6	540940
1710	73569600	13	540940
1710	76248000	18.2	540940
1710	78840000	23.5	540940
1710	81518400	19	540940
1710	84196800	12.9	540940
1710	86788800	5.8	540940
1710	89467200	-7.8	540940
1710	92059200	-15	540940
1710	94737600	-16.2	540940
1710	97416000	-11.8	540940
1710	99835200	-5	540940
1710	102513600	6	540940
1710	105105600	13.1	540940
1710	107784000	19.8	540940
1710	110376000	24.4	540940
1710	113054400	22	540940
1710	115732800	15.1	540940
1710	118324800	4.9	540940
1710	121003200	-3.7	540940
1710	123595200	-12.8	540940
1710	126273600	-15.6	540940
1710	128952000	-13.6	540940
1710	131371200	-4.2	540940
1710	134049600	6	540940
1710	136641600	13.7	540940
1710	139320000	16.8	540940
1710	141912000	22.9	540940
1710	144590400	21.6	540940
1710	147268800	14.8	540940
1710	149860800	4	540940
1710	152539200	-5.2	540940
1710	155131200	-15.3	540940
1710	157809600	-14.3	540940
1710	160488000	-12.3	540940
1710	162907200	-2.7	540940
1710	165585600	9.7	540940
1710	168177600	15	540940
1710	170856000	19.7	540940
1710	173448000	21.9	540940
1710	176126400	21.7	540940
1710	178804800	16.2	540940
1710	181396800	6.4	540940
1710	184075200	-2.1	540940
1710	186667200	-15.7	540940
1710	189345600	-16.4	540940
1710	192024000	-11	540940
1710	194529600	-3.2	540940
1710	197208000	5.6	540940
1710	199800000	13.8	540940
1710	202478400	17.5	540940
1710	205070400	22.7	540940
1710	207748800	19.5	540940
1710	210427200	14	540940
1710	213019200	4.7	540940
1710	215697600	-9.8	540940
1710	218289600	-18	540940
1710	220968000	-23.3	540940
1710	223646400	-15.9	540940
1710	226065600	-2.1	540940
1710	228744000	6	540940
1710	231336000	16.1	540940
1710	234014400	18.5	540940
1710	236606400	24	540940
1710	239284800	20.5	540940
1710	241963200	14.9	540940
1710	244555200	7.1	540940
1710	247233600	-3.7	540940
1710	249825600	-15.6	540940
1710	252504000	-19.3	540940
1710	255182400	-17.1	540940
1710	257601600	-2.8	540940
1710	260280000	6.5	540940
1710	262872000	13.3	540940
1710	265550400	22.1	540940
1710	268142400	23.9	540940
1710	270820800	21.3	540940
1710	273499200	15.1	540940
1710	276091200	4.5	540940
1710	278769600	-2.5	540940
1710	281361600	-14	540940
1710	284040000	-16.7	540940
1710	286718400	-12.6	540940
1710	289137600	-2.8	540940
1710	291816000	4.4	540940
1710	294408000	14.5	540940
1710	297086400	20	540940
1710	299678400	22.7	540940
1710	302356800	20.6	540940
1710	305035200	14.2	540940
1710	307627200	7.4	540940
1710	310305600	-6	540940
1710	312897600	-11.9	540940
1710	315576000	-20.9	540940
1710	318254400	-13.9	540940
1710	320760000	-2.9	540940
1710	323438400	3.8	540940
1710	326030400	14.2	540940
1710	328708800	21.2	540940
1710	331300800	21.9	540940
1710	333979200	21.6	540940
1710	336657600	13.8	540940
1710	339249600	4.7	540940
1710	341928000	-4.1	540940
1710	344520000	-16.2	540940
1710	347198400	-18	540940
1710	349876800	-12.7	540940
1710	352296000	-3.7	540940
1710	354974400	8.7	540940
1710	357566400	13.4	540940
1710	360244800	18.4	540940
1710	362836800	23.7	540940
1710	365515200	20.4	540940
1710	368193600	14.6	540940
1710	370785600	6.1	540940
1710	373464000	-7.2	540940
1710	376056000	-10.8	540940
1710	378734400	-15.2	540940
1710	381412800	-10	540940
1710	383832000	-2.4	540940
1710	386510400	9.6	540940
1710	389102400	14.5	540940
1710	391780800	20.6	540940
1710	394372800	22.7	540940
1710	397051200	24	540940
1710	399729600	14.3	540940
1710	402321600	7.1	540940
1710	4.05e+08	-3.6	540940
1710	407592000	-12.3	540940
1710	410270400	-13.8	540940
1710	412948800	-12.8	540940
1710	415368000	-1.7	540940
1710	418046400	9.7	540940
1710	420638400	14	540940
1710	423316800	16	540940
1710	425908800	20.7	540940
1710	428587200	22.3	540940
1710	431265600	16.5	540940
1710	433857600	5.2	540940
1710	436536000	-4	540940
1710	439128000	-13.9	540940
1710	441806400	-17.3	540940
1710	444484800	-14	540940
1710	446990400	-6.2	540940
1710	449668800	5.9	540940
1710	452260800	15.7	540940
1710	454939200	19.6	540940
1710	457531200	22.7	540940
1710	460209600	22.1	540940
1710	462888000	14.2	540940
1710	465480000	4.1	540940
1710	468158400	-3.3	540940
1710	470750400	-13.3	540940
1710	473428800	-18.8	540940
1710	476107200	-11.5	540940
1710	478526400	-3.9	540940
1710	481204800	7.9	540940
1710	483796800	15.4	540940
1710	486475200	19.6	540940
1710	489067200	22.4	540940
1710	491745600	23	540940
1710	494424000	14.7	540940
1710	497016000	6.8	540940
1710	499694400	-4.7	540940
1710	502286400	-16.1	540940
1710	504964800	-17.6	540940
1710	507643200	-12	540940
1710	510062400	-2.6	540940
1710	512740800	6.2	540940
1710	515332800	13.6	540940
1710	518011200	19.3	540940
1710	520603200	21.2	540940
1710	523281600	20.5	540940
1710	525960000	15	540940
1710	528552000	4.5	540940
1710	531230400	-4.1	540940
1710	533822400	-12.3	540940
1710	536500800	-18.7	540940
1710	539179200	-12.3	540940
1710	541598400	-4.8	540940
1710	544276800	6.2	540940
1710	546868800	14.3	540940
1710	549547200	19.9	540940
1710	552139200	21.6	540940
1710	554817600	21.5	540940
1710	557496000	14.5	540940
1710	560088000	7.3	540940
1710	562766400	-6.2	540940
1710	565358400	-12	540940
1710	568036800	-12.9	540940
1710	570715200	-13.1	540940
1710	573220800	-4.1	540940
1710	575899200	6.5	540940
1710	578491200	12.7	540940
1710	581169600	19.9	540940
1710	583761600	21.8	540940
1710	586440000	23.7	540940
1710	589118400	15.9	540940
1710	591710400	6.9	540940
1710	594388800	-3.6	540940
1710	596980800	-13.3	540940
1710	599659200	-14.8	540940
1710	602337600	-9.4	540940
1710	604756800	-0.6	540940
1710	607435200	8.4	540940
1710	610027200	13.6	540940
1710	612705600	18.7	540940
1710	615297600	22	540940
1710	617976000	22	540940
1710	620654400	14.6	540940
1710	623246400	7.4	540940
1710	625924800	-3	540940
1710	628516800	-12.3	540940
1710	631195200	-19.2	540940
1710	633873600	-8.7	540940
1710	636292800	1.7	540940
1710	638971200	6.6	540940
1710	641563200	14.4	540940
1710	644241600	19.2	540940
1710	646833600	22.4	540940
1710	649512000	21.8	540940
1710	652190400	15.3	540940
1710	654782400	8.9	540940
1710	657460800	-1	540940
1710	660052800	-12.1	540940
1710	662731200	-17.6	540940
1710	665409600	-12.8	540940
1710	667828800	-4.2	540940
1710	670507200	7	540940
1710	673099200	14.5	540940
1710	675777600	19.3	540940
1710	678369600	21.7	540940
1710	681048000	22.7	540940
1710	683726400	15.6	540940
1710	686318400	7.5	540940
1710	688996800	-2.6	540940
1710	691588800	-13.1	540940
1710	694267200	-12	540940
1710	696945600	-9.6	540940
1710	699451200	-1.4	540940
1710	702129600	7	540940
1710	704721600	13.5	540940
1710	707400000	17.9	540940
1710	709992000	22.8	540940
1710	712670400	21.2	540940
1710	715348800	13.8	540940
1710	717940800	7.3	540940
1710	720619200	-4.9	540940
1710	723211200	-13	540940
1710	725889600	-15.8	540940
1710	728568000	-9.2	540940
1710	730987200	-1	540940
1710	733665600	6.1	540940
1710	736257600	14.6	540940
1710	738936000	17.8	540940
1710	741528000	22.2	540940
1710	744206400	19.8	540940
1710	746884800	15.2	540940
1710	749476800	6	540940
1710	752155200	-4.1	540940
1710	754747200	-12.7	540940
1710	757425600	-17.9	540940
1710	760104000	-10.3	540940
1710	762523200	-3.6	540940
1710	765201600	7.8	540940
1710	767793600	13.2	540940
1710	770472000	20.8	540940
1710	773064000	24.4	540940
1710	775742400	22.9	540940
1710	778420800	16	540940
1710	781012800	7.1	540940
1710	783691200	-1.6	540940
1710	786283200	-11.9	540940
1710	788961600	-12.4	540940
1710	791640000	-8.5	540940
1710	794059200	-1.5	540940
1710	796737600	6.7	540940
1710	799329600	12.6	540940
1710	802008000	19.7	540940
1710	804600000	23	540940
1710	807278400	21.6	540940
1710	809956800	14.4	540940
1710	812548800	8.4	540940
1710	815227200	-2	540940
1710	817819200	-10.4	540940
1710	820497600	-13.9	540940
1710	823176000	-9.6	540940
1710	825681600	-2.1	540940
1710	828360000	7	540940
1710	830952000	15.6	540940
1710	833630400	20.1	540940
1710	836222400	23	540940
1710	838900800	20.8	540940
1710	841579200	14.8	540940
1710	844171200	5.3	540940
1710	846849600	-5	540940
1710	849441600	-13.5	540940
1710	852120000	-18	540940
1710	854798400	-10.8	540940
1710	857217600	-2.4	540940
1710	859896000	7.6	540940
1710	862488000	13.7	540940
1710	865166400	20.2	540940
1710	867758400	24.9	540940
1710	870436800	22.8	540940
1710	873115200	13.9	540940
1710	875707200	5.1	540940
1710	878385600	-1.9	540940
1710	880977600	-11.1	540940
1710	883656000	-16.6	540940
1710	886334400	-7	540940
1710	888753600	0.6	540940
1710	891432000	11.9	540940
1710	894024000	16.4	540940
1710	896702400	20.8	540940
1710	899294400	22.4	540940
1710	901972800	21.3	540940
1710	904651200	16.9	540940
1710	907243200	9.6	540940
1710	909921600	-6.5	540940
1710	912513600	-10.8	540940
1710	915192000	-12.9	540940
1710	917870400	-9.3	540940
1710	920289600	-5.6	540940
1710	922968000	7.7	540940
1710	925560000	12.8	540940
1710	928238400	19.8	540940
1710	930830400	25.5	540940
1710	933508800	22.5	540940
1710	936187200	15.8	540940
1710	938779200	5.9	540940
1710	941457600	-3.1	540940
1710	944049600	-12.7	540940
1710	946728000	-19	540940
1710	949406400	-13.1	540940
1710	951912000	-2.3	540940
1710	954590400	6.7	540940
1710	957182400	15.5	540940
1710	959860800	21.9	540940
1710	962452800	23.8	540940
1710	965131200	23.6	540940
1710	967809600	16	540940
1710	970401600	5.9	540940
1710	973080000	-6.4	540940
1710	975672000	-17.4	540940
1710	978350400	-21.5	540940
1710	981028800	-15	540940
1710	983448000	-3.9	540940
1710	986126400	8.2	540940
1710	988718400	15.6	540940
1710	991396800	20.6	540940
1710	993988800	23.1	540940
1710	996667200	21.8	540940
1710	999345600	15.7	540940
1710	1001937600	8.6	540940
1710	1004616000	-1.3	540940
1710	1007208000	-12.5	540940
1710	1009886400	-14.3	540940
1710	1012564800	-7.7	540940
1710	1014984000	0.9	540940
1710	1017662400	8.6	540940
1710	1020254400	16	540940
1710	1022932800	18.8	540940
1710	1025524800	22.7	540940
1710	1028203200	20.4	540940
1710	1030881600	15.5	540940
1710	1033473600	5	540940
1710	1036152000	-7.8	540940
1710	1038744000	-12.9	540940
1710	1041422400	-14.3	540940
1710	1044100800	-8.6	540940
1710	1046520000	-1	540940
1710	1049198400	9	540940
1710	1051790400	15.3	540940
1710	1054468800	21.2	540940
1710	1057060800	21.2	540940
1710	1059739200	21.2	540940
1710	1062417600	16.8	540940
1710	1065009600	7	540940
1710	1067688000	-3.7	540940
1710	1070280000	-13.1	540940
1710	1072958400	-15.3	540940
1710	1075636800	-9.9	540940
1710	1078142400	-2.3	540940
1710	1080820800	7.5	540940
1710	1083412800	14.8	540940
1710	1086091200	21.7	540940
1710	1088683200	22.1	540940
1710	1091361600	21.1	540940
1710	1094040000	16.3	540940
1710	1096632000	8.3	540940
1710	1099310400	-1.1	540940
1710	1101902400	-14.3	540940
1710	1104580800	-15.8	540940
1710	1107259200	-15.3	540940
1710	1109678400	-3.8	540940
1710	1112356800	7.5	540940
1710	1114948800	12.7	540940
1710	1117627200	21.6	540940
1710	1120219200	22.8	540940
1710	1122897600	22	540940
1710	1125576000	16.1	540940
1710	1128168000	7.6	540940
1710	1130846400	-1.1	540940
1710	1133438400	-15.6	540940
1710	1136116800	-16.3	540940
1710	1138795200	-10.6	540940
1710	1141214400	-2.7	540940
1710	1143892800	5.5	540940
1710	1146484800	15.8	540940
1710	1149163200	19.5	540940
1710	1151755200	23.4	540940
1710	1154433600	23.3	540940
1710	1157112000	16.6	540940
1710	1159704000	8.1	540940
1710	1162382400	-3.2	540940
1710	1164974400	-11	540940
1710	1167652800	-11	540940
1710	1170331200	-6.5	540940
1710	1172750400	-3.5	540940
1710	1175428800	6.8	540940
1710	1178020800	14.4	540940
1710	1180699200	22.4	540940
1710	1183291200	21.8	540940
1710	1185969600	22.9	540940
1710	1188648000	16.4	540940
1710	1191240000	7.1	540940
1710	1193918400	-3.5	540940
1710	1196510400	-9.2	540940
1710	1199188800	-16.5	540940
1710	1201867200	-10	540940
1710	1204372800	2.2	540940
1710	1207051200	11.1	540940
1710	1209643200	12.8	540940
1710	1212321600	20.8	540940
1710	1214913600	24.2	540940
1710	1217592000	22.1	540940
1710	1220270400	15.9	540940
1710	1222862400	8.6	540940
1710	1225540800	-3	540940
1710	1228132800	-9.8	540940
1710	1230811200	-14.7	540940
1710	1233489600	-11.7	540940
1710	1235908800	-3.5	540940
1710	1238587200	8.3	540940
1710	1241179200	17.1	540940
1710	1243857600	18.2	540940
1710	1246449600	21.9	540940
1710	1249128000	21.8	540940
1710	1251806400	15.3	540940
1710	1254398400	7	540940
1710	1257076800	-6.3	540940
1710	1259668800	-15.6	540940
1710	1262347200	-15.7	540940
1710	1265025600	-13.7	540940
1710	1267444800	-7.1	540940
1710	1270123200	3.9	540940
1710	1272715200	15.4	540940
1710	1275393600	24	540940
1710	1277985600	23.5	540940
1710	1280664000	22.6	540940
1710	1283342400	15.9	540940
1710	1285934400	6.6	540940
1710	1288612800	-3.6	540940
1710	1291204800	-15	540940
1710	1293883200	-18.5	540940
1710	1296561600	-10.4	540940
1710	1298980800	-2.8	540940
1710	1301659200	6.4	540940
1710	1304251200	13.6	540940
1710	1306929600	19.4	540940
1710	1309521600	24	540940
1710	1312200000	23.1	540940
1710	1314878400	15.7	540940
1710	1317470400	8	540940
1710	1320148800	-3.2	540940
1710	1322740800	-15.1	540940
1710	1325419200	-17.7	540940
1710	1328097600	-12.9	540940
1710	1330603200	-3.7	540940
1710	1333281600	7	540940
1710	1335873600	15.4	540940
1710	1338552000	20.3	540940
1710	1341144000	23.3	540940
1710	1343822400	21.7	540940
1710	1346500800	16.7	540940
1710	1349092800	6.3	540940
1710	1351771200	-3.1	540940
1710	1354363200	-17.3	540940
1716	-1924948800	-15.4	541610
1716	-1922270400	-12.5	541610
1716	-1919851200	-6.8	541610
1716	-1917172800	4	541610
1716	-1914580800	14.1	541610
1716	-1911902400	18.6	541610
1716	-1909310400	23.2	541610
1716	-1906632000	21.9	541610
1716	-1903953600	14.2	541610
1716	-1901361600	5.1	541610
1716	-1898683200	-2.8	541610
1716	-1896091200	-15	541610
1716	-1893412800	-18.8	541610
1716	-1890734400	-14.6	541610
1716	-1888315200	-6.6	541610
1716	-1885636800	6.6	541610
1716	-1883044800	14.9	541610
1716	-1880366400	18.8	541610
1716	-1877774400	23.5	541610
1716	-1875096000	21.1	541610
1716	-1872417600	13.9	541610
1716	-1869825600	7.9	541610
1716	-1867147200	-4.8	541610
1716	-1864555200	-16.2	541610
1716	-1861876800	-17.8	541610
1716	-1859198400	-13	541610
1716	-1856779200	-6.4	541610
1716	-1854100800	5.2	541610
1716	-1851508800	14.1	541610
1716	-1848830400	19.1	541610
1716	-1846238400	22	541610
1716	-1843560000	21.3	541610
1716	-1840881600	15.9	541610
1716	-1838289600	5.6	541610
1716	-1835611200	-2	541610
1716	-1833019200	-13.1	541610
1716	-1830340800	-13.5	541610
1716	-1827662400	-8.2	541610
1716	-1825156800	-4.1	541610
1716	-1822478400	6.4	541610
1716	-1819886400	12.3	541610
1716	-1817208000	19.6	541610
1716	-1814616000	22.7	541610
1716	-1811937600	21.6	541610
1716	-1809259200	12.5	541610
1716	-1806667200	3	541610
1716	-1803988800	-7.4	541610
1716	-1801396800	-15.8	541610
1716	-1798718400	-18.6	541610
1716	-1796040000	-13.9	541610
1716	-1793620800	-4.9	541610
1716	-1790942400	7.9	541610
1716	-1788350400	14	541610
1716	-1785672000	18.1	541610
1716	-1783080000	21.3	541610
1716	-1780401600	21.6	541610
1716	-1777723200	14.4	541610
1716	-1775131200	6	541610
1716	-1772452800	-3.3	541610
1716	-1769860800	-14.3	541610
1716	-1767182400	-12	541610
1716	-1764504000	-10.5	541610
1716	-1762084800	-3.7	541610
1716	-1759406400	8.6	541610
1716	-1756814400	16.9	541610
1716	-1754136000	20.6	541610
1716	-1751544000	22.7	541610
1716	-1748865600	22.2	541610
1716	-1746187200	14.9	541610
1716	-1743595200	8.4	541610
1716	-1740916800	-8.3	541610
1716	-1738324800	-15.2	541610
1716	-1735646400	-21.1	541610
1716	-1732968000	-16.5	541610
1716	-1730548800	-8.7	541610
1716	-1727870400	3	541610
1716	-1725278400	12.5	541610
1716	-1722600000	18.5	541610
1716	-1720008000	23.3	541610
1716	-1717329600	20.9	541610
1716	-1714651200	14	541610
1716	-1712059200	6.2	541610
1716	-1709380800	-3	541610
1716	-1706788800	-9.8	541610
1716	-1704110400	-14.3	541610
1716	-1701432000	-13.4	541610
1716	-1698926400	-8.3	541610
1716	-1696248000	4.4	541610
1716	-1693656000	13.8	541610
1716	-1690977600	19.2	541610
1716	-1688385600	23.3	541610
1716	-1685707200	23.5	541610
1716	-1683028800	14	541610
1716	-1680436800	7.1	541610
1716	-1677758400	-2.8	541610
1716	-1675166400	-14.6	541610
1716	-1672488000	-20.6	541610
1716	-1669809600	-13.8	541610
1716	-1667390400	-2.7	541610
1716	-1664712000	6.7	541610
1716	-1662120000	12.3	541610
1716	-1659441600	23.2	541610
1716	-1656849600	23.4	541610
1716	-1654171200	21.7	541610
1716	-1651492800	14.7	541610
1716	-1648900800	6.3	541610
1716	-1646222400	-6.2	541610
1716	-1643630400	-18	541610
1716	-1640952000	-18.7	541610
1716	-1638273600	-11.5	541610
1716	-1635854400	-0.8	541610
1716	-1633176000	6.9	541610
1716	-1630584000	13.6	541610
1716	-1627905600	18.9	541610
1716	-1625313600	22.4	541610
1716	-1622635200	21.7	541610
1716	-1619956800	14.6	541610
1716	-1617364800	6.8	541610
1716	-1614686400	-5.4	541610
1716	-1612094400	-15.4	541610
1716	-1609416000	-20.4	541610
1716	-1606737600	-10	541610
1716	-1604318400	-2.7	541610
1716	-1601640000	4.7	541610
1716	-1599048000	12.9	541610
1716	-1596369600	19.6	541610
1716	-1593777600	27.5	541610
1716	-1591099200	22.7	541610
1716	-1588420800	15.5	541610
1716	-1585828800	7	541610
1716	-1583150400	-4.6	541610
1716	-1580558400	-13.7	541610
1716	-1577880000	-14.5	541610
1716	-1575201600	-17	541610
1716	-1572696000	-0.3	541610
1716	-1570017600	9	541610
1716	-1567425600	17.5	541610
1716	-1564747200	19.6	541610
1716	-1562155200	25.3	541610
1716	-1559476800	21.9	541610
1716	-1556798400	13.4	541610
1716	-1554206400	7.4	541610
1716	-1551528000	-3.2	541610
1716	-1548936000	-13.1	541610
1716	-1546257600	-13.1	541610
1716	-1543579200	-10.5	541610
1716	-1541160000	-4.1	541610
1716	-1538481600	6.8	541610
1716	-1535889600	15.2	541610
1716	-1533211200	20.2	541610
1716	-1530619200	22.6	541610
1716	-1527940800	22.3	541610
1716	-1525262400	14.3	541610
1716	-1522670400	6.4	541610
1716	-1519992000	-6.2	541610
1716	-1517400000	-12.7	541610
1716	-1514721600	-22.8	541610
1716	-1512043200	-7.7	541610
1716	-1509624000	-3.9	541610
1716	-1506945600	8.6	541610
1716	-1504353600	13.9	541610
1716	-1501675200	21.6	541610
1716	-1499083200	23.2	541610
1716	-1496404800	21.3	541610
1716	-1493726400	14	541610
1716	-1491134400	8.6	541610
1716	-1488456000	-8.2	541610
1716	-1485864000	-12.7	541610
1716	-1483185600	-17.9	541610
1716	-1480507200	-12.5	541610
1716	-1478088000	-1.7	541610
1716	-1475409600	5.2	541610
1716	-1472817600	14.5	541610
1716	-1470139200	19.7	541610
1716	-1467547200	22.7	541610
1716	-1464868800	21.9	541610
1716	-1462190400	13.6	541610
1716	-1459598400	5.3	541610
1716	-1456920000	-6.2	541610
1716	-1454328000	-13.8	541610
1716	-1451649600	-17.3	541610
1716	-1448971200	-15	541610
1716	-1446465600	-5.4	541610
1716	-1443787200	5.8	541610
1716	-1441195200	14	541610
1716	-1438516800	21.9	541610
1716	-1435924800	24.1	541610
1716	-1433246400	22.5	541610
1716	-1430568000	15.7	541610
1716	-1427976000	5.7	541610
1716	-1425297600	-5.1	541610
1716	-1422705600	-13.3	541610
1716	-1420027200	-17.2	541610
1716	-1417348800	-13.5	541610
1716	-1414929600	-5.2	541610
1716	-1412251200	7.9	541610
1716	-1409659200	14.9	541610
1716	-1406980800	21.8	541610
1716	-1404388800	23.1	541610
1716	-1401710400	21.2	541610
1716	-1399032000	15.7	541610
1716	-1396440000	7.4	541610
1716	-1393761600	-1.2	541610
1716	-1391169600	-12.8	541610
1716	-1388491200	-17.2	541610
1716	-1385812800	-11.2	541610
1716	-1383393600	-3.6	541610
1716	-1380715200	5.6	541610
1716	-1378123200	17.8	541610
1716	-1375444800	21	541610
1716	-1372852800	24	541610
1716	-1370174400	22.1	541610
1716	-1367496000	15.9	541610
1716	-1364904000	4.3	541610
1716	-1362225600	-3.3	541610
1716	-1359633600	-16.3	541610
1716	-1356955200	-15.3	541610
1716	-1354276800	-12.4	541610
1716	-1351857600	-4.1	541610
1716	-1349179200	8.8	541610
1716	-1346587200	12.4	541610
1716	-1343908800	20.4	541610
1716	-1341316800	23.5	541610
1716	-1338638400	21.2	541610
1716	-1335960000	16.4	541610
1716	-1333368000	7.1	541610
1716	-1330689600	-2.1	541610
1716	-1328097600	-14.6	541610
1716	-1325419200	-17	541610
1716	-1322740800	-13.8	541610
1716	-1320235200	-2.6	541610
1716	-1317556800	7.8	541610
1716	-1314964800	13.9	541610
1716	-1312286400	19.5	541610
1716	-1309694400	23	541610
1716	-1307016000	22.5	541610
1716	-1304337600	16	541610
1716	-1301745600	5.4	541610
1716	-1299067200	-4.1	541610
1716	-1296475200	-14	541610
1716	-1293796800	-17.7	541610
1716	-1291118400	-14.4	541610
1716	-1288699200	-2.9	541610
1716	-1286020800	5.7	541610
1716	-1283428800	14.2	541610
1716	-1280750400	21.1	541610
1716	-1278158400	23.8	541610
1716	-1275480000	21.5	541610
1716	-1272801600	14.1	541610
1716	-1270209600	7	541610
1716	-1267531200	-2.5	541610
1716	-1264939200	-13.1	541610
1716	-1262260800	-16.1	541610
1716	-1259582400	-10.2	541610
1716	-1257163200	-0.1	541610
1716	-1254484800	8.7	541610
1716	-1251892800	15.6	541610
1716	-1249214400	20.5	541610
1716	-1246622400	24.6	541610
1716	-1243944000	22.2	541610
1716	-1241265600	15.6	541610
1716	-1238673600	7.8	541610
1716	-1235995200	-6.9	541610
1716	-1233403200	-13.4	541610
1716	-1230724800	-18.2	541610
1716	-1228046400	-17.2	541610
1716	-1225627200	-2.4	541610
1716	-1222948800	4.5	541610
1716	-1220356800	13.6	541610
1716	-1217678400	19.3	541610
1716	-1215086400	22.2	541610
1716	-1212408000	22.1	541610
1716	-1209729600	16.3	541610
1716	-1207137600	7.1	541610
1716	-1204459200	-1.6	541610
1716	-1201867200	-13.2	541610
1716	-1199188800	-10.4	541610
1716	-1196510400	-12.5	541610
1716	-1194004800	-4.7	541610
1716	-1191326400	6.9	541610
1716	-1188734400	14.4	541610
1716	-1186056000	21.4	541610
1716	-1183464000	23.9	541610
1716	-1180785600	21.3	541610
1716	-1178107200	16.5	541610
1716	-1175515200	7.1	541610
1716	-1172836800	-2.6	541610
1716	-1170244800	-9.4	541610
1716	-1167566400	-16.9	541610
1716	-1164888000	-15.6	541610
1716	-1162468800	-6.9	541610
1716	-1159790400	6.7	541610
1716	-1157198400	16	541610
1716	-1154520000	20.7	541610
1716	-1151928000	25	541610
1716	-1149249600	22.2	541610
1716	-1146571200	16.1	541610
1716	-1143979200	7.5	541610
1716	-1141300800	-4.1	541610
1716	-1138708800	-11.6	541610
1716	-1136030400	-18.9	541610
1716	-1133352000	-9.8	541610
1716	-1130932800	-6.1	541610
1716	-1128254400	5.6	541610
1716	-1125662400	17	541610
1716	-1122984000	20.9	541610
1716	-1120392000	22.5	541610
1716	-1117713600	21.7	541610
1716	-1115035200	15.2	541610
1716	-1112443200	6.6	541610
1716	-1109764800	-2.8	541610
1716	-1107172800	-8.4	541610
1716	-1104494400	-13.5	541610
1716	-1101816000	-6.6	541610
1716	-1099396800	-0.8	541610
1716	-1096718400	7.2	541610
1716	-1094126400	14.7	541610
1716	-1091448000	18.9	541610
1716	-1088856000	23.8	541610
1716	-1086177600	22.7	541610
1716	-1083499200	15.8	541610
1716	-1080907200	10	541610
1716	-1078228800	-4.8	541610
1716	-1075636800	-16.4	541610
1716	-1072958400	-19.3	541610
1716	-1070280000	-15.3	541610
1716	-1067774400	-4.6	541610
1716	-1065096000	6.1	541610
1716	-1062504000	14.3	541610
1716	-1059825600	19.6	541610
1716	-1057233600	23.1	541610
1716	-1054555200	22	541610
1716	-1051876800	16.4	541610
1716	-1049284800	7.2	541610
1716	-1046606400	-3.7	541610
1716	-1044014400	-11.3	541610
1716	-1041336000	-15.7	541610
1716	-1038657600	-13.4	541610
1716	-1036238400	-7.1	541610
1716	-1033560000	5.6	541610
1716	-1030968000	13.7	541610
1716	-1028289600	20.1	541610
1716	-1025697600	24.3	541610
1716	-1023019200	22.2	541610
1716	-1020340800	15.8	541610
1716	-1017748800	7.8	541610
1716	-1015070400	-3.7	541610
1716	-1012478400	-17.1	541610
1716	-1009800000	-18.2	541610
1716	-1007121600	-12.9	541610
1716	-1004702400	0.8	541610
1716	-1002024000	8.1	541610
1716	-999432000	13.4	541610
1716	-996753600	20.4	541610
1716	-994161600	23.5	541610
1716	-991483200	22.3	541610
1716	-988804800	14.2	541610
1716	-986212800	8.6	541610
1716	-983534400	-4.4	541610
1716	-980942400	-16.3	541610
1716	-978264000	-19.4	541610
1716	-975585600	-13.2	541610
1716	-973166400	-1.5	541610
1716	-970488000	8.2	541610
1716	-967896000	15	541610
1716	-965217600	19.2	541610
1716	-962625600	24.8	541610
1716	-959947200	23.9	541610
1716	-957268800	14.8	541610
1716	-954676800	7.1	541610
1716	-951998400	-3.6	541610
1716	-949406400	-10.3	541610
1716	-946728000	-18.9	541610
1716	-944049600	-12.1	541610
1716	-941544000	-1.5	541610
1716	-938865600	6.4	541610
1716	-936273600	14.4	541610
1716	-933595200	18.9	541610
1716	-931003200	23.9	541610
1716	-928324800	20	541610
1716	-925646400	16.1	541610
1716	-923054400	8.1	541610
1716	-920376000	-3.6	541610
1716	-917784000	-3.1	541610
1717	-536414400	-19.1	541860
1717	-533736000	-14.1	541860
1717	-531316800	-3.4	541860
1717	-528638400	4.1	541860
1717	-526046400	11.2	541860
1717	-523368000	16.6	541860
1717	-520776000	20.8	541860
1717	-518097600	18.7	541860
1717	-515419200	12.4	541860
1717	-512827200	6.8	541860
1717	-510148800	-7.8	541860
1717	-507556800	-12.7	541860
1717	-504878400	-16.9	541860
1717	-502200000	-12.1	541860
1717	-499780800	-7.1	541860
1717	-497102400	5.7	541860
1717	-494510400	10	541860
1717	-491832000	14.7	541860
1717	-489240000	18.1	541860
1717	-486561600	20.4	541860
1717	-483883200	13.9	541860
1717	-481291200	5.2	541860
1717	-478612800	-1.5	541860
1717	-476020800	-17.1	541860
1717	-473342400	-16.5	541860
1717	-470664000	-14.6	541860
1717	-468244800	-6.9	541860
1717	-465566400	4	541860
1717	-462974400	10.8	541860
1717	-460296000	17.7	541860
1717	-457704000	21.9	541860
1717	-455025600	20.6	541860
1717	-452347200	14.9	541860
1717	-449755200	5.7	541860
1717	-447076800	-3.2	541860
1717	-444484800	-8.3	541860
1717	-441806400	-17	541860
1717	-439128000	-14.5	541860
1717	-436622400	-5.9	541860
1717	-433944000	4.2	541860
1717	-431352000	12.9	541860
1717	-428673600	16.5	541860
1717	-426081600	19.8	541860
1717	-423403200	19.9	541860
1717	-420724800	15.2	541860
1717	-418132800	6.6	541860
1717	-415454400	-8.5	541860
1717	-412862400	-18.2	541860
1717	-410184000	-16.8	541860
1717	-407505600	-17.1	541860
1717	-405086400	-9.5	541860
1717	-402408000	6.6	541860
1717	-399816000	12.6	541860
1717	-397137600	16.5	541860
1717	-394545600	18.5	541860
1717	-391867200	18.8	541860
1717	-389188800	11.6	541860
1717	-386596800	6	541860
1717	-383918400	-1.2	541860
1717	-381326400	-11.7	541860
1717	-378648000	-16.5	541860
1717	-375969600	-13.5	541860
1717	-373550400	-6.3	541860
1717	-370872000	4.7	541860
1717	-368280000	11.5	541860
1717	-365601600	17.2	541860
1717	-363009600	21.9	541860
1717	-360331200	19	541860
1717	-357652800	13.7	541860
1717	-355060800	4.6	541860
1717	-352382400	-3.6	541860
1717	-349790400	-9.2	541860
1717	-347112000	-17.1	541860
1717	-344433600	-9.3	541860
1717	-342014400	-0.5	541860
1717	-339336000	6.4	541860
1717	-336744000	13.1	541860
1717	-334065600	15.7	541860
1717	-331473600	19.9	541860
1717	-328795200	20.3	541860
1717	-326116800	14.4	541860
1717	-323524800	7.3	541860
1717	-320846400	-5.9	541860
1717	-318254400	-11.9	541860
1717	-315576000	-18	541860
1717	-312897600	-8.2	541860
1717	-310392000	-3.7	541860
1717	-307713600	4.3	541860
1717	-305121600	10.9	541860
1717	-302443200	16.4	541860
1717	-299851200	20.3	541860
1717	-297172800	19.5	541860
1717	-294494400	14.5	541860
1717	-291902400	6.1	541860
1717	-289224000	-4.4	541860
1717	-286632000	-14.8	541860
1717	-283953600	-17.6	541860
1717	-281275200	-12.7	541860
1717	-278856000	-3.3	541860
1717	-276177600	5.8	541860
1717	-273585600	12	541860
1717	-270907200	17.8	541860
1717	-268315200	21.6	541860
1717	-265636800	20.1	541860
1717	-262958400	13.8	541860
1717	-260366400	5.4	541860
1717	-257688000	-1.8	541860
1717	-255096000	-12	541860
1717	-252417600	-13.3	541860
1717	-249739200	-12.4	541860
1717	-247320000	-7.2	541860
1717	-244641600	5.1	541860
1717	-242049600	12.3	541860
1717	-239371200	17.2	541860
1717	-236779200	20.9	541860
1717	-234100800	19.6	541860
1717	-231422400	13.4	541860
1717	-228830400	4.2	541860
1717	-226152000	-6	541860
1717	-223560000	-10.7	541860
1717	-220881600	-20	541860
1717	-218203200	-13.3	541860
1717	-215784000	-2.7	541860
1717	-213105600	6	541860
1717	-210513600	13.3	541860
1717	-207835200	17.6	541860
1717	-205243200	20.1	541860
1717	-202564800	20.9	541860
1717	-199886400	13	541860
1717	-197294400	4.5	541860
1717	-194616000	-4.3	541860
1717	-192024000	-10.7	541860
1717	-189345600	-14	541860
1717	-186667200	-17.2	541860
1717	-184161600	-4.4	541860
1717	-181483200	5.4	541860
1717	-178891200	13.6	541860
1717	-176212800	16	541860
1717	-173620800	19.5	541860
1717	-170942400	20.2	541860
1717	-168264000	11.7	541860
1717	-165672000	4.7	541860
1717	-162993600	-5.2	541860
1717	-160401600	-12.8	541860
1717	-157723200	-15.7	541860
1717	-155044800	-15.2	541860
1717	-152625600	-6.5	541860
1717	-149947200	2.4	541860
1717	-147355200	11.3	541860
1717	-144676800	17.9	541860
1717	-142084800	19.7	541860
1717	-139406400	19.7	541860
1717	-136728000	13.2	541860
1717	-134136000	6	541860
1717	-131457600	-4.1	541860
1717	-128865600	-14.7	541860
1717	-126187200	-16.4	541860
1717	-123508800	-10.7	541860
1717	-121089600	-4.3	541860
1717	-118411200	3.8	541860
1717	-115819200	13	541860
1717	-113140800	16.6	541860
1717	-110548800	19.7	541860
1717	-107870400	20.1	541860
1717	-105192000	11.1	541860
1717	-102600000	7.2	541860
1717	-99921600	-3.4	541860
1717	-97329600	-16.2	541860
1717	-94651200	-14.5	541860
1717	-91972800	-12.7	541860
1717	-89553600	-2.2	541860
1717	-86875200	5.4	541860
1717	-84283200	14.4	541860
1717	-81604800	15.7	541860
1717	-79012800	20.4	541860
1717	-76334400	21	541860
1717	-73656000	12.6	541860
1717	-71064000	6.2	541860
1717	-68385600	-5.5	541860
1717	-65793600	-16.7	541860
1717	-63115200	-16.7	541860
1717	-60436800	-15.8	541860
1717	-57931200	-2	541860
1717	-55252800	7.4	541860
1717	-52660800	12.1	541860
1717	-49982400	16.6	541860
1717	-47390400	20.6	541860
1717	-44712000	18.4	541860
1717	-42033600	13.3	541860
1717	-39441600	4.7	541860
1717	-36763200	-4.8	541860
1717	-34171200	-9	541860
1717	-31492800	-17.1	541860
1717	-28814400	-15.7	541860
1717	-26395200	-6.1	541860
1717	-23716800	4.6	541860
1717	-21124800	10.6	541860
1717	-18446400	14.6	541860
1717	-15854400	19.8	541860
1717	-13176000	19.5	541860
1717	-10497600	12.1	541860
1717	-7905600	5.7	541860
1717	-5227200	-6.5	541860
1717	-2635200	-15.8	541860
1717	43200	-19.3	541860
1717	2721600	-12.2	541860
1717	5140800	-10.1	541860
1717	7819200	5.8	541860
1717	10411200	14.3	541860
1717	13089600	18.2	541860
1717	15681600	20.6	541860
1717	18360000	19.8	541860
1717	21038400	13.4	541860
1717	23630400	5.9	541860
1717	26308800	-3.2	541860
1717	28900800	-13.1	541860
1717	31579200	-15.2	541860
1717	34257600	-13.3	541860
1717	36676800	-6.6	541860
1717	39355200	5.2	541860
1717	41947200	12	541860
1717	44625600	17.3	541860
1717	47217600	19.5	541860
1717	49896000	18.2	541860
1717	52574400	12.8	541860
1717	55166400	5.8	541860
1717	57844800	-1.4	541860
1717	60436800	-12.2	541860
1717	63115200	-14.4	541860
1717	65793600	-15.2	541860
1717	68299200	-2.9	541860
1717	70977600	5.3	541860
1717	73569600	10.9	541860
1717	76248000	16.7	541860
1717	78840000	21.3	541860
1717	81518400	17.2	541860
1717	84196800	11.7	541860
1717	86788800	5.1	541860
1717	89467200	-5.7	541860
1717	92059200	-10.8	541860
1717	94737600	-12.3	541860
1717	97416000	-10.7	541860
1717	99835200	-5.2	541860
1717	102513600	5.1	541860
1717	105105600	11.7	541860
1717	107784000	17.1	541860
1717	110376000	22.1	541860
1717	113054400	20.2	541860
1717	115732800	13.3	541860
1717	118324800	4.2	541860
1717	121003200	-3.8	541860
1717	123595200	-12.6	541860
1717	126273600	-14.6	541860
1717	128952000	-13.1	541860
1717	131371200	-5	541860
1717	134049600	5	541860
1717	136641600	11.8	541860
1717	139320000	15.1	541860
1717	141912000	20	541860
1717	144590400	19.3	541860
1717	147268800	14.3	541860
1717	149860800	3.4	541860
1717	152539200	-4.7	541860
1717	155131200	-13.6	541860
1717	157809600	-13.8	541860
1717	160488000	-12.8	541860
1717	162907200	-4.1	541860
1717	165585600	8.3	541860
1717	168177600	13.1	541860
1717	170856000	17.9	541860
1717	173448000	20.3	541860
1717	176126400	20.1	541860
1717	178804800	14.6	541860
1717	181396800	5.7	541860
1717	184075200	-1.5	541860
1717	186667200	-13.9	541860
1717	189345600	-15.9	541860
1717	192024000	-10.9	541860
1717	194529600	-4.2	541860
1717	197208000	4	541860
1717	199800000	12.1	541860
1717	202478400	15.8	541860
1717	205070400	20.4	541860
1717	207748800	18.3	541860
1717	210427200	12.7	541860
1717	213019200	3.9	541860
1717	215697600	-9.4	541860
1717	218289600	-15.3	541860
1717	220968000	-21	541860
1717	223646400	-14.5	541860
1717	226065600	-2.7	541860
1717	228744000	5.6	541860
1717	231336000	14.2	541860
1717	234014400	16.4	541860
1717	236606400	21.8	541860
1717	239284800	18.4	541860
1717	241963200	12.9	541860
1717	244555200	7	541860
1717	247233600	-3.6	541860
1717	249825600	-11.3	541860
1717	252504000	-15.5	541860
1717	255182400	-16.3	541860
1717	257601600	-3.4	541860
1717	260280000	5.4	541860
1717	262872000	12.1	541860
1717	265550400	19.3	541860
1717	268142400	21.5	541860
1717	270820800	19.6	541860
1717	273499200	13.4	541860
1717	276091200	3.7	541860
1717	278769600	-2.6	541860
1717	281361600	-11.9	541860
1717	284040000	-14.4	541860
1717	286718400	-12.5	541860
1717	289137600	-3.4	541860
1717	291816000	3	541860
1717	294408000	13.1	541860
1717	297086400	18.2	541860
1717	299678400	19.8	541860
1717	302356800	18.7	541860
1717	305035200	12.1	541860
1717	307627200	7	541860
1717	310305600	-5.6	541860
1717	312897600	-10.3	541860
1717	315576000	-18.5	541860
1717	318254400	-14.1	541860
1717	320760000	-4.4	541860
1717	323438400	2.9	541860
1717	326030400	13	541860
1717	328708800	19	541860
1717	331300800	19.3	541860
1717	333979200	18.6	541860
1717	336657600	11.9	541860
1717	339249600	3.9	541860
1717	341928000	-1.2	541860
1717	344520000	-14.1	541860
1717	347198400	-17	541860
1717	349876800	-11.7	541860
1717	352296000	-3	541860
1717	354974400	7.4	541860
1717	357566400	11.8	541860
1717	360244800	16.7	541860
1717	362836800	21.5	541860
1717	365515200	18.4	541860
1717	368193600	13.1	541860
1717	370785600	5	541860
1717	373464000	-7.9	541860
1717	376056000	-10.7	541860
1717	378734400	-15.9	541860
1717	381412800	-10.5	541860
1717	383832000	-3.5	541860
1717	386510400	7.6	541860
1717	389102400	12.4	541860
1717	391780800	17.8	541860
1717	394372800	20.3	541860
1717	397051200	21.3	541860
1717	399729600	12.6	541860
1717	402321600	6.7	541860
1717	4.05e+08	-2.9	541860
1717	407592000	-12.5	541860
1717	410270400	-13.5	541860
1717	412948800	-14	541860
1717	415368000	-3.5	541860
1717	418046400	8.4	541860
1717	420638400	13.4	541860
1717	423316800	15.2	541860
1717	425908800	18.7	541860
1717	428587200	20.4	541860
1717	431265600	14.6	541860
1717	433857600	4.1	541860
1717	436536000	-3.8	541860
1717	439128000	-12.7	541860
1717	441806400	-16.9	541860
1717	444484800	-14.2	541860
1717	446990400	-7.3	541860
1717	449668800	4.5	541860
1717	452260800	13.3	541860
1717	454939200	17.5	541860
1717	457531200	20.6	541860
1717	460209600	20.3	541860
1717	462888000	12.4	541860
1717	465480000	3.7	541860
1717	468158400	-2.9	541860
1717	470750400	-12.9	541860
1717	473428800	-18.5	541860
1717	476107200	-12.6	541860
1717	478526400	-5	541860
1717	481204800	6.2	541860
1717	483796800	13.6	541860
1717	486475200	17.1	541860
1717	489067200	20.6	541860
1717	491745600	21	541860
1717	494424000	12.7	541860
1717	497016000	6.1	541860
1717	499694400	-5.5	541860
1717	502286400	-16.1	541860
1717	504964800	-17.5	541860
1717	507643200	-13.3	541860
1717	510062400	-3.4	541860
1717	512740800	5.3	541860
1717	515332800	12.2	541860
1717	518011200	17	541860
1717	520603200	18.7	541860
1717	523281600	18.9	541860
1717	525960000	13.2	541860
1717	528552000	3.7	541860
1717	531230400	-4.7	541860
1717	533822400	-10	541860
1717	536500800	-17.5	541860
1717	539179200	-12.3	541860
1717	541598400	-5.9	541860
1717	544276800	5.4	541860
1717	546868800	12.5	541860
1717	549547200	17.3	541860
1717	552139200	19.9	541860
1717	554817600	19.9	541860
1717	557496000	13.2	541860
1717	560088000	6.5	541860
1717	562766400	-6.1	541860
1717	565358400	-10.5	541860
1717	568036800	-12.7	541860
1717	570715200	-13.6	541860
1717	573220800	-4.8	541860
1717	575899200	4.9	541860
1717	578491200	11.5	541860
1717	581169600	17.7	541860
1717	583761600	19.5	541860
1717	586440000	21.5	541860
1717	589118400	14.3	541860
1717	591710400	6.1	541860
1717	594388800	-3.6	541860
1717	596980800	-11.2	541860
1717	599659200	-12.6	541860
1717	602337600	-8.3	541860
1717	604756800	-1.7	541860
1717	607435200	6.9	541860
1717	610027200	12.4	541860
1717	612705600	17.1	541860
1717	615297600	20.2	541860
1717	617976000	19.3	541860
1717	620654400	12.6	541860
1717	623246400	6.6	541860
1717	625924800	-2.7	541860
1717	628516800	-11.5	541860
1717	631195200	-18.1	541860
1717	633873600	-8.4	541860
1717	636292800	0.6	541860
1717	638971200	5.8	541860
1717	641563200	12.7	541860
1717	644241600	17.3	541860
1717	646833600	20.3	541860
1717	649512000	20.3	541860
1717	652190400	13.9	541860
1717	654782400	7.6	541860
1717	657460800	-0.5	541860
1717	660052800	-11.1	541860
1717	662731200	-16	541860
1717	665409600	-12.6	541860
1717	667828800	-6.2	541860
1717	670507200	6.2	541860
1717	673099200	12.5	541860
1717	675777600	17.5	541860
1717	678369600	20	541860
1717	681048000	20.6	541860
1717	683726400	13.4	541860
1717	686318400	5.7	541860
1717	688996800	-3.1	541860
1717	691588800	-11.5	541860
1717	694267200	-11.4	541860
1717	696945600	-9.8	541860
1717	699451200	-2.1	541860
1717	702129600	6.1	541860
1717	704721600	11.6	541860
1717	707400000	15.7	541860
1717	709992000	20.8	541860
1717	712670400	19.6	541860
1717	715348800	12.7	541860
1717	717940800	6.3	541860
1717	720619200	-4.7	541860
1717	723211200	-12.1	541860
1717	725889600	-15.3	541860
1717	728568000	-9.7	541860
1717	730987200	-1.6	541860
1717	733665600	4.6	541860
1717	736257600	13.3	541860
1717	738936000	16.7	541860
1717	741528000	20	541860
1717	744206400	18.2	541860
1717	746884800	13.3	541860
1717	749476800	5.2	541860
1717	752155200	-3.9	541860
1717	754747200	-12.3	541860
1717	757425600	-16.3	541860
1717	760104000	-10.4	541860
1717	762523200	-4.7	541860
1717	765201600	7.5	541860
1717	767793600	12	541860
1717	770472000	18.7	541860
1717	773064000	22.9	541860
1717	775742400	21	541860
1717	778420800	13.8	541860
1717	781012800	5.9	541860
1717	783691200	-2.1	541860
1717	786283200	-11.3	541860
1717	788961600	-12.6	541860
1717	791640000	-9.6	541860
1717	794059200	-2.3	541860
1717	796737600	5.2	541860
1717	799329600	10.8	541860
1717	802008000	17.2	541860
1717	804600000	20.6	541860
1717	807278400	19.7	541860
1717	809956800	13.4	541860
1717	812548800	7.5	541860
1717	815227200	-2.4	541860
1717	817819200	-10.7	541860
1717	820497600	-13.9	541860
1717	823176000	-10.4	541860
1717	825681600	-3.5	541860
1717	828360000	5.3	541860
1717	830952000	13.5	541860
1717	833630400	17.9	541860
1717	836222400	20.6	541860
1717	838900800	19.1	541860
1717	841579200	14.3	541860
1717	844171200	5.2	541860
1717	846849600	-5	541860
1717	849441600	-11	541860
1717	852120000	-17.1	541860
1717	854798400	-10.2	541860
1717	857217600	-2.1	541860
1717	859896000	6.3	541860
1717	862488000	11.7	541860
1717	865166400	18.2	541860
1717	867758400	23.3	541860
1717	870436800	21.1	541860
1717	873115200	12.4	541860
1717	875707200	3.8	541860
1717	878385600	-2	541860
1717	880977600	-10.2	541860
1717	883656000	-15.7	541860
1717	886334400	-6.7	541860
1717	888753600	0.2	541860
1717	891432000	10.5	541860
1717	894024000	14.6	541860
1717	896702400	17.6	541860
1717	899294400	19.7	541860
1717	901972800	19	541860
1717	904651200	15.3	541860
1717	907243200	8.5	541860
1717	909921600	-6.2	541860
1717	912513600	-11	541860
1717	915192000	-13	541860
1717	917870400	-9.4	541860
1717	920289600	-5.8	541860
1717	922968000	6.1	541860
1717	925560000	11.2	541860
1717	928238400	17.4	541860
1717	930830400	22.9	541860
1717	933508800	20.2	541860
1717	936187200	14.1	541860
1717	938779200	5.9	541860
1717	941457600	-3.2	541860
1717	944049600	-11.7	541860
1717	946728000	-18	541860
1717	949406400	-13.1	541860
1717	951912000	-2.8	541860
1717	954590400	5	541860
1717	957182400	13.7	541860
1717	959860800	19.1	541860
1717	962452800	21.8	541860
1717	965131200	21.6	541860
1717	967809600	14.5	541860
1717	970401600	5	541860
1717	973080000	-7	541860
1717	975672000	-15.1	541860
1717	978350400	-20.1	541860
1717	981028800	-14.4	541860
1717	983448000	-4.4	541860
1717	986126400	7.1	541860
1717	988718400	13.8	541860
1717	991396800	18.9	541860
1717	993988800	21.4	541860
1717	996667200	19.9	541860
1717	999345600	14.7	541860
1717	1001937600	8.2	541860
1717	1004616000	-1.9	541860
1717	1007208000	-12.9	541860
1717	1009886400	-12.4	541860
1717	1012564800	-6.4	541860
1717	1014984000	0	541860
1717	1017662400	7.1	541860
1717	1020254400	13.8	541860
1717	1022932800	16.9	541860
1717	1025524800	21.2	541860
1717	1028203200	19.2	541860
1717	1030881600	14.1	541860
1717	1033473600	3.8	541860
1717	1036152000	-7.9	541860
1717	1038744000	-13.2	541860
1717	1041422400	-14.6	541860
1717	1044100800	-8.5	541860
1717	1046520000	-2	541860
1717	1049198400	7.6	541860
1717	1051790400	13.8	541860
1717	1054468800	18.5	541860
1717	1057060800	19.5	541860
1717	1059739200	19.8	541860
1717	1062417600	15.1	541860
1717	1065009600	5.9	541860
1717	1067688000	-3.3	541860
1717	1070280000	-10.6	541860
1717	1072958400	-14	541860
1717	1075636800	-9	541860
1717	1078142400	-3.3	541860
1717	1080820800	6.5	541860
1717	1083412800	13.2	541860
1717	1086091200	19.8	541860
1717	1088683200	20.2	541860
1717	1091361600	19.5	541860
1717	1094040000	15.1	541860
1717	1096632000	7.4	541860
1717	1099310400	-0.6	541860
1717	1101902400	-12.9	541860
1717	1104580800	-15.3	541860
1717	1107259200	-15.7	541860
1717	1109678400	-5.2	541860
1717	1112356800	6.4	541860
1717	1114948800	11.5	541860
1717	1117627200	18.6	541860
1717	1120219200	20.7	541860
1717	1122897600	20.2	541860
1717	1125576000	14.5	541860
1717	1128168000	6.8	541860
1717	1130846400	-1.6	541860
1717	1133438400	-16.5	541860
1717	1136116800	-15.1	541860
1717	1138795200	-11.5	541860
1717	1141214400	-3.8	541860
1717	1143892800	3.6	541860
1717	1146484800	13.6	541860
1717	1149163200	17.1	541860
1717	1151755200	20.7	541860
1717	1154433600	21.1	541860
1717	1157112000	14.5	541860
1717	1159704000	7.3	541860
1717	1162382400	-3.8	541860
1717	1164974400	-11.1	541860
1717	1167652800	-12.1	541860
1717	1170331200	-5.9	541860
1717	1172750400	-4.4	541860
1717	1175428800	5.1	541860
1717	1178020800	12.3	541860
1717	1180699200	20.1	541860
1717	1183291200	19.8	541860
1717	1185969600	20.9	541860
1717	1188648000	14.6	541860
1717	1191240000	5.9	541860
1717	1193918400	-3.7	541860
1717	1196510400	-9.1	541860
1717	1199188800	-15.9	541860
1717	1201867200	-11	541860
1717	1204372800	0.5	541860
1717	1207051200	9.5	541860
1717	1209643200	11.3	541860
1717	1212321600	17.8	541860
1717	1214913600	21.9	541860
1717	1217592000	20.2	541860
1717	1220270400	14.1	541860
1717	1222862400	7.8	541860
1717	1225540800	-3.3	541860
1717	1228132800	-11.2	541860
1717	1230811200	-13.9	541860
1717	1233489600	-10	541860
1717	1235908800	-3.7	541860
1717	1238587200	6.6	541860
1717	1241179200	15.1	541860
1717	1243857600	16	541860
1717	1246449600	19.9	541860
1717	1249128000	20.3	541860
1717	1251806400	13.8	541860
1717	1254398400	6.6	541860
1717	1257076800	-5.5	541860
1717	1259668800	-14.1	541860
1717	1262347200	-15	541860
1717	1265025600	-13.3	541860
1717	1267444800	-8	541860
1717	1270123200	2.4	541860
1717	1272715200	13.8	541860
1717	1275393600	21.1	541860
1717	1277985600	21.3	541860
1717	1280664000	20.5	541860
1717	1283342400	14.4	541860
1717	1285934400	5.7	541860
1717	1288612800	-3.3	541860
1717	1291204800	-13.8	541860
1717	1293883200	-18.2	541860
1717	1296561600	-9.9	541860
1717	1298980800	-4.4	541860
1717	1301659200	5.1	541860
1717	1304251200	11.6	541860
1717	1306929600	17.8	541860
1717	1309521600	21.9	541860
1717	1312200000	20.8	541860
1717	1314878400	13.5	541860
1717	1317470400	6.8	541860
1717	1320148800	-3.6	541860
1717	1322740800	-15	541860
1717	1325419200	-17.9	541860
1717	1328097600	-13.4	541860
1717	1330603200	-5.1	541860
1717	1333281600	5.5	541860
1717	1335873600	13.1	541860
1717	1338552000	17.6	541860
1717	1341144000	20.7	541860
1717	1343822400	19.9	541860
1717	1346500800	14.9	541860
1717	1349092800	5.6	541860
1717	1351771200	-4.3	541860
1717	1354363200	-15.8	541860
1723	-441806400	-19.3	542730
1723	-439128000	-16.1	542730
1723	-436622400	-5.6	542730
1723	-433944000	5.2	542730
1723	-431352000	13.1	542730
1723	-428673600	18	542730
1723	-426081600	22.8	542730
1723	-423403200	21.3	542730
1723	-420724800	16.1	542730
1723	-418132800	7.4	542730
1723	-415454400	-10.2	542730
1723	-412862400	-21.8	542730
1723	-410184000	-21.3	542730
1723	-407505600	-19.8	542730
1723	-405086400	-11.6	542730
1723	-402408000	7.1	542730
1723	-399816000	14.1	542730
1723	-397137600	18.6	542730
1723	-394545600	20.9	542730
1723	-391867200	20.6	542730
1723	-389188800	12.9	542730
1723	-386596800	7.2	542730
1723	-383918400	0	542730
1723	-381326400	-12.6	542730
1723	-378648000	-18.3	542730
1723	-375969600	-15.2	542730
1723	-373550400	-5.8	542730
1723	-370872000	6.4	542730
1723	-368280000	12.7	542730
1723	-365601600	19.1	542730
1723	-363009600	24.3	542730
1723	-360331200	20.3	542730
1723	-357652800	15.3	542730
1723	-355060800	5.6	542730
1723	-352382400	-3.2	542730
1723	-349790400	-9.4	542730
1723	-347112000	-19.4	542730
1723	-344433600	-10.6	542730
1723	-342014400	0.9	542730
1723	-339336000	7.6	542730
1723	-336744000	14.4	542730
1723	-334065600	18.1	542730
1723	-331473600	22	542730
1723	-328795200	22.2	542730
1723	-326116800	15.8	542730
1723	-323524800	8.2	542730
1723	-320846400	-6.1	542730
1723	-318254400	-12.1	542730
1723	-315576000	-19.4	542730
1723	-312897600	-8.5	542730
1723	-310392000	-2	542730
1723	-307713600	6.4	542730
1723	-305121600	12.4	542730
1723	-302443200	18.7	542730
1723	-299851200	23	542730
1723	-297172800	21.4	542730
1723	-294494400	15.6	542730
1723	-291902400	7.4	542730
1723	-289224000	-3.4	542730
1723	-286632000	-16.4	542730
1723	-283953600	-19.4	542730
1723	-281275200	-13.7	542730
1723	-278856000	-1.1	542730
1723	-276177600	7.3	542730
1723	-273585600	13.1	542730
1723	-270907200	19.1	542730
1723	-268315200	23.2	542730
1723	-265636800	21.8	542730
1723	-262958400	15	542730
1723	-260366400	6.3	542730
1723	-257688000	-1	542730
1723	-255096000	-12.1	542730
1723	-252417600	-14.6	542730
1723	-249739200	-14.3	542730
1723	-247320000	-6.4	542730
1723	-244641600	5.6	542730
1723	-242049600	13.5	542730
1723	-239371200	18.9	542730
1723	-236779200	23.2	542730
1723	-234100800	21.2	542730
1723	-231422400	14.2	542730
1723	-228830400	5	542730
1723	-226152000	-5.8	542730
1723	-223560000	-10.9	542730
1723	-220881600	-21.5	542730
1723	-218203200	-16.1	542730
1723	-215784000	-1.5	542730
1723	-213105600	6.7	542730
1723	-210513600	14.2	542730
1723	-207835200	19.9	542730
1723	-205243200	22	542730
1723	-202564800	22.4	542730
1723	-199886400	14.1	542730
1723	-197294400	5.5	542730
1723	-194616000	-4.6	542730
1723	-192024000	-12.4	542730
1723	-189345600	-18.6	542730
1723	-186667200	-21.1	542730
1723	-184161600	-5.3	542730
1723	-181483200	6.6	542730
1723	-178891200	15	542730
1723	-176212800	17.9	542730
1723	-173620800	21.7	542730
1723	-170942400	21.9	542730
1723	-168264000	13.4	542730
1723	-165672000	5.9	542730
1723	-162993600	-3.5	542730
1723	-160401600	-13.3	542730
1723	-157723200	-18.3	542730
1723	-155044800	-17.1	542730
1723	-152625600	-6.6	542730
1723	-149947200	4.3	542730
1723	-147355200	13.1	542730
1723	-144676800	19.6	542730
1723	-142084800	21.8	542730
1723	-139406400	21	542730
1723	-136728000	14.4	542730
1723	-134136000	7.5	542730
1723	-131457600	-2.8	542730
1723	-128865600	-16.7	542730
1723	-126187200	-20.5	542730
1723	-123508800	-13	542730
1723	-121089600	-3.1	542730
1723	-118411200	5.7	542730
1723	-115819200	14.1	542730
1723	-113140800	18.3	542730
1723	-110548800	21.5	542730
1723	-107870400	22.3	542730
1723	-105192000	12.5	542730
1723	-102600000	8.1	542730
1723	-99921600	-2.7	542730
1723	-97329600	-18.5	542730
1723	-94651200	-16.8	542730
1723	-91972800	-13.9	542730
1723	-89553600	-0.7	542730
1723	-86875200	6.9	542730
1723	-84283200	16	542730
1723	-81604800	18	542730
1723	-79012800	22.6	542730
1723	-76334400	22.7	542730
1723	-73656000	14.4	542730
1723	-71064000	7.6	542730
1723	-68385600	-5.6	542730
1723	-65793600	-18.5	542730
1723	-63115200	-19.4	542730
1723	-60436800	-17.7	542730
1723	-57931200	-1.9	542730
1723	-55252800	8.6	542730
1723	-52660800	13.8	542730
1723	-49982400	18.3	542730
1723	-47390400	22.9	542730
1723	-44712000	20.5	542730
1723	-42033600	15.1	542730
1723	-39441600	6.1	542730
1723	-36763200	-5.2	542730
1723	-34171200	-8.6	542730
1723	-31492800	-16.9	542730
1723	-28814400	-15.8	542730
1723	-26395200	-5.2	542730
1723	-23716800	5.8	542730
1723	-21124800	12.2	542730
1723	-18446400	16.8	542730
1723	-15854400	21.9	542730
1723	-13176000	21.1	542730
1723	-10497600	14.1	542730
1723	-7905600	6.8	542730
1723	-5227200	-6.8	542730
1723	-2635200	-17.6	542730
1723	43200	-22.1	542730
1723	2721600	-13.5	542730
1723	5140800	-10.7	542730
1723	7819200	7.1	542730
1723	10411200	15.5	542730
1723	13089600	20.1	542730
1723	15681600	22.1	542730
1723	18360000	22.1	542730
1723	21038400	14.8	542730
1723	23630400	7.2	542730
1723	26308800	-1.9	542730
1723	28900800	-14.7	542730
1723	31579200	-18.5	542730
1723	34257600	-15.5	542730
1723	36676800	-7.1	542730
1723	39355200	6.8	542730
1723	41947200	13.7	542730
1723	44625600	19.2	542730
1723	47217600	21.4	542730
1723	49896000	20.2	542730
1723	52574400	14.5	542730
1723	55166400	6.6	542730
1723	57844800	-0.3	542730
1723	60436800	-13.9	542730
1723	63115200	-16.8	542730
1723	65793600	-17.3	542730
1723	68299200	-2.4	542730
1723	70977600	6.7	542730
1723	73569600	12	542730
1723	76248000	18.1	542730
1723	78840000	23.2	542730
1723	81518400	18.6	542730
1723	84196800	13	542730
1723	86788800	6.4	542730
1723	89467200	-4.4	542730
1723	92059200	-12.9	542730
1723	94737600	-14.7	542730
1723	97416000	-11.9	542730
1723	99835200	-4.4	542730
1723	102513600	6.9	542730
1723	105105600	12.7	542730
1723	107784000	19.3	542730
1723	110376000	24.2	542730
1723	113054400	21.8	542730
1723	115732800	15.1	542730
1723	118324800	5.5	542730
1723	121003200	-3	542730
1723	123595200	-12.4	542730
1723	126273600	-14.9	542730
1723	128952000	-12.6	542730
1723	131371200	-3.3	542730
1723	134049600	6.2	542730
1723	136641600	13.5	542730
1723	139320000	17.1	542730
1723	141912000	23.1	542730
1723	144590400	21.1	542730
1723	147268800	15.4	542730
1723	149860800	4.7	542730
1723	152539200	-4.9	542730
1723	155131200	-14.2	542730
1723	157809600	-15.6	542730
1723	160488000	-15.4	542730
1723	162907200	-2.5	542730
1723	165585600	9.7	542730
1723	168177600	14.7	542730
1723	170856000	20	542730
1723	173448000	22.3	542730
1723	176126400	21.6	542730
1723	178804800	16.5	542730
1723	181396800	7.3	542730
1723	184075200	0.1	542730
1723	186667200	-14.2	542730
1723	189345600	-18.2	542730
1723	192024000	-11.5	542730
1723	194529600	-2.8	542730
1723	197208000	5.5	542730
1723	199800000	13	542730
1723	202478400	18.1	542730
1723	205070400	22.2	542730
1723	207748800	19.9	542730
1723	210427200	14.1	542730
1723	213019200	5.4	542730
1723	215697600	-9.9	542730
1723	218289600	-16.1	542730
1723	220968000	-22.4	542730
1723	223646400	-15.9	542730
1723	226065600	-1.5	542730
1723	228744000	7.1	542730
1723	231336000	15.4	542730
1723	234014400	19.2	542730
1723	236606400	23.9	542730
1723	239284800	20.4	542730
1723	241963200	14.5	542730
1723	244555200	8.5	542730
1723	247233600	-3.1	542730
1723	249825600	-12.9	542730
1723	252504000	-18.6	542730
1723	255182400	-17.8	542730
1723	257601600	-2	542730
1723	260280000	7.4	542730
1723	262872000	13.9	542730
1723	265550400	20.9	542730
1723	268142400	23.2	542730
1723	270820800	21.3	542730
1723	273499200	14.8	542730
1723	276091200	5	542730
1723	278769600	-1.5	542730
1723	281361600	-13.4	542730
1723	284040000	-14.9	542730
1723	286718400	-13.3	542730
1723	289137600	-1.9	542730
1723	291816000	4.5	542730
1723	294408000	14.9	542730
1723	297086400	20.4	542730
1723	299678400	22.2	542730
1723	302356800	20.4	542730
1723	305035200	13.6	542730
1723	307627200	8.3	542730
1723	310305600	-6	542730
1723	312897600	-10.1	542730
1723	315576000	-18.6	542730
1723	318254400	-14.1	542730
1723	320760000	-2.7	542730
1723	323438400	4.4	542730
1723	326030400	14.2	542730
1723	328708800	20.5	542730
1723	331300800	21.6	542730
1723	333979200	21.2	542730
1723	336657600	13.1	542730
1723	339249600	5	542730
1723	341928000	-0.6	542730
1723	344520000	-16.2	542730
1723	347198400	-21.2	542730
1723	349876800	-13.3	542730
1723	352296000	-1.4	542730
1723	354974400	8.7	542730
1723	357566400	13.8	542730
1723	360244800	19.2	542730
1723	362836800	24	542730
1723	365515200	20.2	542730
1723	368193600	14.4	542730
1723	370785600	5.7	542730
1723	373464000	-7	542730
1723	376056000	-10.6	542730
1723	378734400	-18.3	542730
1723	381412800	-10.3	542730
1723	383832000	-1.3	542730
1723	386510400	8.7	542730
1723	389102400	14.2	542730
1723	391780800	19.8	542730
1723	394372800	22.2	542730
1723	397051200	23.2	542730
1723	399729600	13.6	542730
1723	402321600	7.6	542730
1723	4.05e+08	-1.8	542730
1723	407592000	-13.5	542730
1723	410270400	-16.1	542730
1723	412948800	-14.9	542730
1723	415368000	-2.2	542730
1723	418046400	9.5	542730
1723	420638400	15.5	542730
1723	423316800	18.4	542730
1723	425908800	21.4	542730
1723	428587200	22.4	542730
1723	431265600	16.8	542730
1723	433857600	5.3	542730
1723	436536000	-3.4	542730
1723	439128000	-11.6	542730
1723	441806400	-17.1	542730
1723	444484800	-13.4	542730
1723	446990400	-5.6	542730
1723	449668800	6.5	542730
1723	452260800	15	542730
1723	454939200	19.7	542730
1723	457531200	22.6	542730
1723	460209600	22.4	542730
1723	462888000	14.1	542730
1723	465480000	5.8	542730
1723	468158400	-1.7	542730
1723	470750400	-11.8	542730
1723	473428800	-19.7	542730
1723	476107200	-13.4	542730
1723	478526400	-4.5	542730
1723	481204800	7.8	542730
1723	483796800	15.3	542730
1723	486475200	19.5	542730
1723	489067200	22.3	542730
1723	491745600	22.6	542730
1723	494424000	14.2	542730
1723	497016000	7.8	542730
1723	499694400	-4.9	542730
1723	502286400	-17.9	542730
1723	504964800	-19.9	542730
1723	507643200	-14.9	542730
1723	510062400	-1.9	542730
1723	512740800	6.6	542730
1723	515332800	13.9	542730
1723	518011200	20.2	542730
1723	520603200	21.8	542730
1723	523281600	20.2	542730
1723	525960000	14.8	542730
1723	528552000	5.8	542730
1723	531230400	-3.8	542730
1723	533822400	-12.8	542730
1723	536500800	-19.7	542730
1723	539179200	-13	542730
1723	541598400	-5.1	542730
1723	544276800	6.9	542730
1723	546868800	14.1	542730
1723	549547200	19.4	542730
1723	552139200	21.8	542730
1723	554817600	21.9	542730
1723	557496000	14.5	542730
1723	560088000	7.6	542730
1723	562766400	-4.5	542730
1723	565358400	-10.9	542730
1723	568036800	-13.3	542730
1723	570715200	-13.3	542730
1723	573220800	-3.1	542730
1723	575899200	6.1	542730
1723	578491200	13.5	542730
1723	581169600	20.4	542730
1723	583761600	23	542730
1723	586440000	23.2	542730
1723	589118400	15.8	542730
1723	591710400	7.6	542730
1723	594388800	-3.1	542730
1723	596980800	-13.3	542730
1723	599659200	-14.4	542730
1723	602337600	-8.6	542730
1723	604756800	0.1	542730
1723	607435200	8.5	542730
1723	610027200	14.8	542730
1723	612705600	19.4	542730
1723	615297600	21.8	542730
1723	617976000	21.3	542730
1723	620654400	13.9	542730
1723	623246400	7.5	542730
1723	625924800	-2	542730
1723	628516800	-11.7	542730
1723	631195200	-19.4	542730
1723	633873600	-8.1	542730
1723	636292800	2.1	542730
1723	638971200	7.1	542730
1723	641563200	14.4	542730
1723	644241600	19.6	542730
1723	646833600	22.8	542730
1723	649512000	22.2	542730
1723	652190400	15.1	542730
1723	654782400	8.3	542730
1723	657460800	0.3	542730
1723	660052800	-11.4	542730
1723	662731200	-18.5	542730
1723	665409600	-12.6	542730
1723	667828800	-4.3	542730
1723	670507200	7.5	542730
1723	673099200	13.9	542730
1723	675777600	19.7	542730
1723	678369600	22.2	542730
1723	681048000	23	542730
1723	683726400	15.7	542730
1723	686318400	7.3	542730
1723	688996800	-1.8	542730
1723	691588800	-11.4	542730
1723	694267200	-12.7	542730
1723	696945600	-10.6	542730
1723	699451200	-0.3	542730
1723	702129600	8	542730
1723	704721600	13.7	542730
1723	707400000	18	542730
1723	709992000	22.9	542730
1723	712670400	21.7	542730
1723	715348800	14	542730
1723	717940800	7.2	542730
1723	720619200	-4.1	542730
1723	723211200	-12.8	542730
1723	725889600	-17.1	542730
1723	728568000	-9.2	542730
1723	730987200	0.1	542730
1723	733665600	6.6	542730
1723	736257600	15	542730
1723	738936000	19.3	542730
1723	741528000	22.3	542730
1723	744206400	20.4	542730
1723	746884800	14.8	542730
1723	749476800	6.3	542730
1723	752155200	-3.9	542730
1723	754747200	-13.9	542730
1723	757425600	-17.8	542730
1723	760104000	-12	542730
1723	762523200	-3.2	542730
1723	765201600	9.4	542730
1723	767793600	14.1	542730
1723	770472000	21.6	542730
1723	773064000	25.1	542730
1723	775742400	23.2	542730
1723	778420800	15.6	542730
1723	781012800	7.6	542730
1723	783691200	-0.8	542730
1723	786283200	-13.5	542730
1723	788961600	-13	542730
1723	791640000	-8.8	542730
1723	794059200	0.1	542730
1723	796737600	6.4	542730
1723	799329600	12.5	542730
1723	802008000	20	542730
1723	804600000	22	542730
1724	-1767182400	-12	542920
1724	-1764504000	-10.2	542920
1724	-1762084800	-3.5	542920
1724	-1759406400	7.7	542920
1724	-1756814400	15.1	542920
1724	-1754136000	18.4	542920
1724	-1751544000	21.4	542920
1724	-1748865600	21.3	542920
1724	-1746187200	15.4	542920
1724	-1743595200	7.9	542920
1724	-1740916800	-3.6	542920
1724	-1738324800	-12.7	542920
1724	-1735646400	-18.6	542920
1724	-1732968000	-14.5	542920
1724	-1730548800	-6.5	542920
1724	-1727870400	3.8	542920
1724	-1725278400	10.5	542920
1724	-1722600000	17.6	542920
1724	-1720008000	21.4	542920
1724	-1717329600	21.7	542920
1724	-1714651200	14.1	542920
1724	-1712059200	6.4	542920
1724	-1709380800	-2.5	542920
1724	-1706788800	-9.7	542920
1724	-1704110400	-11.7	542920
1724	-1701432000	-10.6	542920
1724	-1698926400	-6.5	542920
1724	-1696248000	4.5	542920
1724	-1693656000	12.4	542920
1724	-1690977600	18.9	542920
1724	-1688385600	21.7	542920
1724	-1685707200	22.8	542920
1724	-1683028800	14.3	542920
1724	-1680436800	7	542920
1724	-1677758400	-3.3	542920
1724	-1675166400	-12.8	542920
1724	-1672488000	-15.7	542920
1724	-1669809600	-9.6	542920
1724	-1667390400	-2.9	542920
1724	-1664712000	6.2	542920
1724	-1662120000	11.2	542920
1724	-1659441600	20.6	542920
1724	-1656849600	23.2	542920
1724	-1654171200	23	542920
1724	-1651492800	15	542920
1724	-1648900800	7	542920
1724	-1646222400	-5.7	542920
1724	-1643630400	-13	542920
1724	-1640952000	-13.9	542920
1724	-1638273600	-9.3	542920
1724	-1635854400	-1.9	542920
1724	-1633176000	6.5	542920
1724	-1630584000	12.5	542920
1724	-1627905600	17.4	542920
1724	-1625313600	20.7	542920
1724	-1622635200	21.5	542920
1724	-1619956800	15.1	542920
1724	-1617364800	7.1	542920
1731	-533736000	-12.2	543740
1731	-531316800	-0.4	543740
1731	-528638400	6.1	543740
1731	-526046400	13.7	543740
1731	-523368000	19.6	543740
1731	-520776000	23.6	543740
1731	-518097600	21.1	543740
1731	-515419200	15.4	543740
1731	-512827200	9.7	543740
1731	-510148800	-4.8	543740
1731	-507556800	-13.8	543740
1731	-504878400	-16	543740
1731	-502200000	-10.3	543740
1731	-499780800	-2.8	543740
1731	-497102400	8.6	543740
1731	-494510400	13.5	543740
1731	-491832000	18.8	543740
1731	-489240000	21.5	543740
1731	-486561600	23	543740
1731	-483883200	15.8	543740
1731	-481291200	6.5	543740
1731	-478612800	0.6	543740
1731	-476020800	-18.2	543740
1731	-473342400	-18.2	543740
1731	-470664000	-11.7	543740
1731	-468244800	-3.8	543740
1731	-465566400	6.5	543740
1731	-462974400	13.5	543740
1731	-460296000	19.9	543740
1731	-457704000	23.5	543740
1731	-455025600	23.8	543740
1731	-452347200	17.2	543740
1731	-449755200	7.2	543740
1731	-447076800	-1.6	543740
1731	-444484800	-7.9	543740
1731	-441806400	-16	543740
1731	-439128000	-12.9	543740
1731	-436622400	-2.4	543740
1731	-433944000	6	543740
1731	-431352000	13.6	543740
1731	-428673600	18.6	543740
1731	-426081600	22.9	543740
1731	-423403200	22.1	543740
1731	-420724800	16.8	543740
1731	-418132800	7.4	543740
1731	-415454400	-6.5	543740
1731	-412862400	-19.1	543740
1731	-410184000	-18.5	543740
1731	-407505600	-15.7	543740
1731	-405086400	-7.9	543740
1731	-402408000	7.8	543740
1731	-399816000	14.8	543740
1731	-397137600	18.7	543740
1731	-394545600	21.6	543740
1731	-391867200	21.3	543740
1731	-389188800	13.8	543740
1731	-386596800	7.8	543740
1731	-383918400	2.4	543740
1731	-381326400	-8.6	543740
1731	-378648000	-16.7	543740
1731	-375969600	-11.8	543740
1731	-373550400	-2.6	543740
1731	-370872000	7.4	543740
1731	-368280000	14	543740
1731	-365601600	19.4	543740
1731	-363009600	24.8	543740
1731	-360331200	20.9	543740
1731	-357652800	16.3	543740
1731	-355060800	7	543740
1731	-352382400	-1.3	543740
1731	-349790400	-6.2	543740
1731	-347112000	-18.4	543740
1731	-344433600	-6.5	543740
1731	-342014400	2	543740
1731	-339336000	7.7	543740
1731	-336744000	15.4	543740
1731	-334065600	18.4	543740
1731	-331473600	22.4	543740
1731	-328795200	23.4	543740
1731	-326116800	16.5	543740
1731	-323524800	9.7	543740
1731	-320846400	-4.6	543740
1731	-318254400	-10.9	543740
1731	-315576000	-17.9	543740
1731	-312897600	-7.4	543740
1731	-310392000	0.9	543740
1731	-307713600	7.2	543740
1731	-305121600	13.6	543740
1731	-302443200	18.9	543740
1731	-299851200	23.4	543740
1731	-297172800	22	543740
1731	-294494400	16.4	543740
1731	-291902400	8.3	543740
1731	-289224000	-2.4	543740
1731	-286632000	-16.8	543740
1731	-283953600	-18.8	543740
1731	-281275200	-10.7	543740
1731	-278856000	0.6	543740
1731	-276177600	8.5	543740
1731	-273585600	13.8	543740
1731	-270907200	19.2	543740
1731	-268315200	23.4	543740
1731	-265636800	22.5	543740
1731	-262958400	15.7	543740
1731	-260366400	7.8	543740
1731	-257688000	0.7	543740
1731	-255096000	-11.2	543740
1731	-252417600	-14.7	543740
1731	-249739200	-11.9	543740
1731	-247320000	-3.1	543740
1731	-244641600	6.8	543740
1731	-242049600	14.8	543740
1731	-239371200	19.2	543740
1731	-236779200	23.5	543740
1731	-234100800	22.2	543740
1731	-231422400	15.2	543740
1731	-228830400	6.9	543740
1731	-226152000	-3	543740
1731	-223560000	-10.4	543740
1731	-220881600	-19.5	543740
1731	-218203200	-11.2	543740
1731	-215784000	0	543740
1731	-213105600	7.4	543740
1731	-210513600	14.5	543740
1731	-207835200	19.8	543740
1731	-205243200	22.1	543740
1731	-202564800	23.1	543740
1731	-199886400	15	543740
1731	-197294400	6.6	543740
1731	-194616000	-2.8	543740
1731	-192024000	-12.8	543740
1731	-189345600	-15.8	543740
1731	-186667200	-16.6	543740
1731	-184161600	-2.9	543740
1731	-181483200	9.1	543740
1731	-178891200	15.9	543740
1731	-176212800	19.1	543740
1731	-173620800	22.1	543740
1731	-170942400	22.9	543740
1731	-168264000	15	543740
1731	-165672000	7.4	543740
1731	-162993600	-1.7	543740
1731	-160401600	-13.1	543740
1731	-157723200	-16.6	543740
1731	-155044800	-12.8	543740
1731	-152625600	-3.3	543740
1731	-149947200	5	543740
1731	-147355200	13.7	543740
1731	-144676800	19.6	543740
1731	-142084800	22.6	543740
1731	-139406400	21.7	543740
1731	-136728000	15.6	543740
1731	-134136000	8.9	543740
1731	-131457600	-0.5	543740
1731	-128865600	-13	543740
1731	-126187200	-18.2	543740
1731	-123508800	-9.4	543740
1731	-121089600	-0.6	543740
1731	-118411200	7.3	543740
1731	-115819200	14.6	543740
1731	-113140800	18.4	543740
1731	-110548800	21.5	543740
1731	-107870400	23.6	543740
1731	-105192000	14.2	543740
1731	-102600000	9	543740
1731	-99921600	-0.3	543740
1731	-97329600	-15	543740
1731	-94651200	-15.6	543740
1731	-91972800	-14.8	543740
1731	-89553600	0	543740
1731	-86875200	8.2	543740
1731	-84283200	16.6	543740
1731	-81604800	18.4	543740
1731	-79012800	23	543740
1731	-76334400	23.5	543740
1731	-73656000	14.9	543740
1731	-71064000	8.4	543740
1731	-68385600	-2.3	543740
1731	-65793600	-16.1	543740
1731	-63115200	-16.9	543740
1731	-60436800	-13.2	543740
1731	-57931200	-0.6	543740
1731	-55252800	9	543740
1731	-52660800	14.5	543740
1731	-49982400	18.5	543740
1731	-47390400	23.6	543740
1731	-44712000	21.5	543740
1731	-42033600	16.1	543740
1731	-39441600	7.2	543740
1731	-36763200	-2	543740
1731	-34171200	-8.9	543740
1731	-31492800	-15.3	543740
1731	-28814400	-12.9	543740
1731	-26395200	-3.4	543740
1731	-23716800	7.2	543740
1731	-21124800	12.8	543740
1731	-18446400	17	543740
1731	-15854400	22.1	543740
1731	-13176000	21.5	543740
1731	-10497600	15.5	543740
1731	-7905600	7.7	543740
1731	-5227200	-3.6	543740
1731	-2635200	-14.4	543740
1731	43200	-18.3	543740
1731	2721600	-11.1	543740
1731	5140800	-7.9	543740
1731	7819200	8.2	543740
1731	10411200	16.3	543740
1731	13089600	19.8	543740
1731	15681600	22.7	543740
1731	18360000	22.5	543740
1731	21038400	15.8	543740
1731	23630400	8.6	543740
1731	26308800	-1.4	543740
1731	28900800	-13.4	543740
1731	31579200	-15.1	543740
1731	34257600	-10.9	543740
1731	36676800	-4.1	543740
1731	39355200	7.7	543740
1731	41947200	14	543740
1731	44625600	19.5	543740
1731	47217600	22.2	543740
1731	49896000	21.7	543740
1731	52574400	15.4	543740
1731	55166400	7.2	543740
1731	57844800	1.3	543740
1731	60436800	-12.8	543740
1731	63115200	-12.9	543740
1731	65793600	-13.7	543740
1731	68299200	-0.1	543740
1731	70977600	7.1	543740
1731	73569600	13.4	543740
1731	76248000	18.4	543740
1731	78840000	23.4	543740
1731	81518400	19.2	543740
1731	84196800	14	543740
1731	86788800	7.2	543740
1731	89467200	-3.3	543740
1731	92059200	-11.8	543740
1731	94737600	-12.6	543740
1731	97416000	-10	543740
1731	99835200	-3.1	543740
1731	102513600	7.6	543740
1731	105105600	13.1	543740
1731	107784000	19.3	543740
1731	110376000	24.8	543740
1731	113054400	23.2	543740
1731	115732800	15.2	543740
1731	118324800	5.9	543740
1731	121003200	-2.3	543740
1731	123595200	-13.4	543740
1731	126273600	-14.4	543740
1731	128952000	-10.8	543740
1731	131371200	-1.1	543740
1731	134049600	7.1	543740
1731	136641600	13.9	543740
1731	139320000	17.2	543740
1731	141912000	23.9	543740
1731	144590400	22.3	543740
1731	147268800	15.8	543740
1731	149860800	5.7	543740
1731	152539200	-3	543740
1731	155131200	-11.7	543740
1731	157809600	-13.2	543740
1731	160488000	-10.7	543740
1731	162907200	-1	543740
1731	165585600	10.3	543740
1731	168177600	14.7	543740
1731	170856000	20.2	543740
1731	173448000	22.9	543740
1731	176126400	22.6	543740
1731	178804800	17.4	543740
1731	181396800	7.9	543740
1731	184075200	0.9	543740
1731	186667200	-16	543740
1731	189345600	-16.4	543740
1731	192024000	-6.9	543740
1731	194529600	-1	543740
1731	197208000	6.7	543740
1731	199800000	13.9	543740
1731	202478400	18.7	543740
1731	205070400	22.4	543740
1731	207748800	20.4	543740
1731	210427200	14.9	543740
1731	213019200	6.7	543740
1731	215697600	-6.2	543740
1731	218289600	-12.7	543740
1731	220968000	-19	543740
1731	223646400	-11.6	543740
1731	226065600	0.2	543740
1731	228744000	8.6	543740
1731	231336000	15	543740
1731	234014400	19.2	543740
1731	236606400	24.3	543740
1731	239284800	21	543740
1731	241963200	15.6	543740
1731	244555200	10.2	543740
1731	247233600	-1.6	543740
1731	249825600	-9.5	543740
1731	252504000	-14.6	543740
1731	255182400	-13.8	543740
1731	257601600	-0.7	543740
1731	260280000	7.5	543740
1731	262872000	14.4	543740
1731	265550400	20.3	543740
1731	268142400	23.3	543740
1731	270820800	21.9	543740
1731	273499200	15.7	543740
1731	276091200	6.4	543740
1731	278769600	-0.3	543740
1731	281361600	-11.5	543740
1731	284040000	-11.7	543740
1731	286718400	-10	543740
1731	289137600	-0.3	543740
1731	291816000	5.3	543740
1731	294408000	14.4	543740
1731	297086400	19.9	543740
1731	299678400	22.1	543740
1731	302356800	21.6	543740
1731	305035200	14.6	543740
1731	307627200	10.1	543740
1731	310305600	-3.5	543740
1731	312897600	-8.7	543740
1731	315576000	-15.8	543740
1731	318254400	-11.4	543740
1731	320760000	-1.1	543740
1731	323438400	5.9	543740
1731	326030400	15	543740
1731	328708800	20.4	543740
1731	331300800	22.2	543740
1731	333979200	21.7	543740
1731	336657600	14	543740
1731	339249600	6.4	543740
1731	341928000	1.3	543740
1731	344520000	-13.8	543740
1731	347198400	-17.8	543740
1731	349876800	-9.7	543740
1731	352296000	0.2	543740
1731	354974400	9.4	543740
1731	357566400	13.4	543740
1731	360244800	19.3	543740
1731	362836800	24.4	543740
1731	365515200	20.8	543740
1731	368193600	15.2	543740
1731	370785600	6.4	543740
1731	373464000	-4.8	543740
1731	376056000	-9.3	543740
1731	378734400	-16.7	543740
1731	381412800	-8.1	543740
1731	383832000	0.4	543740
1731	386510400	9.7	543740
1731	389102400	14.3	543740
1731	391780800	19.3	543740
1731	394372800	22.6	543740
1731	397051200	23.9	543740
1731	399729600	14.7	543740
1731	402321600	9.2	543740
1731	4.05e+08	-0.1	543740
1731	407592000	-12.5	543740
1731	410270400	-16	543740
1731	412948800	-11.1	543740
1731	415368000	-0.1	543740
1731	418046400	10.4	543740
1731	420638400	15.8	543740
1731	423316800	18.5	543740
1731	425908800	21.9	543740
1731	428587200	23.6	543740
1731	431265600	17.5	543740
1731	433857600	6.4	543740
1731	436536000	-2	543740
1731	439128000	-11.9	543740
1731	441806400	-16.1	543740
1731	444484800	-11.6	543740
1731	446990400	-3.9	543740
1731	449668800	7.5	543740
1731	452260800	14.7	543740
1731	454939200	19.8	543740
1731	457531200	23	543740
1731	460209600	23.4	543740
1731	462888000	15	543740
1731	465480000	6.9	543740
1731	468158400	-1.7	543740
1731	470750400	-11.3	543740
1731	473428800	-17.6	543740
1731	476107200	-9.6	543740
1731	478526400	-2.6	543740
1731	481204800	8.4	543740
1731	483796800	15.2	543740
1731	486475200	19.1	543740
1731	489067200	22.4	543740
1731	491745600	23	543740
1731	494424000	15	543740
1731	497016000	8.2	543740
1731	499694400	-2.5	543740
1731	502286400	-15.3	543740
1731	504964800	-16.6	543740
1731	507643200	-11.2	543740
1731	510062400	0.6	543740
1731	512740800	7.5	543740
1731	515332800	13.8	543740
1731	518011200	20	543740
1731	520603200	21.7	543740
1731	523281600	20.8	543740
1731	525960000	15.5	543740
1731	528552000	6.6	543740
1731	531230400	-2.4	543740
1731	533822400	-8.8	543740
1731	536500800	-16.5	543740
1731	539179200	-10.5	543740
1731	541598400	-3.2	543740
1731	544276800	7.1	543740
1731	546868800	14.6	543740
1731	549547200	19.1	543740
1731	552139200	21.6	543740
1731	554817600	22.1	543740
1731	557496000	15.1	543740
1731	560088000	8.3	543740
1731	562766400	-2.4	543740
1731	565358400	-9.3	543740
1731	568036800	-11.3	543740
1731	570715200	-11.1	543740
1731	573220800	-1.9	543740
1731	575899200	7.5	543740
1731	578491200	13.7	543740
1731	581169600	19.5	543740
1731	583761600	23.8	543740
1731	586440000	24	543740
1731	589118400	16.6	543740
1731	591710400	7.9	543740
1731	594388800	-2.1	543740
1731	596980800	-11	543740
1731	599659200	-11.5	543740
1731	602337600	-6.1	543740
1731	604756800	0.7	543740
1731	607435200	9.7	543740
1731	610027200	14.8	543740
1731	612705600	19.4	543740
1731	615297600	21.7	543740
1731	617976000	21.9	543740
1731	620654400	15	543740
1731	623246400	7.5	543740
1731	625924800	-1.7	543740
1731	628516800	-9.2	543740
1731	631195200	-15.8	543740
1731	633873600	-5	543740
1731	636292800	2.9	543740
1731	638971200	7.8	543740
1731	641563200	14.5	543740
1731	644241600	19.7	543740
1731	646833600	23.1	543740
1731	649512000	22.4	543740
1731	652190400	16	543740
1731	654782400	8.9	543740
1731	657460800	1.6	543740
1731	660052800	-9.6	543740
1731	662731200	-14.9	543740
1731	665409600	-9.5	543740
1731	667828800	-2.1	543740
1731	670507200	8.1	543740
1731	673099200	13.7	543740
1731	675777600	19	543740
1731	678369600	22.4	543740
1731	681048000	23.3	543740
1731	683726400	16	543740
1731	686318400	6.9	543740
1731	688996800	-1.8	543740
1731	691588800	-9.8	543740
1731	694267200	-12	543740
1731	696945600	-8.6	543740
1731	699451200	1	543740
1731	702129600	8.2	543740
1731	704721600	13.7	543740
1731	707400000	17.5	543740
1731	709992000	22.4	543740
1731	712670400	21.9	543740
1731	715348800	14.7	543740
1731	717940800	7.9	543740
1731	720619200	-2	543740
1731	723211200	-10.7	543740
1731	725889600	-14.3	543740
1731	728568000	-7.6	543740
1731	730987200	0.5	543740
1731	733665600	7.3	543740
1731	736257600	14.8	543740
1731	738936000	19.2	543740
1731	741528000	22.5	543740
1731	744206400	21.3	543740
1731	746884800	15.6	543740
1731	749476800	6.5	543740
1731	752155200	-1.1	543740
1731	754747200	-12.1	543740
1731	757425600	-14.7	543740
1731	760104000	-10.2	543740
1731	762523200	-2.9	543740
1731	765201600	10.1	543740
1731	767793600	14.1	543740
1731	770472000	20.9	543740
1731	773064000	25.9	543740
1731	775742400	24	543740
1731	778420800	16.1	543740
1731	781012800	8.5	543740
1731	783691200	-0.1	543740
1731	786283200	-11.2	543740
1731	788961600	-12.4	543740
1731	791640000	-7.2	543740
1731	794059200	0.4	543740
1731	796737600	6.7	543740
1731	799329600	12.5	543740
1731	802008000	18.8	543740
1731	804600000	22.7	543740
1731	807278400	22	543740
1731	809956800	14.9	543740
1731	812548800	9.2	543740
1731	815227200	-1.8	543740
1731	817819200	-10.2	543740
1731	820497600	-14.2	543740
1731	823176000	-9.6	543740
1731	825681600	-1.7	543740
1731	828360000	6.7	543740
1731	830952000	15.1	543740
1731	833630400	20	543740
1731	836222400	22.5	543740
1731	838900800	21.5	543740
1731	841579200	16.4	543740
1731	844171200	6.9	543740
1731	846849600	-3.2	543740
1731	849441600	-9.4	543740
1731	852120000	-15.6	543740
1731	854798400	-8.2	543740
1731	857217600	1.3	543740
1731	859896000	8.2	543740
1731	862488000	13.7	543740
1731	865166400	20.2	543740
1731	867758400	24.5	543740
1731	870436800	23.5	543740
1731	873115200	14.5	543740
1731	875707200	6	543740
1731	878385600	-0.4	543740
1731	880977600	-10	543740
1731	883656000	-12.7	543740
1731	886334400	-4.5	543740
1731	888753600	2.2	543740
1731	891432000	13.2	543740
1731	894024000	15.8	543740
1731	896702400	20.5	543740
1731	899294400	23.6	543740
1731	901972800	22.4	543740
1731	904651200	18	543740
1731	907243200	11.1	543740
1731	909921600	-1.7	543740
1731	912513600	-10.3	543740
1731	915192000	-12.2	543740
1731	917870400	-7.9	543740
1731	920289600	-1	543740
1731	922968000	8.8	543740
1731	925560000	13.6	543740
1731	928238400	19.7	543740
1731	930830400	25	543740
1731	933508800	22.9	543740
1731	936187200	17.1	543740
1731	938779200	8	543740
1731	941457600	-1	543740
1731	944049600	-10.6	543740
1731	946728000	-16.2	543740
1731	949406400	-12	543740
1731	951912000	-0.2	543740
1731	954590400	7.1	543740
1731	957182400	16	543740
1731	959860800	21.2	543740
1731	962452800	24.4	543740
1731	965131200	24.1	543740
1731	967809600	16.8	543740
1731	970401600	6.9	543740
1731	973080000	-3	543740
1731	975672000	-11.4	543740
1731	978350400	-18	543740
1731	981028800	-10.3	543740
1731	983448000	-1.7	543740
1731	986126400	8.6	543740
1731	988718400	16.5	543740
1731	991396800	21.1	543740
1731	993988800	23.6	543740
1731	996667200	22.3	543740
1731	999345600	16.4	543740
1731	1001937600	10.4	543740
1731	1004616000	-1.4	543740
1731	1007208000	-11.9	543740
1731	1009886400	-11.9	543740
1731	1012564800	-5.8	543740
1731	1014984000	2.4	543740
1731	1017662400	10	543740
1731	1020254400	16	543740
1731	1022932800	19	543740
1731	1025524800	23.8	543740
1731	1028203200	21.9	543740
1731	1030881600	16.1	543740
1731	1033473600	6.2	543740
1731	1036152000	-6.2	543740
1731	1038744000	-12.8	543740
1731	1041422400	-15	543740
1731	1044100800	-6.5	543740
1731	1046520000	0	543740
1731	1049198400	9.3	543740
1731	1051790400	16.1	543740
1731	1054468800	20.2	543740
1731	1057060800	22.4	543740
1731	1059739200	21.1	543740
1731	1062417600	16.3	543740
1731	1065009600	7.3	543740
1731	1067688000	-1.1	543740
1731	1070280000	-11	543740
1731	1072958400	-12.6	543740
1731	1075636800	-7.2	543740
1731	1078142400	-1	543740
1731	1080820800	9.2	543740
1731	1083412800	14.6	543740
1731	1086091200	21.1	543740
1731	1088683200	22.9	543740
1731	1091361600	21.7	543740
1731	1094040000	16.8	543740
1731	1096632000	8.6	543740
1731	1099310400	0.7	543740
1731	1101902400	-11.8	543740
1731	1104580800	-13.9	543740
1731	1107259200	-12.1	543740
1731	1109678400	-2.8	543740
1731	1112356800	9	543740
1731	1114948800	13.3	543740
1731	1117627200	20.6	543740
1731	1120219200	23.7	543740
1731	1122897600	22.4	543740
1731	1125576000	17.1	543740
1731	1128168000	8.1	543740
1731	1130846400	0.4	543740
1731	1133438400	-15.9	543740
1731	1136116800	-14.9	543740
1731	1138795200	-9.4	543740
1731	1141214400	-1.1	543740
1731	1143892800	6.3	543740
1731	1146484800	15.8	543740
1731	1149163200	19.3	543740
1731	1151755200	23.1	543740
1731	1154433600	23.6	543740
1731	1157112000	16.6	543740
1731	1159704000	11	543740
1731	1162382400	-0.8	543740
1731	1164974400	-9.6	543740
1731	1167652800	-11.2	543740
1731	1170331200	-4.6	543740
1731	1172750400	-0.9	543740
1731	1175428800	6.5	543740
1731	1178020800	15.2	543740
1731	1180699200	21.5	543740
1731	1183291200	22.7	543740
1731	1185969600	23	543740
1731	1188648000	17.2	543740
1731	1191240000	8	543740
1731	1193918400	-1.5	543740
1731	1196510400	-8.2	543740
1731	1199188800	-14.4	543740
1731	1201867200	-9.2	543740
1731	1204372800	2.6	543740
1731	1207051200	10.5	543740
1731	1209643200	14.6	543740
1731	1212321600	20.4	543740
1731	1214913600	23.7	543740
1731	1217592000	22.6	543740
1731	1220270400	16.9	543740
1731	1222862400	9.6	543740
1731	1225540800	-1.3	543740
1731	1228132800	-10.1	543740
1731	1230811200	-12.7	543740
1731	1233489600	-7.9	543740
1731	1235908800	-1.4	543740
1731	1238587200	8.8	543740
1731	1241179200	16.8	543740
1731	1243857600	18.4	543740
1731	1246449600	22	543740
1731	1249128000	22.3	543740
1731	1251806400	16.3	543740
1731	1254398400	8.8	543740
1731	1257076800	-2.6	543740
1731	1259668800	-12.2	543740
1731	1262347200	-14.8	543740
1731	1265025600	-9.3	543740
1731	1267444800	-4.3	543740
1731	1270123200	4.6	543740
1731	1272715200	15.2	543740
1731	1275393600	21.9	543740
1731	1277985600	23.3	543740
1731	1280664000	22.1	543740
1731	1283342400	17.3	543740
1731	1285934400	7.6	543740
1731	1288612800	-2.4	543740
1731	1291204800	-11.8	543740
1731	1293883200	-17.3	543740
1731	1296561600	-7.9	543740
1731	1298980800	-1.8	543740
1731	1301659200	6.9	543740
1731	1304251200	14.4	543740
1731	1306929600	18.9	543740
1731	1309521600	24.1	543740
1731	1312200000	22.9	543740
1731	1314878400	15.1	543740
1731	1317470400	8	543740
1731	1320148800	-0.6	543740
1731	1322740800	-13.1	543740
1731	1325419200	-15.6	543740
1731	1328097600	-11.7	543740
1731	1330603200	-2	543740
1731	1333281600	8.1	543740
1731	1335873600	15.6	543740
1731	1338552000	19.7	543740
1731	1341144000	23	543740
1731	1343822400	22	543740
1731	1346500800	16.3	543740
1731	1349092800	7.3	543740
1731	1351771200	-2.4	543740
1731	1354363200	-15.5	543740
1732	-504878400	-12.9	543770
1732	-502200000	-6.8	543770
1732	-499780800	-0.7	543770
1732	-497102400	10.2	543770
1732	-494510400	15.3	543770
1732	-491832000	20	543770
1732	-489240000	22.6	543770
1732	-486561600	24.2	543770
1732	-483883200	17.7	543770
1732	-481291200	8.6	543770
1732	-478612800	3	543770
1732	-476020800	-13.8	543770
1732	-473342400	-15.2	543770
1732	-470664000	-8.8	543770
1732	-468244800	-1.6	543770
1732	-465566400	8.2	543770
1732	-462974400	15.7	543770
1732	-460296000	21.7	543770
1732	-457704000	24.7	543770
1732	-455025600	25.6	543770
1732	-452347200	19	543770
1732	-449755200	9.2	543770
1732	-447076800	1.5	543770
1732	-444484800	-5.6	543770
1732	-441806400	-13.9	543770
1732	-439128000	-11.3	543770
1732	-436622400	-0.2	543770
1732	-433944000	8.2	543770
1732	-431352000	15.2	543770
1732	-428673600	20.1	543770
1732	-426081600	24.4	543770
1732	-423403200	23.6	543770
1732	-420724800	18.3	543770
1732	-418132800	9.3	543770
1732	-415454400	-3.8	543770
1732	-412862400	-17.8	543770
1732	-410184000	-16.7	543770
1732	-407505600	-14.3	543770
1732	-405086400	-6.2	543770
1732	-402408000	9.4	543770
1732	-399816000	16.7	543770
1732	-397137600	20.3	543770
1732	-394545600	22.5	543770
1732	-391867200	22.8	543770
1732	-389188800	15.4	543770
1732	-386596800	9.1	543770
1732	-383918400	3.8	543770
1732	-381326400	-7.1	543770
1732	-378648000	-15.4	543770
1732	-375969600	-10.4	543770
1732	-373550400	-0.5	543770
1732	-370872000	9.4	543770
1732	-368280000	15.9	543770
1732	-365601600	21.3	543770
1732	-363009600	26.3	543770
1732	-360331200	22.5	543770
1732	-357652800	17.8	543770
1732	-355060800	8.7	543770
1732	-352382400	0.6	543770
1732	-349790400	-4.1	543770
1732	-347112000	-17.7	543770
1732	-344433600	-4.4	543770
1732	-342014400	3.4	543770
1732	-339336000	8.8	543770
1732	-336744000	17	543770
1732	-334065600	19.8	543770
1732	-331473600	23.4	543770
1732	-328795200	24.5	543770
1732	-326116800	17.9	543770
1732	-323524800	11.3	543770
1732	-320846400	-2.4	543770
1732	-318254400	-7.7	543770
1732	-315576000	-14.2	543770
1732	-312897600	-5.3	543770
1732	-310392000	2.6	543770
1732	-307713600	8.2	543770
1732	-305121600	14.9	543770
1732	-302443200	19.9	543770
1732	-299851200	24.6	543770
1732	-297172800	22.9	543770
1732	-294494400	18.1	543770
1732	-291902400	10.3	543770
1732	-289224000	-0.4	543770
1732	-286632000	-15.4	543770
1732	-283953600	-18.1	543770
1732	-281275200	-9.3	543770
1732	-278856000	2.4	543770
1732	-276177600	10.1	543770
1732	-273585600	15.5	543770
1732	-270907200	21.4	543770
1732	-268315200	24.7	543770
1732	-265636800	23.9	543770
1732	-262958400	17.3	543770
1732	-260366400	9.6	543770
1732	-257688000	2.7	543770
1732	-255096000	-8.3	543770
1732	-252417600	-12.5	543770
1732	-249739200	-7.7	543770
1732	-247320000	-0.7	543770
1732	-244641600	8.3	543770
1732	-242049600	16.7	543770
1732	-239371200	20.9	543770
1732	-236779200	24.5	543770
1732	-234100800	23.6	543770
1732	-231422400	16.7	543770
1732	-228830400	8.8	543770
1732	-226152000	-1.1	543770
1732	-223560000	-8.3	543770
1732	-220881600	-19.5	543770
1732	-218203200	-9.6	543770
1732	-215784000	2.2	543770
1732	-213105600	9	543770
1732	-210513600	16.2	543770
1732	-207835200	21.5	543770
1732	-205243200	23.5	543770
1732	-202564800	24.6	543770
1732	-199886400	16.7	543770
1732	-197294400	8.7	543770
1732	-194616000	-1.2	543770
1732	-192024000	-10.1	543770
1732	-189345600	-11.6	543770
1732	-186667200	-14.4	543770
1732	-184161600	-0.7	543770
1732	-181483200	11.1	543770
1732	-178891200	17.7	543770
1732	-176212800	20.6	543770
1732	-173620800	23.2	543770
1732	-170942400	24.1	543770
1732	-168264000	16.9	543770
1732	-165672000	8.8	543770
1732	-162993600	0	543770
1732	-160401600	-10.9	543770
1732	-157723200	-16.2	543770
1732	-155044800	-12.8	543770
1732	-152625600	-1.8	543770
1732	-149947200	6.7	543770
1732	-147355200	15.4	543770
1732	-144676800	21.1	543770
1732	-142084800	24	543770
1732	-139406400	22.6	543770
1732	-136728000	16.9	543770
1732	-134136000	10.8	543770
1732	-131457600	0.7	543770
1732	-128865600	-10.7	543770
1732	-126187200	-16.3	543770
1732	-123508800	-8.1	543770
1732	-121089600	0.9	543770
1732	-118411200	8.6	543770
1732	-115819200	16	543770
1732	-113140800	19.8	543770
1732	-110548800	22.7	543770
1732	-107870400	24.4	543770
1732	-105192000	16.2	543770
1732	-102600000	10.1	543770
1732	-99921600	1	543770
1732	-97329600	-11.7	543770
1732	-94651200	-13.3	543770
1732	-91972800	-10.8	543770
1732	-89553600	1.7	543770
1732	-86875200	9.7	543770
1732	-84283200	18	543770
1732	-81604800	19.3	543770
1732	-79012800	24	543770
1732	-76334400	24.5	543770
1732	-73656000	16.3	543770
1732	-71064000	9.7	543770
1732	-68385600	0	543770
1732	-65793600	-12.9	543770
1732	-63115200	-13.7	543770
1732	-60436800	-10.9	543770
1732	-57931200	1.2	543770
1732	-55252800	10.1	543770
1732	-52660800	15.7	543770
1732	-49982400	19.7	543770
1732	-47390400	24.4	543770
1732	-44712000	22.6	543770
1732	-42033600	17.2	543770
1732	-39441600	8.7	543770
1732	-36763200	0.7	543770
1732	-34171200	-7	543770
1732	-31492800	-13.7	543770
1732	-28814400	-10.9	543770
1732	-26395200	-1.8	543770
1732	-23716800	8.4	543770
1732	-21124800	14.1	543770
1732	-18446400	17.9	543770
1732	-15854400	22.7	543770
1732	-13176000	22.5	543770
1732	-10497600	17.1	543770
1732	-7905600	8.7	543770
1732	-5227200	-1	543770
1732	-2635200	-11.4	543770
1732	43200	-14.7	543770
1732	2721600	-8.5	543770
1732	5140800	-5.3	543770
1732	7819200	9.1	543770
1732	10411200	17.7	543770
1732	13089600	20.6	543770
1732	15681600	23.2	543770
1732	18360000	23.7	543770
1732	21038400	17.3	543770
1732	23630400	10.5	543770
1732	26308800	0.4	543770
1732	28900800	-11.5	543770
1732	31579200	-12	543770
1732	34257600	-9.1	543770
1732	36676800	-3.1	543770
1732	39355200	8.9	543770
1732	41947200	15.2	543770
1732	44625600	20.9	543770
1732	47217600	22.7	543770
1732	49896000	22.6	543770
1732	52574400	16.6	543770
1732	55166400	8.6	543770
1732	57844800	3	543770
1732	60436800	-9.8	543770
1732	63115200	-8.7	543770
1732	65793600	-10.2	543770
1732	68299200	1.7	543770
1732	70977600	8.5	543770
1732	73569600	14.7	543770
1732	76248000	19.9	543770
1732	78840000	25	543770
1732	81518400	20.5	543770
1732	84196800	15.2	543770
1732	86788800	8.4	543770
1732	89467200	-1.7	543770
1732	92059200	-8.6	543770
1732	94737600	-8.6	543770
1732	97416000	-7.9	543770
1732	99835200	-1.3	543770
1732	102513600	9.1	543770
1732	105105600	13.9	543770
1732	107784000	20.3	543770
1732	110376000	24.9	543770
1732	113054400	24.1	543770
1732	115732800	16.8	543770
1732	118324800	8	543770
1732	121003200	-0.7	543770
1732	123595200	-10.1	543770
1732	126273600	-9.8	543770
1732	128952000	-7.8	543770
1732	131371200	0.3	543770
1732	134049600	8.6	543770
1732	136641600	15.6	543770
1732	139320000	18.5	543770
1732	141912000	24.5	543770
1732	144590400	23.2	543770
1732	147268800	17	543770
1732	149860800	7.2	543770
1732	152539200	-1.2	543770
1732	155131200	-8.8	543770
1732	157809600	-11	543770
1732	160488000	-7.8	543770
1732	162907200	0.9	543770
1732	165585600	11.5	543770
1732	168177600	15.8	543770
1732	170856000	20.9	543770
1732	173448000	23.8	543770
1732	176126400	23.9	543770
1732	178804800	18.8	543770
1732	181396800	9.6	543770
1732	184075200	3.3	543770
1732	186667200	-11.7	543770
1732	189345600	-14	543770
1732	192024000	-4.2	543770
1732	194529600	0.9	543770
1732	197208000	7.7	543770
1732	199800000	14.8	543770
1732	202478400	19.9	543770
1732	205070400	23.5	543770
1732	207748800	21.8	543770
1732	210427200	16.3	543770
1732	213019200	8.4	543770
1732	215697600	-3.1	543770
1732	218289600	-8.9	543770
1732	220968000	-15.3	543770
1732	223646400	-9.4	543770
1732	226065600	1.7	543770
1732	228744000	9.8	543770
1732	231336000	15.6	543770
1732	234014400	20.5	543770
1732	236606400	25.1	543770
1732	239284800	22.3	543770
1732	241963200	17	543770
1732	244555200	11.9	543770
1732	247233600	1	543770
1732	249825600	-5.9	543770
1732	252504000	-11.3	543770
1732	255182400	-11.2	543770
1732	257601600	0.7	543770
1732	260280000	8.8	543770
1732	262872000	16.4	543770
1732	265550400	21.4	543770
1732	268142400	24.7	543770
1732	270820800	23.6	543770
1732	273499200	17.2	543770
1732	276091200	8.3	543770
1732	278769600	2.2	543770
1732	281361600	-7.8	543770
1732	284040000	-8.8	543770
1732	286718400	-7.1	543770
1732	289137600	2.1	543770
1732	291816000	7.2	543770
1732	294408000	15.8	543770
1732	297086400	20.7	543770
1732	299678400	23	543770
1732	302356800	22.8	543770
1732	305035200	15.9	543770
1732	307627200	11.7	543770
1732	310305600	-1.1	543770
1732	312897600	-5.1	543770
1732	315576000	-12.3	543770
1732	318254400	-8.7	543770
1732	320760000	1.5	543770
1732	323438400	7.5	543770
1732	326030400	16	543770
1732	328708800	21.4	543770
1732	331300800	23.3	543770
1732	333979200	22.9	543770
1732	336657600	15.8	543770
1732	339249600	8.3	543770
1732	341928000	3.1	543770
1732	344520000	-12.8	543770
1732	347198400	-17.7	543770
1732	349876800	-8.1	543770
1732	352296000	1.9	543770
1732	354974400	11.1	543770
1732	357566400	14.3	543770
1732	360244800	20.1	543770
1732	362836800	24.6	543770
1732	365515200	22.1	543770
1732	368193600	16.3	543770
1732	370785600	7.9	543770
1732	373464000	-2.4	543770
1732	376056000	-7	543770
1732	378734400	-13.4	543770
1732	381412800	-5.2	543770
1732	383832000	2.3	543770
1732	386510400	11	543770
1732	389102400	15.6	543770
1732	391780800	20.4	543770
1732	394372800	23.2	543770
1732	397051200	24.7	543770
1732	399729600	16.2	543770
1732	402321600	11.2	543770
1732	4.05e+08	1.9	543770
1732	407592000	-8.5	543770
1732	410270400	-12	543770
1732	412948800	-7.9	543770
1732	415368000	2.3	543770
1732	418046400	11.6	543770
1732	420638400	16.4	543770
1732	423316800	19.8	543770
1732	425908800	22.7	543770
1732	428587200	24.4	543770
1732	431265600	19.2	543770
1732	433857600	8.5	543770
1732	436536000	0.7	543770
1732	439128000	-8.6	543770
1732	441806400	-12.8	543770
1732	444484800	-9.1	543770
1732	446990400	-2.1	543770
1732	449668800	8.7	543770
1732	452260800	16.1	543770
1732	454939200	20.4	543770
1732	457531200	23.8	543770
1732	460209600	24	543770
1732	462888000	16.5	543770
1732	465480000	8.3	543770
1732	468158400	0.5	543770
1732	470750400	-7.8	543770
1732	473428800	-14.4	543770
1732	476107200	-7.8	543770
1732	478526400	-1	543770
1732	481204800	9.3	543770
1732	483796800	16.6	543770
1732	486475200	20	543770
1732	489067200	23	543770
1732	491745600	24	543770
1732	494424000	16.6	543770
1732	497016000	9.8	543770
1732	499694400	-0.2	543770
1732	502286400	-11.8	543770
1732	504964800	-13.5	543770
1732	507643200	-9.1	543770
1732	510062400	2.5	543770
1732	512740800	8.7	543770
1732	515332800	15.2	543770
1732	518011200	21	543770
1732	520603200	22.6	543770
1732	523281600	21.8	543770
1732	525960000	16.8	543770
1732	528552000	8.5	543770
1732	531230400	-0.2	543770
1732	533822400	-5.5	543770
1732	536500800	-12.7	543770
1732	539179200	-7.9	543770
1732	541598400	-1.2	543770
1732	544276800	8.4	543770
1732	546868800	15.9	543770
1732	549547200	20.5	543770
1732	552139200	22.6	543770
1732	554817600	23.3	543770
1732	557496000	16.6	543770
1732	560088000	10.5	543770
1732	562766400	0	543770
1732	565358400	-6.9	543770
1732	568036800	-9	543770
1732	570715200	-8.2	543770
1732	573220800	0	543770
1732	575899200	9	543770
1732	578491200	15.1	543770
1732	581169600	20.7	543770
1732	583761600	24.7	543770
1732	586440000	25.1	543770
1732	589118400	18.2	543770
1732	591710400	9.4	543770
1732	594388800	-0.3	543770
1732	596980800	-7.4	543770
1732	599659200	-7.3	543770
1732	602337600	-3.1	543770
1732	604756800	2.2	543770
1732	607435200	11.2	543770
1732	610027200	16.3	543770
1732	612705600	20.7	543770
1732	615297600	22.7	543770
1732	617976000	23.3	543770
1732	620654400	16.4	543770
1732	623246400	8.9	543770
1732	625924800	1.1	543770
1732	628516800	-5.8	543770
1732	631195200	-11.6	543770
1732	633873600	-2.3	543770
1732	636292800	4.7	543770
1732	638971200	9.3	543770
1732	641563200	15.4	543770
1732	644241600	21	543770
1732	646833600	24.2	543770
1732	649512000	23.6	543770
1732	652190400	17.7	543770
1732	654782400	10.8	543770
1732	657460800	3.4	543770
1732	660052800	-6.9	543770
1732	662731200	-10.5	543770
1732	665409600	-6.1	543770
1732	667828800	0.5	543770
1732	670507200	10.1	543770
1732	673099200	15.5	543770
1732	675777600	20.3	543770
1732	678369600	23.6	543770
1732	681048000	24.6	543770
1732	683726400	17.7	543770
1732	686318400	8.6	543770
1732	688996800	0.3	543770
1732	691588800	-6.5	543770
1732	694267200	-8.8	543770
1732	696945600	-6.2	543770
1732	699451200	3.1	543770
1732	702129600	9.8	543770
1732	704721600	15.3	543770
1732	707400000	18.4	543770
1732	709992000	23.2	543770
1732	712670400	22.9	543770
1732	715348800	16.2	543770
1732	717940800	9.5	543770
1732	720619200	0	543770
1732	723211200	-6.5	543770
1732	725889600	-9.6	543770
1732	728568000	-4.3	543770
1732	730987200	2.4	543770
1732	733665600	9	543770
1732	736257600	16.4	543770
1732	738936000	20.2	543770
1732	741528000	23	543770
1732	744206400	22.4	543770
1732	746884800	17.1	543770
1732	749476800	7.9	543770
1732	752155200	0.9	543770
1732	754747200	-9.6	543770
1732	757425600	-11.1	543770
1732	760104000	-6.8	543770
1732	762523200	-0.7	543770
1732	765201600	11.9	543770
1732	767793600	15.1	543770
1732	770472000	22	543770
1732	773064000	26.7	543770
1732	775742400	24.8	543770
1732	778420800	17.2	543770
1732	781012800	10.2	543770
1732	783691200	1.7	543770
1732	786283200	-7.4	543770
1732	788961600	-8.9	543770
1732	791640000	-4.3	543770
1732	794059200	1.8	543770
1732	796737600	7.9	543770
1732	799329600	14.3	543770
1732	802008000	19.6	543770
1732	804600000	23.5	543770
1732	807278400	23.1	543770
1732	809956800	16.3	543770
1732	812548800	10.7	543770
1732	815227200	0.2	543770
1732	817819200	-7.2	543770
1732	820497600	-10.8	543770
1732	823176000	-7.3	543770
1732	825681600	0.4	543770
1732	828360000	8	543770
1732	830952000	16.4	543770
1732	833630400	21.2	543770
1732	836222400	23.5	543770
1732	838900800	22.8	543770
1732	841579200	17.9	543770
1732	844171200	8.9	543770
1732	846849600	-1.1	543770
1732	849441600	-5.9	543770
1732	852120000	-12.2	543770
1732	854798400	-5.9	543770
1732	857217600	2.6	543770
1732	859896000	10.1	543770
1732	862488000	14.8	543770
1732	865166400	21.1	543770
1732	867758400	25.3	543770
1732	870436800	24.1	543770
1732	873115200	15.8	543770
1732	875707200	7.5	543770
1732	878385600	1.6	543770
1732	880977600	-6.8	543770
1732	883656000	-10.5	543770
1732	886334400	-2.3	543770
1732	888753600	3.9	543770
1732	891432000	14.1	543770
1732	894024000	17.1	543770
1732	896702400	20.7	543770
1732	899294400	24.1	543770
1732	901972800	23.2	543770
1732	904651200	19.1	543770
1732	907243200	12.4	543770
1732	909921600	0	543770
1732	912513600	-8.2	543770
1732	915192000	-9.4	543770
1732	917870400	-5.2	543770
1732	920289600	1.3	543770
1732	922968000	10.7	543770
1732	925560000	15.1	543770
1732	928238400	20.8	543770
1732	930830400	26.1	543770
1732	933508800	24	543770
1732	936187200	18.6	543770
1732	938779200	9.7	543770
1732	941457600	1.5	543770
1732	944049600	-7.4	543770
1732	946728000	-13.2	543770
1732	949406400	-9.6	543770
1732	951912000	1.6	543770
1732	954590400	8.8	543770
1732	957182400	17	543770
1732	959860800	22.9	543770
1732	962452800	25.3	543770
1732	965131200	25	543770
1732	967809600	18	543770
1732	970401600	8.6	543770
1732	973080000	-0.4	543770
1732	975672000	-7.8	543770
1732	978350400	-14.1	543770
1732	981028800	-7.3	543770
1732	983448000	-0.1	543770
1732	986126400	10.3	543770
1732	988718400	17.9	543770
1732	991396800	22	543770
1732	993988800	24.3	543770
1732	996667200	23.7	543770
1732	999345600	18.3	543770
1732	1001937600	11.7	543770
1732	1004616000	0.2	543770
1732	1007208000	-9.4	543770
1732	1009886400	-8.2	543770
1732	1012564800	-3.3	543770
1732	1014984000	4.1	543770
1732	1017662400	11.1	543770
1732	1020254400	17.6	543770
1732	1022932800	20.4	543770
1732	1025524800	24.3	543770
1732	1028203200	22.9	543770
1732	1030881600	17.3	543770
1732	1033473600	7.5	543770
1732	1036152000	-3.6	543770
1732	1038744000	-8.2	543770
1732	1041422400	-11.2	543770
1732	1044100800	-3.1	543770
1732	1046520000	2.5	543770
1732	1049198400	10.9	543770
1732	1051790400	17.6	543770
1732	1054468800	20.9	543770
1732	1057060800	23.3	543770
1732	1059739200	22.2	543770
1732	1062417600	17.6	543770
1732	1065009600	8.7	543770
1732	1067688000	1.6	543770
1732	1070280000	-6.9	543770
1732	1072958400	-8.9	543770
1732	1075636800	-4.4	543770
1732	1078142400	1.2	543770
1732	1080820800	11	543770
1732	1083412800	15.9	543770
1732	1086091200	22.1	543770
1732	1088683200	23.7	543770
1732	1091361600	23.3	543770
1732	1094040000	18.2	543770
1732	1096632000	10.4	543770
1732	1099310400	3.2	543770
1732	1101902400	-7.7	543770
1732	1104580800	-11.2	543770
1732	1107259200	-9.1	543770
1732	1109678400	-0.6	543770
1732	1112356800	10.1	543770
1732	1114948800	14.6	543770
1732	1117627200	21.2	543770
1732	1120219200	24.6	543770
1732	1122897600	23.5	543770
1732	1125576000	18.7	543770
1732	1128168000	9.7	543770
1732	1130846400	2.2	543770
1732	1133438400	-13.1	543770
1732	1136116800	-11.2	543770
1732	1138795200	-7	543770
1732	1141214400	0.5	543770
1732	1143892800	7.9	543770
1732	1146484800	17.1	543770
1732	1149163200	20.5	543770
1732	1151755200	24	543770
1732	1154433600	24.7	543770
1732	1157112000	17.9	543770
1732	1159704000	12.7	543770
1732	1162382400	1.5	543770
1732	1164974400	-6.4	543770
1732	1167652800	-8.2	543770
1732	1170331200	-2.7	543770
1732	1172750400	1.2	543770
1732	1175428800	7.7	543770
1732	1178020800	16.3	543770
1732	1180699200	22.5	543770
1732	1183291200	23.6	543770
1732	1185969600	23.7	543770
1732	1188648000	18.6	543770
1732	1191240000	9.6	543770
1732	1193918400	0.3	543770
1732	1196510400	-5.6	543770
1732	1199188800	-10.3	543770
1732	1201867200	-6.9	543770
1732	1204372800	4.1	543770
1732	1207051200	11.5	543770
1732	1209643200	15.8	543770
1732	1212321600	21.3	543770
1732	1214913600	24.5	543770
1732	1217592000	23.7	543770
1732	1220270400	18.5	543770
1732	1222862400	11	543770
1732	1225540800	0.7	543770
1732	1228132800	-6.8	543770
1732	1230811200	-9.2	543770
1732	1233489600	-4.1	543770
1732	1235908800	1	543770
1732	1238587200	10.1	543770
1732	1241179200	17.9	543770
1732	1243857600	19.4	543770
1732	1246449600	22.7	543770
1732	1249128000	23.3	543770
1732	1251806400	17.6	543770
1732	1254398400	10.1	543770
1732	1257076800	0	543770
1732	1259668800	-8.9	543770
1732	1262347200	-12.2	543770
1732	1265025600	-6.7	543770
1732	1267444800	-1.7	543770
1732	1270123200	6.2	543770
1732	1272715200	16.4	543770
1732	1275393600	22.8	543770
1732	1277985600	24.2	543770
1732	1280664000	23.6	543770
1732	1283342400	19.1	543770
1732	1285934400	9.9	543770
1732	1288612800	-0.1	543770
1732	1291204800	-8.9	543770
1732	1293883200	-13.8	543770
1732	1296561600	-4.9	543770
1732	1298980800	0.5	543770
1732	1301659200	8.4	543770
1732	1304251200	16	543770
1732	1306929600	20.1	543770
1732	1309521600	24.9	543770
1732	1312200000	23.7	543770
1732	1314878400	16.6	543770
1732	1317470400	9.7	543770
1732	1320148800	2.4	543770
1732	1322740800	-9.1	543770
1732	1325419200	-11.5	543770
1732	1328097600	-9.1	543770
1732	1330603200	0.2	543770
1732	1333281600	9.5	543770
1732	1335873600	17	543770
1732	1338552000	20.6	543770
1732	1341144000	23.9	543770
1732	1343822400	23.3	543770
1732	1346500800	17.8	543770
1732	1349092800	9.5	543770
1732	1351771200	-0.7	543770
1732	1354363200	-12.2	543770
1733	-412862400	-18	543860
1733	-410184000	-15.3	543860
1733	-407505600	-15.6	543860
1733	-405086400	-9.4	543860
1733	-402408000	5.4	543860
1733	-399816000	11.8	543860
1733	-397137600	15.5	543860
1733	-394545600	18.7	543860
1733	-391867200	18.7	543860
1733	-389188800	10.9	543860
1733	-386596800	5.4	543860
1733	-383918400	-0.3	543860
1733	-381326400	-11	543860
1733	-378648000	-16.3	543860
1733	-375969600	-11.9	543860
1733	-373550400	-5	543860
1733	-370872000	4.8	543860
1733	-368280000	11.6	543860
1733	-365601600	16.3	543860
1733	-363009600	21.6	543860
1733	-360331200	18.1	543860
1733	-357652800	13.6	543860
1733	-355060800	4.5	543860
1733	-352382400	-3.2	543860
1733	-349790400	-6.9	543860
1733	-347112000	-18	543860
1733	-344433600	-8.5	543860
1733	-342014400	-1	543860
1733	-339336000	5.3	543860
1733	-336744000	12.8	543860
1733	-334065600	15.1	543860
1733	-331473600	19.7	543860
1733	-328795200	20.6	543860
1733	-326116800	13.8	543860
1733	-323524800	7.5	543860
1733	-320846400	-5.4	543860
1733	-318254400	-11.2	543860
1733	-315576000	-17.5	543860
1733	-312897600	-9.3	543860
1733	-310392000	-2.2	543860
1733	-307713600	4.6	543860
1733	-305121600	11.1	543860
1733	-302443200	15.8	543860
1733	-299851200	20.8	543860
1733	-297172800	19.5	543860
1733	-294494400	13.3	543860
1733	-291902400	6.3	543860
1733	-289224000	-3.8	543860
1733	-286632000	-16.3	543860
1733	-283953600	-18.4	543860
1733	-281275200	-12.7	543860
1733	-278856000	-2.4	543860
1733	-276177600	5.7	543860
1733	-273585600	11.9	543860
1733	-270907200	16.6	543860
1733	-268315200	21.2	543860
1733	-265636800	20	543860
1733	-262958400	13.6	543860
1733	-260366400	5.8	543860
1733	-257688000	-2	543860
1733	-255096000	-13	543860
1733	-252417600	-16.1	543860
1733	-249739200	-12.9	543860
1733	-247320000	-6.9	543860
1733	-244641600	4	543860
1733	-242049600	12.7	543860
1733	-239371200	16.1	543860
1733	-236779200	20.5	543860
1733	-234100800	19.9	543860
1733	-231422400	12.3	543860
1733	-228830400	5	543860
1733	-226152000	-5.6	543860
1733	-223560000	-11.3	543860
1733	-220881600	-20.1	543860
1733	-218203200	-12.9	543860
1733	-215784000	-2.9	543860
1733	-213105600	5	543860
1733	-210513600	12.4	543860
1733	-207835200	16.7	543860
1733	-205243200	20.2	543860
1733	-202564800	20.9	543860
1733	-199886400	12.1	543860
1733	-197294400	4.7	543860
1733	-194616000	-3.6	543860
1733	-192024000	-11.6	543860
1733	-189345600	-12.7	543860
1733	-186667200	-15.8	543860
1733	-184161600	-5.3	543860
1733	-181483200	7.3	543860
1733	-178891200	13.4	543860
1733	-176212800	16	543860
1733	-173620800	19.8	543860
1733	-170942400	20.6	543860
1733	-168264000	12	543860
1733	-165672000	4.9	543860
1733	-162993600	-4	543860
1733	-160401600	-12.6	543860
1733	-157723200	-15.8	543860
1733	-155044800	-13.5	543860
1733	-152625600	-6.9	543860
1733	-149947200	1.6	543860
1733	-147355200	10.4	543860
1733	-144676800	16.1	543860
1733	-142084800	19.3	543860
1733	-139406400	18.6	543860
1733	-136728000	12	543860
1733	-134136000	6.2	543860
1733	-131457600	-4	543860
1733	-128865600	-14.6	543860
1733	-126187200	-17.1	543860
1733	-123508800	-11.1	543860
1733	-121089600	-4.1	543860
1733	-118411200	4.4	543860
1733	-115819200	11.8	543860
1733	-113140800	15.5	543860
1733	-110548800	18.9	543860
1733	-107870400	20.9	543860
1733	-105192000	11.7	543860
1733	-102600000	6.4	543860
1733	-99921600	-3.2	543860
1733	-97329600	-15.9	543860
1733	-94651200	-15.9	543860
1733	-91972800	-14.6	543860
1733	-89553600	-2.9	543860
1733	-86875200	5.3	543860
1733	-84283200	14.3	543860
1733	-81604800	14.9	543860
1733	-79012800	20.3	543860
1733	-76334400	21	543860
1733	-73656000	12.4	543860
1733	-71064000	6	543860
1733	-68385600	-4.8	543860
1733	-65793600	-17.9	543860
1733	-63115200	-17.6	543860
1733	-60436800	-14.6	543860
1733	-57931200	-2.4	543860
1733	-55252800	7.1	543860
1733	-52660800	12.1	543860
1733	-49982400	16.4	543860
1733	-47390400	21.4	543860
1733	-44712000	19	543860
1733	-42033600	13.8	543860
1733	-39441600	5.1	543860
1733	-36763200	-4.2	543860
1733	-34171200	-11.1	543860
1733	-31492800	-16.5	543860
1733	-28814400	-15.2	543860
1733	-26395200	-5.7	543860
1733	-23716800	5.6	543860
1733	-21124800	10.9	543860
1733	-18446400	14.7	543860
1733	-15854400	20	543860
1733	-13176000	19.6	543860
1733	-10497600	13.5	543860
1733	-7905600	5.6	543860
1733	-5227200	-5.1	543860
1733	-2635200	-15.8	543860
1733	43200	-18.4	543860
1733	2721600	-12.3	543860
1733	5140800	-10.4	543860
1733	7819200	6.2	543860
1733	10411200	14.2	543860
1733	13089600	17.1	543860
1733	15681600	20.5	543860
1733	18360000	20.5	543860
1733	21038400	13.6	543860
1733	23630400	6.9	543860
1733	26308800	-4.5	543860
1733	28900800	-15.6	543860
1733	31579200	-17.7	543860
1733	34257600	-12.4	543860
1733	36676800	-6	543860
1733	39355200	5.2	543860
1733	41947200	11.4	543860
1733	44625600	17	543860
1733	47217600	19.7	543860
1733	49896000	19.5	543860
1733	52574400	13.3	543860
1733	55166400	4.8	543860
1733	57844800	-0.8	543860
1733	60436800	-14.8	543860
1733	63115200	-13.3	543860
1733	65793600	-13.4	543860
1733	68299200	-2.1	543860
1733	70977600	4.9	543860
1733	73569600	11.4	543860
1733	76248000	16.4	543860
1733	78840000	21	543860
1733	81518400	17.2	543860
1733	84196800	11.8	543860
1733	86788800	5.3	543860
1733	89467200	-5.9	543860
1733	92059200	-13.8	543860
1733	94737600	-13	543860
1733	97416000	-11.3	543860
1733	99835200	-6.5	543860
1733	102513600	4.8	543860
1733	105105600	10.2	543860
1733	107784000	16	543860
1733	110376000	22.1	543860
1733	113054400	20.8	543860
1733	115732800	12.4	543860
1733	118324800	3.4	543860
1733	121003200	-5.8	543860
1733	123595200	-16.2	543860
1733	126273600	-15.9	543860
1733	128952000	-13.6	543860
1733	131371200	-5	543860
1733	134049600	4.3	543860
1733	136641600	11	543860
1733	139320000	14.4	543860
1733	141912000	20.6	543860
1733	144590400	19.8	543860
1733	147268800	12.9	543860
1733	149860800	3.7	543860
1733	152539200	-5.2	543860
1733	155131200	-14	543860
1733	157809600	-15.4	543860
1733	160488000	-12.9	543860
1733	162907200	-4.5	543860
1733	165585600	7.9	543860
1733	168177600	11.6	543860
1733	170856000	16.9	543860
1733	173448000	20.3	543860
1733	176126400	20.3	543860
1733	178804800	14.6	543860
1733	181396800	5.9	543860
1733	184075200	-1.3	543860
1733	186667200	-14.6	543860
1733	189345600	-15.8	543860
1733	192024000	-8.8	543860
1733	194529600	-4.7	543860
1733	197208000	3.9	543860
1733	199800000	11.7	543860
1733	202478400	15.7	543860
1733	205070400	19.2	543860
1733	207748800	17.4	543860
1733	210427200	11.9	543860
1733	213019200	4.1	543860
1733	215697600	-8.5	543860
1733	218289600	-14.1	543860
1733	220968000	-20.8	543860
1733	223646400	-14	543860
1733	226065600	-2.5	543860
1733	228744000	5.7	543860
1733	231336000	12.9	543860
1733	234014400	16.3	543860
1733	236606400	22	543860
1733	239284800	18.1	543860
1733	241963200	13.2	543860
1733	244555200	8.5	543860
1733	247233600	-3.3	543860
1733	249825600	-10.2	543860
1733	252504000	-15.7	543860
1733	255182400	-16	543860
1733	257601600	-4.6	543860
1733	260280000	4.4	543860
1733	262872000	11.7	543860
1733	265550400	17.2	543860
1733	268142400	20.8	543860
1733	270820800	19.2	543860
1733	273499200	12.7	543860
1733	276091200	3.7	543860
1733	278769600	-3	543860
1733	281361600	-12.7	543860
1733	284040000	-12.9	543860
1733	286718400	-10.6	543860
1733	289137600	-3.8	543860
1733	291816000	2.2	543860
1733	294408000	11.9	543860
1733	297086400	17	543860
1733	299678400	19.1	543860
1733	302356800	18.8	543860
1733	305035200	11.4	543860
1733	307627200	7.6	543860
1733	310305600	-5.2	543860
1733	312897600	-10.2	543860
1733	315576000	-16.6	543860
1733	318254400	-14.8	543860
1733	320760000	-5.1	543860
1733	323438400	2.3	543860
1733	326030400	12.4	543860
1733	328708800	17.4	543860
1733	331300800	19.1	543860
1733	333979200	18.3	543860
1733	336657600	11.3	543860
1733	339249600	3.8	543860
1733	341928000	-1.4	543860
1733	344520000	-15.8	543860
1733	347198400	-18.6	543860
1733	349876800	-11.8	543860
1733	352296000	-3	543860
1733	354974400	6.8	543860
1733	357566400	10.3	543860
1733	360244800	16.2	543860
1733	362836800	21.5	543860
1733	365515200	17.7	543860
1733	368193600	12	543860
1733	370785600	3.8	543860
1733	373464000	-8	543860
1733	376056000	-11.5	543860
1733	378734400	-16.9	543860
1733	381412800	-11.2	543860
1733	383832000	-2.5	543860
1733	386510400	6.7	543860
1733	389102400	11.4	543860
1733	391780800	16.3	543860
1733	394372800	19	543860
1733	397051200	21	543860
1733	399729600	11.7	543860
1733	402321600	6.6	543860
1733	4.05e+08	-2.7	543860
1733	407592000	-14.3	543860
1733	410270400	-15.2	543860
1733	412948800	-13.9	543860
1733	415368000	-3.7	543860
1733	418046400	7.2	543860
1733	420638400	12.7	543860
1733	423316800	15.3	543860
1733	425908800	19.1	543860
1733	428587200	20.2	543860
1733	431265600	14.7	543860
1733	433857600	4.2	543860
1733	436536000	-4.4	543860
1733	439128000	-13.9	543860
1733	441806400	-18.1	543860
1733	444484800	-14.4	543860
1733	446990400	-8.3	543860
1733	449668800	4.1	543860
1733	452260800	11.6	543860
1733	454939200	16.9	543860
1733	457531200	20	543860
1733	460209600	20.5	543860
1733	462888000	12.2	543860
1733	465480000	3.8	543860
1733	468158400	-3.9	543860
1733	470750400	-14.2	543860
1733	473428800	-19.4	543860
1733	476107200	-11.3	543860
1733	478526400	-6.3	543860
1733	481204800	5.4	543860
1733	483796800	12.6	543860
1733	486475200	16.2	543860
1733	489067200	19.7	543860
1733	491745600	20.2	543860
1733	494424000	12.3	543860
1733	497016000	5.9	543860
1733	499694400	-5.5	543860
1733	502286400	-17	543860
1733	504964800	-17.7	543860
1733	507643200	-14.4	543860
1733	510062400	-2.8	543860
1733	512740800	4.7	543860
1733	515332800	11.2	543860
1733	518011200	16.8	543860
1733	520603200	19	543860
1733	523281600	18	543860
1733	525960000	12.3	543860
1733	528552000	3.7	543860
1733	531230400	-5.1	543860
1733	533822400	-11.3	543860
1733	536500800	-16.1	543860
1733	539179200	-12.5	543860
1733	541598400	-6	543860
1733	544276800	4.4	543860
1733	546868800	12.2	543860
1733	549547200	16.3	543860
1733	552139200	18.7	543860
1733	554817600	19.1	543860
1733	557496000	12.2	543860
1733	560088000	6.3	543860
1733	562766400	-4.9	543860
1733	565358400	-11.5	543860
1733	568036800	-14.5	543860
1733	570715200	-14.2	543860
1733	573220800	-5.8	543860
1733	575899200	4.6	543860
1733	578491200	10.7	543860
1733	581169600	16.3	543860
1733	583761600	20.4	543860
1733	586440000	21.3	543860
1733	589118400	13.4	543860
1733	591710400	5.4	543860
1733	594388800	-5.3	543860
1733	596980800	-12.8	543860
1733	599659200	-11.1	543860
1733	602337600	-8.4	543860
1733	604756800	-2.6	543860
1733	607435200	6.5	543860
1733	610027200	11.7	543860
1733	612705600	15.7	543860
1733	615297600	18.8	543860
1733	617976000	19.1	543860
1733	620654400	12	543860
1733	623246400	5.3	543860
1733	625924800	-3.6	543860
1733	628516800	-11.4	543860
1733	631195200	-17.5	543860
1733	633873600	-6.9	543860
1733	636292800	-0.3	543860
1733	638971200	4.8	543860
1733	641563200	11.3	543860
1733	644241600	16.5	543860
1733	646833600	20.6	543860
1733	649512000	19.9	543860
1733	652190400	13.2	543860
1733	654782400	6.8	543860
1733	657460800	0	543860
1733	660052800	-11.8	543860
1733	662731200	-15.7	543860
1733	665409600	-12.3	543860
1733	667828800	-4.7	543860
1733	670507200	5.9	543860
1733	673099200	11.2	543860
1733	675777600	16.4	543860
1733	678369600	19.4	543860
1733	681048000	20.3	543860
1733	683726400	13.1	543860
1733	686318400	5	543860
1733	688996800	-4.2	543860
1733	691588800	-11.7	543860
1733	694267200	-13.5	543860
1733	696945600	-11.7	543860
1733	699451200	-2.4	543860
1733	702129600	5.4	543860
1733	704721600	10.8	543860
1733	707400000	14.3	543860
1733	709992000	19.6	543860
1733	712670400	19	543860
1733	715348800	12.1	543860
1733	717940800	5.1	543860
1733	720619200	-4.7	543860
1733	723211200	-11.4	543860
1733	725889600	-15.4	543860
1733	728568000	-9.9	543860
1733	730987200	-3.2	543860
1733	733665600	4	543860
1733	736257600	12.5	543860
1733	738936000	15.9	543860
1733	741528000	19.5	543860
1733	744206400	18.2	543860
1733	746884800	12.8	543860
1733	749476800	3.8	543860
1733	752155200	-2.6	543860
1733	754747200	-12.7	543860
1733	757425600	-14.5	543860
1733	760104000	-10.9	543860
1733	762523200	-6.4	543860
1733	765201600	7.4	543860
1733	767793600	11.2	543860
1733	770472000	17.7	543860
1733	773064000	23.1	543860
1733	775742400	21.7	543860
1733	778420800	12.7	543860
1733	781012800	6	543860
1733	783691200	-2.6	543860
1733	786283200	-12.9	543860
1733	788961600	-14.6	543860
1733	791640000	-9.9	543860
1733	794059200	-2.6	543860
1733	796737600	3.7	543860
1733	799329600	9.7	543860
1733	802008000	15.6	543860
1733	804600000	20	543860
1733	807278400	19.6	543860
1733	809956800	12.4	543860
1733	812548800	7.1	543860
1733	815227200	-5.1	543860
1733	817819200	-12.9	543860
1733	820497600	-15.2	543860
1733	823176000	-13.1	543860
1733	825681600	-4.9	543860
1733	828360000	3.6	543860
1733	830952000	12.4	543860
1733	833630400	17.1	543860
1733	836222400	19.9	543860
1733	838900800	19	543860
1733	841579200	13.4	543860
1733	844171200	4.8	543860
1733	846849600	-5.2	543860
1733	849441600	-10.6	543860
1733	852120000	-15.5	543860
1733	854798400	-10.5	543860
1733	857217600	-2.1	543860
1733	859896000	5.4	543860
1733	862488000	10.9	543860
1733	865166400	17.2	543860
1733	867758400	21.8	543860
1733	870436800	20.9	543860
1733	873115200	11.3	543860
1733	875707200	3.6	543860
1733	878385600	-3.1	543860
1733	880977600	-13.1	543860
1733	883656000	-15.1	543860
1733	886334400	-7.7	543860
1733	888753600	-0.7	543860
1733	891432000	10.2	543860
1733	894024000	13	543860
1733	896702400	17.4	543860
1733	899294400	20.1	543860
1733	901972800	19.4	543860
1733	904651200	15.1	543860
1733	907243200	8.9	543860
1733	909921600	-5.8	543860
1733	912513600	-12.3	543860
1733	915192000	-15.5	543860
1733	917870400	-11.6	543860
1733	920289600	-3.6	543860
1733	922968000	6.3	543860
1733	925560000	10.7	543860
1733	928238400	16.6	543860
1733	930830400	21.9	543860
1733	933508800	20.6	543860
1733	936187200	14.6	543860
1733	938779200	5.8	543860
1733	941457600	-2.6	543860
1733	944049600	-13.1	543860
1733	946728000	-17.2	543860
1733	949406400	-15	543860
1733	951912000	-3.3	543860
1733	954590400	5	543860
1733	957182400	13.1	543860
1733	959860800	18.4	543860
1733	962452800	21.4	543860
1733	965131200	21.1	543860
1733	967809600	13.7	543860
1733	970401600	4.7	543860
1733	973080000	-5.3	543860
1733	975672000	-13.7	543860
1733	978350400	-18.7	543860
1733	981028800	-12.1	543860
1733	983448000	-4.3	543860
1733	986126400	5.9	543860
1733	988718400	13.6	543860
1733	991396800	18.1	543860
1733	993988800	21.1	543860
1733	996667200	19.8	543860
1733	999345600	13.7	543860
1733	1001937600	7.6	543860
1733	1004616000	-4	543860
1733	1007208000	-14.5	543860
1733	1009886400	-13.5	543860
1733	1012564800	-8.5	543860
1733	1014984000	-0.3	543860
1733	1017662400	7.7	543860
1733	1020254400	12.9	543860
1733	1022932800	16.2	543860
1733	1025524800	21.2	543860
1733	1028203200	19.5	543860
1733	1030881600	13	543860
1733	1033473600	3.5	543860
1733	1036152000	-9.1	543860
1733	1038744000	-14.9	543860
1733	1041422400	-16.8	543860
1733	1044100800	-10	543860
1733	1046520000	-2.5	543860
1733	1049198400	6.5	543860
1733	1051790400	13.7	543860
1733	1054468800	17.5	543860
1733	1057060800	19.3	543860
1733	1059739200	18.3	543860
1733	1062417600	13.9	543860
1733	1065009600	5.1	543860
1733	1067688000	-3.3	543860
1733	1070280000	-12.8	543860
1733	1072958400	-14.9	543860
1733	1075636800	-10	543860
1733	1078142400	-4.3	543860
1733	1080820800	6.4	543860
1733	1083412800	12.1	543860
1733	1086091200	18.2	543860
1733	1088683200	20.3	543860
1733	1091361600	19.1	543860
1733	1094040000	13.9	543860
1733	1096632000	6.3	543860
1733	1099310400	-1	543860
1733	1101902400	-13.1	543860
1733	1104580800	-16.5	543860
1733	1107259200	-14.7	543860
1733	1109678400	-6.1	543860
1733	1112356800	6.5	543860
1733	1114948800	10.7	543860
1733	1117627200	17.8	543860
1733	1120219200	21.3	543860
1733	1122897600	20.3	543860
1733	1125576000	14.6	543860
1733	1128168000	6	543860
1733	1130846400	-2.7	543860
1733	1133438400	-18.2	543860
1733	1136116800	-16	543860
1733	1138795200	-11.9	543860
1733	1141214400	-4	543860
1733	1143892800	3.9	543860
1733	1146484800	13	543860
1733	1149163200	17	543860
1733	1151755200	20.5	543860
1733	1154433600	21.3	543860
1733	1157112000	13.9	543860
1733	1159704000	8.5	543860
1733	1162382400	-3.7	543860
1733	1164974400	-12	543860
1733	1167652800	-13.1	543860
1733	1170331200	-6.7	543860
1733	1172750400	-3.3	543860
1733	1175428800	3.7	543860
1733	1178020800	12	543860
1733	1180699200	18.2	543860
1733	1183291200	19.7	543860
1733	1185969600	20.5	543860
1733	1188648000	14.1	543860
1733	1191240000	5.5	543860
1733	1193918400	-4.1	543860
1733	1196510400	-10.6	543860
1733	1199188800	-16.9	543860
1733	1201867200	-12.6	543860
1733	1204372800	0.1	543860
1733	1207051200	7.9	543860
1733	1209643200	11.3	543860
1733	1212321600	17.9	543860
1733	1214913600	21.3	543860
1733	1217592000	19.9	543860
1733	1220270400	14.1	543860
1733	1222862400	6.7	543860
1733	1225540800	-3.9	543860
1733	1228132800	-13.3	543860
1733	1230811200	-15.4	543860
1733	1233489600	-9.6	543860
1733	1235908800	-4	543860
1733	1238587200	6.2	543860
1733	1241179200	14.2	543860
1733	1243857600	15.3	543860
1733	1246449600	19.1	543860
1733	1249128000	19.2	543860
1733	1251806400	13.4	543860
1733	1254398400	6.3	543860
1733	1257076800	-5.7	543860
1733	1259668800	-14.5	543860
1733	1262347200	-17.2	543860
1733	1265025600	-11.3	543860
1733	1267444800	-6.3	543860
1733	1270123200	2	543860
1733	1272715200	12.7	543860
1733	1275393600	18.7	543860
1733	1277985600	21.4	543860
1733	1280664000	20.9	543860
1733	1283342400	15.2	543860
1733	1285934400	6	543860
1733	1288612800	-4.2	543860
1733	1291204800	-13.7	543860
1733	1293883200	-19	543860
1733	1296561600	-9.2	543860
1733	1298980800	-4.8	543860
1733	1301659200	4.7	543860
1733	1304251200	11.6	543860
1733	1306929600	16.6	543860
1733	1309521600	21.3	543860
1733	1312200000	20.7	543860
1733	1314878400	13	543860
1733	1317470400	5.5	543860
1733	1320148800	-1.7	543860
1733	1322740800	-14.5	543860
1733	1325419200	-16.9	543860
1733	1328097600	-14.2	543860
1733	1330603200	-4.7	543860
1733	1333281600	5.6	543860
1733	1335873600	12.9	543860
1733	1338552000	17	543860
1733	1341144000	21	543860
1733	1343822400	20.2	543860
1733	1346500800	14.3	543860
1733	1349092800	5.7	543860
1733	1351771200	-4.5	543860
1733	1354363200	-16.6	543860
5681	-1735646400	-21.3	999028
5681	-1732968000	-18.3	999028
5681	-1730548800	-8.2	999028
5681	-1727870400	4.4	999028
5681	-1725278400	11.5	999028
5681	-1722600000	17.9	999028
5681	-1720008000	22.1	999028
5681	-1717329600	21.1	999028
5681	-1714651200	13.4	999028
5681	-1712059200	7.1	999028
5681	-1709380800	-2.9	999028
5681	-1706788800	-8.2	999028
5681	-1704110400	-17.6	999028
5681	-1701432000	-14.3	999028
5681	-1698926400	-9	999028
5681	-1696248000	4.5	999028
5681	-1693656000	12.7	999028
5681	-1690977600	18.2	999028
5681	-1688385600	21.4	999028
5681	-1685707200	22.4	999028
5681	-1683028800	13.6	999028
5681	-1680436800	5.9	999028
5681	-1677758400	-3.4	999028
5681	-1675166400	-14	999028
5681	-1672488000	-23.3	999028
5681	-1669809600	-16.3	999028
5681	-1667390400	-3.4	999028
5681	-1664712000	6.1	999028
5681	-1662120000	10.7	999028
5681	-1659441600	19.5	999028
5681	-1656849600	23	999028
5681	-1654171200	21.6	999028
5681	-1651492800	14.2	999028
5681	-1648900800	6.4	999028
5681	-1646222400	-5.1	999028
5681	-1643630400	-17.8	999028
5681	-1640952000	-20.9	999028
5681	-1638273600	-11.6	999028
5681	-1635854400	-1.4	999028
5681	-1633176000	7.1	999028
5681	-1630584000	12.4	999028
5681	-1627905600	18	999028
5681	-1625313600	21.7	999028
5681	-1622635200	21.7	999028
5681	-1619956800	13.4	999028
5681	-1617364800	6.4	999028
5681	-1614686400	-5	999028
5681	-1612094400	-17.8	999028
5681	-1609416000	-22.2	999028
5681	-1606737600	-14.3	999028
5681	-1604318400	-1.2	999028
5681	-1601640000	5.3	999028
5681	-1599048000	11.7	999028
5681	-1596369600	18.8	999028
5681	-1593777600	25.4	999028
5681	-1591099200	21.9	999028
5681	-1588420800	13.4	999028
5681	-1585828800	7.2	999028
5681	-1583150400	-2.6	999028
5681	-1580558400	-13.8	999028
5681	-1577880000	-17	999028
5681	-1575201600	-16.2	999028
5681	-1572696000	-1.8	999028
5681	-1570017600	7.7	999028
5681	-1567425600	14.8	999028
5681	-1564747200	18.1	999028
5681	-1562155200	23.4	999028
5681	-1559476800	20.8	999028
5681	-1556798400	13.2	999028
5681	-1554206400	7.7	999028
5681	-1551528000	-1.8	999028
5681	-1548936000	-14.5	999028
5681	-1546257600	-19.9	999028
5681	-1543579200	-14.1	999028
5681	-1541160000	-3.8	999028
5681	-1538481600	5.4	999028
5681	-1535889600	14	999028
5681	-1533211200	19	999028
5681	-1530619200	21.8	999028
5681	-1527940800	21.4	999028
5681	-1525262400	13.8	999028
5681	-1522670400	6	999028
5681	-1519992000	-4.5	999028
5681	-1517400000	-13.9	999028
5681	-1514721600	-26.6	999028
5681	-1512043200	-11.4	999028
5681	-1509624000	-4.6	999028
5681	-1506945600	7.4	999028
5681	-1504353600	12.4	999028
5681	-1501675200	19.2	999028
5681	-1499083200	21.9	999028
5681	-1496404800	21.6	999028
5681	-1493726400	14	999028
5681	-1491134400	8.1	999028
5681	-1488456000	-6.8	999028
5681	-1485864000	-15.5	999028
5681	-1483185600	-21.9	999028
5681	-1480507200	-15.1	999028
5681	-1478088000	-3.1	999028
5681	-1475409600	5.2	999028
5681	-1472817600	14	999028
5681	-1470139200	18.1	999028
5681	-1467547200	21.4	999028
5681	-1464868800	22.1	999028
5681	-1462190400	13.5	999028
5681	-1459598400	6.6	999028
5681	-1456920000	-3.7	999028
5681	-1454328000	-17.2	999028
5681	-1451649600	-18.8	999028
5681	-1448971200	-16.7	999028
5681	-1446465600	-8.3	999028
5681	-1443787200	7.2	999028
5681	-1441195200	13.6	999028
5681	-1438516800	18.8	999028
5681	-1435924800	23.6	999028
5681	-1433246400	23.9	999028
5681	-1430568000	13.5	999028
5681	-1427976000	5.6	999028
5681	-1425297600	-5.8	999028
5681	-1422705600	-18.6	999028
5681	-1420027200	-22.2	999028
5681	-1417348800	-18.6	999028
5681	-1414929600	-8.1	999028
5681	-1412251200	6.9	999028
5681	-1409659200	13.8	999028
5681	-1406980800	19.8	999028
5681	-1404388800	23	999028
5681	-1401710400	20.7	999028
5681	-1399032000	14.3	999028
5681	-1396440000	7	999028
5681	-1393761600	-1.2	999028
5681	-1391169600	-15.8	999028
5681	-1388491200	-20.9	999028
5681	-1385812800	-14.2	999028
5681	-1383393600	-4.2	999028
5681	-1380715200	5.1	999028
5681	-1378123200	16.6	999028
5681	-1375444800	19.1	999028
5681	-1372852800	22.3	999028
5681	-1370174400	21.7	999028
5681	-1367496000	15.4	999028
5681	-1364904000	3.9	999028
5681	-1362225600	-1.9	999028
5681	-1359633600	-17.6	999028
5681	-1356955200	-21.3	999028
5681	-1354276800	-16.9	999028
5681	-1351857600	-5.2	999028
5681	-1349179200	7.9	999028
5681	-1346587200	11	999028
5681	-1343908800	17.1	999028
5681	-1341316800	22.9	999028
5681	-1338638400	21.3	999028
5681	-1335960000	13.8	999028
5681	-1333368000	6.6	999028
5681	-1330689600	-1.9	999028
5681	-1328097600	-17.4	999028
5681	-1325419200	-18.8	999028
5681	-1322740800	-18.2	999028
5681	-1320235200	-2.5	999028
5681	-1317556800	8.4	999028
5681	-1314964800	13.8	999028
5681	-1312286400	17.7	999028
5681	-1309694400	21.9	999028
5681	-1307016000	22.2	999028
5681	-1304337600	14.4	999028
5681	-1301745600	5.8	999028
5681	-1299067200	-5.3	999028
5681	-1296475200	-19.7	999028
5681	-1293796800	-23.1	999028
5681	-1291118400	-16.7	999028
5681	-1288699200	-3.3	999028
5681	-1286020800	6.4	999028
5681	-1283428800	13.4	999028
5681	-1280750400	19.5	999028
5681	-1278158400	22.5	999028
5681	-1275480000	21.2	999028
5681	-1272801600	13.8	999028
5681	-1270209600	6.1	999028
5681	-1267531200	-2.6	999028
5681	-1264939200	-15	999028
5681	-1262260800	-23.7	999028
5681	-1259582400	-12.4	999028
5681	-1257163200	-1.3	999028
5681	-1254484800	8.6	999028
5681	-1251892800	14.9	999028
5681	-1249214400	19.2	999028
5681	-1246622400	23.8	999028
5681	-1243944000	22.7	999028
5681	-1241265600	14.9	999028
5681	-1238673600	6.1	999028
5681	-1235995200	-5.2	999028
5681	-1233403200	-14.7	999028
5681	-1230724800	-19.2	999028
5681	-1228046400	-17.1	999028
5681	-1225627200	-2.7	999028
5681	-1222948800	4.4	999028
5681	-1220356800	13.3	999028
5681	-1217678400	18.1	999028
5681	-1215086400	20.5	999028
5681	-1212408000	21.6	999028
5681	-1209729600	14.7	999028
5681	-1207137600	4.8	999028
5681	-1204459200	-2.7	999028
5681	-1201867200	-17.8	999028
5681	-1199188800	-16.9	999028
5681	-1196510400	-17.4	999028
5681	-1194004800	-5.5	999028
5681	-1191326400	6.2	999028
5681	-1188734400	14.1	999028
5681	-1186056000	19.7	999028
5681	-1183464000	23	999028
5681	-1180785600	21.3	999028
5681	-1178107200	15.4	999028
5681	-1175515200	6.2	999028
5681	-1172836800	-6.3	999028
5681	-1170244800	-12.8	999028
5681	-1167566400	-25.3	999028
5681	-1164888000	-18	999028
5681	-1162468800	-9.1	999028
5681	-1159790400	6.9	999028
5681	-1157198400	14.5	999028
5681	-1154520000	18.8	999028
5681	-1151928000	24.3	999028
5681	-1149249600	21.2	999028
5681	-1146571200	14.7	999028
5681	-1143979200	6.2	999028
5681	-1141300800	-3.4	999028
5681	-1138708800	-11	999028
5681	-1136030400	-20.7	999028
5681	-1133352000	-13.5	999028
5681	-1130932800	-5.5	999028
5681	-1128254400	5	999028
5681	-1125662400	15.2	999028
5681	-1122984000	19	999028
5681	-1120392000	22.3	999028
5681	-1117713600	20.2	999028
5681	-1115035200	14	999028
5681	-1112443200	5.3	999028
5681	-1109764800	-2.9	999028
5681	-1107172800	-12.5	999028
5681	-1104494400	-17.4	999028
5681	-1101816000	-9.7	999028
5681	-1099396800	-1.2	999028
5681	-1096718400	7.7	999028
5681	-1094126400	13.1	999028
5681	-1091448000	17.8	999028
5681	-1088856000	21.7	999028
5681	-1086177600	21.4	999028
5681	-1083499200	14.7	999028
5681	-1080907200	8.4	999028
5681	-1078228800	-4.3	999028
5681	-1075636800	-20.3	999028
5681	-1072958400	-25.2	999028
5681	-1070280000	-19.5	999028
5681	-1067774400	-9.3	999028
5681	-1065096000	5.1	999028
5681	-1062504000	13.4	999028
5681	-1059825600	18.7	999028
5681	-1057233600	21.7	999028
5681	-1054555200	20.4	999028
5681	-1051876800	15.7	999028
5681	-1049284800	6.2	999028
5681	-1046606400	-2.5	999028
5681	-1044014400	-16.4	999028
5681	-1041336000	-21.7	999028
5681	-1038657600	-17.5	999028
5681	-1036238400	-6.1	999028
5681	-1033560000	5.7	999028
5681	-1030968000	13.2	999028
5681	-1028289600	18.9	999028
5681	-1025697600	23.5	999028
5681	-1023019200	22.8	999028
5681	-1020340800	14.7	999028
5681	-1017748800	7.2	999028
5681	-1015070400	-2.9	999028
5681	-1012478400	-18.4	999028
5681	-1009800000	-23.6	999028
5681	-1007121600	-16.6	999028
5681	-1004702400	0.7	999028
5681	-1002024000	8.2	999028
5681	-999432000	14	999028
5681	-996753600	18.9	999028
5681	-994161600	23.7	999028
5681	-991483200	23.3	999028
5681	-988804800	13.2	999028
5681	-986212800	7.9	999028
5681	-983534400	-3	999028
5681	-980942400	-16.5	999028
5681	-978264000	-20.2	999028
5681	-975585600	-15.7	999028
5681	-973166400	-1.7	999028
5681	-970488000	7.6	999028
5681	-967896000	13.2	999028
5681	-965217600	18.1	999028
5681	-962625600	25.4	999028
5681	-959947200	23.8	999028
5681	-957268800	14.9	999028
5681	-954676800	7.6	999028
5681	-951998400	-1.7	999028
5681	-949406400	-13.4	999028
5681	-946728000	-20.3	999028
5681	-944049600	-14.2	999028
5681	-941544000	-1.3	999028
5681	-938865600	6.5	999028
5681	-936273600	14.6	999028
5681	-933595200	17.8	999028
5681	-931003200	22.8	999028
5681	-928324800	19.7	999028
5681	-925646400	14.3	999028
5681	-923054400	9.1	999028
5681	-920376000	-0.4	999028
5681	-917784000	-14.5	999028
5681	-915105600	-19.9	999028
5681	-912427200	-15.7	999028
5681	-910008000	-4.4	999028
5681	-907329600	4.6	999028
5681	-904737600	13.4	999028
5681	-902059200	19.8	999028
5681	-899467200	22	999028
5681	-896788800	20.9	999028
5681	-894110400	14.6	999028
5681	-891518400	7	999028
5681	-888840000	-0.6	999028
5681	-886248000	-13.8	999028
5681	-883569600	-22.2	999028
5681	-880891200	-16.8	999028
5681	-878472000	-0.2	999028
5681	-875793600	6.9	999028
5681	-873201600	12.9	999028
5681	-870523200	20	999028
5681	-867931200	23.1	999028
5681	-865252800	20.9	999028
5681	-862574400	13.4	999028
5681	-859982400	6.4	999028
5681	-857304000	-4.1	999028
5681	-854712000	-13.8	999028
5681	-852033600	-21.8	999028
5681	-849355200	-13.8	999028
5681	-846936000	-0.3	999028
5681	-844257600	6.5	999028
5681	-841665600	15	999028
5681	-838987200	19.1	999028
5681	-836395200	22.3	999028
5681	-833716800	22.9	999028
5681	-831038400	14.6	999028
5681	-828446400	7.7	999028
5681	-825768000	-2.9	999028
5681	-823176000	-12.5	999028
5681	-820497600	-20.5	999028
5681	-817819200	-15.1	999028
5681	-815313600	-0.5	999028
5681	-812635200	6.3	999028
5681	-810043200	13.6	999028
5681	-807364800	18.2	999028
5681	-804772800	22.8	999028
5681	-802094400	20.7	999028
5681	-799416000	15.6	999028
5681	-796824000	6.2	999028
5681	-794145600	-2	999028
5681	-791553600	-17.7	999028
5682	-2019643200	-6.7	999029
5682	-2016964800	-5	999029
5682	-2014545600	2.1	999029
5682	-2011867200	7.7	999029
5682	-2009275200	11.6	999029
5682	-2006596800	14.2	999029
5682	-2004004800	18.8	999029
5682	-2001326400	21.5	999029
5682	-1998648000	17.9	999029
5682	-1996056000	11	999029
5682	-1993377600	1.1	999029
5682	-1990785600	-2	999029
5682	-1988107200	-2.8	999029
5682	-1985428800	-5.5	999029
5682	-1983009600	1.3	999029
5682	-1980331200	6.8	999029
5682	-1977739200	12.1	999029
5682	-1975060800	15.2	999029
5682	-1972468800	19.4	999029
5682	-1969790400	23.2	999029
5682	-1967112000	18.4	999029
5682	-1964520000	12.7	999029
5682	-1961841600	2.1	999029
5682	-1959249600	-4.7	999029
5682	-1956571200	-6	999029
5682	-1953892800	-4.9	999029
5682	-1951387200	0.6	999029
5682	-1948708800	7.4	999029
5682	-1946116800	10.6	999029
5682	-1943438400	15.8	999029
5682	-1940846400	18.9	999029
5682	-1938168000	21.7	999029
5682	-1935489600	17.7	999029
5682	-1932897600	12.7	999029
5682	-1930219200	2.6	999029
5682	-1927627200	-0.8	999029
5682	-1924948800	-5.8	999029
5682	-1922270400	-5	999029
5682	-1919851200	-0.1	999029
5682	-1917172800	6.6	999029
5682	-1914580800	10.4	999029
5682	-1911902400	15.5	999029
5682	-1909310400	20.7	999029
5682	-1906632000	21.6	999029
5682	-1903953600	17.5	999029
5682	-1901361600	10.6	999029
5682	-1898683200	4.5	999029
5682	-1896091200	-5.7	999029
5682	-1893412800	-5.6	999029
5682	-1890734400	-5.9	999029
5682	-1888315200	0.3	999029
5682	-1885636800	6.4	999029
5682	-1883044800	10.5	999029
5682	-1880366400	16.2	999029
5682	-1877774400	18.9	999029
5682	-1875096000	19.6	999029
5682	-1872417600	16.3	999029
5682	-1869825600	12	999029
5682	-1867147200	4.1	999029
5682	-1864555200	-7.2	999029
5682	-1861876800	-8.1	999029
5682	-1859198400	-5.1	999029
5682	-1856779200	0.8	999029
5682	-1854100800	6.8	999029
5682	-1851508800	12.3	999029
5682	-1848830400	16.2	999029
5682	-1846238400	19.7	999029
5682	-1843560000	21	999029
5682	-1840881600	18.6	999029
5682	-1838289600	10.7	999029
5682	-1835611200	5.1	999029
5682	-1833019200	-4.2	999029
5682	-1830340800	-5.8	999029
5682	-1827662400	-1.8	999029
5682	-1825156800	1.4	999029
5682	-1822478400	6.8	999029
5682	-1819886400	10.7	999029
5682	-1817208000	14.9	999029
5682	-1814616000	19.9	999029
5682	-1811937600	21.5	999029
5682	-1809259200	16.1	999029
5682	-1806667200	9.6	999029
5682	-1803988800	0	999029
5682	-1801396800	-4.7	999029
5682	-1798718400	-8	999029
5682	-1796040000	-4.4	999029
5682	-1793620800	0.3	999029
5682	-1790942400	7.8	999029
5682	-1788350400	12.2	999029
5682	-1785672000	16.7	999029
5682	-1783080000	17.8	999029
5682	-1780401600	20.6	999029
5682	-1777723200	17.1	999029
5682	-1775131200	11.3	999029
5682	-1772452800	4.1	999029
5682	-1769860800	-2.7	999029
5682	-1767182400	-3.8	999029
5682	-1764504000	-2.3	999029
5682	-1762084800	1.8	999029
5682	-1759406400	7	999029
5682	-1756814400	12.5	999029
5682	-1754136000	15.7	999029
5682	-1751544000	21.5	999029
5682	-1748865600	21.9	999029
5682	-1746187200	18.6	999029
5682	-1743595200	12.2	999029
5682	-1740916800	4.6	999029
5682	-1738324800	-2.7	999029
5682	-1735646400	-7.3	999029
5682	-1732968000	-6.3	999029
5682	-1730548800	-2.1	999029
5682	-1727870400	5.4	999029
5682	-1725278400	9.6	999029
5682	-1722600000	14.8	999029
5682	-1720008000	19.9	999029
5682	-1717329600	21.7	999029
5682	-1714651200	16.6	999029
5682	-1712059200	11.3	999029
5682	-1709380800	4.3	999029
5682	-1706788800	-1.7	999029
5682	-1704110400	-2.8	999029
5682	-1701432000	-3	999029
5682	-1698926400	-1.1	999029
5682	-1696248000	6.5	999029
5682	-1693656000	11	999029
5682	-1690977600	16.1	999029
5682	-1688385600	20.2	999029
5682	-1685707200	22.7	999029
5682	-1683028800	17.8	999029
5682	-1680436800	11.3	999029
5682	-1677758400	4.3	999029
5682	-1675166400	-3.2	999029
5682	-1672488000	-8.9	999029
5682	-1669809600	-4.8	999029
5682	-1667390400	0.4	999029
5682	-1664712000	6.3	999029
5682	-1662120000	9.9	999029
5682	-1659441600	15.6	999029
5682	-1656849600	21.5	999029
5682	-1654171200	23.3	999029
5682	-1651492800	18.3	999029
5682	-1648900800	11.4	999029
5682	-1646222400	1.7	999029
5682	-1643630400	-6.5	999029
5682	-1640952000	-8.1	999029
5682	-1638273600	-3.4	999029
5682	-1635854400	1.1	999029
5682	-1633176000	6	999029
5682	-1630584000	10.9	999029
5682	-1627905600	15.8	999029
5682	-1625313600	18.1	999029
5682	-1622635200	21.5	999029
5682	-1619956800	17.8	999029
5682	-1617364800	11.1	999029
5682	-1614686400	2.5	999029
5682	-1612094400	-5	999029
5682	-1609416000	-8.6	999029
5682	-1606737600	-4.8	999029
5682	-1604318400	1.5	999029
5682	-1601640000	7.1	999029
5682	-1599048000	11	999029
5682	-1596369600	15.6	999029
5682	-1593777600	21.6	999029
5682	-1591099200	22	999029
5682	-1588420800	17.9	999029
5682	-1585828800	12	999029
5682	-1583150400	4.7	999029
5682	-1580558400	-3	999029
5682	-1577880000	-4.4	999029
5682	-1575201600	-5.1	999029
5682	-1572696000	1	999029
5682	-1570017600	6.4	999029
5682	-1567425600	11.3	999029
5682	-1564747200	16.6	999029
5682	-1562155200	22.7	999029
5682	-1559476800	22.6	999029
5682	-1556798400	18.1	999029
5682	-1554206400	13.9	999029
5682	-1551528000	5.9	999029
5682	-1548936000	-2.7	999029
5682	-1546257600	-2.3	999029
5682	-1543579200	-2.5	999029
5682	-1541160000	1.1	999029
5682	-1538481600	6.9	999029
5682	-1535889600	10.6	999029
5682	-1533211200	14.8	999029
5682	-1530619200	20.4	999029
5682	-1527940800	22.5	999029
5682	-1525262400	17.8	999029
5682	-1522670400	11	999029
5682	-1519992000	2.8	999029
5682	-1517400000	-1.8	999029
5682	-1514721600	-9.9	999029
5682	-1512043200	-1.2	999029
5682	-1509624000	1	999029
5682	-1506945600	7.4	999029
5682	-1504353600	10.8	999029
5682	-1501675200	15.7	999029
5682	-1499083200	20.2	999029
5682	-1496404800	22	999029
5682	-1493726400	17.8	999029
5682	-1491134400	12.5	999029
5682	-1488456000	2.1	999029
5682	-1485864000	-3.5	999029
5682	-1483185600	-6.7	999029
5682	-1480507200	-4.2	999029
5682	-1478088000	1.9	999029
5682	-1475409600	5.7	999029
5682	-1472817600	10.6	999029
5682	-1470139200	14	999029
5682	-1467547200	19.8	999029
5682	-1464868800	22.9	999029
5682	-1462190400	17.6	999029
5682	-1459598400	11.8	999029
5682	-1456920000	3.6	999029
5682	-1454328000	-2.4	999029
5682	-1451649600	-4.2	999029
5682	-1448971200	-5.3	999029
5682	-1446465600	-1.2	999029
5682	-1443787200	5.6	999029
5682	-1441195200	10.1	999029
5682	-1438516800	15.1	999029
5682	-1435924800	21.4	999029
5682	-1433246400	23.6	999029
5682	-1430568000	18.4	999029
5682	-1427976000	11.6	999029
5682	-1425297600	2.7	999029
5682	-1422705600	-2.5	999029
5682	-1420027200	-5.4	999029
5682	-1417348800	-4	999029
5682	-1414929600	-0.7	999029
5682	-1412251200	6.9	999029
5682	-1409659200	10.5	999029
5682	-1406980800	16.4	999029
5682	-1404388800	20	999029
5682	-1401710400	23	999029
5682	-1399032000	17.9	999029
5682	-1396440000	12.5	999029
5682	-1393761600	6.4	999029
5682	-1391169600	-3	999029
5682	-1388491200	-5.6	999029
5682	-1385812800	-3.1	999029
5682	-1383393600	0.9	999029
5682	-1380715200	5.7	999029
5682	-1378123200	10.1	999029
5682	-1375444800	14.5	999029
5682	-1372852800	20.4	999029
5682	-1370174400	22.2	999029
5682	-1367496000	18.8	999029
5682	-1364904000	10.1	999029
5682	-1362225600	4.5	999029
5682	-1359633600	-4.1	999029
5682	-1356955200	-5.9	999029
5682	-1354276800	-4.9	999029
5682	-1351857600	0.4	999029
5682	-1349179200	6.5	999029
5682	-1346587200	10.3	999029
5682	-1343908800	15.4	999029
5682	-1341316800	22	999029
5682	-1338638400	22.1	999029
5682	-1335960000	17.3	999029
5682	-1333368000	12.2	999029
5682	-1330689600	5.8	999029
5682	-1328097600	-2.9	999029
5682	-1325419200	-6	999029
5682	-1322740800	-5.2	999029
5682	-1320235200	0.6	999029
5682	-1317556800	6.8	999029
5682	-1314964800	10.4	999029
5682	-1312286400	15.6	999029
5682	-1309694400	20.9	999029
5682	-1307016000	21.8	999029
5682	-1304337600	18.3	999029
5682	-1301745600	11.1	999029
5682	-1299067200	3.9	999029
5682	-1296475200	-3.4	999029
5682	-1293796800	-6	999029
5682	-1291118400	-4.9	999029
5682	-1288699200	0.8	999029
5682	-1286020800	6.1	999029
5682	-1283428800	8.9	999029
5682	-1280750400	15.7	999029
5682	-1278158400	21.4	999029
5682	-1275480000	23.2	999029
5682	-1272801600	17	999029
5682	-1270209600	11.3	999029
5682	-1267531200	4.2	999029
5682	-1264939200	-1.6	999029
5682	-1262260800	-5.6	999029
5682	-1259582400	-2.2	999029
5682	-1257163200	1.8	999029
5682	-1254484800	7	999029
5682	-1251892800	13	999029
5682	-1249214400	15.7	999029
5682	-1246622400	20.6	999029
5682	-1243944000	23.2	999029
5682	-1241265600	18.2	999029
5682	-1238673600	12.2	999029
5682	-1235995200	2	999029
5682	-1233403200	-2.2	999029
5682	-1230724800	-6.4	999029
5682	-1228046400	-5.9	999029
5682	-1225627200	1.5	999029
5682	-1222948800	5.5	999029
5682	-1220356800	10.5	999029
5682	-1217678400	12.3	999029
5682	-1215086400	16.6	999029
5682	-1212408000	21.9	999029
5682	-1209729600	17.3	999029
5682	-1207137600	10.6	999029
5682	-1204459200	5.4	999029
5682	-1201867200	-2.4	999029
5682	-1199188800	-2.3	999029
5682	-1196510400	-4.7	999029
5682	-1194004800	0	999029
5682	-1191326400	6.3	999029
5682	-1188734400	10.1	999029
5682	-1186056000	12.8	999029
5682	-1183464000	18.8	999029
5682	-1180785600	20.8	999029
5682	-1178107200	18	999029
5682	-1175515200	11.5	999029
5682	-1172836800	4.1	999029
5682	-1170244800	-0.9	999029
5682	-1167566400	-7.1	999029
5682	-1164888000	-5.9	999029
5682	-1162468800	-1.3	999029
5682	-1159790400	6.2	999029
5682	-1157198400	11.7	999029
5682	-1154520000	16.8	999029
5682	-1151928000	21	999029
5682	-1149249600	21.7	999029
5682	-1146571200	18.8	999029
5682	-1143979200	11.9	999029
5682	-1141300800	4.7	999029
5682	-1138708800	-1.1	999029
5682	-1136030400	-6.6	999029
5682	-1133352000	-2.7	999029
5682	-1130932800	-0.6	999029
5682	-1128254400	6.5	999029
5682	-1125662400	11.4	999029
5682	-1122984000	15.9	999029
5682	-1120392000	18.6	999029
5682	-1117713600	21.1	999029
5682	-1115035200	17.6	999029
5682	-1112443200	10.6	999029
5682	-1109764800	3.4	999029
5682	-1107172800	-0.2	999029
5682	-1104494400	-4.1	999029
5682	-1101816000	-1.9	999029
5682	-1099396800	2.5	999029
5682	-1096718400	6.8	999029
5682	-1094126400	11.4	999029
5682	-1091448000	14.3	999029
5682	-1088856000	19.6	999029
5682	-1086177600	21.9	999029
5682	-1083499200	18.1	999029
5682	-1080907200	13.6	999029
5682	-1078228800	4.7	999029
5682	-1075636800	-4	999029
5682	-1072958400	-8.4	999029
5682	-1070280000	-5.4	999029
5682	-1067774400	-0.7	999029
5682	-1065096000	5.4	999029
5682	-1062504000	10.3	999029
5682	-1059825600	15.4	999029
5682	-1057233600	19.9	999029
5682	-1054555200	21.3	999029
5682	-1051876800	18.4	999029
5682	-1049284800	12.2	999029
5682	-1046606400	4.7	999029
5682	-1044014400	-2	999029
5682	-1041336000	-4.2	999029
5682	-1038657600	-3	999029
5682	-1036238400	0.2	999029
5682	-1033560000	5.6	999029
5682	-1030968000	12.1	999029
5682	-1028289600	16.2	999029
5682	-1025697600	21.7	999029
5682	-1023019200	24	999029
5682	-1020340800	19.1	999029
5682	-1017748800	12.7	999029
5682	-1015070400	5.7	999029
5682	-1012478400	-4.9	999029
5682	-1009800000	-6.3	999029
5682	-1007121600	-4.5	999029
5682	-1004702400	3	999029
5682	-1002024000	8.7	999029
5682	-999432000	10.9	999029
5682	-996753600	14.5	999029
5682	-994161600	20.9	999029
5682	-991483200	24.2	999029
5682	-988804800	17.8	999029
5682	-986212800	13.1	999029
5682	-983534400	4.9	999029
5682	-980942400	-3.6	999029
5682	-978264000	-6.2	999029
5682	-975585600	-3.3	999029
5682	-973166400	1.6	999029
5682	-970488000	7.7	999029
5682	-967896000	10.9	999029
5682	-965217600	16	999029
5682	-962625600	21.9	999029
5682	-959947200	24.1	999029
5682	-957268800	19.4	999029
5682	-954676800	12.5	999029
5682	-951998400	4.7	999029
5682	-949406400	-0.6	999029
5682	-946728000	-7.7	999029
5682	-944049600	-3.6	999029
5682	-941544000	1.9	999029
5682	-938865600	6.1	999029
5682	-936273600	12.6	999029
5682	-933595200	14.1	999029
5682	-931003200	19	999029
5682	-928324800	20.3	999029
5682	-925646400	17.4	999029
5682	-923054400	13.6	999029
5682	-920376000	6.4	999029
5682	-917784000	-0.1	999029
5682	-915105600	-4	999029
5682	-912427200	-4.1	999029
5682	-910008000	0.4	999029
5682	-907329600	5.8	999029
5682	-904737600	10.2	999029
5682	-902059200	13.7	999029
5682	-899467200	18.4	999029
5682	-896788800	19.8	999029
5682	-894110400	17.1	999029
5682	-891518400	11.8	999029
5682	-888840000	6.3	999029
5682	-886248000	-0.6	999029
5682	-883569600	-5.2	999029
5682	-880891200	-4.7	999029
5682	-878472000	2.8	999029
5682	-875793600	7.7	999029
5682	-873201600	11.2	999029
5682	-870523200	15.8	999029
5682	-867931200	22.1	999029
5682	-865252800	20.9	999029
5682	-862574400	17.3	999029
5682	-859982400	11.7	999029
5682	-857304000	4.6	999029
5682	-854712000	-2.6	999029
5682	-852033600	-5.5	999029
5682	-849355200	-2.7	999029
5682	-846936000	2.1	999029
5682	-844257600	6.9	999029
5682	-841665600	10.9	999029
5682	-838987200	15.4	999029
5682	-836395200	20.4	999029
5682	-833716800	23.6	999029
5682	-831038400	18.1	999029
5682	-828446400	12.5	999029
5682	-825768000	4.4	999029
5682	-823176000	-0.5	999029
5682	-820497600	-3.7	999029
5682	-817819200	-3.1	999029
5682	-815313600	1.8	999029
5682	-812635200	6.6	999029
5682	-810043200	12.8	999029
5682	-807364800	16.5	999029
5682	-804772800	20.6	999029
5682	-802094400	21.7	999029
5682	-799416000	18.4	999029
5682	-796824000	11.7	999029
5682	-794145600	4.2	999029
5682	-791553600	-6	999029
6792	-283953600	-20.5	470140
6792	-281275200	-11.8	470140
6792	-278856000	0	470140
6792	-276177600	8	470140
6792	-273585600	13.6	470140
6792	-270907200	19	470140
6792	-268315200	22.7	470140
6792	-265636800	21.4	470140
6792	-262958400	14.4	470140
6792	-260366400	6.5	470140
6792	-257688000	-0.3	470140
6792	-255096000	-12.2	470140
6792	-252417600	-16.5	470140
6792	-249739200	-13.8	470140
6792	-247320000	-3.9	470140
6792	-244641600	6.3	470140
6792	-242049600	15.1	470140
6792	-239371200	18.9	470140
6792	-236779200	23	470140
6792	-234100800	21.4	470140
6792	-231422400	14.4	470140
6792	-228830400	5.4	470140
6792	-226152000	-4	470140
6792	-223560000	-11.7	470140
6792	-220881600	-20.7	470140
6792	-218203200	-12.9	470140
6792	-215784000	-0.6	470140
6792	-213105600	7.4	470140
6792	-210513600	14.7	470140
6792	-207835200	19.6	470140
6792	-205243200	21.8	470140
6792	-202564800	22.3	470140
6792	-199886400	14.1	470140
6792	-197294400	5.7	470140
6792	-194616000	-3.5	470140
6792	-192024000	-14.1	470140
6792	-189345600	-17.5	470140
6792	-186667200	-18.6	470140
6792	-184161600	-3.4	470140
6792	-181483200	8.6	470140
6792	-178891200	16.1	470140
6792	-176212800	18.9	470140
6792	-173620800	21.6	470140
6792	-170942400	22.1	470140
6792	-168264000	13.6	470140
6792	-165672000	6.2	470140
6792	-162993600	-2.7	470140
6792	-160401600	-14.3	470140
6792	-157723200	-18.2	470140
6792	-155044800	-14.8	470140
6792	-152625600	-4.6	470140
6792	-149947200	4.3	470140
6792	-147355200	13.6	470140
6792	-144676800	19.4	470140
6792	-142084800	21.8	470140
6792	-139406400	20.8	470140
6792	-136728000	14.5	470140
6792	-134136000	7.8	470140
6792	-131457600	-1.3	470140
6792	-128865600	-13.8	470140
6792	-126187200	-19.9	470140
6792	-123508800	-10.6	470140
6792	-121089600	-1.1	470140
6792	-118411200	6.9	470140
6792	-115819200	14.6	470140
6792	-113140800	18.1	470140
6792	-110548800	20.7	470140
6792	-107870400	22.6	470140
6792	-105192000	12.8	470140
6792	-102600000	7.9	470140
6792	-99921600	-1.1	470140
6792	-97329600	-16.4	470140
6792	-94651200	-17.7	470140
6792	-91972800	-17.4	470140
6792	-89553600	-0.9	470140
6792	-86875200	7.3	470140
6792	-84283200	16.4	470140
6792	-81604800	17.5	470140
6792	-79012800	22.2	470140
6792	-76334400	22.3	470140
6792	-73656000	13.8	470140
6792	-71064000	6.9	470140
6792	-68385600	-3.3	470140
6792	-65793600	-17.9	470140
6792	-63115200	-18.8	470140
6792	-60436800	-14.9	470140
6792	-57931200	-1.5	470140
6792	-55252800	8.8	470140
6792	-52660800	14.4	470140
6792	-49982400	18.2	470140
6792	-47390400	22.9	470140
6792	-44712000	20.5	470140
6792	-42033600	14.6	470140
6792	-39441600	5.9	470140
6792	-36763200	-3.4	470140
6792	-34171200	-10.3	470140
6792	-31492800	-16.3	470140
6792	-28814400	-14	470140
6792	-26395200	-3.4	470140
6792	-23716800	7	470140
6792	-21124800	12.8	470140
6792	-18446400	16.8	470140
6792	-15854400	21.6	470140
6792	-13176000	20.8	470140
6792	-10497600	14.3	470140
6792	-7905600	6.7	470140
6792	-5227200	-4.6	470140
6792	-2635200	-15.5	470140
6792	43200	-19.9	470140
6792	2721600	-12.3	470140
6792	5140800	-8.4	470140
6792	7819200	8.4	470140
6792	10411200	16.3	470140
6792	13089600	19.5	470140
6792	15681600	22.2	470140
6792	18360000	21.9	470140
6792	21038400	15	470140
6792	23630400	8.1	470140
6792	26308800	-2	470140
6792	28900800	-14.4	470140
6792	31579200	-16.7	470140
6792	34257600	-12	470140
6792	36676800	-4.5	470140
6792	39355200	7.8	470140
6792	41947200	13.9	470140
6792	44625600	19	470140
6792	47217600	21.7	470140
6792	49896000	21	470140
6792	52574400	14.2	470140
6792	55166400	6	470140
6792	57844800	0	470140
6792	60436800	-14	470140
6792	63115200	-14.2	470140
6792	65793600	-15.2	470140
6792	68299200	-0.6	470140
6792	70977600	7.1	470140
6792	73569600	13.7	470140
6792	76248000	18.5	470140
6792	78840000	23.1	470140
6792	81518400	18.7	470140
6792	84196800	13.2	470140
6792	86788800	6.4	470140
6792	89467200	-3.8	470140
6792	92059200	-13	470140
6792	94737600	-14.2	470140
6792	97416000	-10.8	470140
6792	99835200	-3.3	470140
6792	102513600	7.7	470140
6792	105105600	13	470140
6792	107784000	19.1	470140
6792	110376000	24.2	470140
6792	113054400	22.4	470140
6792	115732800	14.2	470140
6792	118324800	5.3	470140
6792	121003200	-3.1	470140
6792	123595200	-14.6	470140
6792	126273600	-16.4	470140
6792	128952000	-11.6	470140
6792	131371200	-1.4	470140
6792	134049600	6.9	470140
6792	136641600	13.8	470140
6792	139320000	17	470140
6792	141912000	23	470140
6792	144590400	21.5	470140
6792	147268800	14.8	470140
6792	149860800	4.7	470140
6792	152539200	-4	470140
6792	155131200	-12.9	470140
6792	157809600	-14.5	470140
6792	160488000	-11.7	470140
6792	162907200	-1.1	470140
6792	165585600	10.5	470140
6792	168177600	14.2	470140
6792	170856000	19.7	470140
6792	173448000	22.3	470140
6792	176126400	22.1	470140
6792	178804800	16.4	470140
6792	181396800	6.8	470140
6792	184075200	-0.4	470140
6792	186667200	-18.1	470140
6792	189345600	-17.4	470140
6792	192024000	-7.3	470140
6792	194529600	-1.2	470140
6792	197208000	6.2	470140
6792	199800000	14	470140
6792	202478400	18.6	470140
6792	205070400	22.2	470140
6792	207748800	19.7	470140
6792	210427200	13.9	470140
6792	213019200	5.7	470140
6792	215697600	-6.9	470140
6792	218289600	-13.7	470140
6792	220968000	-21.1	470140
6792	223646400	-12.4	470140
6792	226065600	-0.1	470140
6792	228744000	8.5	470140
6792	231336000	15.1	470140
6792	234014400	19.1	470140
6792	236606400	23.8	470140
6792	239284800	20.4	470140
6792	241963200	14.8	470140
6792	244555200	9.3	470140
6792	247233600	-2.7	470140
6792	249825600	-10.5	470140
6792	252504000	-16.3	470140
6792	255182400	-15	470140
6792	257601600	-1.3	470140
6792	260280000	7.6	470140
6792	262872000	14.6	470140
6792	265550400	19.9	470140
6792	268142400	22.9	470140
6792	270820800	21.4	470140
6792	273499200	14.8	470140
6792	276091200	5.7	470140
6792	278769600	-1.8	470140
6792	281361600	-12.8	470140
6792	284040000	-13.1	470140
6792	286718400	-10.8	470140
6792	289137600	-0.5	470140
6792	291816000	5.1	470140
6792	294408000	14.7	470140
6792	297086400	19.4	470140
6792	299678400	21.6	470140
6792	302356800	20.8	470140
6792	305035200	13.3	470140
6792	307627200	8.9	470140
6792	310305600	-4.6	470140
6792	312897600	-9.9	470140
6792	315576000	-17.3	470140
6792	318254400	-12.3	470140
6792	320760000	-1.5	470140
6792	323438400	5.5	470140
6792	326030400	15	470140
6792	328708800	20.1	470140
6792	331300800	21.2	470140
6792	333979200	20.8	470140
6792	336657600	13.1	470140
6792	339249600	5.8	470140
6792	341928000	0.6	470140
6792	344520000	-14.8	470140
6910	-662644800	-13.6	541610
6910	-659966400	-11.8	541610
6910	-657547200	-5.7	541610
6910	-654868800	7	541610
6910	-652276800	15.8	541610
6910	-649598400	21	541610
6910	-647006400	23.6	541610
6910	-644328000	22.3	541610
6910	-641649600	15.4	541610
6910	-639057600	7.9	541610
6910	-636379200	-3.6	541610
6910	-633787200	-13.7	541610
6910	-631108800	-16.1	541610
6910	-628430400	-11.8	541610
6910	-626011200	-2.2	541610
6910	-623332800	9.1	541610
6910	-620740800	15	541610
6910	-618062400	19.9	541610
6910	-615470400	24.1	541610
6910	-612792000	23.2	541610
6910	-610113600	14.3	541610
6910	-607521600	6.4	541610
6910	-604843200	-5.8	541610
6910	-602251200	-13.4	541610
6910	-599572800	-16.1	541610
6910	-596894400	-12.9	541610
6910	-594475200	-5.3	541610
6910	-591796800	5.9	541610
6910	-589204800	15.6	541610
6910	-586526400	19	541610
6910	-583934400	23.8	541610
6910	-581256000	22.4	541610
6910	-578577600	13.5	541610
6910	-575985600	7.1	541610
6910	-573307200	-2.4	541610
6910	-570715200	-7.8	541610
6910	-568036800	-14.7	541610
6910	-565358400	-16.2	541610
6910	-562852800	-2.1	541610
6910	-560174400	6.8	541610
6910	-557582400	15.7	541610
6910	-554904000	21.1	541610
6910	-552312000	24.6	541610
6910	-549633600	21.2	541610
6910	-546955200	14.6	541610
6910	-544363200	8.2	541610
6910	-541684800	-5.2	541610
6910	-539092800	-16	541610
6910	-536414400	-19.7	541610
6910	-533736000	-12.4	541610
6910	-531316800	-1.5	541610
6910	-528638400	6.3	541610
6910	-526046400	13.4	541610
6910	-523368000	20	541610
6910	-520776000	23.6	541610
6910	-518097600	21.1	541610
6910	-515419200	14.3	541610
6910	-512827200	8.5	541610
6910	-510148800	-5.8	541610
6910	-507556800	-11.3	541610
6910	-504878400	-15.7	541610
6910	-502200000	-10.7	541610
6910	-499780800	-4.1	541610
6910	-497102400	7.2	541610
6910	-494510400	12.6	541610
6910	-491832000	19.1	541610
6910	-489240000	21.8	541610
6910	-486561600	22.5	541610
6910	-483883200	15.7	541610
6910	-481291200	7	541610
6910	-478612800	-1.4	541610
6910	-476020800	-16.2	541610
6910	-473342400	-16.1	541610
6910	-470664000	-14.1	541610
6910	-468244800	-5	541610
6910	-465566400	5.3	541610
6910	-462974400	13.9	541610
6910	-460296000	20.5	541610
6910	-457704000	23.7	541610
6910	-455025600	23.1	541610
6910	-452347200	17.1	541610
6910	-449755200	7.3	541610
6910	-447076800	-2.5	541610
6910	-444484800	-7.5	541610
6910	-441806400	-17.3	541610
6910	-439128000	-12.7	541610
6910	-436622400	-4.3	541610
6910	-433944000	5.9	541610
6910	-431352000	14.8	541610
6910	-428673600	19.5	541610
6910	-426081600	22.9	541610
6910	-423403200	22.3	541610
6910	-420724800	16.5	541610
6910	-418132800	8.2	541610
6910	-415454400	-7.9	541610
6910	-412862400	-17.9	541610
6910	-410184000	-17.2	541610
6910	-407505600	-18.3	541610
6910	-405086400	-10.3	541610
6910	-402408000	7.4	541610
6910	-399816000	14.7	541610
6910	-397137600	20.3	541610
6910	-394545600	21.6	541610
6910	-391867200	20.5	541610
6910	-389188800	13.1	541610
6910	-386596800	7.5	541610
6910	-383918400	-1	541610
6910	-381326400	-12.4	541610
6910	-378648000	-17.8	541610
6910	-375969600	-13.6	541610
6910	-373550400	-5.2	541610
6910	-370872000	6.8	541610
6910	-368280000	14.3	541610
6910	-365601600	20.6	541610
6910	-363009600	25	541610
6910	-360331200	21.1	541610
6910	-357652800	15.9	541610
6910	-355060800	6.5	541610
6910	-352382400	-1.7	541610
6910	-349790400	-8	541610
6910	-347112000	-14.7	541610
6910	-344433600	-7.2	541610
6910	-342014400	1.7	541610
6910	-339336000	8.1	541610
6910	-336744000	16	541610
6910	-334065600	19.7	541610
6910	-331473600	22.8	541610
6910	-328795200	22.5	541610
6910	-326116800	16.6	541610
6910	-323524800	8.9	541610
6910	-320846400	-4.5	541610
6910	-318254400	-11.3	541610
6910	-315576000	-17.3	541610
6910	-312897600	-7.6	541610
6910	-310392000	-3	541610
6910	-307713600	6.1	541610
6910	-305121600	13	541610
6910	-302443200	19.5	541610
6910	-299851200	23.4	541610
6910	-297172800	21.8	541610
6910	-294494400	16.1	541610
6910	-291902400	7.1	541610
6910	-289224000	-3.4	541610
6910	-286632000	-14.9	541610
6910	-283953600	-17	541610
6910	-281275200	-10.6	541610
6910	-278856000	-1.5	541610
6910	-276177600	7.4	541610
6910	-273585600	14.6	541610
6910	-270907200	21.7	541610
6910	-268315200	23.8	541610
6910	-265636800	22.3	541610
6910	-262958400	16.1	541610
6910	-260366400	7.2	541610
6910	-257688000	-0.6	541610
6910	-255096000	-12.5	541610
6910	-252417600	-14.2	541610
6910	-249739200	-10.1	541610
6910	-247320000	-4.2	541610
6910	-244641600	6.1	541610
6910	-242049600	14	541610
6910	-239371200	20.8	541610
6910	-236779200	23.7	541610
6910	-234100800	21.5	541610
6910	-231422400	15.3	541610
6910	-228830400	6.5	541610
6910	-226152000	-5.3	541610
6910	-223560000	-9.4	541610
6910	-220881600	-17.9	541610
6910	-218203200	-10.3	541610
6910	-215784000	-0.2	541610
6910	-213105600	7.7	541610
6910	-210513600	16.5	541610
6910	-207835200	22.3	541610
6910	-205243200	23	541610
6910	-202564800	22.5	541610
6910	-199886400	14.7	541610
6910	-197294400	6.3	541610
6910	-194616000	-4.3	541610
6910	-192024000	-10.2	541610
6910	-189345600	-14.6	541610
6910	-186667200	-17.1	541610
6910	-184161600	-2.8	541610
6910	-181483200	7.4	541610
6910	-178891200	17.5	541610
6910	-176212800	19.5	541610
6910	-173620800	22.1	541610
6910	-170942400	21.5	541610
6910	-168264000	14.1	541610
6910	-165672000	6.3	541610
6910	-162993600	-3.1	541610
6910	-160401600	-10.5	541610
6910	-157723200	-15.4	541610
6910	-155044800	-13.7	541610
6910	-152625600	-4.3	541610
6910	-149947200	4.6	541610
6910	-147355200	14.9	541610
6910	-144676800	21.3	541610
6910	-142084800	22.6	541610
6910	-139406400	20.9	541610
6910	-136728000	15.6	541610
6910	-134136000	8.2	541610
6910	-131457600	-3.8	541610
6910	-128865600	-14.9	541610
6910	-126187200	-16.3	541610
6910	-123508800	-9.1	541610
6910	-121089600	-4.4	541610
6910	-118411200	6.2	541610
6910	-115819200	15.9	541610
6910	-113140800	20.4	541610
6910	-110548800	22.7	541610
6910	-107870400	22	541610
6910	-105192000	14.2	541610
6910	-102600000	9.2	541610
6910	-99921600	-2.9	541610
6910	-97329600	-15.2	541610
6910	-94651200	-13.5	541610
6910	-91972800	-10.7	541610
6910	-89553600	-0.9	541610
6910	-86875200	7.8	541610
6910	-84283200	17.6	541610
6910	-81604800	19.1	541610
6910	-79012800	23.1	541610
6910	-76334400	23.5	541610
6910	-73656000	15.5	541610
6910	-71064000	9.1	541610
6910	-68385600	-6	541610
6910	-65793600	-17.7	541610
6910	-63115200	-17.4	541610
6910	-60436800	-16.5	541610
6910	-57931200	-1.5	541610
6910	-55252800	9.7	541610
6910	-52660800	15.3	541610
6910	-49982400	19	541610
6910	-47390400	23.9	541610
6910	-44712000	21.2	541610
6910	-42033600	14.9	541610
6910	-39441600	6.1	541610
6910	-36763200	-3.2	541610
6910	-34171200	-8.9	541610
6910	-31492800	-17.4	541610
6910	-28814400	-15.5	541610
6910	-26395200	-4.7	541610
6910	-23716800	5.8	541610
6910	-21124800	13.1	541610
6910	-18446400	17.9	541610
6910	-15854400	22.5	541610
6910	-13176000	20.5	541610
6910	-10497600	14.3	541610
6910	-7905600	7.2	541610
6910	-5227200	-6.6	541610
6910	-2635200	-16.4	541610
6910	43200	-20.4	541610
6910	2721600	-13.7	541610
6910	5140800	-7.8	541610
6910	7819200	8	541610
6910	10411200	16	541610
6910	13089600	21.8	541610
6910	15681600	22.2	541610
6910	18360000	22.3	541610
6910	21038400	15.5	541610
6910	23630400	7.6	541610
6910	26308800	-1.9	541610
6910	28900800	-11.8	541610
6910	31579200	-13.9	541610
6910	34257600	-11.5	541610
6910	36676800	-5.4	541610
6910	39355200	7.3	541610
6910	41947200	14.4	541610
6910	44625600	20.5	541610
6910	47217600	22	541610
6910	49896000	21	541610
6910	52574400	15.1	541610
6910	55166400	7.7	541610
6910	57844800	-0.4	541610
6910	60436800	-11.2	541610
6910	63115200	-12.6	541610
6910	65793600	-12.5	541610
6910	68299200	-0.8	541610
6910	70977600	7.6	541610
6910	73569600	13.5	541610
6910	76248000	19.4	541610
6910	78840000	24.1	541610
6910	81518400	19.6	541610
6910	84196800	13.8	541610
6910	86788800	6.2	541610
6910	89467200	-4.9	541610
6910	92059200	-11.7	541610
6910	94737600	-11.7	541610
6910	97416000	-10.2	541610
6910	99835200	-3.3	541610
6910	102513600	7.6	541610
6910	105105600	13.6	541610
6910	107784000	20.1	541610
6910	110376000	23.9	541610
6910	113054400	21.1	541610
6910	115732800	16.5	541610
6910	118324800	5.7	541610
6910	121003200	-3.6	541610
6910	123595200	-11.8	541610
6910	126273600	-13.9	541610
6910	128952000	-11.7	541610
6910	131371200	-3.4	541610
6910	134049600	6.2	541610
6910	136641600	14.7	541610
6910	139320000	18.7	541610
6910	141912000	24.4	541610
6910	144590400	21.7	541610
6910	147268800	16.1	541610
6910	149860800	4.5	541610
6910	152539200	-4	541610
6910	155131200	-12.6	541610
6910	157809600	-13.8	541610
6910	160488000	-11.7	541610
6910	162907200	-0.8	541610
6910	165585600	10.7	541610
6910	168177600	16.2	541610
6910	170856000	21.4	541610
6910	173448000	22.9	541610
6910	176126400	21.9	541610
6910	178804800	17.4	541610
6910	181396800	8.1	541610
6910	184075200	0.2	541610
6910	186667200	-11.5	541610
6910	189345600	-14.9	541610
6910	192024000	-7.9	541610
6910	194529600	-3	541610
6910	197208000	6.1	541610
6910	199800000	14	541610
6910	202478400	18.8	541610
6910	205070400	23.2	541610
6910	207748800	20.2	541610
6910	210427200	15	541610
6910	213019200	5.9	541610
6910	215697600	-7.8	541610
6910	218289600	-14.3	541610
6910	220968000	-19.4	541610
6910	223646400	-12.9	541610
6910	226065600	-1.3	541610
6910	228744000	7.4	541610
6910	231336000	17.1	541610
6910	234014400	19.7	541610
6910	236606400	24.3	541610
6910	239284800	20.8	541610
6910	241963200	15.5	541610
6910	244555200	8.5	541610
6910	247233600	-3.6	541610
6910	249825600	-13	541610
6910	252504000	-16.5	541610
6910	255182400	-16.2	541610
6910	257601600	-2.2	541610
6910	260280000	7.8	541610
6910	262872000	14.2	541610
6910	265550400	22	541610
6910	268142400	23.9	541610
6910	270820800	21.3	541610
6910	273499200	16.5	541610
6910	276091200	5.1	541610
6910	278769600	-0.7	541610
6910	281361600	-11.6	541610
6910	284040000	-13.1	541610
6910	286718400	-10.7	541610
6910	289137600	-1.8	541610
6910	291816000	4.6	541610
6910	294408000	16.2	541610
6910	297086400	21.2	541610
6910	299678400	22.6	541610
6910	302356800	20.5	541610
6910	305035200	14.4	541610
6910	307627200	8.5	541610
6910	310305600	-4.8	541610
6910	312897600	-8.1	541610
6910	315576000	-16.6	541610
6910	318254400	-12.7	541610
6910	320760000	-2.8	541610
6910	323438400	4.7	541610
6910	326030400	14.7	541610
6910	328708800	21.5	541610
6910	331300800	22.2	541610
6910	333979200	21.9	541610
6910	336657600	14.4	541610
6910	339249600	5.2	541610
6910	341928000	-0.3	541610
6910	344520000	-15.1	541610
6910	347198400	-17.8	541610
6910	349876800	-11.8	541610
6910	352296000	-1	541610
6910	354974400	9.9	541610
6910	357566400	14.6	541610
6910	360244800	20.2	541610
6910	362836800	24.3	541610
6910	365515200	20	541610
6910	368193600	15.2	541610
6910	370785600	6.1	541610
6910	373464000	-8.4	541610
6910	376056000	-10	541610
6910	378734400	-14.1	541610
6910	381412800	-8.1	541610
6910	383832000	-2.2	541610
6910	386510400	9.8	541610
6910	389102400	15	541610
6910	391780800	21.9	541610
6910	394372800	23.7	541610
6910	397051200	23.6	541610
6910	399729600	15.3	541610
6910	402321600	8.4	541610
6910	4.05e+08	-2.1	541610
6910	407592000	-10.6	541610
6910	410270400	-12.5	541610
6910	412948800	-11.9	541610
6910	415368000	-0.2	541610
6910	418046400	9.6	541610
6910	420638400	15.9	541610
6910	423316800	19	541610
6910	425908800	22.1	541610
6910	428587200	21.9	541610
6910	431265600	16.9	541610
6910	433857600	6.2	541610
6910	436536000	-1.7	541610
6910	439128000	-11.3	541610
6910	441806400	-16.3	541610
6910	444484800	-12.8	541610
6910	446990400	-5.6	541610
6910	449668800	7.1	541610
6910	452260800	16.6	541610
6910	454939200	21.2	541610
6910	457531200	23.1	541610
6910	460209600	21.9	541610
6910	462888000	14.7	541610
6910	465480000	5.4	541610
6910	468158400	-1.9	541610
6910	470750400	-11	541610
6910	473428800	-17.4	541610
6910	476107200	-11.1	541610
6910	478526400	-4.1	541610
6910	481204800	8.1	541610
6910	483796800	16.5	541610
6910	486475200	20.3	541610
6910	489067200	22.2	541610
6910	491745600	22.3	541610
6910	494424000	15.4	541610
6910	497016000	8.8	541610
6910	499694400	-5.1	541610
6910	502286400	-13.9	541610
6910	504964800	-16.9	541610
6910	507643200	-11.6	541610
6910	510062400	-0.8	541610
6910	512740800	6.7	541610
6910	515332800	15.2	541610
6910	518011200	21.4	541610
6910	520603200	21.9	541610
6910	523281600	20.4	541610
6910	525960000	15.1	541610
6910	528552000	5.9	541610
6910	531230400	-4	541610
6910	533822400	-10.1	541610
6910	536500800	-16.4	541610
6910	539179200	-11.2	541610
6910	541598400	-5.1	541610
6910	544276800	7.8	541610
6910	546868800	14.8	541610
6910	549547200	19.9	541610
6910	552139200	22.5	541610
6910	554817600	22.2	541610
6910	557496000	15.3	541610
6910	560088000	8.1	541610
6910	562766400	-4.4	541610
6910	565358400	-9.4	541610
6910	568036800	-11.7	541610
6910	570715200	-12.2	541610
6910	573220800	-3.2	541610
6910	575899200	6.8	541610
6910	578491200	14.4	541610
6910	581169600	21.8	541610
6910	583761600	23.9	541610
6910	586440000	22.6	541610
6910	589118400	16.1	541610
6910	591710400	8.4	541610
6910	594388800	-2.8	541610
6910	596980800	-11.5	541610
6910	599659200	-11.5	541610
6910	602337600	-7	541610
6910	604756800	0.2	541610
6910	607435200	9.2	541610
6910	610027200	16.2	541610
6910	612705600	20	541610
6910	615297600	22.1	541610
6910	617976000	22.2	541610
6910	620654400	14.6	541610
6910	623246400	8.6	541610
6910	625924800	-2.1	541610
6910	628516800	-10.4	541610
6910	631195200	-16.2	541610
6910	633873600	-6.3	541610
6910	636292800	2.7	541610
6910	638971200	7.5	541610
6910	641563200	15.2	541610
6910	644241600	20.5	541610
6910	646833600	22.5	541610
6910	649512000	22	541610
6910	652190400	15.9	541610
6910	654782400	10.9	541610
6910	657460800	0.5	541610
6910	660052800	-9.4	541610
6910	662731200	-15.6	541610
6910	665409600	-10.8	541610
6910	667828800	-3.1	541610
6910	670507200	7.9	541610
6910	673099200	15.5	541610
6910	675777600	20	541610
6910	678369600	22	541610
6910	681048000	23.8	541610
6910	683726400	16	541610
6910	686318400	7.9	541610
6910	688996800	-1.4	541610
6910	691588800	-11.4	541610
6910	694267200	-11.3	541610
6910	696945600	-8.2	541610
6910	699451200	0.2	541610
6910	702129600	8.3	541610
6910	704721600	14.8	541610
6910	707400000	18.4	541610
6910	709992000	23.2	541610
6910	712670400	21.5	541610
6910	715348800	15	541610
6910	717940800	8.3	541610
6910	720619200	-4.7	541610
6910	723211200	-11.1	541610
6910	725889600	-13.6	541610
6910	728568000	-7.9	541610
6910	730987200	0.9	541610
6910	733665600	6.9	541610
6910	736257600	16.1	541610
6910	738936000	19.9	541610
6910	741528000	23.1	541610
6910	744206400	21.6	541610
6910	746884800	16	541610
6910	749476800	7.1	541610
6910	752155200	-4.2	541610
6910	754747200	-11.7	541610
6910	757425600	-15.9	541610
6910	760104000	-10	541610
6910	762523200	-3.3	541610
6910	765201600	10.3	541610
6910	767793600	15.3	541610
6910	770472000	23.3	541610
6910	773064000	24.9	541610
6910	775742400	23.6	541610
6910	778420800	16.1	541610
6910	781012800	8	541610
6910	783691200	-0.2	541610
6910	786283200	-11.1	541610
6910	788961600	-11.1	541610
6910	791640000	-7.2	541610
6910	794059200	-0.3	541610
6910	796737600	7.5	541610
6910	799329600	13.1	541610
6910	802008000	21.3	541610
6910	804600000	22.2	541610
6910	807278400	22	541610
6910	809956800	15.5	541610
6910	812548800	9.5	541610
6910	815227200	-0.7	541610
6910	817819200	-9.7	541610
6910	820497600	-13.1	541610
6910	823176000	-8.8	541610
6910	825681600	-1.5	541610
6910	828360000	7.7	541610
6910	830952000	16.8	541610
6910	833630400	21.9	541610
6910	836222400	22.8	541610
6910	838900800	21.2	541610
6910	841579200	15.4	541610
6910	844171200	6.5	541610
6910	846849600	-4.8	541610
6910	849441600	-10.3	541610
6910	852120000	-15.2	541610
6910	854798400	-8.9	541610
6910	857217600	0	541610
6910	859896000	9.3	541610
6910	862488000	14.8	541610
6910	865166400	22.3	541610
6910	867758400	25	541610
6910	870436800	23.1	541610
6910	873115200	15	541610
6910	875707200	5.6	541610
6910	878385600	-0.7	541610
6910	880977600	-8	541610
6910	883656000	-15.9	541610
6910	886334400	-4.6	541610
6910	888753600	1.3	541610
6910	891432000	13	541610
6910	894024000	17.1	541610
6910	896702400	21	541610
6910	899294400	23.4	541610
6910	901972800	21.8	541610
6910	904651200	17.7	541610
6910	907243200	10.7	541610
6910	909921600	-5.3	541610
6910	912513600	-9.6	541610
6910	915192000	-11.7	541610
6910	917870400	-7.6	541610
6910	920289600	-4.3	541610
6910	922968000	8.1	541610
6910	925560000	14.6	541610
6910	928238400	20.2	541610
6910	930830400	25.3	541610
6910	933508800	21.9	541610
6910	936187200	16.2	541610
6910	938779200	7	541610
6910	941457600	-2.2	541610
6910	944049600	-11.5	541610
6910	946728000	-17.4	541610
6910	949406400	-12.9	541610
6910	951912000	-0.4	541610
6910	954590400	7.2	541610
6910	957182400	17.2	541610
6910	959860800	23.2	541610
6910	962452800	25.3	541610
6910	965131200	23.6	541610
6910	967809600	18	541610
6910	970401600	6.7	541610
6910	973080000	-5.2	541610
6910	975672000	-14.9	541610
6910	978350400	-19.3	541610
6910	981028800	-13.8	541610
6910	983448000	-2.7	541610
6910	986126400	9.8	541610
6910	988718400	17.3	541610
6910	991396800	23.3	541610
6910	993988800	24.5	541610
6910	996667200	22.3	541610
6910	999345600	17.3	541610
6910	1001937600	10.2	541610
6910	1004616000	-0.9	541610
6910	1007208000	-11.7	541610
6910	1009886400	-10.3	541610
6910	1012564800	-4	541610
6910	1014984000	2.2	541610
6910	1017662400	9.6	541610
6910	1020254400	18	541610
6910	1022932800	20.1	541610
6910	1025524800	24.5	541610
6910	1028203200	21.6	541610
6910	1030881600	17.9	541610
6910	1033473600	4.9	541610
6910	1036152000	-6.7	541610
6910	1038744000	-12.2	541610
6910	1041422400	-13.2	541610
6910	1044100800	-6.3	541610
6910	1046520000	0.2	541610
6910	1049198400	10.7	541610
6910	1051790400	17.1	541610
6910	1054468800	20.7	541610
6910	1057060800	23.1	541610
6910	1059739200	21.5	541610
6910	1062417600	17	541610
6910	1065009600	8.2	541610
6910	1067688000	-2.4	541610
6910	1070280000	-10.3	541610
6910	1072958400	-12.6	541610
6910	1075636800	-7.1	541610
6910	1078142400	-0.4	541610
6910	1080820800	9.6	541610
6910	1083412800	16.5	541610
6910	1086091200	23.1	541610
6910	1088683200	22.7	541610
6910	1091361600	22.1	541610
6910	1094040000	17.6	541610
6910	1096632000	10.4	541610
6910	1099310400	-0.1	541610
6910	1101902400	-12.9	541610
6910	1104580800	-14.8	541610
6910	1107259200	-14.9	541610
6910	1109678400	-2.8	541610
6910	1112356800	9.3	541610
6910	1114948800	15.1	541610
6910	1117627200	21.3	541610
6910	1120219200	23.4	541610
6910	1122897600	22.9	541610
6910	1125576000	17.4	541610
6910	1128168000	9.3	541610
6910	1130846400	0	541610
6910	1133438400	-14.9	541610
6910	1136116800	-13.9	541610
6910	1138795200	-10.2	541610
6910	1141214400	-1	541610
6910	1143892800	6.2	541610
6910	1146484800	16.8	541610
6910	1149163200	20.6	541610
6910	1151755200	23.5	541610
6910	1154433600	23.4	541610
6910	1157112000	17.4	541610
6910	1159704000	9.7	541610
6910	1162382400	-1.9	541610
6910	1164974400	-8.7	541610
6910	1167652800	-9	541610
6910	1170331200	-3.3	541610
6910	1172750400	-1.5	541610
6910	1175428800	7.9	541610
6910	1178020800	16.1	541610
6910	1180699200	24.1	541610
6910	1183291200	23.1	541610
6910	1185969600	22.7	541610
6910	1188648000	17.9	541610
6910	1191240000	8.5	541610
6910	1193918400	-2.6	541610
6910	1196510400	-9.1	541610
6910	1199188800	-15.2	541610
6910	1201867200	-8.8	541610
6910	1204372800	3.5	541610
6910	1207051200	12.3	541610
6910	1209643200	15	541610
6910	1212321600	21.6	541610
6910	1214913600	23.8	541610
6910	1217592000	22.6	541610
6910	1220270400	16.7	541610
6910	1222862400	9.6	541610
6910	1225540800	-2	541610
6910	1228132800	-9.2	541610
6910	1230811200	-12.5	541610
6910	1233489600	-8.6	541610
6910	1235908800	-1.7	541610
6910	1238587200	10.4	541610
6910	1241179200	18.2	541610
6910	1243857600	19.3	541610
6910	1246449600	22.5	541610
6910	1249128000	23	541610
6910	1251806400	16.3	541610
6910	1254398400	8.4	541610
6910	1257076800	-5.3	541610
6910	1259668800	-14.1	541610
6910	1262347200	-14.9	541610
6910	1265025600	-13	541610
6910	1267444800	-6	541610
6910	1270123200	4.4	541610
6910	1272715200	16.2	541610
6910	1275393600	23.7	541610
6910	1277985600	23.3	541610
6910	1280664000	21.9	541610
6910	1283342400	16.9	541610
6910	1285934400	7.3	541610
6910	1288612800	-2.3	541610
6910	1291204800	-13.8	541610
6910	1293883200	-19	541610
6910	1296561600	-9.4	541610
6910	1298980800	-2.1	541610
6910	1301659200	7.9	541610
6910	1304251200	15.4	541610
6910	1306929600	20.8	541610
6910	1309521600	24.4	541610
6910	1312200000	23.1	541610
6910	1314878400	15.8	541610
6910	1317470400	10	541610
6910	1320148800	-1.6	541610
6910	1322740800	-12.5	541610
6910	1325419200	-15.6	541610
6910	1328097600	-11.8	541610
6910	1330603200	-3.5	541610
6910	1333281600	8.7	541610
6910	1335873600	17	541610
6910	1338552000	20.9	541610
6910	1341144000	23.5	541610
6910	1343822400	22.2	541610
6910	1346500800	17.3	541610
6910	1349092800	7.2	541610
6910	1351771200	-4.8	541610
6910	1354363200	-16.5	541610
6910	1357041600	-17.4	541610
6910	1359720000	-13.5	541610
6910	1362139200	-4.3	541610
6910	1364817600	4.1	541610
6910	1367409600	17.9	541610
6910	1370088000	21.3	541610
6910	1372680000	23.7	541610
6910	1375358400	22.6	541610
6910	1378036800	16.4	541610
6910	1380628800	8.3	541610
6910	1383307200	-0.8	541610
6910	1385899200	-11.2	541610
6910	1388577600	-13	541610
6910	1391256000	-9.1	541610
6910	1393675200	1.2	541610
6910	1396353600	11.4	541610
6910	1398945600	15.2	541610
6910	1401624000	22.4	541610
6910	1404216000	23.5	541610
6910	1406894400	22.5	541610
6910	1409572800	15.9	541610
6910	1412164800	8.8	541610
6910	1414843200	0.6	541610
6910	1417435200	-13.2	541610
6910	1420113600	-12	541610
6910	1422792000	-7.9	541610
6910	1425211200	0.1	541610
6910	1427889600	10.3	541610
6910	1430481600	15.9	541610
6913	809956800	14.8	542730
6913	812548800	8.8	542730
6913	815227200	-2.2	542730
6913	817819200	-11.4	542730
6913	820497600	-15.5	542730
6913	823176000	-10.8	542730
6913	825681600	-1.6	542730
6913	828360000	6.4	542730
6913	830952000	15.3	542730
6913	833630400	20.5	542730
6913	836222400	22.5	542730
6913	838900800	20.6	542730
6913	841579200	15.2	542730
6913	844171200	6.1	542730
6913	846849600	-4	542730
6913	849441600	-9.8	542730
6913	852120000	-19	542730
6913	854798400	-10	542730
6913	857217600	0	542730
6913	859896000	7.9	542730
6913	862488000	14.1	542730
6913	865166400	20.6	542730
6913	867758400	24.8	542730
6913	870436800	23	542730
6913	873115200	14.1	542730
6913	875707200	5.1	542730
6913	878385600	-1.8	542730
6913	880977600	-10.8	542730
6913	883656000	-16.1	542730
6913	886334400	-6.1	542730
6913	888753600	1.3	542730
6913	891432000	11.5	542730
6913	894024000	16.4	542730
6913	896702400	20.9	542730
6913	899294400	23.1	542730
6913	901972800	21.6	542730
6913	904651200	17.3	542730
6913	907243200	9.9	542730
6913	909921600	-4.2	542730
6913	912513600	-12.2	542730
6913	915192000	-14.2	542730
6913	917870400	-8.2	542730
6913	920289600	-4.4	542730
6913	922968000	7.7	542730
6913	925560000	13.6	542730
6913	928238400	19.6	542730
6913	930830400	24.7	542730
6913	933508800	21.6	542730
6913	936187200	15.6	542730
6913	938779200	6.7	542730
6913	941457600	-3.1	542730
6913	944049600	-13.6	542730
6913	946728000	-20.1	542730
6913	949406400	-15.2	542730
6913	951912000	-1.3	542730
6913	954590400	6.3	542730
6913	957182400	15.9	542730
6913	959860800	21.4	542730
6913	962452800	23.6	542730
6913	965131200	23.4	542730
6913	967809600	16.3	542730
6913	970401600	5.9	542730
6913	973080000	-6.9	542730
6913	975672000	-17	542730
6913	978350400	-23.2	542730
6913	981028800	-16	542730
6913	983448000	-3.7	542730
6913	986126400	8.5	542730
6913	988718400	16.6	542730
6913	991396800	21.4	542730
6913	993988800	23.3	542730
6913	996667200	21.8	542730
6913	999345600	15.8	542730
6913	1001937600	9.5	542730
6913	1004616000	-1.4	542730
6913	1007208000	-12.8	542730
6913	1009886400	-13.1	542730
6913	1012564800	-6	542730
6913	1014984000	1.6	542730
6913	1017662400	9	542730
6913	1020254400	16.1	542730
6913	1022932800	19.4	542730
6913	1025524800	23.4	542730
6913	1028203200	21.2	542730
6913	1030881600	15.3	542730
6913	1033473600	5.1	542730
6913	1036152000	-7.2	542730
6913	1038744000	-14.3	542730
6913	1041422400	-16.8	542730
6913	1044100800	-8.3	542730
6913	1046520000	-0.6	542730
6913	1049198400	8.8	542730
6913	1051790400	15.8	542730
6913	1054468800	20.2	542730
6913	1057060800	22	542730
6913	1059739200	20.8	542730
6913	1062417600	15.8	542730
6913	1065009600	6.9	542730
6913	1067688000	-2.2	542730
6913	1070280000	-12	542730
6913	1072958400	-14.4	542730
6913	1075636800	-9.6	542730
6913	1078142400	-2.1	542730
6913	1080820800	7.8	542730
6913	1083412800	14.5	542730
6913	1086091200	21.2	542730
6913	1088683200	22.1	542730
6913	1091361600	20.7	542730
6913	1094040000	16.3	542730
6913	1096632000	8.2	542730
6913	1099310400	0.6	542730
6913	1101902400	-14.7	542730
6913	1104580800	-17.3	542730
6913	1107259200	-17.3	542730
6913	1109678400	-4.1	542730
6913	1112356800	7.8	542730
6913	1114948800	13.7	542730
6913	1117627200	21	542730
6913	1120219200	23	542730
6913	1122897600	22.2	542730
6913	1125576000	16	542730
6913	1128168000	7.7	542730
6913	1130846400	-0.3	542730
6913	1133438400	-16.7	542730
6913	1136116800	-16.9	542730
6913	1138795200	-12.7	542730
6913	1141214400	-2.1	542730
6913	1143892800	5.7	542730
6913	1146484800	15.3	542730
6913	1149163200	19.4	542730
6913	1151755200	22.6	542730
6913	1154433600	22.8	542730
6913	1157112000	15.7	542730
6913	1159704000	9	542730
6913	1162382400	-1.8	542730
6913	1164974400	-10.7	542730
6913	1167652800	-14.5	542730
6913	1170331200	-5.4	542730
6913	1172750400	-2.5	542730
6913	1175428800	6.8	542730
6913	1178020800	14.9	542730
6913	1180699200	22.7	542730
6913	1183291200	22	542730
6913	1185969600	22.3	542730
6913	1188648000	16.3	542730
6913	1191240000	7.2	542730
6913	1193918400	-2.8	542730
6913	1196510400	-9	542730
6913	1199188800	-17.3	542730
6913	1201867200	-10.7	542730
6913	1204372800	2.1	542730
6913	1207051200	10.5	542730
6913	1209643200	13.7	542730
6913	1212321600	20.6	542730
6913	1214913600	23.4	542730
6913	1217592000	21.7	542730
6913	1220270400	15.5	542730
6913	1222862400	8.8	542730
6913	1225540800	-2.1	542730
6913	1228132800	-10.8	542730
6913	1230811200	-14.7	542730
6913	1233489600	-10.5	542730
6913	1235908800	-1.7	542730
6913	1238587200	7.9	542730
6913	1241179200	16.7	542730
6913	1243857600	18.6	542730
6913	1246449600	21.7	542730
6913	1249128000	21.8	542730
6913	1251806400	15.3	542730
6913	1254398400	7.7	542730
6913	1257076800	-5.2	542730
6913	1259668800	-14.6	542730
6913	1262347200	-16.8	542730
6913	1265025600	-13.6	542730
6913	1267444800	-7.2	542730
6913	1270123200	3.7	542730
6913	1272715200	15.5	542730
6913	1275393600	22.7	542730
6913	1277985600	23	542730
6913	1280664000	21.7	542730
6913	1283342400	16.3	542730
6913	1285934400	7.1	542730
6913	1288612800	-2.6	542730
6913	1291204800	-14.4	542730
6913	1293883200	-20.7	542730
6913	1296561600	-11	542730
6913	1298980800	-3	542730
6913	1301659200	6.9	542730
6913	1304251200	14.7	542730
6913	1306929600	19.8	542730
6913	1309521600	24.3	542730
6913	1312200000	22.4	542730
6913	1314878400	14.7	542730
6913	1317470400	8	542730
6913	1320148800	-3.2	542730
6913	1322740800	-16.7	542730
6913	1325419200	-19.8	542730
6913	1328097600	-14.3	542730
6913	1330603200	-3.6	542730
6913	1333281600	8.2	542730
6913	1335873600	15.9	542730
6913	1338552000	20.1	542730
6913	1341144000	23.1	542730
6913	1343822400	21.9	542730
6913	1346500800	16.4	542730
6913	1349092800	6.7	542730
6913	1351771200	-3.9	542730
6913	1354363200	-18.4	542730
6914	-1612094400	-13.2	542920
6914	-1609416000	-17.4	542920
6914	-1606737600	-9.6	542920
6914	-1604318400	-2.2	542920
6914	-1601640000	5.3	542920
6914	-1599048000	11.5	542920
6914	-1596369600	17.1	542920
6914	-1593777600	24.6	542920
6914	-1591099200	21.4	542920
6914	-1588420800	14.8	542920
6914	-1585828800	7.9	542920
6914	-1583150400	-3.1	542920
6914	-1580558400	-11.5	542920
6914	-1577880000	-12.3	542920
6914	-1575201600	-12.9	542920
6914	-1572696000	-1.1	542920
6914	-1570017600	7.2	542920
6914	-1567425600	14.8	542920
6914	-1564747200	17.8	542920
6914	-1562155200	23.7	542920
6914	-1559476800	22	542920
6914	-1556798400	14.1	542920
6914	-1554206400	7.5	542920
6914	-1551528000	-1.7	542920
6914	-1548936000	-11.8	542920
6914	-1546257600	-11.2	542920
6914	-1543579200	-10.2	542920
6914	-1541160000	-3.9	542920
6914	-1538481600	6.4	542920
6914	-1535889600	13.2	542920
6914	-1533211200	18.2	542920
6914	-1530619200	22.3	542920
6914	-1527940800	22.6	542920
6914	-1525262400	15.1	542920
6914	-1522670400	6.4	542920
6914	-1519992000	-4.2	542920
6914	-1517400000	-11.4	542920
6914	-1514721600	-19.2	542920
10891	-1509624000	-3.6	542920
10891	-1506945600	7	542920
10891	-1504353600	12.2	542920
10891	-1501675200	18.7	542920
10891	-1499083200	21.9	542920
10891	-1496404800	21.9	542920
10891	-1493726400	14.5	542920
10891	-1491134400	8.2	542920
10891	-1488456000	-6	542920
10891	-1485864000	-9.6	542920
10891	-1483185600	-14.7	542920
10891	-1480507200	-10	542920
10891	-1478088000	-1.2	542920
10891	-1475409600	5.3	542920
10891	-1472817600	13.8	542920
10891	-1470139200	16.7	542920
10891	-1467547200	21.5	542920
10891	-1464868800	22.3	542920
10891	-1462190400	14.4	542920
10891	-1459598400	7.4	542920
10891	-1456920000	-3.2	542920
10891	-1454328000	-11.6	542920
10891	-1451649600	-13.5	542920
10891	-1448971200	-13.7	542920
10891	-1446465600	-5.5	542920
10891	-1443787200	7.1	542920
10891	-1441195200	13.5	542920
10891	-1438516800	19	542920
10891	-1435924800	25.1	542920
10891	-1433246400	24.8	542920
10891	-1430568000	15.2	542920
10891	-1427976000	5.4	542920
10891	-1425297600	-4	542920
10891	-1422705600	-10.3	542920
10891	-1420027200	-13.6	542920
10891	-1417348800	-11.3	542920
10891	-1414929600	-4.1	542920
10891	-1412251200	8	542920
10891	-1409659200	13.8	542920
10891	-1406980800	20.3	542920
10891	-1404388800	22.5	542920
10891	-1401710400	21.9	542920
10891	-1399032000	15.6	542920
10891	-1396440000	8	542920
10891	-1393761600	-1	542920
10891	-1391169600	-12	542920
10891	-1388491200	-13.6	542920
10891	-1385812800	-8.9	542920
10891	-1383393600	-2.8	542920
10891	-1380715200	5.3	542920
10891	-1378123200	14.8	542920
10891	-1375444800	18.3	542920
10891	-1372852800	22.1	542920
10891	-1370174400	21.7	542920
10891	-1367496000	16.6	542920
10891	-1364904000	4.6	542920
10891	-1362225600	-2.7	542920
10891	-1359633600	-12.5	542920
10891	-1356955200	-13.8	542920
10891	-1354276800	-11.3	542920
10891	-1351857600	-3	542920
10891	-1349179200	7.7	542920
10891	-1346587200	11.6	542920
10891	-1343908800	18.3	542920
10891	-1341316800	23	542920
10891	-1338638400	20.8	542920
10891	-1335960000	14.7	542920
10891	-1333368000	7.9	542920
10891	-1330689600	-2.6	542920
10891	-1328097600	-11.6	542920
10891	-1325419200	-14.8	542920
10891	-1322740800	-10.9	542920
10891	-1320235200	-1.4	542920
10891	-1317556800	7.4	542920
10891	-1314964800	13.3	542920
10891	-1312286400	17.5	542920
10891	-1309694400	21.5	542920
10891	-1307016000	21.2	542920
10891	-1304337600	15.6	542920
14212	410270400	-17.6	470140
14212	412948800	-12.3	470140
14268	-1041336000	-15.9	542920
14268	-1038657600	-12	542920
14268	-1036238400	-4.1	542920
14268	-1033560000	5.7	542920
14268	-1030968000	13.6	542920
14268	-1028289600	18.1	542920
14268	-1025697600	24.2	542920
14268	-1023019200	23.2	542920
14268	-1020340800	16.3	542920
14268	-1017748800	7.6	542920
14268	-1015070400	-2.7	542920
14268	-1012478400	-14.1	542920
14268	-1009800000	-16.2	542920
14268	-1007121600	-10.4	542920
14268	-1004702400	0.8	542920
14268	-1002024000	8.2	542920
14268	-999432000	14.5	542920
14268	-996753600	17.2	542920
14268	-994161600	22.6	542920
14268	-991483200	23.9	542920
14268	-988804800	14.9	542920
14268	-986212800	8.3	542920
14268	-983534400	-2.2	542920
14268	-980942400	-13.2	542920
14268	-978264000	-15.5	542920
14268	-975585600	-9.4	542920
14268	-973166400	-1.2	542920
14268	-970488000	7.3	542920
14268	-967896000	12.5	542920
14268	-965217600	17.2	542920
14268	-962625600	24.7	542920
14268	-959947200	23.9	542920
14268	-957268800	16	542920
14268	-954676800	7.1	542920
14268	-951998400	-2	542920
14268	-949406400	-7.9	542920
14268	-946728000	-15.5	542920
14268	-944049600	-10	542920
14268	-941544000	-1.2	542920
14268	-938865600	6	542920
14268	-936273600	14.7	542920
14268	-933595200	17.6	542920
14268	-931003200	22.5	542920
14268	-928324800	20.4	542920
14268	-925646400	15.2	542920
14268	-923054400	8.4	542920
14268	-920376000	-0.2	542920
14268	-917784000	-9.2	542920
14268	-915105600	-13.8	542920
14268	-912427200	-10.5	542920
14268	-910008000	-3.8	542920
14268	-907329600	4.6	542920
14268	-904737600	11.8	542920
14268	-902059200	18.4	542920
14268	-899467200	20.1	542920
14268	-896788800	20.2	542920
14268	-894110400	16	542920
14268	-891518400	7.2	542920
14268	-888840000	-1.4	542920
14268	-886248000	-10.9	542920
14268	-883569600	-13.4	542920
14268	-880891200	-12	542920
14268	-878472000	0.2	542920
14268	-875793600	7	542920
14268	-873201600	13.8	542920
14268	-870523200	19.3	542920
14268	-867931200	23.5	542920
14268	-865252800	20.5	542920
14268	-862574400	14.8	542920
17151	420638400	15.5	470140
17151	423316800	18.2	470140
17151	425908800	21.5	470140
17151	428587200	23	470140
17151	431265600	15.9	470140
19814	-536414400	-16.6	542920
19814	-533736000	-11.9	542920
19814	-531316800	-1.1	542920
19814	-528638400	5.5	542920
19814	-526046400	12.5	542920
19814	-523368000	16.8	542920
19814	-520776000	21.5	542920
19814	-518097600	20.6	542920
19814	-515419200	14.3	542920
19814	-512827200	9	542920
19814	-510148800	-6.3	542920
19814	-507556800	-11.5	542920
19814	-504878400	-14	542920
19814	-502200000	-9	542920
19814	-499780800	-4	542920
19814	-497102400	7	542920
19814	-494510400	11.7	542920
19814	-491832000	14.4	542920
19814	-489240000	17.9	542920
19814	-486561600	20.9	542920
19814	-483883200	15.6	542920
19814	-481291200	6.9	542920
19814	-478612800	-0.1	542920
19814	-476020800	-15.3	542920
19814	-473342400	-14	542920
19814	-470664000	-11.9	542920
19814	-468244800	-4.6	542920
19814	-465566400	6.1	542920
19814	-462974400	11.5	542920
19814	-460296000	18.6	542920
19814	-457704000	23.8	542920
19814	-455025600	23	542920
19814	-452347200	16.5	542920
19814	-449755200	7.8	542920
19814	-447076800	-0.7	542920
19814	-444484800	-7.4	542920
19814	-441806400	-14.9	542920
19814	-439128000	-11.3	542920
19814	-436622400	-3.8	542920
19814	-433944000	6.3	542920
19814	-431352000	14.5	542920
19814	-428673600	16.4	542920
19814	-426081600	19	542920
19814	-423403200	20.7	542920
19814	-420724800	16.8	542920
19814	-418132800	8.2	542920
19814	-415454400	-5.7	542920
19814	-412862400	-15	542920
19814	-410184000	-14.7	542920
19814	-407505600	-13	542920
19814	-405086400	-5.2	542920
19814	-402408000	7.9	542920
19814	-399816000	13.7	542920
19814	-397137600	17.7	542920
19814	-394545600	19.7	542920
19814	-391867200	20.3	542920
19814	-389188800	13.7	542920
19814	-386596800	8.2	542920
19814	-383918400	0.6	542920
19814	-381326400	-10.4	542920
19814	-378648000	-14.1	542920
19814	-375969600	-9.6	542920
19814	-373550400	-2.6	542920
19814	-370872000	6	542920
19814	-368280000	13.7	542920
19814	-365601600	19.4	542920
19814	-363009600	23.2	542920
19814	-360331200	20.5	542920
19814	-357652800	15.8	542920
19814	-355060800	6.8	542920
19814	-352382400	-2	542920
19814	-349790400	-8.3	542920
19814	-347112000	-14.9	542920
19814	-344433600	-6.3	542920
19814	-342014400	1.5	542920
19814	-339336000	7.9	542920
19814	-336744000	15.2	542920
19814	-334065600	17.2	542920
19814	-331473600	21.1	542920
19814	-328795200	21.7	542920
19814	-326116800	16.1	542920
19814	-323524800	9.1	542920
19814	-320846400	-3.9	542920
19814	-318254400	-9.5	542920
19814	-315576000	-14.2	542920
19814	-312897600	-5.6	542920
19814	-310392000	-1.2	542920
19814	-307713600	6.4	542920
19814	-305121600	12.6	542920
19814	-302443200	17.4	542920
19814	-299851200	21.3	542920
19814	-297172800	21.3	542920
19814	-294494400	16.3	542920
19814	-291902400	7.7	542920
19814	-289224000	-3.2	542920
19814	-286632000	-12.8	542920
19814	-283953600	-14	542920
19814	-281275200	-8.6	542920
19814	-278856000	-0.6	542920
19814	-276177600	8.1	542920
19814	-273585600	14.1	542920
19814	-270907200	19.2	542920
19814	-268315200	23.5	542920
19814	-265636800	22.1	542920
19814	-262958400	15.7	542920
19814	-260366400	7.4	542920
19814	-257688000	-0.2	542920
19814	-255096000	-8.7	542920
19814	-252417600	-11	542920
19814	-249739200	-9.7	542920
19814	-247320000	-3.3	542920
19814	-244641600	7.5	542920
19814	-242049600	14.1	542920
19814	-239371200	18.6	542920
19814	-236779200	21.2	542920
19814	-234100800	21.4	542920
19814	-231422400	15.1	542920
19814	-228830400	6.4	542920
19814	-226152000	-4.2	542920
19814	-223560000	-8.9	542920
19814	-220881600	-15.1	542920
19814	-218203200	-9.1	542920
19814	-215784000	-0.7	542920
19814	-213105600	7.4	542920
19814	-210513600	14.7	542920
19814	-207835200	17.7	542920
19814	-205243200	20.4	542920
19814	-202564800	21.8	542920
19814	-199886400	14.9	542920
19814	-197294400	6.2	542920
19814	-194616000	-2.3	542920
19814	-192024000	-8.1	542920
19814	-189345600	-11.4	542920
19814	-186667200	-13.5	542920
19814	-184161600	-1.7	542920
19814	-181483200	6.5	542920
19814	-178891200	14.9	542920
19814	-176212800	17.7	542920
19814	-173620800	20.6	542920
19814	-170942400	21.3	542920
19814	-168264000	13.6	542920
19814	-165672000	6.5	542920
19814	-162993600	-5.2	542920
19814	-160401600	-14.2	542920
19814	-157723200	-15.2	542920
19814	-155044800	-13.1	542920
19814	-152625600	-3.8	542920
19814	-149947200	4.7	542920
19814	-147355200	12.9	542920
19814	-144676800	19.6	542920
19814	-142084800	20.2	542920
19814	-139406400	21	542920
19814	-136728000	14.9	542920
19814	-134136000	7.3	542920
19814	-131457600	-2.9	542920
19814	-128865600	-11.9	542920
19814	-126187200	-13.3	542920
19814	-123508800	-8.7	542920
19814	-121089600	-1.1	542920
19814	-118411200	5.4	542920
19814	-115819200	14.5	542920
19814	-113140800	16.9	542920
19814	-110548800	20.5	542920
19814	-107870400	21	542920
19814	-105192000	13.2	542920
19814	-102600000	9	542920
19814	-99921600	-1.7	542920
19814	-97329600	-12.6	542920
19814	-94651200	-11.4	542920
19814	-91972800	-10.3	542920
19814	-89553600	0.1	542920
19814	-86875200	7.2	542920
19814	-84283200	15.7	542920
19814	-81604800	17.3	542920
19814	-79012800	21.3	542920
19814	-76334400	23	542920
19814	-73656000	15	542920
19814	-71064000	7.9	542920
19814	-68385600	-3.3	542920
19814	-65793600	-14.3	542920
19814	-63115200	-13.5	542920
19814	-60436800	-10.9	542920
19814	-57931200	0.3	542920
19814	-55252800	8.5	542920
19814	-52660800	12.8	542920
19814	-49982400	17.8	542920
19814	-47390400	22.1	542920
19814	-44712000	20.4	542920
19814	-42033600	15.2	542920
19814	-39441600	6.7	542920
19814	-36763200	-4	542920
19814	-34171200	-8.2	542920
19814	-31492800	-13.4	542920
19814	-28814400	-12	542920
19814	-26395200	-3.4	542920
19814	-23716800	6.3	542920
19814	-21124800	12.1	542920
19814	-18446400	16	542920
19814	-15854400	21.3	542920
19814	-13176000	21	542920
19814	-10497600	14.8	542920
19814	-7905600	7	542920
19814	-5227200	-4.1	542920
19814	-2635200	-12.8	542920
19814	43200	-14.5	542920
19814	2721600	-9.3	542920
19814	5140800	-7.1	542920
19814	7819200	7.7	542920
19814	10411200	15.2	542920
19814	13089600	19.5	542920
19814	15681600	21.6	542920
19814	18360000	21.6	542920
19814	21038400	15.4	542920
19814	23630400	7.7	542920
19814	26308800	-1.8	542920
19814	28900800	-13.6	542920
19814	31579200	-14.5	542920
19814	34257600	-11.4	542920
19814	36676800	-3.8	542920
19814	39355200	6.9	542920
19814	41947200	12.8	542920
19814	44625600	18.5	542920
19814	47217600	20.4	542920
19814	49896000	20.4	542920
19814	52574400	14.6	542920
19814	55166400	7.5	542920
19814	57844800	0.3	542920
19814	60436800	-9.7	542920
19814	63115200	-11.3	542920
19814	65793600	-12.9	542920
19814	68299200	0	542920
19814	70977600	7.4	542920
19814	73569600	13.1	542920
19814	76248000	18.3	542920
19814	78840000	22.4	542920
19814	81518400	19.2	542920
19814	84196800	13.5	542920
19814	86788800	7	542920
19814	89467200	-3.3	542920
19814	92059200	-9.7	542920
19814	94737600	-10.5	542920
19814	97416000	-7.4	542920
19814	99835200	-2.4	542920
19814	102513600	7.3	542920
19814	105105600	13.3	542920
19814	107784000	18.1	542920
19814	110376000	23.7	542920
19814	113054400	22.2	542920
19814	115732800	15.1	542920
19814	118324800	5.9	542920
19814	121003200	-2	542920
19814	123595200	-10	542920
19814	126273600	-11.2	542920
19814	128952000	-10.2	542920
19814	131371200	-2.2	542920
19814	134049600	6.8	542920
19814	136641600	13.2	542920
19814	139320000	15.8	542920
19814	141912000	20.2	542920
19814	144590400	21.6	542920
19814	147268800	15.3	542920
19814	149860800	5.7	542920
19814	152539200	-3	542920
19814	155131200	-11.2	542920
19814	157809600	-10.7	542920
19814	160488000	-9.1	542920
19814	162907200	-1	542920
19814	165585600	9.6	542920
19814	168177600	14.3	542920
19814	170856000	18.7	542920
19814	173448000	20.9	542920
19814	176126400	21.7	542920
19814	178804800	16.2	542920
19814	181396800	7.4	542920
19814	184075200	0	542920
19814	186667200	-12	542920
19814	189345600	-12	542920
19814	192024000	-7.2	542920
19814	194529600	-1.7	542920
19814	197208000	6.4	542920
19814	199800000	14.2	542920
19814	202478400	16.9	542920
19814	205070400	21.7	542920
19814	207748800	19.9	542920
19814	210427200	14.6	542920
19814	213019200	5.9	542920
19814	215697600	-6.3	542920
19814	218289600	-12.1	542920
19814	220968000	-16.3	542920
19814	223646400	-10.3	542920
19814	226065600	-0.2	542920
19814	228744000	7.3	542920
19814	231336000	14.9	542920
19814	234014400	16.2	542920
19814	236606400	23.4	542920
19814	239284800	20.3	542920
19814	241963200	15.5	542920
19814	244555200	8.7	542920
19814	247233600	-1	542920
19814	249825600	-8.5	542920
19814	252504000	-12.1	542920
19814	255182400	-11.9	542920
19814	257601600	-1	542920
19814	260280000	6.5	542920
19814	262872000	13.7	542920
19814	265550400	20.3	542920
19814	268142400	23.3	542920
19814	270820800	21.7	542920
19814	273499200	15.1	542920
19814	276091200	5.8	542920
19814	278769600	-0.4	542920
19814	281361600	-9.6	542920
19814	284040000	-11.5	542920
19814	286718400	-10.1	542920
19814	289137600	-1.2	542920
19814	291816000	5.2	542920
19814	294408000	14	542920
19814	297086400	18.7	542920
19814	299678400	20.6	542920
19814	302356800	21.3	542920
19814	305035200	14.3	542920
19814	307627200	9	542920
19814	310305600	-3.1	542920
19814	312897600	-7.8	542920
19814	315576000	-14.6	542920
19814	318254400	-9.6	542920
19814	320760000	-1.4	542920
19814	323438400	4.9	542920
19814	326030400	14.7	542920
19814	328708800	19.5	542920
19814	331300800	20.1	542920
19814	333979200	19.6	542920
19814	336657600	13.4	542920
19814	339249600	5.9	542920
19814	341928000	0	542920
19814	344520000	-10.9	542920
19814	347198400	-13.3	542920
19814	349876800	-9	542920
19814	352296000	-0.7	542920
19814	354974400	8.8	542920
19814	357566400	13.2	542920
19814	360244800	17.4	542920
19814	362836800	22.7	542920
19814	365515200	20.5	542920
19814	368193600	14.6	542920
19814	370785600	6.9	542920
19814	373464000	-5	542920
19814	376056000	-8.3	542920
19814	378734400	-12.6	542920
19814	381412800	-7.8	542920
19814	383832000	-1	542920
19814	386510400	9	542920
19814	389102400	13.9	542920
19814	391780800	19.1	542920
19814	394372800	20.9	542920
19814	397051200	22.9	542920
19814	399729600	14.5	542920
19814	402321600	8.1	542920
19814	4.05e+08	0	542920
19814	407592000	-11.8	542920
19814	410270400	-11	542920
19814	412948800	-10.1	542920
19814	415368000	-0.6	542920
19814	418046400	9.4	542920
19814	420638400	14.4	542920
19814	423316800	14.5	542920
19814	425908800	19.2	542920
19814	428587200	22.3	542920
19814	431265600	16.6	542920
19814	433857600	6.4	542920
19814	436536000	-1.8	542920
19814	439128000	-9.1	542920
19814	441806400	-12.9	542920
19814	444484800	-10.9	542920
19814	446990400	-4.5	542920
19814	449668800	5.4	542920
19814	452260800	14.6	542920
19814	454939200	18.4	542920
19814	457531200	21.7	542920
19814	460209600	22.4	542920
19814	462888000	14.5	542920
19814	465480000	5.7	542920
19814	468158400	-1.6	542920
19814	470750400	-10.6	542920
19814	473428800	-15.3	542920
19814	476107200	-8.3	542920
19814	478526400	-2.5	542920
19814	481204800	7.5	542920
19814	483796800	14.6	542920
19814	486475200	17.4	542920
19814	489067200	22	542920
19814	491745600	22.7	542920
19814	494424000	14.4	542920
19814	497016000	7.7	542920
19814	499694400	-2.8	542920
19814	502286400	-12.7	542920
19814	504964800	-13.6	542920
19814	507643200	-9.7	542920
19814	510062400	-1	542920
19814	512740800	6.9	542920
19814	515332800	13.6	542920
19814	518011200	16.4	542920
19814	520603200	18.9	542920
19814	523281600	20.3	542920
19814	525960000	14.6	542920
19814	528552000	5.2	542920
19814	531230400	-2.3	542920
19814	533822400	-9	542920
19814	536500800	-14.8	542920
19814	539179200	-9.2	542920
19814	541598400	-3.5	542920
19814	544276800	6.5	542920
19814	546868800	13.7	542920
19814	549547200	18.2	542920
19814	552139200	21.4	542920
19814	554817600	20.9	542920
19814	557496000	14.7	542920
19814	560088000	7.7	542920
19814	562766400	-3.8	542920
19814	565358400	-10.3	542920
19814	568036800	-10.7	542920
19814	570715200	-10.2	542920
19814	573220800	-2.9	542920
19814	575899200	6.3	542920
19814	578491200	12.4	542920
19814	581169600	18.2	542920
19814	583761600	19.4	542920
19814	586440000	23.1	542920
19814	589118400	15.7	542920
19814	591710400	7.9	542920
19814	594388800	-1.5	542920
19814	596980800	-8.9	542920
19814	599659200	-9.6	542920
19814	602337600	-5.6	542920
19814	604756800	0	542920
19814	607435200	8.7	542920
19814	610027200	13.2	542920
19814	612705600	17.2	542920
19814	615297600	21	542920
19814	617976000	21.3	542920
19814	620654400	14.1	542920
19814	623246400	7.5	542920
19814	625924800	-1	542920
19814	628516800	-8.5	542920
19814	631195200	-14	542920
19814	633873600	-6.7	542920
19814	636292800	2.5	542920
19814	638971200	7.4	542920
19814	641563200	14	542920
19814	644241600	18	542920
19814	646833600	20.7	542920
19814	649512000	22.1	542920
19814	652190400	15.3	542920
19814	654782400	8.5	542920
19814	657460800	0.8	542920
19814	660052800	-10.9	542920
19814	662731200	-13.6	542920
19814	665409600	-9.7	542920
19814	667828800	-2.1	542920
19814	670507200	7.5	542920
19814	673099200	14.1	542920
19814	675777600	18.9	542920
19814	678369600	21.1	542920
19814	681048000	22	542920
19814	683726400	15.5	542920
19814	686318400	7.7	542920
19814	688996800	-1.3	542920
19814	691588800	-9.1	542920
19814	694267200	-9.1	542920
19814	696945600	-7.7	542920
19814	699451200	-0.2	542920
19814	702129600	7.3	542920
19814	704721600	13.3	542920
19814	707400000	17.3	542920
19814	709992000	22.4	542920
19814	712670400	21.1	542920
19814	715348800	14.7	542920
19814	717940800	7.7	542920
19814	720619200	-3.4	542920
19814	723211200	-9.3	542920
19814	725889600	-11.4	542920
19814	728568000	-6.2	542920
19814	730987200	0.6	542920
19814	733665600	6.4	542920
19814	736257600	14.3	542920
19814	738936000	16.6	542920
19814	741528000	20.1	542920
19814	744206400	19.4	542920
19814	746884800	15.4	542920
19814	749476800	6.6	542920
19814	752155200	-1.1	542920
19814	754747200	-10.1	542920
19814	757425600	-13.6	542920
19814	760104000	-6.5	542920
19814	762523200	-2.1	542920
19814	765201600	8.1	542920
19814	767793600	12.8	542920
19814	770472000	19	542920
19814	773064000	24	542920
19814	775742400	23.4	542920
19814	778420800	16.1	542920
19814	781012800	7.8	542920
19814	783691200	-0.2	542920
19814	786283200	-8.8	542920
19814	788961600	-9.8	542920
19814	791640000	-6.7	542920
19814	794059200	-0.2	542920
19814	796737600	7.1	542920
19814	799329600	11.9	542920
19814	802008000	17.2	542920
19814	804600000	21.7	542920
19814	807278400	21.5	542920
19814	809956800	15	542920
19814	812548800	9.3	542920
19814	815227200	-0.9	542920
19814	817819200	-7.3	542920
19814	820497600	-10.8	542920
19814	823176000	-7.9	542920
19814	825681600	-0.8	542920
19814	828360000	7.1	542920
19814	830952000	13.9	542920
19814	833630400	17.8	542920
19814	836222400	21	542920
19814	838900800	20.8	542920
19814	841579200	15.8	542920
19814	844171200	6.8	542920
19814	846849600	-2.7	542920
19814	849441600	-8.7	542920
19814	852120000	-12.4	542920
19814	854798400	-6.8	542920
19814	857217600	0	542920
19814	859896000	8.2	542920
19814	862488000	12.7	542920
19814	865166400	19.4	542920
19814	867758400	24.7	542920
19814	870436800	22.5	542920
19814	873115200	14	542920
19814	875707200	5.9	542920
19814	878385600	-1.4	542920
19814	880977600	-10.2	542920
19814	883656000	-12.8	542920
19814	886334400	-5.1	542920
19814	888753600	2	542920
19814	891432000	11.2	542920
19814	894024000	16	542920
19814	896702400	17.5	542920
19814	899294400	20.3	542920
19814	901972800	20.2	542920
19814	904651200	16.7	542920
19814	907243200	10.3	542920
19814	909921600	-3.2	542920
19814	912513600	-10	542920
19814	915192000	-10.2	542920
19814	917870400	-6.9	542920
19814	920289600	-2.2	542920
19814	922968000	7.9	542920
19814	925560000	13.1	542920
19814	928238400	18.7	542920
19814	930830400	23.1	542920
19814	933508800	22.3	542920
19814	936187200	16.1	542920
19814	938779200	7.5	542920
19814	941457600	-1.5	542920
19814	944049600	-8.9	542920
19814	946728000	-15.2	542920
19814	949406400	-9.5	542920
19814	951912000	-0.5	542920
19814	954590400	6.3	542920
19814	957182400	14.9	542920
19814	959860800	20.1	542920
19814	962452800	22.8	542920
19814	965131200	23.4	542920
19814	967809600	15.9	542920
19814	970401600	6.8	542920
19814	973080000	-3.9	542920
19814	975672000	-12.1	542920
19814	978350400	-15.3	542920
19814	981028800	-10.2	542920
19814	983448000	-1.5	542920
19814	986126400	8.8	542920
19814	988718400	13.6	542920
19814	991396800	19.4	542920
19814	993988800	22.5	542920
19814	996667200	21.3	542920
19814	999345600	15.5	542920
19814	1001937600	9.5	542920
19814	1004616000	0	542920
19814	1007208000	-9.8	542920
19814	1009886400	-10.9	542920
19814	1012564800	-4.9	542920
19814	1014984000	2.5	542920
19814	1017662400	8.7	542920
19814	1020254400	15.5	542920
19814	1022932800	17.7	542920
19814	1025524800	21.4	542920
19814	1028203200	20.5	542920
19814	1030881600	15.1	542920
19814	1033473600	6.2	542920
19814	1036152000	-5.1	542920
19814	1038744000	-10.9	542920
19814	1041422400	-11.6	542920
19814	1044100800	-6.3	542920
19814	1046520000	0.1	542920
19814	1049198400	9	542920
19814	1051790400	14.5	542920
19814	1054468800	19.3	542920
19814	1057060800	19.5	542920
19814	1059739200	21.1	542920
19814	1062417600	16.2	542920
19814	1065009600	7.6	542920
19814	1067688000	-1.6	542920
19814	1070280000	-8	542920
19814	1072958400	-10.5	542920
19814	1075636800	-7.2	542920
19814	1078142400	-1.3	542920
19814	1080820800	8.3	542920
19814	1083412800	14.5	542920
19814	1086091200	21.1	542920
19814	1088683200	21.3	542920
19814	1091361600	21.6	542920
19814	1094040000	16.3	542920
19814	1096632000	8.6	542920
19814	1099310400	1.1	542920
19814	1101902400	-10.2	542920
19814	1104580800	-11.5	542920
19814	1107259200	-10.9	542920
19814	1109678400	-2	542920
19814	1112356800	8.4	542920
19814	1114948800	12.3	542920
19814	1117627200	19.4	542920
19814	1120219200	21.7	542920
19814	1122897600	22.2	542920
19814	1125576000	16.7	542920
19814	1128168000	8.2	542920
19814	1130846400	0.1	542920
19814	1133438400	-12.7	542920
19814	1136116800	-12.3	542920
19814	1138795200	-8.2	542920
19814	1141214400	-1.1	542920
19814	1143892800	5.3	542920
19814	1146484800	14.7	542920
19814	1149163200	17	542920
19814	1151755200	21.8	542920
19814	1154433600	23.1	542920
19814	1157112000	16.3	542920
19814	1159704000	8.9	542920
19814	1162382400	-1.8	542920
19814	1164974400	-8.8	542920
19814	1167652800	-9.8	542920
19814	1170331200	-3.8	542920
19814	1172750400	-1.4	542920
19814	1175428800	6.9	542920
19814	1178020800	13.4	542920
19814	1180699200	20.6	542920
19814	1183291200	20.5	542920
19814	1185969600	22.6	542920
19814	1188648000	16.3	542920
19814	1191240000	8	542920
19814	1193918400	-1.4	542920
19814	1196510400	-6.7	542920
19814	1199188800	-12.3	542920
19814	1201867200	-7.4	542920
19814	1204372800	2.3	542920
19814	1207051200	11	542920
19814	1209643200	12.6	542920
19814	1212321600	18.6	542920
19814	1214913600	23	542920
19814	1217592000	21.6	542920
19814	1220270400	16.1	542920
19814	1222862400	9.6	542920
19814	1225540800	-1	542920
19814	1228132800	-9.2	542920
19814	1230811200	-11	542920
19814	1233489600	-7.7	542920
19814	1235908800	-1.4	542920
19814	1238587200	8.8	542920
19814	1241179200	16.4	542920
19814	1243857600	16.3	542920
19814	1246449600	20.3	542920
19814	1249128000	22	542920
19814	1251806400	15.3	542920
19814	1254398400	8.3	542920
19814	1257076800	-5.4	542920
19814	1259668800	-11.5	542920
19814	1262347200	-11.8	542920
19814	1265025600	-9.9	542920
19814	1267444800	-4.7	542920
19814	1270123200	4.6	542920
19814	1272715200	14.5	542920
19814	1275393600	22.2	542920
19814	1277985600	22	542920
19814	1280664000	22.4	542920
19814	1283342400	16.4	542920
19814	1285934400	7.2	542920
19814	1288612800	-1.4	542920
19814	1291204800	-10.9	542920
19814	1293883200	-13.7	542920
19814	1296561600	-6.3	542920
19814	1298980800	-1.5	542920
19814	1301659200	6.9	542920
19814	1304251200	12.2	542920
19814	1306929600	19	542920
19814	1309521600	21.9	542920
19814	1312200000	22.5	542920
19814	1314878400	15.9	542920
19814	1317470400	8.5	542920
19814	1320148800	-1.7	542920
19814	1322740800	-11.9	542920
19814	1325419200	-14	542920
19814	1328097600	-10.9	542920
19814	1330603200	-2.2	542920
19814	1333281600	6.7	542920
19814	1335873600	14.7	542920
19814	1338552000	17.1	542920
19814	1341144000	21.5	542920
19814	1343822400	21.3	542920
19814	1346500800	16.6	542920
19814	1349092800	7.5	542920
19814	1351771200	-1.4	542920
19814	1354363200	-12.4	542920
19814	1357041600	-13.5	542920
19814	1359720000	-11.1	542920
19814	1362139200	-2.4	542920
19814	1364817600	4.4	542920
19814	1367409600	13.8	542920
19814	1370088000	19.1	542920
19814	1372680000	22	542920
19814	1375358400	21.6	542920
19814	1378036800	15.1	542920
19814	1380628800	7.6	542920
19814	1383307200	-0.7	542920
19814	1385899200	-9.5	542920
19814	1388577600	-12.4	542920
19814	1391256000	-10.4	542920
19814	1393675200	0.8	542920
19814	1396353600	9.5	542920
19814	1398945600	13.9	542920
19814	1401624000	18.8	542920
19814	1404216000	22.4	542920
19814	1406894400	21.1	542920
19814	1409572800	15.3	542920
19814	1412164800	7.5	542920
19814	1414843200	-0.3	542920
19814	1417435200	-11.4	542920
19814	1420113600	-10.4	542920
19814	1422792000	-7	542920
19814	1425211200	0.6	542920
19814	1427889600	9	542920
19814	1430481600	15	542920
22122	441806400	-17.7	470140
22122	444484800	-12.3	470140
24291	452260800	14.6	470140
24291	454939200	19.5	470140
26254	460209600	22.6	470140
26254	462888000	13.7	470140
29699	483796800	15.4	470140
29699	486475200	18.9	470140
29699	489067200	21.8	470140
31194	502286400	-16.7	470140
31194	504964800	-18	470140
32556	510062400	0.3	470140
32556	512740800	7.4	470140
32556	515332800	13.9	470140
33793	520603200	21.3	470140
33793	523281600	19.7	470140
33793	525960000	14.2	470140
33793	528552000	5.9	470140
33793	531230400	-3.1	470140
33793	533822400	-9.8	470140
34934	539179200	-11.5	470140
34934	541598400	-3.2	470140
34934	544276800	7.1	470140
34934	546868800	15.1	470140
34934	549547200	19	470140
34934	552139200	21.6	470140
34934	554817600	21.8	470140
34934	557496000	14.2	470140
34934	560088000	8.1	470140
34934	562766400	-3.1	470140
34934	565358400	-10	470140
34934	568036800	-11.8	470140
34934	570715200	-11.3	470140
34934	573220800	-1.9	470140
34934	575899200	7.4	470140
34934	578491200	13.6	470140
34934	581169600	19.4	470140
34934	583761600	23.4	470140
34934	586440000	23.3	470140
34934	589118400	15.5	470140
34934	591710400	7.2	470140
34934	594388800	-3.9	470140
34934	596980800	-12	470140
34934	599659200	-12.8	470140
34934	602337600	0	470140
34934	604756800	1.9	470140
34934	607435200	9.4	470140
34934	610027200	15.1	470140
34934	612705600	19	470140
34934	615297600	20.9	470140
34934	617976000	21.1	470140
34934	620654400	14.1	470140
35985	625924800	-3	470140
35985	628516800	-10.5	470140
35985	631195200	-17	470140
35985	633873600	-9.8	470140
35985	636292800	2.5	470140
35985	638971200	7.8	470140
35985	641563200	13.7	470140
35985	644241600	18.5	470140
35985	646833600	17	470140
35985	649512000	21.2	470140
35985	652190400	12.6	470140
35985	654782400	6	470140
35985	657460800	-2.3	470140
35985	660052800	-10.6	470140
36961	757425600	-15.8	470140
36961	760104000	-12	470140
36961	762523200	-3.4	470140
36961	765201600	9.8	470140
36961	767793600	13.6	470140
36961	770472000	20.4	470140
36961	773064000	25.1	470140
36961	775742400	23	470140
36961	778420800	14.8	470140
36961	781012800	7.3	470140
36961	783691200	-1.1	470140
36961	786283200	-12.7	470140
37864	791640000	-8	470140
37864	794059200	-0.2	470140
37864	796737600	6.4	470140
37864	799329600	11.9	470140
38696	804600000	21.9	470140
38696	807278400	21.1	470140
38696	809956800	13.6	470140
38696	812548800	8.2	470140
38696	815227200	-3.2	470140
38696	817819200	-11.7	470140
38696	820497600	-16.1	470140
40183	833630400	19.7	470140
40183	836222400	21.5	470140
40852	841579200	15.2	470140
40852	844171200	8.1	470140
41473	849441600	-11	470140
41473	852120000	-19	470140
41473	854798400	-9.6	470140
41473	857217600	0.5	470140
42038	870436800	23.2	470140
42038	873115200	14.5	470140
42593	1101902400	-13.4	470140
42593	1104580800	-16.1	470140
43568	1114948800	13	470140
43568	1117627200	19.7	470140
44013	1122897600	21.1	470140
44013	1125576000	16.3	470140
44013	1128168000	6.5	470140
44431	1133438400	-18.4	470140
44431	1136116800	-16.7	470140
44431	1138795200	-14	470140
44431	1141214400	-2.1	470140
44431	1143892800	5.5	470140
44431	1146484800	15.2	470140
44431	1149163200	18.6	470140
44431	1151755200	22.5	470140
44431	1154433600	22.9	470140
44431	1157112000	15.1	470140
44431	1159704000	9.1	470140
45172	1172750400	-1.6	470140
45172	1175428800	6.4	470140
45172	1178020800	14.7	470140
45172	1180699200	21.5	470140
45172	1183291200	21.7	470140
45172	1185969600	22	470140
45172	1188648000	15.9	470140
45172	1191240000	6.9	470140
45172	1193918400	-2.6	470140
45172	1196510400	-10	470140
45172	1199188800	-16.3	470140
45172	1201867200	-10.8	470140
45172	1204372800	1.7	470140
45172	1207051200	10.2	470140
45172	1209643200	13.3	470140
45172	1212321600	19.8	470140
45172	1214913600	23	470140
45172	1217592000	21.5	470140
45172	1220270400	15.6	470140
45172	1222862400	8.4	470140
45172	1225540800	-2.7	470140
45172	1228132800	-11.3	470140
45172	1230811200	-14.7	470140
45172	1233489600	-9.3	470140
45172	1235908800	-2.7	470140
45172	1238587200	8.4	470140
45172	1241179200	16.9	470140
45172	1243857600	17.7	470140
45172	1246449600	21.1	470140
45172	1249128000	21.6	470140
45172	1251806400	15.2	470140
45172	1254398400	7.5	470140
45839	1265025600	-10.8	470140
45839	1267444800	-4.7	470140
46124	1277985600	22.5	470140
46124	1280664000	21.4	470140
46124	1283342400	16.2	470140
46124	1285934400	6.6	470140
46124	1288612800	-3.2	470140
46391	1296561600	-9.2	470140
46391	1298980800	-2	470140
46391	1301659200	6.8	470140
46391	1304251200	14.2	470140
46391	1306929600	18.5	470140
46391	1309521600	23.8	470140
46883	1328097600	-13.1	470140
46883	1330603200	-2.3	470140
46883	1333281600	7.9	470140
47306	1349092800	6.6	470140
47306	1351771200	-2.8	470140
47992	1412164800	8.2	470140
47992	1414843200	-0.6	470140
48267	1427889600	8.9	470140
48267	1430481600	15.3	470140
