group	x	y	clickSelects
1168	-1009800000	11.6	406370
1168	-1007121600	11.2	406370
1168	-1004702400	12	406370
1168	-1002024000	21	406370
1168	-999432000	26.9	406370
1168	-996753600	32.5	406370
1168	-994161600	37.1	406370
1168	-991483200	36.8	406370
1168	-988804800	32.3	406370
1168	-986212800	24.4	406370
1168	-983534400	18.3	406370
1168	-980942400	12.7	406370
1168	-978264000	10.7	406370
1168	-975585600	10.5	406370
1168	-973166400	13.4	406370
1168	-970488000	19.5	406370
1168	-967896000	29.3	406370
1168	-965217600	32.1	406370
1168	-962625600	35.3	406370
1168	-959947200	33.4	406370
1168	-957268800	31.3	406370
1168	-954676800	27	406370
1168	-951998400	17.5	406370
1168	-949406400	12.5	406370
1168	-946728000	10.6	406370
1168	-944049600	12.6	406370
1168	-941544000	13.3	406370
1168	-938865600	23.9	406370
1168	-936273600	28.5	406370
1168	-933595200	33.1	406370
1168	-931003200	36.8	406370
1168	-928324800	36.5	406370
1168	-925646400	31.7	406370
1168	-923054400	25.4	406370
1168	-920376000	19.5	406370
1168	-917784000	13.7	406370
1168	-915105600	11.3	406370
1168	-912427200	14.2	406370
1168	-910008000	15.4	406370
1168	-907329600	21.4	406370
1172	-915105600	13	406650
1172	-912427200	15.5	406650
1172	-910008000	17.2	406650
1172	-907329600	22.5	406650
1172	-904737600	31.8	406650
1172	-902059200	34.3	406650
1172	-899467200	35.9	406650
1172	-896788800	34.2	406650
1172	-894110400	31.7	406650
1172	-891518400	24.5	406650
1172	-888840000	19.9	406650
1172	-886248000	10.7	406650
1172	-883569600	9.6	406650
1172	-880891200	14.4	406650
1172	-878472000	17.8	406650
1172	-875793600	23.9	406650
1172	-873201600	30.8	406650
1172	-870523200	34.1	406650
1172	-867931200	35.3	406650
1172	-865252800	36	406650
1172	-862574400	31.4	406650
1172	-859982400	26.7	406650
1172	-857304000	19.9	406650
1172	-854712000	12.4	406650
1172	-852033600	11.2	406650
1172	-849355200	12.3	406650
1172	-846936000	14.1	406650
1172	-844257600	20.4	406650
1172	-841665600	28.7	406650
1172	-838987200	31.8	406650
1172	-836395200	35.4	406650
1172	-833716800	36.1	406650
1172	-831038400	31.6	406650
1172	-828446400	27.3	406650
1172	-825768000	20.4	406650
1172	-823176000	15.6	406650
1172	-820497600	11.2	406650
1172	-817819200	13.6	406650
1172	-815313600	19.7	406650
1172	-812635200	23.1	406650
1172	-810043200	28.7	406650
1172	-807364800	34.6	406650
1172	-804772800	34.6	406650
1172	-802094400	34.7	406650
1172	-799416000	33.3	406650
1172	-796824000	27.7	406650
1172	-794145600	18.6	406650
1172	-791553600	12.2	406650
1172	-788875200	10.6	406650
1172	-786196800	11.9	406650
1172	-783777600	14.9	406650
1172	-781099200	22	406650
1172	-778507200	28.6	406650
1172	-775828800	33.3	406650
1172	-773236800	32.9	406650
1172	-770558400	34.6	406650
1172	-767880000	32.2	406650
1172	-765288000	27.3	406650
1172	-762609600	19.4	406650
1172	-760017600	12.6	406650
1172	-757339200	10	406650
1172	-754660800	12	406650
1172	-752241600	15.8	406650
1172	-749563200	22.3	406650
1172	-746971200	29.2	406650
1172	-744292800	32.8	406650
1172	-741700800	34.8	406650
1172	-739022400	35.2	406650
1172	-736344000	32.1	406650
1172	-733752000	25.7	406650
1172	-731073600	20.9	406650
1172	-728481600	13.8	406650
1172	-725803200	13.2	406650
1172	-723124800	13.1	406650
1172	-720705600	19.2	406650
1172	-718027200	24.7	406650
1172	-715435200	29.9	406650
1172	-712756800	34.2	406650
1172	-710164800	36.3	406650
1174	-946728000	11.5	406720
1174	-944049600	14.3	406720
1174	-941544000	15.2	406720
1174	-938865600	25.1	406720
1174	-936273600	28.2	406720
1174	-933595200	31.4	406720
1174	-931003200	33.8	406720
1174	-928324800	34.9	406720
1174	-925646400	30.4	406720
1174	-923054400	26.2	406720
1174	-920376000	18.4	406720
1174	-917784000	14.4	406720
1174	-915105600	12.6	406720
1174	-912427200	15.2	406720
1174	-910008000	17.9	406720
1174	-907329600	22.5	406720
1174	-904737600	30.2	406720
1174	-902059200	32.2	406720
1174	-899467200	32.8	406720
1174	-896788800	31.9	406720
1174	-894110400	30.4	406720
1174	-891518400	22.8	406720
1174	-888840000	20.2	406720
1174	-886248000	10	406720
1174	-883569600	9.3	406720
1174	-880891200	13.8	406720
1174	-878472000	19.8	406720
1174	-875793600	23.2	406720
1174	-873201600	29.7	406720
1174	-870523200	32.6	406720
1174	-867931200	32.9	406720
1174	-865252800	34.1	406720
1174	-862574400	28.7	406720
1174	-859982400	25.2	406720
1174	-857304000	18.8	406720
1174	-854712000	11.6	406720
1174	-852033600	10.4	406720
1174	-849355200	11.2	406720
1174	-846936000	13.8	406720
1174	-844257600	20.4	406720
1174	-841665600	27.4	406720
1174	-838987200	29.4	406720
1174	-836395200	32.7	406720
1174	-833716800	33.7	406720
1174	-831038400	28.8	406720
1174	-828446400	26.5	406720
1174	-825768000	19.6	406720
1174	-823176000	14.5	406720
1174	-820497600	10.7	406720
1174	-817819200	12.9	406720
1174	-815313600	19.5	406720
1174	-812635200	22.9	406720
1174	-810043200	28	406720
1174	-807364800	32.8	406720
1174	-804772800	32.9	406720
1174	-802094400	32.7	406720
1174	-799416000	30.9	406720
1174	-796824000	26.8	406720
1174	-794145600	19.6	406720
1174	-791553600	11.3	406720
1174	-788875200	10.5	406720
1174	-786196800	11.4	406720
1174	-783777600	14	406720
1174	-781099200	21.4	406720
1174	-778507200	28.4	406720
1174	-775828800	31.6	406720
1174	-773236800	33.5	406720
1174	-770558400	32.8	406720
1174	-767880000	30	406720
1174	-765288000	27.5	406720
1174	-762609600	17.4	406720
1174	-760017600	11.6	406720
1174	-757339200	9.5	406720
1174	-754660800	11.6	406720
1174	-752241600	16.7	406720
1174	-749563200	22.7	406720
1174	-746971200	28.5	406720
1174	-744292800	31.7	406720
1174	-741700800	33.1	406720
1174	-739022400	33.5	406720
1174	-736344000	30.5	406720
1174	-733752000	24.5	406720
1174	-731073600	19.3	406720
1174	-728481600	13.3	406720
1174	-725803200	13	406720
1174	-723124800	13.2	406720
1174	-720705600	20.1	406720
1174	-718027200	24.8	406720
1174	-715435200	28.9	406720
1174	-712756800	33.2	406720
1174	-710164800	34.6	406720
1174	-707486400	33.8	406720
1174	-704808000	29.7	406720
1174	-702216000	27.1	406720
1174	-699537600	19.5	406720
1174	-696945600	13.7	406720
1174	-694267200	12	406720
1174	-691588800	12.7	406720
1174	-689083200	15.5	406720
1174	-686404800	19.6	406720
1174	-683812800	28.7	406720
1174	-681134400	32.2	406720
1174	-678542400	32.3	406720
1174	-675864000	33.3	406720
1174	-673185600	28.3	406720
1174	-670593600	24.5	406720
1174	-667915200	17.9	406720
1174	-665323200	11.6	406720
1174	-662644800	8.4	406720
1174	-659966400	9.6	406720
1174	-657547200	15.5	406720
1174	-654868800	19.6	406720
1174	-652276800	28.7	406720
1174	-649598400	32.2	406720
1174	-647006400	32.3	406720
1174	-644328000	33.3	406720
1174	-641649600	28.3	406720
1174	-639057600	24.5	406720
1174	-636379200	17.9	406720
1174	-633787200	11.6	406720
1174	-631108800	6.9	406720
1174	-628430400	9.2	406720
1174	-626011200	16.8	406720
1174	-623332800	23.7	406720
1174	-620740800	28.3	406720
1174	-618062400	31.9	406720
1174	-615470400	33.5	406720
1174	-612792000	33.1	406720
1174	-610113600	30.8	406720
1174	-607521600	26.2	406720
1174	-604843200	19.4	406720
1174	-602251200	12.6	406720
1174	-599572800	11.2	406720
1174	-596894400	13.3	406720
1174	-594475200	18.7	406720
1174	-591796800	24.9	406720
1174	-589204800	30.5	406720
1174	-586526400	34.1	406720
1174	-583934400	36.6	406720
1174	-581256000	36.5	406720
1174	-578577600	33.1	406720
1174	-575985600	25.7	406720
1174	-573307200	18.3	406720
1174	-570715200	11.6	406720
1174	-568036800	11.3	406720
1174	-565358400	15.4	406720
1174	-562852800	18.1	406720
1174	-560174400	24	406720
1174	-557582400	29.3	406720
1174	-554904000	31.8	406720
1174	-552312000	34.1	406720
1174	-549633600	35.4	406720
1174	-546955200	33.2	406720
1174	-544363200	25.9	406720
1174	-541684800	17.1	406720
1174	-539092800	13.9	406720
1174	-536414400	12.3	406720
1174	-533736000	14.1	406720
1174	-531316800	15.2	406720
1174	-528638400	24.4	406720
1174	-526046400	29.6	406720
1174	-523368000	32.3	406720
1174	-520776000	34.7	406720
1174	-518097600	34.1	406720
1174	-515419200	30.8	406720
1174	-512827200	25.8	406720
1174	-510148800	16.8	406720
1174	-507556800	9.5	406720
1174	-504878400	9.9	406720
1174	-502200000	13.2	406720
1174	-499780800	17.9	406720
1174	-497102400	23.3	406720
1174	-494510400	29.5	406720
1174	-491832000	33.3	406720
1174	-489240000	35.9	406720
1174	-486561600	35.1	406720
1174	-483883200	31	406720
1174	-481291200	26	406720
1174	-478612800	18.2	406720
1174	-476020800	12.3	406720
1174	-473342400	11.1	406720
1174	-470664000	14.7	406720
1174	-468244800	17.2	406720
1174	-465566400	23.6	406720
1174	-462974400	28.6	406720
1174	-460296000	32.8	406720
1174	-457704000	33.7	406720
1174	-455025600	32.9	406720
1174	-452347200	30.4	406720
1174	-449755200	24.3	406720
1174	-447076800	18.2	406720
1174	-444484800	11.9	406720
1174	-441806400	11.1	406720
1174	-439128000	14.2	406720
1174	-436622400	15.6	406720
1174	-433944000	21.1	406720
1174	-431352000	26.5	406720
1174	-428673600	31.9	406720
1174	-426081600	33.5	406720
1174	-423403200	36.5	406720
1174	-420724800	29.7	406720
1174	-418132800	24.2	406720
1174	-415454400	16.4	406720
1174	-412862400	10.9	406720
1174	-410184000	8.7	406720
1174	-407505600	12.7	406720
1174	-405086400	17.5	406720
1174	-402408000	20.8	406720
1174	-399816000	26.3	406720
1174	-397137600	32.5	406720
1174	-394545600	33.5	406720
1174	-391867200	34.6	406720
1174	-389188800	30.9	406720
1174	-386596800	26.1	406720
1174	-383918400	17.6	406720
1174	-381326400	11.1	406720
1174	-378648000	11.1	406720
1174	-375969600	12.3	406720
1174	-373550400	19.2	406720
1174	-370872000	25.2	406720
1174	-368280000	30.4	406720
1174	-365601600	32.5	406720
1174	-363009600	34.1	406720
1174	-360331200	34.6	406720
1174	-357652800	29.1	406720
1174	-355060800	24.7	406720
1174	-352382400	15.6	406720
1174	-349790400	12.9	406720
1174	-347112000	11.5	406720
1174	-344433600	8.8	406720
1174	-342014400	17.3	406720
1174	-339336000	24.8	406720
1174	-336744000	28.7	406720
1174	-334065600	32.2	406720
1174	-331473600	31.8	406720
1174	-328795200	32	406720
1174	-326116800	27.8	406720
1174	-323524800	25.2	406720
1174	-320846400	16.6	406720
1174	-318254400	11.3	406720
1174	-315576000	12	406720
1174	-312897600	15.4	406720
1174	-310392000	16.9	406720
1174	-307713600	23	406720
1174	-305121600	30.9	406720
1174	-302443200	32.4	406720
1174	-299851200	34.1	406720
1174	-297172800	33	406720
1174	-294494400	31	406720
1174	-291902400	23.9	406720
1174	-289224000	18.7	406720
1174	-286632000	12.8	406720
1174	-283953600	10.4	406720
1174	-281275200	13.3	406720
1174	-278856000	15.1	406720
1174	-276177600	22.6	406720
1174	-273585600	29.4	406720
1174	-270907200	33.9	406720
1174	-268315200	35.6	406720
1174	-265636800	35.2	406720
1174	-262958400	28.8	406720
1174	-260366400	25.2	406720
1174	-257688000	17.6	406720
1174	-255096000	13.1	406720
1174	-252417600	11.5	406720
1174	-249739200	13.8	406720
1174	-247320000	19.7	406720
1174	-244641600	22.7	406720
1174	-242049600	30.4	406720
1174	-239371200	34.1	406720
1174	-236779200	35.9	406720
1174	-234100800	36.4	406720
1174	-231422400	31	406720
1174	-228830400	26.6	406720
1174	-226152000	18.6	406720
1174	-223560000	13.2	406720
1174	-220881600	14	406720
1174	-218203200	15.5	406720
1174	-215784000	19.4	406720
1174	-213105600	23.5	406720
1174	-210513600	26.2	406720
1174	-207835200	33.6	406720
1174	-205243200	35.3	406720
1174	-202564800	34.7	406720
1174	-199886400	31.3	406720
1174	-197294400	26.1	406720
1174	-194616000	17.3	406720
1174	-192024000	10.2	406720
1174	-189345600	5.5	406720
1174	-186667200	13.5	406720
1174	-184161600	19.8	406720
1174	-181483200	22.2	406720
1174	-178891200	29	406720
1174	-176212800	34.4	406720
1174	-173620800	34.9	406720
1174	-170942400	33.2	406720
1174	-168264000	30.2	406720
1174	-165672000	22.8	406720
1174	-162993600	17.3	406720
1174	-160401600	10.4	406720
1174	-157723200	10.5	406720
1174	-155044800	13.7	406720
1174	-152625600	18	406720
1174	-149947200	21.6	406720
1174	-147355200	29.8	406720
1174	-144676800	33.9	406720
1174	-142084800	34.4	406720
1174	-139406400	35.9	406720
1174	-136728000	31.5	406720
1174	-134136000	24.7	406720
1174	-131457600	17.2	406720
1174	-128865600	12.5	406720
1174	-126187200	13.4	406720
1174	-123508800	14.9	406720
1174	-121089600	17.6	406720
1174	-118411200	23.7	406720
1174	-115819200	30.1	406720
1174	-113140800	33.9	406720
1174	-110548800	34.5	406720
1174	-107870400	35.2	406720
1174	-105192000	31.4	406720
1174	-102600000	25.3	406720
1174	-99921600	19.9	406720
1174	-97329600	13.2	406720
1174	-94651200	10.7	406720
1174	-91972800	10.6	406720
1174	-89553600	15.6	406720
1174	-86875200	21.7	406720
1174	-84283200	28.8	406720
1174	-81604800	31.5	406720
1174	-79012800	34.5	406720
1174	-76334400	33.2	406720
1174	-73656000	30.9	406720
1174	-71064000	26	406720
1174	-68385600	17.6	406720
1174	-65793600	11.8	406720
1174	-63115200	9.7	406720
1174	-60436800	12.2	406720
1174	-57931200	17.7	406720
1174	-55252800	22.6	406720
1174	-52660800	29.7	406720
1174	-49982400	32.5	406720
1174	-47390400	35.7	406720
1174	-44712000	33.3	406720
1174	-42033600	31.9	406720
1174	-39441600	25.8	406720
1174	-36763200	19.1	406720
1174	-34171200	13.7	406720
1174	-31492800	11.9	406720
1174	-28814400	13.4	406720
1174	-26395200	20.8	406720
1174	-23716800	21.5	406720
1174	-21124800	29.8	406720
1174	-18446400	33.5	406720
1174	-15854400	33.4	406720
1174	-13176000	33.4	406720
1174	-10497600	30.9	406720
1174	-7905600	26.3	406720
1174	-5227200	15.4	406720
1174	-2635200	13.6	406720
1174	43200	11.3	406720
1174	2721600	14.8	406720
1174	5140800	18.6	406720
1174	7819200	25.3	406720
1174	10411200	29.2	406720
1174	13089600	32.6	406720
1174	15681600	34	406720
1174	18360000	32.8	406720
1174	21038400	30.3	406720
1174	23630400	24.5	406720
1174	26308800	20.1	406720
1174	28900800	10.6	406720
1174	31579200	11	406720
1174	34257600	12.9	406720
1174	36676800	18.3	406720
1174	39355200	21.6	406720
1174	41947200	30.5	406720
1174	44625600	31.6	406720
1174	47217600	34.2	406720
1174	49896000	33.7	406720
1174	52574400	31.6	406720
1174	55166400	23.7	406720
1174	57844800	17.5	406720
1174	60436800	10.1	406720
1174	63115200	8.6	406720
1174	65793600	10.1	406720
1174	68299200	16.6	406720
1174	70977600	24.3	406720
1174	73569600	27.2	406720
1174	76248000	33.7	406720
1174	78840000	33.7	406720
1174	81518400	35.3	406720
1174	84196800	31.3	406720
1174	86788800	26.9	406720
1174	89467200	16.7	406720
1174	92059200	8.4	406720
1174	94737600	9.3	406720
1174	97416000	15.1	406720
1174	99835200	17.6	406720
1174	102513600	22.7	406720
1174	105105600	29.7	406720
1174	107784000	32.2	406720
1174	110376000	34.4	406720
1174	113054400	35.6	406720
1174	115732800	31.1	406720
1174	118324800	26.5	406720
1174	121003200	15.3	406720
1174	123595200	11	406720
1174	126273600	9.2	406720
1174	128952000	11.1	406720
1174	131371200	17.3	406720
1174	134049600	21.7	406720
1174	136641600	29.7	406720
1174	139320000	33	406720
1174	141912000	34.3	406720
1174	144590400	32.7	406720
1174	147268800	30.7	406720
1174	149860800	25.7	406720
1174	152539200	18.8	406720
1174	155131200	10.6	406720
1174	157809600	8.8	406720
1174	160488000	12.1	406720
1174	162907200	17	406720
1174	165585600	24.1	406720
1174	168177600	29.8	406720
1174	170856000	33.5	406720
1174	173448000	35.6	406720
1174	176126400	33.8	406720
1174	178804800	32.6	406720
1174	181396800	23.4	406720
1174	184075200	17.5	406720
1174	186667200	10.1	406720
1174	189345600	10.2	406720
1174	192024000	11.5	406720
1174	194529600	15.5	406720
1174	197208000	23.2	406720
1174	199800000	28.6	406720
1174	202478400	33.2	406720
1174	205070400	33.6	406720
1174	207748800	33.7	406720
1174	210427200	30.4	406720
1174	213019200	25.8	406720
1174	215697600	17.8	406720
1174	218289600	14.1	406720
1174	220968000	8.1	406720
1174	223646400	15.2	406720
1174	226065600	19.2	406720
1174	228744000	27.4	406720
1174	231336000	29.9	406720
1174	234014400	34	406720
1174	236606400	35	406720
1174	239284800	35.1	406720
1174	241963200	32	406720
1174	244555200	22.9	406720
1174	247233600	16.8	406720
1174	249825600	12.6	406720
1174	252504000	12.3	406720
1174	255182400	14.7	406720
1174	257601600	18.7	406720
1174	260280000	24.2	406720
1174	262872000	29.7	406720
1174	265550400	32.3	406720
1174	268142400	36.1	406720
1174	270820800	32.3	406720
1174	273499200	30.5	406720
1174	276091200	25.8	406720
1174	278769600	13.6	406720
1174	281361600	13.4	406720
1174	284040000	12.9	406720
1174	286718400	15.9	406720
1174	289137600	18	406720
1174	291816000	25.1	406720
1174	294408000	30.2	406720
1174	297086400	37.3	406720
1174	299678400	35	406720
1174	302356800	34.4	406720
1174	305035200	33.4	406720
1174	307627200	26.5	406720
1174	310305600	19.9	406720
1174	312897600	11.7	406720
1174	315576000	10.5	406720
1174	318254400	12.2	406720
1174	320760000	18.7	406720
1174	323438400	23.8	406720
1174	326030400	29.4	406720
1174	328708800	34.2	406720
1174	331300800	36.4	406720
1174	333979200	33.5	406720
1174	336657600	30	406720
1174	339249600	24.8	406720
1174	341928000	18.7	406720
1174	344520000	12.6	406720
1175	-915105600	13	406760
1175	-912427200	16	406760
1175	-910008000	18.7	406760
1175	-907329600	23.4	406760
1175	-904737600	31.3	406760
1175	-902059200	33.4	406760
1175	-899467200	33.8	406760
1175	-896788800	33	406760
1175	-894110400	31.4	406760
1175	-891518400	24.1	406760
1175	-888840000	19.8	406760
1175	-886248000	10.9	406760
1175	-883569600	10	406760
1175	-880891200	14.9	406760
1175	-878472000	18.9	406760
1175	-875793600	24.6	406760
1175	-873201600	30.4	406760
1175	-870523200	32.8	406760
1175	-867931200	32.8	406760
1175	-865252800	34.3	406760
1175	-862574400	30.2	406760
1175	-859982400	26.5	406760
1175	-857304000	20.2	406760
1175	-854712000	12.7	406760
1175	-852033600	11.1	406760
1175	-849355200	12	406760
1175	-846936000	14.7	406760
1175	-844257600	21.1	406760
1175	-841665600	29	406760
1175	-838987200	30.3	406760
1175	-836395200	33.9	406760
1175	-833716800	34.4	406760
1175	-831038400	30.5	406760
1175	-828446400	26.7	406760
1175	-825768000	20.2	406760
1175	-823176000	15.6	406760
1175	-820497600	11.1	406760
1175	-817819200	13.3	406760
1175	-815313600	19.9	406760
1175	-812635200	23.1	406760
1175	-810043200	27.8	406760
1175	-807364800	33.1	406760
1175	-804772800	32.1	406760
1175	-802094400	33.3	406760
1175	-799416000	31.8	406760
1175	-796824000	26.6	406760
1175	-794145600	18	406760
1175	-791553600	12.1	406760
1175	-788875200	10.3	406760
1175	-786196800	11.2	406760
1175	-783777600	14.1	406760
1175	-781099200	22.1	406760
1175	-778507200	29.8	406760
1175	-775828800	31.9	406760
1175	-773236800	32.8	406760
1175	-770558400	32.7	406760
1175	-767880000	30.3	406760
1175	-765288000	25.5	406760
1175	-762609600	18.6	406760
1175	-760017600	11.5	406760
1175	-757339200	9.4	406760
1175	-754660800	12.2	406760
1175	-752241600	16.3	406760
1175	-749563200	22.8	406760
1175	-746971200	29.6	406760
1175	-744292800	29.9	406760
1175	-741700800	32.3	406760
1175	-739022400	33.1	406760
1175	-736344000	29.1	406760
1175	-733752000	25.3	406760
1175	-731073600	20.4	406760
1175	-728481600	14.3	406760
1175	-725803200	14.1	406760
1175	-723124800	14.3	406760
1175	-720705600	20.3	406760
1175	-718027200	23.7	406760
1175	-715435200	30.1	406760
1175	-712756800	33.6	406760
1175	-710164800	34.6	406760
1175	-707486400	33.9	406760
1175	-704808000	31	406760
1175	-702216000	28	406760
1175	-699537600	20.4	406760
1175	-696945600	14.2	406760
1175	-694267200	12.6	406760
1175	-691588800	13.8	406760
1175	-689083200	15.4	406760
1175	-686404800	21.9	406760
1175	-683812800	28.8	406760
1175	-681134400	31.2	406760
1175	-678542400	33.9	406760
1175	-675864000	34.3	406760
1175	-673185600	30.1	406760
1175	-670593600	23.3	406760
1175	-667915200	17.5	406760
1175	-665323200	11.6	406760
1175	-662644800	9.6	406760
1175	-659966400	11.3	406760
1175	-657547200	16.9	406760
1175	-654868800	21	406760
1175	-652276800	29.9	406760
1175	-649598400	32.7	406760
1175	-647006400	32.3	406760
1175	-644328000	33.5	406760
1175	-641649600	29.6	406760
1175	-639057600	25.4	406760
1175	-636379200	18.9	406760
1175	-633787200	13.1	406760
1175	-631108800	7.4	406760
1175	-628430400	11.1	406760
1175	-626011200	17.7	406760
1175	-623332800	24.2	406760
1175	-620740800	28.9	406760
1175	-618062400	31.8	406760
1175	-615470400	33	406760
1175	-612792000	33	406760
1175	-610113600	31.5	406760
1175	-607521600	26.2	406760
1175	-604843200	20.6	406760
1175	-602251200	14	406760
1175	-599572800	12.2	406760
1175	-596894400	14.3	406760
1175	-594475200	19.1	406760
1175	-591796800	25.3	406760
1175	-589204800	31	406760
1175	-586526400	33.4	406760
1175	-583934400	36.4	406760
1175	-581256000	36.3	406760
1175	-578577600	35.8	406760
1175	-575985600	27	406760
1175	-573307200	19	406760
1175	-570715200	12.5	406760
1175	-568036800	11.9	406760
1175	-565358400	15.9	406760
1175	-562852800	18.7	406760
1175	-560174400	25	406760
1175	-557582400	30.1	406760
1175	-554904000	31.9	406760
1175	-552312000	33.9	406760
1175	-549633600	35.9	406760
1175	-546955200	33.5	406760
1175	-544363200	26.6	406760
1175	-541684800	17.7	406760
1175	-539092800	14.6	406760
1175	-536414400	13.1	406760
1175	-533736000	14.1	406760
1175	-531316800	15.7	406760
1175	-528638400	24.5	406760
1175	-526046400	29.7	406760
1175	-523368000	32.7	406760
1175	-520776000	34.3	406760
1175	-518097600	34.1	406760
1175	-515419200	32.1	406760
1175	-512827200	26.4	406760
1175	-510148800	17.7	406760
1175	-507556800	9.8	406760
1175	-504878400	11.4	406760
1175	-502200000	14.4	406760
1175	-499780800	18.8	406760
1175	-497102400	23.8	406760
1175	-494510400	30.3	406760
1175	-491832000	33.2	406760
1175	-489240000	35.3	406760
1175	-486561600	35.4	406760
1175	-483883200	32	406760
1175	-481291200	26.4	406760
1175	-478612800	18.9	406760
1175	-476020800	13.3	406760
1175	-473342400	11.6	406760
1175	-470664000	15.2	406760
1175	-468244800	18.4	406760
1175	-465566400	25.1	406760
1175	-462974400	30.2	406760
1175	-460296000	35.2	406760
1175	-457704000	35.8	406760
1175	-455025600	35.3	406760
1175	-452347200	32.5	406760
1175	-449755200	25.2	406760
1175	-447076800	19.9	406760
1175	-444484800	13.2	406760
1175	-441806400	11.8	406760
1175	-439128000	15.2	406760
1175	-436622400	17.1	406760
1175	-433944000	23	406760
1175	-431352000	27.2	406760
1175	-428673600	31.6	406760
1175	-426081600	34	406760
1175	-423403200	35	406760
1175	-420724800	32.5	406760
1175	-418132800	24.8	406760
1175	-415454400	17	406760
1175	-412862400	11.2	406760
1175	-410184000	9.5	406760
1175	-407505600	13.1	406760
1175	-405086400	18.7	406760
1175	-402408000	21.6	406760
1175	-399816000	27.1	406760
1175	-397137600	32.4	406760
1175	-394545600	33.9	406760
1175	-391867200	34.6	406760
1175	-389188800	32.3	406760
1175	-386596800	26.4	406760
1175	-383918400	17.8	406760
1175	-381326400	11	406760
1175	-378648000	11.8	406760
1175	-375969600	12.5	406760
1175	-373550400	19.2	406760
1175	-370872000	25.7	406760
1175	-368280000	30.9	406760
1175	-365601600	32.4	406760
1175	-363009600	33.9	406760
1175	-360331200	35.1	406760
1175	-357652800	32.5	406760
1175	-355060800	25.8	406760
1175	-352382400	17	406760
1175	-349790400	12.9	406760
1175	-347112000	12.1	406760
1175	-344433600	9.9	406760
1175	-342014400	17.5	406760
1175	-339336000	24.8	406760
1175	-336744000	30	406760
1175	-334065600	33.1	406760
1175	-331473600	34.2	406760
1175	-328795200	34	406760
1175	-326116800	29.9	406760
1175	-323524800	26.6	406760
1175	-320846400	17.6	406760
1175	-318254400	11.6	406760
1175	-315576000	13	406760
1175	-312897600	15.9	406760
1175	-310392000	17.7	406760
1175	-307713600	24.2	406760
1175	-305121600	30.7	406760
1175	-302443200	32.6	406760
1175	-299851200	34.4	406760
1175	-297172800	34.1	406760
1175	-294494400	32.4	406760
1175	-291902400	24.4	406760
1175	-289224000	20	406760
1175	-286632000	13.6	406760
1175	-283953600	11.6	406760
1175	-281275200	14.5	406760
1175	-278856000	16.4	406760
1175	-276177600	23.9	406760
1175	-273585600	30.6	406760
1175	-270907200	35.1	406760
1175	-268315200	36.4	406760
1175	-265636800	36.6	406760
1175	-262958400	29.7	406760
1175	-260366400	25.9	406760
1175	-257688000	18.1	406760
1175	-255096000	13.9	406760
1175	-252417600	12.5	406760
1175	-249739200	15	406760
1175	-247320000	20.7	406760
1175	-244641600	23.4	406760
1175	-242049600	31.6	406760
1175	-239371200	34.2	406760
1175	-236779200	36.9	406760
1175	-234100800	37.5	406760
1175	-231422400	32.4	406760
1175	-228830400	27.5	406760
1175	-226152000	18.7	406760
1175	-223560000	14.9	406760
1175	-220881600	14.8	406760
1175	-218203200	16.7	406760
1175	-215784000	17.3	406760
1175	-213105600	24.5	406760
1175	-210513600	26.9	406760
1175	-207835200	33.1	406760
1175	-205243200	34.6	406760
1175	-202564800	34.8	406760
1175	-199886400	31.9	406760
1175	-197294400	26.9	406760
1175	-194616000	17.2	406760
1175	-192024000	10.9	406760
1175	-189345600	6.2	406760
1175	-186667200	14.3	406760
1175	-184161600	20.1	406760
1175	-181483200	23.1	406760
1175	-178891200	29.6	406760
1175	-176212800	34.3	406760
1175	-173620800	34.8	406760
1175	-170942400	33.7	406760
1175	-168264000	31.1	406760
1175	-165672000	23.5	406760
1175	-162993600	18.2	406760
1175	-160401600	10.5	406760
1175	-157723200	11.1	406760
1175	-155044800	14.4	406760
1175	-152625600	19.3	406760
1175	-149947200	22.3	406760
1175	-147355200	30.5	406760
1175	-144676800	34	406760
1175	-142084800	34.5	406760
1175	-139406400	36.5	406760
1175	-136728000	32.5	406760
1175	-134136000	26.1	406760
1175	-131457600	18.2	406760
1175	-128865600	13.3	406760
1175	-126187200	14.3	406760
1175	-123508800	15.3	406760
1175	-121089600	18.4	406760
1175	-118411200	24.5	406760
1175	-115819200	30.6	406760
1175	-113140800	33.5	406760
1175	-110548800	34.3	406760
1175	-107870400	35.4	406760
1175	-105192000	32.7	406760
1175	-102600000	26.2	406760
1175	-99921600	20.7	406760
1175	-97329600	14.3	406760
1175	-94651200	11.6	406760
1175	-91972800	11.3	406760
1175	-89553600	16.7	406760
1175	-86875200	22.6	406760
1175	-84283200	28.9	406760
1175	-81604800	31.1	406760
1175	-79012800	34	406760
1175	-76334400	33	406760
1175	-73656000	31.4	406760
1175	-71064000	26.7	406760
1175	-68385600	18.3	406760
1175	-65793600	12.1	406760
1175	-63115200	10.8	406760
1175	-60436800	12.9	406760
1175	-57931200	18.6	406760
1175	-55252800	23	406760
1175	-52660800	29.9	406760
1175	-49982400	32.3	406760
1175	-47390400	35.4	406760
1175	-44712000	32.8	406760
1175	-42033600	31.7	406760
1175	-39441600	27.1	406760
1175	-36763200	20.1	406760
1175	-34171200	15.1	406760
1175	-31492800	13.1	406760
1175	-28814400	14.1	406760
1175	-26395200	21.9	406760
1175	-23716800	22.6	406760
1175	-21124800	29.8	406760
1175	-18446400	33.9	406760
1175	-15854400	32.9	406760
1175	-13176000	34	406760
1175	-10497600	32.2	406760
1175	-7905600	27.7	406760
1175	-5227200	16.9	406760
1175	-2635200	14.7	406760
1175	43200	12.2	406760
1175	2721600	16.1	406760
1175	5140800	19.9	406760
1175	7819200	26.3	406760
1175	10411200	30.5	406760
1175	13089600	32.7	406760
1175	15681600	34.8	406760
1175	18360000	34.5	406760
1175	21038400	31.3	406760
1175	23630400	25.7	406760
1175	26308800	21.3	406760
1175	28900800	11.8	406760
1175	31579200	12.2	406760
1175	34257600	14.1	406760
1175	36676800	15.3	406760
1175	39355200	23.1	406760
1175	41947200	31.4	406760
1175	44625600	31.3	406760
1175	47217600	33.8	406760
1175	49896000	33.9	406760
1175	52574400	31.8	406760
1175	55166400	25.1	406760
1175	57844800	18.8	406760
1175	60436800	11.6	406760
1175	63115200	9.7	406760
1175	65793600	11.4	406760
1175	68299200	17.9	406760
1175	70977600	25	406760
1175	73569600	27.8	406760
1175	76248000	33.9	406760
1175	78840000	32.5	406760
1175	81518400	35.4	406760
1175	84196800	31.9	406760
1175	86788800	27.8	406760
1175	89467200	18.1	406760
1175	92059200	9.1	406760
1175	94737600	10.1	406760
1175	97416000	16	406760
1175	99835200	18.4	406760
1175	102513600	24.3	406760
1175	105105600	30.6	406760
1175	107784000	33.3	406760
1175	110376000	35.4	406760
1175	113054400	37	406760
1175	115732800	33	406760
1175	118324800	27.9	406760
1175	121003200	17	406760
1175	123595200	12.2	406760
1175	126273600	10.2	406760
1175	128952000	12.4	406760
1175	131371200	15.5	406760
1175	134049600	23.1	406760
1175	136641600	31.1	406760
1175	139320000	35.3	406760
1175	141912000	36.1	406760
1175	144590400	35.4	406760
1175	147268800	32.8	406760
1175	149860800	27	406760
1175	152539200	21.6	406760
1175	155131200	11.5	406760
1175	157809600	10.4	406760
1175	160488000	13.2	406760
1175	162907200	18.9	406760
1175	165585600	25	406760
1175	168177600	30.7	406760
1175	170856000	34.7	406760
1175	173448000	36.9	406760
1175	176126400	35.3	406760
1175	178804800	34.1	406760
1175	181396800	24.9	406760
1175	184075200	18.8	406760
1175	186667200	11.5	406760
1175	189345600	11.4	406760
1175	192024000	12.7	406760
1175	194529600	16.5	406760
1175	197208000	24	406760
1175	199800000	29.5	406760
1175	202478400	34.7	406760
1175	205070400	34.8	406760
1175	207748800	33	406760
1175	210427200	32	406760
1175	213019200	27.3	406760
1175	215697600	19	406760
1175	218289600	15.4	406760
1175	220968000	9.3	406760
1175	223646400	16.5	406760
1175	226065600	20	406760
1175	228744000	24.2	406760
1175	231336000	31.4	406760
1175	234014400	34.9	406760
1175	236606400	35.7	406760
1175	239284800	36.5	406760
1175	241963200	34	406760
1175	244555200	24.1	406760
1175	247233600	17.7	406760
1175	249825600	13.6	406760
1175	252504000	12.8	406760
1175	255182400	15.3	406760
1175	257601600	19.2	406760
1175	260280000	25.2	406760
1175	262872000	31.1	406760
1175	265550400	33.6	406760
1175	268142400	36.4	406760
1175	270820800	33.8	406760
1175	273499200	32.5	406760
1175	276091200	26.7	406760
1175	278769600	14.9	406760
1175	281361600	14.7	406760
1175	284040000	13.5	406760
1175	286718400	16.7	406760
1175	289137600	18.9	406760
1175	291816000	25.8	406760
1175	294408000	30.6	406760
1175	297086400	35.3	406760
1175	299678400	36.3	406760
1175	302356800	35.8	406760
1175	305035200	34.3	406760
1175	307627200	24.5	406760
1175	310305600	21	406760
1175	312897600	12	406760
1175	315576000	11.3	406760
1175	318254400	12.9	406760
1175	320760000	19.7	406760
1175	323438400	24.4	406760
1175	326030400	30.8	406760
1175	328708800	35.7	406760
1175	331300800	37.5	406760
1175	333979200	34.8	406760
1175	336657600	32	406760
1175	339249600	26.5	406760
1175	341928000	19.7	406760
1175	344520000	13.1	406760
1176	-1577880000	12.8	406890
1176	-1575201600	11.5	406890
1176	-1572696000	19.8	406890
1176	-1570017600	25.6	406890
1176	-1567425600	31.4	406890
1176	-1564747200	35.7	406890
1176	-1562155200	35.2	406890
1195	-283953600	2.6	407660
1195	-281275200	3.2	407660
1195	-278856000	6.3	407660
1195	-276177600	11.2	407660
1195	-273585600	17.9	407660
1195	-270907200	23.6	407660
1195	-268315200	28.5	407660
1195	-265636800	27.7	407660
1195	-262958400	20.4	407660
1195	-260366400	15	407660
1195	-257688000	7.9	407660
1195	-255096000	5.2	407660
1197	-283953600	-1	407690
1197	-281275200	0.4	407690
1197	-278856000	6.7	407690
1197	-276177600	11	407690
1197	-273585600	19.5	407690
1197	-270907200	23.7	407690
1197	-268315200	27.5	407690
1197	-265636800	24.8	407690
1197	-262958400	21.4	407690
1197	-260366400	14.7	407690
1197	-257688000	7.6	407690
1197	-255096000	4.2	407690
1197	-252417600	-0.1	407690
1197	-249739200	5.6	407690
1197	-247320000	10.9	407690
1197	-244641600	12.2	407690
1197	-242049600	18.9	407690
1197	-239371200	23.6	407690
1197	-236779200	27	407690
1197	-234100800	25.1	407690
1197	-231422400	21	407690
1197	-228830400	16.8	407690
1197	-226152000	8.2	407690
1197	-223560000	6.1	407690
1197	-220881600	6.5	407690
1197	-218203200	7.8	407690
1197	-215784000	9.3	407690
1197	-213105600	14	407690
1197	-210513600	15.7	407690
1197	-207835200	24	407690
1197	-205243200	28	407690
1197	-202564800	26.9	407690
1197	-199886400	23.2	407690
1197	-197294400	17.7	407690
1197	-194616000	9.5	407690
1197	-192024000	2.4	407690
1197	-189345600	-10.8	407690
1197	-186667200	3.9	407690
1197	-184161600	10.8	407690
1197	-181483200	12.9	407690
1197	-178891200	20.1	407690
1197	-176212800	25.2	407690
1197	-173620800	28.8	407690
1197	-170942400	27.1	407690
1197	-168264000	22.8	407690
1197	-165672000	14.7	407690
1197	-162993600	8.6	407690
1197	-160401600	-1.8	407690
1197	-157723200	-3.8	407690
1197	-155044800	3.6	407690
1197	-152625600	9.4	407690
1197	-149947200	12.2	407690
1197	-147355200	20.8	407690
1197	-144676800	24.8	407690
1197	-142084800	27.5	407690
1197	-139406400	26.7	407690
1197	-136728000	22.1	407690
1197	-134136000	15.5	407690
1197	-131457600	10.9	407690
1197	-128865600	4.7	407690
1197	-126187200	7.5	407690
1197	-123508800	6.5	407690
1197	-121089600	9.4	407690
1197	-118411200	13.8	407690
1197	-115819200	19.3	407690
1197	-113140800	25.8	407690
1197	-110548800	27.2	407690
1197	-107870400	27.5	407690
1197	-105192000	22.9	407690
1197	-102600000	15.4	407690
1197	-99921600	10.1	407690
1197	-97329600	6.4	407690
1197	-94651200	3	407690
1197	-91972800	1.3	407690
1197	-89553600	7	407690
1197	-86875200	11.9	407690
1197	-84283200	18	407690
1197	-81604800	21.7	407690
1197	-79012800	27	407690
1197	-76334400	25.7	407690
1197	-73656000	21.6	407690
1197	-71064000	15.1	407690
1197	-68385600	8.6	407690
1197	-65793600	3.5	407690
1197	-63115200	1.6	407690
1197	-60436800	-2.4	407690
1197	-57931200	7.4	407690
1197	-55252800	11.3	407690
1197	-52660800	16.5	407690
1197	-49982400	21.9	407690
1197	-47390400	25.5	407690
1197	-44712000	25.5	407690
1197	-42033600	21.6	407690
1197	-39441600	16.4	407690
1197	-36763200	9.4	407690
1197	-34171200	5	407690
1197	-31492800	-3.5	407690
1197	-28814400	-3.5	407690
1197	-26395200	10.7	407690
1197	-23716800	12.3	407690
1197	-21124800	17.8	407690
1197	-18446400	22.9	407690
1197	-15854400	26	407690
1197	-13176000	23.9	407690
1197	-10497600	20	407690
1197	-7905600	17.1	407690
1197	-5227200	6.9	407690
1197	-2635200	5.6	407690
1197	43200	2.1	407690
1197	2721600	6.1	407690
1197	5140800	8.6	407690
1197	7819200	15.1	407690
1197	10411200	19	407690
1197	13089600	24.2	407690
1197	15681600	26.4	407690
1197	18360000	26.3	407690
1197	21038400	21.1	407690
1197	23630400	16.3	407690
1197	26308800	11.9	407690
1197	28900800	3.5	407690
1197	31579200	2.1	407690
1197	34257600	3.1	407690
1197	36676800	9.5	407690
1197	39355200	11.7	407690
1197	41947200	19.4	407690
1197	44625600	24.1	407690
1197	47217600	27.6	407690
1197	49896000	26	407690
1197	52574400	20.8	407690
1197	55166400	14.9	407690
1197	57844800	8.9	407690
1197	60436800	2.8	407690
1197	63115200	-4.5	407690
1197	65793600	-3.9	407690
1197	68299200	5.6	407690
1197	70977600	13.6	407690
1197	73569600	15.1	407690
1197	76248000	22.7	407690
1197	78840000	26.5	407690
1197	81518400	23.5	407690
1197	84196800	22.1	407690
1197	86788800	18.2	407690
1197	89467200	9	407690
1197	92059200	-0.9	407690
1197	94737600	-4.2	407690
1197	97416000	5.7	407690
1197	99835200	8.9	407690
1197	102513600	14.1	407690
1197	105105600	18.7	407690
1197	107784000	25.1	407690
1197	110376000	27.7	407690
1197	113054400	26.5	407690
1197	115732800	22.5	407690
1197	118324800	18	407690
1197	121003200	8.6	407690
1197	123595200	3.2	407690
1197	126273600	-4.6	407690
1197	128952000	-4.8	407690
1197	131371200	7.7	407690
1197	134049600	13.4	407690
1197	136641600	20	407690
1197	139320000	25.2	407690
1197	141912000	26	407690
1197	144590400	25.6	407690
1197	147268800	21.4	407690
1197	149860800	15	407690
1197	152539200	10.7	407690
1197	155131200	-0.7	407690
1197	157809600	0.3	407690
1197	160488000	2.3	407690
1197	162907200	8.3	407690
1197	165585600	14.9	407690
1197	168177600	17.8	407690
1197	170856000	25.2	407690
1197	173448000	29.8	407690
1197	176126400	27.7	407690
1197	178804800	23	407690
1197	181396800	14.9	407690
1197	184075200	6.8	407690
1197	186667200	1.1	407690
1197	189345600	0.9	407690
1197	192024000	1.4	407690
1197	194529600	4.4	407690
1197	197208000	12.2	407690
1197	199800000	18.2	407690
1197	202478400	24.9	407690
1197	205070400	28.6	407690
1197	207748800	27.7	407690
1197	210427200	23.4	407690
1197	213019200	15.9	407690
1197	215697600	7.8	407690
1197	218289600	4.3	407690
1197	220968000	-6.8	407690
1197	223646400	0.9	407690
1197	226065600	11.7	407690
1197	228744000	14.3	407690
1197	231336000	18.9	407690
1197	234014400	26.3	407690
1197	236606400	29.7	407690
1197	239284800	28.5	407690
1197	241963200	23.4	407690
1197	244555200	14.5	407690
1197	247233600	8.9	407690
1197	249825600	4.3	407690
1197	252504000	3.3	407690
1197	255182400	6.1	407690
1197	257601600	9.8	407690
1197	260280000	16	407690
1197	262872000	19.9	407690
1197	265550400	23.9	407690
1197	268142400	27.5	407690
1197	270820800	27.7	407690
1197	273499200	23.9	407690
1197	276091200	17.1	407690
1197	278769600	5.3	407690
1197	281361600	6.5	407690
1197	284040000	2.1	407690
1197	286718400	6.9	407690
1197	289137600	7.8	407690
1197	291816000	16.5	407690
1197	294408000	17.9	407690
1197	297086400	24	407690
1197	299678400	29.4	407690
1197	302356800	26.3	407690
1197	305035200	23.7	407690
1197	307627200	17.4	407690
1197	310305600	10.5	407690
1197	312897600	1.9	407690
1197	315576000	-3.7	407690
1197	318254400	-3.6	407690
1197	320760000	6.2	407690
1197	323438400	16.1	407690
1197	326030400	19.8	407690
1197	328708800	25.4	407690
1197	331300800	28.7	407690
1197	333979200	28.1	407690
1197	336657600	23.1	407690
1197	339249600	16.2	407690
1197	341928000	9.9	407690
1197	344520000	3.6	407690
1197	347198400	2.5	407690
1197	349876800	4.6	407690
1197	352296000	9.9	407690
1197	354974400	14.5	407690
1197	357566400	18.3	407690
1197	360244800	23.2	407690
1197	362836800	28	407690
1197	365515200	27.4	407690
1197	368193600	20.1	407690
1197	370785600	12.5	407690
1197	373464000	8.5	407690
1197	376056000	5.2	407690
1197	378734400	1.2	407690
1197	381412800	-2.7	407690
1197	383832000	5.1	407690
1197	386510400	14.7	407690
1197	389102400	17.7	407690
1197	391780800	22.7	407690
1197	394372800	24.9	407690
1197	397051200	24.6	407690
1197	399729600	20.7	407690
1197	402321600	13	407690
1197	4.05e+08	4.9	407690
1197	407592000	-6.7	407690
1197	410270400	-6.5	407690
1197	412948800	-5.1	407690
1197	415368000	3.9	407690
1197	418046400	10.6	407690
1197	420638400	17.6	407690
1197	423316800	23.2	407690
1197	425908800	26.8	407690
1197	428587200	27	407690
1197	431265600	21.2	407690
1197	433857600	13.5	407690
1197	436536000	9.4	407690
1197	439128000	0.7	407690
1197	441806400	-1.3	407690
1197	444484800	1.3	407690
1197	446990400	8.7	407690
1197	449668800	13.4	407690
1197	452260800	14.2	407690
1197	454939200	23.4	407690
1197	457531200	26.1	407690
1197	460209600	26.2	407690
1197	462888000	20.8	407690
1197	465480000	12.8	407690
1197	468158400	7.9	407690
1197	470750400	-4.8	407690
1197	473428800	0.9	407690
1197	476107200	3	407690
1197	478526400	4.8	407690
1197	481204800	13.1	407690
1197	483796800	17.9	407690
1197	486475200	23.4	407690
1197	489067200	26.6	407690
1197	491745600	23.8	407690
1197	494424000	21.5	407690
1197	497016000	14.5	407690
1197	499694400	9	407690
1197	502286400	3.4	407690
1197	504964800	2.4	407690
1197	507643200	3.8	407690
1197	510062400	4.5	407690
1197	512740800	12.3	407690
1197	515332800	16.1	407690
1197	518011200	22.5	407690
1197	520603200	26.6	407690
1197	523281600	24.5	407690
1197	525960000	20.7	407690
1197	528552000	16.5	407690
1197	531230400	6.3	407690
1197	533822400	0.9	407690
1197	536500800	3.7	407690
1197	539179200	5.6	407690
1197	541598400	6.8	407690
1197	544276800	13.1	407690
1197	546868800	19.5	407690
1197	549547200	24.2	407690
1197	552139200	26.1	407690
1197	554817600	25.9	407690
1197	557496000	21.5	407690
1197	560088000	12.2	407690
1197	562766400	9.3	407690
1197	565358400	4	407690
1197	568036800	0.8	407690
1197	570715200	1.9	407690
1197	573220800	8.2	407690
1197	575899200	12.6	407690
1197	578491200	18.9	407690
1197	581169600	23.1	407690
1197	583761600	27.2	407690
1197	586440000	26	407690
1197	589118400	21.3	407690
1197	591710400	15.6	407690
1197	594388800	8.8	407690
1197	596980800	4.1	407690
1197	599659200	-9.4	407690
1197	602337600	-10.6	407690
1197	604756800	4.5	407690
1197	607435200	13.5	407690
1197	610027200	17.9	407690
1197	612705600	24.3	407690
1197	615297600	27.5	407690
1197	617976000	26.8	407690
1197	620654400	21.2	407690
1197	623246400	15.7	407690
1197	625924800	8.9	407690
1197	628516800	4.1	407690
1197	631195200	-1.7	407690
1197	633873600	0.4	407690
1197	636292800	6.2	407690
1197	638971200	11.9	407690
1197	641563200	19.1	407690
1197	644241600	24.4	407690
1197	646833600	27	407690
1197	649512000	27.1	407690
1197	652190400	23	407690
1197	654782400	15	407690
1197	657460800	9.8	407690
1197	660052800	2.9	407690
1197	662731200	0.1	407690
1197	665409600	-0.4	407690
1197	667828800	6.8	407690
1197	670507200	14	407690
1197	673099200	17.5	407690
1197	675777600	23.5	407690
1197	678369600	27.6	407690
1197	681048000	26.4	407690
1197	683726400	21.6	407690
1197	686318400	14.3	407690
1197	688996800	8.3	407690
1197	691588800	0	407690
1197	694267200	-7.9	407690
1197	696945600	-3.1	407690
1197	699451200	0.3	407690
1197	702129600	11.2	407690
1197	704721600	14.4	407690
1197	707400000	21.9	407690
1197	709992000	27.1	407690
1197	712670400	24.6	407690
1197	715348800	19.7	407690
1197	717940800	14.2	407690
1197	720619200	8.4	407690
1197	723211200	1.7	407690
1197	725889600	-6.6	407690
1197	728568000	-0.4	407690
1197	730987200	5.7	407690
1197	733665600	12.2	407690
1197	736257600	16.4	407690
1197	738936000	22.3	407690
1197	741528000	26.1	407690
1197	744206400	25.4	407690
1197	746884800	22.3	407690
1197	749476800	13.6	407690
1197	752155200	6.9	407690
1197	754747200	3.7	407690
1197	757425600	2.9	407690
1197	760104000	2.9	407690
1197	762523200	7.4	407690
1197	765201600	13.7	407690
1197	767793600	17.6	407690
1197	770472000	23.2	407690
1197	773064000	27.5	407690
1197	775742400	27.4	407690
1197	778420800	19.3	407690
1197	781012800	14	407690
1197	783691200	9.1	407690
1197	786283200	0.9	407690
1197	788961600	3.6	407690
1197	791640000	3.8	407690
1197	794059200	7.7	407690
1197	796737600	12.2	407690
1197	799329600	17.1	407690
1197	802008000	21.6	407690
1197	804600000	28.1	407690
1198	-283953600	6	407820
1198	-281275200	7.6	407820
1198	-278856000	10	407820
1198	-276177600	14.8	407820
1198	-273585600	22.7	407820
1198	-270907200	28.3	407820
1198	-268315200	32.4	407820
1198	-265636800	31.7	407820
1198	-262958400	25.9	407820
1198	-260366400	21.7	407820
1198	-257688000	13.4	407820
1198	-255096000	9.8	407820
1198	-252417600	5.8	407820
1198	-249739200	10.2	407820
1198	-247320000	14.7	407820
1198	-244641600	16.4	407820
1198	-242049600	23.8	407820
1198	-239371200	28.1	407820
1198	-236779200	32.2	407820
1198	-234100800	30.9	407820
1198	-231422400	26.7	407820
1198	-228830400	20.2	407820
1198	-226152000	13.4	407820
1198	-223560000	9	407820
1198	-220881600	8.6	407820
1198	-218203200	10.7	407820
1198	-215784000	11.5	407820
1198	-213105600	16.4	407820
1198	-210513600	17.8	407820
1198	-207835200	26	407820
1198	-205243200	30.6	407820
1198	-202564800	29.9	407820
1198	-199886400	25.7	407820
1198	-197294400	21.1	407820
1198	-194616000	12.5	407820
1198	-192024000	6.4	407820
1198	-189345600	0	407820
1198	-186667200	7.4	407820
1198	-184161600	13.6	407820
1198	-181483200	16.2	407820
1198	-178891200	21.6	407820
1198	-176212800	26.6	407820
1198	-173620800	30.7	407820
1198	-170942400	28.7	407820
1198	-168264000	25.2	407820
1198	-165672000	19	407820
1198	-162993600	13.4	407820
1198	-160401600	6.8	407820
1198	-157723200	5.1	407820
1198	-155044800	9.3	407820
1198	-152625600	12.8	407820
1198	-149947200	13.9	407820
1198	-147355200	22.4	407820
1198	-144676800	26.2	407820
1198	-142084800	29.1	407820
1198	-139406400	31.4	407820
1198	-136728000	25.7	407820
1198	-134136000	18.6	407820
1198	-131457600	13.8	407820
1198	-128865600	10.3	407820
1198	-126187200	11.6	407820
1198	-123508800	11.1	407820
1198	-121089600	12	407820
1198	-118411200	16.4	407820
1198	-115819200	22.4	407820
1198	-113140800	28.3	407820
1198	-110548800	30	407820
1198	-107870400	30.5	407820
1198	-105192000	26.4	407820
1198	-102600000	19.9	407820
1198	-99921600	17.3	407820
1198	-97329600	11.1	407820
1198	-94651200	8.7	407820
1198	-91972800	7.2	407820
1198	-89553600	11.2	407820
1198	-86875200	15.8	407820
1198	-84283200	21.5	407820
1198	-81604800	26.5	407820
1198	-79012800	31.5	407820
1198	-76334400	31.2	407820
1198	-73656000	26.8	407820
1198	-71064000	21	407820
1198	-68385600	15.2	407820
1198	-65793600	8.6	407820
1198	-63115200	7.1	407820
1198	-60436800	5.6	407820
1198	-57931200	12.8	407820
1198	-55252800	15.4	407820
1198	-52660800	20	407820
1198	-49982400	26.1	407820
1198	-47390400	30.1	407820
1198	-44712000	28.2	407820
1198	-42033600	24.5	407820
1198	-39441600	20.1	407820
1198	-36763200	14	407820
1198	-34171200	9	407820
1198	-31492800	6	407820
1198	-28814400	7.4	407820
1198	-26395200	13.5	407820
1198	-23716800	14.5	407820
1198	-21124800	21.5	407820
1198	-18446400	27	407820
1198	-15854400	29.3	407820
1198	-13176000	29.3	407820
1198	-10497600	25.2	407820
1198	-7905600	21.1	407820
1198	-5227200	12.9	407820
1198	-2635200	9.6	407820
1198	43200	6.4	407820
1198	2721600	9.5	407820
1198	5140800	11.7	407820
1198	7819200	18	407820
1198	10411200	21.5	407820
1198	13089600	26.8	407820
1198	15681600	29.4	407820
1198	18360000	27.7	407820
1198	21038400	24.4	407820
1198	23630400	19.5	407820
1198	26308800	15.2	407820
1198	28900800	7.4	407820
1198	31579200	7.8	407820
1198	34257600	7.3	407820
1198	36676800	12.4	407820
1198	39355200	14.3	407820
1198	41947200	21.4	407820
1198	44625600	25.1	407820
1198	47217600	30.7	407820
1198	49896000	28.5	407820
1198	52574400	25.6	407820
1198	55166400	18.8	407820
1198	57844800	12.8	407820
1198	60436800	7.8	407820
1198	63115200	4.9	407820
1198	65793600	4.8	407820
1198	68299200	10.2	407820
1198	70977600	15.5	407820
1198	73569600	17.4	407820
1198	76248000	24.8	407820
1198	78840000	29	407820
1198	81518400	28.6	407820
1198	84196800	24.5	407820
1198	86788800	20.6	407820
1198	89467200	12.6	407820
1198	92059200	4.8	407820
1198	94737600	4.5	407820
1198	97416000	10.2	407820
1198	99835200	11.4	407820
1198	102513600	16	407820
1198	105105600	20.9	407820
1198	107784000	26.2	407820
1198	110376000	29.2	407820
1198	113054400	31.6	407820
1198	115732800	25.6	407820
1198	118324800	21.1	407820
1198	121003200	12.1	407820
1198	123595200	7.9	407820
1198	126273600	3.5	407820
1198	128952000	4.3	407820
1198	131371200	11.9	407820
1198	134049600	15.6	407820
1198	136641600	21.8	407820
1198	139320000	26.9	407820
1198	141912000	29.6	407820
1198	144590400	28.6	407820
1198	147268800	24.6	407820
1198	149860800	20	407820
1198	152539200	14.1	407820
1198	155131200	6.1	407820
1198	157809600	5.9	407820
1198	160488000	6.2	407820
1198	162907200	11.5	407820
1198	165585600	17.2	407820
1198	168177600	20.3	407820
1198	170856000	27	407820
1198	173448000	30	407820
1198	176126400	30	407820
1198	178804800	25.8	407820
1198	181396800	18.1	407820
1198	184075200	12.8	407820
1198	186667200	6.9	407820
1198	189345600	6.3	407820
1198	192024000	6.5	407820
1198	194529600	8.8	407820
1198	197208000	15.1	407820
1198	199800000	20.1	407820
1198	202478400	26.5	407820
1198	205070400	29.3	407820
1198	207748800	30.5	407820
1198	210427200	24.4	407820
1198	213019200	18.5	407820
1198	215697600	13.6	407820
1198	218289600	9.5	407820
1198	220968000	2.8	407820
1198	223646400	10.7	407820
1198	226065600	13.5	407820
1198	228744000	16.6	407820
1198	231336000	21.6	407820
1198	234014400	26.5	407820
1198	236606400	29.9	407820
1198	239284800	30.1	407820
1198	241963200	25.8	407820
1198	244555200	17.7	407820
1198	247233600	12.2	407820
1198	249825600	8.8	407820
1198	252504000	7.3	407820
1198	255182400	9.7	407820
1198	257601600	12.4	407820
1198	260280000	16.8	407820
1198	262872000	21.3	407820
1198	265550400	25.9	407820
1198	268142400	31.5	407820
1198	270820800	30	407820
1198	273499200	26.2	407820
1198	276091200	20.7	407820
1198	278769600	10.6	407820
1198	281361600	9.8	407820
1198	284040000	7.8	407820
1198	286718400	10.8	407820
1198	289137600	11.7	407820
1198	291816000	18.7	407820
1198	294408000	21.1	407820
1198	297086400	26.1	407820
1198	299678400	29.1	407820
1198	302356800	29.4	407820
1198	305035200	25.2	407820
1198	307627200	17.9	407820
1198	310305600	12.4	407820
1198	312897600	5.6	407820
1198	315576000	3.5	407820
1198	318254400	6.1	407820
1198	320760000	10.7	407820
1198	323438400	15.7	407820
1198	326030400	19	407820
1198	328708800	25.6	407820
1198	331300800	30	407820
1198	333979200	27.4	407820
1198	336657600	22.5	407820
1198	339249600	17.5	407820
1198	341928000	11.9	407820
1198	344520000	6.9	407820
1198	347198400	5.6	407820
1198	349876800	6.7	407820
1198	352296000	10.5	407820
1198	354974400	14.3	407820
1198	357566400	17.7	407820
1198	360244800	24.1	407820
1198	362836800	28.9	407820
1198	365515200	27.5	407820
1198	368193600	23.9	407820
1198	370785600	17.5	407820
1198	373464000	11.7	407820
1198	376056000	8	407820
1198	378734400	4.6	407820
1198	381412800	3	407820
1198	383832000	8.3	407820
1198	386510400	15.8	407820
1198	389102400	20.3	407820
1198	391780800	23.8	407820
1198	394372800	26.3	407820
1198	397051200	26.3	407820
1198	399729600	22.7	407820
1198	402321600	16.3	407820
1198	4.05e+08	8.8	407820
1198	407592000	4.1	407820
1198	410270400	3.7	407820
1198	412948800	4.5	407820
1198	415368000	7.2	407820
1198	418046400	13.2	407820
1198	420638400	19.3	407820
1198	423316800	23.7	407820
1198	425908800	27.1	407820
1198	428587200	27.6	407820
1198	431265600	21.8	407820
1198	433857600	15.7	407820
1198	436536000	12.2	407820
1198	439128000	5.7	407820
1198	441806400	4.7	407820
1198	444484800	6.7	407820
1198	446990400	10.6	407820
1201	-283953600	11.6	407950
1201	-281275200	13	407950
1201	-278856000	15.4	407950
1201	-276177600	21.4	407950
1201	-273585600	30.4	407950
1201	-270907200	35.6	407950
1201	-268315200	37.5	407950
1201	-265636800	37.3	407950
1201	-262958400	29.8	407950
1201	-260366400	25.4	407950
1201	-257688000	17.5	407950
1201	-255096000	14.4	407950
1205	-283953600	13	408110
1205	-281275200	15	408110
1205	-278856000	17	408110
1205	-276177600	23.1	408110
1205	-273585600	30.5	408110
1205	-270907200	35	408110
1205	-268315200	36.9	408110
1205	-265636800	35.6	408110
1205	-262958400	29.8	408110
1205	-260366400	25.4	408110
1205	-257688000	18.4	408110
1205	-255096000	15.1	408110
1205	-252417600	13	408110
1205	-249739200	15.1	408110
1205	-247320000	20.3	408110
1205	-244641600	23.6	408110
1205	-242049600	30.6	408110
1205	-239371200	34.7	408110
1205	-236779200	37.5	408110
1205	-234100800	37.5	408110
1205	-231422400	32.6	408110
1205	-228830400	28.4	408110
1205	-226152000	19.8	408110
1205	-223560000	15.4	408110
1205	-220881600	14.6	408110
1205	-218203200	17.7	408110
1205	-215784000	17.4	408110
1205	-213105600	25	408110
1205	-210513600	26.6	408110
1205	-207835200	34.3	408110
1205	-205243200	37.1	408110
1205	-202564800	35.6	408110
1205	-199886400	31.8	408110
1205	-197294400	27.9	408110
1205	-194616000	19.2	408110
1205	-192024000	12.1	408110
1205	-189345600	7.1	408110
1205	-186667200	15.3	408110
1205	-184161600	21	408110
1205	-181483200	23.6	408110
1205	-178891200	30.2	408110
1205	-176212800	35.3	408110
1205	-173620800	36	408110
1205	-170942400	34.6	408110
1205	-168264000	31.2	408110
1205	-165672000	23.5	408110
1205	-162993600	18.2	408110
1205	-160401600	11.6	408110
1205	-157723200	11.5	408110
1205	-155044800	14.1	408110
1205	-152625600	18.9	408110
1205	-149947200	21.5	408110
1205	-147355200	31.1	408110
1205	-144676800	34.6	408110
1205	-142084800	36.1	408110
1205	-139406400	36.9	408110
1205	-136728000	32.5	408110
1205	-134136000	27.3	408110
1205	-131457600	20.2	408110
1205	-128865600	13.3	408110
1205	-126187200	15.1	408110
1205	-123508800	14.7	408110
1205	-121089600	18.1	408110
1205	-118411200	23.7	408110
1205	-115819200	30.9	408110
1205	-113140800	35	408110
1205	-110548800	35.3	408110
1205	-107870400	35.5	408110
1205	-105192000	32.8	408110
1205	-102600000	25.9	408110
1205	-99921600	20.3	408110
1205	-97329600	14.4	408110
1205	-94651200	11.5	408110
1205	-91972800	10.7	408110
1205	-89553600	16.4	408110
1205	-86875200	21.5	408110
1205	-84283200	29.7	408110
1205	-81604800	31.8	408110
1205	-79012800	36.5	408110
1205	-76334400	35.5	408110
1205	-73656000	31.3	408110
1205	-71064000	26.5	408110
1205	-68385600	17.6	408110
1205	-65793600	11.6	408110
1205	-63115200	11.3	408110
1205	-60436800	12.1	408110
1205	-57931200	18	408110
1205	-55252800	22.7	408110
1205	-52660800	29.7	408110
1205	-49982400	33	408110
1205	-47390400	36.5	408110
1205	-44712000	34	408110
1205	-42033600	31.7	408110
1205	-39441600	26.5	408110
1208	-599572800	13.4	408310
1208	-596894400	15	408310
1208	-594475200	19.4	408310
1208	-591796800	24.9	408310
1208	-589204800	31.3	408310
1208	-586526400	35.3	408310
1208	-583934400	37.3	408310
1208	-581256000	36.3	408310
1208	-578577600	34.3	408310
1208	-575985600	27.2	408310
1208	-573307200	19.9	408310
1208	-570715200	13.3	408310
1208	-568036800	12.7	408310
1208	-565358400	15.7	408310
1208	-562852800	18.8	408310
1208	-560174400	25.4	408310
1208	-557582400	31.2	408310
1208	-554904000	34.6	408310
1208	-552312000	36.2	408310
1208	-549633600	37	408310
1208	-546955200	33.9	408310
1208	-544363200	27.1	408310
1208	-541684800	18.8	408310
1208	-539092800	15.9	408310
1208	-536414400	14.5	408310
1208	-533736000	15.1	408310
1208	-531316800	16.1	408310
1208	-528638400	25.1	408310
1208	-526046400	30.2	408310
1208	-523368000	34.7	408310
1208	-520776000	35.7	408310
1208	-518097600	35.5	408310
1208	-515419200	31.6	408310
1208	-512827200	27.9	408310
1208	-510148800	18.7	408310
1208	-507556800	11.2	408310
1208	-504878400	12.9	408310
1208	-502200000	14.7	408310
1208	-499780800	18.3	408310
1208	-497102400	24.3	408310
1208	-494510400	30.5	408310
1208	-491832000	33.9	408310
1208	-489240000	36.1	408310
1208	-486561600	36.3	408310
1208	-483883200	32.7	408310
1208	-481291200	27.4	408310
1208	-478612800	20.3	408310
1208	-476020800	14.2	408310
1208	-473342400	12.4	408310
1208	-470664000	16.3	408310
1208	-468244800	20	408310
1208	-465566400	25.2	408310
1208	-462974400	30.5	408310
1208	-460296000	34.9	408310
1208	-457704000	36	408310
1208	-455025600	35.9	408310
1208	-452347200	32.8	408310
1208	-449755200	26	408310
1208	-447076800	21.2	408310
1208	-444484800	14	408310
1208	-441806400	12.3	408310
1208	-439128000	16.5	408310
1208	-436622400	18.5	408310
1208	-433944000	24.1	408310
1208	-431352000	27.8	408310
1208	-428673600	34.2	408310
1208	-426081600	36.2	408310
1208	-423403200	35.9	408310
1208	-420724800	32.2	408310
1208	-418132800	26.1	408310
1208	-415454400	18.9	408310
1208	-412862400	12.7	408310
1208	-410184000	11	408310
1208	-407505600	14.3	408310
1208	-405086400	19	408310
1208	-402408000	22.9	408310
1208	-399816000	28.1	408310
1208	-397137600	33.7	408310
1208	-394545600	36	408310
1208	-391867200	35.9	408310
1208	-389188800	32.8	408310
1208	-386596800	27.5	408310
1208	-383918400	19.5	408310
1208	-381326400	13.3	408310
1208	-378648000	13	408310
1208	-375969600	13.8	408310
1208	-373550400	20.7	408310
1208	-370872000	26.3	408310
1208	-368280000	32.1	408310
1208	-365601600	34	408310
1208	-363009600	36.5	408310
1208	-360331200	35.9	408310
1208	-357652800	31.5	408310
1208	-355060800	27	408310
1208	-352382400	18.4	408310
1208	-349790400	14.7	408310
1208	-347112000	12.9	408310
1208	-344433600	11.1	408310
1208	-342014400	18.4	408310
1208	-339336000	27.1	408310
1208	-336744000	30.5	408310
1208	-334065600	35.7	408310
1208	-331473600	35.7	408310
1208	-328795200	35.1	408310
1208	-326116800	31.5	408310
1208	-323524800	27.7	408310
1208	-320846400	18.9	408310
1208	-318254400	13.3	408310
1208	-315576000	14.9	408310
1208	-312897600	17.7	408310
1208	-310392000	18.4	408310
1208	-307713600	25	408310
1208	-305121600	31.6	408310
1208	-302443200	34.9	408310
1208	-299851200	36.3	408310
1208	-297172800	35.6	408310
1208	-294494400	33.5	408310
1208	-291902400	25.3	408310
1208	-289224000	20.8	408310
1208	-286632000	14.9	408310
1208	-283953600	13.3	408310
1208	-281275200	15.1	408310
1208	-278856000	17.7	408310
1208	-276177600	23.5	408310
1208	-273585600	31	408310
1208	-270907200	35.6	408310
1208	-268315200	36.2	408310
1208	-265636800	36.9	408310
1208	-262958400	30.3	408310
1208	-260366400	25.9	408310
1208	-257688000	19.1	408310
1208	-255096000	15	408310
1208	-252417600	14.1	408310
1208	-249739200	16.1	408310
1208	-247320000	21.8	408310
1208	-244641600	24.2	408310
1208	-242049600	31	408310
1208	-239371200	34.8	408310
1208	-236779200	37	408310
1208	-234100800	37.3	408310
1208	-231422400	32.4	408310
1208	-228830400	28	408310
1208	-226152000	20.4	408310
1208	-223560000	16.4	408310
1208	-220881600	16	408310
1208	-218203200	18.7	408310
1208	-215784000	18.2	408310
1208	-213105600	25.3	408310
1208	-210513600	27.3	408310
1208	-207835200	34.8	408310
1208	-205243200	36.7	408310
1208	-202564800	36.4	408310
1208	-199886400	32.3	408310
1208	-197294400	28.1	408310
1208	-194616000	18.7	408310
1208	-192024000	12.5	408310
1208	-189345600	7.7	408310
1208	-186667200	15.5	408310
1208	-184161600	21.3	408310
1208	-181483200	23.8	408310
1208	-178891200	30.2	408310
1208	-176212800	35.5	408310
1208	-173620800	35.6	408310
1208	-170942400	34.5	408310
1208	-168264000	31.5	408310
1208	-165672000	24.2	408310
1208	-162993600	19.5	408310
1208	-160401600	11.4	408310
1208	-157723200	12.4	408310
1208	-155044800	15	408310
1208	-152625600	19.7	408310
1208	-149947200	22.8	408310
1208	-147355200	31.6	408310
1208	-144676800	35.3	408310
1208	-142084800	36.1	408310
1208	-139406400	37.1	408310
1208	-136728000	33.1	408310
1208	-134136000	27.9	408310
1208	-131457600	20.6	408310
1208	-128865600	14.3	408310
1208	-126187200	16	408310
1208	-123508800	15.8	408310
1208	-121089600	19.4	408310
1208	-118411200	25	408310
1208	-115819200	32.1	408310
1208	-113140800	35.5	408310
1208	-110548800	35.7	408310
1208	-107870400	36.6	408310
1208	-105192000	34	408310
1208	-102600000	27.3	408310
1208	-99921600	21.4	408310
1208	-97329600	15.6	408310
1208	-94651200	12.5	408310
1208	-91972800	12	408310
1208	-89553600	17.3	408310
1208	-86875200	22.6	408310
1208	-84283200	29.7	408310
1208	-81604800	32.4	408310
1208	-79012800	35.6	408310
1208	-76334400	35	408310
1208	-73656000	32	408310
1208	-71064000	27.6	408310
1208	-68385600	19.3	408310
1208	-65793600	12.9	408310
1208	-63115200	12.2	408310
1208	-60436800	13.2	408310
1208	-57931200	19.2	408310
1208	-55252800	23.7	408310
1208	-52660800	30.8	408310
1208	-49982400	33.6	408310
1208	-47390400	36.9	408310
1208	-44712000	34.4	408310
1208	-42033600	33	408310
1208	-39441600	28.4	408310
1208	-36763200	22.5	408310
1208	-34171200	16.4	408310
1208	-31492800	14.6	408310
1208	-28814400	14.5	408310
1208	-26395200	22.9	408310
1208	-23716800	22.9	408310
1208	-21124800	29.9	408310
1208	-18446400	34.2	408310
1208	-15854400	33.9	408310
1208	-13176000	34.7	408310
1208	-10497600	32.7	408310
1208	-7905600	29.3	408310
1208	-5227200	18.5	408310
1208	-2635200	16.2	408310
1208	43200	13.2	408310
1208	2721600	16.7	408310
1208	5140800	20	408310
1208	7819200	27.3	408310
1208	10411200	31.7	408310
1208	13089600	35.4	408310
1208	15681600	36.2	408310
1208	18360000	35.5	408310
1208	21038400	31.7	408310
1208	23630400	26.7	408310
1208	26308800	22.1	408310
1208	28900800	13.4	408310
1208	31579200	13.8	408310
1208	34257600	14.9	408310
1208	36676800	20.2	408310
1208	39355200	23.6	408310
1208	41947200	32.9	408310
1208	44625600	33.5	408310
1208	47217600	36.1	408310
1208	49896000	35.5	408310
1208	52574400	32.9	408310
1208	55166400	26.4	408310
1208	57844800	20.5	408310
1208	60436800	13.4	408310
1208	63115200	10.6	408310
1208	65793600	12.3	408310
1208	68299200	18	408310
1208	70977600	24.3	408310
1208	73569600	27.8	408310
1208	76248000	34.7	408310
1208	78840000	34.5	408310
1208	81518400	35.6	408310
1208	84196800	32.7	408310
1208	86788800	28	408310
1208	89467200	19.4	408310
1208	92059200	10.8	408310
1208	94737600	11.4	408310
1208	97416000	17.2	408310
1208	99835200	19.1	408310
1208	102513600	24.9	408310
1208	105105600	31	408310
1208	107784000	34.1	408310
1208	110376000	35.9	408310
1208	113054400	36.9	408310
1208	115732800	33.9	408310
1208	118324800	28.8	408310
1208	121003200	18.3	408310
1208	123595200	13.9	408310
1208	126273600	11	408310
1208	128952000	13.2	408310
1208	131371200	19.5	408310
1208	134049600	23.8	408310
1208	136641600	30.4	408310
1208	139320000	34.6	408310
1208	141912000	36	408310
1208	144590400	35.8	408310
1208	147268800	33	408310
1208	149860800	26.6	408310
1208	152539200	21.2	408310
1208	155131200	13.1	408310
1208	157809600	11.6	408310
1208	160488000	14	408310
1208	162907200	18.6	408310
1208	165585600	24.9	408310
1208	168177600	31.1	408310
1208	170856000	35.7	408310
1208	173448000	37.3	408310
1208	176126400	35.5	408310
1208	178804800	34	408310
1208	181396800	25.1	408310
1208	184075200	19.7	408310
1208	186667200	12.5	408310
1208	189345600	12.5	408310
1208	192024000	13.2	408310
1208	194529600	16.1	408310
1208	197208000	23.6	408310
1208	199800000	28.9	408310
1208	202478400	34.6	408310
1208	205070400	35	408310
1208	207748800	34.7	408310
1208	210427200	32.2	408310
1208	213019200	27.5	408310
1208	215697600	20.3	408310
1208	218289600	16.2	408310
1208	220968000	10	408310
1208	223646400	16.3	408310
1208	226065600	21.4	408310
1208	228744000	23.8	408310
1208	231336000	31.7	408310
1208	234014400	35	408310
1208	236606400	36.1	408310
1208	239284800	36.1	408310
1208	241963200	33.6	408310
1208	244555200	25.1	408310
1208	247233600	18.4	408310
1208	249825600	15.3	408310
1208	252504000	13.2	408310
1208	255182400	16.1	408310
1208	257601600	19.6	408310
1208	260280000	24.8	408310
1208	262872000	30.3	408310
1208	265550400	33.5	408310
1208	268142400	36.1	408310
1208	270820800	34	408310
1208	273499200	32.2	408310
1208	276091200	27.6	408310
1208	278769600	16.5	408310
1208	281361600	16.5	408310
1208	284040000	14.2	408310
1208	286718400	18	408310
1208	289137600	18.9	408310
1208	291816000	26.1	408310
1208	294408000	30.3	408310
1208	297086400	35.7	408310
1208	299678400	36.1	408310
1208	302356800	35.1	408310
1208	305035200	33.6	408310
1208	307627200	28.1	408310
1208	310305600	21.6	408310
1208	312897600	13.6	408310
1208	315576000	12.2	408310
1208	318254400	13.6	408310
1208	320760000	20	408310
1208	323438400	25.6	408310
1208	326030400	30	408310
1208	328708800	34.5	408310
1208	331300800	37.1	408310
1208	333979200	34.8	408310
1208	336657600	31.6	408310
1208	339249600	27	408310
1208	341928000	20.7	408310
1208	344520000	14.5	408310
1208	347198400	14	408310
1208	349876800	15.4	408310
1208	352296000	20.4	408310
1208	354974400	24.9	408310
1208	357566400	30.4	408310
1208	360244800	34.5	408310
1208	362836800	36.7	408310
1208	365515200	36.1	408310
1208	368193600	33.2	408310
1208	370785600	26.5	408310
1208	373464000	19.7	408310
1208	376056000	15.6	408310
1208	378734400	12.2	408310
1208	381412800	11.5	408310
1208	383832000	16.9	408310
1208	386510400	25.5	408310
1208	389102400	32.2	408310
1208	391780800	35.8	408310
1208	394372800	36.3	408310
1208	397051200	35.1	408310
1208	399729600	33.8	408310
1208	402321600	27.3	408310
1208	4.05e+08	16.7	408310
1208	407592000	11.5	408310
1208	410270400	10	408310
1208	412948800	13.8	408310
1208	415368000	16.4	408310
1208	418046400	23.5	408310
1208	420638400	31.3	408310
1208	423316800	35.4	408310
1208	425908800	37	408310
1208	428587200	35	408310
1208	431265600	31	408310
1208	433857600	24.5	408310
1208	436536000	21.8	408310
1208	439128000	15.4	408310
1208	441806400	13.1	408310
1208	444484800	15.2	408310
1208	446990400	20.3	408310
1208	449668800	26.2	408310
1208	452260800	28.3	408310
1208	454939200	33.4	408310
1208	457531200	36.8	408310
1208	460209600	34.3	408310
1208	462888000	33.2	408310
1208	465480000	25.9	408310
1208	468158400	20.8	408310
1208	470750400	12.6	408310
1208	473428800	14.3	408310
1208	476107200	13.5	408310
1208	478526400	18.4	408310
1208	481204800	24.8	408310
1208	483796800	31.5	408310
1208	486475200	34.5	408310
1208	489067200	35.8	408310
1208	491745600	36.4	408310
1208	494424000	32.4	408310
1208	497016000	26	408310
1208	499694400	20.8	408310
1208	502286400	14.2	408310
1208	504964800	12.7	408310
1208	507643200	14.9	408310
1208	510062400	18.8	408310
1208	512740800	24.9	408310
1208	515332800	31.2	408310
1208	518011200	33.8	408310
1208	520603200	37.4	408310
1208	523281600	36.7	408310
1208	525960000	33.6	408310
1208	528552000	29.1	408310
1208	531230400	18.2	408310
1208	533822400	12.5	408310
1208	536500800	12.9	408310
1208	539179200	16.7	408310
1208	541598400	18.7	408310
1208	544276800	24.2	408310
1208	546868800	33.3	408310
1208	549547200	35.4	408310
1208	552139200	37.6	408310
1208	554817600	36.3	408310
1208	557496000	32.7	408310
1208	560088000	26.7	408310
1208	562766400	19.9	408310
1208	565358400	15.2	408310
1208	568036800	10.8	408310
1208	570715200	14.4	408310
1208	573220800	19	408310
1208	575899200	25.1	408310
1208	578491200	31.1	408310
1208	581169600	34.3	408310
1208	583761600	35.9	408310
1208	586440000	35.7	408310
1208	589118400	32.8	408310
1208	591710400	28.2	408310
1208	594388800	19.9	408310
1208	596980800	14.7	408310
1208	599659200	9.9	408310
1208	602337600	12.4	408310
1208	604756800	19.4	408310
1208	607435200	25.8	408310
1208	610027200	31.5	408310
1208	612705600	34.7	408310
1208	615297600	37.8	408310
1208	617976000	36.6	408310
1208	620654400	32.2	408310
1208	623246400	27.7	408310
1208	625924800	20.4	408310
1208	628516800	13.4	408310
1208	631195200	11.1	408310
1208	633873600	13.9	408310
1208	636292800	19.2	408310
1208	638971200	24.7	408310
1208	641563200	32.6	408310
1208	644241600	35.6	408310
1208	646833600	38	408310
1208	649512000	36	408310
1208	652190400	33.1	408310
1208	654782400	28	408310
1208	657460800	21.3	408310
1208	660052800	16.1	408310
1208	662731200	12.2	408310
1208	665409600	13.5	408310
1208	667828800	18.8	408310
1208	670507200	26.5	408310
1208	673099200	30.5	408310
1208	675777600	34.9	408310
1208	678369600	36.6	408310
1208	681048000	36.4	408310
1208	683726400	32.3	408310
1208	686318400	26.3	408310
1208	688996800	21.2	408310
1208	691588800	14.6	408310
1208	694267200	9.9	408310
1208	696945600	12.9	408310
1208	699451200	15.7	408310
1208	702129600	23.9	408310
1208	704721600	29.8	408310
1208	707400000	34.7	408310
1208	709992000	36	408310
1208	712670400	35.8	408310
1208	715348800	33.1	408310
1208	717940800	26	408310
1208	720619200	21	408310
1208	723211200	13.3	408310
1208	725889600	11	408310
1208	728568000	14.3	408310
1208	730987200	19.1	408310
1208	733665600	24.4	408310
1208	736257600	30.1	408310
1208	738936000	35.7	408310
1208	741528000	36.9	408310
1208	744206400	35.3	408310
1208	746884800	33	408310
1208	749476800	27.8	408310
1208	752155200	19.4	408310
1208	754747200	15.8	408310
1208	757425600	15.5	408310
1208	760104000	15.4	408310
1208	762523200	20	408310
1208	765201600	27.3	408310
1208	767793600	31.2	408310
1208	770472000	35.1	408310
1208	773064000	36	408310
1208	775742400	35.8	408310
1208	778420800	33.2	408310
1208	781012800	28.2	408310
1208	783691200	21.5	408310
1208	786283200	11.9	408310
1208	788961600	13.7	408310
1208	791640000	15.8	408310
1208	794059200	19.8	408310
1208	796737600	24.9	408310
1208	799329600	31.7	408310
1208	802008000	35.3	408310
1208	804600000	36.7	408310
1208	807278400	36.8	408310
1208	809956800	32.1	408310
1208	812548800	26.2	408310
1208	815227200	18.7	408310
1208	817819200	13	408310
1208	820497600	13.6	408310
1208	823176000	16.7	408310
1208	825681600	19.8	408310
1208	828360000	24.8	408310
1208	830952000	33	408310
1208	833630400	35.5	408310
1208	836222400	38.1	408310
1208	838900800	37.3	408310
1208	841579200	33.4	408310
1208	844171200	26.8	408310
1208	846849600	20.3	408310
1208	849441600	16.9	408310
1208	852120000	14	408310
1208	854798400	12.4	408310
1208	857217600	16.8	408310
1208	859896000	23.8	408310
1208	862488000	31.8	408310
1208	865166400	36.3	408310
1208	867758400	37	408310
1208	870436800	35.6	408310
1208	873115200	33	408310
1208	875707200	27.7	408310
1208	878385600	20.6	408310
1208	880977600	13.7	408310
1208	883656000	11.7	408310
1208	886334400	15	408310
1208	888753600	15.8	408310
1208	891432000	26	408310
1208	894024000	32.4	408310
1208	896702400	37.2	408310
1208	899294400	37.5	408310
1208	901972800	38.5	408310
1208	904651200	34.2	408310
1208	907243200	29.6	408310
1208	909921600	21.4	408310
1208	912513600	16.7	408310
1208	915192000	14	408310
1208	917870400	15.9	408310
1208	920289600	19.3	408310
1208	922968000	26.8	408310
1208	925560000	33.2	408310
1208	928238400	37.2	408310
1208	930830400	37.7	408310
1208	933508800	35.8	408310
1208	936187200	34.2	408310
1208	938779200	28.7	408310
1208	941457600	19.4	408310
1208	944049600	13.4	408310
1208	946728000	12.3	408310
1208	949406400	14	408310
1208	951912000	19.2	408310
1208	954590400	28.9	408310
1208	957182400	33.4	408310
1208	959860800	36.2	408310
1208	962452800	38.8	408310
1208	965131200	38.4	408310
1208	967809600	32.6	408310
1208	970401600	26	408310
1208	973080000	17.9	408310
1208	975672000	13.8	408310
1208	978350400	12.1	408310
1208	981028800	15.2	408310
1208	983448000	21.2	408310
6601	-902059200	34.4	406370
6601	-899467200	36.3	406370
6601	-896788800	33.7	406370
6601	-894110400	31.8	406370
6601	-891518400	22.1	406370
6601	-888840000	17.7	406370
6601	-886248000	10	406370
6601	-883569600	8.2	406370
6601	-880891200	13.3	406370
6601	-878472000	15.8	406370
6601	-875793600	22.3	406370
6601	-873201600	30.8	406370
6601	-870523200	35	406370
6601	-867931200	36	406370
6601	-865252800	36.5	406370
6601	-862574400	30.2	406370
6601	-859982400	24.8	406370
6601	-857304000	18.6	406370
6601	-854712000	12.6	406370
6601	-852033600	10.6	406370
6601	-849355200	11.3	406370
6601	-846936000	12	406370
6601	-844257600	18.5	406370
6601	-841665600	28.4	406370
6601	-838987200	31.5	406370
6601	-836395200	36.6	406370
6601	-833716800	36.3	406370
6601	-831038400	31	406370
6601	-828446400	27.7	406370
6601	-825768000	19.6	406370
6601	-823176000	14.2	406370
6601	-820497600	10.5	406370
6601	-817819200	11.8	406370
6601	-815313600	19	406370
6601	-812635200	22.5	406370
6601	-810043200	28.4	406370
6601	-807364800	33.6	406370
6601	-804772800	35	406370
6601	-802094400	33.4	406370
6601	-799416000	31.7	406370
6601	-796824000	26.2	406370
6601	-794145600	18.1	406370
6601	-791553600	11.6	406370
6601	-788875200	9.7	406370
6601	-786196800	10.3	406370
6601	-783777600	12.6	406370
6601	-781099200	20.5	406370
6601	-778507200	29.7	406370
6601	-775828800	32.6	406370
6601	-773236800	36.2	406370
6601	-770558400	35	406370
6601	-767880000	30.1	406370
6601	-765288000	25.2	406370
6601	-762609600	17.9	406370
6601	-760017600	11.6	406370
6601	-757339200	9.2	406370
6601	-754660800	10.3	406370
6601	-752241600	15	406370
6601	-749563200	20.8	406370
6601	-746971200	28.3	406370
6601	-744292800	32.7	406370
6601	-741700800	35.1	406370
6601	-739022400	34.7	406370
6601	-736344000	32.3	406370
6601	-733752000	24.5	406370
6601	-731073600	20.8	406370
6601	-728481600	12.5	406370
6601	-725803200	11.3	406370
6601	-723124800	11.2	406370
6601	-720705600	16.5	406370
6601	-718027200	23.8	406370
6601	-715435200	29.4	406370
6601	-712756800	33.8	406370
6601	-710164800	38	406370
6601	-707486400	34.5	406370
6601	-704808000	30.7	406370
6601	-702216000	26.5	406370
6601	-699537600	19.7	406370
6601	-696945600	13.2	406370
6601	-694267200	11.3	406370
6601	-691588800	12.6	406370
6601	-689083200	14.1	406370
6601	-686404800	19	406370
6601	-683812800	28.8	406370
6601	-681134400	33.9	406370
6601	-678542400	37.4	406370
6601	-675864000	36.2	406370
6601	-673185600	30.5	406370
6601	-670593600	23.3	406370
6601	-667915200	17.2	406370
6601	-665323200	9.9	406370
6601	-662644800	9.7	406370
6601	-659966400	10.1	406370
6601	-657547200	14.2	406370
6601	-654868800	17.8	406370
6601	-652276800	29.2	406370
6601	-649598400	34.6	406370
6601	-647006400	35.7	406370
6601	-644328000	35.2	406370
6601	-641649600	28.6	406370
6601	-639057600	24.9	406370
6601	-636379200	19.5	406370
6601	-633787200	12	406370
6601	-631108800	6.2	406370
6601	-628430400	8.4	406370
6601	-626011200	15.2	406370
6601	-623332800	22.2	406370
6601	-620740800	27.2	406370
6601	-618062400	31.7	406370
6601	-615470400	35.1	406370
6601	-612792000	33.7	406370
6601	-610113600	31.3	406370
6601	-607521600	25.4	406370
6601	-604843200	20.1	406370
6601	-602251200	13.4	406370
6601	-599572800	10.7	406370
6601	-596894400	12.2	406370
6601	-594475200	16.6	406370
6601	-591796800	23	406370
6601	-589204800	30	406370
6601	-586526400	35.3	406370
6601	-583934400	38.2	406370
6601	-581256000	37.7	406370
6601	-578577600	32.5	406370
6601	-575985600	25.4	406370
6601	-573307200	16.4	406370
6601	-570715200	11.8	406370
6601	-568036800	10	406370
6601	-565358400	13.2	406370
6601	-562852800	14.1	406370
6601	-560174400	22.7	406370
6605	-702216000	27.4	406650
6605	-699537600	20.4	406650
6605	-696945600	14.4	406650
6605	-694267200	12.9	406650
6605	-691588800	13.3	406650
6605	-689083200	15.4	406650
6605	-686404800	21.2	406650
6605	-683812800	29	406650
6605	-681134400	33.2	406650
6605	-678542400	36.1	406650
6605	-675864000	33.1	406650
6605	-673185600	30.9	406650
6605	-670593600	23.9	406650
6605	-667915200	18	406650
6605	-665323200	11.8	406650
6605	-662644800	10.2	406650
6605	-659966400	11	406650
6605	-657547200	16.1	406650
6605	-654868800	20	406650
6605	-652276800	29.5	406650
6605	-649598400	34.2	406650
6605	-647006400	35.1	406650
6605	-644328000	32.7	406650
6605	-641649600	30.3	406650
6605	-639057600	25.8	406650
6605	-636379200	19.4	406650
6605	-633787200	12.7	406650
6605	-631108800	7.7	406650
6605	-628430400	10.2	406650
6605	-626011200	16.9	406650
6605	-623332800	23.6	406650
6605	-620740800	28.6	406650
6605	-618062400	32.2	406650
6605	-615470400	33.6	406650
6605	-612792000	32.8	406650
6605	-610113600	31.7	406650
6605	-607521600	27	406650
6605	-604843200	20.4	406650
6605	-602251200	14.1	406650
6605	-599572800	12.4	406650
6605	-596894400	13.5	406650
6605	-594475200	18.9	406650
6605	-591796800	24.6	406650
6605	-589204800	30	406650
6605	-586526400	35.3	406650
6605	-583934400	38	406650
6605	-581256000	37.1	406650
6605	-578577600	35	406650
6605	-575985600	27.6	406650
6605	-573307200	19.4	406650
6605	-570715200	13	406650
6605	-568036800	11.6	406650
6605	-565358400	15.5	406650
6605	-562852800	19.1	406650
6605	-560174400	24.5	406650
6605	-557582400	30.3	406650
6605	-554904000	34.5	406650
6605	-552312000	36.8	406650
6605	-549633600	38.3	406650
6605	-546955200	34.3	406650
6605	-544363200	27.5	406650
6605	-541684800	18	406650
6605	-539092800	15.1	406650
6605	-536414400	13.7	406650
6605	-533736000	14.2	406650
6605	-531316800	15	406650
6605	-528638400	25	406650
6605	-526046400	30.9	406650
6605	-523368000	35.4	406650
6605	-520776000	36.5	406650
6605	-518097600	35.5	406650
6605	-515419200	33.5	406650
6605	-512827200	29.2	406650
6605	-510148800	18	406650
6605	-507556800	10.2	406650
6605	-504878400	11.7	406650
6605	-502200000	14.9	406650
6605	-499780800	18.6	406650
6605	-497102400	22.9	406650
6605	-494510400	30.3	406650
6605	-491832000	35.5	406650
6605	-489240000	37.2	406650
6605	-486561600	36.6	406650
6605	-483883200	32.4	406650
6605	-481291200	26.6	406650
6605	-478612800	18.7	406650
6605	-476020800	14	406650
6605	-473342400	11.6	406650
6605	-470664000	15	406650
6605	-468244800	17.5	406650
6605	-465566400	23.8	406650
6605	-462974400	29.5	406650
6605	-460296000	34.8	406650
6605	-457704000	35.7	406650
6605	-455025600	35.6	406650
6605	-452347200	32.6	406650
6605	-449755200	25.8	406650
6605	-447076800	19.4	406650
6605	-444484800	12.6	406650
6605	-441806400	11.5	406650
6605	-439128000	14.7	406650
6605	-436622400	16.3	406650
6605	-433944000	21.8	406650
6605	-431352000	27.8	406650
6605	-428673600	33.9	406650
6605	-426081600	35.7	406650
6605	-423403200	35.7	406650
6605	-420724800	31.7	406650
6605	-418132800	24.9	406650
6605	-415454400	17	406650
6605	-412862400	11.1	406650
6605	-410184000	9	406650
6605	-407505600	12.6	406650
6605	-405086400	17.2	406650
6605	-402408000	20.8	406650
6605	-399816000	26.3	406650
6605	-397137600	32.5	406650
6605	-394545600	35.7	406650
6605	-391867200	34.4	406650
6605	-389188800	31.2	406650
6605	-386596800	25.8	406650
6605	-383918400	17.4	406650
6605	-381326400	11.4	406650
6605	-378648000	11.2	406650
6605	-375969600	12.3	406650
6605	-373550400	19.3	406650
6605	-370872000	24.9	406650
6605	-368280000	30.6	406650
6605	-365601600	33.1	406650
6605	-363009600	34.5	406650
6605	-360331200	34.5	406650
6605	-357652800	30.1	406650
6605	-355060800	25.5	406650
6605	-352382400	16.7	406650
6605	-349790400	12.2	406650
6605	-347112000	11.4	406650
6605	-344433600	9.2	406650
6605	-342014400	16.4	406650
6605	-339336000	24.5	406650
6605	-336744000	28.5	406650
6605	-334065600	33.2	406650
6605	-331473600	33.9	406650
6605	-328795200	33.4	406650
6605	-326116800	29.1	406650
6605	-323524800	25.4	406650
6605	-320846400	16.8	406650
6605	-318254400	11.3	406650
6605	-315576000	12.3	406650
6605	-312897600	16	406650
6605	-310392000	17.2	406650
6605	-307713600	23.9	406650
6605	-305121600	31.6	406650
6605	-302443200	34.3	406650
6605	-299851200	36	406650
6605	-297172800	35.3	406650
6605	-294494400	33.4	406650
6605	-291902400	25.5	406650
6605	-289224000	19.5	406650
6605	-286632000	14.2	406650
6605	-283953600	10.4	406650
6605	-281275200	13.2	406650
6605	-278856000	15.3	406650
6605	-276177600	21.8	406650
6605	-273585600	29.1	406650
6605	-270907200	33.9	406650
6605	-268315200	35.1	406650
6605	-265636800	35	406650
6605	-262958400	29.2	406650
6605	-260366400	24.9	406650
6605	-257688000	17.3	406650
6605	-255096000	13	406650
6605	-252417600	10.6	406650
6605	-249739200	13.6	406650
6605	-247320000	19.3	406650
6605	-244641600	22.1	406650
6605	-242049600	29.6	406650
6605	-239371200	35.1	406650
6605	-236779200	36.4	406650
6605	-234100800	35.9	406650
6605	-231422400	31.1	406650
6605	-228830400	26.8	406650
6605	-226152000	19	406650
6605	-223560000	14.9	406650
6605	-220881600	14.4	406650
6605	-218203200	16.4	406650
6605	-215784000	16.4	406650
6605	-213105600	23.3	406650
6605	-210513600	26.7	406650
6605	-207835200	34.7	406650
6605	-205243200	36.6	406650
6605	-202564800	35.1	406650
6605	-199886400	31.9	406650
6605	-197294400	27.9	406650
6605	-194616000	18	406650
6605	-192024000	10.6	406650
6605	-189345600	6.7	406650
6605	-186667200	14.6	406650
6605	-184161600	20.4	406650
6605	-181483200	23.1	406650
6605	-178891200	30.3	406650
6605	-176212800	35	406650
6605	-173620800	35.1	406650
6605	-170942400	34.5	406650
6605	-168264000	31	406650
6605	-165672000	23.5	406650
6605	-162993600	17.8	406650
6605	-160401600	10.7	406650
6605	-157723200	11	406650
6605	-155044800	13.3	406650
6605	-152625600	18.1	406650
6605	-149947200	21	406650
6605	-147355200	31.2	406650
6605	-144676800	35.6	406650
6605	-142084800	36.7	406650
6605	-139406400	37.4	406650
6605	-136728000	33.7	406650
6605	-134136000	26.2	406650
6605	-131457600	19	406650
6605	-128865600	14.4	406650
6605	-126187200	15	406650
6605	-123508800	15.5	406650
6605	-121089600	18.4	406650
6605	-118411200	24.6	406650
6605	-115819200	32	406650
6605	-113140800	36.5	406650
6605	-110548800	36.6	406650
6605	-107870400	36.1	406650
6605	-105192000	32	406650
6605	-102600000	25.5	406650
6605	-99921600	20.3	406650
6605	-97329600	14.8	406650
6605	-94651200	11.1	406650
6605	-91972800	10.2	406650
6605	-89553600	15.5	406650
6605	-86875200	21.3	406650
6605	-84283200	28.3	406650
6605	-81604800	31.5	406650
6605	-79012800	37.1	406650
6605	-76334400	35.3	406650
6605	-73656000	32.7	406650
6605	-71064000	27.4	406650
6605	-68385600	16.8	406650
6605	-65793600	12.7	406650
6605	-63115200	10.9	406650
6605	-60436800	13.1	406650
6605	-57931200	17.5	406650
6605	-55252800	22	406650
6605	-52660800	28.9	406650
6605	-49982400	32.5	406650
6605	-47390400	37.1	406650
6605	-44712000	30.9	406650
6605	-42033600	31.1	406650
6605	-39441600	25.8	406650
6605	-36763200	19.6	406650
6605	-34171200	14.1	406650
6605	-31492800	12.2	406650
6605	-28814400	13.7	406650
6605	-26395200	19.9	406650
6605	-23716800	21.9	406650
6605	-21124800	29.9	406650
6605	-18446400	34.1	406650
6605	-15854400	34.4	406650
6605	-13176000	34.1	406650
6605	-10497600	31.7	406650
6605	-7905600	27.2	406650
6605	-5227200	16.1	406650
6605	-2635200	13.7	406650
6605	43200	11.2	406650
6605	2721600	15	406650
6605	5140800	18.7	406650
6605	7819200	25.1	406650
6605	10411200	31.2	406650
6605	13089600	33.6	406650
6605	15681600	34.8	406650
6605	18360000	34.2	406650
6605	21038400	31	406650
6605	23630400	25	406650
6605	26308800	20.7	406650
6605	28900800	11.2	406650
6605	31579200	11.9	406650
6605	34257600	13.3	406650
6605	36676800	18.5	406650
6605	39355200	21.6	406650
6605	41947200	30.2	406650
6605	44625600	32.2	406650
6605	47217600	35	406650
6605	49896000	34.4	406650
6605	52574400	32	406650
6605	55166400	24.6	406650
6605	57844800	18.3	406650
6605	60436800	10.9	406650
6605	63115200	8.9	406650
6605	65793600	10.6	406650
6605	68299200	16.2	406650
6605	70977600	23.5	406650
6605	73569600	26.5	406650
6605	76248000	33.2	406650
6605	78840000	34.2	406650
6605	81518400	35.2	406650
6605	84196800	31.4	406650
6605	86788800	27	406650
6605	89467200	17.2	406650
6605	92059200	8.5	406650
6605	94737600	9.6	406650
6605	97416000	15.2	406650
6605	99835200	17.5	406650
6605	102513600	22.7	406650
6605	105105600	29.3	406650
6605	107784000	32.5	406650
6605	110376000	34.5	406650
6605	113054400	35.9	406650
6605	115732800	32	406650
6605	118324800	26.5	406650
6605	121003200	16	406650
6605	123595200	11.5	406650
6605	126273600	9.7	406650
6605	128952000	11.1	406650
6605	131371200	17.2	406650
6605	134049600	21.1	406650
6605	136641600	29	406650
6605	139320000	34	406650
6605	141912000	34.8	406650
6605	144590400	34.1	406650
6605	147268800	30.9	406650
6605	149860800	25.5	406650
6605	152539200	18.9	406650
6605	155131200	10.5	406650
6605	157809600	9.4	406650
6605	160488000	11.8	406650
6605	162907200	16.8	406650
6605	165585600	24	406650
6605	168177600	27.7	406650
6605	170856000	34.6	406650
6605	173448000	36.9	406650
6605	176126400	35.1	406650
6605	178804800	33.4	406650
6605	181396800	24.3	406650
6605	184075200	17.9	406650
6605	186667200	10.4	406650
6605	189345600	10.4	406650
6605	192024000	11.5	406650
6605	194529600	15.2	406650
6605	197208000	22.6	406650
6605	199800000	28.7	406650
6605	202478400	33.9	406650
6605	205070400	34.8	406650
6605	207748800	34.8	406650
6605	210427200	31.6	406650
6605	213019200	26	406650
6605	215697600	18.8	406650
6605	218289600	14.3	406650
6605	220968000	7.8	406650
6605	223646400	16	406650
6605	226065600	19	406650
6605	228744000	23	406650
6605	231336000	30.3	406650
6605	234014400	31.7	406650
6605	236606400	36.4	406650
6605	239284800	35.5	406650
6605	241963200	33.3	406650
6605	244555200	23.8	406650
6605	247233600	17.4	406650
6605	249825600	13.5	406650
6605	252504000	12.6	406650
6605	255182400	15	406650
6605	257601600	19.4	406650
6605	260280000	24.6	406650
6605	262872000	30.6	406650
6605	265550400	33.6	406650
6605	268142400	36.8	406650
6605	270820800	34.1	406650
6605	273499200	32.3	406650
6605	276091200	26.6	406650
6605	278769600	15	406650
6605	281361600	14.3	406650
6605	284040000	12.8	406650
6605	286718400	16.1	406650
6605	289137600	18.2	406650
6605	291816000	25.5	406650
6605	294408000	30.4	406650
6605	297086400	35.2	406650
6605	299678400	36.6	406650
6605	302356800	36	406650
6605	305035200	34.6	406650
6605	307627200	27.1	406650
6605	310305600	17.1	406650
6605	312897600	12.2	406650
6605	315576000	10.9	406650
6605	318254400	12.4	406650
6605	320760000	18.7	406650
6605	323438400	27.1	406650
6605	326030400	30.2	406650
6605	328708800	35.4	406650
6605	331300800	37.5	406650
6605	333979200	35.3	406650
6605	336657600	32	406650
6605	339249600	26.2	406650
6605	341928000	19.2	406650
6605	344520000	12.7	406650
6607	-1556798400	34.2	406890
6607	-1554206400	31.3	406890
6607	-1551528000	19.6	406890
6607	-1548936000	11.6	406890
6607	-1546257600	12.1	406890
6607	-1543579200	15.1	406890
6607	-1541160000	20.1	406890
6607	-1538481600	27.1	406890
6607	-1535889600	30.7	406890
6607	-1533211200	34.8	406890
6607	-1530619200	34	406890
6607	-1527940800	37.4	406890
6607	-1525262400	33.8	406890
6607	-1522670400	27.4	406890
6607	-1519992000	19.3	406890
6607	-1517400000	13.8	406890
6607	-1514721600	14.1	406890
6607	-1512043200	13.1	406890
6607	-1509624000	17.5	406890
6607	-1506945600	23.9	406890
6607	-1504353600	29.8	406890
6607	-1501675200	34.3	406890
6607	-1499083200	35.9	406890
6607	-1496404800	35.3	406890
6607	-1493726400	30.6	406890
6607	-1491134400	26.9	406890
6607	-1488456000	22.2	406890
6607	-1485864000	12.6	406890
6607	-1483185600	10.6	406890
6607	-1480507200	13.3	406890
6607	-1478088000	18.4	406890
6607	-1475409600	21.7	406890
6607	-1472817600	29.7	406890
6607	-1470139200	33.4	406890
6607	-1467547200	35.3	406890
6607	-1464868800	33.4	406890
6607	-1462190400	31.9	406890
6607	-1459598400	26.3	406890
6607	-1456920000	17.9	406890
6607	-1454328000	15.2	406890
6607	-1451649600	13.5	406890
6607	-1448971200	13.4	406890
6607	-1446465600	20.7	406890
6607	-1443787200	23.8	406890
6607	-1441195200	28.1	406890
6607	-1438516800	33.6	406890
6607	-1435924800	36.1	406890
6607	-1433246400	35.3	406890
6607	-1430568000	32.8	406890
6607	-1427976000	27.6	406890
6607	-1425297600	20.9	406890
6607	-1422705600	12.3	406890
6607	-1420027200	7.4	406890
6607	-1417348800	10.8	406890
6607	-1414929600	22	406890
6607	-1412251200	24.6	406890
6607	-1409659200	30.5	406890
6607	-1406980800	32.2	406890
6607	-1404388800	34.7	406890
6607	-1401710400	35.6	406890
6607	-1399032000	32.3	406890
6607	-1396440000	26.5	406890
6607	-1393761600	18.6	406890
6607	-1391169600	14.3	406890
6607	-1388491200	12.8	406890
6607	-1385812800	14.2	406890
6607	-1383393600	18.6	406890
6607	-1380715200	22.6	406890
6607	-1378123200	30.3	406890
6607	-1375444800	33.8	406890
6607	-1372852800	34.7	406890
6607	-1370174400	35.1	406890
6607	-1367496000	29.7	406890
6607	-1364904000	26.2	406890
6607	-1362225600	19.1	406890
6607	-1359633600	12.8	406890
6607	-1356955200	11.4	406890
6607	-1354276800	12.4	406890
6607	-1351857600	17.3	406890
6607	-1349179200	22.7	406890
6607	-1346587200	31.3	406890
6607	-1343908800	35.3	406890
6607	-1341316800	35.5	406890
6607	-1338638400	35.7	406890
6607	-1335960000	32.8	406890
6607	-1333368000	27.1	406890
6607	-1330689600	19.2	406890
6607	-1328097600	11.8	406890
6607	-1325419200	10.9	406890
6607	-1322740800	13.8	406890
6607	-1320235200	17.1	406890
6607	-1317556800	27.7	406890
6607	-1314964800	30.4	406890
6607	-1312286400	34.2	406890
6607	-1309694400	36.4	406890
6607	-1307016000	34.4	406890
6607	-1304337600	33.3	406890
6607	-1301745600	25.7	406890
6607	-1299067200	17.9	406890
6607	-1296475200	13.9	406890
6607	-1293796800	12.2	406890
6607	-1291118400	14.1	406890
6607	-1288699200	18.5	406890
6607	-1286020800	24.7	406890
6607	-1283428800	32.5	406890
6607	-1280750400	32.5	406890
6607	-1278158400	35.1	406890
6607	-1275480000	36.1	406890
6607	-1272801600	32.8	406890
6607	-1270209600	25.8	406890
6607	-1267531200	19.8	406890
6607	-1264939200	12.4	406890
6607	-1262260800	10.3	406890
6607	-1259582400	15.2	406890
6607	-1257163200	19.2	406890
6607	-1254484800	25.4	406890
6607	-1251892800	30.7	406890
6607	-1249214400	34.2	406890
6607	-1246622400	36.2	406890
6607	-1243944000	37.2	406890
6607	-1241265600	32.3	406890
6607	-1238673600	27.1	406890
6607	-1235995200	20.4	406890
6607	-1233403200	14.1	406890
6623	-239371200	22.8	407660
6623	-236779200	28.7	407660
6623	-234100800	27.5	407660
6623	-231422400	21.6	407660
6623	-228830400	16.4	407660
6623	-226152000	9.4	407660
6623	-223560000	6.2	407660
6623	-220881600	6.1	407660
6623	-218203200	7.5	407660
6623	-215784000	7	407660
6623	-213105600	12.3	407660
6623	-210513600	13.8	407660
6623	-207835200	21.1	407660
6623	-205243200	26.3	407660
6623	-202564800	26	407660
6623	-199886400	22.1	407660
6623	-197294400	16.9	407660
6623	-194616000	8.8	407660
6623	-192024000	2.5	407660
6623	-189345600	-8	407660
6623	-186667200	2.7	407660
6623	-184161600	9.2	407660
6623	-181483200	11.3	407660
6623	-178891200	16.9	407660
6623	-176212800	22.4	407660
6623	-173620800	27.2	407660
6623	-170942400	25.4	407660
6623	-168264000	21.7	407660
6623	-165672000	13.7	407660
6623	-162993600	7.7	407660
6623	-160401600	1.7	407660
6623	-157723200	0.7	407660
6623	-155044800	4.5	407660
6623	-152625600	9	407660
6623	-149947200	10	407660
6623	-147355200	17.9	407660
6623	-144676800	22.1	407660
6623	-142084800	26.4	407660
6623	-139406400	26.8	407660
6623	-136728000	21.2	407660
6623	-134136000	14.9	407660
6623	-131457600	10.3	407660
6623	-128865600	4.2	407660
6623	-126187200	5.7	407660
6623	-123508800	5.6	407660
6623	-121089600	7.6	407660
6623	-118411200	11.7	407660
6623	-115819200	16.9	407660
6623	-113140800	23	407660
6623	-110548800	26.7	407660
6623	-107870400	26.3	407660
6623	-105192000	21.8	407660
6623	-102600000	14.8	407660
6623	-99921600	10.7	407660
6623	-97329600	4.7	407660
6623	-94651200	2.1	407660
6623	-91972800	1	407660
6623	-89553600	5	407660
6623	-86875200	9.9	407660
6623	-84283200	16.4	407660
6623	-81604800	20.7	407660
6623	-79012800	26.3	407660
6623	-76334400	26.3	407660
6623	-73656000	21.1	407660
6623	-71064000	15.3	407660
6623	-68385600	8.8	407660
6623	-65793600	2	407660
6623	-63115200	0	407660
6623	-60436800	-0.2	407660
6623	-57931200	8.3	407660
6623	-55252800	11.6	407660
6623	-52660800	16.4	407660
6623	-49982400	20.4	407660
6623	-47390400	26.8	407660
6623	-44712000	24.6	407660
6623	-42033600	21.4	407660
6623	-39441600	16.5	407660
6623	-36763200	9.8	407660
6623	-34171200	5.5	407660
6623	-31492800	0.8	407660
6623	-28814400	2.4	407660
6623	-26395200	10.9	407660
6623	-23716800	10.8	407660
6623	-21124800	16.9	407660
6623	-18446400	22.4	407660
6623	-15854400	25.7	407660
6623	-13176000	26.3	407660
6623	-10497600	21.3	407660
6623	-7905600	17.4	407660
6623	-5227200	7.9	407660
6623	-2635200	5.8	407660
6623	43200	3.2	407660
6623	2721600	5	407660
6623	5140800	8.4	407660
6623	7819200	14	407660
6623	10411200	17	407660
6623	13089600	21.9	407660
6623	15681600	25.7	407660
6623	18360000	24.5	407660
6623	21038400	20.7	407660
6623	23630400	15.1	407660
6623	26308800	11.4	407660
6623	28900800	3.5	407660
6623	31579200	2.8	407660
6623	34257600	2.7	407660
6623	36676800	9.2	407660
6623	39355200	11.3	407660
6623	41947200	17.8	407660
6623	44625600	21.2	407660
6623	47217600	26.4	407660
6623	49896000	24.2	407660
6623	52574400	20.5	407660
6623	55166400	15	407660
6623	57844800	8.9	407660
6623	60436800	3.3	407660
6623	63115200	-0.3	407660
6623	65793600	-0.4	407660
6623	68299200	6.7	407660
6623	70977600	12.7	407660
6623	73569600	14.4	407660
6623	76248000	20.6	407660
6623	78840000	25.4	407660
6623	81518400	24.9	407660
6623	84196800	20.3	407660
6623	86788800	16.8	407660
6623	89467200	8.6	407660
6623	92059200	0.6	407660
6623	94737600	-1.9	407660
6623	97416000	6.4	407660
6623	99835200	8	407660
6623	102513600	12.1	407660
6623	105105600	17	407660
6623	107784000	22.5	407660
6623	110376000	26	407660
6623	113054400	28	407660
6623	115732800	21.5	407660
6623	118324800	18.1	407660
6623	121003200	8.1	407660
6623	123595200	3	407660
6623	126273600	-2.6	407660
6623	128952000	-2.3	407660
6623	131371200	8.7	407660
6623	134049600	13.2	407660
6623	136641600	18.2	407660
6623	139320000	22.8	407660
6623	141912000	26.5	407660
6623	144590400	25.1	407660
6623	147268800	21.5	407660
6623	149860800	15.6	407660
6623	152539200	10.2	407660
6623	155131200	2.4	407660
6623	157809600	0.1	407660
6623	160488000	-0.5	407660
6623	162907200	7	407660
6623	165585600	13.6	407660
6623	168177600	16.2	407660
6623	170856000	22.6	407660
6623	173448000	27.1	407660
6623	176126400	26.6	407660
6623	178804800	22.1	407660
6623	181396800	14.1	407660
6623	184075200	8.2	407660
6623	186667200	3	407660
6623	189345600	2.7	407660
6623	192024000	2.3	407660
6623	194529600	5.6	407660
6623	197208000	12.3	407660
6623	199800000	15.9	407660
6623	202478400	22.3	407660
6623	205070400	25.5	407660
6623	207748800	27.3	407660
6623	210427200	20.7	407660
6623	213019200	14.4	407660
6623	215697600	9.5	407660
6623	218289600	5.8	407660
6623	220968000	-4.1	407660
6623	223646400	5.5	407660
6623	226065600	10.6	407660
6623	228744000	12.6	407660
6623	231336000	17.5	407660
6623	234014400	22.5	407660
6623	236606400	26.8	407660
6623	239284800	26.7	407660
6623	241963200	21.9	407660
6623	244555200	14.5	407660
6623	247233600	8.5	407660
6623	249825600	5.9	407660
6623	252504000	3.6	407660
6623	255182400	6.2	407660
6623	257601600	8.8	407660
6623	260280000	12.5	407660
6623	262872000	17.7	407660
6623	265550400	22.2	407660
6623	268142400	28.3	407660
6623	270820800	26.1	407660
6623	273499200	22.1	407660
6623	276091200	17	407660
6623	278769600	5.2	407660
6623	281361600	7.1	407660
6623	284040000	1	407660
6624	809956800	21.5	407690
6624	812548800	14.1	407690
6624	815227200	8.8	407690
6624	817819200	0.4	407690
6624	820497600	-3.9	407690
6624	823176000	4.2	407690
6624	825681600	5.6	407690
6624	828360000	12.2	407690
6624	830952000	18.7	407690
6624	833630400	23.6	407690
6624	836222400	25.8	407690
6624	838900800	25.7	407690
6624	841579200	22.4	407690
6624	844171200	15	407690
6624	846849600	7.2	407690
6624	849441600	5.2	407690
6624	852120000	3.1	407690
6624	854798400	1.7	407690
6624	857217600	4.9	407690
6624	859896000	12.1	407690
6624	862488000	17.4	407690
6624	865166400	23.8	407690
6624	867758400	28.6	407690
6624	870436800	28.1	407690
6624	873115200	21.1	407690
6624	875707200	16.2	407690
6624	878385600	7.7	407690
6624	880977600	3.6	407690
6624	883656000	-1.2	407690
6624	886334400	2.7	407690
6624	888753600	6.7	407690
6624	891432000	14.1	407690
6624	894024000	18.4	407690
6624	896702400	25.2	407690
6624	899294400	27.3	407690
6624	901972800	27.1	407690
6624	904651200	22.8	407690
6624	907243200	15.2	407690
6624	909921600	11.4	407690
6624	912513600	8.4	407690
6624	915192000	2.8	407690
6624	917870400	6.2	407690
6624	920289600	7.4	407690
6624	922968000	14	407690
6624	925560000	20.1	407690
6624	928238400	25.1	407690
6624	930830400	26.3	407690
6624	933508800	27.1	407690
6624	936187200	22	407690
6624	938779200	16.7	407690
6624	941457600	8.1	407690
6624	944049600	3.5	407690
6624	946728000	0.1	407690
6624	949406400	-2.7	407690
6624	951912000	8.1	407690
6624	954590400	16.2	407690
6624	957182400	20.6	407690
6624	959860800	24.7	407690
6624	962452800	26.9	407690
6624	965131200	26.9	407690
6624	967809600	22.3	407690
6624	970401600	13.8	407690
6624	973080000	6.6	407690
6624	975672000	1.5	407690
6625	452260800	17.3	407820
6625	454939200	25.3	407820
6625	457531200	28.6	407820
6625	460209600	26.3	407820
6625	462888000	22.8	407820
6625	465480000	16.8	407820
6625	468158400	10.7	407820
6625	470750400	5.4	407820
6625	473428800	6.8	407820
6627	-249739200	14.4	407950
6627	-247320000	19.5	407950
6631	-34171200	15	408110
6631	-31492800	12.7	408110
6633	988718400	32.7	408310
6633	991396800	35.8	408310
6633	993988800	37.3	408310
6633	996667200	37.6	408310
6633	999345600	33	408310
6633	1001937600	27.6	408310
6633	1004616000	18.6	408310
10663	-554904000	32.8	406370
10663	-552312000	37.2	406370
10663	-549633600	36.5	406370
10663	-546955200	33.4	406370
10663	-544363200	26.3	406370
10663	-541684800	16.7	406370
10663	-539092800	13.4	406370
10663	-536414400	11.7	406370
10663	-533736000	12.2	406370
10663	-531316800	12.7	406370
10663	-528638400	21.5	406370
10663	-526046400	28.8	406370
10663	-523368000	33.5	406370
10663	-520776000	37.1	406370
10663	-518097600	35.7	406370
10663	-515419200	31.4	406370
10663	-512827200	25.8	406370
10663	-510148800	15.6	406370
10663	-507556800	8.6	406370
10663	-504878400	9.8	406370
10663	-502200000	11.9	406370
10663	-499780800	16.5	406370
10663	-497102400	20.5	406370
10663	-494510400	29.1	406370
10663	-491832000	34.1	406370
10663	-489240000	38.2	406370
10663	-486561600	37.6	406370
10663	-483883200	32.3	406370
10663	-481291200	26.9	406370
10663	-478612800	17.8	406370
10663	-476020800	12.6	406370
10663	-473342400	9.6	406370
10663	-470664000	14.2	406370
10663	-468244800	16.5	406370
10663	-465566400	23.1	406370
10663	-462974400	28.5	406370
10663	-460296000	34.7	406370
10663	-457704000	35.6	406370
10663	-455025600	34.3	406370
10663	-452347200	31.2	406370
10663	-449755200	25.5	406370
10663	-447076800	17.5	406370
10663	-444484800	11.5	406370
10663	-441806400	10.2	406370
10663	-439128000	13.6	406370
10663	-436622400	14.8	406370
10663	-433944000	20.6	406370
10663	-431352000	26.1	406370
10663	-428673600	32.8	406370
10663	-426081600	36.3	406370
10663	-423403200	36.1	406370
10663	-420724800	31.1	406370
10663	-418132800	23.6	406370
10663	-415454400	17.2	406370
10663	-412862400	10.5	406370
10663	-410184000	8.1	406370
10663	-407505600	11.9	406370
10663	-405086400	15.7	406370
10663	-402408000	20.3	406370
10663	-399816000	25.5	406370
10663	-397137600	34.3	406370
10663	-394545600	37.8	406370
10663	-391867200	37.5	406370
10663	-389188800	33.4	406370
10663	-386596800	26.9	406370
10663	-383918400	17.6	406370
10663	-381326400	11.5	406370
10663	-378648000	11	406370
10663	-375969600	12.1	406370
10663	-373550400	18.7	406370
10663	-370872000	25.4	406370
10663	-368280000	31.3	406370
10663	-365601600	34.5	406370
10663	-363009600	36.4	406370
10663	-360331200	36.9	406370
10663	-357652800	31.1	406370
10663	-355060800	26.2	406370
10663	-352382400	17.9	406370
10663	-349790400	12.4	406370
10663	-347112000	11.6	406370
10663	-344433600	8.7	406370
10663	-342014400	15.4	406370
10663	-339336000	23.8	406370
10663	-336744000	28.2	406370
10663	-334065600	33.8	406370
10663	-331473600	35.6	406370
10663	-328795200	34.9	406370
10663	-326116800	29.8	406370
10663	-323524800	25.8	406370
10663	-320846400	17.7	406370
10663	-318254400	12.5	406370
10663	-315576000	12.3	406370
10663	-312897600	15.7	406370
10663	-310392000	16.5	406370
10663	-307713600	22.4	406370
10663	-305121600	31.6	406370
10663	-302443200	35.4	406370
10663	-299851200	37.6	406370
10663	-297172800	36.2	406370
10663	-294494400	33.4	406370
10663	-291902400	25.7	406370
10663	-289224000	18.4	406370
10663	-286632000	13.5	406370
10666	-1009800000	13.4	406890
10666	-1007121600	14.8	406890
10666	-1004702400	15.9	406890
10666	-1002024000	24.7	406890
10666	-999432000	28.3	406890
10666	-996753600	31.9	406890
10666	-994161600	35.1	406890
10666	-991483200	35.2	406890
10666	-988804800	32.9	406890
10666	-986212800	23.9	406890
10666	-983534400	19.9	406890
10666	-980942400	14.1	406890
10666	-978264000	12.9	406890
10666	-975585600	13.3	406890
10666	-973166400	18.3	406890
10666	-970488000	22.9	406890
10666	-967896000	30.5	406890
10666	-965217600	32.3	406890
10666	-962625600	33.4	406890
10666	-959947200	32.9	406890
10666	-957268800	30.2	406890
10666	-954676800	26.6	406890
10666	-951998400	19.3	406890
10666	-949406400	17.6	406890
10666	-946728000	12.8	406890
10666	-944049600	16.1	406890
10666	-941544000	16.8	406890
10666	-938865600	26.4	406890
10666	-936273600	29.9	406890
10666	-933595200	32	406890
10666	-931003200	33.3	406890
10666	-928324800	33.8	406890
10666	-925646400	30.5	406890
10666	-923054400	26.7	406890
10666	-920376000	19.4	406890
10666	-917784000	15.2	406890
10666	-915105600	13.5	406890
10666	-912427200	16.3	406890
10666	-910008000	18.9	406890
10666	-907329600	23.2	406890
10666	-904737600	30.8	406890
10666	-902059200	33.3	406890
10666	-899467200	33.6	406890
10666	-896788800	31.9	406890
10666	-894110400	30.7	406890
10666	-891518400	24.8	406890
10666	-888840000	20.8	406890
10666	-886248000	12.2	406890
10666	-883569600	11.2	406890
10666	-880891200	15.8	406890
10666	-878472000	20	406890
10666	-875793600	25.4	406890
10666	-873201600	30.9	406890
10666	-870523200	33.5	406890
10666	-867931200	33.2	406890
10666	-865252800	34.1	406890
10666	-862574400	29.8	406890
10666	-859982400	27.5	406890
10666	-857304000	20.9	406890
10666	-854712000	14.1	406890
10666	-852033600	12.2	406890
10666	-849355200	13.8	406890
10666	-846936000	15.9	406890
10666	-844257600	22.6	406890
10666	-841665600	29.9	406890
10666	-838987200	31.2	406890
10666	-836395200	34.1	406890
10666	-833716800	34.7	406890
10666	-831038400	30.3	406890
10666	-828446400	27.8	406890
10666	-825768000	20.4	406890
10666	-823176000	16.5	406890
10666	-820497600	12.5	406890
10666	-817819200	14.7	406890
10666	-815313600	21.2	406890
10678	1262347200	5.8	407690
10678	1265025600	6.1	407690
10678	1267444800	11.3	407690
10678	1270123200	15.1	407690
10678	1272715200	18.8	407690
10678	1275393600	25.4	407690
10678	1277985600	30.3	407690
10678	1280664000	26.3	407690
10678	1283342400	23	407690
10679	478526400	8.8	407820
10679	481204800	14.1	407820
10679	483796800	19.3	407820
10679	486475200	23.9	407820
10679	489067200	27.9	407820
10679	491745600	27.7	407820
10679	494424000	23	407820
10679	497016000	16.7	407820
10679	499694400	12.1	407820
10679	502286400	5.9	407820
10679	504964800	5.2	407820
10679	507643200	6.1	407820
10679	510062400	8.8	407820
10679	512740800	14.3	407820
10679	515332800	18.1	407820
10679	518011200	22.4	407820
10679	520603200	29.1	407820
10679	523281600	28.4	407820
10679	525960000	23.7	407820
10679	528552000	19	407820
10679	531230400	9.4	407820
10679	533822400	4.9	407820
10679	536500800	5.6	407820
10679	539179200	8.6	407820
10679	541598400	9.3	407820
10679	544276800	13.5	407820
10679	546868800	20.5	407820
10679	549547200	24.5	407820
10679	552139200	27.7	407820
10679	554817600	26.9	407820
10679	557496000	23	407820
10679	560088000	16.6	407820
10679	562766400	12.2	407820
10679	565358400	7.1	407820
10679	568036800	5	407820
10679	570715200	6.3	407820
10679	573220800	10.5	407820
10679	575899200	14.6	407820
10679	578491200	19.5	407820
10679	581169600	23.5	407820
10679	583761600	27.6	407820
10679	586440000	27	407820
10679	589118400	23	407820
10679	591710400	18.4	407820
10679	594388800	11.4	407820
10679	596980800	6.7	407820
10679	599659200	1.4	407820
10679	602337600	3.2	407820
10679	604756800	10.1	407820
10679	607435200	15.3	407820
10679	610027200	18.8	407820
10679	612705600	24.2	407820
10679	615297600	29.5	407820
10679	617976000	27.4	407820
10679	620654400	22.8	407820
10679	623246400	17.9	407820
10679	625924800	10.8	407820
10679	628516800	6.4	407820
10679	631195200	3.2	407820
10679	633873600	5.3	407820
10679	636292800	9.8	407820
10679	638971200	13.1	407820
10679	641563200	20.1	407820
10679	644241600	24.7	407820
10679	646833600	29.2	407820
10679	649512000	27.1	407820
10679	652190400	23.5	407820
10679	654782400	17.9	407820
10679	657460800	12.4	407820
10679	660052800	7	407820
10679	662731200	5.3	407820
10679	665409600	5.8	407820
10679	667828800	10.2	407820
10679	670507200	15.7	407820
10679	673099200	19	407820
10679	675777600	25.9	407820
10679	678369600	28.3	407820
10679	681048000	28.2	407820
10679	683726400	24	407820
10679	686318400	17.2	407820
10679	688996800	11.7	407820
10679	691588800	5.9	407820
10679	694267200	1.4	407820
10679	696945600	3.1	407820
10679	699451200	6.1	407820
10679	702129600	13.3	407820
10679	704721600	17.1	407820
10679	707400000	22.5	407820
10679	709992000	27.7	407820
10679	712670400	27	407820
10679	715348800	22.6	407820
10679	717940800	16.2	407820
10679	720619200	10.7	407820
10679	723211200	5.4	407820
10679	725889600	3.9	407820
10679	728568000	5.8	407820
10679	730987200	9.2	407820
10679	733665600	13.4	407820
10679	736257600	17.3	407820
10679	738936000	22.6	407820
10679	741528000	27.6	407820
10679	744206400	27	407820
10679	746884800	23.7	407820
10679	749476800	17.5	407820
10679	752155200	10.8	407820
10679	754747200	7.4	407820
10679	757425600	6.4	407820
10679	760104000	5.8	407820
10679	762523200	9.3	407820
10679	765201600	15.8	407820
10679	767793600	19.2	407820
10679	770472000	24.1	407820
10679	773064000	28.7	407820
10679	775742400	27.7	407820
10679	778420800	24.3	407820
10679	781012800	18.1	407820
10679	783691200	11.8	407820
10679	786283200	4	407820
10679	788961600	6.3	407820
10679	791640000	7.4	407820
10679	794059200	10.2	407820
10679	796737600	13.5	407820
10679	799329600	19.6	407820
10679	802008000	24.4	407820
10679	804600000	29	407820
10679	807278400	28.9	407820
10679	809956800	23.7	407820
10679	812548800	17.3	407820
10679	815227200	10.9	407820
10679	817819200	5.3	407820
10679	820497600	4.4	407820
10679	823176000	8.2	407820
10679	825681600	9.3	407820
10679	828360000	14.7	407820
10679	830952000	20.6	407820
10679	833630400	24.9	407820
10679	836222400	30.1	407820
10679	838900800	28.5	407820
10679	841579200	23.6	407820
10679	844171200	17.7	407820
10679	846849600	12.1	407820
10679	849441600	8.8	407820
10679	852120000	6.4	407820
10679	854798400	4.5	407820
10679	857217600	7.1	407820
10679	859896000	13.7	407820
10679	862488000	19.7	407820
10679	865166400	25.7	407820
10679	867758400	28.6	407820
10679	870436800	28.9	407820
10679	873115200	22.7	407820
10679	875707200	18.4	407820
10679	878385600	11.6	407820
10679	880977600	6.9	407820
10679	883656000	3.2	407820
10679	886334400	6.4	407820
10679	888753600	10	407820
10679	891432000	15.4	407820
10679	894024000	20.7	407820
10679	896702400	26.9	407820
10679	899294400	30	407820
10679	901972800	30.6	407820
10679	904651200	25.2	407820
10679	907243200	18.7	407820
10679	909921600	13.1	407820
10679	912513600	10.8	407820
10679	915192000	7.1	407820
10679	917870400	8.2	407820
10679	920289600	10.5	407820
10679	922968000	15.8	407820
10679	925560000	22	407820
10679	928238400	26.8	407820
10679	930830400	29.9	407820
10679	933508800	30.3	407820
10679	936187200	23.9	407820
10679	938779200	19.8	407820
10679	941457600	11.5	407820
10679	944049600	8.2	407820
10679	946728000	4.6	407820
10679	949406400	5.9	407820
10679	951912000	9.8	407820
10679	954590400	16.9	407820
10679	957182400	21.2	407820
10679	959860800	26.2	407820
10679	962452800	30.9	407820
10679	965131200	29.8	407820
10679	967809600	23.5	407820
10679	970401600	16.8	407820
10679	973080000	11	407820
10679	975672000	6.8	407820
10681	-242049600	30.2	407950
10681	-239371200	34.9	407950
10681	-236779200	38	407950
10681	-234100800	36.8	407950
10681	-231422400	31.7	407950
10681	-228830400	26.8	407950
10681	-226152000	19	407950
10681	-223560000	14.9	407950
10681	-220881600	14.3	407950
10681	-218203200	16.9	407950
10681	-215784000	15.9	407950
10681	-213105600	23.4	407950
10681	-210513600	25.5	407950
10681	-207835200	34.3	407950
10681	-205243200	36.7	407950
10681	-202564800	36.4	407950
10681	-199886400	32.1	407950
10681	-197294400	27.4	407950
10681	-194616000	17.9	407950
10681	-192024000	11.4	407950
10681	-189345600	6.7	407950
10681	-186667200	13.8	407950
10681	-184161600	19.7	407950
10681	-181483200	22.4	407950
10681	-178891200	29.5	407950
10681	-176212800	35.2	407950
10681	-173620800	36.9	407950
10681	-170942400	35.6	407950
10681	-168264000	31.3	407950
10681	-165672000	23.3	407950
10681	-162993600	18.3	407950
10681	-160401600	12.1	407950
10681	-157723200	11	407950
10681	-155044800	13.7	407950
10681	-152625600	17.5	407950
10681	-149947200	20.2	407950
10681	-147355200	30.5	407950
10681	-144676800	34.6	407950
10681	-142084800	36.1	407950
10681	-139406400	37.2	407950
10681	-136728000	32.3	407950
10681	-134136000	26.8	407950
10681	-131457600	20	407950
10681	-128865600	13.6	407950
10681	-126187200	15.1	407950
10681	-123508800	14	407950
10681	-121089600	16.6	407950
10681	-118411200	23.1	407950
10681	-115819200	30.9	407950
10681	-113140800	35.6	407950
10681	-110548800	36.2	407950
10681	-107870400	36.8	407950
10681	-105192000	32.9	407950
10681	-102600000	26.1	407950
10681	-99921600	20.8	407950
10681	-97329600	14.5	407950
10681	-94651200	12	407950
10681	-91972800	11.2	407950
10681	-89553600	15.7	407950
10681	-86875200	20.8	407950
10681	-84283200	28.9	407950
10681	-81604800	32.7	407950
10681	-79012800	36.6	407950
10681	-76334400	35.4	407950
10681	-73656000	31.6	407950
10681	-71064000	26.3	407950
10681	-68385600	18.5	407950
10681	-65793600	11.8	407950
10681	-63115200	11.4	407950
10681	-60436800	11.6	407950
10681	-57931200	17.5	407950
10681	-55252800	22.1	407950
10681	-52660800	29.3	407950
10681	-49982400	33.5	407950
10681	-47390400	37.1	407950
10681	-44712000	35.1	407950
10681	-42033600	32.5	407950
10681	-39441600	27.1	407950
10681	-36763200	20.6	407950
10681	-34171200	15.3	407950
10681	-31492800	12.7	407950
10681	-28814400	13.4	407950
10681	-26395200	19.8	407950
10681	-23716800	21.4	407950
10681	-21124800	29.5	407950
10681	-18446400	34.1	407950
10681	-15854400	36	407950
10681	-13176000	35.4	407950
10681	-10497600	31.9	407950
10681	-7905600	28.1	407950
10681	-5227200	17.8	407950
10681	-2635200	15.2	407950
10681	43200	12.2	407950
10681	2721600	15.6	407950
10681	5140800	18.2	407950
10681	7819200	25.6	407950
10681	10411200	31.2	407950
10681	13089600	34.8	407950
10681	15681600	35.8	407950
10681	18360000	34.1	407950
10681	21038400	30.3	407950
10681	23630400	25.5	407950
10681	26308800	21.2	407950
10681	28900800	13	407950
10681	31579200	13.3	407950
10681	34257600	13.8	407950
10681	36676800	18.8	407950
10681	39355200	21.6	407950
10681	41947200	31.2	407950
10681	44625600	32.7	407950
10681	47217600	36.2	407950
10681	49896000	34.6	407950
10681	52574400	31.7	407950
10681	55166400	24.7	407950
10681	57844800	18.8	407950
10681	60436800	12.6	407950
10681	63115200	9.9	407950
10681	65793600	11.1	407950
10681	68299200	16.2	407950
10681	70977600	22	407950
10681	73569600	25.7	407950
10681	76248000	33.1	407950
10681	78840000	35.1	407950
10681	81518400	35.4	407950
10681	84196800	31.2	407950
10681	86788800	26.8	407950
10681	89467200	17.2	407950
10681	92059200	10	407950
10681	94737600	10.4	407950
10681	97416000	15	407950
10681	99835200	16.7	407950
10681	102513600	22.5	407950
10681	105105600	28.9	407950
10681	107784000	33.3	407950
10681	110376000	34.2	407950
10681	113054400	35.8	407950
10681	115732800	31.8	407950
10681	118324800	26	407950
10681	121003200	16.6	407950
10681	123595200	13.3	407950
10681	126273600	10.4	407950
10681	128952000	12.1	407950
10681	131371200	17.9	407950
10681	134049600	21.3	407950
10681	136641600	28.9	407950
10681	139320000	34	407950
10681	141912000	34.7	407950
10681	144590400	34.2	407950
10681	147268800	30.7	407950
10681	149860800	25.5	407950
10681	152539200	19.5	407950
10681	155131200	11.3	407950
10681	157809600	11.3	407950
10681	160488000	12.1	407950
10681	162907200	16.6	407950
10681	165585600	23.1	407950
10681	168177600	29	407950
10681	170856000	34.4	407950
10681	173448000	35.5	407950
10681	176126400	35	407950
10681	178804800	32.4	407950
10681	181396800	23	407950
10681	184075200	18.3	407950
10681	186667200	12.1	407950
10681	189345600	11.4	407950
10681	192024000	11.8	407950
10681	194529600	14.6	407950
10681	197208000	21.4	407950
10681	199800000	27.3	407950
10681	202478400	33.9	407950
10681	205070400	34.5	407950
10681	207748800	34.7	407950
10681	210427200	31	407950
10681	213019200	25.4	407950
10681	215697600	19.3	407950
10681	218289600	14.9	407950
10681	220968000	8.5	407950
10681	223646400	15.4	407950
10681	226065600	18.6	407950
10681	228744000	21.6	407950
10681	231336000	29.4	407950
10681	234014400	33.8	407950
10681	236606400	34.9	407950
10681	239284800	35.4	407950
10681	241963200	31.7	407950
10681	244555200	23.8	407950
10681	247233600	17.4	407950
10681	249825600	13.8	407950
10681	252504000	12	407950
10681	255182400	14.2	407950
10681	257601600	17.8	407950
10681	260280000	22.6	407950
10681	262872000	29.4	407950
10681	265550400	33.6	407950
10681	268142400	36.3	407950
10681	270820800	33.5	407950
10681	273499200	31.3	407950
10681	276091200	25.4	407950
10681	278769600	14.9	407950
10681	281361600	14.8	407950
10681	284040000	12.2	407950
10681	286718400	15.2	407950
10681	289137600	17	407950
10681	291816000	24.6	407950
10681	294408000	28.3	407950
10681	297086400	33.5	407950
10681	299678400	35.6	407950
10681	302356800	35.2	407950
10681	305035200	32.2	407950
10681	307627200	25.5	407950
10681	310305600	18.8	407950
10681	312897600	12.2	407950
10681	315576000	9.9	407950
10681	318254400	12.2	407950
10681	320760000	18	407950
10681	323438400	23.2	407950
10681	326030400	28.4	407950
10681	328708800	34.8	407950
10681	331300800	37.6	407950
10681	333979200	34.5	407950
10681	336657600	30.4	407950
10681	339249600	25.1	407950
10681	341928000	19.1	407950
10681	344520000	13.4	407950
10681	347198400	12.2	407950
10681	349876800	13	407950
10681	352296000	17.6	407950
10681	354974400	22.2	407950
10681	357566400	27.1	407950
10681	360244800	31.8	407950
10681	362836800	35.4	407950
10681	365515200	34.4	407950
10681	368193600	31.6	407950
10681	370785600	25.2	407950
10681	373464000	17.9	407950
10681	376056000	14.7	407950
10681	378734400	11.6	407950
10681	381412800	10.3	407950
10681	383832000	15.2	407950
10681	386510400	23.5	407950
10681	389102400	29.9	407950
10681	391780800	32.9	407950
10681	394372800	34.4	407950
10681	397051200	33.5	407950
10681	399729600	31.6	407950
10681	402321600	24.7	407950
10681	4.05e+08	15.6	407950
10681	407592000	10.6	407950
10681	410270400	9.5	407950
10681	412948800	12.2	407950
10681	415368000	14.3	407950
10681	418046400	21	407950
10681	420638400	28.9	407950
10681	423316800	33.2	407950
10681	425908800	36.5	407950
10681	428587200	35.5	407950
10681	431265600	30.4	407950
10681	433857600	23.8	407950
10681	436536000	20.5	407950
10681	439128000	14	407950
10681	441806400	12.2	407950
10681	444484800	14.4	407950
10681	446990400	18.3	407950
10681	449668800	23.2	407950
10681	452260800	26.7	407950
10681	454939200	33.9	407950
10681	457531200	36.6	407950
10681	460209600	33.1	407950
10681	462888000	30.9	407950
10681	465480000	24.7	407950
10681	468158400	18.8	407950
10681	470750400	11.9	407950
10681	473428800	13.4	407950
10681	476107200	11.8	407950
10681	478526400	16.1	407950
10681	481204800	22.5	407950
10681	483796800	29.2	407950
10681	486475200	33.2	407950
10681	489067200	35.7	407950
10681	491745600	35.5	407950
10681	494424000	30.5	407950
10681	497016000	23.8	407950
10681	499694400	19.2	407950
10681	502286400	12.3	407950
10681	504964800	11.7	407950
10681	507643200	13	407950
10681	510062400	16.2	407950
10681	512740800	22.6	407950
10681	515332800	28	407950
10681	518011200	31.2	407950
10681	520603200	36.5	407950
10681	523281600	35.7	407950
10681	525960000	31.6	407950
10681	528552000	27.3	407950
10681	531230400	16.3	407950
10681	533822400	11.5	407950
10681	536500800	11.9	407950
10681	539179200	15.3	407950
10681	541598400	15.9	407950
10681	544276800	22	407950
10681	546868800	30.7	407950
10681	549547200	33.7	407950
10681	552139200	35.8	407950
10681	554817600	35.1	407950
10681	557496000	31.3	407950
10681	560088000	24	407950
10681	562766400	18.9	407950
10681	565358400	12.9	407950
10681	568036800	10.2	407950
10681	570715200	13.1	407950
10681	573220800	16.4	407950
10681	575899200	22.5	407950
10681	578491200	28.6	407950
10681	581169600	32.6	407950
10681	583761600	35.6	407950
10681	586440000	34.4	407950
10681	589118400	31.1	407950
10681	591710400	26	407950
10681	594388800	17.5	407950
10681	596980800	13	407950
10681	599659200	8.1	407950
10681	602337600	11.3	407950
10681	604756800	17.1	407950
10681	607435200	23.7	407950
10681	610027200	29.7	407950
10681	612705600	33.8	407950
10681	615297600	37.1	407950
10681	617976000	35.4	407950
10681	620654400	30.7	407950
10681	623246400	25.9	407950
10681	625924800	18.1	407950
10681	628516800	12.1	407950
10681	631195200	9.3	407950
10681	633873600	11.7	407950
10681	636292800	16.6	407950
10681	638971200	21.7	407950
10681	641563200	30	407950
10681	644241600	34.5	407950
10681	646833600	36.8	407950
10681	649512000	34.9	407950
10681	652190400	31.4	407950
10681	654782400	25.7	407950
10681	657460800	19.4	407950
10681	660052800	14	407950
10681	662731200	12.1	407950
10681	665409600	12.5	407950
10681	667828800	16.8	407950
10681	670507200	23.9	407950
10681	673099200	27.9	407950
10681	675777600	34.3	407950
10681	678369600	35.6	407950
10681	681048000	34.9	407950
10681	683726400	31.3	407950
10681	686318400	25.7	407950
10681	688996800	19.1	407950
10681	691588800	12.8	407950
10685	-26395200	20.7	408110
10685	-23716800	22.1	408110
10685	-21124800	30	408110
10685	-18446400	34.3	408110
10685	-15854400	34.6	408110
10685	-13176000	34.9	408110
10685	-10497600	32.4	408110
10685	-7905600	28.1	408110
10685	-5227200	17.9	408110
10685	-2635200	14.6	408110
10685	43200	12	408110
10685	2721600	15.7	408110
10685	5140800	18.9	408110
10685	7819200	26.2	408110
10685	10411200	30.7	408110
10685	13089600	34.5	408110
10685	15681600	36.5	408110
10685	18360000	35.2	408110
10685	21038400	31.3	408110
10685	23630400	26.1	408110
10685	26308800	21.4	408110
10685	28900800	12.5	408110
10685	31579200	12.9	408110
10685	34257600	13.8	408110
10685	36676800	19.3	408110
10685	39355200	22.9	408110
10685	41947200	31.9	408110
10685	44625600	32.9	408110
10685	47217600	36.3	408110
10685	49896000	35.1	408110
10685	52574400	32.3	408110
10685	55166400	25.1	408110
10685	57844800	19.2	408110
10685	60436800	12.5	408110
10685	63115200	9.1	408110
10685	65793600	11.7	408110
10685	68299200	17.4	408110
10685	70977600	23.7	408110
10685	73569600	27.5	408110
10685	76248000	35	408110
10685	78840000	35.9	408110
10685	81518400	36.4	408110
10685	84196800	32.3	408110
10685	86788800	27.9	408110
10685	89467200	18.4	408110
10685	92059200	9.4	408110
10685	94737600	10.4	408110
10685	97416000	15.9	408110
10685	99835200	19	408110
10685	102513600	24.9	408110
10685	105105600	30.6	408110
10685	107784000	34.1	408110
10685	110376000	36	408110
10685	113054400	37.5	408110
10685	115732800	32.7	408110
10685	118324800	27.4	408110
10685	121003200	17.6	408110
10685	123595200	13.2	408110
10685	126273600	10.1	408110
10685	128952000	12	408110
10685	131371200	18.2	408110
10685	134049600	23.2	408110
10685	136641600	29.7	408110
10685	139320000	35.1	408110
10685	141912000	36.5	408110
10685	144590400	35.4	408110
10685	147268800	32.5	408110
10685	149860800	26.2	408110
10685	152539200	20.2	408110
10685	155131200	12	408110
10685	157809600	11.1	408110
10685	160488000	13.1	408110
10685	162907200	18.6	408110
10685	165585600	25.1	408110
10685	168177600	31	408110
10685	170856000	35.6	408110
10685	173448000	36.6	408110
10685	176126400	35.7	408110
10685	178804800	33.9	408110
10685	181396800	25	408110
10685	184075200	19	408110
10685	186667200	11.3	408110
10685	189345600	11.3	408110
10685	192024000	12.4	408110
10685	194529600	15.8	408110
10685	197208000	23	408110
10685	199800000	29.1	408110
10685	202478400	34.3	408110
10685	205070400	34.6	408110
10685	207748800	35.1	408110
10685	210427200	32.8	408110
10685	213019200	27.9	408110
10685	215697600	20.7	408110
10685	218289600	16	408110
10685	220968000	10.1	408110
10685	223646400	16.7	408110
10685	226065600	20.7	408110
10685	228744000	24	408110
10685	231336000	31.6	408110
10685	234014400	35.4	408110
10685	236606400	36.2	408110
10685	239284800	36.1	408110
10685	241963200	32.5	408110
10685	244555200	25.8	408110
10685	247233600	19	408110
10685	249825600	15.4	408110
10685	252504000	13.5	408110
10685	255182400	15.5	408110
10685	257601600	19.3	408110
10685	260280000	25.2	408110
10685	262872000	31.1	408110
10685	265550400	33.9	408110
10685	268142400	37	408110
10685	270820800	34.5	408110
10685	273499200	31.8	408110
10685	276091200	26.9	408110
10685	278769600	16.6	408110
10685	281361600	15.6	408110
10685	284040000	14	408110
10685	286718400	16.5	408110
10685	289137600	18.8	408110
10685	291816000	26.4	408110
10685	294408000	30.6	408110
10685	297086400	35.6	408110
10685	299678400	36.8	408110
10685	302356800	36.3	408110
10685	305035200	33.7	408110
10685	307627200	27.1	408110
10685	310305600	20.4	408110
10685	312897600	13	408110
10685	315576000	11.1	408110
10685	318254400	13.7	408110
10685	320760000	19.4	408110
10685	323438400	25.6	408110
10685	326030400	30.4	408110
10685	328708800	35.3	408110
10685	331300800	38	408110
10685	333979200	35.5	408110
10685	336657600	32	408110
10685	339249600	26.4	408110
10685	341928000	20.4	408110
10685	344520000	13.3	408110
10685	347198400	13.3	408110
10685	349876800	14.7	408110
10685	352296000	19.1	408110
10685	354974400	24.9	408110
10685	357566400	30.3	408110
10685	360244800	34	408110
10685	362836800	37.2	408110
10685	365515200	36.6	408110
10685	368193600	33.6	408110
10685	370785600	27.2	408110
10685	373464000	19.7	408110
10685	376056000	15.8	408110
10685	378734400	12.6	408110
10685	381412800	11.7	408110
10685	383832000	16.9	408110
10685	386510400	26.2	408110
10685	389102400	32.5	408110
10685	391780800	35.7	408110
10685	394372800	36.6	408110
10685	397051200	35.3	408110
10685	399729600	34.1	408110
10685	402321600	26.8	408110
10685	4.05e+08	16.9	408110
10685	407592000	11.4	408110
10685	410270400	10.4	408110
10685	412948800	14.1	408110
10685	415368000	17.1	408110
10685	418046400	23.5	408110
10685	420638400	31.7	408110
10685	423316800	35.7	408110
10685	425908800	37.9	408110
10685	428587200	36.4	408110
10685	431265600	32.5	408110
10685	433857600	26.1	408110
10685	436536000	22	408110
10685	439128000	15.3	408110
10685	441806400	13	408110
10685	444484800	16.2	408110
10685	446990400	20.1	408110
10685	449668800	26.3	408110
10685	452260800	29.6	408110
10685	454939200	35.2	408110
10685	457531200	37.9	408110
10685	460209600	34.9	408110
10685	462888000	33.2	408110
10685	465480000	26.5	408110
10685	468158400	20.3	408110
10685	470750400	12.9	408110
10685	473428800	15.1	408110
10685	476107200	14	408110
10685	478526400	18.9	408110
10685	481204800	25.1	408110
10685	483796800	31.3	408110
10685	486475200	35	408110
10685	489067200	37	408110
10685	491745600	36.9	408110
10685	494424000	33	408110
10685	497016000	26.4	408110
10685	499694400	20.6	408110
10685	502286400	13.9	408110
10685	504964800	12.9	408110
10685	507643200	14.6	408110
10685	510062400	17.9	408110
10685	512740800	25.1	408110
10685	515332800	31	408110
10685	518011200	34.1	408110
10685	520603200	38.1	408110
10685	523281600	37.5	408110
10685	525960000	34	408110
10685	528552000	29.3	408110
10685	531230400	18.1	408110
10685	533822400	12.7	408110
10685	536500800	13.3	408110
10685	539179200	16.6	408110
10685	541598400	17.7	408110
10685	544276800	24.5	408110
10685	546868800	33.1	408110
10685	549547200	35.7	408110
10685	552139200	37.9	408110
10685	554817600	37	408110
10685	557496000	33.1	408110
10685	560088000	26.7	408110
10685	562766400	19.9	408110
10685	565358400	14.2	408110
10685	568036800	11.7	408110
10685	570715200	14.9	408110
10685	573220800	18.2	408110
10685	575899200	24.4	408110
10685	578491200	30.9	408110
10685	581169600	34.6	408110
10685	583761600	37.2	408110
10685	586440000	36.3	408110
10685	589118400	33.5	408110
10685	591710400	28.4	408110
10685	594388800	19.4	408110
10685	596980800	14.3	408110
10685	599659200	10.1	408110
10685	602337600	12.8	408110
10685	604756800	19.1	408110
10685	607435200	25.7	408110
10685	610027200	31.4	408110
10685	612705600	35.3	408110
10685	615297600	38.1	408110
10685	617976000	37	408110
10685	620654400	32.7	408110
10685	623246400	27.3	408110
10685	625924800	19.9	408110
10685	628516800	13.1	408110
10685	631195200	10.9	408110
10685	633873600	13.7	408110
10685	636292800	18.9	408110
10685	638971200	24.4	408110
10685	641563200	32.4	408110
10685	644241600	35.7	408110
10685	646833600	38.3	408110
10685	649512000	36.3	408110
10685	652190400	32.7	408110
10685	654782400	27.6	408110
10685	657460800	20.8	408110
10685	660052800	15.5	408110
10685	662731200	12.3	408110
10685	665409600	13.6	408110
10685	667828800	18.3	408110
10685	670507200	25.8	408110
10685	673099200	29.7	408110
10685	675777600	35	408110
10685	678369600	36.9	408110
10685	681048000	36.4	408110
10685	683726400	32.7	408110
10685	686318400	26.9	408110
10685	688996800	20.7	408110
10685	691588800	14.1	408110
10685	694267200	9.9	408110
10685	696945600	12.6	408110
10685	699451200	15.6	408110
10685	702129600	23.2	408110
10685	704721600	29.5	408110
10685	707400000	34.9	408110
10685	709992000	36.5	408110
10685	712670400	36.5	408110
10685	715348800	33.4	408110
10685	717940800	26.4	408110
10685	720619200	19.5	408110
10685	723211200	12.8	408110
10685	725889600	11.6	408110
10685	728568000	14	408110
10685	730987200	18.8	408110
10685	733665600	24.4	408110
10685	736257600	30	408110
10685	738936000	34.9	408110
10685	741528000	37.6	408110
10685	744206400	36.8	408110
10685	746884800	33.4	408110
10685	749476800	27.8	408110
10685	752155200	19.7	408110
10685	754747200	16.4	408110
10685	757425600	15.4	408110
10685	760104000	15.5	408110
10685	762523200	19.8	408110
10685	765201600	27.6	408110
10685	767793600	31.6	408110
10685	770472000	35.4	408110
10685	773064000	36.9	408110
10685	775742400	36.5	408110
10685	778420800	33.6	408110
10685	781012800	28.1	408110
10685	783691200	20.5	408110
10685	786283200	12	408110
10685	788961600	13.3	408110
10685	791640000	16.1	408110
10685	794059200	19.4	408110
10685	796737600	24.9	408110
10685	799329600	31.9	408110
10685	802008000	35.3	408110
10685	804600000	36.8	408110
10685	807278400	36.9	408110
10685	809956800	32.5	408110
10685	812548800	26.7	408110
10685	815227200	19.6	408110
10685	817819200	13.4	408110
10685	820497600	13.8	408110
10685	823176000	16.8	408110
10685	825681600	19	408110
10685	828360000	24.7	408110
10685	830952000	33.2	408110
10685	833630400	35.4	408110
10685	836222400	39.3	408110
10685	838900800	38.1	408110
10685	841579200	33.7	408110
10685	844171200	26.7	408110
10685	846849600	20.7	408110
10685	849441600	17.2	408110
10685	852120000	14.1	408110
10685	854798400	13.3	408110
10685	857217600	16.8	408110
10685	859896000	23.7	408110
10685	862488000	31.6	408110
10685	865166400	36.1	408110
10685	867758400	37.3	408110
10685	870436800	36.3	408110
10685	873115200	33.1	408110
10685	875707200	28.5	408110
10685	878385600	19.9	408110
10685	880977600	14.2	408110
10685	883656000	11.8	408110
10685	886334400	15	408110
10685	888753600	18.8	408110
10685	891432000	25.8	408110
10685	894024000	32.3	408110
10685	896702400	37.5	408110
10685	899294400	38.7	408110
10685	901972800	39.3	408110
10685	904651200	34.9	408110
10685	907243200	27.8	408110
10685	909921600	22.2	408110
10685	912513600	18.2	408110
10685	915192000	14.5	408110
10685	917870400	16.1	408110
10685	920289600	18.9	408110
10685	922968000	26.7	408110
10685	925560000	33	408110
10685	928238400	36.9	408110
10685	930830400	38.2	408110
10685	933508800	39.1	408110
10685	936187200	34.1	408110
10685	938779200	29.1	408110
10685	941457600	20.1	408110
10685	944049600	14.6	408110
10685	946728000	12.6	408110
10685	949406400	14.4	408110
10685	951912000	19.1	408110
10685	954590400	28.9	408110
10685	957182400	33	408110
10685	959860800	36.2	408110
10685	962452800	39.8	408110
10685	965131200	39.3	408110
10685	967809600	33.3	408110
10685	970401600	27.2	408110
10685	973080000	19.2	408110
10685	975672000	13.9	408110
10687	1009886400	11.9	408310
10687	1012564800	15.1	408310
10687	1014984000	20.9	408310
10687	1017662400	25	408310
10687	1020254400	32.7	408310
10687	1022932800	35.6	408310
14065	-176212800	35	406370
14065	-173620800	37.2	406370
14065	-170942400	35.4	406370
14065	-168264000	31.8	406370
14065	-165672000	24.5	406370
14065	-162993600	18.1	406370
14065	-160401600	11.3	406370
14065	-157723200	10.4	406370
14065	-155044800	12.9	406370
14065	-152625600	18.1	406370
14065	-149947200	20.9	406370
14065	-147355200	30	406370
14065	-144676800	35.4	406370
14065	-142084800	37.5	406370
14065	-139406400	38.3	406370
14065	-136728000	33	406370
14065	-134136000	24.6	406370
14065	-131457600	17.5	406370
14065	-128865600	13.6	406370
14065	-126187200	14.2	406370
14065	-123508800	14	406370
14065	-121089600	16.3	406370
14065	-118411200	23.5	406370
14065	-115819200	29.7	406370
14065	-113140800	35.2	406370
14065	-110548800	37.2	406370
14065	-107870400	35.5	406370
14065	-105192000	31.7	406370
14065	-102600000	24.3	406370
14065	-99921600	20.1	406370
14065	-97329600	14.1	406370
14065	-94651200	10.2	406370
14068	-810043200	29.7	406890
14068	-807364800	33.8	406890
14068	-804772800	32.6	406890
14068	-802094400	32.3	406890
14068	-799416000	31.3	406890
14068	-796824000	26.7	406890
14068	-794145600	19.6	406890
14068	-791553600	13.1	406890
14068	-788875200	12.2	406890
14068	-786196800	12.7	406890
14068	-783777600	16.7	406890
14068	-781099200	23.4	406890
14068	-778507200	30.3	406890
14068	-775828800	33.3	406890
14068	-773236800	33.8	406890
14068	-770558400	33.1	406890
14068	-767880000	30.6	406890
14068	-765288000	26.5	406890
14068	-762609600	20.8	406890
14068	-760017600	14.1	406890
14068	-757339200	11.5	406890
14068	-754660800	13.4	406890
14068	-752241600	17.6	406890
14068	-749563200	23.5	406890
14068	-746971200	30.1	406890
14068	-744292800	32.3	406890
14068	-741700800	33.6	406890
14068	-739022400	33.5	406890
14068	-736344000	31.1	406890
14068	-733752000	25.8	406890
14068	-731073600	21	406890
14068	-728481600	15.2	406890
14068	-725803200	14.7	406890
14068	-723124800	14.9	406890
14068	-720705600	20.6	406890
14068	-718027200	25.7	406890
14068	-715435200	30.1	406890
14068	-712756800	32.9	406890
14068	-710164800	33.9	406890
14068	-707486400	32.8	406890
14068	-704808000	30.1	406890
14068	-702216000	27.9	406890
14068	-699537600	21.3	406890
14068	-696945600	14.8	406890
14068	-694267200	13.7	406890
14068	-691588800	15.6	406890
14068	-689083200	17.2	406890
14068	-686404800	22.7	406890
14068	-683812800	32.2	406890
14068	-681134400	32	406890
14068	-678542400	33.6	406890
14068	-675864000	33.2	406890
14068	-673185600	29.2	406890
14068	-670593600	22.9	406890
14068	-667915200	18.5	406890
14068	-665323200	13.1	406890
14068	-662644800	12.2	406890
14068	-659966400	12.2	406890
14068	-657547200	18.3	406890
14068	-654868800	22.6	406890
14068	-652276800	30.1	406890
14068	-649598400	32.5	406890
14068	-647006400	32.6	406890
14068	-644328000	33.1	406890
14068	-641649600	28.5	406890
14068	-639057600	25.7	406890
14068	-636379200	20.1	406890
14068	-633787200	14.4	406890
14068	-631108800	9.1	406890
14068	-628430400	11.2	406890
14068	-626011200	18.5	406890
14068	-623332800	25.1	406890
14068	-620740800	29.7	406890
14068	-618062400	33	406890
14068	-615470400	34.1	406890
14068	-612792000	33.6	406890
14068	-610113600	31.9	406890
14068	-607521600	27.7	406890
14068	-604843200	21.1	406890
14068	-602251200	14.7	406890
14068	-599572800	12.9	406890
14068	-596894400	14.6	406890
14068	-594475200	19.4	406890
14068	-591796800	25.3	406890
14068	-589204800	31.1	406890
14068	-586526400	33.5	406890
14068	-583934400	35.7	406890
14068	-581256000	34.9	406890
14068	-578577600	33.1	406890
14068	-575985600	26.6	406890
14068	-573307200	19	406890
14068	-570715200	12.8	406890
14068	-568036800	12.3	406890
14068	-565358400	16	406890
14068	-562852800	19.2	406890
14068	-560174400	25	406890
14068	-557582400	30.3	406890
14068	-554904000	32.1	406890
14068	-552312000	33.9	406890
14068	-549633600	34.6	406890
14068	-546955200	32.1	406890
14068	-544363200	25.7	406890
14068	-541684800	17.9	406890
14068	-539092800	15.3	406890
14068	-536414400	13.9	406890
14068	-533736000	14.9	406890
14068	-531316800	16.2	406890
14068	-528638400	24.9	406890
14068	-526046400	29.6	406890
14068	-523368000	32.9	406890
14068	-520776000	34.4	406890
14068	-518097600	33.7	406890
14068	-515419200	30.6	406890
14068	-512827200	26.4	406890
14068	-510148800	18.7	406890
14068	-507556800	10.5	406890
14068	-504878400	12.4	406890
14068	-502200000	15	406890
14068	-499780800	19	406890
14068	-497102400	24	406890
14068	-494510400	30	406890
14068	-491832000	32.9	406890
14068	-489240000	35.2	406890
14068	-486561600	34.8	406890
14068	-483883200	30.8	406890
14068	-481291200	26.3	406890
14068	-478612800	19.6	406890
14068	-476020800	14.4	406890
14068	-473342400	12.5	406890
14068	-470664000	16.1	406890
14068	-468244800	19.5	406890
14068	-465566400	24.9	406890
14068	-462974400	29.6	406890
14068	-460296000	33.6	406890
14068	-457704000	34.2	406890
14068	-455025600	33.2	406890
14068	-452347200	31	406890
14068	-449755200	24.9	406890
14068	-447076800	20.6	406890
14068	-444484800	13.9	406890
14068	-441806400	12.1	406890
14068	-439128000	15.7	406890
14068	-436622400	18.1	406890
14068	-433944000	23.4	406890
14068	-431352000	27.6	406890
14068	-428673600	31.8	406890
14068	-426081600	34.1	406890
14068	-423403200	34.1	406890
14068	-420724800	30.4	406890
14068	-418132800	24.6	406890
14068	-415454400	18	406890
14068	-412862400	12.1	406890
14068	-410184000	10.6	406890
14068	-407505600	14.2	406890
14068	-405086400	19.3	406890
14068	-402408000	22.7	406890
14068	-399816000	27.6	406890
14068	-397137600	32.6	406890
14068	-394545600	34.5	406890
14068	-391867200	33.8	406890
14068	-389188800	30.9	406890
14068	-386596800	27	406890
14068	-383918400	19.3	406890
14068	-381326400	12.9	406890
14068	-378648000	12.8	406890
14068	-375969600	13.6	406890
14068	-373550400	21.2	406890
14068	-370872000	26.1	406890
14068	-368280000	31.1	406890
14068	-365601600	32.7	406890
14068	-363009600	33.7	406890
14068	-360331200	34	406890
14068	-357652800	29.8	406890
14068	-355060800	26.4	406890
14068	-352382400	18	406890
14068	-349790400	14.1	406890
14068	-347112000	12.8	406890
14068	-344433600	11.1	406890
14068	-342014400	18.3	406890
14068	-339336000	26.2	406890
14068	-336744000	29.6	406890
14068	-334065600	32.6	406890
14068	-331473600	33.2	406890
14068	-328795200	32.5	406890
14068	-326116800	28.9	406890
14068	-323524800	26.1	406890
14068	-320846400	18.1	406890
14068	-318254400	12.4	406890
14068	-315576000	14.2	406890
14068	-312897600	16.9	406890
14068	-310392000	18.1	406890
14068	-307713600	25	406890
14068	-305121600	30.6	406890
14068	-302443200	32.7	406890
14068	-299851200	34.5	406890
14068	-297172800	33.2	406890
14068	-294494400	32.9	406890
14068	-291902400	24.2	406890
14068	-289224000	20.2	406890
14068	-286632000	14.4	406890
14068	-283953600	12.9	406890
14068	-281275200	14.9	406890
14068	-278856000	17.1	406890
14068	-276177600	23.3	406890
14068	-273585600	30.1	406890
14068	-270907200	33.4	406890
14068	-268315200	34.2	406890
14068	-265636800	34.7	406890
14068	-262958400	28.7	406890
14068	-260366400	25	406890
14068	-257688000	18.4	406890
14068	-255096000	14.3	406890
14068	-252417600	13.3	406890
14068	-249739200	15.8	406890
14068	-247320000	20.9	406890
14068	-244641600	23.8	406890
14068	-242049600	30.8	406890
14068	-239371200	33.5	406890
14068	-236779200	35	406890
14068	-234100800	35.9	406890
14068	-231422400	31.1	406890
14068	-228830400	27.4	406890
14068	-226152000	19.3	406890
14068	-223560000	15.7	406890
14068	-220881600	15.4	406890
14068	-218203200	18	406890
14068	-215784000	17.9	406890
14068	-213105600	25.2	406890
14068	-210513600	27.1	406890
14068	-207835200	32.7	406890
14068	-205243200	34.4	406890
14068	-202564800	34.2	406890
14068	-199886400	31	406890
14068	-197294400	26.8	406890
14068	-194616000	17.6	406890
14068	-192024000	11.8	406890
14068	-189345600	7.2	406890
14068	-186667200	15.1	406890
14068	-184161600	20.8	406890
14068	-181483200	23.6	406890
14068	-178891200	29.8	406890
14068	-176212800	34	406890
14068	-173620800	34	406890
14068	-170942400	32.5	406890
14068	-168264000	29.5	406890
14068	-165672000	23	406890
14068	-162993600	18.8	406890
14068	-160401600	11.2	406890
14068	-157723200	12.2	406890
14068	-155044800	15	406890
14068	-152625600	19.6	406890
14068	-149947200	22.7	406890
14068	-147355200	30.4	406890
14068	-144676800	33.4	406890
14068	-142084800	34.2	406890
14068	-139406400	35.3	406890
14068	-136728000	31.4	406890
14068	-134136000	26.8	406890
14068	-131457600	19.2	406890
14068	-128865600	13.8	406890
14068	-126187200	15.3	406890
14068	-123508800	15.9	406890
14068	-121089600	19.2	406890
14068	-118411200	24.7	406890
14068	-115819200	30.5	406890
14068	-113140800	33.1	406890
14068	-110548800	33.8	406890
14068	-107870400	34.1	406890
14068	-105192000	31.7	406890
14068	-102600000	26.1	406890
14068	-99921600	20.5	406890
14068	-97329600	14.9	406890
14068	-94651200	12.5	406890
14068	-91972800	12	406890
14068	-89553600	17.5	406890
14068	-86875200	23	406890
14068	-84283200	29.3	406890
14068	-81604800	31.1	406890
14068	-79012800	33.4	406890
14068	-76334400	32.7	406890
14068	-73656000	30.6	406890
14068	-71064000	26.5	406890
14068	-68385600	19.1	406890
14068	-65793600	12.7	406890
14068	-63115200	12.1	406890
14068	-60436800	13.2	406890
14068	-57931200	19.2	406890
14068	-55252800	23.7	406890
14068	-52660800	30.2	406890
14068	-49982400	32.3	406890
14068	-47390400	34.8	406890
14068	-44712000	32.3	406890
14068	-42033600	30.7	406890
14068	-39441600	26.9	406890
14068	-36763200	21.3	406890
14068	-34171200	15.9	406890
14068	-31492800	14.3	406890
14068	-28814400	14.7	406890
14068	-26395200	22.7	406890
14068	-23716800	23.9	406890
14068	-21124800	29.9	406890
14068	-18446400	33.4	406890
14068	-15854400	33	406890
14068	-13176000	33.3	406890
14068	-10497600	31.2	406890
14068	-7905600	28.1	406890
14068	-5227200	17.6	406890
14068	-2635200	15.5	406890
14068	43200	12.9	406890
14068	2721600	16.6	406890
14068	5140800	20.1	406890
14068	7819200	26.3	406890
14068	10411200	29.7	406890
14068	13089600	32.3	406890
14068	15681600	33.9	406890
14068	18360000	33.4	406890
14068	21038400	30.1	406890
14068	23630400	25.3	406890
14068	26308800	21.4	406890
14068	28900800	12.6	406890
14068	31579200	12.6	406890
14068	34257600	14.6	406890
14068	36676800	19.1	406890
14068	39355200	23.4	406890
14068	41947200	31.5	406890
14068	44625600	31.6	406890
14068	47217600	33.6	406890
14068	49896000	35	406890
14068	52574400	31.7	406890
14068	55166400	25	406890
14068	57844800	19.6	406890
14068	60436800	12.6	406890
14068	63115200	10.2	406890
14068	65793600	12.1	406890
14068	68299200	18.2	406890
14068	70977600	24.5	406890
14068	73569600	27.9	406890
14068	76248000	33.5	406890
14068	78840000	33.1	406890
14068	81518400	34.7	406890
14068	84196800	30.8	406890
14068	86788800	26.6	406890
14068	89467200	18.3	406890
14068	92059200	10.1	406890
14068	94737600	10.8	406890
14068	97416000	16.8	406890
14068	99835200	18.9	406890
14068	102513600	24.8	406890
14068	105105600	30.4	406890
14068	107784000	32	406890
14068	110376000	34.1	406890
14068	113054400	35.3	406890
14068	115732800	31.9	406890
14068	118324800	27.3	406890
14068	121003200	17.4	406890
14068	123595200	12.9	406890
14068	126273600	10.5	406890
14068	128952000	13	406890
14068	131371200	19.3	406890
14068	134049600	23.5	406890
14068	136641600	30.2	406890
14068	139320000	35	406890
14068	141912000	33.9	406890
14068	144590400	33.6	406890
14068	147268800	31.5	406890
14068	149860800	25.7	406890
14068	152539200	20.3	406890
14068	155131200	12.4	406890
14068	157809600	11	406890
14068	160488000	13.9	406890
14068	162907200	18.5	406890
14068	165585600	24.9	406890
14068	168177600	30.5	406890
14068	170856000	34.9	406890
14068	173448000	34.9	406890
14068	176126400	33.7	406890
14068	178804800	32.7	406890
14068	181396800	24.1	406890
14068	184075200	18.9	406890
14068	186667200	12.1	406890
14068	189345600	12.2	406890
14068	192024000	13.2	406890
14068	194529600	16.6	406890
14068	197208000	24	406890
14068	199800000	28.8	406890
14068	202478400	33.2	406890
14068	205070400	33.2	406890
14068	207748800	33.2	406890
14068	210427200	30.7	406890
14068	213019200	27	406890
14068	215697600	19.4	406890
14068	218289600	15.5	406890
14068	220968000	10.1	406890
14068	223646400	16.9	406890
14068	226065600	20.9	406890
14068	228744000	24.6	406890
14068	231336000	31.3	406890
14068	234014400	33.7	406890
14068	236606400	34.5	406890
14068	239284800	34.7	406890
14068	241963200	32	406890
14068	244555200	24.6	406890
14068	247233600	18.2	406890
14068	249825600	15	406890
14068	252504000	13.4	406890
14068	255182400	16	406890
14068	257601600	19.9	406890
14068	260280000	25.2	406890
14068	262872000	29.9	406890
14068	265550400	32	406890
14068	268142400	35	406890
14068	270820800	32	406890
14068	273499200	30.7	406890
14068	276091200	26.5	406890
14068	278769600	15.6	406890
14068	281361600	15.9	406890
14068	284040000	14	406890
14068	286718400	17.4	406890
14068	289137600	19.5	406890
14068	291816000	26	406890
14068	294408000	30.1	406890
14068	297086400	34.1	406890
14068	299678400	34.3	406890
14068	302356800	34.3	406890
14068	305035200	32.8	406890
14068	307627200	27.3	406890
14068	310305600	20.8	406890
14068	312897600	13.2	406890
14068	315576000	12.1	406890
14068	318254400	13.8	406890
14068	320760000	20.2	406890
14068	323438400	26.2	406890
14068	326030400	30.8	406890
14068	328708800	35.3	406890
14068	331300800	37.6	406890
14068	333979200	34.7	406890
14068	336657600	31.7	406890
14068	339249600	26.5	406890
14068	341928000	20.7	406890
14068	344520000	13.7	406890
14077	294408000	20.5	407660
14077	297086400	22.9	407660
14077	299678400	27.4	407660
14077	302356800	27.5	407660
14077	305035200	23.4	407660
14077	307627200	16.5	407660
14077	310305600	10.7	407660
14077	312897600	3.1	407660
14077	315576000	-1.8	407660
14077	318254400	3.4	407660
14077	320760000	8.2	407660
14077	323438400	13.7	407660
14077	326030400	17.7	407660
14077	328708800	23.6	407660
14077	331300800	28.2	407660
14077	333979200	26.3	407660
14077	336657600	21.7	407660
14077	339249600	14.5	407660
14077	341928000	9.4	407660
14077	344520000	4.4	407660
14077	347198400	3.2	407660
14077	349876800	4.9	407660
14077	352296000	8.5	407660
14077	354974400	11.7	407660
14077	357566400	15.4	407660
14077	360244800	22.1	407660
14077	362836800	27.7	407660
14077	365515200	26.5	407660
14077	368193600	22.1	407660
14077	370785600	15.2	407660
14077	373464000	9.2	407660
14077	376056000	6.3	407660
14077	378734400	3.1	407660
14077	381412800	-2.6	407660
14077	383832000	5.5	407660
14077	386510400	14.2	407660
14077	389102400	18.6	407660
14077	391780800	22.5	407660
14077	394372800	25.7	407660
14077	397051200	25.2	407660
14077	399729600	21.7	407660
14077	402321600	15.1	407660
14077	4.05e+08	6.8	407660
14077	407592000	1.2	407660
14077	410270400	0.3	407660
14077	412948800	1.8	407660
14077	415368000	5.1	407660
14077	418046400	11.7	407660
14077	420638400	17.9	407660
14077	423316800	22.7	407660
14077	425908800	26.5	407660
14077	428587200	26.8	407660
14077	431265600	21.5	407660
14077	433857600	15.3	407660
14077	436536000	11.6	407660
14077	439128000	3.5	407660
14077	441806400	3.3	407660
14077	444484800	4.6	407660
14077	446990400	9.6	407660
14077	449668800	13.3	407660
14077	452260800	15.7	407660
14077	454939200	24.5	407660
14077	457531200	28.2	407660
14077	460209600	26	407660
14077	462888000	21.7	407660
14077	465480000	15.5	407660
14077	468158400	9.6	407660
14077	470750400	2.8	407660
14077	473428800	4.8	407660
14077	476107200	2.8	407660
14077	478526400	6.2	407660
14077	481204800	13	407660
14077	483796800	17.3	407660
14077	486475200	22.7	407660
14077	489067200	26.5	407660
14077	491745600	26	407660
14077	494424000	21.6	407660
14077	497016000	14.8	407660
14077	499694400	10.6	407660
14077	502286400	4.3	407660
14077	504964800	3.7	407660
14077	507643200	5	407660
14077	510062400	6.8	407660
14077	512740800	13	407660
14077	515332800	15.6	407660
14077	518011200	20.9	407660
14077	520603200	27.7	407660
14077	523281600	26.7	407660
14077	525960000	22.5	407660
14077	528552000	17.2	407660
14077	531230400	8	407660
14077	533822400	2.7	407660
14077	536500800	4.2	407660
14077	539179200	6.8	407660
14077	541598400	7	407660
14077	544276800	12.3	407660
14077	546868800	19	407660
14077	549547200	23.3	407660
14077	552139200	26.6	407660
14077	554817600	25.8	407660
14077	557496000	22	407660
14077	560088000	15.1	407660
14077	562766400	10.4	407660
14077	565358400	5.3	407660
14077	568036800	2.6	407660
14077	570715200	3.7	407660
14077	573220800	8.4	407660
14077	575899200	12.9	407660
14077	578491200	17.8	407660
14077	581169600	22.5	407660
14077	583761600	26.9	407660
14077	586440000	26.2	407660
14077	589118400	21.3	407660
14077	591710400	16.8	407660
14077	594388800	9.2	407660
14077	596980800	4.6	407660
14077	599659200	-5	407660
14077	602337600	-4.9	407660
14077	604756800	8.2	407660
14077	607435200	14.7	407660
14077	610027200	17.9	407660
14077	612705600	22.7	407660
14077	615297600	28.3	407660
14077	617976000	26.4	407660
14077	620654400	21.3	407660
14077	623246400	17.1	407660
14077	625924800	10.1	407660
14077	628516800	5.2	407660
14077	631195200	-0.7	407660
14077	633873600	2.9	407660
14077	636292800	8.4	407660
14077	638971200	11.6	407660
14077	641563200	18.2	407660
14077	644241600	23.4	407660
14077	646833600	28.3	407660
14077	649512000	26.2	407660
14077	652190400	22.3	407660
14077	654782400	16.1	407660
14077	657460800	11.2	407660
14077	660052800	5.3	407660
14077	662731200	3.7	407660
14077	665409600	3.4	407660
14077	667828800	8.6	407660
14077	670507200	14.5	407660
14077	673099200	17.4	407660
14077	675777600	24.3	407660
14077	678369600	27.5	407660
14077	681048000	27.6	407660
14077	683726400	22.4	407660
14077	686318400	16.3	407660
14077	688996800	10.7	407660
14077	691588800	3.9	407660
14077	694267200	-2.3	407660
14077	696945600	1.1	407660
14077	699451200	3.7	407660
14077	702129600	11.8	407660
14077	704721600	15.9	407660
14077	707400000	21.3	407660
14077	709992000	27	407660
14077	712670400	26.1	407660
14077	715348800	21.3	407660
14077	717940800	15.4	407660
14077	720619200	9.5	407660
14077	723211200	4.2	407660
14077	725889600	1.9	407660
14077	728568000	4.2	407660
14077	730987200	7.3	407660
14077	733665600	12.5	407660
14077	736257600	16.1	407660
14077	738936000	22.1	407660
14077	741528000	27.5	407660
14077	744206400	27	407660
14077	746884800	22.7	407660
14077	749476800	16.2	407660
14077	752155200	9	407660
14077	754747200	6	407660
14077	757425600	5.2	407660
14077	760104000	4.1	407660
14077	762523200	8.6	407660
14077	765201600	14.9	407660
14077	767793600	17.9	407660
14077	770472000	23.5	407660
14077	773064000	28	407660
14077	775742400	26.7	407660
14077	778420800	23	407660
14077	781012800	16.4	407660
14077	783691200	10.4	407660
14077	786283200	2.2	407660
14077	788961600	4.6	407660
14077	791640000	5.8	407660
14077	794059200	8.6	407660
14077	796737600	12.3	407660
14077	799329600	18	407660
14077	802008000	22.8	407660
14077	804600000	27.9	407660
14077	807278400	28	407660
14077	809956800	22.4	407660
14077	812548800	15.7	407660
14077	815227200	9.2	407660
14077	817819200	3.2	407660
14077	820497600	1.4	407660
14077	823176000	7.1	407660
14077	825681600	7.3	407660
14077	828360000	13.1	407660
14077	830952000	19.1	407660
14077	833630400	23.8	407660
14077	836222400	29.1	407660
14077	838900800	27.7	407660
14077	841579200	23	407660
14077	844171200	16.7	407660
14077	846849600	10.4	407660
14077	849441600	8.2	407660
14077	852120000	4.9	407660
14077	854798400	2.3	407660
14077	857217600	6	407660
14077	859896000	12.2	407660
14077	862488000	18	407660
14077	865166400	24.1	407660
14077	867758400	27.4	407660
14077	870436800	27.9	407660
14077	873115200	21.5	407660
14077	875707200	17.1	407660
14077	878385600	9.9	407660
14077	880977600	5	407660
14077	883656000	0.4	407660
14077	886334400	3.6	407660
14077	888753600	7.9	407660
14077	891432000	14.1	407660
14077	894024000	18.4	407660
14077	896702400	25.3	407660
14077	899294400	28.6	407660
14077	901972800	29.3	407660
14077	904651200	23.4	407660
14077	907243200	17.1	407660
14077	909921600	12.6	407660
14077	912513600	9.8	407660
14077	915192000	4.2	407660
14077	917870400	6.3	407660
14077	920289600	9	407660
14077	922968000	14	407660
14077	925560000	20.3	407660
14077	928238400	25.5	407660
14077	930830400	28.5	407660
14077	933508800	29.4	407660
14077	936187200	22.8	407660
14077	938779200	18.4	407660
14077	941457600	9.8	407660
14077	944049600	5.5	407660
14077	946728000	2.6	407660
14077	949406400	3.4	407660
14077	951912000	7.8	407660
14077	954590400	15.4	407660
14077	957182400	19.8	407660
14077	959860800	24.7	407660
14077	962452800	30	407660
14077	965131200	28.5	407660
14077	967809600	22.6	407660
14077	970401600	15.8	407660
14077	973080000	9.2	407660
14077	975672000	5.8	407660
14078	1288612800	8.2	407690
14078	1291204800	4.4	407690
14078	1293883200	-2	407690
14078	1296561600	3.5	407690
14079	1262347200	6.7	407820
14079	1265025600	7.5	407820
14079	1267444800	12.5	407820
14079	1270123200	15.4	407820
14079	1272715200	20.7	407820
14079	1275393600	28.1	407820
14079	1277985600	31.4	407820
14079	1280664000	30.3	407820
14079	1283342400	25.9	407820
14080	757425600	13.8	407950
14080	760104000	12.8	407950
14080	762523200	16.9	407950
14080	765201600	24.5	407950
14080	767793600	29.1	407950
14080	770472000	33.9	407950
14080	773064000	36.1	407950
14080	775742400	35.1	407950
14080	778420800	32.1	407950
14080	781012800	26.4	407950
14080	783691200	18.8	407950
14080	786283200	10.7	407950
14080	788961600	12.1	407950
14080	791640000	13.6	407950
14080	794059200	16.8	407950
14080	796737600	21.8	407950
14080	799329600	30	407950
14080	802008000	34.2	407950
14080	804600000	36.6	407950
14080	807278400	36.3	407950
14080	809956800	31.3	407950
14080	812548800	24.9	407950
14080	815227200	18	407950
14080	817819200	11.9	407950
14080	820497600	12.1	407950
14080	823176000	14.6	407950
14080	825681600	16.8	407950
14080	828360000	22.5	407950
14080	830952000	31.2	407950
14080	833630400	34.3	407950
14080	836222400	38.3	407950
14080	838900800	37.1	407950
14080	841579200	32.5	407950
14080	844171200	25	407950
14080	846849600	19.5	407950
14080	849441600	15.2	407950
14080	852120000	12.5	407950
14080	854798400	11	407950
14080	857217600	13.9	407950
14080	859896000	21.3	407950
14080	862488000	29.4	407950
14080	865166400	34.6	407950
14080	867758400	36.2	407950
14080	870436800	35.3	407950
14080	873115200	31.7	407950
14080	875707200	26.6	407950
14080	878385600	18.6	407950
14080	880977600	13.2	407950
14080	883656000	10.2	407950
14080	886334400	13.1	407950
14080	888753600	15.7	407950
14080	891432000	22.8	407950
14080	894024000	29.7	407950
14080	896702400	36.4	407950
14080	899294400	37.5	407950
14080	901972800	38.1	407950
14080	904651200	33.2	407950
14080	907243200	26.3	407950
14080	909921600	20.4	407950
14080	912513600	16.6	407950
14080	915192000	13.3	407950
14080	917870400	14.4	407950
14080	920289600	16.9	407950
14080	922968000	23.6	407950
14080	925560000	30.7	407950
14080	928238400	35.2	407950
14080	930830400	37.1	407950
14080	933508800	37.8	407950
14080	936187200	32.4	407950
14080	938779200	27.2	407950
14080	941457600	17.8	407950
14080	944049600	14.1	407950
14080	946728000	11.4	407950
14080	949406400	12.7	407950
14080	951912000	16.4	407950
14080	954590400	25.8	407950
14080	957182400	30.5	407950
14080	959860800	34.3	407950
14080	962452800	38	407950
14080	965131200	37.7	407950
14080	967809600	30.6	407950
14080	970401600	24.9	407950
14080	973080000	17.7	407950
14080	975672000	13.6	407950
14084	1028203200	37	408310
14084	1030881600	35.5	408310
14084	1033473600	28.6	408310
14084	1036152000	19	408310
14084	1038744000	14.2	408310
14084	1041422400	13.4	408310
14084	1044100800	16.2	408310
17020	-13176000	33.3	406370
17020	-10497600	29.8	406370
17034	993988800	29.6	407660
17034	996667200	29.6	407660
17036	1049198400	26.4	408310
17036	1051790400	32.6	408310
17036	1054468800	36.6	408310
17036	1057060800	37.4	408310
17036	1059739200	36.9	408310
17036	1062417600	33.2	408310
17036	1065009600	28.4	408310
19670	1001937600	18	407660
19670	1004616000	9.8	407660
19670	1007208000	7	407660
19670	1009886400	2.8	407660
19670	1012564800	5.4	407660
19670	1014984000	10.4	407660
19670	1017662400	12.5	407660
19670	1020254400	18.5	407660
19670	1022932800	25.5	407660
19671	1317470400	15.1	407690
19671	1320148800	5.2	407690
19671	1322740800	2.5	407690
19675	1070280000	14.4	408310
19675	1072958400	14.4	408310
19675	1075636800	15.6	408310
19675	1078142400	21.7	408310
19675	1080820800	24.1	408310
19675	1083412800	31	408310
19675	1086091200	35.6	408310
19675	1088683200	37.3	408310
19675	1091361600	36.4	408310
19675	1094040000	32.3	408310
19675	1096632000	28.3	408310
19675	1099310400	20.5	408310
19675	1101902400	11.1	408310
22000	39355200	18.4	406370
22000	41947200	29.7	406370
22013	1028203200	27.7	407660
22013	1030881600	23.6	407660
22013	1033473600	19.1	407660
22013	1036152000	9.7	407660
22013	1038744000	3.8	407660
22013	1041422400	2.8	407660
22013	1044100800	4.6	407660
22013	1046520000	8	407660
22013	1049198400	9.2	407660
22013	1051790400	19.5	407660
22013	1054468800	25.6	407660
22013	1057060800	29.1	407660
22013	1059739200	29.5	407660
22013	1062417600	23.7	407660
22013	1065009600	19	407660
22014	1328097600	2.4	407690
22014	1330603200	6.8	407690
22014	1333281600	13.6	407690
22017	1114948800	31.4	408310
22017	1117627200	35.6	408310
22017	1120219200	38	408310
22017	1122897600	36.6	408310
24184	47217600	34.5	406370
24184	49896000	34.2	406370
24184	52574400	32.9	406370
24184	55166400	24.3	406370
24184	57844800	16.6	406370
24193	1070280000	4.6	407660
24193	1072958400	4.6	407660
24193	1075636800	5.6	407660
24193	1078142400	11.7	407660
24193	1080820800	12	407660
24193	1083412800	17.4	407660
24193	1086091200	24.6	407660
24193	1088683200	28	407660
24193	1091361600	27.8	407660
24193	1094040000	23.4	407660
24193	1096632000	18.1	407660
24193	1099310400	9.6	407660
24193	1101902400	2.5	407660
24194	1338552000	25.7	407690
24194	1341144000	28.3	407690
24194	1343822400	27.9	407690
24194	1346500800	22.7	407690
24194	1349092800	15.4	407690
24194	1351771200	8.3	407690
26153	63115200	7.9	406370
26153	65793600	10.2	406370
26153	68299200	14.5	406370
26161	1117627200	25	407660
26161	1120219200	29.9	407660
26161	1122897600	29.2	407660
26162	1357041600	2.9	407690
26162	1359720000	6	407690
26162	1362139200	11	407690
26162	1364817600	14.1	407690
26162	1367409600	18.7	407690
26162	1370088000	26.2	407690
26162	1372680000	30.7	407690
26162	1375358400	27.7	407690
26162	1378036800	23.2	407690
26162	1380628800	15.5	407690
26162	1383307200	8.3	407690
26162	1385899200	1.4	407690
26162	1388577600	-2.9	407690
26163	1317470400	17.7	407820
26163	1320148800	8.1	407820
26163	1322740800	5	407820
27980	1130846400	9.9	407660
27980	1133438400	9.9	407660
27980	1136116800	1.8	407660
27980	1138795200	6.5	407660
27980	1141214400	10.6	407660
27980	1143892800	14.2	407660
27983	1320148800	17.2	408310
27983	1322740800	12.3	408310
27983	1325419200	12.3	408310
29625	1149163200	27.2	407660
29625	1151755200	29.6	407660
29625	1154433600	30.3	407660
29625	1157112000	23.8	407660
29625	1159704000	18	407660
29625	1162382400	9.9	407660
29625	1164974400	1.9	407660
29625	1167652800	0.8	407660
29625	1170331200	5.7	407660
29625	1172750400	7.6	407660
29625	1175428800	13.5	407660
29625	1178020800	20.1	407660
29625	1180699200	26	407660
29626	1341144000	30.7	407820
29626	1343822400	30.4	407820
29626	1346500800	25	407820
31126	1188648000	24.4	407660
31126	1191240000	18.1	407660
31126	1193918400	10	407660
31126	1196510400	4.1	407660
31126	1199188800	-3.4	407660
31126	1201867200	2.8	407660
31126	1204372800	8	407660
31126	1207051200	16.9	407660
31126	1209643200	20.4	407660
31126	1212321600	26.6	407660
31126	1214913600	29.5	407660
31126	1217592000	29.7	407660
31126	1220270400	23.8	407660
31126	1222862400	17.1	407660
31126	1225540800	8.8	407660
31126	1228132800	4.3	407660
31126	1230811200	1.3	407660
31126	1233489600	6.4	407660
31126	1235908800	9.2	407660
31126	1238587200	11.9	407660
32493	113054400	37.3	406370
32493	115732800	32.7	406370
32497	1243857600	25.4	407660
32497	1246449600	28.6	407660
33730	123595200	10.8	406370
33730	126273600	8.6	406370
33730	128952000	8.6	406370
33730	131371200	15.6	406370
33730	134049600	19.2	406370
33736	1251806400	21.7	407660
33736	1254398400	16.2	407660
33736	1257076800	9	407660
33736	1259668800	6.1	407660
33736	1262347200	6.4	407660
33736	1265025600	6.4	407660
33736	1267444800	12.1	407660
33736	1270123200	13.9	407660
33736	1272715200	18.7	407660
33736	1275393600	26.4	407660
33736	1277985600	30.1	407660
33736	1280664000	28.7	407660
33736	1283342400	28.7	407660
33737	1370088000	27	407820
33737	1372680000	36.9	407820
33737	1375358400	28.6	407820
33737	1378036800	24.3	407820
33737	1380628800	24.3	407820
33737	1383307200	10.9	407820
33737	1385899200	4.7	407820
33739	1351771200	20.7	408310
33739	1354363200	15.3	408310
33739	1357041600	13.8	408310
34873	139320000	34.5	406370
34873	141912000	32.2	406370
34880	1288612800	10	407660
34880	1291204800	5.9	407660
34880	1293883200	5.9	407660
34880	1296561600	4.6	407660
34880	1298980800	8.8	407660
34880	1301659200	8.8	407660
35928	152539200	16.7	406370
35928	155131200	8.8	406370
35928	157809600	8.5	406370
35936	1312200000	29.6	407660
35936	1314878400	29.6	407660
36912	165585600	23.6	406370
36912	168177600	24.8	406370
36912	170856000	38	406370
36917	1320148800	7.5	407660
36917	1322740800	2.9	407660
36917	1325419200	2.9	407660
38662	1338552000	26.7	407660
38662	1341144000	29.4	407660
38662	1343822400	29	407660
38662	1346500800	23.8	407660
39431	1396353600	27.3	408310
39431	1398945600	32.8	408310
39431	1401624000	36.3	408310
39431	1404216000	37.6	408310
39431	1406894400	37.1	408310
39431	1409572800	33.8	408310
39431	1412164800	28	408310
39431	1414843200	18.7	408310
39431	1417435200	15.6	408310
39431	1420113600	13.7	408310
39431	1422792000	16.6	408310
39431	1425211200	20.6	408310
39431	1427889600	26.5	408310
39431	1430481600	33.1	408310
42570	1396353600	14.3	407660
42570	1398945600	20.1	407660
42570	1401624000	26	407660
42570	1404216000	29.8	407660
42570	1406894400	29.2	407660
42570	1409572800	23.7	407660
42570	1412164800	16.3	407660
42570	1414843200	8.1	407660
42570	1417435200	5.9	407660
42570	1420113600	4.4	407660
42570	1422792000	6.5	407660
42570	1425211200	9.1	407660
42570	1427889600	15.3	407660
42570	1430481600	21.9	407660
