group	x	y	clickSelects
537	-1301745600	-5.6	245070
537	-1299067200	-30	245070
537	-1296475200	-29.2	245070
537	-1293796800	-41.1	245070
537	-1291118400	-34.7	245070
537	-1288699200	-14.9	245070
537	-1286020800	-6	245070
537	-1283428800	2	245070
537	-1280750400	10	245070
537	-1278158400	14.3	245070
537	-1275480000	12.4	245070
537	-1272801600	3.7	245070
537	-1270209600	-4.5	245070
537	-1267531200	-19.9	245070
537	-1264939200	-38.3	245070
537	-1262260800	-32.1	245070
537	-1259582400	-36.3	245070
537	-1257163200	-17.3	245070
537	-1254484800	-11.2	245070
537	-1251892800	2.1	245070
537	-1249214400	12.6	245070
537	-1246622400	15.4	245070
537	-1243944000	10.4	245070
537	-1241265600	5.2	245070
537	-1238673600	-5.1	245070
537	-1235995200	-17.2	245070
537	-1233403200	-34.5	245070
537	-1230724800	-42.7	245070
537	-1228046400	-31.5	245070
537	-1225627200	-19.3	245070
537	-1222948800	-10.4	245070
537	-1220356800	4.5	245070
537	-1217678400	12.8	245070
537	-1215086400	12.8	245070
537	-1212408000	12.5	245070
537	-1209729600	6.5	245070
537	-1207137600	-2	245070
540	-599572800	-31.5	246060
540	-596894400	-22.3	246060
540	-594475200	-20.5	246060
540	-591796800	-6.7	246060
540	-589204800	4.3	246060
540	-586526400	12.3	246060
540	-583934400	16	246060
540	-581256000	11.8	246060
540	-578577600	7.4	246060
540	-575985600	-4.5	246060
540	-573307200	-22	246060
540	-570715200	-26.7	246060
540	-568036800	-38.5	246060
540	-565358400	-32.5	246060
540	-562852800	-23.6	246060
540	-560174400	-9.7	246060
540	-557582400	2.7	246060
540	-554904000	13.6	246060
540	-552312000	16.4	246060
540	-549633600	13.2	246060
540	-546955200	5.3	246060
540	-544363200	-12.7	246060
540	-541684800	-35.3	246060
540	-539092800	-40.9	246060
540	-536414400	-38.2	246060
540	-533736000	-29.7	246060
540	-531316800	-17.5	246060
540	-528638400	-3.1	246060
540	-526046400	4	246060
540	-523368000	14.1	246060
540	-520776000	18.7	246060
540	-518097600	9.9	246060
540	-515419200	4.5	246060
540	-512827200	-7.3	246060
540	-510148800	-27.7	246060
540	-507556800	-28.7	246060
540	-504878400	-40.2	246060
540	-502200000	-36.7	246060
540	-499780800	-18.6	246060
540	-497102400	-7.7	246060
540	-494510400	2.1	246060
540	-491832000	15.3	246060
540	-489240000	15.4	246060
540	-486561600	14.2	246060
540	-483883200	2.8	246060
540	-481291200	-6.2	246060
540	-478612800	-24.6	246060
540	-476020800	-30.3	246060
540	-473342400	-26	246060
540	-470664000	-37.8	246060
540	-468244800	-25.4	246060
540	-465566400	-8.2	246060
540	-462974400	4.2	246060
540	-460296000	11.9	246060
540	-457704000	16.1	246060
540	-455025600	11.7	246060
540	-452347200	1.8	246060
540	-449755200	-5.9	246060
540	-447076800	-23.7	246060
540	-444484800	-41.7	246060
540	-441806400	-40.3	246060
540	-439128000	-26.9	246060
540	-436622400	-21.8	246060
540	-433944000	-9.7	246060
540	-431352000	1	246060
540	-428673600	13.1	246060
540	-426081600	16.5	246060
540	-423403200	10.3	246060
540	-420724800	4.5	246060
540	-418132800	-7	246060
540	-415454400	-19.9	246060
540	-412862400	-32	246060
540	-410184000	-28.6	246060
540	-407505600	-39.6	246060
540	-405086400	-21.7	246060
540	-402408000	-9.2	246060
540	-399816000	3	246060
540	-397137600	13.4	246060
540	-394545600	16.2	246060
540	-391867200	11.2	246060
540	-389188800	1.8	246060
540	-386596800	-9	246060
540	-383918400	-31.5	246060
540	-381326400	-33.7	246060
540	-378648000	-36.4	246060
540	-375969600	-29.6	246060
540	-373550400	-24.5	246060
540	-370872000	-11.2	246060
540	-368280000	2.9	246060
540	-365601600	12	246060
540	-363009600	16.2	246060
540	-360331200	11.7	246060
540	-357652800	2.9	246060
540	-355060800	-7.9	246060
540	-352382400	-26.2	246060
540	-349790400	-38.2	246060
540	-347112000	-41.3	246060
540	-344433600	-29.4	246060
540	-342014400	-13.1	246060
540	-339336000	-8.3	246060
540	-336744000	0	246060
540	-334065600	15.8	246060
540	-331473600	15	246060
540	-328795200	12.1	246060
540	-326116800	5.6	246060
540	-323524800	-8.8	246060
540	-320846400	-23.8	246060
540	-318254400	-37.3	246060
540	-315576000	-41	246060
540	-312897600	-34	246060
540	-310392000	-26.5	246060
540	-307713600	-6.3	246060
540	-305121600	2.8	246060
540	-302443200	13.5	246060
540	-299851200	15.4	246060
540	-297172800	11.2	246060
540	-294494400	3.9	246060
540	-291902400	-9.1	246060
540	-289224000	-31.5	246060
540	-286632000	-29.5	246060
540	-283953600	-40.1	246060
540	-281275200	-30.1	246060
540	-278856000	-14.3	246060
540	-276177600	-6.7	246060
540	-273585600	3.2	246060
540	-270907200	9.8	246060
540	-268315200	13.8	246060
540	-265636800	10.2	246060
540	-262958400	5.9	246060
540	-260366400	-9.6	246060
540	-257688000	-25.4	246060
540	-255096000	-38.8	246060
540	-252417600	-26.2	246060
540	-249739200	-24.1	246060
540	-247320000	-19.3	246060
540	-244641600	-7.2	246060
540	-242049600	0.6	246060
540	-239371200	12.9	246060
540	-236779200	16.1	246060
540	-234100800	12.5	246060
540	-231422400	4.6	246060
540	-228830400	-7.8	246060
540	-226152000	-30.7	246060
540	-223560000	-35.7	246060
540	-220881600	-34.2	246060
540	-218203200	-24.3	246060
540	-215784000	-16.7	246060
540	-213105600	-10.4	246060
540	-210513600	2.1	246060
540	-207835200	10.4	246060
540	-205243200	16.7	246060
540	-202564800	13.2	246060
540	-199886400	4.6	246060
540	-197294400	-2.3	246060
540	-194616000	-22.9	246060
540	-192024000	-32.5	246060
540	-189345600	-31.6	246060
540	-186667200	-29.2	246060
540	-184161600	-24.1	246060
540	-181483200	-11.6	246060
540	-178891200	2.4	246060
540	-176212800	11.1	246060
540	-173620800	16.9	246060
540	-170942400	13.1	246060
540	-168264000	4.5	246060
540	-165672000	-10	246060
540	-162993600	-26.1	246060
540	-160401600	-36	246060
540	-157723200	-36.4	246060
540	-155044800	-39.1	246060
540	-152625600	-18.3	246060
540	-149947200	-6.8	246060
540	-147355200	3.3	246060
540	-144676800	9.1	246060
540	-142084800	16.4	246060
540	-139406400	13.6	246060
540	-136728000	3.6	246060
540	-134136000	-4.3	246060
540	-131457600	-33.1	246060
540	-128865600	-34.5	246060
540	-126187200	-39.6	246060
540	-123508800	-42.3	246060
540	-121089600	-24.9	246060
540	-118411200	-12.8	246060
540	-115819200	4.1	246060
540	-113140800	11.7	246060
540	-110548800	14.2	246060
540	-107870400	12.2	246060
540	-105192000	6.6	246060
540	-102600000	-9.4	246060
540	-99921600	-32.5	246060
540	-97329600	-31	246060
540	-94651200	-30.4	246060
540	-91972800	-32	246060
540	-89553600	-18.4	246060
540	-86875200	-7	246060
540	-84283200	3.9	246060
540	-81604800	13.4	246060
540	-79012800	17.5	246060
540	-76334400	10.2	246060
540	-73656000	4.4	246060
540	-71064000	-0.6	246060
540	-68385600	-21.3	246060
540	-65793600	-26.4	246060
540	-63115200	-37.2	246060
540	-60436800	-31.9	246060
540	-57931200	-9.4	246060
540	-55252800	-1.6	246060
540	-52660800	2.8	246060
540	-49982400	10.6	246060
540	-47390400	18.2	246060
540	-44712000	10.4	246060
540	-42033600	0.5	246060
540	-39441600	-6.5	246060
540	-36763200	-33.6	246060
540	-34171200	-41.2	246060
540	-31492800	-42.1	246060
540	-28814400	-46.6	246060
540	-26395200	-22.8	246060
540	-23716800	-10.1	246060
540	-21124800	2.1	246060
540	-18446400	11	246060
540	-15854400	18.2	246060
540	-13176000	13.3	246060
540	-10497600	1.7	246060
540	-7905600	-11.8	246060
540	-5227200	-23.8	246060
540	-2635200	-32.3	246060
540	43200	-35.6	246060
540	2721600	-35.4	246060
540	5140800	-21	246060
540	7819200	-6.8	246060
540	10411200	0.6	246060
540	13089600	11.4	246060
540	15681600	18.3	246060
540	18360000	10.7	246060
540	21038400	4.8	246060
540	23630400	-9.1	246060
540	26308800	-23.5	246060
540	28900800	-33.6	246060
540	31579200	-33.1	246060
540	34257600	-38	246060
540	36676800	-21.5	246060
540	39355200	-7.1	246060
540	41947200	3.4	246060
540	44625600	13.7	246060
540	47217600	16.6	246060
540	49896000	13	246060
540	52574400	5.2	246060
540	55166400	-5.3	246060
540	57844800	-17	246060
540	60436800	-32.7	246060
540	63115200	-40.1	246060
540	65793600	-33.5	246060
540	68299200	-20.8	246060
540	70977600	-6.2	246060
540	73569600	1.9	246060
540	76248000	13.5	246060
540	78840000	15.5	246060
540	81518400	12.1	246060
540	84196800	2.4	246060
540	86788800	-8.3	246060
540	89467200	-31.8	246060
540	92059200	-36.7	246060
540	94737600	-31.4	246060
540	97416000	-30.3	246060
540	99835200	-18.2	246060
540	102513600	-10.1	246060
540	105105600	3.8	246060
540	107784000	11.8	246060
540	110376000	15.8	246060
540	113054400	12.2	246060
540	115732800	6.8	246060
540	118324800	-7.3	246060
540	121003200	-25.1	246060
540	123595200	-34	246060
540	126273600	-42.7	246060
540	128952000	-40.5	246060
540	131371200	-19.5	246060
540	134049600	-8	246060
540	136641600	0.6	246060
540	139320000	10.8	246060
540	141912000	13.7	246060
540	144590400	12.8	246060
540	147268800	4.6	246060
540	149860800	-13.8	246060
540	152539200	-32	246060
540	155131200	-38.1	246060
540	157809600	-32.5	246060
540	160488000	-35.4	246060
540	162907200	-14.1	246060
540	165585600	-5.6	246060
540	168177600	4.6	246060
540	170856000	13.6	246060
540	173448000	17.3	246060
540	176126400	11.5	246060
540	178804800	4.6	246060
540	181396800	-4.7	246060
540	184075200	-23.9	246060
540	186667200	-27	246060
540	189345600	-34	246060
540	192024000	-36	246060
540	194529600	-23.5	246060
540	197208000	-5.7	246060
540	199800000	2.4	246060
540	202478400	12.4	246060
540	205070400	15.3	246060
540	207748800	10.7	246060
540	210427200	4.3	246060
540	213019200	-9.8	246060
540	215697600	-24.9	246060
540	218289600	-38.1	246060
540	220968000	-41.7	246060
540	223646400	-38.2	246060
540	226065600	-21.4	246060
540	228744000	-7.8	246060
540	231336000	4.3	246060
540	234014400	11.5	246060
540	236606400	14.4	246060
540	239284800	10.7	246060
540	241963200	4.2	246060
540	244555200	-12	246060
540	247233600	-22.5	246060
540	249825600	-34.2	246060
540	252504000	-39.6	246060
540	255182400	-26.9	246060
540	257601600	-20.4	246060
540	260280000	-4.5	246060
540	262872000	2.9	246060
540	265550400	11.7	246060
540	268142400	16	246060
540	270820800	11.5	246060
540	273499200	3.6	246060
540	276091200	-5.4	246060
540	278769600	-14.5	246060
540	281361600	-35.5	246060
540	284040000	-47.2	246060
540	286718400	-40.1	246060
540	289137600	-21.8	246060
540	291816000	-9.7	246060
540	294408000	1	246060
540	297086400	15.9	246060
540	299678400	16.7	246060
540	302356800	11	246060
540	305035200	3.8	246060
540	307627200	-11.3	246060
540	310305600	-26.5	246060
540	312897600	-28.7	246060
540	315576000	-41.9	246060
540	318254400	-31.9	246060
540	320760000	-23.1	246060
540	323438400	-8.2	246060
540	326030400	0.9	246060
540	328708800	12.7	246060
540	331300800	17.3	246060
540	333979200	14.3	246060
540	336657600	5.2	246060
540	339249600	-6.6	246060
540	341928000	-27.4	246060
540	344520000	-38	246060
540	347198400	-28.9	246060
540	349876800	-31.7	246060
540	352296000	-19.2	246060
540	354974400	-3.9	246060
540	357566400	5	246060
540	360244800	12.3	246060
540	362836800	15.5	246060
540	365515200	10.3	246060
540	368193600	3.3	246060
540	370785600	-9.7	246060
540	373464000	-25.4	246060
540	376056000	-25.9	246060
540	378734400	-38.9	246060
540	381412800	-26	246060
540	383832000	-25	246060
540	386510400	-2.3	246060
540	389102400	4.2	246060
540	391780800	13.4	246060
540	394372800	16.4	246060
556	-946728000	-39.2	248020
556	-944049600	-25.1	248020
556	-941544000	-14.4	248020
556	-938865600	-4.5	248020
556	-936273600	4	248020
556	-933595200	14.4	248020
556	-931003200	14.5	248020
556	-928324800	11.9	248020
556	-925646400	3	248020
556	-923054400	-9.9	248020
556	-920376000	-21	248020
556	-917784000	-31.9	248020
556	-915105600	-35.2	248020
556	-912427200	-34.1	248020
556	-910008000	-23.8	248020
556	-907329600	-8.3	248020
556	-904737600	4.6	248020
556	-902059200	14.4	248020
556	-899467200	14.5	248020
556	-896788800	12.8	248020
556	-894110400	6.1	248020
556	-891518400	-4.5	248020
556	-888840000	-21.2	248020
556	-886248000	-32.2	248020
556	-883569600	-29.2	248020
556	-880891200	-32.9	248020
556	-878472000	-20	248020
556	-875793600	-5.9	248020
556	-873201600	4.6	248020
556	-870523200	14.4	248020
556	-867931200	14.5	248020
556	-865252800	12.8	248020
556	-862574400	4.5	248020
556	-859982400	-8.7	248020
556	-857304000	-23.6	248020
556	-854712000	-23	248020
556	-852033600	-29.3	248020
556	-849355200	-21.5	248020
556	-846936000	-13.3	248020
556	-844257600	-1.1	248020
556	-841665600	6.8	248020
556	-838987200	12.3	248020
556	-836395200	16.9	248020
556	-833716800	12.7	248020
556	-831038400	6.3	248020
556	-828446400	-3.4	248020
556	-825768000	-24.6	248020
556	-823176000	-28.9	248020
559	-1178107200	7.4	249080
559	-1175515200	-0.6	249080
559	-1172836800	-23	249080
559	-1170244800	-18.7	249080
559	-1167566400	-30.8	249080
559	-1164888000	-29.8	249080
559	-1162468800	-16.1	249080
559	-1159790400	-4.4	249080
559	-1157198400	2.6	249080
559	-1154520000	12.7	249080
559	-1151928000	14.9	249080
559	-1149249600	14	249080
559	-1146571200	3.9	249080
559	-1143979200	-3.3	249080
559	-1141300800	-15.8	249080
559	-1138708800	-22.6	249080
6061	-1194004800	-20.6	245070
6061	-1191326400	-4.7	245070
6061	-1188734400	4.6	245070
6061	-1186056000	12.1	245070
6061	-1183464000	17.7	245070
6061	-1180785600	11.6	245070
6061	-1178107200	7.3	245070
6061	-1175515200	-5.2	245070
6061	-1172836800	-33.6	245070
6061	-1170244800	-31	245070
6063	399729600	2.8	246060
6063	402321600	-14.3	246060
6063	4.05e+08	-30.4	246060
6063	407592000	-33	246060
6063	410270400	-33.4	246060
6063	412948800	-32.1	246060
6063	415368000	-15.7	246060
6063	418046400	-10.2	246060
6063	420638400	2.3	246060
6063	423316800	12.6	246060
6063	425908800	14.4	246060
6063	428587200	11.4	246060
6063	431265600	5	246060
6063	433857600	-6.7	246060
6063	436536000	-15.8	246060
6063	439128000	-28.9	246060
6063	441806400	-35.3	246060
6063	444484800	-31.4	246060
6063	446990400	-21	246060
6063	449668800	-13.8	246060
6063	452260800	5.2	246060
6063	454939200	14.5	246060
6063	457531200	17.6	246060
6063	460209600	12.4	246060
6063	462888000	4.6	246060
6063	465480000	-12.2	246060
6063	468158400	-31.9	246060
6063	470750400	-32.4	246060
6063	473428800	-40.6	246060
6063	476107200	-41.2	246060
6063	478526400	-21.6	246060
6063	481204800	-5.8	246060
6063	483796800	3.8	246060
6063	486475200	16.5	246060
6063	489067200	14.8	246060
6063	491745600	10.4	246060
6063	494424000	3.3	246060
6063	497016000	-4.9	246060
6063	499694400	-23.7	246060
6063	502286400	-37.2	246060
6063	504964800	-38.3	246060
6063	507643200	-24.6	246060
6063	510062400	-20	246060
6063	512740800	-7.5	246060
6063	515332800	2.8	246060
6063	518011200	12.5	246060
6063	520603200	18.4	246060
6063	523281600	12.4	246060
6063	525960000	5.1	246060
6063	528552000	-4.9	246060
6063	531230400	-20	246060
6063	533822400	-34.1	246060
6063	536500800	-39.6	246060
6063	539179200	-30.2	246060
6063	541598400	-22.7	246060
6063	544276800	-9.2	246060
6063	546868800	1.9	246060
6063	549547200	8.4	246060
6063	552139200	16.4	246060
6063	554817600	12.1	246060
6063	557496000	3.3	246060
6063	560088000	-7.6	246060
6063	562766400	-34.2	246060
6063	565358400	-33.3	246060
6063	568036800	-34.2	246060
6063	570715200	-36.3	246060
6063	573220800	-19.8	246060
6063	575899200	-8.4	246060
6063	578491200	3.5	246060
6063	581169600	11.1	246060
6063	583761600	15	246060
6063	586440000	12	246060
6063	589118400	7.5	246060
6063	591710400	-5.1	246060
6063	594388800	-19.9	246060
6063	596980800	-27.1	246060
6063	599659200	-35.5	246060
6063	602337600	-20.8	246060
6063	604756800	-14.8	246060
6063	607435200	-9.1	246060
6063	610027200	4.6	246060
6063	612705600	9.1	246060
6063	615297600	14.1	246060
6063	617976000	11.5	246060
6063	620654400	2.4	246060
6063	623246400	-6.5	246060
6063	625924800	-23.1	246060
6063	628516800	-30.3	246060
6063	631195200	-41.4	246060
6063	633873600	-32.2	246060
6063	636292800	-6.7	246060
6063	638971200	-6.4	246060
6063	641563200	6.6	246060
6063	644241600	13.4	246060
6063	646833600	16.4	246060
6063	649512000	12.8	246060
6063	652190400	4	246060
6063	654782400	-4.6	246060
6063	657460800	-24.5	246060
6063	660052800	-29.2	246060
6063	662731200	-35.9	246060
6063	665409600	-35.5	246060
6063	667828800	-22.5	246060
6063	670507200	-6.7	246060
6063	673099200	3.1	246060
6063	675777600	11.6	246060
6063	678369600	18.9	246060
6063	681048000	13.8	246060
6063	683726400	5.9	246060
6063	686318400	-7.7	246060
6063	688996800	-22.2	246060
6063	691588800	-35.2	246060
6063	694267200	-28.9	246060
6063	696945600	-28.3	246060
6063	699451200	-16.2	246060
6063	702129600	-11.8	246060
6063	704721600	5.6	246060
6063	707400000	12.2	246060
6063	709992000	16.4	246060
6063	712670400	13.5	246060
6063	715348800	3	246060
6063	717940800	-3.2	246060
6063	720619200	-28.8	246060
6063	723211200	-31	246060
6063	725889600	-28	246060
6063	728568000	-26	246060
6063	730987200	-10.4	246060
6063	733665600	-8.4	246060
6063	736257600	2.2	246060
6063	738936000	12.9	246060
6063	741528000	18.4	246060
6063	744206400	12.4	246060
6063	746884800	3.7	246060
6063	749476800	-6.7	246060
6063	752155200	-26.2	246060
6063	754747200	-34.2	246060
6063	757425600	-43.7	246060
6063	760104000	-35.4	246060
6063	762523200	-16.9	246060
6063	765201600	-8.7	246060
6063	767793600	3.2	246060
6063	770472000	12.7	246060
6063	773064000	18.6	246060
6063	775742400	11.5	246060
6063	778420800	3.4	246060
6063	781012800	-4.3	246060
6063	783691200	-26	246060
6063	786283200	-35.5	246060
6063	788961600	-29.2	246060
6063	791640000	-26.3	246060
6063	794059200	-20	246060
6063	796737600	-6.7	246060
6063	799329600	1.4	246060
6063	802008000	11.6	246060
6063	804600000	16.3	246060
6063	807278400	14.3	246060
6063	809956800	6	246060
6063	812548800	-4.4	246060
6063	815227200	-21.9	246060
6063	817819200	-28.7	246060
6063	820497600	-38.4	246060
6063	823176000	-28.2	246060
6063	825681600	-16.7	246060
6063	828360000	-7.8	246060
6063	830952000	2.6	246060
6063	833630400	12.9	246060
6063	836222400	17.7	246060
6063	838900800	10.7	246060
6063	841579200	1.9	246060
6063	844171200	-8.8	246060
6063	846849600	-21.6	246060
6063	849441600	-35.8	246060
6063	852120000	-37.2	246060
6073	-757339200	-33.1	248020
6073	-754660800	-26.8	248020
6073	-752241600	-15.5	248020
6073	-749563200	-1.1	248020
6073	-746971200	3.9	248020
6073	-744292800	12.2	248020
6073	-741700800	15.8	248020
6073	-739022400	12.7	248020
6073	-736344000	6.3	248020
6073	-733752000	-4.7	248020
6073	-731073600	-21.2	248020
6073	-728481600	-38.2	248020
6073	-725803200	-39.8	248020
6073	-723124800	-31.3	248020
6073	-720705600	-18.4	248020
6073	-718027200	-1.1	248020
6073	-715435200	3.9	248020
6073	-712756800	12.2	248020
6073	-710164800	15.8	248020
6073	-707486400	12.7	248020
6073	-704808000	6.3	248020
6073	-702216000	-1.9	248020
6073	-699537600	-29.4	248020
6073	-696945600	-33.9	248020
6073	-694267200	-27.5	248020
6073	-691588800	-25.9	248020
6073	-689083200	-13.7	248020
6073	-686404800	-1.5	248020
6073	-683812800	4.1	248020
6073	-681134400	11.5	248020
6073	-678542400	18.2	248020
6073	-675864000	12.3	248020
6073	-673185600	4.8	248020
6073	-670593600	-4.2	248020
6073	-667915200	-17.2	248020
6073	-665323200	-28.2	248020
6073	-662644800	-22.5	248020
6073	-659966400	-24.6	248020
6073	-657547200	-18.1	248020
6073	-654868800	-2.4	248020
6073	-652276800	5.4	248020
6073	-649598400	11.2	248020
6073	-647006400	15.3	248020
6073	-644328000	12.1	248020
6073	-641649600	4.3	248020
6073	-639057600	-2.4	248020
6073	-636379200	-25.3	248020
6073	-633787200	-35.5	248020
6073	-631108800	-36.7	248020
6073	-628430400	-24.9	248020
6073	-626011200	-19.1	248020
6073	-623332800	-7.1	248020
6073	-620740800	4.7	248020
6073	-618062400	15	248020
6073	-615470400	15.4	248020
6073	-612792000	14	248020
6073	-610113600	3.2	248020
6073	-607521600	-4.4	248020
6073	-604843200	-25.9	248020
6073	-602251200	-32.3	248020
6073	-599572800	-34.3	248020
6073	-596894400	-33.2	248020
6073	-594475200	-16.8	248020
6073	-591796800	-6.9	248020
6073	-589204800	4.7	248020
6073	-586526400	11	248020
6073	-583934400	13.8	248020
6073	-581256000	9.3	248020
6073	-578577600	5.2	248020
6073	-575985600	-3.7	248020
6073	-573307200	-18.2	248020
6073	-570715200	-22.4	248020
6073	-568036800	-32.6	248020
6073	-565358400	-30.7	248020
6073	-562852800	-21.9	248020
6073	-560174400	-9.9	248020
6073	-557582400	2.4	248020
6073	-554904000	14	248020
6073	-552312000	15.6	248020
6073	-549633600	12.7	248020
6073	-546955200	4.6	248020
6073	-544363200	-11.7	248020
6073	-541684800	-33.2	248020
6073	-539092800	-37.2	248020
6073	-536414400	-32.4	248020
6073	-533736000	-27.2	248020
6073	-531316800	-14.4	248020
6073	-528638400	-1.9	248020
6073	-526046400	3.9	248020
6073	-523368000	14.4	248020
6073	-520776000	18.1	248020
6073	-518097600	10.1	248020
6073	-515419200	5.3	248020
6073	-512827200	-6	248020
6073	-510148800	-26	248020
6073	-507556800	-22.2	248020
6073	-504878400	-32.6	248020
6073	-502200000	-31.5	248020
6073	-499780800	-17.8	248020
6073	-497102400	-6.8	248020
6073	-494510400	2.9	248020
6073	-491832000	15.1	248020
6073	-489240000	15.1	248020
6073	-486561600	14.4	248020
6073	-483883200	3.8	248020
6073	-481291200	-4.6	248020
6073	-478612800	-20.5	248020
6073	-476020800	-30.4	248020
6073	-473342400	-22.8	248020
6073	-470664000	-34.5	248020
6073	-468244800	-23.7	248020
6073	-465566400	-7	248020
6073	-462974400	4.4	248020
6073	-460296000	12.2	248020
6073	-457704000	16	248020
6073	-455025600	11.9	248020
6073	-452347200	2.5	248020
6073	-449755200	-3.7	248020
6073	-447076800	-16.7	248020
6073	-444484800	-36.2	248020
6073	-441806400	-34.2	248020
6073	-439128000	-26.2	248020
6073	-436622400	-19.1	248020
6073	-433944000	-8.1	248020
6073	-431352000	1.7	248020
6073	-428673600	12.6	248020
6073	-426081600	17.1	248020
6073	-423403200	10	248020
6073	-420724800	4.3	248020
6073	-418132800	-5.3	248020
6073	-415454400	-20.9	248020
6073	-412862400	-32.2	248020
6073	-410184000	-24.1	248020
6073	-407505600	-37.5	248020
6073	-405086400	-19.7	248020
6073	-402408000	-6.8	248020
6073	-399816000	2.7	248020
6073	-397137600	13.3	248020
6073	-394545600	15.8	248020
6073	-391867200	11.9	248020
6073	-389188800	3.5	248020
6073	-386596800	-6.7	248020
6073	-383918400	-24.5	248020
6073	-381326400	-25.7	248020
6073	-378648000	-32.6	248020
6073	-375969600	-25.2	248020
6073	-373550400	-21.9	248020
6073	-370872000	-10.4	248020
6073	-368280000	3.9	248020
6073	-365601600	12.9	248020
6073	-363009600	15.7	248020
6073	-360331200	11.8	248020
6073	-357652800	3.4	248020
6073	-355060800	-5.5	248020
6073	-352382400	-17.5	248020
6073	-349790400	-30.1	248020
6073	-347112000	-34.7	248020
6073	-344433600	-24.2	248020
6073	-342014400	-11	248020
6073	-339336000	-6.8	248020
6073	-336744000	0.5	248020
6073	-334065600	15.1	248020
6073	-331473600	14.9	248020
6073	-328795200	12.2	248020
6073	-326116800	6.3	248020
6073	-323524800	-7.1	248020
6073	-320846400	-21.2	248020
6073	-318254400	-32	248020
6073	-315576000	-37.6	248020
6073	-312897600	-27.2	248020
6073	-310392000	-23.3	248020
6073	-307713600	-6.2	248020
6073	-305121600	2.9	248020
6073	-302443200	13.2	248020
6073	-299851200	15	248020
6073	-297172800	11.2	248020
6073	-294494400	4.1	248020
6073	-291902400	-7.3	248020
6073	-289224000	-22.9	248020
6073	-286632000	-24.9	248020
6073	-283953600	-33	248020
6073	-281275200	-24.8	248020
6073	-278856000	-11.7	248020
6073	-276177600	-4.7	248020
6073	-273585600	3.5	248020
6073	-270907200	9.7	248020
6073	-268315200	14.3	248020
6073	-265636800	11	248020
6073	-262958400	5.4	248020
6073	-260366400	-8.6	248020
6073	-257688000	-21.4	248020
6073	-255096000	-34.5	248020
6073	-252417600	-21.2	248020
6073	-249739200	-20.9	248020
6073	-247320000	-17.4	248020
6073	-244641600	-6.2	248020
6073	-242049600	1.8	248020
6073	-239371200	13.7	248020
6073	-236779200	16.5	248020
6073	-234100800	12.8	248020
6073	-231422400	5.3	248020
6073	-228830400	-8	248020
6073	-226152000	-26.2	248020
6073	-223560000	-27.5	248020
6073	-220881600	-27.9	248020
6073	-218203200	-17.6	248020
6073	-215784000	-15.4	248020
6073	-213105600	-8.9	248020
6073	-210513600	2	248020
6073	-207835200	10.6	248020
6073	-205243200	16.8	248020
6073	-202564800	12.4	248020
6073	-199886400	4.7	248020
6073	-197294400	-1.5	248020
6073	-194616000	-19.6	248020
6073	-192024000	-28.1	248020
6073	-189345600	-21.8	248020
6073	-186667200	-28.6	248020
6073	-184161600	-21.3	248020
6073	-181483200	-10.3	248020
6073	-178891200	3.2	248020
6073	-176212800	11.5	248020
6073	-173620800	17.2	248020
6073	-170942400	13	248020
6073	-168264000	4.9	248020
6073	-165672000	-9.4	248020
6073	-162993600	-20.8	248020
6073	-160401600	-33.4	248020
6073	-157723200	-31.6	248020
6073	-155044800	-34.7	248020
6073	-152625600	-15.9	248020
6073	-149947200	-6.5	248020
6073	-147355200	3.6	248020
6073	-144676800	9.6	248020
6073	-142084800	15.4	248020
6073	-139406400	13.2	248020
6073	-136728000	3.6	248020
6073	-134136000	-3.5	248020
6073	-131457600	-29.9	248020
6073	-128865600	-32.4	248020
6073	-126187200	-36.6	248020
6073	-123508800	-38	248020
6073	-121089600	-22.7	248020
6073	-118411200	-13.2	248020
6073	-115819200	3.6	248020
6073	-113140800	11.9	248020
6073	-110548800	14	248020
6073	-107870400	11.6	248020
6073	-105192000	6.5	248020
6073	-102600000	-8.1	248020
6073	-99921600	-28.6	248020
6073	-97329600	-31.3	248020
6073	-94651200	-25	248020
6073	-91972800	-28.5	248020
6073	-89553600	-15.1	248020
6073	-86875200	-6	248020
6073	-84283200	3.9	248020
6073	-81604800	13.5	248020
6073	-79012800	16.9	248020
6073	-76334400	9.4	248020
6073	-73656000	3.9	248020
6073	-71064000	-0.8	248020
6073	-68385600	-22.1	248020
6073	-65793600	-22.8	248020
6073	-63115200	-34.4	248020
6073	-60436800	-28.6	248020
6073	-57931200	-8.1	248020
6073	-55252800	-1.6	248020
6073	-52660800	3.4	248020
6073	-49982400	10.2	248020
6073	-47390400	18	248020
6073	-44712000	9.6	248020
6073	-42033600	-0.2	248020
6073	-39441600	-5.8	248020
6073	-36763200	-29	248020
6073	-34171200	-39.5	248020
6073	-31492800	-39.7	248020
6073	-28814400	-45.1	248020
6073	-26395200	-20.4	248020
6073	-23716800	-8.6	248020
6073	-21124800	1.7	248020
6073	-18446400	11.5	248020
6073	-15854400	17.8	248020
6073	-13176000	12.9	248020
6073	-10497600	1.8	248020
6073	-7905600	-8.6	248020
6073	-5227200	-18.3	248020
6073	-2635200	-30	248020
6073	43200	-30.4	248020
6073	2721600	-29.9	248020
6073	5140800	-21.9	248020
6073	7819200	-4.8	248020
6073	10411200	1.3	248020
6073	13089600	12	248020
6073	15681600	17.4	248020
6073	18360000	10.6	248020
6073	21038400	4	248020
6073	23630400	-8.1	248020
6073	26308800	-19.8	248020
6073	28900800	-28.7	248020
6073	31579200	-25.8	248020
6073	34257600	-38.4	248020
6073	36676800	-21	248020
6073	39355200	-6	248020
6073	41947200	4.2	248020
6073	44625600	14.6	248020
6073	47217600	15.5	248020
6073	49896000	12.1	248020
6073	52574400	4.1	248020
6073	55166400	-3.4	248020
6073	57844800	-14	248020
6073	60436800	-30.2	248020
6073	63115200	-34.1	248020
6073	65793600	-26.4	248020
6073	68299200	-18.7	248020
6073	70977600	-5.2	248020
6073	73569600	1.8	248020
6073	76248000	13.6	248020
6073	78840000	15	248020
6073	81518400	11.9	248020
6073	84196800	2.5	248020
6073	86788800	-8.8	248020
6073	89467200	-28.8	248020
6073	92059200	-31.3	248020
6073	94737600	-25.3	248020
6073	97416000	-28	248020
6073	99835200	-16.7	248020
6073	102513600	-9.4	248020
6073	105105600	3.5	248020
6073	107784000	11.7	248020
6073	110376000	15.1	248020
6073	113054400	11.5	248020
6073	115732800	6.1	248020
6073	118324800	-6.8	248020
6073	121003200	-18.7	248020
6073	123595200	-26.1	248020
6073	126273600	-37.6	248020
6073	128952000	-38.4	248020
6073	131371200	-18.6	248020
6073	134049600	-7.5	248020
6073	136641600	0.6	248020
6073	139320000	11.1	248020
6073	141912000	13.2	248020
6073	144590400	12.7	248020
6073	147268800	4.5	248020
6073	149860800	-12.3	248020
6073	152539200	-26.8	248020
6073	155131200	-31.1	248020
6073	157809600	-29.8	248020
6073	160488000	-30.6	248020
6073	162907200	-11.9	248020
6073	165585600	-5.2	248020
6073	168177600	4.4	248020
6073	170856000	12.9	248020
6073	173448000	16.8	248020
6073	176126400	11	248020
6073	178804800	4.7	248020
6073	181396800	-4.4	248020
6073	184075200	-19.8	248020
6073	186667200	-25.4	248020
6073	189345600	-29.7	248020
6073	192024000	-30.7	248020
6073	194529600	-21.1	248020
6073	197208000	-5.5	248020
6073	199800000	2.6	248020
6073	202478400	12.3	248020
6073	205070400	19.2	248020
6073	207748800	9.9	248020
6073	210427200	4.1	248020
6073	213019200	-10.3	248020
6073	215697600	-21.1	248020
6073	218289600	-34.7	248020
6073	220968000	-39.9	248020
6073	223646400	-37.5	248020
6073	226065600	-18.2	248020
6073	228744000	-7.2	248020
6073	231336000	3.1	248020
6073	234014400	11.4	248020
6073	236606400	13.6	248020
6073	239284800	10.2	248020
6073	241963200	4	248020
6073	244555200	-10.2	248020
6073	247233600	-13.4	248020
6073	249825600	-30.4	248020
6073	252504000	-32.9	248020
6073	255182400	-25.2	248020
6073	257601600	-18.8	248020
6073	260280000	-3.9	248020
6073	262872000	3.5	248020
6073	265550400	11.7	248020
6073	268142400	15.4	248020
6073	270820800	11.1	248020
6073	273499200	3.3	248020
6073	276091200	-4.9	248020
6073	278769600	-11.1	248020
6073	281361600	-29.3	248020
6073	284040000	-42.3	248020
6073	286718400	-33.4	248020
6073	289137600	-19.8	248020
6073	291816000	-9.6	248020
6073	294408000	1.6	248020
6073	297086400	15.6	248020
6073	299678400	15.8	248020
6073	302356800	10	248020
6073	305035200	4.5	248020
6073	307627200	-10.6	248020
6073	310305600	-22.9	248020
6073	312897600	-25.1	248020
6073	315576000	-36.7	248020
6073	318254400	-28.4	248020
6073	320760000	-22.8	248020
6073	323438400	-8.4	248020
6073	326030400	1	248020
6073	328708800	12.8	248020
6073	331300800	15.8	248020
6073	333979200	13.4	248020
6073	336657600	5.3	248020
6073	339249600	-6	248020
6073	341928000	-21.3	248020
6073	344520000	-32	248020
6073	347198400	-25.9	248020
6073	349876800	-28.5	248020
6073	352296000	-17.2	248020
6073	354974400	-3.3	248020
6073	357566400	5.8	248020
6073	360244800	11.4	248020
6073	362836800	14.4	248020
6073	365515200	9.9	248020
6073	368193600	3.6	248020
6073	370785600	-10	248020
6073	373464000	-21.6	248020
6073	376056000	-22.5	248020
6073	378734400	-33.6	248020
6073	381412800	-23.4	248020
6073	383832000	-22.8	248020
6073	386510400	-2.3	248020
6073	389102400	4.1	248020
6073	391780800	13.7	248020
6073	394372800	15.8	248020
6076	-1130932800	-14.5	249080
6076	-1128254400	-2.8	249080
6076	-1125662400	5.3	249080
6076	-1122984000	14.4	249080
6076	-1120392000	16.2	249080
6076	-1117713600	11.9	249080
6076	-1115035200	3.9	249080
6076	-1112443200	-2.8	249080
6076	-1109764800	-17.6	249080
6076	-1107172800	-26.3	249080
6076	-1104494400	-25.9	249080
6076	-1101816000	-16.8	249080
6076	-1099396800	-12.1	249080
6076	-1096718400	-5.6	249080
6076	-1094126400	4.1	249080
6076	-1091448000	13.5	249080
6076	-1088856000	16.3	249080
6076	-1086177600	12	249080
6076	-1083499200	5.7	249080
6076	-1080907200	-9.7	249080
6076	-1078228800	-22.6	249080
6076	-1075636800	-32.1	249080
6076	-1072958400	-33.6	249080
6076	-1070280000	-24.5	249080
6076	-1067774400	-16.4	249080
6076	-1065096000	-4	249080
6076	-1062504000	5.4	249080
6076	-1059825600	10	249080
6076	-1057233600	19.4	249080
6076	-1054555200	12.3	249080
6076	-1051876800	5.7	249080
6076	-1049284800	-3.6	249080
6076	-1046606400	-26.4	249080
6076	-1044014400	-22.4	249080
6076	-1041336000	-23.6	249080
6076	-1038657600	-26.3	249080
6076	-1036238400	-21.4	249080
6076	-1033560000	-5.8	249080
6076	-1030968000	8	249080
6076	-1028289600	14.4	249080
6076	-1025697600	16.3	249080
6076	-1023019200	10.6	249080
6076	-1020340800	4.7	249080
6076	-1017748800	-5	249080
6076	-1015070400	-21	249080
6076	-1012478400	-37	249080
6076	-1009800000	-31.5	249080
6076	-1007121600	-23.1	249080
6076	-1004702400	-10.8	249080
10204	-1164888000	-31.5	245070
10204	-1162468800	-21.3	245070
10204	-1159790400	-7.2	245070
10204	-1157198400	-0.6	245070
10204	-1154520000	9.5	245070
10204	-1151928000	13.6	245070
10204	-1149249600	14	245070
10204	-1146571200	2.3	245070
10204	-1143979200	-7.2	245070
10204	-1141300800	-25.8	245070
10204	-1138708800	-34.4	245070
10204	-1136030400	-36.2	245070
10204	-1133352000	-18.4	245070
10204	-1130932800	-17.9	245070
10204	-1128254400	-6.6	245070
10204	-1125662400	2.4	245070
10204	-1122984000	13.8	245070
10204	-1120392000	16.9	245070
10204	-1117713600	12.3	245070
10204	-1115035200	3.6	245070
10204	-1112443200	-4.4	245070
10204	-1109764800	-21.7	245070
10204	-1107172800	-33.5	245070
10206	862488000	5.3	246060
10206	865166400	11.6	246060
10206	867758400	15.7	246060
10206	870436800	12.1	246060
10206	873115200	5.7	246060
10206	875707200	-4.6	246060
10206	878385600	-24.8	246060
10206	880977600	-34.5	246060
10206	883656000	-39.6	246060
10206	886334400	-26.9	246060
10206	888753600	-15.1	246060
10206	891432000	-6.9	246060
10206	894024000	-0.3	246060
10206	896702400	12.3	246060
10206	899294400	15.7	246060
10206	901972800	15.7	246060
10206	904651200	1.3	246060
10206	907243200	-12.1	246060
10206	909921600	-35.9	246060
10206	912513600	-36.1	246060
10206	915192000	-41.7	246060
10206	917870400	-27.6	246060
10206	920289600	-26.9	246060
10206	922968000	-6.7	246060
10206	925560000	7.3	246060
10206	928238400	10.6	246060
10206	930830400	19	246060
10206	933508800	11.1	246060
10206	936187200	4.2	246060
10206	938779200	-9.3	246060
10217	399729600	2.1	248020
10217	402321600	-14.5	248020
10217	4.05e+08	-25.2	248020
10217	407592000	-23	248020
10217	410270400	-26.1	248020
10217	412948800	-29.4	248020
10217	415368000	-15.1	248020
10217	418046400	-9.9	248020
10217	420638400	1.4	248020
10217	423316800	11.6	248020
10217	425908800	13.3	248020
10217	428587200	11.1	248020
10217	431265600	5	248020
10217	433857600	-4.8	248020
10217	436536000	-12.9	248020
10217	439128000	-23.8	248020
10217	441806400	-30.8	248020
10217	444484800	-27.5	248020
10217	446990400	-19.5	248020
10217	449668800	-12.8	248020
10217	452260800	4.9	248020
10217	454939200	13.8	248020
10217	457531200	16.2	248020
10217	460209600	12.2	248020
10217	462888000	3.6	248020
10217	465480000	-10.6	248020
10217	468158400	-28.5	248020
10217	470750400	-30.5	248020
10217	473428800	-35.8	248020
10217	476107200	-39.6	248020
10217	478526400	-18.5	248020
10217	481204800	-5.4	248020
10217	483796800	3.4	248020
10217	486475200	15.8	248020
10217	489067200	14.3	248020
10217	491745600	10.6	248020
10217	494424000	3.3	248020
10217	497016000	-4.9	248020
10217	499694400	-20.9	248020
10217	502286400	-33.9	248020
10217	504964800	-34.2	248020
10217	507643200	-21	248020
10217	510062400	-16.4	248020
10217	512740800	-6.7	248020
10217	515332800	2.5	248020
10217	518011200	12.8	248020
10217	520603200	18.4	248020
10217	523281600	12.7	248020
10217	525960000	5.3	248020
10217	528552000	-4.9	248020
10217	531230400	-16.3	248020
10217	533822400	-28.8	248020
10217	536500800	-34.3	248020
10217	539179200	-27	248020
10217	541598400	-21.9	248020
10217	544276800	-8.8	248020
10217	546868800	2.1	248020
10217	549547200	8.3	248020
10217	552139200	15.8	248020
10217	554817600	12.3	248020
10217	557496000	3.9	248020
10217	560088000	-7.4	248020
10217	562766400	-30.5	248020
10217	565358400	-29	248020
10217	568036800	-28.8	248020
10217	570715200	-33.2	248020
10217	573220800	-18.9	248020
10217	575899200	-5.3	248020
10217	578491200	3.8	248020
10217	581169600	10.1	248020
10217	583761600	14.7	248020
10217	586440000	12.4	248020
10217	589118400	7.6	248020
10217	591710400	-4.2	248020
10217	594388800	-15.4	248020
10217	596980800	-25.1	248020
10217	599659200	-28.4	248020
10217	602337600	-17.6	248020
10217	604756800	-13.5	248020
10217	607435200	-7.7	248020
10217	610027200	5.3	248020
10217	612705600	9.5	248020
10217	615297600	13.7	248020
10217	617976000	11	248020
10217	620654400	3.2	248020
10217	623246400	-5.1	248020
10217	625924800	-18.5	248020
10217	628516800	-25	248020
10217	631195200	-38.6	248020
10217	633873600	-27.2	248020
10217	636292800	-5.2	248020
10217	638971200	-6.5	248020
10217	641563200	7.5	248020
10217	644241600	12.2	248020
10217	646833600	16.5	248020
10217	649512000	12.9	248020
10217	652190400	4.2	248020
10217	654782400	-2.9	248020
10217	657460800	-19.4	248020
10217	660052800	-26	248020
10217	662731200	-30.4	248020
10217	665409600	-29.7	248020
10217	667828800	-22.5	248020
10217	670507200	-6.5	248020
10217	673099200	3.3	248020
10217	675777600	12.5	248020
10217	678369600	18.4	248020
10217	681048000	13.6	248020
10217	683726400	6.7	248020
10217	686318400	-5.7	248020
10217	688996800	-17.3	248020
10217	691588800	-30.8	248020
10217	694267200	-21.5	248020
10217	696945600	-22.7	248020
10217	699451200	-14.6	248020
10217	702129600	-10.6	248020
10217	704721600	6.8	248020
10217	707400000	11.9	248020
10217	709992000	16.5	248020
10217	712670400	13.6	248020
10217	715348800	2.7	248020
10217	717940800	-2.6	248020
10217	720619200	-26.5	248020
10217	723211200	-25.9	248020
10217	725889600	-22.3	248020
10217	728568000	-20.7	248020
10217	730987200	-8.6	248020
10217	733665600	-5.9	248020
10217	736257600	2.2	248020
10217	738936000	11.9	248020
10217	741528000	18.3	248020
10217	744206400	12.4	248020
10217	746884800	3.8	248020
10217	749476800	-4.6	248020
10217	752155200	-21.1	248020
10217	754747200	-27.4	248020
10217	757425600	-37.2	248020
10217	760104000	-30.4	248020
10217	762523200	-14.7	248020
10217	765201600	-7.6	248020
10217	767793600	3.4	248020
10217	770472000	14.2	248020
10217	773064000	18.8	248020
10217	775742400	12.1	248020
10217	778420800	3.7	248020
10217	781012800	-3.8	248020
10217	783691200	-20.7	248020
10217	786283200	-33	248020
10217	788961600	-23.7	248020
10217	791640000	-21.6	248020
10217	794059200	-16.9	248020
10217	796737600	-5.7	248020
10217	799329600	2	248020
10217	802008000	11.4	248020
10217	804600000	15.7	248020
10217	807278400	14.3	248020
10217	809956800	5.3	248020
10217	812548800	-3.9	248020
10217	815227200	-15.9	248020
10217	817819200	-21.1	248020
10217	820497600	-32	248020
10217	823176000	-25.5	248020
10217	825681600	-15	248020
10217	828360000	-7.1	248020
10217	830952000	3.6	248020
10217	833630400	13.1	248020
10217	836222400	18.6	248020
10217	838900800	10.3	248020
10217	841579200	1.1	248020
10217	844171200	-7.4	248020
10217	846849600	-20.7	248020
10217	849441600	-29.7	248020
10217	852120000	-30.9	248020
10217	854798400	-23	248020
10217	857217600	-15.4	248020
10217	859896000	2.9	248020
10217	862488000	5.8	248020
10217	865166400	11.9	248020
10217	867758400	15.9	248020
10217	870436800	12.5	248020
10217	873115200	5.8	248020
10217	875707200	-3.9	248020
10217	878385600	-22.4	248020
10219	-988804800	5.7	249080
10219	-986212800	-4.8	249080
10219	-983534400	-18.6	249080
10219	-980942400	-33.7	249080
10219	-978264000	-30.5	249080
10219	-975585600	-19.2	249080
10219	-973166400	-13	249080
10219	-970488000	0.8	249080
10219	-967896000	4.6	249080
10219	-965217600	17	249080
10219	-962625600	15.8	249080
10219	-959947200	13.9	249080
10219	-957268800	6.8	249080
10219	-954676800	-5.2	249080
10219	-951998400	-19.8	249080
10219	-949406400	-18.4	249080
10219	-946728000	-38.8	249080
10219	-944049600	-24.5	249080
10219	-941544000	-12.1	249080
10219	-938865600	-1.9	249080
10219	-936273600	5.6	249080
10219	-933595200	15.5	249080
10219	-931003200	15.5	249080
10219	-928324800	13.3	249080
10219	-925646400	4.7	249080
10219	-923054400	-7.2	249080
10219	-920376000	-17.8	249080
10219	-917784000	-28.7	249080
10219	-915105600	-30.9	249080
10219	-912427200	-30.1	249080
10219	-910008000	-18.6	249080
10219	-907329600	-5.8	249080
10219	-904737600	6.8	249080
10219	-902059200	15.5	249080
10219	-899467200	17.9	249080
10219	-896788800	14.1	249080
10219	-894110400	6.7	249080
10219	-891518400	-2.9	249080
10219	-888840000	-19.1	249080
10219	-886248000	-30.5	249080
10219	-883569600	-27.8	249080
10219	-880891200	-30.2	249080
10219	-878472000	-17.7	249080
10219	-875793600	-3.5	249080
10219	-873201600	4.4	249080
10219	-870523200	13.7	249080
10219	-867931200	18.7	249080
10219	-865252800	12	249080
10219	-862574400	5.6	249080
10219	-859982400	-6.3	249080
10219	-857304000	-19.3	249080
10219	-854712000	-21	249080
10219	-852033600	-27.9	249080
10219	-849355200	-20.6	249080
10219	-846936000	-13	249080
10219	-844257600	0.3	249080
10219	-841665600	8.2	249080
10219	-838987200	13.5	249080
10219	-836395200	17.7	249080
10219	-833716800	14.3	249080
10219	-831038400	7.8	249080
10219	-828446400	-2.4	249080
10219	-825768000	-21.9	249080
10219	-823176000	-26.6	249080
10219	-820497600	-25.2	249080
10219	-817819200	-20.5	249080
10219	-815313600	-13.9	249080
10219	-812635200	-1.6	249080
10219	-810043200	4.5	249080
10219	-807364800	12.9	249080
10219	-804772800	17.1	249080
10219	-802094400	13.9	249080
10219	-799416000	7.5	249080
10219	-796824000	-5	249080
10219	-794145600	-25.5	249080
10219	-791553600	-28.4	249080
10219	-788875200	-33.5	249080
10219	-786196800	-26.9	249080
10219	-783777600	-17.3	249080
10219	-781099200	0	249080
10219	-778507200	9.4	249080
10219	-775828800	14.9	249080
10219	-773236800	16.8	249080
10219	-770558400	12	249080
10219	-767880000	7.7	249080
10219	-765288000	-1	249080
10219	-762609600	-16.2	249080
10219	-760017600	-33.6	249080
10219	-757339200	-28.9	249080
10219	-754660800	-22.9	249080
10219	-752241600	-17	249080
10219	-749563200	-2.5	249080
10219	-746971200	5.2	249080
10219	-744292800	12.5	249080
10219	-741700800	18.3	249080
10219	-739022400	14.3	249080
10219	-736344000	1.9	249080
10219	-733752000	-2.6	249080
10219	-731073600	-18.1	249080
10219	-728481600	-36.9	249080
10219	-725803200	-37.4	249080
10219	-723124800	-28.8	249080
10219	-720705600	-16.6	249080
10219	-718027200	-0.4	249080
10219	-715435200	8.2	249080
10219	-712756800	16.5	249080
10219	-710164800	18.2	249080
10219	-707486400	11.9	249080
10219	-704808000	5.3	249080
10219	-702216000	-0.6	249080
10219	-699537600	-27.7	249080
10219	-696945600	-34.9	249080
10219	-694267200	-24.6	249080
10219	-691588800	-23.2	249080
10219	-689083200	-11.9	249080
10219	-686404800	0.5	249080
13686	-1101816000	-21.5	245070
13686	-1099396800	-17.8	245070
13686	-1096718400	-9.4	245070
13686	-1094126400	5.4	245070
13686	-1091448000	13.7	245070
13686	-1088856000	16.1	245070
13686	-1086177600	12.3	245070
13686	-1083499200	4.1	245070
13686	-1080907200	-11.8	245070
13686	-1078228800	-28.5	245070
13686	-1075636800	-33.6	245070
13686	-1072958400	-41.3	245070
13686	-1070280000	-32	245070
13686	-1067774400	-18.5	245070
13686	-1065096000	-4.7	245070
13686	-1062504000	4.5	245070
13686	-1059825600	9.7	245070
13686	-1057233600	18.3	245070
13686	-1054555200	11.7	245070
13686	-1051876800	6.5	245070
13686	-1049284800	-7.5	245070
13686	-1046606400	-33.3	245070
13686	-1044014400	-30	245070
13686	-1041336000	-30.5	245070
13686	-1038657600	-31.1	245070
13686	-1036238400	-23.8	245070
13686	-1033560000	-9.9	245070
13686	-1030968000	5.4	245070
13686	-1028289600	12.4	245070
13686	-1025697600	15	245070
13686	-1023019200	9.3	245070
13686	-1020340800	4.8	245070
13686	-1017748800	-8.6	245070
13686	-1015070400	-23.4	245070
13686	-1012478400	-38.7	245070
13686	-1009800000	-33.7	245070
13686	-1007121600	-32.1	245070
13686	-1004702400	-16.4	245070
13686	-1002024000	-2.1	245070
13686	-999432000	4.4	245070
13686	-996753600	11.9	245070
13686	-994161600	15.4	245070
13686	-991483200	12.9	245070
13686	-988804800	5.2	245070
13686	-986212800	-8.2	245070
13686	-983534400	-23.1	245070
13686	-980942400	-36	245070
13686	-978264000	-38	245070
13686	-975585600	-22.3	245070
13686	-973166400	-17.4	245070
13686	-970488000	-4.1	245070
13686	-967896000	2.4	245070
13686	-965217600	15.9	245070
13686	-962625600	14.7	245070
13686	-959947200	12	245070
13686	-957268800	4.6	245070
13686	-954676800	-7.2	245070
13686	-951998400	-24.2	245070
13686	-949406400	-24.1	245070
13686	-946728000	-42.3	245070
13686	-944049600	-29.3	245070
13686	-941544000	-16.6	245070
13686	-938865600	-5.8	245070
13686	-936273600	3.5	245070
13686	-933595200	13.4	245070
13686	-931003200	14.3	245070
13686	-928324800	12.5	245070
13686	-925646400	4.1	245070
13686	-923054400	-11.8	245070
13686	-920376000	-25.2	245070
13686	-917784000	-38	245070
13686	-915105600	-41.8	245070
13686	-912427200	-38.1	245070
13686	-910008000	-26.5	245070
13686	-907329600	-10.1	245070
13686	-904737600	4.5	245070
13686	-902059200	14.5	245070
13686	-899467200	16.5	245070
13686	-896788800	13.3	245070
13686	-894110400	6.6	245070
13686	-891518400	-4.9	245070
13686	-888840000	-24.2	245070
13686	-886248000	-35.5	245070
13686	-883569600	-33.5	245070
13686	-880891200	-36.5	245070
13686	-878472000	-23.5	245070
13686	-875793600	-7.5	245070
13686	-873201600	4.2	245070
13686	-870523200	12.2	245070
13686	-867931200	17.5	245070
13686	-865252800	11.5	245070
13686	-862574400	5.5	245070
13686	-859982400	-9.7	245070
13686	-857304000	-27.2	245070
13686	-854712000	-26.1	245070
13686	-852033600	-33	245070
13686	-849355200	-25.6	245070
13686	-846936000	-14.3	245070
13686	-844257600	-1	245070
13686	-841665600	5	245070
13686	-838987200	13.2	245070
13686	-836395200	15.7	245070
13686	-833716800	13	245070
13686	-831038400	7.6	245070
13686	-828446400	-3.6	245070
13686	-825768000	-28.9	245070
13686	-823176000	-34.7	245070
13686	-820497600	-27.3	245070
13686	-817819200	-25.5	245070
13686	-815313600	-17	245070
13686	-812635200	-5.8	245070
13686	-810043200	2.7	245070
13686	-807364800	11.6	245070
13686	-804772800	15.6	245070
13686	-802094400	12.4	245070
13686	-799416000	6.3	245070
13686	-796824000	-6.9	245070
13686	-794145600	-25.6	245070
13686	-791553600	-31.3	245070
13686	-788875200	-34.1	245070
13686	-786196800	-28	245070
13686	-783777600	-20.7	245070
13686	-781099200	-2.3	245070
13686	-778507200	7.9	245070
13686	-775828800	15.4	245070
13686	-773236800	16.5	245070
13686	-770558400	12.1	245070
13686	-767880000	7.9	245070
13686	-765288000	-4	245070
13686	-762609600	-26	245070
13686	-760017600	-38.1	245070
13686	-757339200	-39.5	245070
13686	-754660800	-32.2	245070
13686	-752241600	-21.1	245070
13686	-749563200	-6.8	245070
13686	-746971200	2.6	245070
13686	-744292800	11.2	245070
13686	-741700800	17.4	245070
13686	-739022400	13.4	245070
13686	-736344000	1.4	245070
13686	-733752000	-6.1	245070
13686	-731073600	-26.3	245070
13686	-728481600	-40.7	245070
13686	-725803200	-41.6	245070
13686	-723124800	-33.9	245070
13686	-720705600	-19.4	245070
13686	-718027200	-3.7	245070
13686	-715435200	6	245070
13686	-712756800	14.7	245070
13686	-710164800	18.1	245070
13686	-707486400	11.5	245070
13686	-704808000	4.7	245070
13686	-702216000	0	245070
13686	-699537600	-29	245070
13686	-696945600	-35.1	245070
13686	-694267200	-33	245070
13686	-691588800	-28.3	245070
13686	-689083200	-15.3	245070
13686	-686404800	-3.1	245070
13686	-683812800	3.2	245070
13686	-681134400	11.7	245070
13686	-678542400	17.7	245070
13686	-675864000	11.9	245070
13686	-673185600	6.4	245070
13686	-670593600	-4.5	245070
13686	-667915200	-18.6	245070
13686	-665323200	-35.5	245070
13686	-662644800	-31.7	245070
13686	-659966400	-30.2	245070
13686	-657547200	-19.4	245070
13686	-654868800	-4.4	245070
13686	-652276800	4.8	245070
13686	-649598400	10.2	245070
13686	-647006400	15.4	245070
13686	-644328000	12.7	245070
13686	-641649600	5.6	245070
13686	-639057600	-3.7	245070
13686	-636379200	-29.5	245070
13686	-633787200	-33.7	245070
13686	-631108800	-43.1	245070
13686	-628430400	-33.6	245070
13686	-626011200	-20.5	245070
13686	-623332800	-8.2	245070
13686	-620740800	3.9	245070
13686	-618062400	14.2	245070
13686	-615470400	14.9	245070
13686	-612792000	14	245070
13686	-610113600	4.2	245070
13686	-607521600	-6.1	245070
13686	-604843200	-29.6	245070
13686	-602251200	-37.4	245070
13686	-599572800	-39.6	245070
13686	-596894400	-41.9	245070
13686	-594475200	-20.9	245070
13686	-591796800	-7.8	245070
13686	-589204800	4	245070
13686	-586526400	10.1	245070
13686	-583934400	14.9	245070
13686	-581256000	10.2	245070
13686	-578577600	5.2	245070
13686	-575985600	-3.7	245070
13686	-573307200	-22.2	245070
13686	-570715200	-26.5	245070
13686	-568036800	-37.6	245070
13686	-565358400	-33.1	245070
13686	-562852800	-25	245070
13686	-560174400	-10.8	245070
13686	-557582400	2.2	245070
13686	-554904000	13.2	245070
13686	-552312000	15.7	245070
13686	-549633600	12.7	245070
13686	-546955200	6.3	245070
13686	-544363200	-13.2	245070
13686	-541684800	-35.1	245070
13686	-539092800	-41	245070
13686	-536414400	-37.7	245070
13686	-533736000	-29.8	245070
13686	-531316800	-17.9	245070
13686	-528638400	-2.9	245070
13686	-526046400	3.8	245070
13686	-523368000	14.6	245070
13686	-520776000	19.3	245070
13686	-518097600	10.5	245070
13686	-515419200	5.1	245070
13686	-512827200	-6.7	245070
13686	-510148800	-25.5	245070
13686	-507556800	-26.3	245070
13686	-504878400	-39.3	245070
13686	-502200000	-38.1	245070
13686	-499780800	-17.9	245070
13686	-497102400	-7.3	245070
13686	-494510400	2.2	245070
13686	-491832000	15.8	245070
13686	-489240000	16.2	245070
13686	-486561600	15.6	245070
13686	-483883200	3.7	245070
13686	-481291200	-4.3	245070
13686	-478612800	-22.5	245070
13686	-476020800	-30.1	245070
13686	-473342400	-26.3	245070
13686	-470664000	-36.8	245070
13686	-468244800	-24.8	245070
13686	-465566400	-7.4	245070
13686	-462974400	3.9	245070
13686	-460296000	12.4	245070
13686	-457704000	17.3	245070
13686	-455025600	12.4	245070
13686	-452347200	2.6	245070
13686	-449755200	-5.9	245070
13686	-447076800	-24.1	245070
13686	-444484800	-40.7	245070
13686	-441806400	-38.5	245070
13686	-439128000	-27.4	245070
13686	-436622400	-20.7	245070
13686	-433944000	-8.8	245070
13686	-431352000	1.8	245070
13686	-428673600	13	245070
13686	-426081600	18.3	245070
13686	-423403200	10.9	245070
13686	-420724800	5.3	245070
13686	-418132800	-7.4	245070
13686	-415454400	-20.7	245070
13686	-412862400	-33.8	245070
13686	-410184000	-29	245070
13686	-407505600	-38.6	245070
13686	-405086400	-21.2	245070
13686	-402408000	-8.4	245070
13686	-399816000	2.6	245070
13686	-397137600	14.3	245070
13686	-394545600	16.6	245070
13686	-391867200	12.6	245070
13686	-389188800	2.9	245070
13686	-386596800	-8.4	245070
13686	-383918400	-32.2	245070
13686	-381326400	-34.9	245070
13686	-378648000	-36.3	245070
13686	-375969600	-30.5	245070
13686	-373550400	-24	245070
13686	-370872000	-11.5	245070
13686	-368280000	3	245070
13686	-365601600	12.2	245070
13686	-363009600	17.3	245070
13686	-360331200	11.3	245070
13686	-357652800	3.8	245070
13686	-355060800	-7.9	245070
13686	-352382400	-26.9	245070
13686	-349790400	-38.1	245070
13686	-347112000	-40.3	245070
13686	-344433600	-29.9	245070
13686	-342014400	-13.9	245070
13686	-339336000	-8.5	245070
13686	-336744000	0.3	245070
13686	-334065600	15.6	245070
13686	-331473600	15.8	245070
13686	-328795200	13	245070
13686	-326116800	7	245070
13686	-323524800	-8.1	245070
13686	-320846400	-23.8	245070
13686	-318254400	-35.5	245070
13686	-315576000	-41.2	245070
13686	-312897600	-34.7	245070
13686	-310392000	-24.7	245070
13686	-307713600	-6.5	245070
13686	-305121600	3	245070
13686	-302443200	12.9	245070
13686	-299851200	15.9	245070
13686	-297172800	11.4	245070
13686	-294494400	4.8	245070
13686	-291902400	-8.5	245070
13686	-289224000	-30.9	245070
13686	-286632000	-27.6	245070
13686	-283953600	-39.4	245070
13686	-281275200	-31.3	245070
13686	-278856000	-13.5	245070
13686	-276177600	-5.4	245070
13686	-273585600	3	245070
13686	-270907200	10.1	245070
13686	-268315200	14.1	245070
13686	-265636800	10.5	245070
13686	-262958400	6.3	245070
13686	-260366400	-8.9	245070
13686	-257688000	-25.3	245070
13686	-255096000	-39.2	245070
13686	-252417600	-25.8	245070
13686	-249739200	-24.9	245070
13686	-247320000	-18.8	245070
13686	-244641600	-7.4	245070
13686	-242049600	1.2	245070
13686	-239371200	12	245070
13686	-236779200	16.1	245070
13686	-234100800	13	245070
13686	-231422400	5.9	245070
13686	-228830400	-8.3	245070
13686	-226152000	-29.8	245070
13686	-223560000	-34.2	245070
13686	-220881600	-32.5	245070
13686	-218203200	-23.5	245070
13686	-215784000	-16.5	245070
13686	-213105600	-9.7	245070
13686	-210513600	1.9	245070
13686	-207835200	10.6	245070
13686	-205243200	17.1	245070
13686	-202564800	13.7	245070
13686	-199886400	5.2	245070
13686	-197294400	-1.9	245070
13686	-194616000	-22.9	245070
13686	-192024000	-32.5	245070
13686	-189345600	-32.5	245070
13686	-186667200	-29.5	245070
13686	-184161600	-24.4	245070
13686	-181483200	-12	245070
13686	-178891200	1.4	245070
13686	-176212800	10.7	245070
13686	-173620800	17.8	245070
13686	-170942400	13.4	245070
13686	-168264000	6.2	245070
13686	-165672000	-9.5	245070
13686	-162993600	-25.7	245070
13686	-160401600	-34.3	245070
13686	-157723200	-34.8	245070
13686	-155044800	-39.1	245070
13686	-152625600	-17.3	245070
13686	-149947200	-6.9	245070
13686	-147355200	2.8	245070
13686	-144676800	8.6	245070
13686	-142084800	16.6	245070
13686	-139406400	14.1	245070
13686	-136728000	4.1	245070
13686	-134136000	-4.4	245070
13686	-131457600	-32.5	245070
13686	-128865600	-33	245070
13686	-126187200	-38.6	245070
13686	-123508800	-41.9	245070
13686	-121089600	-24.7	245070
13686	-118411200	-12	245070
13686	-115819200	4.7	245070
13686	-113140800	11.9	245070
13686	-110548800	15.1	245070
13686	-107870400	12.6	245070
13686	-105192000	7.1	245070
13686	-102600000	-8.7	245070
13686	-99921600	-32.5	245070
13686	-97329600	-30.8	245070
13686	-94651200	-30.2	245070
13686	-91972800	-31.6	245070
13686	-89553600	-16.4	245070
13686	-86875200	-6.3	245070
13686	-84283200	3	245070
13686	-81604800	13.6	245070
13686	-79012800	19.4	245070
13686	-76334400	10.6	245070
13686	-73656000	5.1	245070
13686	-71064000	0.1	245070
13686	-68385600	-21.5	245070
13686	-65793600	-25.2	245070
13686	-63115200	-36.5	245070
13686	-60436800	-31.4	245070
13686	-57931200	-9	245070
13686	-55252800	-2.1	245070
13686	-52660800	1.7	245070
13686	-49982400	10.2	245070
13686	-47390400	18.6	245070
13686	-44712000	10.9	245070
13686	-42033600	1.5	245070
13686	-39441600	-6	245070
13686	-36763200	-35.5	245070
13686	-34171200	-40.2	245070
13686	-31492800	-43.2	245070
13686	-28814400	-46.2	245070
13686	-26395200	-21.9	245070
13686	-23716800	-9.9	245070
13686	-21124800	2.6	245070
13686	-18446400	10.7	245070
13686	-15854400	19.4	245070
13686	-13176000	13	245070
13686	-10497600	2.6	245070
13686	-7905600	-11.6	245070
13686	-5227200	-21.4	245070
13686	-2635200	-30.9	245070
13686	43200	-35	245070
13686	2721600	-34.3	245070
13686	5140800	-20.8	245070
13686	7819200	-6.7	245070
13686	10411200	0.4	245070
13686	13089600	10.6	245070
13686	15681600	18.2	245070
13686	18360000	10.9	245070
13686	21038400	5.2	245070
13686	23630400	-8.2	245070
13686	26308800	-21.4	245070
13686	28900800	-32.2	245070
13686	31579200	-34.5	245070
13686	34257600	-36.3	245070
13686	36676800	-21.3	245070
13686	39355200	-7.5	245070
13686	41947200	3.2	245070
13686	44625600	12.7	245070
13686	47217600	16.1	245070
13686	49896000	14.6	245070
13686	52574400	5	245070
13686	55166400	-5.8	245070
13686	57844800	-17	245070
13686	60436800	-31.4	245070
13686	63115200	-39.6	245070
13686	65793600	-34	245070
13686	68299200	-21.3	245070
13686	70977600	-6.2	245070
13686	73569600	1.6	245070
13686	76248000	14.4	245070
13686	78840000	15.6	245070
13686	81518400	12.2	245070
13686	84196800	2.3	245070
13686	86788800	-7.8	245070
13686	89467200	-31.4	245070
13686	92059200	-36.7	245070
13686	94737600	-32.6	245070
13686	97416000	-29.7	245070
13686	99835200	-17.7	245070
13686	102513600	-9.6	245070
13686	105105600	3.5	245070
13686	107784000	11.4	245070
13686	110376000	16.2	245070
13686	113054400	13.4	245070
13686	115732800	6.4	245070
13686	118324800	-5.8	245070
13686	121003200	-23.1	245070
13686	123595200	-32.5	245070
13686	126273600	-43.1	245070
13686	128952000	-39.8	245070
13686	131371200	-18.7	245070
13686	134049600	-7.1	245070
13686	136641600	0.3	245070
13686	139320000	9.7	245070
13686	141912000	13.1	245070
13686	144590400	12.5	245070
13686	147268800	5.5	245070
13686	149860800	-13.7	245070
13686	152539200	-32.7	245070
13686	155131200	-34	245070
13686	157809600	-30.7	245070
13686	160488000	-34.4	245070
13686	162907200	-15.5	245070
13686	165585600	-5.4	245070
13686	168177600	4.3	245070
13686	170856000	13.3	245070
13686	173448000	17	245070
13686	176126400	12.1	245070
13686	178804800	5	245070
13686	181396800	-5	245070
13686	184075200	-23.8	245070
13686	186667200	-26.4	245070
13686	189345600	-32.9	245070
13686	192024000	-34.4	245070
13686	194529600	-22.5	245070
13686	197208000	-5.5	245070
13686	199800000	2.4	245070
13686	202478400	13	245070
13686	205070400	16.2	245070
13686	207748800	10.8	245070
13686	210427200	5.1	245070
13686	213019200	-9.2	245070
13686	215697600	-23.5	245070
13686	218289600	-36	245070
13686	220968000	-40.3	245070
13686	223646400	-37.3	245070
13686	226065600	-21.5	245070
13686	228744000	-6.4	245070
13686	231336000	4.3	245070
13686	234014400	12.1	245070
13686	236606400	14.4	245070
13686	239284800	10.8	245070
13686	241963200	4.4	245070
13686	244555200	-12	245070
13686	247233600	-20.3	245070
13686	249825600	-33.3	245070
13686	252504000	-38.8	245070
13686	255182400	-26.3	245070
13686	257601600	-19.7	245070
13686	260280000	-5	245070
13686	262872000	3.1	245070
13686	265550400	11.3	245070
13686	268142400	17.2	245070
13686	270820800	12.1	245070
13686	273499200	4.2	245070
13686	276091200	-3.5	245070
13686	278769600	-13.4	245070
13686	281361600	-33.1	245070
13686	284040000	-45.7	245070
13686	286718400	-40.8	245070
13686	289137600	-21.5	245070
13686	291816000	-8.4	245070
13686	294408000	1	245070
13686	297086400	16.3	245070
13686	299678400	17.9	245070
13686	302356800	11.8	245070
13686	305035200	4.7	245070
13686	307627200	-10.6	245070
13686	310305600	-25.6	245070
13686	312897600	-28.3	245070
13686	315576000	-40.2	245070
13686	318254400	-31.8	245070
13686	320760000	-22.4	245070
13686	323438400	-7.4	245070
13686	326030400	0.9	245070
13686	328708800	12.5	245070
13686	331300800	16.6	245070
13686	333979200	15.2	245070
13686	336657600	6	245070
13686	339249600	-5.3	245070
13686	341928000	-27.4	245070
13686	344520000	-36.4	245070
13686	347198400	-27.3	245070
13686	349876800	-30.6	245070
13686	352296000	-17.6	245070
13686	354974400	-3.6	245070
13686	357566400	3.8	245070
13686	360244800	13.6	245070
13686	362836800	15.8	245070
13686	365515200	11.9	245070
13686	368193600	4.3	245070
13686	370785600	-10.2	245070
13686	373464000	-23.9	245070
13686	376056000	-24.2	245070
13686	378734400	-37.8	245070
13686	381412800	-27	245070
13686	383832000	-24.2	245070
13686	386510400	-2.1	245070
13686	389102400	4	245070
13686	391780800	13.7	245070
13686	394372800	16.5	245070
13686	397051200	13.9	245070
13686	399729600	3.3	245070
13686	402321600	-13.7	245070
13686	4.05e+08	-28.5	245070
13686	407592000	-30	245070
13686	410270400	-31.9	245070
13686	412948800	-31.4	245070
13686	415368000	-15.3	245070
13686	418046400	-9.8	245070
13686	420638400	2.1	245070
13686	423316800	13.1	245070
13686	425908800	15	245070
13686	428587200	12	245070
13686	431265600	5.8	245070
13686	433857600	-5.6	245070
13686	436536000	-15.8	245070
13686	439128000	-27.1	245070
13686	441806400	-33.7	245070
13686	444484800	-31.7	245070
13686	446990400	-20.6	245070
13686	449668800	-14.1	245070
13686	452260800	5.3	245070
13686	454939200	15.3	245070
13686	457531200	18.4	245070
13686	460209600	13.5	245070
13686	462888000	6	245070
13686	465480000	-11.2	245070
13686	468158400	-31.1	245070
13686	470750400	-32.3	245070
13686	473428800	-39.7	245070
13686	476107200	-40.9	245070
13686	478526400	-20.4	245070
13686	481204800	-5.7	245070
13686	483796800	3.6	245070
13686	486475200	16.9	245070
13686	489067200	15.2	245070
13686	491745600	11.1	245070
13686	494424000	4.3	245070
13686	497016000	-4.6	245070
13686	499694400	-22.7	245070
13686	502286400	-36.6	245070
13686	504964800	-37	245070
13686	507643200	-24	245070
13686	510062400	-19.1	245070
13686	512740800	-8.1	245070
13686	515332800	2.7	245070
13686	518011200	12.3	245070
13686	520603200	19.4	245070
13686	523281600	13.3	245070
13686	525960000	5.6	245070
13686	528552000	-3.9	245070
13686	531230400	-19	245070
13686	533822400	-33.6	245070
13686	536500800	-39.3	245070
13686	539179200	-29.7	245070
13686	541598400	-21.8	245070
13686	544276800	-9.7	245070
13686	546868800	2.2	245070
13686	549547200	7.6	245070
13686	552139200	16.2	245070
13686	554817600	12.8	245070
13686	557496000	4.5	245070
13686	560088000	-7.4	245070
13686	562766400	-35	245070
13686	565358400	-33	245070
13686	568036800	-33.5	245070
13686	570715200	-35.4	245070
13686	573220800	-20	245070
13686	575899200	-9.3	245070
13686	578491200	3.3	245070
13686	581169600	10.9	245070
13686	583761600	14.7	245070
13686	586440000	12.4	245070
13686	589118400	7.5	245070
13686	591710400	-5	245070
13686	594388800	-19.3	245070
13686	596980800	-25.3	245070
13686	599659200	-36	245070
13686	602337600	-21.1	245070
13686	604756800	-14.2	245070
13686	607435200	-9.1	245070
13686	610027200	4	245070
13686	612705600	8.8	245070
13686	615297600	14.7	245070
13686	617976000	11.3	245070
13686	620654400	2.6	245070
13686	623246400	-5.9	245070
13686	625924800	-23	245070
13686	628516800	-30.2	245070
13686	631195200	-42.2	245070
13686	633873600	-32	245070
13686	636292800	-7.2	245070
13686	638971200	-6	245070
13686	641563200	5.3	245070
13686	644241600	14.2	245070
13686	646833600	17.6	245070
13686	649512000	12.9	245070
13686	652190400	4.5	245070
13686	654782400	-5.6	245070
13686	657460800	-25.2	245070
13686	660052800	-29.4	245070
13686	662731200	-35.3	245070
13686	665409600	-35.4	245070
13686	667828800	-21.4	245070
13686	670507200	-6.4	245070
13686	673099200	2.8	245070
13686	675777600	11.7	245070
13686	678369600	19	245070
13686	681048000	13	245070
13686	683726400	7	245070
13686	686318400	-6.7	245070
13686	688996800	-20.4	245070
13686	691588800	-34.6	245070
13686	694267200	-28.3	245070
13686	696945600	-26.4	245070
13686	699451200	-16.3	245070
13686	702129600	-10.6	245070
13686	704721600	4.4	245070
13686	707400000	10.5	245070
13686	709992000	16.9	245070
13686	712670400	15.2	245070
13686	715348800	3.7	245070
13686	717940800	-4.6	245070
13686	720619200	-28.3	245070
13686	723211200	-30.1	245070
13686	725889600	-26.4	245070
13686	728568000	-24.6	245070
13686	730987200	-9.9	245070
13686	733665600	-7.6	245070
13686	736257600	1.6	245070
13686	738936000	13	245070
13686	741528000	17.7	245070
13686	744206400	12.6	245070
13686	746884800	3.5	245070
13686	749476800	-5.7	245070
13686	752155200	-24.5	245070
13686	754747200	-33.6	245070
13686	757425600	-42.1	245070
13686	760104000	-35.3	245070
13686	762523200	-15.6	245070
13686	765201600	-7	245070
13686	767793600	3.4	245070
13686	770472000	13.4	245070
13686	773064000	19.9	245070
13686	775742400	13.2	245070
13686	778420800	5	245070
13686	781012800	-4.1	245070
13686	783691200	-24.9	245070
13686	786283200	-35.4	245070
13686	788961600	-26.8	245070
13686	791640000	-24.2	245070
13686	794059200	-17.9	245070
13686	796737600	-4.3	245070
13686	799329600	1.7	245070
13686	802008000	10.4	245070
13686	804600000	16.7	245070
13686	807278400	14.6	245070
13686	809956800	5.5	245070
13686	812548800	-4.2	245070
13686	815227200	-21.3	245070
13686	817819200	-28.8	245070
13686	820497600	-35.5	245070
13686	823176000	-26.9	245070
13686	825681600	-14.6	245070
13686	828360000	-6.7	245070
13686	830952000	1.9	245070
13686	833630400	12.5	245070
13686	836222400	18.1	245070
13686	838900800	10.6	245070
13686	841579200	2.1	245070
13686	844171200	-7.5	245070
13686	846849600	-21.2	245070
13686	849441600	-34.5	245070
13686	852120000	-37.2	245070
13686	854798400	-29.4	245070
13686	857217600	-17.9	245070
13686	859896000	3	245070
13686	862488000	5.3	245070
13686	865166400	11.6	245070
13686	867758400	15.7	245070
13686	870436800	12.4	245070
13686	873115200	6.1	245070
13686	875707200	-3.9	245070
13686	878385600	-24.5	245070
13686	880977600	-34.1	245070
13686	883656000	-39	245070
13686	886334400	-27.1	245070
13686	888753600	-13.9	245070
13686	891432000	-6.4	245070
13686	894024000	1	245070
13686	896702400	11.5	245070
13686	899294400	17.3	245070
13686	901972800	16.2	245070
13686	904651200	1.6	245070
13686	907243200	-11	245070
13686	909921600	-34.9	245070
13686	912513600	-35.1	245070
13686	915192000	-39.8	245070
13686	917870400	-26.1	245070
13686	920289600	-25.6	245070
13686	922968000	-6.3	245070
13686	925560000	7.7	245070
13686	928238400	10.4	245070
13686	930830400	19	245070
13686	933508800	11.2	245070
13686	936187200	4.7	245070
13686	938779200	-7.9	245070
13686	941457600	-20.7	245070
13686	944049600	-28.9	245070
13686	946728000	-39.3	245070
13686	949406400	-32.8	245070
13686	951912000	-18.2	245070
13686	954590400	-6.1	245070
13686	957182400	3.9	245070
13686	959860800	14.5	245070
13686	962452800	14.5	245070
13686	965131200	14.1	245070
13686	967809600	4.5	245070
13686	970401600	-8.7	245070
13686	973080000	-28.9	245070
13686	975672000	-43.6	245070
13686	978350400	-39.8	245070
13686	981028800	-34.1	245070
13686	983448000	-20.6	245070
13686	986126400	-10.2	245070
13686	988718400	4.8	245070
13686	991396800	17.3	245070
13686	993988800	17.6	245070
13686	996667200	15.3	245070
13686	999345600	5	245070
13686	1001937600	-6.1	245070
13686	1004616000	-14.8	245070
13686	1007208000	-30.8	245070
13686	1009886400	-34.8	245070
13686	1012564800	-27	245070
13686	1014984000	-12.2	245070
13686	1017662400	-7.4	245070
13686	1020254400	6.1	245070
13686	1022932800	15.6	245070
13686	1025524800	18.2	245070
13686	1028203200	12.7	245070
13686	1030881600	3	245070
13686	1033473600	-6.5	245070
13686	1036152000	-26.4	245070
13686	1038744000	-39.4	245070
13686	1041422400	-35.1	245070
13686	1044100800	-27.7	245070
13686	1046520000	-15.1	245070
13686	1049198400	-5.6	245070
13686	1051790400	2.9	245070
13686	1054468800	15.3	245070
13686	1057060800	17	245070
13686	1059739200	13.7	245070
13686	1062417600	7.1	245070
13686	1065009600	-6.4	245070
13686	1067688000	-28	245070
13686	1070280000	-24.2	245070
13686	1072958400	-32.9	245070
13686	1075636800	-29.3	245070
13686	1078142400	-19.6	245070
13686	1080820800	-7.3	245070
13686	1083412800	2.2	245070
13686	1086091200	13.7	245070
13686	1088683200	14.4	245070
13686	1091361600	10.5	245070
13686	1094040000	4.7	245070
13686	1096632000	-6	245070
13686	1099310400	-16	245070
13686	1101902400	-39.3	245070
13686	1104580800	-30.2	245070
13686	1107259200	-33.2	245070
13686	1109678400	-15	245070
13686	1112356800	-4.9	245070
13686	1114948800	7.4	245070
13686	1117627200	15.4	245070
13686	1120219200	18.2	245070
13686	1122897600	12.2	245070
13686	1125576000	7.4	245070
13686	1128168000	-6	245070
13686	1130846400	-20.2	245070
13686	1133438400	-34.1	245070
13686	1136116800	-42.7	245070
13686	1138795200	-32.4	245070
13686	1141214400	-19.7	245070
13686	1143892800	-10.2	245070
13686	1146484800	3	245070
13686	1149163200	14.9	245070
13686	1151755200	19.3	245070
13686	1154433600	12.1	245070
13686	1157112000	6.9	245070
13686	1159704000	-10.5	245070
13686	1162382400	-24.5	245070
13686	1164974400	-31.1	245070
13686	1167652800	-24.7	245070
13686	1170331200	-35.2	245070
13686	1172750400	-20.4	245070
13686	1175428800	0.3	245070
13686	1178020800	3.3	245070
13686	1180699200	12.8	245070
13686	1183291200	16.2	245070
13686	1185969600	12.8	245070
13686	1188648000	5.5	245070
13686	1191240000	-4	245070
13686	1193918400	-20.4	245070
13686	1196510400	-28.8	245070
13686	1199188800	-32.7	245070
13686	1201867200	-23.8	245070
13686	1204372800	-13.1	245070
13686	1207051200	-9.8	245070
13686	1209643200	5.7	245070
13686	1212321600	14.5	245070
13686	1214913600	14.6	245070
13686	1217592000	11.9	245070
13686	1220270400	5.6	245070
13686	1222862400	-3.5	245070
13686	1225540800	-24.7	245070
13686	1228132800	-32.2	245070
13686	1230811200	-29.3	245070
13686	1233489600	-36.2	245070
13686	1235908800	-22.2	245070
13686	1238587200	-1.5	245070
13686	1241179200	2.5	245070
13686	1243857600	13.1	245070
13686	1246449600	16.8	245070
13686	1249128000	13.8	245070
13686	1251806400	5.7	245070
13686	1254398400	-6.5	245070
13686	1257076800	-28.5	245070
13686	1259668800	-39.7	245070
13686	1262347200	-35.9	245070
13686	1265025600	-34.4	245070
13686	1267444800	-19.4	245070
13686	1270123200	-6.7	245070
13686	1272715200	4.9	245070
13686	1275393600	12.1	245070
13686	1277985600	16.6	245070
13686	1280664000	11.5	245070
13686	1283342400	3	245070
13686	1285934400	-6.6	245070
13686	1288612800	-21.3	245070
13686	1291204800	-39.8	245070
13686	1293883200	-34.3	245070
13686	1296561600	-30.8	245070
13686	1298980800	-11.4	245070
13686	1301659200	-1.1	245070
13686	1304251200	8.4	245070
13686	1306929600	15.5	245070
13686	1309521600	15.9	245070
13686	1312200000	13	245070
13686	1314878400	6	245070
13686	1317470400	-2.6	245070
13686	1320148800	-25.5	245070
13686	1322740800	-27.8	245070
13686	1325419200	-35.7	245070
13686	1328097600	-24.9	245070
13686	1330603200	-17	245070
13686	1333281600	-4.8	245070
13686	1335873600	4.7	245070
13686	1338552000	14	245070
13686	1341144000	19.5	245070
13686	1343822400	11.7	245070
13686	1346500800	7.7	245070
13686	1349092800	-8.9	245070
13686	1351771200	-28.3	245070
13686	1354363200	-39	245070
13686	1357041600	-36.5	245070
13686	1359720000	-32.2	245070
13686	1362139200	-22	245070
13686	1364817600	-4.7	245070
13686	1367409600	6.8	245070
13686	1370088000	15	245070
13686	1372680000	17.1	245070
13686	1375358400	13.8	245070
13686	1378036800	3.1	245070
13686	1380628800	-5.3	245070
13686	1383307200	-18.3	245070
13686	1385899200	-24.8	245070
13686	1388577600	-44.4	245070
13686	1391256000	-33.5	245070
13686	1393675200	-14.1	245070
13686	1396353600	-0.1	245070
13686	1398945600	5.1	245070
13686	1401624000	14.6	245070
13686	1404216000	18.8	245070
13686	1406894400	12.1	245070
13686	1409572800	3.7	245070
13686	1412164800	-9.3	245070
13686	1414843200	-25.8	245070
13686	1417435200	-26.8	245070
13686	1420113600	-35.1	245070
13686	1422792000	-24.2	245070
13686	1425211200	-14.2	245070
13686	1427889600	-3.4	245070
13686	1430481600	5.7	245070
13688	946728000	-38.7	246060
13688	949406400	-32	246060
13688	951912000	-20.2	246060
13688	954590400	-6.2	246060
13688	957182400	3.5	246060
13688	959860800	14.6	246060
13688	962452800	14.5	246060
13688	965131200	12.6	246060
13688	967809600	3.9	246060
13688	970401600	-9.8	246060
13688	973080000	-28.2	246060
13688	975672000	-44.5	246060
13688	978350400	-39.1	246060
13688	981028800	-36.3	246060
13688	983448000	-22	246060
13688	986126400	-10.4	246060
13688	988718400	4.3	246060
13688	991396800	16.7	246060
13688	993988800	17.6	246060
13688	996667200	14.5	246060
13688	999345600	4.6	246060
13688	1001937600	-6.5	246060
13688	1004616000	-14.6	246060
13688	1007208000	-31.5	246060
13688	1009886400	-35.2	246060
13688	1012564800	-26.4	246060
13688	1014984000	-12.6	246060
13688	1017662400	-6.9	246060
13688	1020254400	6.1	246060
13688	1022932800	14.5	246060
13688	1025524800	18.4	246060
13688	1028203200	12.7	246060
13688	1030881600	3.3	246060
13688	1033473600	-7.1	246060
13688	1036152000	-26.3	246060
13688	1038744000	-39.9	246060
13688	1041422400	-34.5	246060
13688	1044100800	-27.3	246060
13688	1046520000	-14.4	246060
13688	1049198400	-5.4	246060
13688	1051790400	2.3	246060
13688	1054468800	14.4	246060
13688	1057060800	16.9	246060
13688	1059739200	13.4	246060
13688	1062417600	6.9	246060
13688	1065009600	-6.9	246060
13688	1067688000	-26.3	246060
13688	1070280000	-23.7	246060
13688	1072958400	-34.9	246060
13688	1075636800	-31.5	246060
13688	1078142400	-20.7	246060
13688	1080820800	-7.9	246060
13688	1083412800	1.6	246060
13688	1086091200	13.4	246060
13688	1088683200	14.3	246060
13688	1091361600	10.9	246060
13688	1094040000	4.5	246060
13688	1096632000	-6.9	246060
13688	1099310400	-17.6	246060
13688	1101902400	-38.2	246060
13688	1104580800	-31	246060
13688	1107259200	-34	246060
13688	1109678400	-15.7	246060
13688	1112356800	-4.9	246060
13688	1114948800	6.7	246060
13688	1117627200	14.9	246060
13688	1120219200	17	246060
13688	1122897600	11.4	246060
13688	1125576000	7	246060
13688	1128168000	-7.8	246060
13688	1130846400	-26.2	246060
13688	1133438400	-37.6	246060
13688	1136116800	-46.6	246060
13688	1138795200	-35.1	246060
13688	1141214400	-23.5	246060
13688	1143892800	-13.6	246060
13688	1146484800	3	246060
13688	1149163200	14.6	246060
13688	1151755200	17.4	246060
13688	1154433600	11.7	246060
13688	1157112000	6.1	246060
13688	1159704000	-11	246060
13688	1162382400	-24.2	246060
13688	1164974400	-30.9	246060
13688	1167652800	-25.7	246060
13688	1170331200	-35.5	246060
13688	1172750400	-21.5	246060
13688	1175428800	-0.1	246060
13688	1178020800	4.3	246060
13688	1180699200	12.3	246060
13688	1183291200	15.5	246060
13688	1185969600	12.8	246060
13688	1188648000	4.7	246060
13688	1191240000	-4.3	246060
13688	1193918400	-20.8	246060
13688	1196510400	-30.3	246060
13688	1199188800	-35.2	246060
13688	1201867200	-23.8	246060
13688	1204372800	-12.7	246060
13688	1207051200	-10.4	246060
13688	1209643200	4.9	246060
13688	1212321600	14.8	246060
13688	1214913600	14.2	246060
13688	1217592000	11.9	246060
13688	1220270400	5.1	246060
13688	1222862400	-2.9	246060
13688	1225540800	-25.5	246060
13688	1228132800	-33.2	246060
13688	1230811200	-32.4	246060
13688	1233489600	-37.2	246060
13688	1235908800	-23.1	246060
13688	1238587200	-1.3	246060
13688	1241179200	3	246060
13688	1243857600	13.1	246060
13688	1246449600	15.8	246060
13688	1249128000	12.5	246060
13688	1251806400	5.5	246060
13688	1254398400	-7.1	246060
13688	1257076800	-27.6	246060
13688	1259668800	-40.8	246060
13688	1262347200	-36.2	246060
13688	1265025600	-33.8	246060
13688	1267444800	-21	246060
13688	1270123200	-7.9	246060
13688	1272715200	5.1	246060
13688	1275393600	12.4	246060
13688	1277985600	16.2	246060
13688	1280664000	11.8	246060
13688	1283342400	2.7	246060
13688	1285934400	-8.4	246060
13688	1288612800	-20.9	246060
13688	1291204800	-40.9	246060
13688	1293883200	-34.6	246060
13688	1296561600	-31.1	246060
13688	1298980800	-12	246060
13688	1301659200	-0.6	246060
13688	1304251200	7.6	246060
13688	1306929600	14.5	246060
13688	1309521600	16.6	246060
13688	1312200000	12.7	246060
13688	1314878400	5	246060
13688	1317470400	-3.7	246060
13688	1320148800	-24.8	246060
13688	1322740800	-29.3	246060
13688	1325419200	-35.5	246060
13688	1328097600	-25.5	246060
13688	1330603200	-19	246060
13688	1333281600	-5.3	246060
13688	1335873600	4.8	246060
13688	1338552000	13.5	246060
13688	1341144000	18.5	246060
13688	1343822400	10.7	246060
13688	1346500800	6.8	246060
13688	1349092800	-9.4	246060
13688	1351771200	-28.4	246060
13688	1354363200	-38.9	246060
13688	1357041600	-36.8	246060
13688	1359720000	-32.6	246060
13688	1362139200	-22.2	246060
13688	1364817600	-5.5	246060
13688	1367409600	7.7	246060
13688	1370088000	14.7	246060
13688	1372680000	16	246060
13688	1375358400	12.9	246060
13688	1378036800	3.3	246060
13688	1380628800	-5.5	246060
13688	1383307200	-18.1	246060
13688	1385899200	-25.2	246060
13688	1388577600	-43.4	246060
13688	1391256000	-34.7	246060
13688	1393675200	-14.6	246060
13688	1396353600	0	246060
13688	1398945600	5.7	246060
13688	1401624000	14.7	246060
13688	1404216000	18.8	246060
13688	1406894400	11.8	246060
13688	1409572800	3	246060
13688	1412164800	-8.5	246060
13688	1414843200	-25	246060
13688	1417435200	-28.8	246060
13688	1420113600	-34.6	246060
13688	1422792000	-23.7	246060
13688	1425211200	-13.8	246060
13688	1427889600	-5.1	246060
13688	1430481600	5.2	246060
13695	883656000	-37.1	248020
13695	886334400	-23	248020
13695	888753600	-14.9	248020
13695	891432000	-6.6	248020
13695	894024000	1.1	248020
13695	896702400	11.5	248020
13695	899294400	15.4	248020
13695	901972800	14.7	248020
13695	904651200	1	248020
13695	907243200	-10.5	248020
13695	909921600	-32.5	248020
13695	912513600	-28.5	248020
13695	915192000	-37.4	248020
13695	917870400	-22.6	248020
13695	920289600	-26.5	248020
13695	922968000	-5.8	248020
13695	925560000	8.2	248020
13695	928238400	10.3	248020
13695	930830400	18	248020
13695	933508800	10.6	248020
13695	936187200	2.7	248020
13695	938779200	-7.9	248020
13695	941457600	-20	248020
13695	944049600	-25.1	248020
13695	946728000	-34.9	248020
13695	949406400	-28.5	248020
13695	951912000	-16.4	248020
13695	954590400	-4.3	248020
13695	957182400	4.3	248020
13695	959860800	14.5	248020
13695	962452800	13.9	248020
13695	965131200	13.1	248020
13695	967809600	3.7	248020
13695	970401600	-8.2	248020
13695	973080000	-27.5	248020
13695	975672000	-42.4	248020
13695	978350400	-37	248020
13695	981028800	-31.3	248020
13695	983448000	-19	248020
13695	986126400	-8.3	248020
13695	988718400	4.8	248020
13695	991396800	17	248020
13695	993988800	17.2	248020
13695	996667200	14.9	248020
13695	999345600	3.9	248020
13695	1001937600	-5	248020
13695	1004616000	-13.4	248020
13695	1007208000	-30.9	248020
13695	1009886400	-24.8	248020
13695	1012564800	-22.4	248020
13695	1014984000	-11.7	248020
13695	1017662400	-7.3	248020
13695	1020254400	7.2	248020
13695	1022932800	14.1	248020
13695	1025524800	18.3	248020
13695	1028203200	11.9	248020
13695	1030881600	4.4	248020
13695	1033473600	-6.2	248020
13695	1036152000	-22.7	248020
13695	1038744000	-36.5	248020
13695	1041422400	-27.2	248020
13695	1044100800	-21.3	248020
13695	1046520000	-12.7	248020
13695	1049198400	-5	248020
13695	1051790400	3.2	248020
13695	1054468800	14.3	248020
13695	1057060800	16.7	248020
13695	1059739200	12.4	248020
13695	1062417600	5.3	248020
13695	1065009600	-6.3	248020
13695	1067688000	-22.4	248020
13695	1070280000	-21.6	248020
13695	1072958400	-27.8	248020
13695	1075636800	-26.1	248020
13695	1078142400	-17.9	248020
13695	1080820800	-6.4	248020
13695	1083412800	2.3	248020
13695	1086091200	13.6	248020
13695	1088683200	14	248020
13695	1091361600	11	248020
13695	1094040000	4.1	248020
13695	1096632000	-4.9	248020
13695	1099310400	-15.4	248020
13695	1101902400	-35.6	248020
13695	1104580800	-25.7	248020
13695	1107259200	-31.3	248020
13695	1109678400	-13.8	248020
13695	1112356800	-4.9	248020
13695	1114948800	7	248020
13695	1117627200	14	248020
13695	1120219200	16.7	248020
13695	1122897600	11.4	248020
13695	1125576000	5.8	248020
13695	1128168000	-4.4	248020
13695	1130846400	-19.5	248020
13695	1133438400	-32.9	248020
13695	1136116800	-39.5	248020
13695	1138795200	-29.7	248020
13695	1141214400	-19.5	248020
13695	1143892800	-9.6	248020
13695	1146484800	3.3	248020
13695	1149163200	14.1	248020
13695	1151755200	16.8	248020
13695	1154433600	9.7	248020
13695	1157112000	5.7	248020
13695	1159704000	-10.2	248020
13695	1162382400	-24.6	248020
13695	1164974400	-25.3	248020
13695	1167652800	-19.9	248020
13695	1170331200	-32.2	248020
13695	1172750400	-20.7	248020
13695	1175428800	-1.8	248020
13695	1178020800	3.7	248020
13695	1180699200	10.6	248020
13695	1183291200	15.4	248020
13695	1185969600	12.1	248020
13695	1188648000	4	248020
13695	1191240000	-4.9	248020
13695	1193918400	-18.8	248020
13695	1196510400	-23.9	248020
13695	1199188800	-33.4	248020
13695	1201867200	-21	248020
13695	1204372800	-10.6	248020
13695	1207051200	-9.6	248020
13695	1209643200	4.4	248020
13695	1212321600	14	248020
13695	1214913600	13.1	248020
13695	1217592000	10.3	248020
13695	1220270400	3.2	248020
13695	1222862400	-3.2	248020
13695	1225540800	-19.8	248020
13695	1228132800	-30.2	248020
13695	1230811200	-29.1	248020
13695	1233489600	-34.9	248020
13695	1235908800	-21.8	248020
13695	1238587200	-0.8	248020
13695	1241179200	2.8	248020
13695	1243857600	14.1	248020
13695	1246449600	15.5	248020
13695	1249128000	11.6	248020
13695	1251806400	4.4	248020
13695	1254398400	-6.9	248020
13695	1257076800	-29	248020
13695	1259668800	-40.1	248020
13695	1262347200	-34.3	248020
13695	1265025600	-32.9	248020
13695	1267444800	-20.9	248020
13695	1270123200	-8.5	248020
13695	1272715200	3.4	248020
13695	1275393600	11.2	248020
13695	1277985600	15.2	248020
13695	1280664000	10.4	248020
13695	1283342400	1.4	248020
13695	1285934400	-6	248020
13695	1288612800	-18.5	248020
13695	1291204800	-39.5	248020
13695	1293883200	-32.1	248020
13695	1296561600	-28.2	248020
13695	1298980800	-11.6	248020
13695	1301659200	-1.8	248020
13695	1304251200	6.1	248020
13695	1306929600	13.9	248020
13695	1309521600	14.7	248020
13695	1312200000	12.7	248020
13695	1314878400	4.1	248020
13695	1317470400	-2.3	248020
13695	1320148800	-21.9	248020
13695	1322740800	-26.5	248020
13695	1325419200	-34.5	248020
13695	1328097600	-25.9	248020
13695	1330603200	-18.9	248020
13695	1333281600	-5.7	248020
13695	1335873600	4.9	248020
13695	1338552000	12.4	248020
13695	1341144000	17.4	248020
13695	1343822400	9.5	248020
13695	1346500800	7.7	248020
13695	1349092800	-8.3	248020
13695	1351771200	-23.7	248020
13695	1354363200	-37.4	248020
13695	1357041600	-32.5	248020
13695	1359720000	-28.4	248020
13695	1362139200	-21.3	248020
13695	1364817600	-4	248020
13695	1367409600	6.2	248020
13695	1370088000	14.4	248020
13695	1372680000	14.6	248020
13695	1375358400	12.9	248020
13695	1378036800	3	248020
13695	1380628800	-5.2	248020
13698	-681134400	12.1	249080
13698	-678542400	19.4	249080
13698	-675864000	12.5	249080
13698	-673185600	6.9	249080
13698	-670593600	-3.8	249080
13698	-667915200	-17	249080
13698	-665323200	-26.4	249080
13698	-662644800	-21.4	249080
13698	-659966400	-21.1	249080
13698	-657547200	-15.7	249080
13698	-654868800	-0.5	249080
13698	-652276800	6.2	249080
13698	-649598400	13.1	249080
13698	-647006400	16.8	249080
13698	-644328000	13.9	249080
13698	-641649600	6.3	249080
13698	-639057600	-1.3	249080
13698	-636379200	-21.6	249080
13698	-633787200	-36.4	249080
13698	-631108800	-34.9	249080
13698	-628430400	-22.4	249080
13698	-626011200	-15.6	249080
13698	-623332800	-4.3	249080
13698	-620740800	6	249080
13698	-618062400	16.1	249080
13698	-615470400	16.9	249080
13698	-612792000	15.2	249080
13698	-610113600	5	249080
13698	-607521600	-2.8	249080
13698	-604843200	-23.2	249080
13698	-602251200	-29.4	249080
13698	-599572800	-33.4	249080
13698	-596894400	-29.3	249080
13698	-594475200	-14.9	249080
13698	-591796800	-4	249080
13698	-589204800	5.8	249080
13698	-586526400	12.7	249080
13698	-583934400	15.4	249080
13698	-581256000	10.6	249080
13698	-578577600	6.9	249080
13698	-575985600	-2.1	249080
13698	-573307200	-16.1	249080
13698	-570715200	-21.1	249080
13698	-568036800	-29.1	249080
13698	-565358400	-29	249080
13698	-562852800	-19.6	249080
13698	-560174400	-7.3	249080
13698	-557582400	4.4	249080
13698	-554904000	15.2	249080
13698	-552312000	17.2	249080
13698	-549633600	13.7	249080
13698	-546955200	7.1	249080
13698	-544363200	-7.8	249080
13698	-541684800	-29.9	249080
13698	-539092800	-35.1	249080
13698	-536414400	-29.8	249080
13698	-533736000	-26.3	249080
13698	-531316800	-12.2	249080
13698	-528638400	0.1	249080
13698	-526046400	5.8	249080
13698	-523368000	15.6	249080
13698	-520776000	19.6	249080
13698	-518097600	12	249080
13698	-515419200	6.9	249080
13698	-512827200	-3.3	249080
13698	-510148800	-23.2	249080
13698	-507556800	-20.5	249080
13698	-504878400	-29.4	249080
13698	-502200000	-29.4	249080
13698	-499780800	-16.1	249080
13698	-497102400	-4.8	249080
13698	-494510400	4.4	249080
13698	-491832000	16.5	249080
13698	-489240000	16	249080
13698	-486561600	15.5	249080
13698	-483883200	4.9	249080
13698	-481291200	-2.6	249080
13698	-478612800	-19.4	249080
13698	-476020800	-30.2	249080
13698	-473342400	-23.1	249080
13698	-470664000	-30.9	249080
13698	-468244800	-21.2	249080
13698	-465566400	-4.6	249080
13698	-462974400	6.2	249080
13698	-460296000	14.1	249080
13698	-457704000	16.6	249080
13698	-455025600	13.1	249080
13698	-452347200	3.9	249080
13698	-449755200	-1.5	249080
13698	-447076800	-13.6	249080
13698	-444484800	-32	249080
13698	-441806400	-31.2	249080
13698	-439128000	-25.3	249080
13698	-436622400	-16.4	249080
13698	-433944000	-4.4	249080
13698	-431352000	4.4	249080
13698	-428673600	13.6	249080
13698	-426081600	18.4	249080
13698	-423403200	11.6	249080
13698	-420724800	5.6	249080
13698	-418132800	-3.1	249080
13698	-415454400	-20	249080
13698	-412862400	-30.6	249080
13698	-410184000	-23.7	249080
13698	-407505600	-35.5	249080
13698	-405086400	-17.1	249080
13698	-402408000	-4.4	249080
13698	-399816000	4.1	249080
13698	-397137600	14.6	249080
13698	-394545600	16.6	249080
13698	-391867200	13.1	249080
13698	-389188800	5.1	249080
13698	-386596800	-3.8	249080
13698	-383918400	-21.5	249080
13698	-381326400	-22.4	249080
13698	-378648000	-30.8	249080
13698	-375969600	-23.9	249080
13698	-373550400	-18.8	249080
13698	-370872000	-8	249080
13698	-368280000	5.4	249080
13698	-365601600	13.6	249080
13698	-363009600	16.6	249080
13698	-360331200	13	249080
13698	-357652800	3.7	249080
13698	-355060800	-3.4	249080
13698	-352382400	-13.7	249080
13698	-349790400	-27	249080
13698	-347112000	-30.8	249080
13698	-344433600	-22.7	249080
13698	-342014400	-9	249080
13698	-339336000	-4.7	249080
13698	-336744000	2.2	249080
13698	-334065600	16	249080
13698	-331473600	16	249080
13698	-328795200	13.8	249080
13698	-326116800	6.9	249080
13698	-323524800	-5.3	249080
13698	-320846400	-19.7	249080
13698	-318254400	-30.3	249080
13698	-315576000	-35.5	249080
13698	-312897600	-22.8	249080
13698	-310392000	-20.4	249080
13698	-307713600	-4	249080
13698	-305121600	4	249080
13698	-302443200	14.4	249080
13698	-299851200	16.6	249080
13698	-297172800	12.5	249080
13698	-294494400	5.6	249080
13698	-291902400	-5.2	249080
13698	-289224000	-21.2	249080
13698	-286632000	-25.1	249080
13698	-283953600	-30.4	249080
13698	-281275200	-22.4	249080
13698	-278856000	-10.6	249080
13698	-276177600	-2.3	249080
13698	-273585600	4.7	249080
13698	-270907200	10.8	249080
13698	-268315200	15.4	249080
13698	-265636800	11.9	249080
13698	-262958400	6.8	249080
13698	-260366400	-7.6	249080
13698	-257688000	-20.1	249080
13698	-255096000	-33.4	249080
13698	-252417600	-20.8	249080
13698	-249739200	-19.3	249080
13698	-247320000	-15.3	249080
13698	-244641600	-4	249080
13698	-242049600	4.2	249080
13698	-239371200	14.8	249080
13698	-236779200	17.9	249080
13698	-234100800	13.6	249080
13698	-231422400	6.1	249080
13698	-228830400	-7.2	249080
13698	-226152000	-23.2	249080
13698	-223560000	-24.7	249080
13698	-220881600	-27.2	249080
13698	-218203200	-14.8	249080
13698	-215784000	-13.8	249080
13698	-213105600	-5.7	249080
13698	-210513600	3.4	249080
13698	-207835200	11.6	249080
13698	-205243200	17.5	249080
13698	-202564800	13.6	249080
13698	-199886400	5.3	249080
13698	-197294400	-0.8	249080
13698	-194616000	-17.6	249080
13698	-192024000	-26.6	249080
13698	-189345600	-21.8	249080
13698	-186667200	-27.5	249080
13698	-184161600	-18.3	249080
13698	-181483200	-8.5	249080
13698	-178891200	5	249080
13698	-176212800	12.8	249080
13698	-173620800	17.9	249080
13698	-170942400	13.8	249080
13698	-168264000	6.3	249080
13698	-165672000	-7.8	249080
13698	-162993600	-19.3	249080
13698	-160401600	-32.4	249080
13698	-157723200	-30.6	249080
13698	-155044800	-31.7	249080
13698	-152625600	-13.8	249080
13698	-149947200	-3.8	249080
13698	-147355200	5.4	249080
13698	-144676800	11.7	249080
13698	-142084800	16.8	249080
13698	-139406400	14.1	249080
13698	-136728000	4.9	249080
13698	-134136000	-2.5	249080
13698	-131457600	-27.1	249080
13698	-128865600	-31.9	249080
13698	-126187200	-34.3	249080
13698	-123508800	-34	249080
13698	-121089600	-20.3	249080
13698	-118411200	-10.8	249080
13698	-115819200	5.2	249080
13698	-113140800	13.8	249080
13698	-110548800	16.2	249080
13698	-107870400	13.1	249080
13698	-105192000	7.2	249080
13698	-102600000	-5.4	249080
13698	-99921600	-24.6	249080
13698	-97329600	-31.9	249080
13698	-94651200	-24.6	249080
13698	-91972800	-26.3	249080
13698	-89553600	-12.4	249080
13698	-86875200	-2.9	249080
13698	-84283200	5.6	249080
13698	-81604800	14.3	249080
13698	-79012800	18.1	249080
13698	-76334400	11.1	249080
13698	-73656000	4.5	249080
13698	-71064000	-0.5	249080
13698	-68385600	-22.3	249080
13698	-65793600	-23.6	249080
13698	-63115200	-31.2	249080
13698	-60436800	-27	249080
13698	-57931200	-7.2	249080
13698	-55252800	-0.3	249080
13698	-52660800	5.7	249080
13698	-49982400	11.1	249080
13698	-47390400	19.2	249080
13698	-44712000	11.1	249080
13698	-42033600	1.2	249080
13698	-39441600	-3.5	249080
13698	-36763200	-25.2	249080
13698	-34171200	-38.1	249080
13698	-31492800	-38.2	249080
13698	-28814400	-40	249080
13698	-26395200	-18.2	249080
13698	-23716800	-6.3	249080
13698	-21124800	3.6	249080
13698	-18446400	13.7	249080
13698	-15854400	19.6	249080
13698	-13176000	14.2	249080
13698	-10497600	3.1	249080
13698	-7905600	-6.6	249080
13698	-5227200	-16.2	249080
13698	-2635200	-29	249080
13698	43200	-29.3	249080
13698	2721600	-27.8	249080
13698	5140800	-19.4	249080
13698	7819200	-2.4	249080
13698	10411200	4	249080
13698	13089600	13.6	249080
13698	15681600	18.7	249080
13698	18360000	11.8	249080
13698	21038400	4.8	249080
13698	23630400	-7	249080
13698	26308800	-18	249080
13698	28900800	-27.6	249080
13698	31579200	-23.8	249080
13698	34257600	-35.4	249080
13698	36676800	-19.3	249080
13698	39355200	-3.4	249080
13698	41947200	6.6	249080
13698	44625600	15.6	249080
13698	47217600	17.1	249080
13698	49896000	13.6	249080
13698	52574400	5.4	249080
13698	55166400	-1.3	249080
13698	57844800	-12.8	249080
13698	60436800	-30	249080
13698	63115200	-32.8	249080
13698	65793600	-24	249080
13698	68299200	-16.8	249080
13698	70977600	-2.6	249080
13698	73569600	3.7	249080
13698	76248000	15	249080
13698	78840000	16.4	249080
13698	81518400	12.8	249080
13698	84196800	4.2	249080
13698	86788800	-7.2	249080
13698	89467200	-25.1	249080
13698	92059200	-28.8	249080
13698	94737600	-23.4	249080
13698	97416000	-26.3	249080
13698	99835200	-14.7	249080
13698	102513600	-5.7	249080
13698	105105600	5.2	249080
13698	107784000	13.6	249080
13698	110376000	16.8	249080
13698	113054400	13.9	249080
13698	115732800	7.5	249080
13698	118324800	-5	249080
13698	121003200	-14.4	249080
13698	123595200	-22.2	249080
13698	126273600	-35.3	249080
13698	128952000	-34.8	249080
13698	131371200	-17	249080
13698	134049600	-4.5	249080
13698	136641600	2.8	249080
13698	139320000	12.5	249080
13698	141912000	14.7	249080
13698	144590400	14.2	249080
13698	147268800	5.6	249080
13698	149860800	-10.8	249080
13698	152539200	-24.3	249080
13698	155131200	-29	249080
13698	157809600	-24.4	249080
13698	160488000	-27.2	249080
13698	162907200	-10.4	249080
13698	165585600	-1.8	249080
13698	168177600	6.4	249080
13698	170856000	13.9	249080
13698	173448000	18.2	249080
13698	176126400	12.7	249080
13698	178804800	6.1	249080
13698	181396800	-2.8	249080
13698	184075200	-17	249080
13698	186667200	-25.5	249080
13698	189345600	-28.1	249080
13698	192024000	-27.8	249080
13698	194529600	-17.7	249080
13698	197208000	-3.2	249080
13698	199800000	4.5	249080
13698	202478400	13.9	249080
13698	205070400	17.8	249080
13698	207748800	11.3	249080
13698	210427200	6.1	249080
13698	213019200	-9.1	249080
13698	215697600	-18.9	249080
13698	218289600	-32.1	249080
13698	220968000	-36.8	249080
13698	223646400	-33.6	249080
13698	226065600	-15.3	249080
13698	228744000	-4.7	249080
13698	231336000	4.4	249080
13698	234014400	13.7	249080
13698	236606400	16.2	249080
13698	239284800	11.8	249080
13698	241963200	4.8	249080
13698	244555200	-7	249080
13698	247233600	-12.7	249080
13698	249825600	-28.9	249080
13698	252504000	-28.7	249080
13698	255182400	-24.1	249080
13698	257601600	-16.3	249080
13698	260280000	-1.5	249080
13698	262872000	5.3	249080
13698	265550400	13.9	249080
13698	268142400	17.6	249080
13698	270820800	12.5	249080
13698	273499200	4.9	249080
13698	276091200	-2.7	249080
13698	278769600	-9	249080
13698	281361600	-27.3	249080
13698	284040000	-38.2	249080
13698	286718400	-28.9	249080
13698	289137600	-16.4	249080
13698	291816000	-6.4	249080
13698	294408000	4.5	249080
13698	297086400	17.5	249080
13698	299678400	17.3	249080
13698	302356800	11.9	249080
13698	305035200	5.8	249080
13698	307627200	-8.4	249080
13698	310305600	-21.3	249080
13698	312897600	-24.4	249080
13698	315576000	-35.1	249080
13698	318254400	-25.8	249080
13698	320760000	-18.8	249080
13698	323438400	-5.8	249080
13698	326030400	3.4	249080
13698	328708800	15	249080
13698	331300800	17.7	249080
13698	333979200	15.1	249080
13698	336657600	6.5	249080
13698	339249600	-5	249080
13698	341928000	-17	249080
13698	344520000	-28.7	249080
13698	347198400	-24.7	249080
13698	349876800	-26	249080
13698	352296000	-13.3	249080
13698	354974400	-0.3	249080
13698	357566400	8.8	249080
13698	360244800	13.5	249080
13698	362836800	15.9	249080
13698	365515200	11.5	249080
13698	368193600	5.3	249080
13698	370785600	-8.3	249080
13698	373464000	-19.6	249080
13698	376056000	-20.9	249080
13698	378734400	-32.2	249080
13698	381412800	-21.6	249080
13698	383832000	-19	249080
13698	386510400	0.1	249080
13698	389102400	6	249080
13698	391780800	15.5	249080
13698	394372800	16.8	249080
13698	397051200	13.5	249080
13698	399729600	3.4	249080
13698	402321600	-11.2	249080
13698	4.05e+08	-19.5	249080
13698	407592000	-19.5	249080
13698	410270400	-24	249080
13698	412948800	-25.4	249080
13698	415368000	-12.6	249080
13698	418046400	-6.5	249080
13698	420638400	3.5	249080
13698	423316800	12.8	249080
13698	425908800	15.1	249080
13698	428587200	12.9	249080
13698	431265600	5.9	249080
13698	433857600	-2.6	249080
13698	436536000	-10.3	249080
13698	439128000	-22.1	249080
13698	441806400	-30.1	249080
13698	444484800	-24.9	249080
13698	446990400	-17.4	249080
13698	449668800	-9.5	249080
13698	452260800	6.5	249080
13698	454939200	15.9	249080
13698	457531200	17.3	249080
13698	460209600	13.9	249080
13698	462888000	5.4	249080
13698	465480000	-8.3	249080
13698	468158400	-24.8	249080
13698	470750400	-29.7	249080
13698	473428800	-32.9	249080
13698	476107200	-37.4	249080
13698	478526400	-15.4	249080
13698	481204800	-2.9	249080
13698	483796800	4.9	249080
13698	486475200	18.1	249080
13698	489067200	16.5	249080
13698	491745600	13	249080
13698	494424000	5.3	249080
13698	497016000	-3	249080
13698	499694400	-18.9	249080
13698	502286400	-31.8	249080
13698	504964800	-31.4	249080
13698	507643200	-20.4	249080
13698	510062400	-13.3	249080
13698	512740800	-3.8	249080
13698	515332800	4.9	249080
13698	518011200	15.2	249080
13698	520603200	19.4	249080
13698	523281600	14.4	249080
13698	525960000	6.9	249080
13698	528552000	-3.1	249080
13698	531230400	-13.9	249080
13698	533822400	-27.1	249080
13698	536500800	-31.8	249080
13698	539179200	-26.3	249080
13698	541598400	-19.5	249080
13698	544276800	-6.2	249080
13698	546868800	4.5	249080
13698	549547200	9.7	249080
13698	552139200	17	249080
13698	554817600	14.2	249080
13698	557496000	6	249080
13698	560088000	-5.8	249080
13698	562766400	-26.7	249080
13698	565358400	-26.9	249080
13698	568036800	-26.6	249080
13698	570715200	-29.5	249080
13698	573220800	-15.8	249080
13698	575899200	-2.9	249080
13698	578491200	5.9	249080
13698	581169600	11.3	249080
13698	583761600	16.3	249080
13698	586440000	13.5	249080
13698	589118400	8	249080
13698	591710400	-1.6	249080
13698	594388800	-13	249080
13698	596980800	-23.9	249080
13698	599659200	-25.7	249080
13698	602337600	-16.1	249080
13698	604756800	-11	249080
13698	607435200	-5.3	249080
13698	610027200	7.3	249080
13698	612705600	11.5	249080
13698	615297600	15.2	249080
13698	617976000	12.3	249080
13698	620654400	4.6	249080
13698	623246400	-3.3	249080
13698	625924800	-15.6	249080
13698	628516800	-23.8	249080
13698	631195200	-34.9	249080
13698	633873600	-23.8	249080
13698	636292800	-3.4	249080
13698	638971200	-3.3	249080
13698	641563200	9.7	249080
13698	644241600	13.6	249080
13698	646833600	18.3	249080
13698	649512000	14.7	249080
13698	652190400	5.6	249080
13698	654782400	-0.9	249080
13698	657460800	-16.6	249080
13698	660052800	-24.1	249080
13698	662731200	-29	249080
13698	665409600	-27.4	249080
13698	667828800	-19.3	249080
13698	670507200	-2.8	249080
13698	673099200	5.3	249080
13698	675777600	14.5	249080
13698	678369600	19.7	249080
13698	681048000	14.5	249080
13698	683726400	7	249080
13698	686318400	-3.5	249080
13698	688996800	-14	249080
13698	691588800	-30.1	249080
13698	694267200	-19.6	249080
13698	696945600	-19.5	249080
13698	699451200	-12.5	249080
13698	702129600	-7.4	249080
13698	704721600	9.6	249080
13698	707400000	13.5	249080
13698	709992000	18	249080
13698	712670400	15.7	249080
13698	715348800	4.1	249080
13698	717940800	-1.2	249080
13698	720619200	-23.2	249080
13698	723211200	-23.8	249080
13698	725889600	-22	249080
13698	728568000	-18	249080
13698	730987200	-6.7	249080
13698	733665600	-2.8	249080
13698	736257600	4.3	249080
13698	738936000	12.9	249080
13698	741528000	19.9	249080
13698	744206400	13.7	249080
13698	746884800	4.5	249080
13698	749476800	-2.1	249080
13698	752155200	-19.2	249080
13698	754747200	-24.4	249080
13698	757425600	-35.2	249080
13698	760104000	-27	249080
13698	762523200	-12.5	249080
13698	765201600	-4.8	249080
13698	767793600	5	249080
13698	770472000	16	249080
13698	773064000	19.9	249080
13698	775742400	13.7	249080
13698	778420800	5.4	249080
13698	781012800	-2.8	249080
13698	783691200	-19.4	249080
13698	786283200	-31.5	249080
13698	788961600	-21.7	249080
13698	791640000	-20.3	249080
13698	794059200	-13.7	249080
13698	796737600	-2.8	249080
13698	799329600	4.4	249080
13698	802008000	12.5	249080
13698	804600000	17.2	249080
13698	807278400	15.7	249080
13698	809956800	6.2	249080
13698	812548800	-1.9	249080
13698	815227200	-12.7	249080
13698	817819200	-19.6	249080
13698	820497600	-28.8	249080
13698	823176000	-23.7	249080
13698	825681600	-13.1	249080
13698	828360000	-5	249080
13698	830952000	5.6	249080
13698	833630400	14	249080
13698	836222400	20.3	249080
13698	838900800	11.8	249080
13698	841579200	2.1	249080
13698	844171200	-5.5	249080
13698	846849600	-20.7	249080
13698	849441600	-27.1	249080
13698	852120000	-28.3	249080
13698	854798400	-20.8	249080
13698	857217600	-12.3	249080
13698	859896000	4.3	249080
13698	862488000	7.7	249080
13698	865166400	13.3	249080
13698	867758400	17.1	249080
13698	870436800	13.5	249080
13698	873115200	6.6	249080
13698	875707200	-2.2	249080
13698	878385600	-19.8	249080
13698	880977600	-28.6	249080
13698	883656000	-34	249080
13698	886334400	-20.3	249080
13698	888753600	-11.6	249080
13698	891432000	-2.5	249080
13698	894024000	4.7	249080
13698	896702400	13.1	249080
13698	899294400	17.7	249080
13698	901972800	16.5	249080
13698	904651200	3.1	249080
13698	907243200	-6	249080
13698	909921600	-28.3	249080
13698	912513600	-23.4	249080
13698	915192000	-35.2	249080
13698	917870400	-20.9	249080
13698	920289600	-23.8	249080
13698	922968000	-3.2	249080
13698	925560000	9.9	249080
13698	928238400	11.8	249080
13698	930830400	19.5	249080
13698	933508800	12.5	249080
13698	936187200	4.7	249080
13698	938779200	-5	249080
13698	941457600	-17.5	249080
13698	944049600	-23.7	249080
13698	946728000	-34.9	249080
13698	949406400	-25.4	249080
13698	951912000	-12.1	249080
13698	954590400	-1.2	249080
13698	957182400	7.1	249080
13698	959860800	16.7	249080
13698	962452800	16.2	249080
13698	965131200	14.9	249080
13698	967809600	5.6	249080
13698	970401600	-6.4	249080
13698	973080000	-24.3	249080
13698	975672000	-40.7	249080
13698	978350400	-35.9	249080
13698	981028800	-28.2	249080
13698	983448000	-15.4	249080
13698	986126400	-4.8	249080
13698	988718400	7	249080
13698	991396800	18.3	249080
13698	993988800	18.2	249080
13698	996667200	16.8	249080
13698	999345600	6	249080
13698	1001937600	-3.4	249080
13698	1004616000	-11.2	249080
13698	1007208000	-30.1	249080
13698	1009886400	-20	249080
13698	1012564800	-18.5	249080
13698	1014984000	-9.5	249080
13698	1017662400	-5.5	249080
13698	1020254400	9.4	249080
13698	1022932800	15.3	249080
13698	1025524800	19.7	249080
13698	1028203200	13.5	249080
13698	1030881600	6	249080
13698	1033473600	-4.7	249080
13698	1036152000	-20.3	249080
13698	1038744000	-34.7	249080
13698	1041422400	-25.1	249080
13698	1044100800	-19.3	249080
13698	1046520000	-10.2	249080
13698	1049198400	-2.6	249080
13698	1051790400	5.2	249080
13698	1054468800	16	249080
13698	1057060800	18.5	249080
13698	1059739200	14.3	249080
13698	1062417600	6.6	249080
13698	1065009600	-3.8	249080
13698	1067688000	-20.1	249080
13698	1070280000	-20.2	249080
13698	1072958400	-25.6	249080
13698	1075636800	-22.2	249080
13698	1078142400	-14.7	249080
13698	1080820800	-3.4	249080
13698	1083412800	4.8	249080
13698	1086091200	15.7	249080
13698	1088683200	15.8	249080
13698	1091361600	12.5	249080
13698	1094040000	6.3	249080
13698	1096632000	-2.5	249080
13698	1099310400	-13.5	249080
13698	1101902400	-32.7	249080
13698	1104580800	-24.1	249080
13698	1107259200	-29.6	249080
13698	1109678400	-11.6	249080
13698	1112356800	-2.5	249080
13698	1114948800	7.8	249080
13698	1117627200	15.2	249080
13698	1120219200	19	249080
13698	1122897600	13.6	249080
13698	1125576000	7.2	249080
13698	1128168000	-1.6	249080
13698	1130846400	-15.5	249080
13698	1133438400	-30.3	249080
13698	1136116800	-35.8	249080
13698	1138795200	-27.9	249080
13698	1141214400	-15.4	249080
13698	1143892800	-6.2	249080
13698	1146484800	5.7	249080
13698	1149163200	16.8	249080
13698	1151755200	19.2	249080
13698	1154433600	11.7	249080
13698	1157112000	7.3	249080
13698	1159704000	-7.3	249080
13698	1162382400	-21.3	249080
13698	1164974400	-22.2	249080
13698	1167652800	-18.8	249080
13698	1170331200	-26.1	249080
13698	1172750400	-16.1	249080
13698	1175428800	1.3	249080
13698	1178020800	5.9	249080
13698	1180699200	13	249080
13698	1183291200	17.8	249080
13698	1185969600	14.2	249080
13698	1188648000	6.2	249080
13698	1191240000	-2.2	249080
13698	1193918400	-15	249080
13698	1196510400	-20	249080
13698	1199188800	-31.6	249080
13698	1201867200	-18.4	249080
13698	1204372800	-7.3	249080
13698	1207051200	-5.3	249080
13698	1209643200	7.2	249080
13698	1212321600	16.6	249080
13698	1214913600	16	249080
13698	1217592000	12.7	249080
13698	1220270400	5.6	249080
13698	1222862400	-0.6	249080
13698	1225540800	-15.2	249080
13698	1228132800	-27.3	249080
13698	1230811200	-27.5	249080
13698	1233489600	-31	249080
13698	1235908800	-17.9	249080
13698	1238587200	0.7	249080
13698	1241179200	4.3	249080
13698	1243857600	16.3	249080
13698	1246449600	17.3	249080
13698	1249128000	14.3	249080
13698	1251806400	6.6	249080
13698	1254398400	-4.4	249080
13698	1257076800	-25.9	249080
13698	1259668800	-37	249080
13698	1262347200	-31.6	249080
13698	1265025600	-29.5	249080
13698	1267444800	-17.4	249080
13698	1270123200	-5.4	249080
13698	1272715200	6	249080
13698	1275393600	14.5	249080
13698	1277985600	18.3	249080
13698	1280664000	13	249080
13698	1283342400	4.5	249080
13698	1285934400	-3	249080
13698	1288612800	-14.1	249080
13698	1291204800	-36.1	249080
13698	1293883200	-29.6	249080
13698	1296561600	-24.1	249080
13698	1298980800	-8.9	249080
13698	1301659200	2	249080
13698	1304251200	8.6	249080
13698	1306929600	17.4	249080
13698	1309521600	17	249080
13698	1312200000	14.8	249080
13698	1314878400	5.7	249080
13698	1317470400	0.4	249080
13698	1320148800	-18.8	249080
13698	1322740800	-24.9	249080
13698	1325419200	-31.9	249080
13698	1328097600	-22.8	249080
13698	1330603200	-15.1	249080
13698	1333281600	-1.7	249080
13698	1335873600	7.2	249080
13698	1338552000	15	249080
13698	1341144000	19.1	249080
13698	1343822400	12.4	249080
13698	1346500800	9	249080
13698	1349092800	-6.2	249080
13698	1351771200	-21.8	249080
13698	1354363200	-38.2	249080
13698	1357041600	-31.3	249080
13698	1359720000	-26.8	249080
13698	1362139200	-17	249080
13698	1364817600	-1.7	249080
13698	1367409600	6.7	249080
13698	1370088000	16	249080
13698	1372680000	16.7	249080
13698	1375358400	14.6	249080
13698	1378036800	4.2	249080
13698	1380628800	-3	249080
13698	1383307200	-11	249080
13698	1385899200	-18.8	249080
13698	1388577600	-32.2	249080
13698	1391256000	-29.7	249080
13698	1393675200	-10.3	249080
13698	1396353600	2.5	249080
13698	1398945600	6.3	249080
13698	1401624000	15.4	249080
13698	1404216000	19	249080
13698	1406894400	13.4	249080
13698	1409572800	4.1	249080
13698	1412164800	-6.4	249080
13698	1414843200	-16.8	249080
13698	1417435200	-21.6	249080
13698	1420113600	-22.9	249080
13698	1422792000	-18.7	249080
13698	1425211200	-9.5	249080
13698	1427889600	-1.4	249080
13698	1430481600	7.6	249080
