group	x	y	clickSelects
1329	-2177409600	22.3	430290
1329	-2174731200	23.7	430290
1329	-2172312000	28.2	430290
1329	-2169633600	33	430290
1329	-2167041600	35.5	430290
1329	-2164363200	33	430290
1329	-2161771200	27.6	430290
1329	-2159092800	26.1	430290
1329	-2156414400	28	430290
1329	-2153822400	26.7	430290
1329	-2151144000	22.1	430290
1329	-2148552000	19.1	430290
1329	-2145873600	21.6	430290
1329	-2143195200	23.5	430290
1329	-2140776000	29.1	430290
1329	-2138097600	33.8	430290
1329	-2135505600	36	430290
1329	-2132827200	34.5	430290
1329	-2130235200	28.5	430290
1329	-2127556800	28.8	430290
1329	-2124878400	27.5	430290
1329	-2122286400	26.8	430290
1329	-2119608000	22.3	430290
1329	-2117016000	20.5	430290
1329	-2114337600	22.8	430290
1329	-2111659200	23.3	430290
1329	-2109240000	28.5	430290
1329	-2106561600	33.1	430290
1329	-2103969600	33.6	430290
1329	-2101291200	33.2	430290
1329	-2098699200	27.2	430290
1329	-2096020800	27.1	430290
1329	-2093342400	27.8	430290
1329	-2090750400	26.1	430290
1329	-2088072000	21.2	430290
1329	-2085480000	19	430290
1329	-2082801600	21.2	430290
1329	-2080123200	23	430290
1329	-2077617600	28.2	430290
1329	-2074939200	33.2	430290
1329	-2072347200	35.1	430290
1329	-2069668800	31	430290
1329	-2067076800	28	430290
1329	-2064398400	27.5	430290
1329	-2061720000	26.6	430290
1329	-2059128000	25.5	430290
1329	-2056449600	20.2	430290
1329	-2053857600	19.8	430290
1329	-2051179200	20.7	430290
1329	-2048500800	20.7	430290
1329	-2046081600	27.6	430290
1329	-2043403200	30.1	430290
1329	-2040811200	35.6	430290
1329	-2038132800	34.5	430290
1329	-2035540800	28.6	430290
1329	-2032862400	28	430290
1329	-2030184000	26.7	430290
1329	-2027592000	25.6	430290
1329	-2024913600	22	430290
1329	-2022321600	18.5	430290
1329	-2019643200	21.5	430290
1329	-2016964800	24.5	430290
1329	-2014545600	27.7	430290
1329	-2011867200	33.5	430290
1329	-2009275200	37.1	430290
1329	-2006596800	31.5	430290
1329	-2004004800	27.7	430290
1329	-2001326400	27.5	430290
1329	-1998648000	27.3	430290
1329	-1996056000	25.8	430290
1329	-1993377600	22.3	430290
1329	-1990785600	20.3	430290
1329	-1988107200	21.1	430290
1329	-1985428800	23.7	430290
1329	-1983009600	27.7	430290
1329	-1980331200	29.5	430290
1329	-1977739200	33.6	430290
1329	-1975060800	32.2	430290
1329	-1972468800	28	430290
1329	-1969790400	25.8	430290
1329	-1967112000	27.7	430290
1329	-1964520000	26.2	430290
1329	-1961841600	22.7	430290
1329	-1959249600	18.8	430290
1329	-1956571200	19.5	430290
1329	-1953892800	23.5	430290
1329	-1951387200	27.7	430290
1329	-1948708800	33.5	430290
1329	-1946116800	36	430290
1329	-1943438400	32.7	430290
1329	-1940846400	27.2	430290
1329	-1938168000	26.5	430290
1329	-1935489600	27.6	430290
1329	-1932897600	25.3	430290
1329	-1930219200	20.6	430290
1329	-1927627200	17.7	430290
1329	-1924948800	22.7	430290
1329	-1922270400	24	430290
1329	-1919851200	29.2	430290
1329	-1917172800	30.5	430290
1329	-1914580800	35.3	430290
1329	-1911902400	31.3	430290
1329	-1909310400	27	430290
1329	-1906632000	28	430290
1329	-1903953600	26.8	430290
1329	-1901361600	24.8	430290
1329	-1898683200	19.7	430290
1329	-1896091200	21.2	430290
1329	-1893412800	20.8	430290
1329	-1890734400	22.5	430290
1329	-1888315200	27.5	430290
1329	-1885636800	32.6	430290
1329	-1883044800	35.6	430290
1329	-1880366400	30.7	430290
1329	-1877774400	27.8	430290
1329	-1875096000	27.1	430290
1329	-1872417600	26.6	430290
1329	-1869825600	26	430290
1329	-1867147200	20.6	430290
1329	-1864555200	18.8	430290
1329	-1861876800	21.7	430290
1329	-1859198400	21.8	430290
1329	-1856779200	27	430290
1329	-1854100800	32.6	430290
1329	-1851508800	36.7	430290
1329	-1848830400	30.3	430290
1329	-1846238400	28.5	430290
1329	-1843560000	26	430290
1329	-1840881600	27.8	430290
1329	-1838289600	26.5	430290
1329	-1835611200	24	430290
1329	-1833019200	19.8	430290
1329	-1830340800	21.5	430290
1329	-1827662400	24.6	430290
1329	-1825156800	27.7	430290
1329	-1822478400	32.3	430290
1329	-1819886400	35.2	430290
1329	-1817208000	35	430290
1329	-1814616000	27.6	430290
1329	-1811937600	26.6	430290
1329	-1809259200	27.2	430290
1329	-1806667200	26	430290
1329	-1803988800	22.1	430290
1329	-1801396800	18.5	430290
1329	-1798718400	19.5	430290
1329	-1796040000	24.5	430290
1329	-1793620800	26.3	430290
1329	-1790942400	33.3	430290
1329	-1788350400	34.7	430290
1329	-1785672000	30.5	430290
1329	-1783080000	27.7	430290
1329	-1780401600	27	430290
1329	-1777723200	28	430290
1329	-1775131200	26	430290
1329	-1772452800	22.2	430290
1329	-1769860800	20.5	430290
1329	-1767182400	20.7	430290
1329	-1764504000	25.1	430290
1329	-1762084800	27.7	430290
1329	-1759406400	30.6	430290
1329	-1756814400	34.3	430290
1329	-1754136000	31.2	430290
1329	-1751544000	27.8	430290
1329	-1748865600	27.3	430290
1329	-1746187200	27.2	430290
1329	-1743595200	25.6	430290
1329	-1740916800	22.7	430290
1329	-1738324800	20.1	430290
1329	-1735646400	21	430290
1329	-1732968000	24.6	430290
1329	-1730548800	26.8	430290
1329	-1727870400	31.6	430290
1329	-1725278400	36.1	430290
1329	-1722600000	34.5	430290
1329	-1720008000	28.8	430290
1329	-1717329600	27.3	430290
1329	-1714651200	27.8	430290
1329	-1712059200	27.2	430290
1329	-1709380800	24.5	430290
1329	-1706788800	19.1	430290
1329	-1704110400	21.2	430290
1329	-1701432000	24.1	430290
1329	-1698926400	28.2	430290
1329	-1696248000	33.7	430290
1329	-1693656000	35.6	430290
1329	-1690977600	29.5	430290
1329	-1688385600	28.1	430290
1329	-1685707200	27.2	430290
1329	-1683028800	27.5	430290
1329	-1680436800	27	430290
1329	-1677758400	23.5	430290
1329	-1675166400	18.8	430290
1329	-1672488000	21	430290
1329	-1669809600	22.6	430290
1329	-1667390400	26	430290
1329	-1664712000	30.7	430290
1329	-1662120000	31	430290
1329	-1659441600	29.8	430290
1329	-1656849600	27.2	430290
1329	-1654171200	28	430290
1329	-1651492800	27	430290
1329	-1648900800	26.7	430290
1329	-1646222400	21.7	430290
1329	-1643630400	20	430290
1329	-1640952000	19.2	430290
1329	-1638273600	23.8	430290
1329	-1635854400	28	430290
1329	-1633176000	32	430290
1329	-1630584000	34.5	430290
1329	-1627905600	29	430290
1329	-1625313600	28.7	430290
1329	-1622635200	27	430290
1329	-1619956800	28.2	430290
1329	-1617364800	25.5	430290
1329	-1614686400	23.5	430290
1329	-1612094400	21.1	430290
1329	-1609416000	23.5	430290
1329	-1606737600	24.5	430290
1329	-1604318400	28.5	430290
1329	-1601640000	31.8	430290
1329	-1599048000	34.5	430290
1329	-1596369600	30.2	430290
1329	-1593777600	28.2	430290
1329	-1591099200	27.3	430290
1329	-1588420800	28	430290
1329	-1585828800	25.7	430290
1329	-1583150400	23.6	430290
1329	-1580558400	19.8	430290
1329	-1577880000	21.2	430290
1329	-1575201600	23.5	430290
1329	-1572696000	29.1	430290
1329	-1570017600	32.5	430290
1329	-1567425600	34	430290
1329	-1564747200	33.5	430290
1329	-1562155200	27.8	430290
1329	-1559476800	28	430290
1329	-1556798400	28.2	430290
1329	-1554206400	27.3	430290
1329	-1551528000	23	430290
1329	-1548936000	20.1	430290
1329	-1546257600	21.8	430290
1329	-1543579200	23.5	430290
1329	-1541160000	30	430290
1329	-1538481600	33.8	430290
1329	-1535889600	37.3	430290
1329	-1533211200	30.6	430290
1329	-1530619200	27.8	430290
1329	-1527940800	27.5	430290
1329	-1525262400	27.1	430290
1329	-1522670400	25.7	430290
1329	-1519992000	20.5	430290
1329	-1517400000	20	430290
1329	-1514721600	21	430290
1329	-1512043200	23.5	430290
1329	-1509624000	28.3	430290
1329	-1506945600	33	430290
1329	-1504353600	35.7	430290
1329	-1501675200	31.6	430290
1329	-1499083200	27.1	430290
1329	-1496404800	27.5	430290
1329	-1493726400	26.7	430290
1329	-1491134400	25.5	430290
1329	-1488456000	22.8	430290
1329	-1485864000	18.6	430290
1329	-1483185600	20.5	430290
1329	-1480507200	23.2	430290
1329	-1478088000	28	430290
1329	-1475409600	33	430290
1329	-1472817600	35.5	430290
1329	-1470139200	35.5	430290
1329	-1467547200	27.5	430290
1329	-1464868800	26.8	430290
1329	-1462190400	27.1	430290
1329	-1459598400	24.3	430290
1329	-1456920000	22.1	430290
1329	-1454328000	20.2	430290
1329	-1451649600	21.6	430290
1329	-1448971200	24.6	430290
1329	-1446465600	29.2	430290
1329	-1443787200	33.5	430290
1329	-1441195200	35.8	430290
1329	-1438516800	35.5	430290
1329	-1435924800	29	430290
1329	-1433246400	28.5	430290
1329	-1430568000	27.7	430290
1329	-1427976000	25.5	430290
1329	-1425297600	21.5	430290
1329	-1422705600	19.6	430290
1329	-1420027200	19.3	430290
1329	-1417348800	22.3	430290
1329	-1414929600	27	430290
1329	-1412251200	34	430290
1329	-1409659200	34.1	430290
1329	-1406980800	30.6	430290
1329	-1404388800	27	430290
1329	-1401710400	26.7	430290
1329	-1399032000	28	430290
1329	-1396440000	26.5	430290
1329	-1393761600	23.2	430290
1329	-1391169600	19.1	430290
1329	-1388491200	21.5	430290
1329	-1385812800	24	430290
1329	-1383393600	28.5	430290
1329	-1380715200	30.7	430290
1329	-1378123200	34.1	430290
1329	-1375444800	36.5	430290
1329	-1372852800	29	430290
1329	-1370174400	26.7	430290
1329	-1367496000	28.2	430290
1329	-1364904000	25.8	430290
1329	-1362225600	21.3	430290
1329	-1359633600	20.1	430290
1329	-1356955200	23.8	430290
1329	-1354276800	25	430290
1329	-1351857600	28.8	430290
1329	-1349179200	33.5	430290
1329	-1346587200	36.3	430290
1329	-1343908800	31.7	430290
1329	-1341316800	27.5	430290
1329	-1338638400	27.5	430290
1329	-1335960000	28.1	430290
1329	-1333368000	26	430290
1329	-1330689600	21.1	430290
1329	-1328097600	20.3	430290
1329	-1325419200	21.8	430290
1329	-1322740800	23.8	430290
1329	-1320235200	29	430290
1329	-1317556800	33	430290
1329	-1314964800	36.5	430290
1329	-1312286400	32.3	430290
1329	-1309694400	27.7	430290
1329	-1307016000	28.5	430290
1329	-1304337600	27.7	430290
1329	-1301745600	26.5	430290
1329	-1299067200	22.5	430290
1329	-1296475200	20.2	430290
1329	-1293796800	21.5	430290
1329	-1291118400	22	430290
1329	-1288699200	28.2	430290
1329	-1286020800	31.3	430290
1329	-1283428800	37	430290
1329	-1280750400	32	430290
1329	-1278158400	27.8	430290
1329	-1275480000	28	430290
1329	-1272801600	27.5	430290
1329	-1270209600	26	430290
1329	-1267531200	22	430290
1329	-1264939200	21.5	430290
1329	-1262260800	21.6	430290
1329	-1259582400	22.5	430290
1329	-1257163200	29	430290
1329	-1254484800	31.7	430290
1329	-1251892800	35.8	430290
1329	-1249214400	32.8	430290
1329	-1246622400	28.3	430290
1329	-1243944000	27.5	430290
1329	-1241265600	28	430290
1329	-1238673600	27	430290
1329	-1235995200	21.8	430290
1329	-1233403200	21.1	430290
1329	-1230724800	21.6	430290
1329	-1228046400	26.5	430290
1329	-1225627200	29.3	430290
1329	-1222948800	34.7	430290
1329	-1220356800	37.1	430290
1329	-1217678400	33.6	430290
1329	-1215086400	27.5	430290
1329	-1212408000	27.1	430290
1329	-1209729600	27.5	430290
1329	-1207137600	25.7	430290
1329	-1204459200	22	430290
1329	-1201867200	18.7	430290
1329	-1199188800	20.2	430290
1329	-1196510400	22	430290
1329	-1194004800	27.5	430290
1329	-1191326400	32.1	430290
1329	-1188734400	35.5	430290
1329	-1186056000	33.1	430290
1329	-1183464000	26.8	430290
1329	-1180785600	27.5	430290
1329	-1178107200	27.5	430290
1329	-1175515200	26.8	430290
1329	-1172836800	23.5	430290
1329	-1170244800	20	430290
1329	-1167566400	21.6	430290
1329	-1164888000	25.5	430290
1329	-1162468800	27.8	430290
1329	-1159790400	31.5	430290
1329	-1157198400	31.6	430290
1329	-1154520000	29.5	430290
1329	-1151928000	27.8	430290
1329	-1149249600	26.8	430290
1329	-1146571200	27	430290
1329	-1143979200	25.5	430290
1329	-1141300800	22	430290
1329	-1138708800	20.2	430290
1329	-1136030400	19.6	430290
1329	-1133352000	22.3	430290
1329	-1130932800	27.5	430290
1329	-1128254400	32.5	430290
1329	-1125662400	35.5	430290
1329	-1122984000	32.6	430290
1329	-1120392000	27.5	430290
1329	-1117713600	27	430290
1329	-1115035200	26.7	430290
1329	-1112443200	25	430290
1329	-1109764800	21	430290
1329	-1107172800	19.6	430290
1329	-1104494400	21.1	430290
1329	-1101816000	23.8	430290
1329	-1099396800	27.6	430290
1329	-1096718400	30.5	430290
1329	-1094126400	36	430290
1329	-1091448000	33.1	430290
1329	-1088856000	26.5	430290
1329	-1086177600	27.1	430290
1329	-1083499200	27	430290
1329	-1080907200	26.5	430290
1329	-1078228800	22	430290
1329	-1075636800	21.1	430290
1329	-1072958400	23.2	430290
1329	-1070280000	23.6	430290
1329	-1067774400	28	430290
1329	-1065096000	31.2	430290
1329	-1062504000	35.6	430290
1329	-1059825600	29.5	430290
1329	-1057233600	27.8	430290
1329	-1054555200	27	430290
1329	-1051876800	27.5	430290
1329	-1049284800	25.5	430290
1329	-1046606400	23.7	430290
1329	-1044014400	20.1	430290
1329	-1041336000	19.8	430290
1329	-1038657600	24.6	430290
1329	-1036238400	27.5	430290
1329	-1033560000	28.2	430290
1329	-1030968000	34.2	430290
1329	-1028289600	33.5	430290
1329	-1025697600	27.1	430290
1329	-1023019200	27.5	430290
1329	-1020340800	27.5	430290
1329	-1017748800	25.5	430290
1329	-1015070400	22.2	430290
1329	-1012478400	19.6	430290
1329	-1009800000	23.8	430290
1329	-1007121600	23.3	430290
1329	-1004702400	29.8	430290
1329	-1002024000	33.2	430290
1329	-999432000	35.6	430290
1329	-996753600	28.5	430290
1329	-994161600	27	430290
1329	-991483200	27	430290
1329	-988804800	27.5	430290
1329	-986212800	25.5	430290
1329	-983534400	21.7	430290
1329	-980942400	19	430290
1329	-978264000	21.6	430290
1329	-975585600	25	430290
1329	-973166400	27	430290
1329	-970488000	32.5	430290
1329	-967896000	35.5	430290
1329	-965217600	32.5	430290
1329	-962625600	28	430290
1329	-959947200	27.3	430290
1329	-957268800	27.8	430290
1329	-954676800	26.5	430290
1329	-951998400	21.5	430290
1329	-949406400	19	430290
1329	-946728000	19.8	430290
1329	-944049600	24.2	430290
1329	-941544000	27.5	430290
1329	-938865600	32.3	430290
1329	-936273600	35.1	430290
1329	-933595200	32.1	430290
1329	-931003200	26.5	430290
1329	-928324800	27	430290
1329	-925646400	28.1	430290
1329	-923054400	26.1	430290
1329	-920376000	23.1	430290
1329	-917784000	21	430290
1329	-915105600	22.2	430290
1329	-912427200	24	430290
1329	-910008000	29.8	430290
1329	-907329600	34.2	430290
1329	-904737600	36.6	430290
1329	-902059200	32.5	430290
1329	-899467200	28.8	430290
1329	-896788800	27.7	430290
1329	-894110400	28.5	430290
1329	-891518400	27.2	430290
1329	-888840000	23	430290
1329	-886248000	21.8	430290
1329	-883569600	22.5	430290
1329	-880891200	24.2	430290
1329	-878472000	29.2	430290
1329	-875793600	33.8	430290
1329	-873201600	36.8	430290
1329	-870523200	33.5	430290
1329	-867931200	26.6	430290
1329	-865252800	27.1	430290
1329	-862574400	27.1	430290
1329	-859982400	25.6	430290
1329	-857304000	21.8	430290
1329	-854712000	20.2	430290
1329	-852033600	23.3	430290
1329	-849355200	21.5	430290
1329	-846936000	28.3	430290
1329	-844257600	32	430290
1329	-841665600	35.2	430290
1329	-838987200	31	430290
1329	-836395200	27.8	430290
1329	-833716800	27	430290
1329	-831038400	26.8	430290
1329	-828446400	25.8	430290
1329	-825768000	22.5	430290
1329	-823176000	18.6	430290
1329	-820497600	22	430290
1329	-817819200	23.5	430290
1329	-815313600	26.3	430290
1329	-812635200	31.6	430290
1329	-810043200	36.5	430290
1329	-807364800	33.1	430290
1329	-804772800	27.2	430290
1329	-802094400	27.7	430290
1329	-799416000	27.6	430290
1329	-796824000	26.2	430290
1329	-794145600	21.6	430290
1329	-791553600	20.8	430290
1329	-788875200	21.5	430290
1329	-786196800	22.8	430290
1329	-783777600	28	430290
1329	-781099200	30.6	430290
1329	-778507200	35.1	430290
1329	-775828800	32.8	430290
1329	-773236800	26.8	430290
1329	-770558400	27.3	430290
1329	-767880000	27.1	430290
1329	-765288000	25.5	430290
1329	-762609600	20.8	430290
1329	-760017600	18.6	430290
1329	-757339200	19.6	430290
1329	-754660800	23.3	430290
1329	-752241600	28.6	430290
1329	-749563200	32.5	430290
1329	-746971200	34.8	430290
1329	-744292800	30	430290
1329	-741700800	27.5	430290
1329	-739022400	27.1	430290
1329	-736344000	27.6	430290
1329	-733752000	26.6	430290
1329	-731073600	24.5	430290
1329	-728481600	22.5	430290
1329	-725803200	22.7	430290
1329	-723124800	24.3	430290
1329	-720705600	28.5	430290
1329	-718027200	33	430290
1329	-715435200	36	430290
1329	-712756800	33.3	430290
1329	-710164800	27.2	430290
1329	-707486400	27.7	430290
1329	-704808000	27.2	430290
1329	-702216000	25	430290
1329	-699537600	22.5	430290
1329	-696945600	20.6	430290
1329	-694267200	22	430290
1329	-691588800	24.2	430290
1329	-689083200	32.3	430290
1329	-686404800	33.5	430290
1329	-683812800	36.3	430290
1329	-681134400	32.5	430290
1329	-678542400	27.5	430290
1329	-675864000	26.7	430290
1329	-673185600	26.5	430290
1329	-670593600	26.5	430290
1329	-667915200	24.7	430290
1329	-665323200	18.2	430290
1329	-662644800	21.2	430290
1329	-659966400	23.3	430290
1329	-657547200	29.1	430290
1329	-654868800	32.1	430290
1329	-652276800	34	430290
1329	-649598400	30.6	430290
1329	-647006400	27.2	430290
1329	-644328000	27.5	430290
1329	-641649600	27	430290
1329	-639057600	26	430290
1329	-636379200	20.6	430290
1329	-633787200	20.5	430290
1329	-631108800	21.5	430290
1329	-628430400	23.1	430290
1329	-626011200	26.7	430290
1329	-623332800	32.6	430290
1329	-620740800	35.6	430290
1329	-618062400	32.1	430290
1329	-615470400	27	430290
1329	-612792000	27.8	430290
1329	-610113600	28	430290
1329	-607521600	25.1	430290
1329	-604843200	21.5	430290
1329	-602251200	20.2	430290
1329	-599572800	20.8	430290
1329	-596894400	24.2	430290
1329	-594475200	28.6	430290
1329	-591796800	30.6	430290
1329	-589204800	34.5	430290
1329	-586526400	32.6	430290
1329	-583934400	29.6	430290
1329	-581256000	27.2	430290
1329	-578577600	27.8	430290
1329	-575985600	27.5	430290
1329	-573307200	22.8	430290
1329	-570715200	19.5	430290
1329	-568036800	21.1	430290
1329	-565358400	24.7	430290
1329	-562852800	27.5	430290
1329	-560174400	33.3	430290
1329	-557582400	37	430290
1329	-554904000	33.6	430290
1329	-552312000	28.8	430290
1329	-549633600	27.5	430290
1329	-546955200	27.1	430290
1329	-544363200	26.5	430290
1329	-541684800	20.8	430290
1329	-539092800	21.7	430290
1329	-536414400	21.6	430290
1329	-533736000	25.5	430290
1329	-531316800	30.5	430290
1329	-528638400	32.5	430290
1329	-526046400	36.5	430290
1329	-523368000	34.2	430290
1329	-520776000	28	430290
1329	-518097600	27.1	430290
1329	-515419200	27.7	430290
1329	-512827200	26	430290
1329	-510148800	21.7	430290
1329	-507556800	19.7	430290
1329	-504878400	20.7	430290
1329	-502200000	25.2	430290
1329	-499780800	28.5	430290
1329	-497102400	33.3	430290
1329	-494510400	36.8	430290
1329	-491832000	32.5	430290
1329	-489240000	27.2	430290
1329	-486561600	27.1	430290
1329	-483883200	26.6	430290
1329	-481291200	25.8	430290
1329	-478612800	22	430290
1329	-476020800	20.1	430290
1329	-473342400	21.5	430290
1329	-470664000	25.1	430290
1329	-468244800	29	430290
1329	-465566400	30.2	430290
1329	-462974400	34	430290
1329	-460296000	31.8	430290
1329	-457704000	27.6	430290
1329	-455025600	27	430290
1329	-452347200	27.2	430290
1329	-449755200	25.7	430290
1329	-447076800	20.7	430290
1329	-444484800	19.6	430290
1329	-441806400	21.3	430290
1329	-439128000	22.7	430290
1329	-436622400	29.5	430290
1329	-433944000	33.2	430290
1329	-431352000	34.8	430290
1329	-428673600	29.8	430290
1329	-426081600	27	430290
1329	-423403200	27.5	430290
1329	-420724800	27	430290
1329	-418132800	26	430290
1329	-415454400	22.2	430290
1329	-412862400	20.5	430290
1329	-410184000	22.3	430290
1329	-407505600	22.8	430290
1329	-405086400	26.2	430290
1329	-402408000	30.8	430290
1329	-399816000	34	430290
1329	-397137600	33	430290
1329	-394545600	27.1	430290
1329	-391867200	26.8	430290
1329	-389188800	27.8	430290
1329	-386596800	26.5	430290
1329	-383918400	23	430290
1329	-381326400	20.3	430290
1329	-378648000	22.1	430290
1329	-375969600	25.2	430290
1329	-373550400	28.2	430290
1329	-370872000	33.5	430290
1329	-368280000	36.3	430290
1329	-365601600	34.8	430290
1329	-363009600	27.5	430290
1329	-360331200	27.5	430290
1329	-357652800	27.3	430290
1329	-355060800	26.3	430290
1329	-352382400	23.6	430290
1329	-349790400	19.6	430290
1329	-347112000	21.8	430290
1329	-344433600	24	430290
1329	-342014400	28.1	430290
1329	-339336000	32.3	430290
1329	-336744000	36	430290
1329	-334065600	32.2	430290
1329	-331473600	27.2	430290
1329	-328795200	26	430290
1329	-326116800	26.5	430290
1329	-323524800	26.6	430290
1329	-320846400	22.3	430290
1329	-318254400	19.1	430290
1329	-315576000	21.1	430290
1329	-312897600	24.7	430290
1329	-310392000	27.1	430290
1329	-307713600	32.3	430290
1329	-305121600	36	430290
1329	-302443200	31.2	430290
1329	-299851200	28.1	430290
1329	-297172800	27.3	430290
1329	-294494400	28.1	430290
1329	-291902400	26	430290
1329	-289224000	21.7	430290
1329	-286632000	19.7	430290
1329	-283953600	23	430290
1329	-281275200	23.2	430290
1329	-278856000	30.1	430290
1329	-276177600	33.7	430290
1329	-273585600	35.2	430290
1329	-270907200	30.8	430290
1329	-268315200	27.1	430290
1329	-265636800	27	430290
1329	-262958400	26.5	430290
1329	-260366400	26	430290
1329	-257688000	22.2	430290
1329	-255096000	20	430290
1329	-252417600	20.1	430290
1329	-249739200	24.1	430290
1329	-247320000	28.3	430290
1329	-244641600	32	430290
1329	-242049600	34.3	430290
1329	-239371200	32.1	430290
1329	-236779200	28	430290
1329	-234100800	27.7	430290
1329	-231422400	27.5	430290
1329	-228830400	25.5	430290
1329	-226152000	22.5	430290
1329	-223560000	20.6	430290
1329	-220881600	20	430290
1329	-218203200	24.5	430290
1329	-215784000	28.3	430290
1329	-213105600	31.3	430290
1329	-210513600	35	430290
1329	-207835200	30.7	430290
1329	-205243200	28.2	430290
1329	-202564800	27	430290
1329	-199886400	28	430290
1329	-197294400	26.8	430290
1329	-194616000	23.7	430290
1329	-192024000	20.6	430290
1329	-189345600	23	430290
1329	-186667200	25.8	430290
1329	-184161600	30	430290
1329	-181483200	34.2	430290
1329	-178891200	36.2	430290
1329	-176212800	33	430290
1329	-173620800	27.8	430290
1329	-170942400	26.6	430290
1329	-168264000	27.8	430290
1329	-165672000	26.8	430290
1329	-162993600	21.8	430290
1329	-160401600	19.7	430290
1329	-157723200	21.5	430290
1329	-155044800	24.1	430290
1329	-152625600	28.6	430290
1329	-149947200	32.1	430290
1329	-147355200	35.1	430290
1329	-144676800	32.3	430290
1329	-142084800	27.3	430290
1329	-139406400	28.5	430290
1329	-136728000	27.6	430290
1329	-134136000	27	430290
1329	-131457600	23.5	430290
1329	-128865600	21.6	430290
1329	-126187200	21.5	430290
1329	-123508800	25.6	430290
1329	-121089600	29.1	430290
1329	-118411200	32.8	430290
1329	-115819200	34.2	430290
1329	-113140800	33.2	430290
1329	-110548800	29.5	430290
1329	-107870400	28	430290
1329	-105192000	27.8	430290
1329	-102600000	27.2	430290
1329	-99921600	25.6	430290
1329	-97329600	20.5	430290
1329	-94651200	22	430290
1329	-91972800	25	430290
1329	-89553600	27.6	430290
1329	-86875200	31.8	430290
1329	-84283200	35.1	430290
1329	-81604800	32.7	430290
1329	-79012800	28.6	430290
1329	-76334400	27.2	430290
1329	-73656000	28	430290
1329	-71064000	26.5	430290
1329	-68385600	23.8	430290
1329	-65793600	23.3	430290
1329	-63115200	21.3	430290
1329	-60436800	24.5	430290
1329	-57931200	26.8	430290
1329	-55252800	31.5	430290
1329	-52660800	35.1	430290
1329	-49982400	33.7	430290
1329	-47390400	28.6	430290
1329	-44712000	27	430290
1329	-42033600	28.1	430290
1329	-39441600	25	430290
1329	-36763200	20.7	430290
1329	-34171200	19.1	430290
1329	-31492800	22.5	430290
1329	-28814400	27.1	430290
1329	-26395200	31.5	430290
1329	-23716800	34.7	430290
1329	-21124800	35.7	430290
1329	-18446400	33.5	430290
1329	-15854400	28	430290
1329	-13176000	27.6	430290
1329	-10497600	27.2	430290
1329	-7905600	26.1	430290
1329	-5227200	25	430290
1329	-2635200	20.6	430290
1329	43200	22.6	430290
1329	2721600	26.8	430290
1329	5140800	30.3	430290
1329	7819200	33.8	430290
1329	10411200	36.2	430290
1329	13089600	29.3	430290
1329	15681600	28	430290
1329	18360000	27.1	430290
1329	21038400	27.7	430290
1329	23630400	26.6	430290
1329	26308800	21.2	430290
1329	28900800	18.6	430290
1329	31579200	21.8	430290
1329	34257600	25.1	430290
1329	36676800	27.2	430290
1329	39355200	33.3	430290
1329	41947200	34.1	430290
1329	44625600	29.5	430290
1329	47217600	28.3	430290
1329	49896000	28	430290
1329	52574400	28.3	430290
1329	55166400	26.8	430290
1329	57844800	21.5	430290
1329	60436800	16.2	430290
1329	63115200	21.2	430290
1329	65793600	24.2	430290
1329	68299200	31	430290
1329	70977600	33.5	430290
1329	73569600	36.3	430290
1329	76248000	34.5	430290
1329	78840000	29	430290
1329	81518400	27.6	430290
1329	84196800	28.3	430290
1329	86788800	26.5	430290
1329	89467200	23.5	430290
1329	92059200	22.8	430290
1329	94737600	24	430290
1329	97416000	27	430290
1329	99835200	31.1	430290
1329	102513600	35.8	430290
1329	105105600	38.3	430290
1329	107784000	33.2	430290
1329	110376000	28	430290
1329	113054400	26.7	430290
1329	115732800	27.2	430290
1329	118324800	26.2	430290
1329	121003200	22.2	430290
1329	123595200	20.8	430290
1329	126273600	20.6	430290
1329	128952000	25.2	430290
1329	131371200	29.7	430290
1329	134049600	34	430290
1329	136641600	35	430290
1329	139320000	32.2	430290
1329	141912000	29.5	430290
1329	144590400	27.5	430290
1329	147268800	29	430290
1329	149860800	26.7	430290
1329	152539200	21.5	430290
1329	155131200	20	430290
1329	157809600	20.2	430290
1329	160488000	25.5	430290
1329	162907200	29	430290
1329	165585600	34.2	430290
1329	168177600	36.6	430290
1329	170856000	31.7	430290
1329	173448000	28.7	430290
1329	176126400	27.7	430290
1329	178804800	27.2	430290
1329	181396800	27	430290
1329	184075200	21.1	430290
1329	186667200	20	430290
1329	189345600	20.2	430290
1329	192024000	24.2	430290
1329	194529600	29.1	430290
1329	197208000	32.8	430290
1329	199800000	35.8	430290
1329	202478400	32.3	430290
1329	205070400	27.8	430290
1329	207748800	27.7	430290
1329	210427200	28.2	430290
1329	213019200	28.5	430290
1329	215697600	26.7	430290
1329	218289600	24.3	430290
1329	220968000	22.2	430290
1329	223646400	25.2	430290
1329	226065600	31	430290
1329	228744000	32.7	430290
1329	231336000	34.1	430290
1329	234014400	32.7	430290
1329	236606400	28.2	430290
1329	239284800	27.2	430290
1329	241963200	27.1	430290
1329	244555200	26.7	430290
1329	247233600	26	430290
1329	249825600	21.2	430290
1329	252504000	20.7	430290
1329	255182400	24.1	430290
1329	257601600	29.6	430290
1329	260280000	32.3	430290
1329	262872000	37	430290
1329	265550400	32.2	430290
1329	268142400	26	430290
1329	270820800	26.5	430290
1329	273499200	28.2	430290
1329	276091200	27	430290
1329	278769600	26.2	430290
1329	281361600	21.1	430290
1329	284040000	23.5	430290
1329	286718400	23.3	430290
1329	289137600	28	430290
1329	291816000	33.2	430290
1329	294408000	34	430290
1329	297086400	32.5	430290
1329	299678400	28.5	430290
1329	302356800	27	430290
1329	305035200	28.1	430290
1329	307627200	28	430290
1329	310305600	26	430290
1329	312897600	21.6	430290
1329	315576000	23.3	430290
1329	318254400	26.3	430290
1329	320760000	30.1	430290
1329	323438400	34.7	430290
1329	326030400	37.3	430290
1329	328708800	30.6	430290
1329	331300800	27.6	430290
1329	333979200	27	430290
1329	336657600	28.1	430290
1329	339249600	27.5	430290
1329	341928000	25.2	430290
1329	344520000	21.3	430290
1329	347198400	20.3	430290
1329	349876800	24.6	430290
1329	352296000	28	430290
1329	354974400	30.7	430290
1329	357566400	34.5	430290
1329	360244800	32.7	430290
1329	362836800	27.7	430290
1329	365515200	26.8	430290
1329	368193600	27.5	430290
1329	370785600	27.3	430290
1329	373464000	22.1	430290
1329	376056000	20.5	430290
1329	378734400	23.3	430290
1329	381412800	24.8	430290
1329	383832000	27.5	430290
1329	386510400	32.5	430290
1329	389102400	33.5	430290
1329	391780800	32.7	430290
1329	394372800	28.8	430290
1329	397051200	27.2	430290
1329	399729600	27.6	430290
1329	402321600	27.3	430290
1329	4.05e+08	23.5	430290
1329	407592000	22.6	430290
1335	-2177409600	22	430810
1335	-2174731200	23.5	430810
1335	-2172312000	27.6	430810
1335	-2169633600	31.5	430810
1335	-2167041600	31.8	430810
1335	-2164363200	30.3	430810
1335	-2161771200	26.5	430810
1335	-2159092800	25.1	430810
1335	-2156414400	26.6	430810
1335	-2153822400	26	430810
1335	-2151144000	22	430810
1335	-2148552000	19.7	430810
1335	-2145873600	21.6	430810
1335	-2143195200	22.7	430810
1335	-2140776000	26.8	430810
1335	-2138097600	30.1	430810
1335	-2135505600	35	430810
1335	-2132827200	30.7	430810
1335	-2130235200	28.2	430810
1335	-2127556800	27.8	430810
1335	-2124878400	26.6	430810
1335	-2122286400	26.5	430810
1335	-2119608000	21.8	430810
1335	-2117016000	20.5	430810
1335	-2114337600	22.3	430810
1335	-2111659200	23.6	430810
1335	-2109240000	28.6	430810
1335	-2106561600	32.8	430810
1335	-2103969600	33.3	430810
1335	-2101291200	32	430810
1335	-2098699200	26.5	430810
1335	-2096020800	26.1	430810
1335	-2093342400	26	430810
1335	-2090750400	24.5	430810
1335	-2088072000	21.5	430810
1335	-2085480000	18.7	430810
1335	-2082801600	20.6	430810
1335	-2080123200	24.7	430810
1335	-2077617600	27.3	430810
1335	-2074939200	33.8	430810
1335	-2072347200	34.5	430810
1335	-2069668800	29	430810
1335	-2067076800	27	430810
1335	-2064398400	27	430810
1335	-2061720000	26.5	430810
1335	-2059128000	25.8	430810
1335	-2056449600	21.5	430810
1335	-2053857600	19.8	430810
1335	-2051179200	20.6	430810
1335	-2048500800	21.2	430810
1335	-2046081600	28.7	430810
1335	-2043403200	30.5	430810
1335	-2040811200	34.6	430810
1335	-2038132800	32.3	430810
1335	-2035540800	27.3	430810
1335	-2032862400	27	430810
1335	-2030184000	26.1	430810
1335	-2027592000	26.3	430810
1335	-2024913600	23	430810
1335	-2022321600	18.7	430810
1335	-2019643200	21.2	430810
1335	-2016964800	26	430810
1335	-2014545600	28.3	430810
1335	-2011867200	34.3	430810
1335	-2009275200	35.5	430810
1335	-2006596800	29.5	430810
1335	-2004004800	27	430810
1335	-2001326400	27	430810
1335	-1998648000	26.5	430810
1335	-1996056000	26	430810
1335	-1993377600	23.3	430810
1335	-1990785600	21	430810
1335	-1988107200	21.6	430810
1335	-1985428800	25.3	430810
1335	-1983009600	28.5	430810
1335	-1980331200	29.3	430810
1335	-1977739200	32.6	430810
1335	-1975060800	31.7	430810
1335	-1972468800	27.6	430810
1335	-1969790400	25.3	430810
1335	-1967112000	27	430810
1335	-1964520000	26.6	430810
1335	-1961841600	24	430810
1335	-1959249600	21	430810
1335	-1956571200	21	430810
1335	-1953892800	24	430810
1335	-1951387200	28.3	430810
1335	-1948708800	33.5	430810
1335	-1946116800	35	430810
1335	-1943438400	32.3	430810
1335	-1940846400	26.5	430810
1335	-1938168000	26	430810
1335	-1935489600	26.5	430810
1335	-1932897600	25.5	430810
1335	-1930219200	21.8	430810
1335	-1927627200	18.5	430810
1335	-1924948800	23.2	430810
1335	-1922270400	25	430810
1335	-1919851200	29.8	430810
1335	-1917172800	31.5	430810
1335	-1914580800	34.3	430810
1335	-1911902400	30.8	430810
1335	-1909310400	25.1	430810
1335	-1906632000	27	430810
1335	-1903953600	26.5	430810
1335	-1901361600	25.3	430810
1335	-1898683200	22.5	430810
1335	-1896091200	22.7	430810
1335	-1893412800	21.8	430810
1335	-1890734400	23.5	430810
1335	-1888315200	28.7	430810
1335	-1885636800	33	430810
1335	-1883044800	35	430810
1335	-1880366400	30.7	430810
1335	-1877774400	27.6	430810
1335	-1875096000	26.5	430810
1335	-1872417600	25.7	430810
1335	-1869825600	25.5	430810
1335	-1867147200	20.8	430810
1335	-1864555200	19.5	430810
1335	-1861876800	22.2	430810
1335	-1859198400	22.7	430810
1335	-1856779200	27.6	430810
1335	-1854100800	32.3	430810
1335	-1851508800	36.2	430810
1335	-1848830400	29.7	430810
1335	-1846238400	27.7	430810
1335	-1843560000	25.7	430810
1335	-1840881600	27.3	430810
1335	-1838289600	26.5	430810
1335	-1835611200	24.8	430810
1335	-1833019200	21	430810
1335	-1830340800	22.5	430810
1335	-1827662400	25.5	430810
1335	-1825156800	28.8	430810
1335	-1822478400	32.5	430810
1335	-1819886400	34.8	430810
1335	-1817208000	33.6	430810
1335	-1814616000	26.7	430810
1335	-1811937600	26	430810
1335	-1809259200	27.1	430810
1335	-1806667200	26.7	430810
1335	-1803988800	22.6	430810
1335	-1801396800	19.5	430810
1335	-1798718400	20.3	430810
1335	-1796040000	26.1	430810
1335	-1793620800	28.5	430810
1335	-1790942400	33.3	430810
1335	-1788350400	34.5	430810
1335	-1785672000	30.2	430810
1335	-1783080000	26.5	430810
1335	-1780401600	26.6	430810
1335	-1777723200	27.1	430810
1335	-1775131200	25.7	430810
1335	-1772452800	22.8	430810
1335	-1769860800	21.8	430810
1335	-1767182400	21.5	430810
1335	-1764504000	26.1	430810
1335	-1762084800	28.8	430810
1335	-1759406400	32	430810
1335	-1756814400	35	430810
1335	-1754136000	30.5	430810
1335	-1751544000	26.8	430810
1335	-1748865600	26.5	430810
1335	-1746187200	26.3	430810
1335	-1743595200	26	430810
1335	-1740916800	23.5	430810
1335	-1738324800	21.2	430810
1335	-1735646400	22.1	430810
1335	-1732968000	24.5	430810
1335	-1730548800	27.5	430810
1335	-1727870400	31.7	430810
1335	-1725278400	34.7	430810
1335	-1722600000	32.8	430810
1335	-1720008000	28.2	430810
1335	-1717329600	27	430810
1335	-1714651200	27	430810
1335	-1712059200	26.5	430810
1335	-1709380800	24.5	430810
1335	-1706788800	19.6	430810
1335	-1704110400	22.2	430810
1335	-1701432000	25	430810
1335	-1698926400	28.7	430810
1335	-1696248000	33	430810
1335	-1693656000	34.6	430810
1335	-1690977600	28.6	430810
1335	-1688385600	27.5	430810
1335	-1685707200	26.7	430810
1335	-1683028800	27.1	430810
1335	-1680436800	26.7	430810
1335	-1677758400	23.5	430810
1335	-1675166400	20	430810
1335	-1672488000	21.6	430810
1335	-1669809600	23.5	430810
1335	-1667390400	27.5	430810
1335	-1664712000	30.7	430810
1335	-1662120000	30.1	430810
1335	-1659441600	28.6	430810
1335	-1656849600	27	430810
1335	-1654171200	26.8	430810
1335	-1651492800	26	430810
1335	-1648900800	26.1	430810
1335	-1646222400	22.3	430810
1335	-1643630400	20.8	430810
1335	-1640952000	20.5	430810
1335	-1638273600	24.6	430810
1335	-1635854400	28.5	430810
1335	-1633176000	32.3	430810
1335	-1630584000	32.8	430810
1335	-1627905600	29.1	430810
1335	-1625313600	28.5	430810
1335	-1622635200	26.3	430810
1335	-1619956800	28	430810
1335	-1617364800	26.6	430810
1335	-1614686400	24.7	430810
1335	-1612094400	22	430810
1335	-1609416000	24	430810
1335	-1606737600	26.5	430810
1335	-1604318400	30	430810
1335	-1601640000	31.8	430810
1335	-1599048000	34.5	430810
1335	-1596369600	29.6	430810
1335	-1593777600	28.1	430810
1335	-1591099200	27.1	430810
1335	-1588420800	27.3	430810
1335	-1585828800	25.5	430810
1335	-1583150400	24.8	430810
1335	-1580558400	21.5	430810
1335	-1577880000	22.5	430810
1335	-1575201600	24.5	430810
1335	-1572696000	30	430810
1335	-1570017600	33	430810
1335	-1567425600	34.1	430810
1335	-1564747200	32	430810
1335	-1562155200	27.7	430810
1335	-1559476800	27.7	430810
1335	-1556798400	27.5	430810
1335	-1554206400	28.3	430810
1335	-1551528000	24	430810
1335	-1548936000	21.2	430810
1335	-1546257600	22.8	430810
1335	-1543579200	24.8	430810
1335	-1541160000	30.5	430810
1335	-1538481600	33.5	430810
1335	-1535889600	36.5	430810
1335	-1533211200	29.6	430810
1335	-1530619200	27.2	430810
1335	-1527940800	26.3	430810
1335	-1525262400	26.5	430810
1335	-1522670400	24.8	430810
1335	-1519992000	20.5	430810
1335	-1517400000	20.2	430810
1335	-1514721600	22	430810
1335	-1512043200	24.1	430810
1335	-1509624000	28.6	430810
1335	-1506945600	33	430810
1335	-1504353600	34.6	430810
1335	-1501675200	29.6	430810
1335	-1499083200	26.6	430810
1335	-1496404800	27.5	430810
1335	-1493726400	25.5	430810
1335	-1491134400	25	430810
1335	-1488456000	21.8	430810
1335	-1485864000	19.3	430810
1335	-1483185600	21.6	430810
1335	-1480507200	24.3	430810
1335	-1478088000	28.2	430810
1335	-1475409600	32	430810
1335	-1472817600	35	430810
1335	-1470139200	34.5	430810
1335	-1467547200	27	430810
1335	-1464868800	26.7	430810
1335	-1462190400	26.5	430810
1335	-1459598400	24.6	430810
1335	-1456920000	23	430810
1335	-1454328000	21.8	430810
1335	-1451649600	23.5	430810
1335	-1448971200	26.1	430810
1335	-1446465600	30	430810
1335	-1443787200	34	430810
1335	-1441195200	35.5	430810
1335	-1438516800	33.3	430810
1335	-1435924800	28.5	430810
1335	-1433246400	27.6	430810
1335	-1430568000	26.6	430810
1335	-1427976000	24.8	430810
1335	-1425297600	21.8	430810
1335	-1422705600	20.6	430810
1335	-1420027200	20.7	430810
1335	-1417348800	24	430810
1335	-1414929600	28.2	430810
1335	-1412251200	33.6	430810
1335	-1409659200	32.7	430810
1335	-1406980800	30.1	430810
1335	-1404388800	27.2	430810
1335	-1401710400	25.6	430810
1335	-1399032000	27.1	430810
1335	-1396440000	25.8	430810
1335	-1393761600	23.7	430810
1335	-1391169600	20.1	430810
1335	-1388491200	23.3	430810
1335	-1385812800	25.1	430810
1335	-1383393600	29	430810
1335	-1380715200	30.6	430810
1335	-1378123200	32.2	430810
1335	-1375444800	33.8	430810
1335	-1372852800	28	430810
1335	-1370174400	26.2	430810
1335	-1367496000	27.3	430810
1335	-1364904000	26.1	430810
1335	-1362225600	23	430810
1335	-1359633600	21.5	430810
1335	-1356955200	25	430810
1335	-1354276800	25.5	430810
1335	-1351857600	29.8	430810
1335	-1349179200	32.8	430810
1335	-1346587200	35	430810
1335	-1343908800	30.3	430810
1335	-1341316800	27	430810
1335	-1338638400	26.7	430810
1335	-1335960000	27.5	430810
1335	-1333368000	25.7	430810
1335	-1330689600	21.5	430810
1335	-1328097600	21.5	430810
1335	-1325419200	23	430810
1335	-1322740800	24.3	430810
1335	-1320235200	29	430810
1335	-1317556800	32.6	430810
1335	-1314964800	35.6	430810
1335	-1312286400	30.2	430810
1335	-1309694400	26.8	430810
1335	-1307016000	27	430810
1335	-1304337600	26.5	430810
1335	-1301745600	26	430810
1335	-1299067200	23.6	430810
1335	-1296475200	21.5	430810
1335	-1293796800	22.8	430810
1335	-1291118400	23.6	430810
1335	-1288699200	29.1	430810
1335	-1286020800	31.5	430810
1335	-1283428800	35.8	430810
1335	-1280750400	30	430810
1335	-1278158400	27.6	430810
1335	-1275480000	26.7	430810
1335	-1272801600	26.8	430810
1335	-1270209600	26	430810
1335	-1267531200	23	430810
1335	-1264939200	22.7	430810
1335	-1262260800	23	430810
1335	-1259582400	23.3	430810
1335	-1257163200	29	430810
1335	-1254484800	32.2	430810
1335	-1251892800	35.2	430810
1335	-1249214400	31.3	430810
1335	-1246622400	28	430810
1335	-1243944000	27	430810
1335	-1241265600	27	430810
1335	-1238673600	26.6	430810
1335	-1235995200	22.5	430810
1335	-1233403200	22.7	430810
1335	-1230724800	22.7	430810
1335	-1228046400	27.1	430810
1335	-1225627200	30	430810
1335	-1222948800	34.1	430810
1335	-1220356800	36	430810
1335	-1217678400	31.8	430810
1335	-1215086400	26.8	430810
1335	-1212408000	26.5	430810
1335	-1209729600	26.6	430810
1335	-1207137600	25.7	430810
1335	-1204459200	22.8	430810
1335	-1201867200	20.5	430810
1335	-1199188800	21.7	430810
1335	-1196510400	24	430810
1335	-1194004800	28.2	430810
1335	-1191326400	32.5	430810
1335	-1188734400	34.5	430810
1335	-1186056000	31.5	430810
1335	-1183464000	26.5	430810
1335	-1180785600	27.1	430810
1335	-1178107200	27	430810
1335	-1175515200	27	430810
1335	-1172836800	24	430810
1335	-1170244800	21.3	430810
1335	-1167566400	22.6	430810
1335	-1164888000	26.5	430810
1335	-1162468800	28.1	430810
1335	-1159790400	31.6	430810
1335	-1157198400	32	430810
1335	-1154520000	27.8	430810
1335	-1151928000	27	430810
1335	-1149249600	26.3	430810
1335	-1146571200	26.1	430810
1335	-1143979200	26	430810
1335	-1141300800	23.2	430810
1335	-1138708800	21.1	430810
1335	-1136030400	21.5	430810
1335	-1133352000	24	430810
1335	-1130932800	28.5	430810
1335	-1128254400	32.2	430810
1335	-1125662400	35	430810
1335	-1122984000	31.6	430810
1335	-1120392000	27	430810
1335	-1117713600	26.2	430810
1335	-1115035200	26.8	430810
1335	-1112443200	25.6	430810
1335	-1109764800	21.8	430810
1335	-1107172800	20.8	430810
1335	-1104494400	22.7	430810
1335	-1101816000	25	430810
1335	-1099396800	28.2	430810
1335	-1096718400	29.8	430810
1335	-1094126400	35	430810
1335	-1091448000	31.6	430810
1335	-1088856000	26.5	430810
1335	-1086177600	27	430810
1335	-1083499200	26.1	430810
1335	-1080907200	26.6	430810
1335	-1078228800	22.7	430810
1335	-1075636800	22.7	430810
1335	-1072958400	24.5	430810
1335	-1070280000	24.5	430810
1335	-1067774400	28.5	430810
1335	-1065096000	31.8	430810
1335	-1062504000	35	430810
1335	-1059825600	29	430810
1335	-1057233600	27.2	430810
1335	-1054555200	26.3	430810
1335	-1051876800	27	430810
1335	-1049284800	26	430810
1335	-1046606400	24.3	430810
1335	-1044014400	21.5	430810
1335	-1041336000	21.5	430810
1335	-1038657600	25.5	430810
1335	-1036238400	28.7	430810
1335	-1033560000	29	430810
1335	-1030968000	34.5	430810
1335	-1028289600	32.1	430810
1335	-1025697600	26.7	430810
1335	-1023019200	27.1	430810
1335	-1020340800	26.8	430810
1335	-1017748800	25.5	430810
1335	-1015070400	23	430810
1335	-1012478400	21.3	430810
1335	-1009800000	24.8	430810
1335	-1007121600	24.5	430810
1335	-1004702400	29.5	430810
1335	-1002024000	32.1	430810
1335	-999432000	34.1	430810
1335	-996753600	27.5	430810
1335	-994161600	26.2	430810
1335	-991483200	26.6	430810
1335	-988804800	27	430810
1335	-986212800	25.3	430810
1335	-983534400	22.5	430810
1335	-980942400	20.8	430810
1335	-978264000	23	430810
1335	-975585600	26.1	430810
1335	-973166400	28.5	430810
1335	-970488000	32.5	430810
1335	-967896000	35.1	430810
1335	-965217600	31	430810
1335	-962625600	27.1	430810
1335	-959947200	27	430810
1335	-957268800	27.1	430810
1335	-954676800	26.5	430810
1335	-951998400	21.7	430810
1335	-949406400	19.1	430810
1335	-946728000	22.7	430810
1335	-944049600	25	430810
1335	-941544000	27.3	430810
1335	-938865600	31.2	430810
1335	-936273600	33.7	430810
1335	-933595200	30.5	430810
1335	-931003200	26.2	430810
1335	-928324800	25.8	430810
1335	-925646400	27	430810
1335	-923054400	25.5	430810
1335	-920376000	23.5	430810
1335	-917784000	21.5	430810
1335	-915105600	23	430810
1335	-912427200	25.1	430810
1335	-910008000	30.3	430810
1335	-907329600	33.7	430810
1335	-904737600	35.6	430810
1335	-902059200	32.1	430810
1335	-899467200	28.3	430810
1335	-896788800	26.5	430810
1335	-894110400	26.8	430810
1335	-891518400	26.5	430810
1335	-888840000	23.1	430810
1335	-886248000	23	430810
1335	-883569600	23.5	430810
1335	-880891200	25.1	430810
1335	-878472000	30	430810
1335	-875793600	33.5	430810
1335	-873201600	35	430810
1335	-870523200	32	430810
1335	-867931200	26.3	430810
1335	-865252800	26.5	430810
1335	-862574400	26.3	430810
1335	-859982400	25.8	430810
1335	-857304000	22.6	430810
1335	-854712000	21.6	430810
1335	-852033600	24.1	430810
1335	-849355200	22.3	430810
1335	-846936000	28.2	430810
1335	-844257600	31.3	430810
1335	-841665600	33	430810
1335	-838987200	29.5	430810
1335	-836395200	26.8	430810
1335	-833716800	26.5	430810
1335	-831038400	25.5	430810
1335	-828446400	25.5	430810
1335	-825768000	23	430810
1335	-823176000	19.1	430810
1335	-820497600	22.6	430810
1335	-817819200	24.1	430810
1335	-815313600	26.3	430810
1335	-812635200	31	430810
1335	-810043200	34.8	430810
1335	-807364800	31.2	430810
1335	-804772800	26.5	430810
1335	-802094400	26.3	430810
1335	-799416000	26.3	430810
1335	-796824000	25.3	430810
1335	-794145600	21.6	430810
1335	-791553600	21.2	430810
1335	-788875200	22.2	430810
1335	-786196800	24	430810
1335	-783777600	28.5	430810
1335	-781099200	31	430810
1335	-778507200	35	430810
1335	-775828800	30.5	430810
1335	-773236800	26.2	430810
1335	-770558400	26.2	430810
1335	-767880000	26	430810
1335	-765288000	25	430810
1335	-762609600	21.1	430810
1335	-760017600	19.3	430810
1335	-757339200	20.7	430810
1335	-754660800	24.5	430810
1335	-752241600	29.1	430810
1335	-749563200	31.6	430810
1335	-746971200	34	430810
1335	-744292800	29.5	430810
1335	-741700800	26.8	430810
1335	-739022400	26.6	430810
1335	-736344000	27	430810
1335	-733752000	27.3	430810
1335	-731073600	24.5	430810
1335	-728481600	24	430810
1335	-725803200	24	430810
1335	-723124800	25.5	430810
1335	-720705600	29.3	430810
1335	-718027200	32.3	430810
1335	-715435200	35.3	430810
1335	-712756800	32.2	430810
1335	-710164800	27.2	430810
1335	-707486400	27.2	430810
1335	-704808000	26.6	430810
1335	-702216000	25	430810
1335	-699537600	23.2	430810
1335	-696945600	21.3	430810
1335	-694267200	23	430810
1335	-691588800	25.5	430810
1335	-689083200	28.6	430810
1335	-686404800	33	430810
1335	-683812800	35.8	430810
1335	-681134400	31	430810
1335	-678542400	26.8	430810
1335	-675864000	26.3	430810
1335	-673185600	26.1	430810
1335	-670593600	26.5	430810
1335	-667915200	25.7	430810
1335	-665323200	20.6	430810
1335	-662644800	23.5	430810
1335	-659966400	24.8	430810
1335	-657547200	29.2	430810
1335	-654868800	32.5	430810
1335	-652276800	33.3	430810
1335	-649598400	29.6	430810
1335	-647006400	26.7	430810
1335	-644328000	27	430810
1335	-641649600	26.3	430810
1335	-639057600	26.2	430810
1335	-636379200	21.6	430810
1335	-633787200	21.8	430810
1335	-631108800	22.3	430810
1335	-628430400	24.6	430810
1335	-626011200	27.5	430810
1335	-623332800	32	430810
1335	-620740800	34.5	430810
1335	-618062400	31.2	430810
1335	-615470400	27	430810
1335	-612792000	27.8	430810
1335	-610113600	26.5	430810
1335	-607521600	25.6	430810
1335	-604843200	22.6	430810
1335	-602251200	21.3	430810
1335	-599572800	22.5	430810
1335	-596894400	25.2	430810
1335	-594475200	28.8	430810
1335	-591796800	31.7	430810
1335	-589204800	34	430810
1335	-586526400	30.6	430810
1335	-583934400	27.5	430810
1335	-581256000	26.8	430810
1335	-578577600	27.5	430810
1335	-575985600	27.6	430810
1335	-573307200	27.1	430810
1335	-570715200	20.1	430810
1335	-568036800	22	430810
1335	-565358400	24.8	430810
1335	-562852800	27.5	430810
1335	-560174400	31.6	430810
1335	-557582400	34.6	430810
1335	-554904000	31.1	430810
1335	-552312000	27.8	430810
1335	-549633600	26.1	430810
1335	-546955200	26.5	430810
1335	-544363200	26.3	430810
1335	-541684800	21.3	430810
1335	-539092800	22.6	430810
1335	-536414400	22.7	430810
1335	-533736000	26.3	430810
1335	-531316800	30.3	430810
1335	-528638400	32.3	430810
1335	-526046400	35.3	430810
1335	-523368000	32.5	430810
1335	-520776000	27.3	430810
1335	-518097600	26.1	430810
1335	-515419200	27	430810
1335	-512827200	26	430810
1335	-510148800	22.6	430810
1335	-507556800	20.3	430810
1335	-504878400	22	430810
1335	-502200000	26	430810
1335	-499780800	29.3	430810
1335	-497102400	32.5	430810
1335	-494510400	36	430810
1335	-491832000	30.2	430810
1335	-489240000	26.6	430810
1335	-486561600	27	430810
1335	-483883200	26.3	430810
1335	-481291200	24.7	430810
1335	-478612800	21.6	430810
1335	-476020800	21.6	430810
1335	-473342400	22	430810
1335	-470664000	25.8	430810
1335	-468244800	29	430810
1335	-465566400	31.2	430810
1335	-462974400	33.7	430810
1335	-460296000	29.8	430810
1335	-457704000	26.5	430810
1335	-455025600	25.2	430810
1335	-452347200	26	430810
1335	-449755200	26.1	430810
1335	-447076800	21.8	430810
1335	-444484800	20.5	430810
1335	-441806400	22.5	430810
1335	-439128000	23.8	430810
1335	-436622400	29.7	430810
1335	-433944000	32.5	430810
1335	-431352000	34.2	430810
1335	-428673600	29.5	430810
1335	-426081600	25.5	430810
1335	-423403200	26.3	430810
1335	-420724800	26	430810
1335	-418132800	25.1	430810
1335	-415454400	23.2	430810
1335	-412862400	22	430810
1335	-410184000	23.5	430810
1335	-407505600	24.6	430810
1335	-405086400	27.6	430810
1335	-402408000	31.3	430810
1335	-399816000	33.7	430810
1335	-397137600	32	430810
1335	-394545600	26.6	430810
1335	-391867200	26	430810
1335	-389188800	27.7	430810
1335	-386596800	27	430810
1335	-383918400	23.8	430810
1335	-381326400	22.5	430810
1335	-378648000	22.8	430810
1335	-375969600	25.5	430810
1335	-373550400	28.8	430810
1335	-370872000	32.5	430810
1335	-368280000	34.5	430810
1335	-365601600	33.8	430810
1335	-363009600	26.5	430810
1335	-360331200	26.2	430810
1335	-357652800	26.7	430810
1335	-355060800	26	430810
1335	-352382400	23.6	430810
1335	-349790400	21.1	430810
1335	-347112000	23	430810
1335	-344433600	25.7	430810
1335	-342014400	28.6	430810
1335	-339336000	31.8	430810
1335	-336744000	34.5	430810
1335	-334065600	29.7	430810
1335	-331473600	26.7	430810
1335	-328795200	26	430810
1335	-326116800	26.3	430810
1335	-323524800	26.5	430810
1335	-320846400	23.5	430810
1335	-318254400	21.7	430810
1335	-315576000	23.5	430810
1335	-312897600	24.8	430810
1335	-310392000	27.8	430810
1335	-307713600	31.5	430810
1335	-305121600	33.3	430810
1335	-302443200	30	430810
1335	-299851200	28	430810
1335	-297172800	27	430810
1335	-294494400	27.1	430810
1335	-291902400	26	430810
1335	-289224000	23	430810
1335	-286632000	22.3	430810
1335	-283953600	23.3	430810
1335	-281275200	24.1	430810
1335	-278856000	30.1	430810
1335	-276177600	32.7	430810
1335	-273585600	33.3	430810
1335	-270907200	29.7	430810
1335	-268315200	26.5	430810
1335	-265636800	26.5	430810
1335	-262958400	26.5	430810
1335	-260366400	25.1	430810
1335	-257688000	22.6	430810
1335	-255096000	21.1	430810
1335	-252417600	20.7	430810
1335	-249739200	24.2	430810
1335	-247320000	28.5	430810
1335	-244641600	30.8	430810
1335	-242049600	32	430810
1335	-239371200	30.8	430810
1335	-236779200	26.6	430810
1335	-234100800	26	430810
1335	-231422400	26.8	430810
1335	-228830400	26	430810
1335	-226152000	23	430810
1335	-223560000	21.6	430810
1335	-220881600	21.3	430810
1335	-218203200	25	430810
1335	-215784000	27.6	430810
1335	-213105600	30.8	430810
1335	-210513600	34.2	430810
1335	-207835200	29.3	430810
1335	-205243200	27.7	430810
1335	-202564800	25.8	430810
1335	-199886400	27.5	430810
1335	-197294400	26.2	430810
1335	-194616000	23.3	430810
1335	-192024000	22	430810
1335	-189345600	24	430810
1335	-186667200	26.6	430810
1335	-184161600	30.2	430810
1335	-181483200	33.5	430810
1335	-178891200	36.1	430810
1335	-176212800	32	430810
1335	-173620800	27.5	430810
1335	-170942400	26.5	430810
1335	-168264000	26.7	430810
1335	-165672000	27	430810
1335	-162993600	23.5	430810
1335	-160401600	21	430810
1335	-157723200	22.6	430810
1335	-155044800	25	430810
1335	-152625600	29.3	430810
1335	-149947200	32.1	430810
1335	-147355200	34.3	430810
1335	-144676800	31.1	430810
1335	-142084800	27.1	430810
1335	-139406400	26.1	430810
1335	-136728000	27	430810
1335	-134136000	27.2	430810
1335	-131457600	24.2	430810
1335	-128865600	23	430810
1335	-126187200	22.5	430810
1335	-123508800	25.7	430810
1335	-121089600	28.8	430810
1335	-118411200	33.1	430810
1335	-115819200	33.8	430810
1335	-113140800	31.1	430810
1335	-110548800	27.5	430810
1335	-107870400	26.5	430810
1335	-105192000	27.1	430810
1335	-102600000	27.1	430810
1335	-99921600	25.5	430810
1335	-97329600	21.6	430810
1335	-94651200	22.7	430810
1335	-91972800	25.1	430810
1335	-89553600	28.1	430810
1335	-86875200	32.3	430810
1335	-84283200	35	430810
1335	-81604800	31.6	430810
1335	-79012800	27.7	430810
1335	-76334400	27	430810
1335	-73656000	27.8	430810
1335	-71064000	26.6	430810
1335	-68385600	24.1	430810
1335	-65793600	24.2	430810
1335	-63115200	22.1	430810
1335	-60436800	25.6	430810
1335	-57931200	29.1	430810
1335	-55252800	31.5	430810
1335	-52660800	34.5	430810
1335	-49982400	31.8	430810
1335	-47390400	28	430810
1335	-44712000	27.3	430810
1335	-42033600	27.1	430810
1335	-39441600	26	430810
1335	-36763200	23.2	430810
1335	-34171200	22	430810
1335	-31492800	23.1	430810
1335	-28814400	27.5	430810
1335	-26395200	29	430810
1335	-23716800	33.8	430810
1335	-21124800	35	430810
1335	-18446400	32.5	430810
1335	-15854400	27.5	430810
1335	-13176000	27.7	430810
1335	-10497600	26.2	430810
1335	-7905600	26.2	430810
1335	-5227200	24.8	430810
1335	-2635200	21.5	430810
1335	43200	23.1	430810
1335	2721600	26.6	430810
1335	5140800	30	430810
1335	7819200	32.5	430810
1335	10411200	34.3	430810
1335	13089600	28.5	430810
1335	15681600	27.6	430810
1335	18360000	27	430810
1335	21038400	27.5	430810
1335	23630400	26.3	430810
1335	26308800	23.5	430810
1335	28900800	22.5	430810
1335	31579200	22.5	430810
1335	34257600	25.5	430810
1335	36676800	27.5	430810
1335	39355200	31.5	430810
1335	41947200	32.7	430810
1335	44625600	27.3	430810
1335	47217600	28	430810
1335	49896000	27.5	430810
1335	52574400	27.8	430810
1335	55166400	26.1	430810
1335	57844800	21.8	430810
1335	60436800	20	430810
1335	63115200	21.8	430810
1335	65793600	25	430810
1335	68299200	30.5	430810
1335	70977600	32	430810
1335	73569600	34	430810
1335	76248000	29.5	430810
1335	78840000	28.5	430810
1335	81518400	27.8	430810
1335	84196800	27.8	430810
1335	86788800	26.7	430810
1335	89467200	23.5	430810
1335	92059200	23.5	430810
1335	94737600	24.7	430810
1335	97416000	27.5	430810
1335	99835200	31	430810
1335	102513600	35.3	430810
1335	105105600	36.8	430810
1335	107784000	32	430810
1335	110376000	27.5	430810
1335	113054400	26.3	430810
1335	115732800	27.3	430810
1335	118324800	26	430810
1335	121003200	22.5	430810
1335	123595200	21.2	430810
1335	126273600	21.8	430810
1335	128952000	26.7	430810
1335	131371200	29.7	430810
1335	134049600	33	430810
1335	136641600	33.5	430810
1335	139320000	28.5	430810
1335	141912000	28.8	430810
1335	144590400	27	430810
1335	147268800	27.7	430810
1335	149860800	26.5	430810
1335	152539200	22.3	430810
1335	155131200	20.6	430810
1335	157809600	21.6	430810
1335	160488000	25	430810
1335	162907200	27	430810
1335	165585600	33.2	430810
1335	168177600	35	430810
1335	170856000	29.6	430810
1335	173448000	27.1	430810
1335	176126400	27	430810
1335	178804800	26.5	430810
1335	181396800	27	430810
1335	184075200	21.6	430810
1335	186667200	19.8	430810
1335	189345600	21	430810
1335	192024000	25.2	430810
1335	194529600	29.3	430810
1335	197208000	32.2	430810
1335	199800000	34.7	430810
1335	202478400	30.8	430810
1335	205070400	27.2	430810
1335	207748800	27	430810
1335	210427200	27.5	430810
1335	213019200	27.6	430810
1335	215697600	26.6	430810
1335	218289600	24	430810
1335	220968000	23.1	430810
1335	223646400	26.6	430810
1335	226065600	30.7	430810
1335	228744000	32.6	430810
1335	231336000	34	430810
1335	234014400	31.5	430810
1335	236606400	28.1	430810
1335	239284800	26.7	430810
1335	241963200	27.1	430810
1335	244555200	26.5	430810
1335	247233600	26.1	430810
1335	249825600	22	430810
1335	252504000	23	430810
1335	255182400	25.3	430810
1335	257601600	29.2	430810
1335	260280000	33	430810
1335	262872000	35.8	430810
1335	265550400	30	430810
1335	268142400	26.6	430810
1335	270820800	26.8	430810
1335	273499200	27.8	430810
1335	276091200	27.1	430810
1335	278769600	26.3	430810
1335	281361600	22.7	430810
1335	284040000	24.5	430810
1335	286718400	25.5	430810
1335	289137600	29	430810
1335	291816000	33.2	430810
1335	294408000	33.1	430810
1335	297086400	32.6	430810
1335	299678400	28.6	430810
1335	302356800	27.3	430810
1335	305035200	27.8	430810
1335	307627200	27.3	430810
1335	310305600	24.8	430810
1335	312897600	21.8	430810
1335	315576000	23	430810
1335	318254400	27	430810
1335	320760000	30.1	430810
1335	323438400	33.7	430810
1335	326030400	36	430810
1335	328708800	29.6	430810
1335	331300800	27.5	430810
1335	333979200	26.5	430810
1335	336657600	28.1	430810
1335	339249600	27.1	430810
1335	341928000	24.6	430810
1335	344520000	18.2	430810
1335	347198400	20.5	430810
1335	349876800	24.6	430810
1335	352296000	26.8	430810
1335	354974400	31	430810
1335	357566400	34	430810
1335	360244800	29.3	430810
1335	362836800	27	430810
1335	365515200	27	430810
1335	368193600	26.2	430810
1335	370785600	26.5	430810
1335	373464000	25.1	430810
1335	376056000	21.8	430810
1335	378734400	24	430810
1335	381412800	26.7	430810
1335	383832000	29	430810
1335	386510400	31.6	430810
1335	389102400	33.2	430810
1335	391780800	31	430810
1335	394372800	27.1	430810
1335	397051200	25.8	430810
1335	399729600	26	430810
1335	402321600	24.5	430810
1335	4.05e+08	23	430810
1335	407592000	20.5	430810
1337	-2177409600	24.2	431170
1337	-2174731200	24.6	431170
1337	-2172312000	29.3	431170
1337	-2169633600	31.8	431170
1337	-2167041600	31.8	431170
1337	-2164363200	30	431170
1337	-2161771200	27.2	431170
1337	-2159092800	26.3	431170
1337	-2156414400	27.7	431170
1337	-2153822400	27.5	431170
1337	-2151144000	25	431170
1337	-2148552000	23	431170
1337	-2145873600	24.1	431170
1337	-2143195200	25.8	431170
1337	-2140776000	30.2	431170
1337	-2138097600	32.5	431170
1337	-2135505600	33.7	431170
1337	-2132827200	30	431170
1337	-2130235200	28.2	431170
1337	-2127556800	28.5	431170
1337	-2124878400	27	431170
1337	-2122286400	27.6	431170
1337	-2119608000	23.3	431170
1337	-2117016000	22.5	431170
1337	-2114337600	23.2	431170
1337	-2111659200	24.8	431170
1337	-2109240000	28.6	431170
1337	-2106561600	32.5	431170
1337	-2103969600	31.8	431170
1337	-2101291200	30.3	431170
1337	-2098699200	26.5	431170
1337	-2096020800	26.2	431170
1337	-2093342400	26.1	431170
1337	-2090750400	25.5	431170
1337	-2088072000	23.5	431170
1337	-2085480000	21.6	431170
1337	-2082801600	23	431170
1337	-2080123200	24.7	431170
1337	-2077617600	28.8	431170
1337	-2074939200	32.5	431170
1337	-2072347200	33.1	431170
1337	-2069668800	29	431170
1337	-2067076800	27.3	431170
1337	-2064398400	27.5	431170
1337	-2061720000	26.5	431170
1337	-2059128000	26.6	431170
1337	-2056449600	23	431170
1337	-2053857600	21.8	431170
1337	-2051179200	22.6	431170
1337	-2048500800	23.5	431170
1337	-2046081600	28.1	431170
1337	-2043403200	30.7	431170
1337	-2040811200	34.1	431170
1337	-2038132800	30.5	431170
1337	-2035540800	27.8	431170
1337	-2032862400	27	431170
1337	-2030184000	28.2	431170
1337	-2027592000	27.5	431170
1337	-2024913600	25.3	431170
1337	-2022321600	22.3	431170
1337	-2019643200	23.5	431170
1337	-2016964800	25.2	431170
1337	-2014545600	28.8	431170
1337	-2011867200	33.5	431170
1337	-2009275200	33.8	431170
1337	-2006596800	29	431170
1337	-2004004800	27.2	431170
1337	-2001326400	27	431170
1337	-1998648000	26.3	431170
1337	-1996056000	26.8	431170
1337	-1993377600	24.6	431170
1337	-1990785600	23	431170
1337	-1988107200	23.1	431170
1337	-1985428800	26.1	431170
1337	-1983009600	29	431170
1337	-1980331200	29.5	431170
1337	-1977739200	32.1	431170
1337	-1975060800	29.7	431170
1337	-1972468800	26.7	431170
1337	-1969790400	25.3	431170
1337	-1967112000	27.2	431170
1337	-1964520000	27.8	431170
1337	-1961841600	25.5	431170
1337	-1959249600	22.1	431170
1337	-1956571200	22.7	431170
1337	-1953892800	25.5	431170
1337	-1951387200	28.5	431170
1337	-1948708800	32.8	431170
1337	-1946116800	32.8	431170
1337	-1943438400	30.3	431170
1337	-1940846400	26.7	431170
1337	-1938168000	26	431170
1337	-1935489600	26.1	431170
1337	-1932897600	27.1	431170
1337	-1930219200	23.3	431170
1337	-1927627200	21	431170
1337	-1924948800	24.5	431170
1337	-1922270400	25.8	431170
1337	-1919851200	30.1	431170
1337	-1917172800	31.1	431170
1337	-1914580800	32.5	431170
1337	-1911902400	27.6	431170
1337	-1909310400	26.1	431170
1337	-1906632000	26.7	431170
1337	-1903953600	25.5	431170
1337	-1901361600	26.6	431170
1337	-1898683200	23.5	431170
1337	-1896091200	23.6	431170
1337	-1893412800	23	431170
1337	-1890734400	24.8	431170
1337	-1888315200	29.5	431170
1337	-1885636800	32.2	431170
1337	-1883044800	33.1	431170
1337	-1880366400	29	431170
1337	-1877774400	27.3	431170
1337	-1875096000	26.8	431170
1337	-1872417600	24.8	431170
1337	-1869825600	25.8	431170
1337	-1867147200	22.2	431170
1337	-1864555200	21.3	431170
1337	-1861876800	23.2	431170
1337	-1859198400	24	431170
1337	-1856779200	28.5	431170
1337	-1854100800	32.2	431170
1337	-1851508800	33.5	431170
1337	-1848830400	28.6	431170
1337	-1846238400	26.8	431170
1337	-1843560000	25.1	431170
1337	-1840881600	26.6	431170
1337	-1838289600	27.8	431170
1337	-1835611200	25.6	431170
1337	-1833019200	22.7	431170
1337	-1830340800	23.5	431170
1337	-1827662400	26	431170
1337	-1825156800	29.3	431170
1337	-1822478400	32.5	431170
1337	-1819886400	33	431170
1337	-1817208000	30.7	431170
1337	-1814616000	27.1	431170
1337	-1811937600	26.2	431170
1337	-1809259200	28.2	431170
1337	-1806667200	27	431170
1337	-1803988800	23.7	431170
1337	-1801396800	21.7	431170
1337	-1798718400	22	431170
1337	-1796040000	26.5	431170
1337	-1793620800	28.6	431170
1337	-1790942400	33	431170
1337	-1788350400	31.8	431170
1337	-1785672000	28.8	431170
1337	-1783080000	26.8	431170
1337	-1780401600	27.1	431170
1337	-1777723200	28	431170
1337	-1775131200	27.5	431170
1337	-1772452800	24.5	431170
1337	-1769860800	23.5	431170
1337	-1767182400	22.6	431170
1337	-1764504000	26.5	431170
1337	-1762084800	28.7	431170
1337	-1759406400	31.3	431170
1337	-1756814400	33.5	431170
1337	-1754136000	29.2	431170
1337	-1751544000	26.6	431170
1337	-1748865600	26.1	431170
1337	-1746187200	26.5	431170
1337	-1743595200	27	431170
1337	-1740916800	24	431170
1337	-1738324800	22.8	431170
1337	-1735646400	22.7	431170
1337	-1732968000	25.1	431170
1337	-1730548800	28	431170
1337	-1727870400	31.8	431170
1337	-1725278400	32.6	431170
1337	-1722600000	31	431170
1337	-1720008000	27.3	431170
1337	-1717329600	27	431170
1337	-1714651200	26.6	431170
1337	-1712059200	26	431170
1337	-1709380800	25.5	431170
1337	-1706788800	21.3	431170
1337	-1704110400	23	431170
1337	-1701432000	25.2	431170
1337	-1698926400	29.1	431170
1337	-1696248000	32.1	431170
1337	-1693656000	32.6	431170
1337	-1690977600	28	431170
1337	-1688385600	26.5	431170
1337	-1685707200	26.2	431170
1337	-1683028800	26.1	431170
1337	-1680436800	26.5	431170
1337	-1677758400	23.8	431170
1337	-1675166400	21.1	431170
1337	-1672488000	22.6	431170
1337	-1669809600	24.5	431170
1337	-1667390400	27.8	431170
1337	-1664712000	30.3	431170
1337	-1662120000	30	431170
1337	-1659441600	27.6	431170
1337	-1656849600	27.5	431170
1337	-1654171200	26.6	431170
1337	-1651492800	25.3	431170
1337	-1648900800	25.3	431170
1337	-1646222400	23.3	431170
1337	-1643630400	21.8	431170
1337	-1640952000	22.1	431170
1337	-1638273600	25.1	431170
1337	-1635854400	28.2	431170
1337	-1633176000	31.5	431170
1337	-1630584000	30.6	431170
1337	-1627905600	28.3	431170
1337	-1625313600	28.3	431170
1337	-1622635200	26.6	431170
1337	-1619956800	27.1	431170
1337	-1617364800	27.7	431170
1337	-1614686400	25.6	431170
1337	-1612094400	23.3	431170
1337	-1609416000	24.3	431170
1337	-1606737600	26.5	431170
1337	-1604318400	29.3	431170
1337	-1601640000	32	431170
1337	-1599048000	32.7	431170
1337	-1596369600	27.8	431170
1337	-1593777600	27.6	431170
1337	-1591099200	27.1	431170
1337	-1588420800	26.7	431170
1337	-1585828800	26.5	431170
1337	-1583150400	25.5	431170
1337	-1580558400	22.5	431170
1337	-1577880000	23.7	431170
1337	-1575201600	25.1	431170
1337	-1572696000	29.3	431170
1337	-1570017600	32	431170
1337	-1567425600	32	431170
1337	-1564747200	29	431170
1337	-1562155200	27.5	431170
1337	-1559476800	27.3	431170
1337	-1556798400	27.3	431170
1337	-1554206400	28.2	431170
1337	-1551528000	25.5	431170
1337	-1548936000	23.1	431170
1337	-1546257600	24	431170
1337	-1543579200	25.3	431170
1337	-1541160000	30.2	431170
1337	-1538481600	32.2	431170
1337	-1535889600	33.3	431170
1337	-1533211200	29.5	431170
1337	-1530619200	27	431170
1337	-1527940800	27	431170
1337	-1525262400	26.3	431170
1337	-1522670400	26.1	431170
1337	-1519992000	22.3	431170
1337	-1517400000	22	431170
1337	-1514721600	23.3	431170
1337	-1512043200	25.1	431170
1337	-1509624000	29.2	431170
1337	-1506945600	31.6	431170
1337	-1504353600	33.3	431170
1337	-1501675200	28.5	431170
1337	-1499083200	26.1	431170
1337	-1496404800	27.3	431170
1337	-1493726400	27.7	431170
1337	-1491134400	27.3	431170
1337	-1488456000	24	431170
1337	-1485864000	21.5	431170
1337	-1483185600	23.3	431170
1337	-1480507200	24.5	431170
1337	-1478088000	27.8	431170
1337	-1475409600	31.8	431170
1337	-1472817600	32.8	431170
1337	-1470139200	31.6	431170
1337	-1467547200	26	431170
1337	-1464868800	26.8	431170
1337	-1462190400	26.2	431170
1337	-1459598400	26.7	431170
1337	-1456920000	24.5	431170
1337	-1454328000	23.5	431170
1337	-1451649600	24	431170
1337	-1448971200	26.1	431170
1337	-1446465600	29.5	431170
1337	-1443787200	32.1	431170
1337	-1441195200	33.3	431170
1337	-1438516800	29.5	431170
1337	-1435924800	27.6	431170
1337	-1433246400	27.2	431170
1337	-1430568000	26	431170
1337	-1427976000	25	431170
1337	-1425297600	22.8	431170
1337	-1422705600	21.6	431170
1337	-1420027200	21.6	431170
1337	-1417348800	24	431170
1337	-1414929600	28.5	431170
1337	-1412251200	32.7	431170
1337	-1409659200	31.5	431170
1337	-1406980800	29	431170
1337	-1404388800	27.1	431170
1337	-1401710400	26.5	431170
1337	-1399032000	26.8	431170
1337	-1396440000	26	431170
1337	-1393761600	24.3	431170
1337	-1391169600	21.1	431170
1337	-1388491200	23.6	431170
1337	-1385812800	25.8	431170
1337	-1383393600	28.7	431170
1337	-1380715200	30	431170
1337	-1378123200	32.5	431170
1337	-1375444800	30.8	431170
1337	-1372852800	28	431170
1337	-1370174400	26.5	431170
1337	-1367496000	26.5	431170
1337	-1364904000	27.5	431170
1337	-1362225600	24.1	431170
1337	-1359633600	22.6	431170
1337	-1356955200	23.7	431170
1337	-1354276800	25.5	431170
1337	-1351857600	30	431170
1337	-1349179200	32.3	431170
1337	-1346587200	33	431170
1337	-1343908800	28.7	431170
1337	-1341316800	27	431170
1337	-1338638400	26.6	431170
1337	-1335960000	26.6	431170
1337	-1333368000	26.6	431170
1337	-1330689600	22.5	431170
1337	-1328097600	22.2	431170
1337	-1325419200	23.1	431170
1337	-1322740800	24.3	431170
1337	-1320235200	28.6	431170
1337	-1317556800	31.8	431170
1337	-1314964800	33.1	431170
1337	-1312286400	28.6	431170
1337	-1309694400	27.2	431170
1337	-1307016000	26.5	431170
1337	-1304337600	26.3	431170
1337	-1301745600	26	431170
1337	-1299067200	24.5	431170
1337	-1296475200	22.3	431170
1337	-1293796800	23.2	431170
1337	-1291118400	25.3	431170
1337	-1288699200	29.3	431170
1337	-1286020800	31	431170
1337	-1283428800	33.3	431170
1337	-1280750400	28.7	431170
1337	-1278158400	27	431170
1337	-1275480000	27	431170
1337	-1272801600	27	431170
1337	-1270209600	26	431170
1337	-1267531200	24.1	431170
1337	-1264939200	23.5	431170
1337	-1262260800	23.6	431170
1337	-1259582400	24	431170
1337	-1257163200	28.8	431170
1337	-1254484800	31.5	431170
1337	-1251892800	32.6	431170
1337	-1249214400	29.6	431170
1337	-1246622400	28.1	431170
1337	-1243944000	27	431170
1337	-1241265600	26.6	431170
1337	-1238673600	26.5	431170
1337	-1235995200	23.3	431170
1337	-1233403200	23.5	431170
1337	-1230724800	23.2	431170
1337	-1228046400	26.8	431170
1337	-1225627200	29.5	431170
1337	-1222948800	32.6	431170
1337	-1220356800	33.2	431170
1337	-1217678400	30	431170
1337	-1215086400	27	431170
1337	-1212408000	26.8	431170
1337	-1209729600	26.6	431170
1337	-1207137600	25.6	431170
1337	-1204459200	23.5	431170
1337	-1201867200	21.5	431170
1337	-1199188800	21.7	431170
1337	-1196510400	24	431170
1337	-1194004800	28.3	431170
1337	-1191326400	31.8	431170
1337	-1188734400	32.3	431170
1337	-1186056000	29.5	431170
1337	-1183464000	26	431170
1337	-1180785600	26.7	431170
1337	-1178107200	26.2	431170
1337	-1175515200	26.7	431170
1337	-1172836800	23.6	431170
1337	-1170244800	21.3	431170
1337	-1167566400	22.5	431170
1337	-1164888000	26.1	431170
1337	-1162468800	28.5	431170
1337	-1159790400	31	431170
1337	-1157198400	30.7	431170
1337	-1154520000	28.2	431170
1337	-1151928000	27.3	431170
1337	-1149249600	26	431170
1337	-1146571200	26	431170
1337	-1143979200	26	431170
1337	-1141300800	24	431170
1337	-1138708800	21.6	431170
1337	-1136030400	22.1	431170
1337	-1133352000	24.8	431170
1337	-1130932800	28.5	431170
1337	-1128254400	31.7	431170
1337	-1125662400	33.1	431170
1337	-1122984000	30	431170
1337	-1120392000	26.6	431170
1337	-1117713600	25.5	431170
1337	-1115035200	25.7	431170
1337	-1112443200	26.1	431170
1337	-1109764800	22.5	431170
1337	-1107172800	21.7	431170
1337	-1104494400	22.6	431170
1337	-1101816000	25.3	431170
1337	-1099396800	28.2	431170
1337	-1096718400	30.6	431170
1337	-1094126400	33.5	431170
1337	-1091448000	29.3	431170
1337	-1088856000	27	431170
1337	-1086177600	26.3	431170
1337	-1083499200	25.5	431170
1337	-1080907200	26.3	431170
1337	-1078228800	23.3	431170
1337	-1075636800	23.5	431170
1337	-1072958400	24	431170
1337	-1070280000	24.7	431170
1337	-1067774400	28.8	431170
1337	-1065096000	31.8	431170
1337	-1062504000	33.7	431170
1337	-1059825600	29	431170
1337	-1057233600	27.7	431170
1337	-1054555200	26.8	431170
1337	-1051876800	27.8	431170
1337	-1049284800	27.2	431170
1337	-1046606400	24.8	431170
1337	-1044014400	23	431170
1337	-1041336000	22.3	431170
1337	-1038657600	26.1	431170
1337	-1036238400	28.8	431170
1337	-1033560000	29.6	431170
1337	-1030968000	33.3	431170
1337	-1028289600	30.1	431170
1337	-1025697600	26.5	431170
1337	-1023019200	27.2	431170
1337	-1020340800	26.8	431170
1337	-1017748800	26	431170
1337	-1015070400	24.5	431170
1337	-1012478400	22.2	431170
1337	-1009800000	24.8	431170
1337	-1007121600	25.5	431170
1337	-1004702400	29.7	431170
1337	-1002024000	32.1	431170
1337	-999432000	32	431170
1337	-996753600	26.8	431170
1337	-994161600	25.7	431170
1337	-991483200	26.3	431170
1337	-988804800	26	431170
1337	-986212800	25.5	431170
1337	-983534400	23.5	431170
1337	-980942400	22	431170
1337	-978264000	23.5	431170
1337	-975585600	26	431170
1337	-973166400	28.3	431170
1337	-970488000	32.1	431170
1337	-967896000	33.5	431170
1337	-965217600	29.3	431170
1337	-962625600	26.3	431170
1337	-959947200	27.1	431170
1337	-957268800	27.1	431170
1337	-954676800	27.7	431170
1337	-951998400	23.6	431170
1337	-949406400	21.6	431170
1337	-946728000	22.1	431170
1337	-944049600	25.5	431170
1337	-941544000	27.2	431170
1337	-938865600	31.5	431170
1337	-936273600	33.1	431170
1337	-933595200	29.3	431170
1337	-931003200	27.3	431170
1337	-928324800	26.5	431170
1337	-925646400	27.3	431170
1337	-923054400	26.2	431170
1337	-920376000	25.3	431170
1337	-917784000	22.8	431170
1337	-915105600	23.5	431170
1337	-912427200	26.5	431170
1337	-910008000	30.8	431170
1337	-907329600	33.7	431170
1337	-904737600	34.2	431170
1337	-902059200	31	431170
1337	-899467200	28.2	431170
1337	-896788800	27.5	431170
1337	-894110400	27.5	431170
1337	-891518400	27.8	431170
1337	-888840000	25.1	431170
1337	-886248000	24.2	431170
1337	-883569600	23.8	431170
1337	-880891200	26.5	431170
1337	-878472000	30.5	431170
1337	-875793600	33.5	431170
1337	-873201600	33.7	431170
1337	-870523200	29.6	431170
1337	-867931200	26.5	431170
1337	-865252800	26.6	431170
1337	-862574400	27	431170
1337	-859982400	27.2	431170
1337	-857304000	24.3	431170
1337	-854712000	23.1	431170
1337	-852033600	24.7	431170
1337	-849355200	24.3	431170
1337	-846936000	29.5	431170
1337	-844257600	31.7	431170
1337	-841665600	32.1	431170
1337	-838987200	28.8	431170
1337	-836395200	26.8	431170
1337	-833716800	27	431170
1337	-831038400	25.5	431170
1337	-828446400	25.5	431170
1337	-825768000	24.8	431170
1337	-823176000	21.5	431170
1337	-820497600	23.6	431170
1337	-817819200	25	431170
1337	-815313600	27.5	431170
1337	-812635200	31.6	431170
1337	-810043200	33.6	431170
1337	-807364800	30.1	431170
1337	-804772800	26.3	431170
1337	-802094400	27.3	431170
1337	-799416000	27.3	431170
1337	-796824000	26.5	431170
1337	-794145600	24	431170
1337	-791553600	23	431170
1337	-788875200	23.1	431170
1337	-786196800	25.2	431170
1337	-783777600	29.5	431170
1337	-781099200	31.3	431170
1337	-778507200	33.2	431170
1337	-775828800	29.1	431170
1337	-773236800	27.5	431170
1337	-770558400	26.2	431170
1337	-767880000	26.5	431170
1337	-765288000	26.3	431170
1337	-762609600	23	431170
1337	-760017600	21.1	431170
1337	-757339200	21.8	431170
1337	-754660800	25.2	431170
1337	-752241600	29.5	431170
1337	-749563200	31.7	431170
1337	-746971200	31.8	431170
1337	-744292800	27.5	431170
1337	-741700800	26.2	431170
1337	-739022400	25.6	431170
1337	-736344000	25.7	431170
1337	-733752000	26.7	431170
1337	-731073600	24.5	431170
1337	-728481600	23.2	431170
1337	-725803200	23.6	431170
1337	-723124800	26	431170
1337	-720705600	29.8	431170
1337	-718027200	30.3	431170
1337	-715435200	33.5	431170
1337	-712756800	30	431170
1337	-710164800	27	431170
1337	-707486400	27.2	431170
1337	-704808000	26.3	431170
1337	-702216000	25.5	431170
1337	-699537600	24.3	431170
1337	-696945600	22.7	431170
1337	-694267200	24	431170
1337	-691588800	26	431170
1337	-689083200	29.5	431170
1337	-686404800	32.8	431170
1337	-683812800	34	431170
1337	-681134400	29.6	431170
1337	-678542400	27.2	431170
1337	-675864000	26.7	431170
1337	-673185600	26.5	431170
1337	-670593600	27.1	431170
1337	-667915200	25.6	431170
1337	-665323200	21.3	431170
1337	-662644800	23.3	431170
1337	-659966400	25	431170
1337	-657547200	30	431170
1337	-654868800	32.5	431170
1337	-652276800	31.6	431170
1337	-649598400	28.8	431170
1337	-647006400	27.1	431170
1337	-644328000	27.2	431170
1337	-641649600	25.8	431170
1337	-639057600	26.6	431170
1337	-636379200	23.7	431170
1337	-633787200	23	431170
1337	-631108800	23.3	431170
1337	-628430400	25.1	431170
1337	-626011200	28.6	431170
1337	-623332800	32.8	431170
1337	-620740800	33	431170
1337	-618062400	29.5	431170
1337	-615470400	27.5	431170
1337	-612792000	27.8	431170
1337	-610113600	26.1	431170
1337	-607521600	25.6	431170
1337	-604843200	24.1	431170
1337	-602251200	22.3	431170
1337	-599572800	23.5	431170
1337	-596894400	25.6	431170
1337	-594475200	29.3	431170
1337	-591796800	31.6	431170
1337	-589204800	33.6	431170
1337	-586526400	28.8	431170
1337	-583934400	27	431170
1337	-581256000	26.6	431170
1337	-578577600	28	431170
1337	-575985600	27.8	431170
1337	-573307200	25.3	431170
1337	-570715200	21.8	431170
1337	-568036800	24	431170
1337	-565358400	25.8	431170
1337	-562852800	28	431170
1337	-560174400	32.7	431170
1337	-557582400	33	431170
1337	-554904000	28.8	431170
1337	-552312000	27.7	431170
1337	-549633600	27.2	431170
1337	-546955200	27.1	431170
1337	-544363200	27	431170
1337	-541684800	23	431170
1337	-539092800	23.8	431170
1337	-536414400	23.2	431170
1337	-533736000	26.5	431170
1337	-531316800	31.1	431170
1337	-528638400	31.7	431170
1337	-526046400	33.5	431170
1337	-523368000	30.5	431170
1337	-520776000	27	431170
1337	-518097600	26.5	431170
1337	-515419200	26.5	431170
1337	-512827200	25.6	431170
1337	-510148800	23.5	431170
1337	-507556800	21.1	431170
1337	-504878400	22.6	431170
1337	-502200000	26	431170
1337	-499780800	28.5	431170
1337	-497102400	32.3	431170
1337	-494510400	33.5	431170
1337	-491832000	28.1	431170
1337	-489240000	26	431170
1337	-486561600	26.5	431170
1337	-483883200	25.8	431170
1337	-481291200	25.3	431170
1337	-478612800	23.1	431170
1337	-476020800	22.5	431170
1337	-473342400	23.3	431170
1337	-470664000	26.3	431170
1337	-468244800	29	431170
1337	-465566400	31	431170
1337	-462974400	32.1	431170
1337	-460296000	28.3	431170
1337	-457704000	27	431170
1337	-455025600	25.2	431170
1337	-452347200	26.6	431170
1337	-449755200	26	431170
1337	-447076800	22.5	431170
1337	-444484800	22	431170
1337	-441806400	23	431170
1337	-439128000	24.6	431170
1337	-436622400	30.1	431170
1337	-433944000	32.5	431170
1337	-431352000	30.8	431170
1337	-428673600	28.1	431170
1337	-426081600	25.3	431170
1337	-423403200	26	431170
1337	-420724800	25.5	431170
1337	-418132800	25.5	431170
1337	-415454400	24	431170
1337	-412862400	22.2	431170
1337	-410184000	24	431170
1337	-407505600	25	431170
1337	-405086400	28	431170
1337	-402408000	31.3	431170
1337	-399816000	32.6	431170
1337	-397137600	30.2	431170
1337	-394545600	26.8	431170
1337	-391867200	26	431170
1337	-389188800	27	431170
1337	-386596800	27.3	431170
1337	-383918400	24.7	431170
1337	-381326400	23.5	431170
1337	-378648000	23.7	431170
1337	-375969600	25.3	431170
1337	-373550400	28.7	431170
1337	-370872000	31.7	431170
1337	-368280000	33	431170
1337	-365601600	31.3	431170
1337	-363009600	26.7	431170
1337	-360331200	26	431170
1337	-357652800	26.6	431170
1337	-355060800	26.6	431170
1337	-352382400	25.1	431170
1337	-349790400	23	431170
1337	-347112000	24	431170
1337	-344433600	26.5	431170
1337	-342014400	29.5	431170
1337	-339336000	32.1	431170
1337	-336744000	33.5	431170
1337	-334065600	28.5	431170
1337	-331473600	25.8	431170
1337	-328795200	26.1	431170
1337	-326116800	25.8	431170
1337	-323524800	25.6	431170
1337	-320846400	24.5	431170
1337	-318254400	23	431170
1337	-315576000	23.7	431170
1337	-312897600	25.1	431170
1337	-310392000	28.8	431170
1337	-307713600	32	431170
1337	-305121600	32.2	431170
1337	-302443200	28.8	431170
1337	-299851200	27.6	431170
1337	-297172800	27	431170
1337	-294494400	26.3	431170
1337	-291902400	26.6	431170
1337	-289224000	24.5	431170
1337	-286632000	23.5	431170
1337	-283953600	23.7	431170
1337	-281275200	24.6	431170
1337	-278856000	30.2	431170
1337	-276177600	32.3	431170
1337	-273585600	30.7	431170
1337	-270907200	27.5	431170
1337	-268315200	25.8	431170
1337	-265636800	26.3	431170
1337	-262958400	26.5	431170
1337	-260366400	25.6	431170
1337	-257688000	23.7	431170
1337	-255096000	22	431170
1337	-252417600	21.6	431170
1337	-249739200	25.5	431170
1337	-247320000	29.3	431170
1337	-244641600	31.1	431170
1337	-242049600	31.5	431170
1337	-239371200	29	431170
1337	-236779200	26.5	431170
1337	-234100800	26.5	431170
1337	-231422400	25.6	431170
1337	-228830400	26.2	431170
1337	-226152000	23.7	431170
1337	-223560000	21.8	431170
1337	-220881600	22.6	431170
1337	-218203200	25	431170
1337	-215784000	28.6	431170
1337	-213105600	30.5	431170
1337	-210513600	32	431170
1337	-207835200	28.7	431170
1337	-205243200	26.8	431170
1337	-202564800	25.2	431170
1337	-199886400	27.1	431170
1337	-197294400	26.6	431170
1337	-194616000	25	431170
1337	-192024000	23.5	431170
1337	-189345600	24.1	431170
1337	-186667200	26.2	431170
1337	-184161600	29.7	431170
1337	-181483200	32.8	431170
1337	-178891200	33.3	431170
1337	-176212800	29.5	431170
1337	-173620800	27	431170
1337	-170942400	25.7	431170
1337	-168264000	25.6	431170
1337	-165672000	26.6	431170
1337	-162993600	23.7	431170
1337	-160401600	21.3	431170
1337	-157723200	23	431170
1337	-155044800	25	431170
1337	-152625600	28.8	431170
1337	-149947200	31.1	431170
1337	-147355200	32.2	431170
1337	-144676800	29	431170
1337	-142084800	26.7	431170
1337	-139406400	27.5	431170
1337	-136728000	28	431170
1337	-134136000	28.5	431170
1337	-131457600	25.6	431170
1337	-128865600	23.6	431170
1337	-126187200	23.5	431170
1337	-123508800	26.1	431170
1337	-121089600	29.8	431170
1337	-118411200	32.5	431170
1337	-115819200	31.2	431170
1337	-113140800	29.8	431170
1337	-110548800	27.5	431170
1337	-107870400	27.5	431170
1337	-105192000	26.3	431170
1337	-102600000	27.6	431170
1337	-99921600	25.7	431170
1337	-97329600	23	431170
1337	-94651200	23.5	431170
1337	-91972800	25.8	431170
1337	-89553600	29	431170
1337	-86875200	32	431170
1337	-84283200	33.5	431170
1337	-81604800	30.1	431170
1337	-79012800	26.7	431170
1337	-76334400	26.6	431170
1337	-73656000	26.6	431170
1337	-71064000	26.3	431170
1337	-68385600	24.5	431170
1337	-65793600	24.2	431170
1337	-63115200	22.6	431170
1337	-60436800	26	431170
1337	-57931200	28.3	431170
1337	-55252800	31.5	431170
1337	-52660800	32.8	431170
1337	-49982400	29.1	431170
1337	-47390400	26.6	431170
1337	-44712000	26.2	431170
1337	-42033600	26	431170
1337	-39441600	25.5	431170
1337	-36763200	23.8	431170
1337	-34171200	23	431170
1337	-31492800	23	431170
1337	-28814400	27.1	431170
1337	-26395200	31	431170
1337	-23716800	33.2	431170
1337	-21124800	33.8	431170
1337	-18446400	29.3	431170
1337	-15854400	26.8	431170
1337	-13176000	27	431170
1337	-10497600	26	431170
1337	-7905600	26.5	431170
1337	-5227200	25.2	431170
1337	-2635200	22.6	431170
1337	43200	23.8	431170
1337	2721600	26.6	431170
1337	5140800	30	431170
1337	7819200	32.3	431170
1337	10411200	32.8	431170
1337	13089600	28.8	431170
1337	15681600	27.5	431170
1337	18360000	25.7	431170
1337	21038400	26	431170
1337	23630400	26.7	431170
1337	26308800	23.6	431170
1337	28900800	21.1	431170
1337	31579200	23.1	431170
1337	34257600	26.5	431170
1337	36676800	28.7	431170
1337	39355200	33	431170
1337	41947200	32.3	431170
1337	44625600	28.2	431170
1337	47217600	28	431170
1337	49896000	26.7	431170
1337	52574400	27.7	431170
1337	55166400	26	431170
1337	57844800	23.5	431170
1337	60436800	21.5	431170
1337	63115200	22.8	431170
1337	65793600	25.2	431170
1337	68299200	30.6	431170
1337	70977600	32.1	431170
1337	73569600	32.5	431170
1337	76248000	30.8	431170
1337	78840000	28.2	431170
1337	81518400	28	431170
1337	84196800	28.5	431170
1337	86788800	28.5	431170
1337	89467200	25.1	431170
1337	92059200	25	431170
1337	94737600	25.2	431170
1337	97416000	27.6	431170
1337	99835200	30.8	431170
1337	102513600	34.8	431170
1337	105105600	34.5	431170
1337	107784000	31.2	431170
1337	110376000	27.2	431170
1337	113054400	25.7	431170
1337	115732800	26.5	431170
1337	118324800	25.7	431170
1337	121003200	23.5	431170
1337	123595200	23	431170
1337	126273600	23.2	431170
1337	128952000	26.6	431170
1337	131371200	30.3	431170
1337	134049600	32.3	431170
1337	136641600	32.1	431170
1337	139320000	29	431170
1337	141912000	27.6	431170
1337	144590400	26.5	431170
1337	147268800	27.2	431170
1337	149860800	25.8	431170
1337	152539200	23.3	431170
1337	155131200	21.7	431170
1337	157809600	22.6	431170
1337	160488000	25.7	431170
1337	162907200	29.6	431170
1337	165585600	33.5	431170
1337	168177600	32.8	431170
1337	170856000	29	431170
1337	173448000	26.8	431170
1337	176126400	26.5	431170
1337	178804800	27.5	431170
1337	181396800	26.3	431170
1337	184075200	22.6	431170
1337	186667200	21.2	431170
1337	189345600	21.8	431170
1337	192024000	24.8	431170
1337	194529600	29.8	431170
1337	197208000	31.8	431170
1337	199800000	32.5	431170
1337	202478400	28.1	431170
1337	205070400	27.2	431170
1337	207748800	26.3	431170
1337	210427200	27.2	431170
1337	213019200	28.1	431170
1337	215697600	26.2	431170
1337	218289600	23.8	431170
1337	220968000	23.5	431170
1337	223646400	27	431170
1337	226065600	30.6	431170
1337	228744000	32	431170
1337	231336000	32	431170
1337	234014400	29.5	431170
1337	236606400	27.5	431170
1337	239284800	27.2	431170
1337	241963200	27.8	431170
1337	244555200	27	431170
1337	247233600	26.5	431170
1337	249825600	22.2	431170
1337	252504000	24	431170
1337	255182400	25.6	431170
1337	257601600	28.8	431170
1337	260280000	31.8	431170
1337	262872000	32.6	431170
1337	265550400	28	431170
1337	268142400	26.1	431170
1337	270820800	25.6	431170
1337	273499200	26.6	431170
1337	276091200	26.5	431170
1337	278769600	25.6	431170
1337	281361600	23.3	431170
1337	284040000	24.6	431170
1337	286718400	25.6	431170
1337	289137600	29	431170
1337	291816000	32.8	431170
1337	294408000	32.3	431170
1337	297086400	30.7	431170
1337	299678400	27.7	431170
1337	302356800	26.6	431170
1337	305035200	26.8	431170
1337	307627200	28	431170
1337	310305600	25.2	431170
1337	312897600	23.5	431170
1337	315576000	24.2	431170
1337	318254400	27.5	431170
1337	320760000	29.6	431170
1337	323438400	32.5	431170
1337	326030400	33.7	431170
1337	328708800	28.5	431170
1337	331300800	27.5	431170
1337	333979200	25.6	431170
1337	336657600	27.3	431170
1337	339249600	28.6	431170
1337	341928000	26.2	431170
1337	344520000	23.2	431170
1337	347198400	23	431170
1337	349876800	26.6	431170
1337	352296000	29	431170
1337	354974400	32.8	431170
1337	357566400	33	431170
1337	360244800	29.5	431170
1337	362836800	27.5	431170
1337	365515200	26.2	431170
1337	368193600	26.2	431170
1337	370785600	26	431170
1337	373464000	24.3	431170
1337	376056000	23.2	431170
1337	378734400	24.5	431170
1337	381412800	27	431170
1337	383832000	29.6	431170
1337	386510400	30.6	431170
1337	389102400	31.8	431170
1337	391780800	29.3	431170
1337	394372800	27.5	431170
1337	397051200	27.6	431170
1337	399729600	26.8	431170
1337	402321600	27.5	431170
1337	4.05e+08	25	431170
1337	407592000	23.6	431170
1338	-2177409600	19.2	431250
1338	-2174731200	23.7	431250
1338	-2172312000	28	431250
1338	-2169633600	30.5	431250
1338	-2167041600	30.6	431250
1338	-2164363200	28.6	431250
1338	-2161771200	25	431250
1338	-2159092800	24.1	431250
1338	-2156414400	25.7	431250
1338	-2153822400	25.8	431250
1338	-2151144000	23.5	431250
1338	-2148552000	21.6	431250
1338	-2145873600	23.7	431250
1338	-2143195200	25.2	431250
1338	-2140776000	29.6	431250
1338	-2138097600	31.8	431250
1338	-2135505600	33.2	431250
1338	-2132827200	28.9	431250
1338	-2130235200	26.4	431250
1338	-2127556800	26.3	431250
1338	-2124878400	24.7	431250
1338	-2122286400	25.2	431250
1338	-2119608000	22	431250
1338	-2117016000	21.3	431250
1338	-2114337600	22.5	431250
1338	-2111659200	23.8	431250
1338	-2109240000	29.2	431250
1338	-2106561600	31.7	431250
1338	-2103969600	31.5	431250
1338	-2101291200	29.5	431250
1338	-2098699200	24.5	431250
1338	-2096020800	24.4	431250
1338	-2093342400	24.9	431250
1338	-2090750400	24.2	431250
1338	-2088072000	22.3	431250
1338	-2085480000	21	431250
1338	-2082801600	22.5	431250
1338	-2080123200	25	431250
1338	-2077617600	28.4	431250
1338	-2074939200	32.3	431250
1338	-2072347200	32.7	431250
1338	-2069668800	28.4	431250
1339	-2429784000	20.3	431280
1339	-2427105600	23.5	431280
1339	-2424686400	23.6	431280
1339	-2422008000	29	431280
1339	-2419416000	30	431280
1339	-2416737600	26.5	431280
1339	-2414145600	25.7	431280
1339	-2411467200	24.4	431280
1339	-2408788800	24.1	431280
1339	-2406196800	23.8	431280
1339	-2403518400	21.6	431280
1339	-2400926400	19	431280
1339	-2398248000	20.7	431280
1339	-2395569600	23.3	431280
1339	-2393150400	26.8	431280
1339	-2390472000	29.7	431280
1339	-2387880000	31.6	431280
1339	-2385201600	28.2	431280
1339	-2382609600	26.4	431280
1339	-2379931200	25.4	431280
1339	-2377252800	24.6	431280
1339	-2374660800	24.3	431280
1339	-2371982400	20.6	431280
1339	-2369390400	20.5	431280
1339	-2366712000	21.4	431280
1339	-2364033600	23.7	431280
1339	-2361614400	26.3	431280
1339	-2358936000	28.4	431280
1339	-2356344000	31.8	431280
1339	-2353665600	28.7	431280
1339	-2351073600	26.3	431280
1339	-2348395200	24.3	431280
1339	-2345716800	25.4	431280
1339	-2343124800	24.4	431280
1339	-2340446400	21.8	431280
1339	-2337854400	19.1	431280
1339	-2335176000	20.3	431280
1339	-2332497600	23.7	431280
1339	-2329992000	27.6	431280
1339	-2327313600	31.8	431280
1339	-2324721600	32.9	431280
1339	-2322043200	28.3	431280
1339	-2319451200	26.5	431280
1339	-2316772800	24.7	431280
1339	-2314094400	26.7	431280
1339	-2311502400	25.8	431280
1339	-2308824000	23.5	431280
1339	-2306232000	21.9	431280
1339	-2303553600	23	431280
1339	-2300875200	26.4	431280
1339	-2298456000	28.3	431280
1339	-2295777600	30.9	431280
1339	-2293185600	33.1	431280
1339	-2290507200	30.1	431280
1339	-2287915200	27.6	431280
1339	-2285236800	25.9	431280
1339	-2282558400	25.4	431280
1339	-2279966400	24.9	431280
1339	-2277288000	21.6	431280
1339	-2274696000	19.5	431280
1339	-2272017600	19.7	431280
1339	-2269339200	22.3	431280
1339	-2266920000	27.2	431280
1339	-2264241600	30.3	431280
1339	-2261649600	32.3	431280
1339	-2258971200	28.9	431280
1339	-2256379200	25.2	431280
1339	-2253700800	25.4	431280
1339	-2251022400	25.6	431280
1339	-2248430400	25.9	431280
1339	-2245752000	21.8	431280
1339	-2243160000	22	431280
1339	-2240481600	20.6	431280
1339	-2237803200	23.8	431280
1339	-2235384000	27.4	431280
1339	-2232705600	28.8	431280
1339	-2230113600	30.9	431280
1339	-2227435200	28.5	431280
1339	-2224843200	27.7	431280
1339	-2222164800	26.4	431280
1339	-2219486400	26.6	431280
1339	-2216894400	26.4	431280
1339	-2214216000	23.1	431280
1339	-2211624000	20.9	431280
1339	-2208945600	23.6	431280
1339	-2206267200	25.9	431280
1339	-2203848000	28.8	431280
1339	-2201169600	31.1	431280
1339	-2198577600	32.8	431280
1339	-2195899200	29.2	431280
1339	-2193307200	26.2	431280
1339	-2190628800	25.4	431280
1339	-2187950400	25	431280
1339	-2185358400	24.7	431280
1339	-2182680000	22.3	431280
1339	-2180088000	22.1	431280
1339	-2177409600	22.6	431280
1339	-2174731200	23.4	431280
1339	-2172312000	26.5	431280
1339	-2169633600	30.2	431280
1339	-2167041600	30	431280
1339	-2164363200	28.2	431280
1339	-2161771200	25.5	431280
1339	-2159092800	25	431280
1339	-2156414400	26.8	431280
1339	-2153822400	25.4	431280
1339	-2151144000	22.6	431280
1339	-2148552000	20.9	431280
1339	-2145873600	21.9	431280
1339	-2143195200	23.4	431280
1339	-2140776000	27.9	431280
1339	-2138097600	30.2	431280
1339	-2135505600	33.2	431280
1339	-2132827200	29.5	431280
1339	-2130235200	27.5	431280
1339	-2127556800	26.9	431280
1339	-2124878400	25.6	431280
1339	-2122286400	25.6	431280
1339	-2119608000	21.1	431280
1339	-2117016000	21.3	431280
1339	-2114337600	21.7	431280
1339	-2111659200	23.6	431280
1339	-2109240000	27.7	431280
1339	-2106561600	30.7	431280
1339	-2103969600	30.6	431280
1339	-2101291200	30.4	431280
1339	-2098699200	25.2	431280
1339	-2096020800	24.8	431280
1339	-2093342400	25.5	431280
1339	-2090750400	24.2	431280
1339	-2088072000	21.2	431280
1339	-2085480000	19.8	431280
1339	-2082801600	21	431280
1339	-2080123200	22.5	431280
1339	-2077617600	26.7	431280
1339	-2074939200	30.9	431280
1339	-2072347200	31.1	431280
1339	-2069668800	27.7	431280
1339	-2067076800	26.3	431280
1339	-2064398400	26.3	431280
1339	-2061720000	25.5	431280
1339	-2059128000	24.9	431280
1339	-2056449600	21.1	431280
1339	-2053857600	19.8	431280
1339	-2051179200	21.1	431280
1339	-2048500800	22.6	431280
1339	-2046081600	27	431280
1339	-2043403200	29.2	431280
1339	-2040811200	31.6	431280
1339	-2038132800	29.9	431280
1339	-2035540800	27.2	431280
1339	-2032862400	25.5	431280
1339	-2030184000	25.7	431280
1339	-2027592000	25.2	431280
1339	-2024913600	22.9	431280
1339	-2022321600	20.2	431280
1339	-2019643200	22.3	431280
1339	-2016964800	23.9	431280
1339	-2014545600	26.6	431280
1339	-2011867200	31.5	431280
1339	-2009275200	33.1	431280
1339	-2006596800	28	431280
1339	-2004004800	26.5	431280
1339	-2001326400	25.6	431280
1339	-1998648000	25.5	431280
1339	-1996056000	24.9	431280
1339	-1993377600	22.3	431280
1339	-1990785600	21.1	431280
1339	-1988107200	21.1	431280
1339	-1985428800	24	431280
1339	-1983009600	26.6	431280
1339	-1980331200	27.1	431280
1339	-1977739200	30.9	431280
1339	-1975060800	28.2	431280
1339	-1972468800	26.4	431280
1339	-1969790400	24.1	431280
1339	-1967112000	26	431280
1339	-1964520000	25.8	431280
1339	-1961841600	23.7	431280
1339	-1959249600	20.5	431280
1339	-1956571200	20.8	431280
1339	-1953892800	23.6	431280
1339	-1951387200	26.5	431280
1339	-1948708800	31.5	431280
1339	-1946116800	32.6	431280
1339	-1943438400	29.8	431280
1339	-1940846400	25.8	431280
1339	-1938168000	24.9	431280
1339	-1935489600	25	431280
1339	-1932897600	24.6	431280
1339	-1930219200	21	431280
1339	-1927627200	18.9	431280
1339	-1924948800	22.2	431280
1339	-1922270400	24	431280
1339	-1919851200	27.3	431280
1339	-1917172800	28.5	431280
1339	-1914580800	31.8	431280
1339	-1911902400	27.2	431280
1339	-1909310400	25	431280
1339	-1906632000	25.8	431280
1339	-1903953600	25.5	431280
1339	-1901361600	25.2	431280
1339	-1898683200	22.7	431280
1339	-1896091200	22.2	431280
1339	-1893412800	21.6	431280
1339	-1890734400	23.3	431280
1339	-1888315200	27.3	431280
1339	-1885636800	31.2	431280
1339	-1883044800	32.2	431280
1339	-1880366400	28.5	431280
1339	-1877774400	27	431280
1339	-1875096000	25.9	431280
1339	-1872417600	24.9	431280
1339	-1869825600	24.6	431280
1339	-1867147200	20.2	431280
1339	-1864555200	19.2	431280
1339	-1861876800	21.4	431280
1339	-1859198400	22.4	431280
1339	-1856779200	27.1	431280
1339	-1854100800	31.2	431280
1339	-1851508800	32.9	431280
1339	-1848830400	28.5	431280
1339	-1846238400	26.7	431280
1339	-1843560000	24.5	431280
1339	-1840881600	26.7	431280
1339	-1838289600	26.1	431280
1339	-1835611200	23.4	431280
1339	-1833019200	21	431280
1339	-1830340800	21.8	431280
1339	-1827662400	24.4	431280
1339	-1825156800	27.8	431280
1339	-1822478400	30.1	431280
1339	-1819886400	32.4	431280
1339	-1817208000	31.2	431280
1339	-1814616000	26.1	431280
1339	-1811937600	25.1	431280
1339	-1809259200	26	431280
1339	-1806667200	25.4	431280
1339	-1803988800	21.9	431280
1339	-1801396800	19.7	431280
1339	-1798718400	20	431280
1339	-1796040000	24.4	431280
1339	-1793620800	27.1	431280
1339	-1790942400	31.1	431280
1339	-1788350400	31.3	431280
1339	-1785672000	28.2	431280
1339	-1783080000	25.8	431280
1339	-1780401600	26	431280
1339	-1777723200	26.6	431280
1339	-1775131200	25.2	431280
1339	-1772452800	22.4	431280
1339	-1769860800	21.9	431280
1339	-1767182400	20.7	431280
1339	-1764504000	24.4	431280
1339	-1762084800	27.1	431280
1339	-1759406400	29.5	431280
1339	-1756814400	31.4	431280
1339	-1754136000	28	431280
1339	-1751544000	25.4	431280
1339	-1748865600	24.6	431280
1339	-1746187200	24.8	431280
1339	-1743595200	24.7	431280
1339	-1740916800	22.5	431280
1339	-1738324800	21.2	431280
1339	-1735646400	20.9	431280
1339	-1732968000	23.3	431280
1339	-1730548800	25.5	431280
1339	-1727870400	29.9	431280
1339	-1725278400	31.4	431280
1339	-1722600000	30	431280
1339	-1720008000	26.6	431280
1339	-1717329600	25.4	431280
1339	-1714651200	25.4	431280
1339	-1712059200	25.2	431280
1339	-1709380800	23.5	431280
1339	-1706788800	19.3	431280
1339	-1704110400	21.8	431280
1339	-1701432000	24.1	431280
1339	-1698926400	27.1	431280
1339	-1696248000	30	431280
1339	-1693656000	31.4	431280
1339	-1690977600	26.8	431280
1339	-1688385600	26.1	431280
1339	-1685707200	25.6	431280
1339	-1683028800	25.6	431280
1339	-1680436800	24.7	431280
1339	-1677758400	21.9	431280
1339	-1675166400	18.9	431280
1339	-1672488000	19.9	431280
1339	-1669809600	21.9	431280
1339	-1667390400	24.8	431280
1339	-1664712000	28.3	431280
1339	-1662120000	28.2	431280
1339	-1659441600	26.6	431280
1339	-1656849600	25.8	431280
1339	-1654171200	25.5	431280
1339	-1651492800	25	431280
1339	-1648900800	24.6	431280
1339	-1646222400	21.4	431280
1339	-1643630400	19.8	431280
1339	-1640952000	19.7	431280
1339	-1638273600	22.5	431280
1339	-1635854400	26.1	431280
1339	-1633176000	29.9	431280
1339	-1630584000	29.3	431280
1339	-1627905600	28.2	431280
1339	-1625313600	28	431280
1339	-1622635200	25.6	431280
1339	-1619956800	26.4	431280
1339	-1617364800	25.4	431280
1339	-1614686400	23.2	431280
1339	-1612094400	21	431280
1339	-1609416000	22.8	431280
1339	-1606737600	25	431280
1339	-1604318400	27.7	431280
1339	-1601640000	30.5	431280
1339	-1599048000	31.5	431280
1339	-1596369600	27.1	431280
1339	-1593777600	26.7	431280
1339	-1591099200	25.9	431280
1339	-1588420800	26.3	431280
1339	-1585828800	24.4	431280
1339	-1583150400	22.2	431280
1339	-1580558400	19.8	431280
1339	-1577880000	20.9	431280
1339	-1575201600	23	431280
1339	-1572696000	27.4	431280
1339	-1570017600	29.5	431280
1339	-1567425600	31.2	431280
1339	-1564747200	29.5	431280
1339	-1562155200	26.7	431280
1339	-1559476800	27.2	431280
1339	-1556798400	26.6	431280
1339	-1554206400	26.3	431280
1339	-1551528000	23.1	431280
1339	-1548936000	20.8	431280
1339	-1546257600	21.9	431280
1339	-1543579200	23.4	431280
1339	-1541160000	28.4	431280
1339	-1538481600	30.6	431280
1339	-1535889600	34.2	431280
1339	-1533211200	28.3	431280
1339	-1530619200	26	431280
1339	-1527940800	25.5	431280
1339	-1525262400	25.7	431280
1339	-1522670400	23.9	431280
1339	-1519992000	19.9	431280
1339	-1517400000	19.7	431280
1339	-1514721600	20.9	431280
1339	-1512043200	22.8	431280
1339	-1509624000	27.3	431280
1339	-1506945600	30.8	431280
1339	-1504353600	31.7	431280
1339	-1501675200	28.6	431280
1339	-1499083200	26.2	431280
1339	-1496404800	26.4	431280
1339	-1493726400	25.1	431280
1339	-1491134400	24.4	431280
1339	-1488456000	22.2	431280
1339	-1485864000	19.4	431280
1339	-1483185600	20.4	431280
1339	-1480507200	23	431280
1339	-1478088000	25.9	431280
1339	-1475409600	30.8	431280
1339	-1472817600	32.1	431280
1339	-1470139200	31.5	431280
1339	-1467547200	25.6	431280
1339	-1464868800	25.6	431280
1339	-1462190400	25.2	431280
1339	-1459598400	24	431280
1339	-1456920000	22.1	431280
1339	-1454328000	20.7	431280
1339	-1451649600	21.6	431280
1339	-1448971200	24.6	431280
1339	-1446465600	27.2	431280
1339	-1443787200	31.7	431280
1339	-1441195200	32.8	431280
1339	-1438516800	29.8	431280
1339	-1435924800	26.9	431280
1339	-1433246400	26.3	431280
1339	-1430568000	25.3	431280
1339	-1427976000	24.1	431280
1339	-1425297600	20.9	431280
1339	-1422705600	19.5	431280
1339	-1420027200	20.5	431280
1339	-1417348800	22.8	431280
1339	-1414929600	26.7	431280
1339	-1412251200	31	431280
1339	-1409659200	30.2	431280
1339	-1406980800	28.6	431280
1339	-1404388800	26.5	431280
1339	-1401710400	24.9	431280
1339	-1399032000	26	431280
1339	-1396440000	24.1	431280
1339	-1393761600	22.1	431280
1339	-1391169600	19.5	431280
1339	-1388491200	21.7	431280
1339	-1385812800	23.6	431280
1339	-1383393600	27.3	431280
1339	-1380715200	28.9	431280
1339	-1378123200	30.9	431280
1339	-1375444800	31.4	431280
1339	-1372852800	27	431280
1339	-1370174400	25.8	431280
1339	-1367496000	26	431280
1339	-1364904000	25.3	431280
1339	-1362225600	22	431280
1339	-1359633600	20.8	431280
1339	-1356955200	23.3	431280
1339	-1354276800	24.7	431280
1339	-1351857600	28.6	431280
1339	-1349179200	31.6	431280
1339	-1346587200	32.3	431280
1339	-1343908800	28.7	431280
1339	-1341316800	25.5	431280
1339	-1338638400	25.7	431280
1339	-1335960000	26.6	431280
1339	-1333368000	24.9	431280
1339	-1330689600	21	431280
1339	-1328097600	21	431280
1339	-1325419200	22.2	431280
1339	-1322740800	24.1	431280
1339	-1320235200	27.1	431280
1339	-1317556800	30	431280
1339	-1314964800	33.1	431280
1339	-1312286400	28.7	431280
1339	-1309694400	26.2	431280
1339	-1307016000	26.1	431280
1339	-1304337600	25.9	431280
1339	-1301745600	25.1	431280
1339	-1299067200	22.9	431280
1339	-1296475200	21.3	431280
1339	-1293796800	22.9	431280
1339	-1291118400	23.2	431280
1339	-1288699200	27.2	431280
1339	-1286020800	29.4	431280
1339	-1283428800	33.3	431280
1339	-1280750400	28.8	431280
1339	-1278158400	26.9	431280
1339	-1275480000	26.5	431280
1339	-1272801600	25.8	431280
1339	-1270209600	25.2	431280
1339	-1267531200	22.9	431280
1339	-1264939200	22.8	431280
1339	-1262260800	22.6	431280
1339	-1259582400	22.9	431280
1339	-1257163200	27.5	431280
1339	-1254484800	29.7	431280
1339	-1251892800	32.3	431280
1339	-1249214400	30	431280
1339	-1246622400	26.9	431280
1339	-1243944000	26.4	431280
1339	-1241265600	26.1	431280
1339	-1238673600	25.1	431280
1339	-1235995200	21.8	431280
1339	-1233403200	21.9	431280
1339	-1230724800	20.8	431280
1339	-1228046400	24.9	431280
1339	-1225627200	27.3	431280
1339	-1222948800	31	431280
1339	-1220356800	32.3	431280
1339	-1217678400	28.6	431280
1339	-1215086400	25.6	431280
1339	-1212408000	25.6	431280
1339	-1209729600	25.5	431280
1339	-1207137600	24.6	431280
1339	-1204459200	21.3	431280
1339	-1201867200	20.2	431280
1339	-1199188800	19.9	431280
1339	-1196510400	22.6	431280
1339	-1194004800	25.1	431280
1339	-1191326400	29.5	431280
1339	-1188734400	30.7	431280
1339	-1186056000	28.7	431280
1339	-1183464000	25.5	431280
1339	-1180785600	26.1	431280
1339	-1178107200	25.5	431280
1339	-1175515200	25.7	431280
1339	-1172836800	23	431280
1339	-1170244800	20.4	431280
1339	-1167566400	21.3	431280
1339	-1164888000	24.8	431280
1339	-1162468800	26	431280
1339	-1159790400	29	431280
1339	-1157198400	28.7	431280
1339	-1154520000	25.1	431280
1339	-1151928000	24.8	431280
1339	-1149249600	24.6	431280
1339	-1146571200	23.8	431280
1339	-1143979200	23.8	431280
1339	-1141300800	22.1	431280
1339	-1138708800	20	431280
1339	-1136030400	20.2	431280
1339	-1133352000	23.1	431280
1339	-1130932800	26.5	431280
1339	-1128254400	30.5	431280
1339	-1125662400	32.8	431280
1339	-1122984000	29.4	431280
1339	-1120392000	25.7	431280
1339	-1117713600	25.1	431280
1339	-1115035200	25.6	431280
1339	-1112443200	25.1	431280
1339	-1109764800	20.9	431280
1339	-1107172800	19.7	431280
1339	-1104494400	21.8	431280
1339	-1101816000	24.1	431280
1339	-1099396800	26.7	431280
1339	-1096718400	28.7	431280
1339	-1094126400	33.3	431280
1339	-1091448000	29.4	431280
1339	-1088856000	25.7	431280
1339	-1086177600	25.9	431280
1339	-1083499200	25.1	431280
1339	-1080907200	25.2	431280
1339	-1078228800	21.5	431280
1339	-1075636800	21.4	431280
1339	-1072958400	23.6	431280
1339	-1070280000	23.5	431280
1339	-1067774400	26	431280
1339	-1065096000	29.9	431280
1339	-1062504000	31.4	431280
1339	-1059825600	27.4	431280
1339	-1057233600	26.7	431280
1339	-1054555200	25.5	431280
1339	-1051876800	26.6	431280
1339	-1049284800	25.3	431280
1339	-1046606400	22.2	431280
1339	-1044014400	20.8	431280
1339	-1041336000	20.4	431280
1339	-1038657600	24.4	431280
1339	-1036238400	26.5	431280
1339	-1033560000	26.7	431280
1339	-1030968000	32.2	431280
1339	-1028289600	30	431280
1339	-1025697600	25.9	431280
1339	-1023019200	26.5	431280
1339	-1020340800	26.4	431280
1339	-1017748800	24.5	431280
1339	-1015070400	22.5	431280
1339	-1012478400	20.8	431280
1339	-1009800000	22.9	431280
1339	-1007121600	24.1	431280
1339	-1004702400	27.9	431280
1339	-1002024000	30.5	431280
1339	-999432000	31.8	431280
1339	-996753600	25.8	431280
1339	-994161600	25.1	431280
1339	-991483200	25.2	431280
1339	-988804800	25	431280
1339	-986212800	23.7	431280
1339	-983534400	20.7	431280
1339	-980942400	19.5	431280
1339	-978264000	20.6	431280
1339	-975585600	23.1	431280
1339	-973166400	26	431280
1339	-970488000	29.8	431280
1339	-967896000	32.9	431280
1339	-965217600	29.4	431280
1339	-962625600	26	431280
1339	-959947200	25.8	431280
1339	-957268800	25.7	431280
1339	-954676800	25.1	431280
1339	-951998400	20.4	431280
1339	-949406400	19.4	431280
1339	-946728000	19.3	431280
1339	-944049600	23.4	431280
1339	-941544000	26.3	431280
1339	-938865600	29.5	431280
1339	-936273600	30.8	431280
1339	-933595200	28.6	431280
1339	-931003200	24.7	431280
1339	-928324800	24.9	431280
1339	-925646400	25.9	431280
1339	-923054400	24.7	431280
1339	-920376000	23.2	431280
1339	-917784000	21.4	431280
1339	-915105600	22.3	431280
1339	-912427200	24.1	431280
1339	-910008000	28.6	431280
1339	-907329600	31.6	431280
1339	-904737600	32.7	431280
1339	-902059200	29.3	431280
1339	-899467200	27.7	431280
1339	-896788800	26.1	431280
1339	-894110400	26.1	431280
1339	-891518400	25.6	431280
1339	-888840000	22.7	431280
1339	-886248000	22.5	431280
1339	-883569600	22.2	431280
1339	-880891200	24.1	431280
1339	-878472000	27.7	431280
1339	-875793600	30.5	431280
1339	-873201600	32.4	431280
1339	-870523200	29	431280
1339	-867931200	25.9	431280
1339	-865252800	25.3	431280
1339	-862574400	25.1	431280
1339	-859982400	24.1	431280
1339	-857304000	22	431280
1339	-854712000	21.6	431280
1339	-852033600	22.9	431280
1339	-849355200	21.6	431280
1339	-846936000	26.6	431280
1339	-844257600	29.5	431280
1339	-841665600	29.9	431280
1339	-838987200	27.1	431280
1339	-836395200	25.6	431280
1339	-833716800	25.6	431280
1339	-831038400	24.6	431280
1339	-828446400	24.4	431280
1339	-825768000	22.4	431280
1339	-823176000	19	431280
1339	-820497600	22.1	431280
1339	-817819200	23.6	431280
1339	-815313600	24.7	431280
1339	-812635200	29.1	431280
1339	-810043200	32.4	431280
1339	-807364800	29.1	431280
1339	-804772800	25.8	431280
1339	-802094400	26.3	431280
1339	-799416000	25.9	431280
1339	-796824000	24.8	431280
1339	-794145600	21.9	431280
1339	-791553600	20.6	431280
1339	-788875200	21.4	431280
1339	-786196800	23.2	431280
1339	-783777600	27	431280
1339	-781099200	29.2	431280
1339	-778507200	32.7	431280
1339	-775828800	28.4	431280
1339	-773236800	25.7	431280
1339	-770558400	24.8	431280
1339	-767880000	25	431280
1339	-765288000	24.3	431280
1339	-762609600	20.5	431280
1339	-760017600	19	431280
1339	-757339200	19.3	431280
1339	-754660800	22.4	431280
1339	-752241600	27.3	431280
1339	-749563200	29.7	431280
1339	-746971200	31.7	431280
1339	-744292800	27.5	431280
1339	-741700800	26.2	431280
1339	-739022400	25.5	431280
1339	-736344000	26	431280
1339	-733752000	26.1	431280
1339	-731073600	23.1	431280
1339	-728481600	21.9	431280
1339	-725803200	22.7	431280
1339	-723124800	23.9	431280
1339	-720705600	27.8	431280
1339	-718027200	30.5	431280
1339	-715435200	32.7	431280
1339	-712756800	29.6	431280
1339	-710164800	25.6	431280
1339	-707486400	25.5	431280
1339	-704808000	25	431280
1339	-702216000	23.4	431280
1339	-699537600	21.5	431280
1339	-696945600	20.3	431280
1339	-694267200	21.9	431280
1339	-691588800	24.1	431280
1339	-689083200	26.1	431280
1339	-686404800	29.7	431280
1339	-683812800	32.7	431280
1339	-681134400	29.1	431280
1339	-678542400	26.6	431280
1339	-675864000	25.5	431280
1339	-673185600	25.2	431280
1339	-670593600	25.3	431280
1339	-667915200	23.7	431280
1339	-665323200	18.6	431280
1339	-662644800	20.5	431280
1339	-659966400	22.5	431280
1339	-657547200	26.8	431280
1339	-654868800	30	431280
1339	-652276800	30.7	431280
1339	-649598400	27.7	431280
1339	-647006400	25.8	431280
1339	-644328000	25.8	431280
1339	-641649600	25.2	431280
1339	-639057600	25.2	431280
1339	-636379200	20.9	431280
1339	-633787200	20.3	431280
1339	-631108800	20.6	431280
1339	-628430400	23	431280
1339	-626011200	25.5	431280
1339	-623332800	30.1	431280
1339	-620740800	31.8	431280
1339	-618062400	28.2	431280
1339	-615470400	26	431280
1339	-612792000	26.5	431280
1339	-610113600	25.1	431280
1339	-607521600	24.3	431280
1339	-604843200	21.4	431280
1339	-602251200	19.8	431280
1339	-599572800	21.3	431280
1339	-596894400	22.9	431280
1339	-594475200	27.1	431280
1339	-591796800	30.3	431280
1339	-589204800	31.5	431280
1339	-586526400	28.6	431280
1339	-583934400	26.2	431280
1339	-581256000	25.8	431280
1339	-578577600	26.4	431280
1339	-575985600	26	431280
1339	-573307200	23.4	431280
1339	-570715200	20.2	431280
1339	-568036800	21.4	431280
1339	-565358400	24.2	431280
1339	-562852800	26.7	431280
1339	-560174400	30.9	431280
1339	-557582400	32.4	431280
1339	-554904000	29.6	431280
1339	-552312000	27.4	431280
1339	-549633600	25.7	431280
1339	-546955200	26.1	431280
1339	-544363200	25	431280
1339	-541684800	20.7	431280
1339	-539092800	21.6	431280
1339	-536414400	21.7	431280
1339	-533736000	24.6	431280
1339	-531316800	28.9	431280
1339	-528638400	30.9	431280
1339	-526046400	34.6	431280
1339	-523368000	30.6	431280
1339	-520776000	26.6	431280
1339	-518097600	25.4	431280
1339	-515419200	25.4	431280
1339	-512827200	25.2	431280
1339	-510148800	21.7	431280
1339	-507556800	19.6	431280
1339	-504878400	21.1	431280
1339	-502200000	24.5	431280
1339	-499780800	26.9	431280
1339	-497102400	31.2	431280
1339	-494510400	33.7	431280
1339	-491832000	29.1	431280
1339	-489240000	25.8	431280
1339	-486561600	25.9	431280
1339	-483883200	25.1	431280
1339	-481291200	23.7	431280
1339	-478612800	20.7	431280
1339	-476020800	21.3	431280
1339	-473342400	21.4	431280
1339	-470664000	24.4	431280
1339	-468244800	27.4	431280
1339	-465566400	30.2	431280
1339	-462974400	31.3	431280
1339	-460296000	28.4	431280
1339	-457704000	25.8	431280
1339	-455025600	24.6	431280
1339	-452347200	25.6	431280
1339	-449755200	24.7	431280
1339	-447076800	20.6	431280
1339	-444484800	19.8	431280
1339	-441806400	21.2	431280
1339	-439128000	22.6	431280
1339	-436622400	27.8	431280
1339	-433944000	30.7	431280
1339	-431352000	31.4	431280
1339	-428673600	28.1	431280
1339	-426081600	24.5	431280
1339	-423403200	25.1	431280
1339	-420724800	25.2	431280
1339	-418132800	23.9	431280
1339	-415454400	22.4	431280
1339	-412862400	20.5	431280
1339	-410184000	21.7	431280
1339	-407505600	23.7	431280
1339	-405086400	25.7	431280
1339	-402408000	29.5	431280
1339	-399816000	31.8	431280
1339	-397137600	29.6	431280
1339	-394545600	25.9	431280
1339	-391867200	24.6	431280
1339	-389188800	25.9	431280
1339	-386596800	26.1	431280
1339	-383918400	23.1	431280
1339	-381326400	21.5	431280
1339	-378648000	21.7	431280
1339	-375969600	24.3	431280
1339	-373550400	27.4	431280
1339	-370872000	30.3	431280
1339	-368280000	32.3	431280
1339	-365601600	31.5	431280
1339	-363009600	25.3	431280
1339	-360331200	25.5	431280
1339	-357652800	25.7	431280
1339	-355060800	25.1	431280
1339	-352382400	23.3	431280
1339	-349790400	20.9	431280
1339	-347112000	22.1	431280
1339	-344433600	25.3	431280
1339	-342014400	27.5	431280
1339	-339336000	30.6	431280
1339	-336744000	32.9	431280
1339	-334065600	28.4	431280
1339	-331473600	25.7	431280
1339	-328795200	25.4	431280
1339	-326116800	25.9	431280
1339	-323524800	25.5	431280
1339	-320846400	22.9	431280
1339	-318254400	21.3	431280
1339	-315576000	22.7	431280
1339	-312897600	23.5	431280
1339	-310392000	27.1	431280
1339	-307713600	30.1	431280
1339	-305121600	31.9	431280
1339	-302443200	28.6	431280
1339	-299851200	27.1	431280
1339	-297172800	27.1	431280
1339	-294494400	26.2	431280
1339	-291902400	24.9	431280
1339	-289224000	22.7	431280
1339	-286632000	21.6	431280
1339	-283953600	22	431280
1339	-281275200	23.9	431280
1339	-278856000	28.7	431280
1339	-276177600	31.3	431280
1339	-273585600	31.1	431280
1339	-270907200	28.3	431280
1339	-268315200	25.9	431280
1339	-265636800	25.7	431280
1339	-262958400	25.7	431280
1339	-260366400	24.4	431280
1339	-257688000	21.5	431280
1339	-255096000	20.5	431280
1339	-252417600	20.1	431280
1339	-249739200	23.3	431280
1339	-247320000	26.7	431280
1339	-244641600	29.3	431280
1339	-242049600	31.1	431280
1339	-239371200	29.3	431280
1339	-236779200	26.3	431280
1339	-234100800	25.7	431280
1339	-231422400	25.3	431280
1339	-228830400	25.1	431280
1339	-226152000	21.7	431280
1339	-223560000	20	431280
1339	-220881600	19.9	431280
1339	-218203200	22.3	431280
1339	-215784000	26.9	431280
1339	-213105600	28.6	431280
1339	-210513600	31.8	431280
1339	-207835200	27.6	431280
1339	-205243200	26.4	431280
1339	-202564800	24.9	431280
1339	-199886400	25.9	431280
1339	-197294400	24.7	431280
1339	-194616000	22.5	431280
1339	-192024000	21.1	431280
1339	-189345600	22.1	431280
1339	-186667200	24.8	431280
1339	-184161600	28.5	431280
1339	-181483200	30.9	431280
1339	-178891200	32.9	431280
1339	-176212800	29.1	431280
1339	-173620800	26.1	431280
1339	-170942400	25.1	431280
1339	-168264000	24.9	431280
1339	-165672000	24.9	431280
1339	-162993600	21.5	431280
1339	-160401600	19.7	431280
1339	-157723200	21.3	431280
1339	-155044800	23.7	431280
1339	-152625600	27.1	431280
1339	-149947200	29.5	431280
1339	-147355200	32	431280
1339	-144676800	29.1	431280
1339	-142084800	25.7	431280
1339	-139406400	26.3	431280
1339	-136728000	26	431280
1339	-134136000	25.9	431280
1339	-131457600	23.7	431280
1339	-128865600	22.7	431280
1339	-126187200	22.7	431280
1339	-123508800	25.1	431280
1339	-121089600	28.8	431280
1339	-118411200	31.1	431280
1339	-115819200	32.4	431280
1339	-113140800	29.9	431280
1339	-110548800	27.5	431280
1339	-107870400	26.7	431280
1339	-105192000	25.5	431280
1339	-102600000	25.1	431280
1339	-99921600	23.7	431280
1339	-97329600	20.7	431280
1339	-94651200	21.9	431280
1339	-91972800	23.8	431280
1339	-89553600	26.7	431280
1339	-86875200	30.9	431280
1339	-84283200	32.7	431280
1339	-81604800	29.7	431280
1339	-79012800	26	431280
1339	-76334400	25.8	431280
1339	-73656000	25.5	431280
1339	-71064000	24.7	431280
1339	-68385600	22.3	431280
1339	-65793600	22.4	431280
1339	-63115200	20.8	431280
1339	-60436800	24.7	431280
1339	-57931200	26.5	431280
1339	-55252800	29.7	431280
1339	-52660800	32.1	431280
1339	-49982400	29.1	431280
1339	-47390400	26.3	431280
1339	-44712000	26.1	431280
1339	-42033600	25.4	431280
1339	-39441600	24.1	431280
1339	-36763200	22.6	431280
1339	-34171200	22.5	431280
1339	-31492800	21.7	431280
1339	-28814400	25.3	431280
1339	-26395200	29.4	431280
1339	-23716800	32.1	431280
1339	-21124800	31.9	431280
1339	-18446400	30.1	431280
1339	-15854400	26.6	431280
1339	-13176000	26.7	431280
1339	-10497600	25.1	431280
1339	-7905600	25.1	431280
1339	-5227200	23.5	431280
1339	-2635200	20.3	431280
1339	43200	22.1	431280
1339	2721600	25.3	431280
1339	5140800	29.1	431280
1339	7819200	31.1	431280
1339	10411200	32.4	431280
1339	13089600	27.5	431280
1339	15681600	26.9	431280
1339	18360000	25.2	431280
1339	21038400	25.8	431280
1339	23630400	25.1	431280
1339	26308800	21.8	431280
1339	28900800	19	431280
1339	31579200	21.8	431280
1339	34257600	25.1	431280
1339	36676800	26.9	431280
1339	39355200	31.3	431280
1339	41947200	31.5	431280
1339	44625600	27.3	431280
1339	47217600	27.9	431280
1339	49896000	27.1	431280
1339	52574400	26.8	431280
1339	55166400	25.1	431280
1339	57844800	21.3	431280
1339	60436800	19.7	431280
1339	63115200	20.8	431280
1339	65793600	24.3	431280
1339	68299200	28.1	431280
1339	70977600	30.9	431280
1339	73569600	32.6	431280
1339	76248000	31.1	431280
1339	78840000	27.3	431280
1339	81518400	27.7	431280
1339	84196800	27.5	431280
1339	86788800	25.7	431280
1339	89467200	23.1	431280
1339	92059200	22.5	431280
1339	94737600	23.3	431280
1339	97416000	25.8	431280
1339	99835200	29.1	431280
1339	102513600	33	431280
1339	105105600	34.4	431280
1339	107784000	29.3	431280
1339	110376000	26.6	431280
1339	113054400	25.7	431280
1339	115732800	26.5	431280
1339	118324800	25	431280
1339	121003200	21.9	431280
1339	123595200	21	431280
1339	126273600	21.3	431280
1339	128952000	25	431280
1339	131371200	28.3	431280
1339	134049600	31.7	431280
1339	136641600	31.3	431280
1339	139320000	28.6	431280
1339	141912000	27.9	431280
1339	144590400	26.3	431280
1339	147268800	26.3	431280
1339	149860800	25	431280
1339	152539200	21.7	431280
1339	155131200	19.7	431280
1339	157809600	20.8	431280
1339	160488000	24.5	431280
1339	162907200	27.3	431280
1339	165585600	31.3	431280
1339	168177600	33.3	431280
1339	170856000	28.5	431280
1339	173448000	26.5	431280
1339	176126400	26.1	431280
1339	178804800	25.3	431280
1339	181396800	25.3	431280
1339	184075200	21.1	431280
1339	186667200	19.1	431280
1339	189345600	20	431280
1339	192024000	23.5	431280
1339	194529600	28.3	431280
1339	197208000	30.7	431280
1339	199800000	32.9	431280
1339	202478400	29.3	431280
1339	205070400	26.3	431280
1339	207748800	25.5	431280
1339	210427200	26.3	431280
1339	213019200	26.3	431280
1339	215697600	24.2	431280
1339	218289600	22	431280
1339	220968000	21.5	431280
1339	223646400	24.9	431280
1339	226065600	28.3	431280
1339	228744000	30.9	431280
1339	231336000	31.3	431280
1339	234014400	29.7	431280
1339	236606400	27.1	431280
1339	239284800	25.9	431280
1339	241963200	26.8	431280
1339	244555200	25.7	431280
1339	247233600	24.7	431280
1339	249825600	20.9	431280
1339	252504000	22.5	431280
1339	255182400	24.2	431280
1339	257601600	27.9	431280
1339	260280000	31.3	431280
1339	262872000	32.7	431280
1339	265550400	28.3	431280
1339	268142400	25.9	431280
1339	270820800	25.1	431280
1339	273499200	25.9	431280
1339	276091200	25.6	431280
1339	278769600	24.3	431280
1339	281361600	22.1	431280
1339	284040000	23.1	431280
1339	286718400	25	431280
1339	289137600	27.8	431280
1339	291816000	31.4	431280
1339	294408000	31.7	431280
1339	297086400	30.9	431280
1339	299678400	27.9	431280
1339	302356800	26.5	431280
1339	305035200	26.8	431280
1339	307627200	26.3	431280
1339	310305600	24.5	431280
1339	312897600	22.3	431280
1339	315576000	23.3	431280
1339	318254400	26.5	431280
1339	320760000	28.7	431280
1339	323438400	31.8	431280
1339	326030400	34.3	431280
1339	328708800	28.7	431280
1339	331300800	26.5	431280
1339	333979200	25.4	431280
1339	336657600	26.5	431280
1339	339249600	26.5	431280
1339	341928000	23.9	431280
1339	344520000	22.1	431280
1339	347198400	21.9	431280
1339	349876800	25.5	431280
1339	352296000	27.7	431280
1339	354974400	31.8	431280
1339	357566400	33	431280
1339	360244800	29.1	431280
1339	362836800	27.3	431280
1339	365515200	25.3	431280
1339	368193600	25.9	431280
1339	370785600	25.3	431280
1339	373464000	23	431280
1339	376056000	21.7	431280
1339	378734400	23	431280
1339	381412800	26.3	431280
1339	383832000	29	431280
1339	386510400	30.7	431280
1339	389102400	31.3	431280
1339	391780800	29.3	431280
1339	394372800	27.1	431280
1339	397051200	26.5	431280
1339	399729600	26.4	431280
1339	402321600	25.8	431280
1339	4.05e+08	23.5	431280
1339	407592000	21.7	431280
1339	410270400	22.1	431280
1339	412948800	26.1	431280
1339	415368000	29.6	431280
1339	418046400	31.9	431280
1339	420638400	33.2	431280
1339	423316800	31	431280
1339	425908800	27.6	431280
1339	428587200	26	431280
1339	431265600	25.7	431280
1339	433857600	25	431280
1339	436536000	22.1	431280
1339	439128000	21.2	431280
1339	441806400	23.5	431280
1339	444484800	24.6	431280
1339	446990400	28	431280
1339	449668800	31.1	431280
1339	452260800	34.7	431280
1339	454939200	29.4	431280
1339	457531200	26.2	431280
1339	460209600	26.3	431280
1339	462888000	26.9	431280
1339	465480000	25.8	431280
1339	468158400	22.3	431280
1339	470750400	22.7	431280
1339	473428800	23.6	431280
1339	476107200	26	431280
1339	478526400	29.5	431280
1339	481204800	32	431280
1339	483796800	33.4	431280
1339	486475200	27.9	431280
1339	489067200	26.7	431280
1339	491745600	26.4	431280
1339	494424000	27.6	431280
1339	497016000	24.7	431280
1339	499694400	23.1	431280
1339	502286400	22.5	431280
1339	504964800	21.3	431280
1339	507643200	24.8	431280
1339	510062400	29.2	431280
1339	512740800	31.7	431280
1339	515332800	33.8	431280
1339	518011200	28.8	431280
1339	520603200	27.1	431280
1339	523281600	25.9	431280
1339	525960000	27.9	431280
1339	528552000	27.5	431280
1339	531230400	24.7	431280
1339	533822400	23	431280
1339	536500800	22.6	431280
1339	539179200	24.2	431280
1339	541598400	27.7	431280
1339	544276800	32	431280
1339	546868800	31.9	431280
1339	549547200	30.3	431280
1339	552139200	26.8	431280
1339	554817600	26.4	431280
1339	557496000	28.1	431280
1339	560088000	26.2	431280
1339	562766400	23.7	431280
1339	565358400	22.1	431280
1339	568036800	22.9	431280
1339	570715200	26.1	431280
1339	573220800	29.2	431280
1339	575899200	30.7	431280
1339	578491200	34.8	431280
1339	581169600	30.1	431280
1339	583761600	26.7	431280
1339	586440000	26.4	431280
1339	589118400	26.5	431280
1339	591710400	25.7	431280
1339	594388800	23.2	431280
1339	596980800	21.6	431280
1339	599659200	22.8	431280
1339	602337600	24.8	431280
1339	604756800	27.2	431280
1339	607435200	31.7	431280
1339	610027200	34	431280
1339	612705600	28.7	431280
1339	615297600	26.3	431280
1339	617976000	25.9	431280
1339	620654400	26.5	431280
1339	623246400	26.1	431280
1339	625924800	23.6	431280
1339	628516800	21.7	431280
1339	631195200	22.4	431280
1339	633873600	25.6	431280
1339	636292800	28.5	431280
1339	638971200	32.2	431280
1339	641563200	29.1	431280
1339	644241600	27.2	431280
1339	646833600	26.5	431280
1339	649512000	25.9	431280
1339	652190400	26.7	431280
1339	654782400	24.9	431280
1339	657460800	24.2	431280
1339	660052800	22.4	431280
1339	662731200	23.2	431280
1339	665409600	25.9	431280
1339	667828800	29.5	431280
1339	670507200	31.5	431280
1339	673099200	33.9	431280
1339	675777600	28.4	431280
1339	678369600	26.3	431280
1339	681048000	26.1	431280
1339	683726400	27.5	431280
1339	686318400	26.3	431280
1339	688996800	22.8	431280
1339	691588800	21.5	431280
1339	694267200	21.3	431280
1339	696945600	24.9	431280
1339	699451200	29.2	431280
1339	702129600	31.5	431280
1339	704721600	33.1	431280
1339	707400000	29.9	431280
1339	709992000	27.8	431280
1339	712670400	25.6	431280
1339	715348800	26.1	431280
1339	717940800	26.1	431280
1339	720619200	23.9	431280
1339	723211200	20.5	431280
1339	725889600	22.7	431280
1339	728568000	23.9	431280
1339	730987200	28.3	431280
1339	733665600	31.2	431280
1339	736257600	33.7	431280
1339	738936000	30.7	431280
1339	741528000	27.2	431280
1339	744206400	26.1	431280
1339	746884800	26.3	431280
1339	749476800	26	431280
1339	752155200	23.5	431280
1339	754747200	20.1	431280
1339	757425600	22.5	431280
1339	760104000	25.3	431280
1339	762523200	29.5	431280
1339	765201600	30.4	431280
1339	767793600	33.7	431280
1339	770472000	29.1	431280
1339	773064000	26.1	431280
1339	775742400	25.7	431280
1339	778420800	26.4	431280
1339	781012800	25.5	431280
1339	783691200	22.1	431280
1339	786283200	19.9	431280
1339	788961600	20.5	431280
1339	791640000	24.9	431280
1339	794059200	28.2	431280
1339	796737600	30.9	431280
1339	799329600	30.9	431280
1339	802008000	30.8	431280
1339	804600000	26.7	431280
1339	807278400	27	431280
1339	809956800	26.7	431280
1339	812548800	25.3	431280
1339	815227200	24.1	431280
1339	817819200	22.4	431280
1339	820497600	23.6	431280
1339	823176000	25.3	431280
1339	825681600	29	431280
1339	828360000	30	431280
1339	830952000	33.7	431280
1339	833630400	30.2	431280
1339	836222400	27.4	431280
1339	838900800	25.8	431280
1339	841579200	26.5	431280
1339	844171200	25.2	431280
1339	846849600	23.3	431280
1339	849441600	21.6	431280
1339	852120000	21.4	431280
1339	854798400	24.2	431280
1339	857217600	28	431280
1339	859896000	29.1	431280
1339	862488000	32.5	431280
1339	865166400	30.6	431280
1339	867758400	27.4	431280
1339	870436800	26.4	431280
1339	873115200	26.7	431280
1339	875707200	26	431280
1339	878385600	25.3	431280
1339	880977600	23.9	431280
1339	883656000	24.1	431280
1339	886334400	26.1	431280
1339	888753600	29.3	431280
1339	891432000	32.5	431280
1339	894024000	34	431280
1339	896702400	31.4	431280
1339	899294400	28.2	431280
1339	901972800	26.5	431280
1339	904651200	26.6	431280
1339	907243200	25.8	431280
1339	909921600	24	431280
1339	912513600	20.7	431280
1339	915192000	21.6	431280
1339	917870400	25.4	431280
1339	920289600	29.1	431280
1339	922968000	32.3	431280
1339	925560000	31.3	431280
1339	928238400	28.3	431280
1339	930830400	26.8	431280
1339	933508800	26	431280
1339	936187200	25.9	431280
1339	938779200	25.7	431280
1339	941457600	23.7	431280
1339	944049600	21.6	431280
1339	946728000	23	431280
1339	949406400	25.3	431280
1339	951912000	27.9	431280
1339	954590400	32.3	431280
1339	957182400	31.4	431280
1339	959860800	27.3	431280
1339	962452800	26.1	431280
1339	965131200	25.9	431280
1339	967809600	26.3	431280
1339	970401600	26.7	431280
1339	973080000	24.2	431280
1339	975672000	21.4	431280
1339	978350400	22.9	431280
1339	981028800	26.1	431280
1339	983448000	28.7	431280
1339	986126400	30.8	431280
1339	988718400	33.7	431280
1339	991396800	28.3	431280
1339	993988800	27.3	431280
1339	996667200	25.7	431280
1339	999345600	27.3	431280
1339	1001937600	25.5	431280
1339	1004616000	24.7	431280
1339	1007208000	21.9	431280
1339	1009886400	22.4	431280
1339	1012564800	25.2	431280
1339	1014984000	29.2	431280
1339	1017662400	32.5	431280
1339	1020254400	33.1	431280
1339	1022932800	28.8	431280
1339	1025524800	27.8	431280
1339	1028203200	25.5	431280
1339	1030881600	26.7	431280
1339	1033473600	26	431280
1339	1036152000	23	431280
1339	1038744000	22.5	431280
1339	1041422400	22.5	431280
1339	1044100800	25.9	431280
1339	1046520000	28.5	431280
1339	1049198400	31.6	431280
1339	1051790400	34.2	431280
1339	1054468800	31.7	431280
1339	1057060800	27	431280
1339	1059739200	26.1	431280
1339	1062417600	26.9	431280
1339	1065009600	26.1	431280
1339	1067688000	23.3	431280
1339	1070280000	21.6	431280
1339	1072958400	22.5	431280
1339	1075636800	24.1	431280
1339	1078142400	29.3	431280
1339	1080820800	31.4	431280
1339	1083412800	30.5	431280
1339	1086091200	29.3	431280
1339	1088683200	26.6	431280
1339	1091361600	25.9	431280
1339	1094040000	26.5	431280
1339	1096632000	25.5	431280
1339	1099310400	23.6	431280
1339	1101902400	21.5	431280
1339	1104580800	23.2	431280
1339	1107259200	25.1	431280
1339	1109678400	27.9	431280
1339	1112356800	30.1	431280
1339	1114948800	32.5	431280
1339	1117627200	31.2	431280
1339	1120219200	26.6	431280
1339	1122897600	26.5	431280
1339	1125576000	26.3	431280
1339	1128168000	25.9	431280
1339	1130846400	22.1	431280
1339	1133438400	21.7	431280
1339	1136116800	22.2	431280
1339	1138795200	24.7	431280
1339	1141214400	27.4	431280
1339	1143892800	31.3	431280
1339	1146484800	32	431280
1339	1149163200	29.3	431280
1339	1151755200	27.6	431280
1339	1154433600	26.3	431280
1339	1157112000	27.1	431280
1339	1159704000	26.5	431280
1339	1162382400	24.3	431280
1339	1164974400	22.5	431280
1339	1167652800	23.1	431280
1339	1170331200	24.8	431280
1339	1172750400	28.9	431280
1339	1175428800	31	431280
1339	1178020800	33.6	431280
1339	1180699200	28.9	431280
1339	1183291200	27.6	431280
1339	1185969600	26.6	431280
1339	1188648000	26.3	431280
1339	1191240000	26.1	431280
1339	1193918400	23.5	431280
1339	1196510400	23.5	431280
1339	1199188800	23.3	431280
1339	1201867200	25.2	431280
1339	1204372800	27.9	431280
1339	1207051200	30.4	431280
1339	1209643200	33.2	431280
1339	1212321600	29.6	431280
1339	1214913600	28.2	431280
1339	1217592000	26.3	431280
1339	1220270400	26.4	431280
1339	1222862400	26.7	431280
1339	1225540800	24.5	431280
1339	1228132800	23.3	431280
1339	1230811200	23.2	431280
1339	1233489600	26.9	431280
1339	1235908800	28.2	431280
1339	1238587200	31.7	431280
1339	1241179200	33.4	431280
1339	1243857600	30.5	431280
1339	1246449600	27.5	431280
1339	1249128000	27.1	431280
1339	1251806400	27.2	431280
1339	1254398400	25.7	431280
1339	1257076800	24.2	431280
1339	1259668800	22.9	431280
1339	1262347200	22.5	431280
1339	1265025600	26.2	431280
1339	1267444800	30	431280
1339	1270123200	33.3	431280
1339	1272715200	33.5	431280
1339	1275393600	30.8	431280
1339	1277985600	26.8	431280
1339	1280664000	27.3	431280
1339	1283342400	27	431280
1339	1285934400	26.6	431280
1339	1288612800	25.3	431280
1339	1291204800	21.9	431280
1339	1293883200	22.1	431280
1339	1296561600	24.7	431280
1339	1298980800	28.3	431280
1339	1301659200	30.2	431280
1339	1304251200	33.1	431280
1339	1306929600	29.5	431280
1339	1309521600	27.1	431280
1339	1312200000	27	431280
1339	1314878400	27.5	431280
1339	1317470400	27.3	431280
1339	1320148800	24.4	431280
1339	1322740800	23.2	431280
1339	1325419200	23.8	431280
1339	1328097600	26.1	431280
1339	1330603200	29.1	431280
1339	1333281600	31.5	431280
1339	1335873600	34.4	431280
1339	1338552000	30.1	431280
1339	1341144000	26.7	431280
1339	1343822400	26.5	431280
1339	1346500800	26.8	431280
1339	1349092800	25.6	431280
1339	1351771200	24.1	431280
1339	1354363200	23.9	431280
1339	1357041600	24.7	431280
1339	1359720000	25.4	431280
1339	1362139200	29.2	431280
1339	1364817600	31.5	431280
1339	1367409600	34.7	431280
1339	1370088000	28.1	431280
1339	1372680000	25.9	431280
1339	1375358400	25.8	431280
1339	1378036800	26.9	431280
1339	1380628800	26.3	431280
1339	1383307200	23.7	431280
1339	1385899200	21.9	431280
1339	1388577600	23.3	431280
1339	1391256000	24.7	431280
1339	1393675200	27.6	431280
1339	1396353600	31.7	431280
1339	1398945600	32.4	431280
1339	1401624000	31.8	431280
1339	1404216000	27.9	431280
1339	1406894400	28.3	431280
1339	1409572800	27.5	431280
1339	1412164800	27.3	431280
1339	1414843200	24.9	431280
1339	1417435200	22.5	431280
1339	1420113600	22.5	431280
1339	1422792000	25.2	431280
1339	1425211200	28.2	431280
1339	1427889600	30.1	431280
1339	1430481600	33.9	431280
1341	-2177409600	24.2	431610
1341	-2174731200	24.2	431610
1341	-2172312000	29.1	431610
1341	-2169633600	31.2	431610
1341	-2167041600	30.4	431610
1341	-2164363200	27.4	431610
1341	-2161771200	26.5	431610
1341	-2159092800	25.8	431610
1341	-2156414400	27.1	431610
1341	-2153822400	27	431610
1341	-2151144000	24.3	431610
1341	-2148552000	22.7	431610
1341	-2145873600	23.8	431610
1341	-2143195200	25.8	431610
1341	-2140776000	29.8	431610
1341	-2138097600	31.5	431610
1341	-2135505600	31.7	431610
1341	-2132827200	27.8	431610
1341	-2130235200	26.1	431610
1341	-2127556800	26.9	431610
1341	-2124878400	26.2	431610
1341	-2122286400	26.4	431610
1341	-2119608000	22.9	431610
1341	-2117016000	22.3	431610
1341	-2114337600	23.4	431610
1341	-2111659200	25.1	431610
1341	-2109240000	28.6	431610
1341	-2106561600	31.2	431610
1341	-2103969600	30.6	431610
1341	-2101291200	28.1	431610
1341	-2098699200	25.4	431610
1341	-2096020800	25.5	431610
1341	-2093342400	25.4	431610
1341	-2090750400	24.6	431610
1341	-2088072000	21.9	431610
1341	-2085480000	20.1	431610
1341	-2082801600	22.3	431610
1341	-2080123200	24.2	431610
1341	-2077617600	28	431610
1341	-2074939200	31.2	431610
1341	-2072347200	31	431610
1341	-2069668800	27.5	431610
1341	-2067076800	25.7	431610
1341	-2064398400	26.2	431610
1341	-2061720000	25.4	431610
1341	-2059128000	25.9	431610
1341	-2056449600	21.9	431610
1341	-2053857600	20.9	431610
1341	-2051179200	22.6	431610
1341	-2048500800	23.4	431610
1341	-2046081600	27.8	431610
1341	-2043403200	29.8	431610
1341	-2040811200	32.1	431610
1341	-2038132800	28.7	431610
1341	-2035540800	26.6	431610
1341	-2032862400	25.9	431610
1341	-2030184000	26.7	431610
1341	-2027592000	26.5	431610
1341	-2024913600	24.6	431610
1341	-2022321600	21.9	431610
1341	-2019643200	23.4	431610
1341	-2016964800	24.9	431610
1341	-2014545600	28.6	431610
1341	-2011867200	32.9	431610
1341	-2009275200	32	431610
1341	-2006596800	27.6	431610
1341	-2004004800	25.8	431610
1341	-2001326400	25.7	431610
1341	-1998648000	25.2	431610
1341	-1996056000	25.6	431610
1341	-1993377600	23.6	431610
1341	-1990785600	22.1	431610
1341	-1988107200	22.4	431610
1341	-1985428800	25.7	431610
1341	-1983009600	28.2	431610
1341	-1980331200	28.2	431610
1341	-1977739200	30.5	431610
1341	-1975060800	28.1	431610
1341	-1972468800	26.2	431610
1341	-1969790400	24.4	431610
1341	-1967112000	26.3	431610
1341	-1964520000	27.3	431610
1341	-1961841600	24.8	431610
1341	-1959249600	21.9	431610
1341	-1956571200	22.3	431610
1341	-1953892800	25.4	431610
1341	-1951387200	28.2	431610
1341	-1948708800	31.4	431610
1341	-1946116800	30.9	431610
1341	-1943438400	28.5	431610
1341	-1940846400	25.3	431610
1341	-1938168000	25.5	431610
1341	-1935489600	24.1	431610
1341	-1932897600	26.7	431610
1341	-1930219200	23.2	431610
1341	-1927627200	20.9	431610
1341	-1924948800	24.3	431610
1341	-1922270400	26.1	431610
1341	-1919851200	29.5	431610
1341	-1917172800	29.9	431610
1341	-1914580800	30.5	431610
1341	-1911902400	26.6	431610
1341	-1909310400	25.1	431610
1341	-1906632000	25.6	431610
1341	-1903953600	25.6	431610
1341	-1901361600	26	431610
1341	-1898683200	23.8	431610
1341	-1896091200	23.6	431610
1341	-1893412800	23.2	431610
1341	-1890734400	25	431610
1341	-1888315200	28.9	431610
1341	-1885636800	32.2	431610
1341	-1883044800	31.6	431610
1341	-1880366400	27.6	431610
1341	-1877774400	26.3	431610
1341	-1875096000	25.6	431610
1341	-1872417600	24.4	431610
1341	-1869825600	25.3	431610
1341	-1867147200	21.4	431610
1341	-1864555200	20.4	431610
1341	-1861876800	23.1	431610
1341	-1859198400	23.8	431610
1341	-1856779200	28.1	431610
1341	-1854100800	31.6	431610
1341	-1851508800	31.7	431610
1341	-1848830400	27.7	431610
1341	-1846238400	25.8	431610
1341	-1843560000	25.2	431610
1341	-1840881600	26.4	431610
1341	-1838289600	26.8	431610
1341	-1835611200	23.9	431610
1341	-1833019200	23.1	431610
1341	-1830340800	23.6	431610
1341	-1827662400	26.2	431610
1341	-1825156800	29.4	431610
1341	-1822478400	31.2	431610
1341	-1819886400	31.5	431610
1341	-1817208000	29.2	431610
1341	-1814616000	25.9	431610
1341	-1811937600	25.8	431610
1341	-1809259200	27	431610
1341	-1806667200	25.8	431610
1341	-1803988800	23.7	431610
1341	-1801396800	21.8	431610
1341	-1798718400	21.9	431610
1341	-1796040000	26.7	431610
1341	-1793620800	29.1	431610
1341	-1790942400	32	431610
1341	-1788350400	30.6	431610
1341	-1785672000	27.1	431610
1341	-1783080000	25.8	431610
1341	-1780401600	26	431610
1341	-1777723200	27.1	431610
1341	-1775131200	26.4	431610
1341	-1772452800	24.2	431610
1341	-1769860800	23.8	431610
1341	-1767182400	22.7	431610
1341	-1764504000	26.3	431610
1341	-1762084800	28.8	431610
1341	-1759406400	30.2	431610
1341	-1756814400	31.8	431610
1341	-1754136000	28.2	431610
1341	-1751544000	25.9	431610
1341	-1748865600	24.9	431610
1341	-1746187200	25.6	431610
1341	-1743595200	25.8	431610
1341	-1740916800	23.2	431610
1341	-1738324800	22.4	431610
1341	-1735646400	22.5	431610
1341	-1732968000	24.8	431610
1341	-1730548800	27.5	431610
1341	-1727870400	30.8	431610
1341	-1725278400	30.7	431610
1341	-1722600000	27.8	431610
1341	-1720008000	26.3	431610
1341	-1717329600	25.9	431610
1341	-1714651200	25.9	431610
1341	-1712059200	25.3	431610
1341	-1709380800	23.2	431610
1341	-1706788800	20.2	431610
1341	-1704110400	22.8	431610
1341	-1701432000	25.4	431610
1341	-1698926400	28.8	431610
1341	-1696248000	31.2	431610
1341	-1693656000	31.1	431610
1341	-1690977600	26.7	431610
1341	-1688385600	26	431610
1341	-1685707200	25.4	431610
1341	-1683028800	25.2	431610
1341	-1680436800	25.4	431610
1341	-1677758400	22.6	431610
1341	-1675166400	19.8	431610
1341	-1672488000	21.7	431610
1341	-1669809600	24.1	431610
1341	-1667390400	27.2	431610
1341	-1664712000	29.6	431610
1341	-1662120000	27.4	431610
1341	-1659441600	26.2	431610
1341	-1656849600	26.3	431610
1341	-1654171200	25.8	431610
1341	-1651492800	24.6	431610
1341	-1648900800	24.3	431610
1341	-1646222400	22.3	431610
1341	-1643630400	20.4	431610
1341	-1640952000	21.4	431610
1341	-1638273600	24.7	431610
1341	-1635854400	26.4	431610
1341	-1633176000	32	431610
1341	-1630584000	29.3	431610
1341	-1627905600	27	431610
1341	-1625313600	26.7	431610
1341	-1622635200	26.3	431610
1341	-1619956800	26.1	431610
1341	-1617364800	25.4	431610
1341	-1614686400	25	431610
1341	-1612094400	23.2	431610
1341	-1609416000	24.2	431610
1341	-1606737600	26.4	431610
1341	-1604318400	28.9	431610
1341	-1601640000	31.3	431610
1341	-1599048000	31.1	431610
1341	-1596369600	26.8	431610
1341	-1593777600	26.4	431610
1341	-1591099200	26	431610
1341	-1588420800	25.6	431610
1341	-1585828800	25.6	431610
1341	-1583150400	24.3	431610
1341	-1580558400	22	431610
1341	-1577880000	22.9	431610
1341	-1575201600	24.9	431610
1341	-1572696000	29.3	431610
1341	-1570017600	31.2	431610
1341	-1567425600	30.6	431610
1341	-1564747200	27.7	431610
1341	-1562155200	25.8	431610
1341	-1559476800	25.8	431610
1341	-1556798400	26.1	431610
1341	-1554206400	27.1	431610
1341	-1551528000	24.2	431610
1341	-1548936000	22.3	431610
1341	-1546257600	23.5	431610
1341	-1543579200	24.7	431610
1341	-1541160000	29.4	431610
1341	-1538481600	31.4	431610
1341	-1535889600	32	431610
1341	-1533211200	28.2	431610
1341	-1530619200	26.1	431610
1341	-1527940800	25.6	431610
1341	-1525262400	25.3	431610
1341	-1522670400	25.2	431610
1341	-1519992000	21.6	431610
1341	-1517400000	21	431610
1341	-1514721600	22.7	431610
1341	-1512043200	24.9	431610
1341	-1509624000	28.8	431610
1341	-1506945600	31	431610
1341	-1504353600	31.4	431610
1341	-1501675200	27.2	431610
1341	-1499083200	25.4	431610
1341	-1496404800	25.7	431610
1341	-1493726400	26	431610
1341	-1491134400	26.1	431610
1341	-1488456000	23.2	431610
1341	-1485864000	20.6	431610
1341	-1483185600	22.1	431610
1341	-1480507200	23.7	431610
1341	-1478088000	27.1	431610
1341	-1475409600	30.3	431610
1341	-1472817600	31	431610
1341	-1470139200	29.6	431610
1341	-1467547200	25.3	431610
1341	-1464868800	23.9	431610
1341	-1462190400	25.6	431610
1341	-1459598400	26.2	431610
1341	-1456920000	24.2	431610
1341	-1454328000	22.7	431610
1341	-1451649600	24	431610
1341	-1448971200	26.3	431610
1341	-1446465600	29.2	431610
1341	-1443787200	31.8	431610
1341	-1441195200	32	431610
1341	-1438516800	28.5	431610
1341	-1435924800	26.7	431610
1341	-1433246400	26.1	431610
1341	-1430568000	25.6	431610
1341	-1427976000	24.7	431610
1341	-1425297600	22.8	431610
1341	-1422705600	21.8	431610
1341	-1420027200	21.9	431610
1341	-1417348800	24.7	431610
1341	-1414929600	28.5	431610
1341	-1412251200	31.7	431610
1341	-1409659200	30.2	431610
1341	-1406980800	27.7	431610
1341	-1404388800	26.1	431610
1341	-1401710400	25.9	431610
1341	-1399032000	25.9	431610
1341	-1396440000	25.5	431610
1341	-1393761600	24	431610
1341	-1391169600	21.2	431610
1341	-1388491200	23.6	431610
1341	-1385812800	26.1	431610
1341	-1383393600	28.9	431610
1341	-1380715200	29.8	431610
1341	-1378123200	31.3	431610
1341	-1375444800	29.5	431610
1341	-1372852800	26.6	431610
1341	-1370174400	25.9	431610
1341	-1367496000	25.8	431610
1341	-1364904000	27.2	431610
1341	-1362225600	24.5	431610
1341	-1359633600	22.5	431610
1341	-1356955200	24.7	431610
1341	-1354276800	25.6	431610
1341	-1351857600	29.6	431610
1341	-1349179200	31.6	431610
1341	-1346587200	31	431610
1341	-1343908800	27.2	431610
1341	-1341316800	25.4	431610
1341	-1338638400	25.7	431610
1341	-1335960000	26	431610
1341	-1333368000	25.8	431610
1341	-1330689600	21.6	431610
1341	-1328097600	22	431610
1341	-1325419200	23.3	431610
1341	-1322740800	24.7	431610
1341	-1320235200	28.5	431610
1341	-1317556800	30.8	431610
1341	-1314964800	31.6	431610
1341	-1312286400	27.2	431610
1341	-1309694400	25.9	431610
1341	-1307016000	25.5	431610
1341	-1304337600	25.3	431610
1341	-1301745600	25.3	431610
1341	-1299067200	23.5	431610
1341	-1296475200	21.3	431610
1341	-1293796800	22.8	431610
1341	-1291118400	24.7	431610
1341	-1288699200	28.7	431610
1341	-1286020800	29.7	431610
1341	-1283428800	31.6	431610
1341	-1280750400	27.1	431610
1341	-1278158400	25.9	431610
1341	-1275480000	26.2	431610
1341	-1272801600	26.5	431610
1341	-1270209600	25.4	431610
1341	-1267531200	23.2	431610
1341	-1264939200	22.8	431610
1341	-1262260800	23.3	431610
1341	-1259582400	23.4	431610
1341	-1257163200	28.4	431610
1341	-1254484800	30.5	431610
1341	-1251892800	30.5	431610
1341	-1249214400	27.9	431610
1341	-1246622400	26	431610
1341	-1243944000	25.8	431610
1341	-1241265600	25.6	431610
1341	-1238673600	25.8	431610
1341	-1235995200	22.6	431610
1341	-1233403200	23	431610
1341	-1230724800	23.1	431610
1341	-1228046400	26.9	431610
1341	-1225627200	28.8	431610
1341	-1222948800	31.8	431610
1341	-1220356800	31.9	431610
1341	-1217678400	28.6	431610
1341	-1215086400	25.7	431610
1341	-1212408000	26.2	431610
1341	-1209729600	25.7	431610
1341	-1207137600	25.2	431610
1341	-1204459200	23.2	431610
1341	-1201867200	21.1	431610
1341	-1199188800	21.5	431610
1341	-1196510400	23.9	431610
1341	-1194004800	28.4	431610
1341	-1191326400	30.8	431610
1341	-1188734400	31	431610
1341	-1186056000	28.2	431610
1341	-1183464000	25.4	431610
1341	-1180785600	26.2	431610
1341	-1178107200	25.6	431610
1341	-1175515200	26	431610
1341	-1172836800	23.1	431610
1341	-1170244800	21.8	431610
1341	-1167566400	22.3	431610
1341	-1164888000	25.9	431610
1341	-1162468800	28.2	431610
1341	-1159790400	29.9	431610
1341	-1157198400	29.4	431610
1341	-1154520000	26.7	431610
1341	-1151928000	26.2	431610
1341	-1149249600	25.5	431610
1341	-1146571200	25.5	431610
1341	-1143979200	25.1	431610
1341	-1141300800	23.3	431610
1341	-1138708800	21	431610
1341	-1136030400	22.2	431610
1341	-1133352000	24.8	431610
1341	-1130932800	28.5	431610
1341	-1128254400	31	431610
1341	-1125662400	31.6	431610
1341	-1122984000	28.4	431610
1341	-1120392000	25.7	431610
1341	-1117713600	24.9	431610
1341	-1115035200	25.2	431610
1341	-1112443200	25.7	431610
1341	-1109764800	21.6	431610
1341	-1107172800	20.9	431610
1341	-1104494400	22.8	431610
1341	-1101816000	25.3	431610
1341	-1099396800	28	431610
1341	-1096718400	30.1	431610
1341	-1094126400	32.4	431610
1341	-1091448000	28	431610
1341	-1088856000	26	431610
1341	-1086177600	25.7	431610
1341	-1083499200	25.1	431610
1341	-1080907200	25.6	431610
1341	-1078228800	22.5	431610
1341	-1075636800	22.8	431610
1341	-1072958400	24.1	431610
1341	-1070280000	24.7	431610
1341	-1067774400	28.3	431610
1341	-1065096000	30.9	431610
1341	-1062504000	31.8	431610
1341	-1059825600	27.1	431610
1341	-1057233600	26.6	431610
1341	-1054555200	25.5	431610
1341	-1051876800	26.5	431610
1341	-1049284800	26.7	431610
1341	-1046606400	23.9	431610
1341	-1044014400	22.7	431610
1341	-1041336000	22.2	431610
1341	-1038657600	25.7	431610
1341	-1036238400	28.8	431610
1341	-1033560000	29	431610
1341	-1030968000	31.6	431610
1341	-1028289600	28.7	431610
1341	-1025697600	25.8	431610
1341	-1023019200	26.1	431610
1341	-1020340800	26.3	431610
1341	-1017748800	25.5	431610
1341	-1015070400	24	431610
1341	-1012478400	22	431610
1341	-1009800000	24.8	431610
1341	-1007121600	25.5	431610
1341	-1004702400	29.5	431610
1341	-1002024000	30.8	431610
1341	-999432000	30.7	431610
1341	-996753600	26.5	431610
1341	-994161600	25.6	431610
1341	-991483200	25.8	431610
1341	-988804800	25.4	431610
1341	-986212800	24.8	431610
1341	-983534400	23	431610
1341	-980942400	21.5	431610
1341	-978264000	23	431610
1341	-975585600	25.9	431610
1341	-973166400	28	431610
1341	-970488000	30.7	431610
1341	-967896000	32.2	431610
1341	-965217600	27.9	431610
1341	-962625600	25.1	431610
1341	-959947200	25.9	431610
1341	-957268800	25.7	431610
1341	-954676800	26.7	431610
1341	-951998400	22.6	431610
1341	-949406400	20.6	431610
1341	-946728000	21.7	431610
1341	-944049600	25.9	431610
1341	-941544000	27.4	431610
1341	-938865600	31.3	431610
1341	-936273600	30.5	431610
1341	-933595200	28	431610
1341	-931003200	26.4	431610
1341	-928324800	25.6	431610
1341	-925646400	26.5	431610
1341	-923054400	25.6	431610
1341	-920376000	24.7	431610
1341	-917784000	22	431610
1341	-915105600	23.4	431610
1341	-912427200	25.8	431610
1341	-910008000	29.7	431610
1341	-907329600	32.2	431610
1341	-904737600	32.3	431610
1341	-902059200	28.6	431610
1341	-899467200	26.1	431610
1341	-896788800	25.9	431610
1341	-894110400	26.5	431610
1341	-891518400	26.9	431610
1341	-888840000	23.6	431610
1341	-886248000	23.7	431610
1341	-883569600	23	431610
1341	-880891200	25.8	431610
1341	-878472000	29.5	431610
1341	-875793600	31.2	431610
1341	-873201600	32	431610
1341	-870523200	27.5	431610
1341	-867931200	25.2	431610
1341	-865252800	25.4	431610
1341	-862574400	25.9	431610
1341	-859982400	25.9	431610
1341	-857304000	23.8	431610
1341	-854712000	22.5	431610
1341	-852033600	24.4	431610
1341	-849355200	24.1	431610
1341	-846936000	29	431610
1341	-844257600	30.6	431610
1341	-841665600	29.4	431610
1341	-838987200	26.6	431610
1341	-836395200	25.2	431610
1341	-833716800	25.5	431610
1341	-831038400	24.6	431610
1341	-828446400	24.7	431610
1341	-825768000	24.4	431610
1341	-823176000	20.4	431610
1341	-820497600	23.5	431610
1341	-817819200	24.6	431610
1341	-815313600	26.5	431610
1341	-812635200	30.4	431610
1341	-810043200	31.8	431610
1341	-807364800	28.5	431610
1341	-804772800	25.7	431610
1341	-802094400	26.3	431610
1341	-799416000	26.1	431610
1341	-796824000	25.5	431610
1341	-794145600	23.5	431610
1341	-791553600	22.4	431610
1341	-788875200	23.1	431610
1341	-786196800	25.1	431610
1341	-783777600	29	431610
1341	-781099200	30.5	431610
1341	-778507200	31.4	431610
1341	-775828800	27.8	431610
1341	-773236800	26.5	431610
1341	-770558400	25.5	431610
1341	-767880000	25.5	431610
1341	-765288000	25.7	431610
1341	-762609600	22.5	431610
1341	-760017600	21	431610
1341	-757339200	21.4	431610
1341	-754660800	25.1	431610
1341	-752241600	29.3	431610
1341	-749563200	30.8	431610
1341	-746971200	31	431610
1341	-744292800	27.3	431610
1341	-741700800	26.4	431610
1341	-739022400	25.7	431610
1341	-736344000	25.8	431610
1341	-733752000	26.9	431610
1341	-731073600	24.1	431610
1341	-728481600	23.4	431610
1341	-725803200	23.5	431610
1341	-723124800	25.6	431610
1341	-720705600	29.1	431610
1341	-718027200	30	431610
1341	-715435200	30.7	431610
1341	-712756800	28.9	431610
1341	-710164800	26.4	431610
1341	-707486400	26.8	431610
1341	-704808000	26.2	431610
1341	-702216000	25.9	431610
1341	-699537600	24.2	431610
1341	-696945600	21.8	431610
1341	-694267200	24.1	431610
1341	-691588800	26.6	431610
1341	-689083200	28.8	431610
1341	-686404800	31.6	431610
1341	-683812800	31.4	431610
1341	-681134400	28.5	431610
1341	-678542400	26.7	431610
1341	-675864000	25.7	431610
1341	-673185600	25.7	431610
1341	-670593600	25.9	431610
1341	-667915200	24.9	431610
1341	-665323200	20.2	431610
1341	-662644800	22.5	431610
1341	-659966400	24.7	431610
1341	-657547200	29.2	431610
1341	-654868800	30.8	431610
1341	-652276800	30	431610
1341	-649598400	27.3	431610
1341	-647006400	26.3	431610
1341	-644328000	26.2	431610
1341	-641649600	25.3	431610
1341	-639057600	26.1	431610
1341	-636379200	22.5	431610
1341	-633787200	22.1	431610
1341	-631108800	22.8	431610
1341	-628430400	24.6	431610
1341	-626011200	28	431610
1341	-623332800	31.3	431610
1341	-620740800	30.9	431610
1341	-618062400	27.9	431610
1341	-615470400	26.2	431610
1341	-612792000	25.5	431610
1341	-610113600	24.7	431610
1341	-607521600	24.3	431610
1341	-604843200	22.9	431610
1341	-602251200	21.8	431610
1341	-599572800	22.9	431610
1341	-596894400	25.2	431610
1341	-594475200	28.7	431610
1341	-591796800	30.4	431610
1341	-589204800	31.7	431610
1341	-586526400	27	431610
1341	-583934400	25.8	431610
1341	-581256000	25.7	431610
1341	-578577600	26.8	431610
1341	-575985600	27.1	431610
1341	-573307200	25.1	431610
1341	-570715200	21.5	431610
1341	-568036800	23.2	431610
1341	-565358400	25.7	431610
1341	-562852800	28	431610
1341	-560174400	31.7	431610
1341	-557582400	31.3	431610
1341	-554904000	27.4	431610
1341	-552312000	26.4	431610
1341	-549633600	25.9	431610
1341	-546955200	26.4	431610
1341	-544363200	26.2	431610
1341	-541684800	22.9	431610
1341	-539092800	22.4	431610
1341	-536414400	23.3	431610
1341	-533736000	26.5	431610
1341	-531316800	30.7	431610
1341	-528638400	30.4	431610
1341	-526046400	31.5	431610
1341	-523368000	28.6	431610
1341	-520776000	25.9	431610
1341	-518097600	25.2	431610
1341	-515419200	25.9	431610
1341	-512827200	25.3	431610
1341	-510148800	23.1	431610
1341	-507556800	21	431610
1341	-504878400	22.9	431610
1341	-502200000	26.2	431610
1341	-499780800	28.3	431610
1341	-497102400	30.8	431610
1341	-494510400	31.8	431610
1341	-491832000	27.8	431610
1341	-489240000	25.3	431610
1341	-486561600	25.5	431610
1341	-483883200	25.2	431610
1341	-481291200	25.3	431610
1341	-478612800	22.7	431610
1341	-476020800	22.6	431610
1341	-473342400	23.8	431610
1341	-470664000	26.6	431610
1341	-468244800	28.9	431610
1341	-465566400	30.5	431610
1341	-462974400	30.3	431610
1341	-460296000	27	431610
1341	-457704000	26.3	431610
1341	-455025600	24.7	431610
1341	-452347200	26	431610
1341	-449755200	25.2	431610
1341	-447076800	21.5	431610
1341	-444484800	21.6	431610
1341	-441806400	23	431610
1341	-439128000	24.5	431610
1341	-436622400	29.6	431610
1341	-433944000	31.3	431610
1341	-431352000	28.9	431610
1341	-428673600	26.1	431610
1341	-426081600	23.8	431610
1341	-423403200	25.2	431610
1341	-420724800	25.2	431610
1341	-418132800	24.7	431610
1341	-415454400	23.4	431610
1341	-412862400	21.7	431610
1341	-410184000	23.4	431610
1341	-407505600	25.1	431610
1341	-405086400	27	431610
1341	-402408000	30.2	431610
1341	-399816000	31.6	431610
1341	-397137600	28.4	431610
1341	-394545600	25.8	431610
1341	-391867200	25.1	431610
1341	-389188800	26.4	431610
1341	-386596800	26.7	431610
1341	-383918400	24.6	431610
1341	-381326400	23.7	431610
1341	-378648000	24.1	431610
1341	-375969600	26.2	431610
1341	-373550400	29.2	431610
1341	-370872000	31.5	431610
1341	-368280000	31.3	431610
1341	-365601600	29.9	431610
1341	-363009600	25.5	431610
1341	-360331200	25.7	431610
1341	-357652800	26.2	431610
1341	-355060800	26.1	431610
1341	-352382400	24.9	431610
1341	-349790400	23.4	431610
1341	-347112000	24.6	431610
1341	-344433600	27.1	431610
1341	-342014400	29.6	431610
1341	-339336000	31.5	431610
1341	-336744000	32.7	431610
1341	-334065600	28	431610
1341	-331473600	26.3	431610
1341	-328795200	26	431610
1341	-326116800	26.5	431610
1341	-323524800	26.3	431610
1341	-320846400	24.7	431610
1341	-318254400	23.1	431610
1341	-315576000	24.6	431610
1341	-312897600	26.1	431610
1341	-310392000	28.9	431610
1341	-307713600	31.6	431610
1341	-305121600	31.2	431610
1341	-302443200	28.2	431610
1341	-299851200	27.1	431610
1341	-297172800	26.4	431610
1341	-294494400	25.9	431610
1341	-291902400	26.2	431610
1341	-289224000	24	431610
1341	-286632000	23.2	431610
1341	-283953600	23.6	431610
1341	-281275200	25	431610
1341	-278856000	30.4	431610
1341	-276177600	31.5	431610
1341	-273585600	30.1	431610
1341	-270907200	27.3	431610
1341	-268315200	25.4	431610
1341	-265636800	26	431610
1341	-262958400	26.4	431610
1341	-260366400	25.9	431610
1341	-257688000	23.9	431610
1341	-255096000	23.1	431610
1341	-252417600	22.2	431610
1341	-249739200	25.8	431610
1341	-247320000	29.2	431610
1341	-244641600	30.8	431610
1341	-242049600	31	431610
1341	-239371200	28.4	431610
1341	-236779200	26.2	431610
1341	-234100800	26.2	431610
1341	-231422400	25.5	431610
1341	-228830400	26.3	431610
1341	-226152000	24.2	431610
1341	-223560000	21.6	431610
1341	-220881600	22.7	431610
1341	-218203200	24.9	431610
1341	-215784000	28.7	431610
1341	-213105600	30.4	431610
1341	-210513600	31.2	431610
1341	-207835200	27.8	431610
1341	-205243200	26.8	431610
1341	-202564800	25.4	431610
1341	-199886400	27.1	431610
1341	-197294400	25.9	431610
1341	-194616000	24.7	431610
1341	-192024000	23.5	431610
1341	-189345600	23.7	431610
1341	-186667200	26.3	431610
1341	-184161600	30	431610
1341	-181483200	32.2	431610
1341	-178891200	32.1	431610
1341	-176212800	28.8	431610
1341	-173620800	26.3	431610
1341	-170942400	25.1	431610
1341	-168264000	25.2	431610
1341	-165672000	26.4	431610
1341	-162993600	23.2	431610
1341	-160401600	21.7	431610
1341	-157723200	22.8	431610
1341	-155044800	25	431610
1341	-152625600	28.9	431610
1341	-149947200	31.2	431610
1341	-147355200	31.8	431610
1341	-144676800	28.6	431610
1341	-142084800	25.9	431610
1341	-139406400	26.8	431610
1341	-136728000	27.2	431610
1341	-134136000	28.3	431610
1341	-131457600	25.3	431610
1341	-128865600	23.7	431610
1341	-126187200	23.9	431610
1341	-123508800	26.5	431610
1341	-121089600	29.5	431610
1341	-118411200	32.5	431610
1341	-115819200	30.2	431610
1341	-113140800	28.5	431610
1341	-110548800	26.6	431610
1341	-107870400	26.9	431610
1341	-105192000	26.4	431610
1341	-102600000	27.7	431610
1341	-99921600	25.4	431610
1341	-97329600	23	431610
1341	-94651200	23.6	431610
1341	-91972800	25.9	431610
1341	-89553600	28.5	431610
1341	-86875200	31.1	431610
1341	-84283200	31.9	431610
1341	-81604800	29.3	431610
1341	-79012800	26.1	431610
1341	-76334400	26	431610
1341	-73656000	26.2	431610
1341	-71064000	25.8	431610
1341	-68385600	24.3	431610
1341	-65793600	24.4	431610
1341	-63115200	22.9	431610
1341	-60436800	26.3	431610
1341	-57931200	28.8	431610
1341	-55252800	30.5	431610
1341	-52660800	31.8	431610
1341	-49982400	28.4	431610
1341	-47390400	26.2	431610
1341	-44712000	26.2	431610
1341	-42033600	25.9	431610
1341	-39441600	25.3	431610
1341	-36763200	23.6	431610
1341	-34171200	23.1	431610
1341	-31492800	23.6	431610
1341	-28814400	27.3	431610
1341	-26395200	30.7	431610
1341	-23716800	32.6	431610
1341	-21124800	32.2	431610
1341	-18446400	28.5	431610
1341	-15854400	26.5	431610
1341	-13176000	26.6	431610
1341	-10497600	26	431610
1341	-7905600	25.9	431610
1341	-5227200	24.9	431610
1341	-2635200	22.7	431610
1341	43200	24.1	431610
1341	2721600	26.7	431610
1341	5140800	29.7	431610
1341	7819200	31.4	431610
1341	10411200	31.4	431610
1341	13089600	28.7	431610
1341	15681600	26.9	431610
1341	18360000	25.7	431610
1341	21038400	25.8	431610
1341	23630400	26.5	431610
1341	26308800	23.6	431610
1341	28900800	20.7	431610
1341	31579200	22.8	431610
1341	34257600	26.2	431610
1341	36676800	28.4	431610
1341	39355200	31.7	431610
1341	41947200	31	431610
1341	44625600	26.7	431610
1341	47217600	26.7	431610
1341	49896000	26.1	431610
1341	52574400	26.9	431610
1341	55166400	25	431610
1341	57844800	22.5	431610
1341	60436800	21.2	431610
1341	63115200	22.6	431610
1341	65793600	25	431610
1341	68299200	30.1	431610
1341	70977600	31.4	431610
1341	73569600	31.5	431610
1341	76248000	30.3	431610
1341	78840000	27.2	431610
1341	81518400	27.1	431610
1341	84196800	27.7	431610
1341	86788800	27.9	431610
1341	89467200	24.6	431610
1341	92059200	24.3	431610
1341	94737600	25	431610
1341	97416000	27.5	431610
1341	99835200	30.2	431610
1341	102513600	33.2	431610
1341	105105600	32.6	431610
1341	107784000	28.4	431610
1341	110376000	26.3	431610
1341	113054400	25.6	431610
1341	115732800	26	431610
1341	118324800	25.4	431610
1341	121003200	23.2	431610
1341	123595200	23.1	431610
1341	126273600	23.2	431610
1341	128952000	26.7	431610
1341	131371200	29.9	431610
1341	134049600	31.4	431610
1341	136641600	30.6	431610
1341	139320000	27.8	431610
1341	141912000	26.6	431610
1341	144590400	25.9	431610
1341	147268800	26.4	431610
1341	149860800	25.3	431610
1341	152539200	23.1	431610
1341	155131200	21.6	431610
1341	157809600	22.7	431610
1341	160488000	26.2	431610
1341	162907200	29.3	431610
1341	165585600	32.5	431610
1341	168177600	31.2	431610
1341	170856000	27.4	431610
1341	173448000	26	431610
1341	176126400	25.9	431610
1341	178804800	25.5	431610
1341	181396800	25.4	431610
1341	184075200	22.1	431610
1341	186667200	20.8	431610
1341	189345600	22	431610
1341	192024000	25.3	431610
1341	194529600	29.6	431610
1341	197208000	30.7	431610
1341	199800000	31.1	431610
1341	202478400	27.6	431610
1341	205070400	26.3	431610
1341	207748800	25.8	431610
1341	210427200	26.8	431610
1341	213019200	28.4	431610
1341	215697600	26.3	431610
1341	218289600	24.3	431610
1341	220968000	23.7	431610
1341	223646400	27	431610
1341	226065600	29.9	431610
1341	228744000	30.9	431610
1341	231336000	30.7	431610
1341	234014400	27.9	431610
1341	236606400	26.5	431610
1341	239284800	26.5	431610
1341	241963200	27.3	431610
1341	244555200	26.2	431610
1341	247233600	25.6	431610
1341	249825600	22	431610
1341	252504000	24.2	431610
1341	255182400	25.9	431610
1341	257601600	28.8	431610
1341	260280000	31.2	431610
1341	262872000	31.1	431610
1341	265550400	27.2	431610
1341	268142400	26.2	431610
1341	270820800	25.2	431610
1341	273499200	25.5	431610
1341	276091200	25.9	431610
1341	278769600	25.3	431610
1341	281361600	23.2	431610
1341	284040000	24.8	431610
1341	286718400	25.6	431610
1341	289137600	28.9	431610
1341	291816000	32.1	431610
1341	294408000	31.6	431610
1341	297086400	29.3	431610
1341	299678400	26.8	431610
1341	302356800	25.9	431610
1341	305035200	25.9	431610
1341	307627200	27	431610
1341	310305600	24.9	431610
1341	312897600	23.4	431610
1341	315576000	24.3	431610
1341	318254400	27.1	431610
1341	320760000	29.4	431610
1341	323438400	31.5	431610
1341	326030400	32.6	431610
1341	328708800	27.8	431610
1341	331300800	26.5	431610
1341	333979200	25.7	431610
1341	336657600	26.8	431610
1341	339249600	28	431610
1341	341928000	25.6	431610
1341	344520000	23.3	431610
1341	347198400	24.2	431610
1341	349876800	26.9	431610
1341	352296000	29.3	431610
1341	354974400	31.4	431610
1341	357566400	31.8	431610
1341	360244800	28.1	431610
1341	362836800	26.6	431610
1341	365515200	26	431610
1341	368193600	26.5	431610
1341	370785600	27.4	431610
1341	373464000	25	431610
1341	376056000	23.2	431610
1341	378734400	24.1	431610
1341	381412800	26.8	431610
1341	383832000	29.2	431610
1341	386510400	31.2	431610
1341	389102400	31	431610
1341	391780800	28.3	431610
1341	394372800	26.8	431610
1341	397051200	26.5	431610
1341	399729600	26.3	431610
1341	402321600	26.8	431610
1341	4.05e+08	24.4	431610
1341	407592000	23.1	431610
1341	410270400	23.6	431610
1341	412948800	25.9	431610
1341	415368000	29.5	431610
1341	418046400	31.8	431610
1341	420638400	32.5	431610
1341	423316800	29	431610
1341	425908800	27.1	431610
1341	428587200	26.6	431610
1341	431265600	25.9	431610
1341	433857600	25.8	431610
1341	436536000	22.8	431610
1341	439128000	22.7	431610
1341	441806400	24.7	431610
1341	444484800	26.1	431610
1341	446990400	29.3	431610
1341	449668800	31.7	431610
1341	452260800	33.2	431610
1341	454939200	28.4	431610
1341	457531200	26	431610
1341	460209600	25.2	431610
1341	462888000	26	431610
1341	465480000	26.3	431610
1341	468158400	23.1	431610
1341	470750400	23.7	431610
1341	473428800	24.9	431610
1341	476107200	26.7	431610
1341	478526400	30.7	431610
1341	481204800	31.9	431610
1341	483796800	31.8	431610
1341	486475200	27.8	431610
1341	489067200	26.2	431610
1341	491745600	26.1	431610
1341	494424000	27.1	431610
1341	497016000	25.8	431610
1341	499694400	24.1	431610
1341	502286400	24.2	431610
1346	-2177409600	26.1	432050
1346	-2174731200	27	432050
1346	-2172312000	30.1	432050
1346	-2169633600	33.1	432050
1346	-2167041600	31.5	432050
1346	-2164363200	29.3	432050
1346	-2161771200	28.5	432050
1346	-2159092800	28.2	432050
1346	-2156414400	29	432050
1346	-2153822400	28.3	432050
1346	-2151144000	25.5	432050
1346	-2148552000	23.3	432050
1346	-2145873600	24.5	432050
1346	-2143195200	26.2	432050
1346	-2140776000	31	432050
1346	-2138097600	33.2	432050
1346	-2135505600	33	432050
1346	-2132827200	29.6	432050
1346	-2130235200	28.6	432050
1346	-2127556800	29.2	432050
1346	-2124878400	28	432050
1346	-2122286400	27.2	432050
1346	-2119608000	24.8	432050
1346	-2117016000	24.5	432050
1346	-2114337600	24.6	432050
1346	-2111659200	26.8	432050
1346	-2109240000	30.8	432050
1346	-2106561600	33	432050
1346	-2103969600	32	432050
1346	-2101291200	30.3	432050
1346	-2098699200	28.1	432050
1346	-2096020800	27.6	432050
1346	-2093342400	28	432050
1346	-2090750400	26.5	432050
1346	-2088072000	23.8	432050
1346	-2085480000	22.6	432050
1346	-2082801600	23.3	432050
1346	-2080123200	25.3	432050
1346	-2077617600	30	432050
1346	-2074939200	32.3	432050
1346	-2072347200	31.6	432050
1346	-2069668800	29	432050
1346	-2067076800	28	432050
1346	-2064398400	28.5	432050
1346	-2061720000	28.2	432050
1346	-2059128000	27.5	432050
1346	-2056449600	24.5	432050
1346	-2053857600	23	432050
1346	-2051179200	24	432050
1346	-2048500800	27	432050
1346	-2046081600	30	432050
1346	-2043403200	32	432050
1346	-2040811200	32.7	432050
1346	-2038132800	30	432050
1346	-2035540800	29.5	432050
1346	-2032862400	28	432050
1346	-2030184000	28.6	432050
1346	-2027592000	27.5	432050
1346	-2024913600	26.1	432050
1346	-2022321600	23.5	432050
1346	-2019643200	25.6	432050
1346	-2016964800	27.2	432050
1346	-2014545600	30	432050
1346	-2011867200	34.2	432050
1346	-2009275200	33.5	432050
1346	-2006596800	29.3	432050
1346	-2004004800	28.6	432050
1346	-2001326400	28.1	432050
1346	-1998648000	27.1	432050
1346	-1996056000	27.2	432050
1346	-1993377600	25.6	432050
1346	-1990785600	24.5	432050
1346	-1988107200	24.2	432050
1346	-1985428800	27.3	432050
1346	-1983009600	30.5	432050
1346	-1980331200	30.2	432050
1346	-1977739200	32.7	432050
1346	-1975060800	29.7	432050
1346	-1972468800	28	432050
1346	-1969790400	27.2	432050
1346	-1967112000	28	432050
1346	-1964520000	28.6	432050
1346	-1961841600	26.1	432050
1346	-1959249600	23.8	432050
1346	-1956571200	24.2	432050
1346	-1953892800	26.7	432050
1346	-1951387200	29.3	432050
1346	-1948708800	33.2	432050
1346	-1946116800	32.3	432050
1346	-1943438400	30.5	432050
1346	-1940846400	28	432050
1346	-1938168000	28.3	432050
1346	-1935489600	27.1	432050
1346	-1932897600	28	432050
1346	-1930219200	24.8	432050
1346	-1927627200	22.5	432050
1346	-1924948800	24.8	432050
1346	-1922270400	27.3	432050
1346	-1919851200	30	432050
1346	-1917172800	31.6	432050
1346	-1914580800	31.7	432050
1346	-1911902400	30	432050
1346	-1909310400	28	432050
1346	-1906632000	28	432050
1346	-1903953600	27.1	432050
1346	-1901361600	27.8	432050
1346	-1898683200	26.2	432050
1346	-1896091200	24.6	432050
1346	-1893412800	24.5	432050
1346	-1890734400	27	432050
1346	-1888315200	30.2	432050
1346	-1885636800	33.3	432050
1346	-1883044800	32	432050
1346	-1880366400	29.5	432050
1346	-1877774400	28.1	432050
1346	-1875096000	27.8	432050
1346	-1872417600	26.5	432050
1346	-1869825600	26.5	432050
1346	-1867147200	23.5	432050
1346	-1864555200	21.7	432050
1346	-1861876800	24.2	432050
1346	-1859198400	25.1	432050
1346	-1856779200	30	432050
1346	-1854100800	33	432050
1346	-1851508800	32.8	432050
1346	-1848830400	30	432050
1346	-1846238400	28.6	432050
1346	-1843560000	28	432050
1346	-1840881600	28.2	432050
1346	-1838289600	27.8	432050
1346	-1835611200	25.8	432050
1346	-1833019200	24.6	432050
1346	-1830340800	24.3	432050
1346	-1827662400	28.2	432050
1346	-1825156800	31	432050
1346	-1822478400	32.8	432050
1346	-1819886400	33.3	432050
1346	-1817208000	31.2	432050
1346	-1814616000	28.3	432050
1346	-1811937600	27.8	432050
1346	-1809259200	27.8	432050
1346	-1806667200	27.1	432050
1346	-1803988800	24.5	432050
1346	-1801396800	22.5	432050
1346	-1798718400	23	432050
1346	-1796040000	27.5	432050
1346	-1793620800	31	432050
1346	-1790942400	33	432050
1346	-1788350400	32.1	432050
1346	-1785672000	29.8	432050
1346	-1783080000	28.3	432050
1346	-1780401600	28.8	432050
1346	-1777723200	28.8	432050
1346	-1775131200	27.2	432050
1346	-1772452800	25.5	432050
1346	-1769860800	25	432050
1346	-1767182400	23.5	432050
1346	-1764504000	27.7	432050
1346	-1762084800	30.6	432050
1346	-1759406400	32.1	432050
1346	-1756814400	33.2	432050
1346	-1754136000	30.8	432050
1346	-1751544000	28.7	432050
1346	-1748865600	27.6	432050
1346	-1746187200	28.1	432050
1346	-1743595200	27.3	432050
1346	-1740916800	25.8	432050
1346	-1738324800	24.8	432050
1346	-1735646400	24.7	432050
1346	-1732968000	27.3	432050
1346	-1730548800	29.5	432050
1346	-1727870400	32.5	432050
1346	-1725278400	32.2	432050
1346	-1722600000	30.5	432050
1346	-1720008000	28.5	432050
1346	-1717329600	28.2	432050
1346	-1714651200	28	432050
1346	-1712059200	27.5	432050
1346	-1709380800	25.5	432050
1346	-1706788800	22.1	432050
1346	-1704110400	23.6	432050
1346	-1701432000	27	432050
1346	-1698926400	30	432050
1346	-1696248000	32.7	432050
1346	-1693656000	32.1	432050
1346	-1690977600	29	432050
1346	-1688385600	28.3	432050
1346	-1685707200	27.8	432050
1346	-1683028800	27.3	432050
1346	-1680436800	26.6	432050
1346	-1677758400	24.5	432050
1346	-1675166400	22.3	432050
1346	-1672488000	23	432050
1346	-1669809600	24.8	432050
1346	-1667390400	28.2	432050
1346	-1664712000	31.5	432050
1346	-1662120000	30.5	432050
1346	-1659441600	28.5	432050
1346	-1656849600	28.1	432050
1346	-1654171200	27.7	432050
1346	-1651492800	26.5	432050
1346	-1648900800	25.7	432050
1346	-1646222400	24.6	432050
1346	-1643630400	22.8	432050
1346	-1640952000	23.1	432050
1346	-1638273600	25.5	432050
1346	-1635854400	28.8	432050
1346	-1633176000	32.1	432050
1346	-1630584000	30.3	432050
1346	-1627905600	29.2	432050
1346	-1625313600	29.1	432050
1346	-1622635200	28.3	432050
1346	-1619956800	27.6	432050
1346	-1617364800	28.1	432050
1346	-1614686400	25.8	432050
1346	-1612094400	23.5	432050
1346	-1609416000	25	432050
1346	-1606737600	28	432050
1346	-1604318400	30	432050
1346	-1601640000	32.8	432050
1346	-1599048000	32	432050
1346	-1596369600	29.1	432050
1346	-1593777600	29	432050
1346	-1591099200	28.5	432050
1346	-1588420800	27.6	432050
1346	-1585828800	27.3	432050
1346	-1583150400	25.1	432050
1346	-1580558400	23.8	432050
1346	-1577880000	24	432050
1346	-1575201600	27	432050
1346	-1572696000	30.8	432050
1346	-1570017600	32.7	432050
1346	-1567425600	32.3	432050
1346	-1564747200	30.3	432050
1346	-1562155200	28.5	432050
1346	-1559476800	28.2	432050
1346	-1556798400	27.7	432050
1346	-1554206400	27.6	432050
1346	-1551528000	26	432050
1346	-1548936000	23.8	432050
1346	-1546257600	25	432050
1346	-1543579200	26.5	432050
1346	-1541160000	30.5	432050
1346	-1538481600	31.5	432050
1346	-1535889600	33.5	432050
1346	-1533211200	29.7	432050
1346	-1530619200	28.5	432050
1346	-1527940800	28.5	432050
1346	-1525262400	28.1	432050
1346	-1522670400	26.3	432050
1346	-1519992000	23.6	432050
1346	-1517400000	22.8	432050
1346	-1514721600	24	432050
1346	-1512043200	26.2	432050
1346	-1509624000	30.5	432050
1346	-1506945600	32.1	432050
1346	-1504353600	32.3	432050
1346	-1501675200	29.7	432050
1346	-1499083200	28	432050
1346	-1496404800	28.2	432050
1346	-1493726400	28.1	432050
1346	-1491134400	26.8	432050
1346	-1488456000	24.8	432050
1346	-1485864000	22.6	432050
1346	-1483185600	23.6	432050
1346	-1480507200	25.8	432050
1346	-1478088000	28.5	432050
1346	-1475409600	32.6	432050
1346	-1472817600	32.1	432050
1346	-1470139200	31.5	432050
1346	-1467547200	27.6	432050
1346	-1464868800	28.5	432050
1346	-1462190400	28.2	432050
1346	-1459598400	27.8	432050
1346	-1456920000	26.1	432050
1346	-1454328000	24	432050
1346	-1451649600	24.7	432050
1346	-1448971200	27.3	432050
1346	-1446465600	29.8	432050
1346	-1443787200	33.1	432050
1346	-1441195200	33	432050
1346	-1438516800	29.8	432050
1346	-1435924800	28.5	432050
1346	-1433246400	28.3	432050
1346	-1430568000	27.1	432050
1346	-1427976000	26.3	432050
1346	-1425297600	24.5	432050
1346	-1422705600	23.1	432050
1346	-1420027200	24	432050
1346	-1417348800	26.6	432050
1346	-1414929600	29.8	432050
1346	-1412251200	32.6	432050
1346	-1409659200	31	432050
1346	-1406980800	29.7	432050
1346	-1404388800	28.5	432050
1346	-1401710400	28.1	432050
1346	-1399032000	28.5	432050
1346	-1396440000	26.5	432050
1346	-1393761600	24.3	432050
1346	-1391169600	22.1	432050
1346	-1388491200	24.1	432050
1346	-1385812800	26.1	432050
1346	-1383393600	30	432050
1346	-1380715200	30.6	432050
1346	-1378123200	32.1	432050
1346	-1375444800	30.3	432050
1346	-1372852800	28.6	432050
1346	-1370174400	28.1	432050
1346	-1367496000	27.3	432050
1346	-1364904000	27	432050
1346	-1362225600	25	432050
1346	-1359633600	23.5	432050
1346	-1356955200	25.2	432050
1346	-1354276800	26.6	432050
1346	-1351857600	30.8	432050
1346	-1349179200	33	432050
1346	-1346587200	32	432050
1346	-1343908800	29.2	432050
1346	-1341316800	27.2	432050
1346	-1338638400	27.7	432050
1346	-1335960000	27.3	432050
1346	-1333368000	26.7	432050
1346	-1330689600	23.6	432050
1346	-1328097600	23.2	432050
1346	-1325419200	24.3	432050
1346	-1322740800	26.1	432050
1346	-1320235200	29.1	432050
1346	-1317556800	32.1	432050
1346	-1314964800	32.5	432050
1346	-1312286400	29	432050
1346	-1309694400	27.6	432050
1346	-1307016000	27.5	432050
1346	-1304337600	27	432050
1346	-1301745600	26.6	432050
1346	-1299067200	25	432050
1346	-1296475200	23.1	432050
1346	-1293796800	24.7	432050
1346	-1291118400	26.5	432050
1346	-1288699200	29.3	432050
1346	-1286020800	30.7	432050
1346	-1283428800	32	432050
1346	-1280750400	29.1	432050
1346	-1278158400	28.5	432050
1346	-1275480000	28.1	432050
1346	-1272801600	27.5	432050
1346	-1270209600	26.3	432050
1346	-1267531200	24.1	432050
1346	-1264939200	23.8	432050
1346	-1262260800	24.2	432050
1346	-1259582400	25.5	432050
1346	-1257163200	29.3	432050
1346	-1254484800	31.5	432050
1346	-1251892800	31	432050
1346	-1249214400	29.6	432050
1346	-1246622400	28	432050
1346	-1243944000	27.5	432050
1346	-1241265600	27.5	432050
1346	-1238673600	26	432050
1346	-1235995200	24.1	432050
1346	-1233403200	24	432050
1346	-1230724800	23.6	432050
1346	-1228046400	26.8	432050
1346	-1225627200	29.8	432050
1346	-1222948800	32.6	432050
1346	-1220356800	32.3	432050
1346	-1217678400	29.6	432050
1346	-1215086400	28	432050
1346	-1212408000	27.8	432050
1346	-1209729600	27	432050
1346	-1207137600	26.8	432050
1346	-1204459200	24.8	432050
1346	-1201867200	23.3	432050
1346	-1199188800	22.6	432050
1346	-1196510400	26.1	432050
1346	-1194004800	28.8	432050
1346	-1191326400	31.6	432050
1346	-1188734400	31.6	432050
1346	-1186056000	29.3	432050
1346	-1183464000	27.6	432050
1346	-1180785600	27.7	432050
1346	-1178107200	26.5	432050
1346	-1175515200	26.8	432050
1346	-1172836800	25	432050
1346	-1170244800	23.1	432050
1346	-1167566400	23.5	432050
1346	-1164888000	27.3	432050
1346	-1162468800	29.1	432050
1346	-1159790400	31.6	432050
1346	-1157198400	30.3	432050
1346	-1154520000	28	432050
1346	-1151928000	27.6	432050
1346	-1149249600	26.6	432050
1346	-1146571200	26.5	432050
1346	-1143979200	26.3	432050
1346	-1141300800	24.7	432050
1346	-1138708800	22.7	432050
1346	-1136030400	23.7	432050
1346	-1133352000	25.8	432050
1346	-1130932800	29.3	432050
1346	-1128254400	31.7	432050
1346	-1125662400	33	432050
1346	-1122984000	29.5	432050
1346	-1120392000	27.5	432050
1346	-1117713600	27.1	432050
1346	-1115035200	27.7	432050
1346	-1112443200	28	432050
1346	-1109764800	24	432050
1346	-1107172800	22.5	432050
1346	-1104494400	24	432050
1346	-1101816000	27	432050
1346	-1099396800	29.5	432050
1346	-1096718400	31.3	432050
1346	-1094126400	33.2	432050
1346	-1091448000	29.5	432050
1346	-1088856000	27.6	432050
1346	-1086177600	27	432050
1346	-1083499200	27.1	432050
1346	-1080907200	26.8	432050
1346	-1078228800	24.3	432050
1346	-1075636800	23.8	432050
1346	-1072958400	25.1	432050
1346	-1070280000	26.5	432050
1346	-1067774400	29	432050
1346	-1065096000	32.5	432050
1346	-1062504000	31.6	432050
1346	-1059825600	28.3	432050
1346	-1057233600	28.5	432050
1346	-1054555200	27.3	432050
1346	-1051876800	28.1	432050
1346	-1049284800	27.3	432050
1346	-1046606400	24.8	432050
1346	-1044014400	23.8	432050
1346	-1041336000	23.3	432050
1346	-1038657600	27.5	432050
1346	-1036238400	30	432050
1346	-1033560000	30.3	432050
1346	-1030968000	32.3	432050
1346	-1028289600	30.3	432050
1346	-1025697600	27.8	432050
1346	-1023019200	28.1	432050
1346	-1020340800	28	432050
1346	-1017748800	26.7	432050
1346	-1015070400	25	432050
1346	-1012478400	23.2	432050
1346	-1009800000	24.6	432050
1346	-1007121600	27.6	432050
1346	-1004702400	30.3	432050
1346	-1002024000	32	432050
1346	-999432000	31.8	432050
1346	-996753600	28.5	432050
1346	-994161600	27.6	432050
1346	-991483200	27.1	432050
1346	-988804800	26.7	432050
1346	-986212800	26.5	432050
1346	-983534400	24.7	432050
1346	-980942400	22.8	432050
1346	-978264000	23.5	432050
1346	-975585600	26.1	432050
1346	-973166400	29.3	432050
1346	-970488000	31.3	432050
1346	-967896000	33.1	432050
1346	-965217600	29.5	432050
1346	-962625600	27.7	432050
1346	-959947200	27	432050
1346	-957268800	26.8	432050
1346	-954676800	27	432050
1346	-951998400	23.6	432050
1346	-949406400	22.5	432050
1346	-946728000	22.1	432050
1346	-944049600	26	432050
1346	-941544000	28.2	432050
1346	-938865600	31.5	432050
1346	-936273600	31	432050
1346	-933595200	29.3	432050
1346	-931003200	27.7	432050
1346	-928324800	27.1	432050
1346	-925646400	28	432050
1346	-923054400	26.5	432050
1346	-920376000	25	432050
1346	-917784000	23.6	432050
1346	-915105600	24.5	432050
1346	-912427200	26.5	432050
1346	-910008000	31	432050
1346	-907329600	33	432050
1346	-904737600	32.7	432050
1346	-902059200	29.7	432050
1346	-899467200	28.8	432050
1346	-896788800	28.5	432050
1346	-894110400	27.3	432050
1346	-891518400	27.3	432050
1346	-888840000	25.3	432050
1346	-886248000	24	432050
1346	-883569600	24	432050
1346	-880891200	26.6	432050
1346	-878472000	30.2	432050
1346	-875793600	32.1	432050
1346	-873201600	33.1	432050
1346	-870523200	29	432050
1346	-867931200	27.5	432050
1346	-865252800	27.5	432050
1346	-862574400	28	432050
1346	-859982400	27.2	432050
1346	-857304000	25.2	432050
1346	-854712000	24.5	432050
1346	-852033600	25	432050
1346	-849355200	25.8	432050
1346	-846936000	30	432050
1346	-844257600	31.2	432050
1346	-841665600	30.3	432050
1346	-838987200	28.5	432050
1346	-836395200	27.5	432050
1346	-833716800	27.7	432050
1346	-831038400	26.3	432050
1346	-828446400	25.8	432050
1346	-825768000	24.8	432050
1346	-823176000	22.5	432050
1346	-820497600	24.3	432050
1346	-817819200	26.5	432050
1346	-815313600	28.2	432050
1346	-812635200	31.7	432050
1346	-810043200	32.3	432050
1346	-807364800	29.8	432050
1346	-804772800	27.5	432050
1346	-802094400	28.3	432050
1346	-799416000	27.5	432050
1346	-796824000	26.7	432050
1346	-794145600	25	432050
1346	-791553600	23.6	432050
1346	-788875200	24.1	432050
1346	-786196800	27	432050
1346	-783777600	30.1	432050
1346	-781099200	31.3	432050
1346	-778507200	32.5	432050
1346	-775828800	29.5	432050
1346	-773236800	28.2	432050
1346	-770558400	27.5	432050
1346	-767880000	27.2	432050
1346	-765288000	27.1	432050
1346	-762609600	24.2	432050
1346	-760017600	23.1	432050
1346	-757339200	23	432050
1346	-754660800	26	432050
1346	-752241600	30.3	432050
1346	-749563200	31.6	432050
1346	-746971200	31.2	432050
1346	-744292800	29	432050
1346	-741700800	28.1	432050
1346	-739022400	27.5	432050
1346	-736344000	27.1	432050
1346	-733752000	27.3	432050
1346	-731073600	25.2	432050
1346	-728481600	23.6	432050
1346	-725803200	24.6	432050
1346	-723124800	26.5	432050
1346	-720705600	30.5	432050
1346	-718027200	31.7	432050
1346	-715435200	33	432050
1346	-712756800	30	432050
1346	-710164800	27.5	432050
1346	-707486400	27.3	432050
1346	-704808000	26.3	432050
1346	-702216000	26	432050
1346	-699537600	24.5	432050
1346	-696945600	23.3	432050
1346	-694267200	24.2	432050
1346	-691588800	27.1	432050
1346	-689083200	29.3	432050
1346	-686404800	31.5	432050
1346	-683812800	31.5	432050
1346	-681134400	29.7	432050
1346	-678542400	28.2	432050
1346	-675864000	27.5	432050
1346	-673185600	27.1	432050
1346	-670593600	26.8	432050
1346	-667915200	25.6	432050
1346	-665323200	22.1	432050
1346	-662644800	23.5	432050
1346	-659966400	26	432050
1346	-657547200	29.7	432050
1346	-654868800	32.2	432050
1346	-652276800	31.1	432050
1346	-649598400	29	432050
1346	-647006400	28.5	432050
1346	-644328000	27.7	432050
1346	-641649600	26.6	432050
1346	-639057600	27.2	432050
1346	-636379200	24	432050
1346	-633787200	22.7	432050
1346	-631108800	23.5	432050
1346	-628430400	26.5	432050
1346	-626011200	29.5	432050
1346	-623332800	32.2	432050
1346	-620740800	32	432050
1346	-618062400	28.8	432050
1346	-615470400	27.6	432050
1346	-612792000	28	432050
1346	-610113600	27.1	432050
1346	-607521600	26	432050
1346	-604843200	24.3	432050
1346	-602251200	23.2	432050
1346	-599572800	24	432050
1346	-596894400	26.1	432050
1346	-594475200	29.3	432050
1346	-591796800	31.1	432050
1346	-589204800	31.8	432050
1346	-586526400	28.5	432050
1346	-583934400	27.3	432050
1346	-581256000	27.8	432050
1346	-578577600	27.8	432050
1346	-575985600	27.7	432050
1346	-573307200	26.2	432050
1346	-570715200	23.2	432050
1346	-568036800	24.1	432050
1346	-565358400	27	432050
1346	-562852800	29.6	432050
1346	-560174400	32.5	432050
1346	-557582400	31.2	432050
1346	-554904000	29.3	432050
1346	-552312000	28.3	432050
1346	-549633600	28	432050
1346	-546955200	28	432050
1346	-544363200	26.7	432050
1346	-541684800	23.7	432050
1346	-539092800	24	432050
1346	-536414400	24	432050
1346	-533736000	26.5	432050
1346	-531316800	31	432050
1346	-528638400	31.5	432050
1346	-526046400	33.1	432050
1346	-523368000	30	432050
1346	-520776000	27.5	432050
1346	-518097600	27.5	432050
1346	-515419200	27	432050
1346	-512827200	26	432050
1346	-510148800	24.7	432050
1346	-507556800	22.8	432050
1346	-504878400	24.2	432050
1346	-502200000	26.6	432050
1346	-499780800	29.1	432050
1346	-497102400	32.5	432050
1346	-494510400	32	432050
1346	-491832000	29.1	432050
1346	-489240000	26.7	432050
1346	-486561600	26.7	432050
1346	-483883200	26.8	432050
1346	-481291200	26.2	432050
1346	-478612800	24.2	432050
1346	-476020800	24	432050
1346	-473342400	23.7	432050
1346	-470664000	27	432050
1346	-468244800	29.2	432050
1346	-465566400	31.5	432050
1346	-462974400	29.8	432050
1346	-460296000	28.5	432050
1346	-457704000	28	432050
1346	-455025600	26.3	432050
1346	-452347200	27.1	432050
1346	-449755200	26.6	432050
1346	-447076800	23.5	432050
1346	-444484800	22.5	432050
1346	-441806400	23.5	432050
1346	-439128000	25.5	432050
1346	-436622400	30.1	432050
1346	-433944000	31.8	432050
1346	-431352000	29.7	432050
1346	-428673600	27.7	432050
1346	-426081600	26	432050
1346	-423403200	26.7	432050
1346	-420724800	26.5	432050
1346	-418132800	26.6	432050
1346	-415454400	24.1	432050
1346	-412862400	22.5	432050
1346	-410184000	24	432050
1346	-407505600	26.2	432050
1346	-405086400	28.3	432050
1346	-402408000	31.6	432050
1346	-399816000	31.8	432050
1346	-397137600	29	432050
1346	-394545600	27.5	432050
1346	-391867200	26.6	432050
1346	-389188800	27.6	432050
1346	-386596800	27.5	432050
1346	-383918400	25.5	432050
1346	-381326400	24.3	432050
1346	-378648000	24.6	432050
1346	-375969600	27	432050
1346	-373550400	30	432050
1346	-370872000	31.8	432050
1346	-368280000	31.2	432050
1346	-365601600	30.3	432050
1346	-363009600	27.3	432050
1346	-360331200	27.5	432050
1346	-357652800	27.5	432050
1346	-355060800	27.2	432050
1346	-352382400	26	432050
1346	-349790400	24.2	432050
1346	-347112000	24.7	432050
1346	-344433600	28	432050
1346	-342014400	30.3	432050
1346	-339336000	32.1	432050
1346	-336744000	32.8	432050
1346	-334065600	28.5	432050
1346	-331473600	27	432050
1346	-328795200	27.6	432050
1346	-326116800	27.6	432050
1346	-323524800	27.3	432050
1346	-320846400	25.7	432050
1346	-318254400	24.5	432050
1346	-315576000	24.8	432050
1346	-312897600	26.5	432050
1346	-310392000	30	432050
1346	-307713600	31.8	432050
1346	-305121600	31.7	432050
1346	-302443200	29.5	432050
1346	-299851200	28.8	432050
1346	-297172800	28.1	432050
1346	-294494400	27	432050
1346	-291902400	27.5	432050
1346	-289224000	24.8	432050
1346	-286632000	24.2	432050
1346	-283953600	24.2	432050
1346	-281275200	26.8	432050
1346	-278856000	31	432050
1346	-276177600	32.5	432050
1346	-273585600	30.7	432050
1346	-270907200	28.6	432050
1346	-268315200	26.6	432050
1346	-265636800	28	432050
1346	-262958400	27.8	432050
1346	-260366400	27.1	432050
1346	-257688000	24.6	432050
1346	-255096000	23.5	432050
1346	-252417600	23.2	432050
1346	-249739200	26.1	432050
1346	-247320000	30	432050
1346	-244641600	31.3	432050
1346	-242049600	31	432050
1346	-239371200	29	432050
1346	-236779200	28	432050
1346	-234100800	27.6	432050
1346	-231422400	27.5	432050
1346	-228830400	26.7	432050
1346	-226152000	24.5	432050
1346	-223560000	23	432050
1346	-220881600	23	432050
1346	-218203200	25.3	432050
1346	-215784000	29.5	432050
1346	-213105600	30.6	432050
1346	-210513600	31.6	432050
1346	-207835200	29.5	432050
1346	-205243200	28.6	432050
1346	-202564800	27.3	432050
1346	-199886400	28.2	432050
1346	-197294400	26.8	432050
1346	-194616000	25.3	432050
1346	-192024000	24.3	432050
1346	-189345600	25	432050
1346	-186667200	27.3	432050
1346	-184161600	30.5	432050
1346	-181483200	33.3	432050
1346	-178891200	33.1	432050
1346	-176212800	29.6	432050
1346	-173620800	27.6	432050
1346	-170942400	27	432050
1346	-168264000	26.7	432050
1346	-165672000	26.8	432050
1346	-162993600	24.1	432050
1346	-160401600	23	432050
1346	-157723200	24	432050
1346	-155044800	26.5	432050
1346	-152625600	30	432050
1346	-149947200	32	432050
1346	-147355200	32.6	432050
1346	-144676800	29.5	432050
1346	-142084800	28	432050
1346	-139406400	28	432050
1346	-136728000	28	432050
1346	-134136000	28.7	432050
1346	-131457600	26.5	432050
1346	-128865600	24.5	432050
1346	-126187200	25	432050
1346	-123508800	27.5	432050
1346	-121089600	30.6	432050
1346	-118411200	33.5	432050
1346	-115819200	31.7	432050
1346	-113140800	29.7	432050
1346	-110548800	28	432050
1346	-107870400	28.2	432050
1346	-105192000	27.2	432050
1346	-102600000	27.2	432050
1346	-99921600	25.6	432050
1346	-97329600	23.2	432050
1346	-94651200	24	432050
1346	-91972800	26.2	432050
1346	-89553600	29	432050
1346	-86875200	32.7	432050
1346	-84283200	33	432050
1346	-81604800	30.6	432050
1346	-79012800	27.3	432050
1346	-76334400	27.7	432050
1346	-73656000	27.6	432050
1346	-71064000	26.2	432050
1346	-68385600	25.3	432050
1346	-65793600	23	432050
1346	-63115200	24	432050
1346	-60436800	27.5	432050
1346	-57931200	29.8	432050
1346	-55252800	31.7	432050
1346	-52660800	31.7	432050
1346	-49982400	29.5	432050
1346	-47390400	27.8	432050
1346	-44712000	28	432050
1346	-42033600	27.2	432050
1346	-39441600	26.3	432050
1346	-36763200	25.1	432050
1346	-34171200	24.1	432050
1346	-31492800	24.1	432050
1346	-28814400	27.5	432050
1346	-26395200	31.3	432050
1346	-23716800	32	432050
1346	-21124800	32.1	432050
1346	-18446400	29.5	432050
1346	-15854400	28	432050
1346	-13176000	27.7	432050
1346	-10497600	27	432050
1346	-7905600	26.5	432050
1346	-5227200	25.7	432050
1346	-2635200	23.3	432050
1346	43200	25.1	432050
1346	2721600	27	432050
1346	5140800	30.8	432050
1346	7819200	32	432050
1346	10411200	31.8	432050
1346	13089600	29.1	432050
1346	15681600	28	432050
1346	18360000	27	432050
1346	21038400	27	432050
1346	23630400	26.6	432050
1346	26308800	24.6	432050
1346	28900800	21.3	432050
1346	31579200	23.8	432050
1346	34257600	26.6	432050
1346	36676800	28.5	432050
1346	39355200	31.5	432050
1346	41947200	31.5	432050
1346	44625600	27.5	432050
1346	47217600	27.7	432050
1346	49896000	27.6	432050
1346	52574400	27.7	432050
1346	55166400	25.3	432050
1346	57844800	23.5	432050
1346	60436800	22.7	432050
1346	63115200	23.5	432050
1346	65793600	27	432050
1346	68299200	30.1	432050
1346	70977600	32.6	432050
1346	73569600	31.6	432050
1346	76248000	31	432050
1346	78840000	28.6	432050
1346	81518400	28.5	432050
1346	84196800	28.3	432050
1346	86788800	27.7	432050
1346	89467200	25.8	432050
1346	92059200	24.7	432050
1346	94737600	25.5	432050
1346	97416000	27.8	432050
1346	99835200	31	432050
1346	102513600	34	432050
1346	105105600	33.3	432050
1346	107784000	29.2	432050
1346	110376000	28.1	432050
1346	113054400	27.2	432050
1346	115732800	27.5	432050
1346	118324800	26.6	432050
1346	121003200	24.5	432050
1346	123595200	23.2	432050
1346	126273600	23	432050
1346	128952000	27	432050
1346	131371200	31	432050
1346	134049600	33.1	432050
1346	136641600	31.5	432050
1346	139320000	30	432050
1346	141912000	28.6	432050
1346	144590400	27.7	432050
1346	147268800	27.6	432050
1346	149860800	26.2	432050
1346	152539200	24	432050
1346	155131200	22	432050
1346	157809600	22.2	432050
1346	160488000	27.3	432050
1346	162907200	31	432050
1346	165585600	34.2	432050
1346	168177600	33.2	432050
1346	170856000	30.5	432050
1346	173448000	27	432050
1346	176126400	26.3	432050
1346	178804800	26	432050
1346	181396800	25	432050
1346	184075200	23.1	432050
1346	186667200	21.1	432050
1346	189345600	22.2	432050
1346	192024000	24.7	432050
1346	194529600	30	432050
1346	197208000	30.7	432050
1346	199800000	31.7	432050
1346	202478400	29	432050
1346	205070400	27.7	432050
1346	207748800	27.3	432050
1346	210427200	27.7	432050
1346	213019200	28.1	432050
1346	215697600	26.1	432050
1346	218289600	23.6	432050
1346	220968000	23.7	432050
1346	223646400	27	432050
1346	226065600	30.5	432050
1346	228744000	32	432050
1346	231336000	30.2	432050
1346	234014400	29	432050
1346	236606400	28	432050
1346	239284800	26.7	432050
1346	241963200	27.7	432050
1346	244555200	26	432050
1346	247233600	24.8	432050
1346	249825600	22.5	432050
1346	252504000	23.6	432050
1346	255182400	25.8	432050
1346	257601600	29.5	432050
1346	260280000	31.8	432050
1346	262872000	31.8	432050
1346	265550400	27.7	432050
1346	268142400	27	432050
1346	270820800	26	432050
1346	273499200	25.7	432050
1346	276091200	26.5	432050
1346	278769600	24.5	432050
1346	281361600	22.5	432050
1346	284040000	23.5	432050
1346	286718400	26.7	432050
1346	289137600	29	432050
1346	291816000	32	432050
1346	294408000	31.1	432050
1346	297086400	30	432050
1346	299678400	27.2	432050
1346	302356800	26.3	432050
1346	305035200	26	432050
1346	307627200	26.8	432050
1346	310305600	25.1	432050
1346	312897600	23.8	432050
1346	315576000	23.8	432050
1346	318254400	27.5	432050
1346	320760000	29.7	432050
1346	323438400	32	432050
1346	326030400	33.5	432050
1346	328708800	28.5	432050
1346	331300800	27.5	432050
1346	333979200	27.3	432050
1346	336657600	27.3	432050
1346	339249600	28	432050
1346	341928000	25	432050
1346	344520000	22.7	432050
1346	347198400	22.7	432050
1346	349876800	25.8	432050
1346	352296000	28.1	432050
1346	354974400	32	432050
1346	357566400	31.8	432050
1346	360244800	29.7	432050
1346	362836800	28.5	432050
1346	365515200	26.5	432050
1346	368193600	25.2	432050
1346	370785600	25.7	432050
1346	373464000	24.1	432050
1346	376056000	22.3	432050
1346	378734400	23	432050
1346	381412800	26.1	432050
1346	383832000	31	432050
1346	386510400	32.6	432050
1346	389102400	31.3	432050
1346	391780800	29.3	432050
1346	394372800	27.6	432050
1346	397051200	27.3	432050
1346	399729600	27.3	432050
1346	402321600	29.2	432050
1346	4.05e+08	25.3	432050
1346	407592000	22.6	432050
1347	-2177409600	23.8	432130
1347	-2174731200	25.7	432130
1347	-2172312000	29.6	432130
1347	-2169633600	33.5	432130
1347	-2167041600	32.7	432130
1347	-2164363200	31	432130
1347	-2161771200	28.4	432130
1347	-2159092800	27.9	432130
1347	-2156414400	28.9	432130
1347	-2153822400	27.8	432130
1347	-2151144000	25.2	432130
1347	-2148552000	23	432130
1347	-2145873600	23.9	432130
1347	-2143195200	25.7	432130
1347	-2140776000	30.8	432130
1347	-2138097600	33.5	432130
1347	-2135505600	34.8	432130
1347	-2132827200	31.2	432130
1347	-2130235200	29.9	432130
1347	-2127556800	28.9	432130
1347	-2124878400	27.4	432130
1347	-2122286400	27.6	432130
1347	-2119608000	24.6	432130
1347	-2117016000	24	432130
1347	-2114337600	23.9	432130
1347	-2111659200	26	432130
1347	-2109240000	30.1	432130
1347	-2106561600	33	432130
1347	-2103969600	33	432130
1347	-2101291200	31.5	432130
1347	-2098699200	27.7	432130
1347	-2096020800	27.6	432130
1347	-2093342400	27.6	432130
1347	-2090750400	26.6	432130
1347	-2088072000	23.8	432130
1347	-2085480000	22	432130
1347	-2082801600	22.6	432130
1347	-2080123200	24.8	432130
1347	-2077617600	29.8	432130
1347	-2074939200	33.2	432130
1347	-2072347200	33	432130
1347	-2069668800	29.9	432130
1347	-2067076800	28.3	432130
1347	-2064398400	28.6	432130
1347	-2061720000	27.8	432130
1347	-2059128000	27.7	432130
1347	-2056449600	23.8	432130
1347	-2053857600	22.7	432130
1347	-2051179200	24.1	432130
1347	-2048500800	26.6	432130
1347	-2046081600	30	432130
1347	-2043403200	32.4	432130
1347	-2040811200	34.1	432130
1347	-2038132800	30.7	432130
1347	-2035540800	29.5	432130
1347	-2032862400	27.6	432130
1347	-2030184000	28.9	432130
1347	-2027592000	27.2	432130
1347	-2024913600	25.7	432130
1347	-2022321600	22.5	432130
1347	-2019643200	25.2	432130
1347	-2016964800	26.7	432130
1347	-2014545600	29.9	432130
1347	-2011867200	35.2	432130
1347	-2009275200	35.7	432130
1347	-2006596800	30.1	432130
1347	-2004004800	28.4	432130
1347	-2001326400	27.9	432130
1347	-1998648000	27.1	432130
1347	-1996056000	27.5	432130
1347	-1993377600	25.2	432130
1347	-1990785600	23.8	432130
1347	-1988107200	23.1	432130
1347	-1985428800	26.4	432130
1347	-1983009600	29.7	432130
1347	-1980331200	30.9	432130
1347	-1977739200	33.9	432130
1347	-1975060800	30.3	432130
1347	-1972468800	28.5	432130
1347	-1969790400	27.2	432130
1347	-1967112000	28.7	432130
1347	-1964520000	27.9	432130
1347	-1961841600	26.4	432130
1347	-1959249600	23.2	432130
1347	-1956571200	23.8	432130
1347	-1953892800	25.9	432130
1347	-1951387200	29.1	432130
1347	-1948708800	33.9	432130
1347	-1946116800	33.5	432130
1347	-1943438400	31.8	432130
1347	-1940846400	28.3	432130
1347	-1938168000	27.6	432130
1347	-1935489600	27	432130
1347	-1932897600	27	432130
1347	-1930219200	23.3	432130
1347	-1927627200	21.6	432130
1347	-1924948800	24.5	432130
1347	-1922270400	26.8	432130
1347	-1919851200	29.8	432130
1347	-1917172800	31.9	432130
1347	-1914580800	33.9	432130
1347	-1911902400	30.4	432130
1347	-1909310400	28.1	432130
1347	-1906632000	27.6	432130
1347	-1903953600	27.4	432130
1347	-1901361600	27.3	432130
1347	-1898683200	25.5	432130
1347	-1896091200	24.6	432130
1347	-1893412800	23.9	432130
1347	-1890734400	26.1	432130
1347	-1888315200	30.1	432130
1347	-1885636800	33.5	432130
1347	-1883044800	33.7	432130
1347	-1880366400	30.4	432130
1347	-1877774400	28.9	432130
1347	-1875096000	28.2	432130
1347	-1872417600	26.5	432130
1347	-1869825600	27	432130
1347	-1867147200	23.4	432130
1347	-1864555200	21.1	432130
1347	-1861876800	23.3	432130
1347	-1859198400	24.4	432130
1347	-1856779200	29.9	432130
1347	-1854100800	33.7	432130
1347	-1851508800	34.6	432130
1347	-1848830400	30.8	432130
1347	-1846238400	28.1	432130
1347	-1843560000	27.1	432130
1347	-1840881600	28.2	432130
1347	-1838289600	28	432130
1347	-1835611200	26.1	432130
1347	-1833019200	24.1	432130
1347	-1830340800	23.4	432130
1347	-1827662400	27.9	432130
1347	-1825156800	30.7	432130
1347	-1822478400	33.7	432130
1347	-1819886400	34.5	432130
1347	-1817208000	32.1	432130
1347	-1814616000	28.2	432130
1347	-1811937600	27.6	432130
1347	-1809259200	28.4	432130
1347	-1806667200	28	432130
1347	-1803988800	24.6	432130
1347	-1801396800	21.8	432130
1347	-1798718400	22.6	432130
1347	-1796040000	27.7	432130
1347	-1793620800	30.1	432130
1347	-1790942400	33.8	432130
1347	-1788350400	33.2	432130
1347	-1785672000	30.9	432130
1347	-1783080000	28	432130
1347	-1780401600	29	432130
1347	-1777723200	29	432130
1347	-1775131200	27	432130
1347	-1772452800	24.9	432130
1347	-1769860800	24.1	432130
1347	-1767182400	22.5	432130
1347	-1764504000	26.7	432130
1347	-1762084800	29.8	432130
1347	-1759406400	32.6	432130
1347	-1756814400	33.8	432130
1347	-1754136000	30.8	432130
1347	-1751544000	28.6	432130
1347	-1748865600	27.2	432130
1347	-1746187200	27.3	432130
1347	-1743595200	27.2	432130
1347	-1740916800	25.1	432130
1347	-1738324800	23.9	432130
1347	-1735646400	23.6	432130
1347	-1732968000	26.1	432130
1347	-1730548800	29.2	432130
1347	-1727870400	33	432130
1347	-1725278400	33.8	432130
1347	-1722600000	32.2	432130
1347	-1720008000	29.4	432130
1347	-1717329600	28.7	432130
1347	-1714651200	27.8	432130
1347	-1712059200	27.4	432130
1347	-1709380800	26.1	432130
1347	-1706788800	21.6	432130
1347	-1704110400	23.5	432130
1347	-1701432000	26.9	432130
1347	-1698926400	29.6	432130
1347	-1696248000	33.4	432130
1347	-1693656000	33.7	432130
1347	-1690977600	29.5	432130
1347	-1688385600	28.1	432130
1347	-1685707200	27.8	432130
1347	-1683028800	27.7	432130
1347	-1680436800	27	432130
1347	-1677758400	25.3	432130
1347	-1675166400	22.2	432130
1347	-1672488000	22.9	432130
1347	-1669809600	25.1	432130
1347	-1667390400	28.7	432130
1347	-1664712000	31.7	432130
1347	-1662120000	31.5	432130
1347	-1659441600	28.9	432130
1347	-1656849600	28.8	432130
1347	-1654171200	28.2	432130
1347	-1651492800	27.1	432130
1347	-1648900800	26.6	432130
1347	-1646222400	25.2	432130
1347	-1643630400	22.8	432130
1347	-1640952000	23.1	432130
1347	-1638273600	25.5	432130
1347	-1635854400	29	432130
1347	-1633176000	32.8	432130
1347	-1630584000	31.6	432130
1347	-1627905600	30.4	432130
1347	-1625313600	30	432130
1347	-1622635200	28.4	432130
1347	-1619956800	28.3	432130
1347	-1617364800	28.2	432130
1347	-1614686400	26.7	432130
1347	-1612094400	23.9	432130
1347	-1609416000	25.3	432130
1347	-1606737600	27.9	432130
1347	-1604318400	30.4	432130
1347	-1601640000	33.5	432130
1347	-1599048000	33.6	432130
1347	-1596369600	29.9	432130
1347	-1593777600	28.7	432130
1347	-1591099200	28.8	432130
1347	-1588420800	28.4	432130
1347	-1585828800	27.8	432130
1347	-1583150400	26	432130
1347	-1580558400	24	432130
1347	-1577880000	24.3	432130
1347	-1575201600	26.5	432130
1347	-1572696000	31.2	432130
1347	-1570017600	33.3	432130
1347	-1567425600	33.9	432130
1347	-1564747200	31.5	432130
1347	-1562155200	29.1	432130
1347	-1559476800	29.1	432130
1347	-1556798400	28.7	432130
1347	-1554206400	28.5	432130
1347	-1551528000	26.4	432130
1347	-1548936000	23.7	432130
1347	-1546257600	25.1	432130
1347	-1543579200	26.5	432130
1347	-1541160000	30.8	432130
1347	-1538481600	32.7	432130
1347	-1535889600	35.3	432130
1347	-1533211200	30.8	432130
1347	-1530619200	28.5	432130
1347	-1527940800	28.7	432130
1347	-1525262400	28.2	432130
1347	-1522670400	27.4	432130
1347	-1519992000	24.1	432130
1347	-1517400000	23.2	432130
1347	-1514721600	24.6	432130
1347	-1512043200	26.5	432130
1347	-1509624000	30.7	432130
1347	-1506945600	33.3	432130
1347	-1504353600	33.9	432130
1347	-1501675200	30.9	432130
1347	-1499083200	28.5	432130
1347	-1496404800	28.2	432130
1347	-1493726400	28.8	432130
1347	-1491134400	27.9	432130
1347	-1488456000	25.8	432130
1347	-1485864000	22.8	432130
1347	-1483185600	23.8	432130
1347	-1480507200	26.2	432130
1347	-1478088000	28.9	432130
1347	-1475409600	33.3	432130
1347	-1472817600	33.6	432130
1347	-1470139200	32.6	432130
1347	-1467547200	28.1	432130
1347	-1464868800	28.6	432130
1347	-1462190400	27.8	432130
1347	-1459598400	27.4	432130
1347	-1456920000	25.7	432130
1347	-1454328000	24.1	432130
1347	-1451649600	24.6	432130
1347	-1448971200	27.5	432130
1347	-1446465600	29.9	432130
1347	-1443787200	34.5	432130
1347	-1441195200	35.1	432130
1347	-1438516800	31.9	432130
1347	-1435924800	29.4	432130
1347	-1433246400	28.7	432130
1347	-1430568000	27.6	432130
1347	-1427976000	27	432130
1347	-1425297600	24.5	432130
1347	-1422705600	22.8	432130
1347	-1420027200	23.7	432130
1347	-1417348800	26.5	432130
1347	-1414929600	29.8	432130
1347	-1412251200	34	432130
1347	-1409659200	31.9	432130
1347	-1406980800	30.7	432130
1347	-1404388800	28.4	432130
1347	-1401710400	27.1	432130
1347	-1399032000	28.3	432130
1347	-1396440000	26.6	432130
1347	-1393761600	24.9	432130
1347	-1391169600	22.5	432130
1347	-1388491200	24.7	432130
1347	-1385812800	26.4	432130
1347	-1383393600	30.9	432130
1347	-1380715200	31.6	432130
1347	-1378123200	33.4	432130
1347	-1375444800	32.1	432130
1347	-1372852800	29.5	432130
1347	-1370174400	28.5	432130
1347	-1367496000	27.8	432130
1347	-1364904000	27.7	432130
1347	-1362225600	25.5	432130
1347	-1359633600	23.6	432130
1347	-1356955200	26	432130
1347	-1354276800	26.7	432130
1347	-1351857600	31.8	432130
1347	-1349179200	33.8	432130
1347	-1346587200	34	432130
1347	-1343908800	30.1	432130
1347	-1341316800	27.5	432130
1347	-1338638400	27.8	432130
1347	-1335960000	28.1	432130
1347	-1333368000	26.8	432130
1347	-1330689600	23.7	432130
1347	-1328097600	23.2	432130
1347	-1325419200	24.3	432130
1347	-1322740800	26.3	432130
1347	-1320235200	29.1	432130
1347	-1317556800	32.9	432130
1347	-1314964800	34.4	432130
1347	-1312286400	30	432130
1347	-1309694400	27.8	432130
1347	-1307016000	27.8	432130
1347	-1304337600	27.1	432130
1347	-1301745600	27	432130
1347	-1299067200	25.3	432130
1347	-1296475200	21.8	432130
1347	-1293796800	24.7	432130
1347	-1291118400	26.5	432130
1347	-1288699200	29.5	432130
1347	-1286020800	32.1	432130
1347	-1283428800	34.1	432130
1347	-1280750400	30.3	432130
1347	-1278158400	28.6	432130
1347	-1275480000	28.4	432130
1347	-1272801600	28.5	432130
1347	-1270209600	26.9	432130
1347	-1267531200	25.1	432130
1347	-1264939200	24.7	432130
1347	-1262260800	25	432130
1347	-1259582400	25.5	432130
1347	-1257163200	29.9	432130
1347	-1254484800	32.7	432130
1347	-1251892800	33	432130
1347	-1249214400	30.3	432130
1347	-1246622400	28.4	432130
1347	-1243944000	28.1	432130
1347	-1241265600	27.8	432130
1347	-1238673600	26.6	432130
1347	-1235995200	24.3	432130
1347	-1233403200	24.4	432130
1347	-1230724800	23.7	432130
1347	-1228046400	27.3	432130
1347	-1225627200	30.6	432130
1347	-1222948800	34	432130
1347	-1220356800	33.9	432130
1347	-1217678400	30.5	432130
1347	-1215086400	28.3	432130
1347	-1212408000	28.5	432130
1347	-1209729600	27.1	432130
1347	-1207137600	26.8	432130
1347	-1204459200	25.1	432130
1347	-1201867200	23.4	432130
1347	-1199188800	22.7	432130
1347	-1196510400	26.1	432130
1347	-1194004800	28.7	432130
1347	-1191326400	32.7	432130
1347	-1188734400	33.1	432130
1347	-1186056000	30.6	432130
1347	-1183464000	28.2	432130
1347	-1180785600	28.8	432130
1347	-1178107200	27.3	432130
1347	-1175515200	28.4	432130
1347	-1172836800	25.6	432130
1347	-1170244800	23.2	432130
1347	-1167566400	24.4	432130
1347	-1164888000	28	432130
1347	-1162468800	29.7	432130
1347	-1159790400	32.2	432130
1347	-1157198400	31.8	432130
1347	-1154520000	29.5	432130
1347	-1151928000	28.8	432130
1347	-1149249600	27.5	432130
1347	-1146571200	27.2	432130
1347	-1143979200	27.1	432130
1347	-1141300800	25.1	432130
1347	-1138708800	22.6	432130
1347	-1136030400	23.7	432130
1347	-1133352000	25.9	432130
1347	-1130932800	29.6	432130
1347	-1128254400	32.7	432130
1347	-1125662400	34.6	432130
1347	-1122984000	30.4	432130
1347	-1120392000	27.9	432130
1347	-1117713600	27.4	432130
1347	-1115035200	27.8	432130
1347	-1112443200	27.9	432130
1347	-1109764800	24	432130
1347	-1107172800	22.7	432130
1347	-1104494400	24.3	432130
1347	-1101816000	27.2	432130
1347	-1099396800	29.6	432130
1347	-1096718400	32.1	432130
1347	-1094126400	35.2	432130
1347	-1091448000	30.9	432130
1347	-1088856000	28.3	432130
1347	-1086177600	27.7	432130
1347	-1083499200	27.4	432130
1347	-1080907200	27.8	432130
1347	-1078228800	24.5	432130
1347	-1075636800	24	432130
1347	-1072958400	25.6	432130
1347	-1070280000	26.7	432130
1347	-1067774400	29.1	432130
1347	-1065096000	33	432130
1347	-1062504000	33.4	432130
1347	-1059825600	29.3	432130
1347	-1057233600	28.8	432130
1347	-1054555200	27.5	432130
1347	-1051876800	28.8	432130
1347	-1049284800	28	432130
1347	-1046606400	25.6	432130
1347	-1044014400	24.2	432130
1347	-1041336000	23.3	432130
1347	-1038657600	27.6	432130
1347	-1036238400	30.7	432130
1347	-1033560000	30.6	432130
1347	-1030968000	34.2	432130
1347	-1028289600	31.9	432130
1347	-1025697600	28.3	432130
1347	-1023019200	28.8	432130
1347	-1020340800	28.4	432130
1347	-1017748800	26.9	432130
1347	-1015070400	25.2	432130
1347	-1012478400	22.9	432130
1347	-1009800000	24.5	432130
1347	-1007121600	27.7	432130
1347	-1004702400	30.8	432130
1347	-1002024000	32.8	432130
1347	-999432000	33.4	432130
1347	-996753600	28.5	432130
1347	-994161600	27.7	432130
1347	-991483200	26.4	432130
1347	-988804800	27	432130
1347	-986212800	26.3	432130
1347	-983534400	24.3	432130
1347	-980942400	22.7	432130
1347	-978264000	23.2	432130
1347	-975585600	26.2	432130
1347	-973166400	29.7	432130
1347	-970488000	32.1	432130
1347	-967896000	35	432130
1347	-965217600	31.2	432130
1347	-962625600	28.2	432130
1347	-959947200	27.9	432130
1347	-957268800	27.5	432130
1347	-954676800	27.6	432130
1347	-951998400	23.9	432130
1347	-949406400	22.2	432130
1347	-946728000	22.3	432130
1347	-944049600	26.2	432130
1347	-941544000	29	432130
1347	-938865600	32.3	432130
1347	-936273600	32.5	432130
1347	-933595200	30.5	432130
1347	-931003200	28.5	432130
1347	-928324800	27.2	432130
1347	-925646400	27.8	432130
1347	-923054400	27.1	432130
1347	-920376000	25.6	432130
1347	-917784000	23.8	432130
1347	-915105600	24.8	432130
1347	-912427200	27.1	432130
1347	-910008000	31.5	432130
1347	-907329600	34.4	432130
1347	-904737600	34.7	432130
1347	-902059200	31.2	432130
1347	-899467200	30.1	432130
1347	-896788800	29.3	432130
1347	-894110400	28.1	432130
1347	-891518400	28.3	432130
1347	-888840000	26	432130
1347	-886248000	24.8	432130
1347	-883569600	24.8	432130
1347	-880891200	27.6	432130
1347	-878472000	30.9	432130
1347	-875793600	33.1	432130
1347	-873201600	34.9	432130
1347	-870523200	30.2	432130
1347	-867931200	28.2	432130
1347	-865252800	27.7	432130
1347	-862574400	28.2	432130
1347	-859982400	26.9	432130
1347	-857304000	25.3	432130
1347	-854712000	24.8	432130
1347	-852033600	25.7	432130
1347	-849355200	25.5	432130
1347	-846936000	29.9	432130
1347	-844257600	32.3	432130
1347	-841665600	31.8	432130
1347	-838987200	29.7	432130
1347	-836395200	28	432130
1347	-833716800	28	432130
1347	-831038400	26.3	432130
1347	-828446400	26.8	432130
1347	-825768000	25.8	432130
1347	-823176000	22.6	432130
1347	-820497600	24.7	432130
1347	-817819200	27.1	432130
1347	-815313600	28.1	432130
1347	-812635200	32.3	432130
1347	-810043200	34.1	432130
1347	-807364800	30.8	432130
1347	-804772800	27.8	432130
1347	-802094400	29.3	432130
1347	-799416000	28.4	432130
1347	-796824000	27.6	432130
1347	-794145600	25.9	432130
1347	-791553600	23.5	432130
1347	-788875200	24.5	432130
1347	-786196800	26.9	432130
1347	-783777600	30.4	432130
1347	-781099200	32.4	432130
1347	-778507200	33.9	432130
1347	-775828800	30.9	432130
1347	-773236800	28.3	432130
1347	-770558400	27.6	432130
1347	-767880000	26.9	432130
1347	-765288000	27.1	432130
1347	-762609600	23.5	432130
1347	-760017600	22.1	432130
1347	-757339200	22	432130
1347	-754660800	25.5	432130
1347	-752241600	30.7	432130
1347	-749563200	32.7	432130
1347	-746971200	33	432130
1347	-744292800	29.6	432130
1347	-741700800	28.7	432130
1347	-739022400	28	432130
1347	-736344000	28	432130
1347	-733752000	27.8	432130
1347	-731073600	25.9	432130
1347	-728481600	24.4	432130
1347	-725803200	25	432130
1347	-723124800	26.6	432130
1347	-720705600	30.7	432130
1347	-718027200	32.4	432130
1347	-715435200	34.4	432130
1347	-712756800	30.8	432130
1347	-710164800	27.8	432130
1347	-707486400	27.8	432130
1347	-704808000	26.9	432130
1347	-702216000	26.8	432130
1347	-699537600	25	432130
1347	-696945600	23.2	432130
1347	-694267200	24.5	432130
1347	-691588800	27.4	432130
1347	-689083200	29.3	432130
1347	-686404800	32.1	432130
1347	-683812800	33.7	432130
1347	-681134400	31.2	432130
1347	-678542400	28.6	432130
1347	-675864000	27.8	432130
1347	-673185600	27.3	432130
1347	-670593600	27.3	432130
1347	-667915200	26.1	432130
1347	-665323200	22.1	432130
1347	-662644800	23.5	432130
1347	-659966400	25.7	432130
1347	-657547200	29.9	432130
1347	-654868800	32.9	432130
1347	-652276800	32.4	432130
1347	-649598400	29.8	432130
1347	-647006400	28.1	432130
1347	-644328000	27.9	432130
1347	-641649600	26.6	432130
1347	-639057600	27.5	432130
1347	-636379200	23.8	432130
1347	-633787200	22.6	432130
1347	-631108800	23.4	432130
1347	-628430400	26.2	432130
1347	-626011200	29.1	432130
1347	-623332800	32.1	432130
1347	-620740800	33.2	432130
1347	-618062400	29.4	432130
1347	-615470400	27.8	432130
1347	-612792000	28.2	432130
1347	-610113600	26.9	432130
1347	-607521600	26	432130
1347	-604843200	24.3	432130
1347	-602251200	22.6	432130
1347	-599572800	24.1	432130
1347	-596894400	26	432130
1347	-594475200	28.6	432130
1347	-591796800	31.1	432130
1347	-589204800	33.2	432130
1347	-586526400	29.4	432130
1347	-583934400	27.7	432130
1347	-581256000	27.7	432130
1347	-578577600	28.2	432130
1347	-575985600	28.4	432130
1347	-573307200	26.7	432130
1347	-570715200	22.9	432130
1347	-568036800	24.2	432130
1347	-565358400	26.9	432130
1347	-562852800	29.5	432130
1347	-560174400	32.8	432130
1347	-557582400	32.4	432130
1347	-554904000	29.8	432130
1347	-552312000	28.5	432130
1347	-549633600	27.7	432130
1347	-546955200	27.9	432130
1347	-544363200	26.9	432130
1347	-541684800	23.4	432130
1347	-539092800	24.1	432130
1347	-536414400	24.2	432130
1347	-533736000	26.3	432130
1347	-531316800	30.9	432130
1347	-528638400	32.7	432130
1347	-526046400	35.4	432130
1347	-523368000	31.2	432130
1347	-520776000	28.2	432130
1347	-518097600	27.5	432130
1347	-515419200	26.8	432130
1347	-512827200	26.7	432130
1347	-510148800	24.6	432130
1347	-507556800	22.4	432130
1347	-504878400	24.5	432130
1347	-502200000	27.1	432130
1347	-499780800	30.5	432130
1347	-497102400	34.1	432130
1347	-494510400	34.5	432130
1347	-491832000	30.2	432130
1347	-489240000	27.2	432130
1347	-486561600	27.5	432130
1347	-483883200	27.5	432130
1347	-481291200	26.6	432130
1347	-478612800	24.2	432130
1347	-476020800	24.2	432130
1347	-473342400	24.5	432130
1347	-470664000	27.6	432130
1347	-468244800	30	432130
1347	-465566400	32.7	432130
1347	-462974400	32.2	432130
1347	-460296000	29.7	432130
1347	-457704000	28.4	432130
1347	-455025600	26.2	432130
1347	-452347200	27.8	432130
1347	-449755200	27.4	432130
1347	-447076800	24	432130
1347	-444484800	22.9	432130
1347	-441806400	23.9	432130
1347	-439128000	25.8	432130
1347	-436622400	30.8	432130
1347	-433944000	33.2	432130
1347	-431352000	32.2	432130
1347	-428673600	29.1	432130
1347	-426081600	26.3	432130
1347	-423403200	27.1	432130
1347	-420724800	27	432130
1347	-418132800	26.6	432130
1347	-415454400	25.4	432130
1347	-412862400	23.2	432130
1347	-410184000	24.2	432130
1347	-407505600	26.7	432130
1347	-405086400	29.1	432130
1347	-402408000	32.7	432130
1347	-399816000	33.8	432130
1347	-397137600	29.9	432130
1347	-394545600	27.9	432130
1347	-391867200	26.5	432130
1347	-389188800	28.3	432130
1347	-386596800	29	432130
1347	-383918400	26.2	432130
1347	-381326400	25.1	432130
1347	-378648000	25.2	432130
1347	-375969600	27.8	432130
1347	-373550400	30.7	432130
1347	-370872000	33.1	432130
1347	-368280000	33.8	432130
1347	-365601600	32.3	432130
1347	-363009600	27.7	432130
1347	-360331200	27.1	432130
1347	-357652800	27.7	432130
1347	-355060800	27.6	432130
1347	-352382400	26.2	432130
1347	-349790400	24.5	432130
1347	-347112000	25.1	432130
1347	-344433600	28.5	432130
1347	-342014400	30.7	432130
1347	-339336000	32.8	432130
1347	-336744000	33.9	432130
1347	-334065600	29.8	432130
1347	-331473600	27.5	432130
1347	-328795200	27.8	432130
1347	-326116800	28.4	432130
1347	-323524800	27.8	432130
1347	-320846400	26.4	432130
1347	-318254400	24.7	432130
1347	-315576000	25.2	432130
1347	-312897600	26.6	432130
1347	-310392000	30.5	432130
1347	-307713600	32.5	432130
1347	-305121600	32.7	432130
1347	-302443200	30.2	432130
1347	-299851200	29.2	432130
1347	-297172800	28.7	432130
1347	-294494400	27.6	432130
1347	-291902400	27.8	432130
1347	-289224000	25.5	432130
1347	-286632000	24.2	432130
1347	-283953600	25.2	432130
1347	-281275200	27.3	432130
1347	-278856000	31.7	432130
1347	-276177600	32.1	432130
1347	-273585600	32.5	432130
1347	-270907200	29.5	432130
1347	-268315200	27.1	432130
1347	-265636800	27.8	432130
1347	-262958400	28.2	432130
1347	-260366400	27.5	432130
1347	-257688000	25	432130
1347	-255096000	23.3	432130
1347	-252417600	22.7	432130
1347	-249739200	26.3	432130
1347	-247320000	29.8	432130
1347	-244641600	31.7	432130
1347	-242049600	31.8	432130
1347	-239371200	29.8	432130
1347	-236779200	28.1	432130
1347	-234100800	27.7	432130
1347	-231422400	26.9	432130
1347	-228830400	27.5	432130
1347	-226152000	23.8	432130
1347	-223560000	22.8	432130
1347	-220881600	22.9	432130
1347	-218203200	23.9	432130
1347	-215784000	29.2	432130
1347	-213105600	30.7	432130
1347	-210513600	32.8	432130
1347	-207835200	29.5	432130
1347	-205243200	28.8	432130
1347	-202564800	27	432130
1347	-199886400	28.1	432130
1347	-197294400	27.5	432130
1347	-194616000	26.4	432130
1347	-192024000	25.7	432130
1347	-189345600	24.5	432130
1347	-186667200	27.5	432130
1347	-184161600	30.7	432130
1347	-181483200	33.3	432130
1347	-178891200	34.7	432130
1347	-176212800	29.8	432130
1347	-173620800	28.1	432130
1347	-170942400	27.3	432130
1347	-168264000	26.7	432130
1347	-165672000	27.2	432130
1347	-162993600	24.2	432130
1347	-160401600	22.7	432130
1347	-157723200	24.1	432130
1347	-155044800	26.2	432130
1347	-152625600	29.4	432130
1347	-149947200	31.6	432130
1347	-147355200	33.3	432130
1347	-144676800	29.8	432130
1347	-142084800	27.7	432130
1347	-139406400	28.2	432130
1347	-136728000	27.6	432130
1347	-134136000	28.1	432130
1347	-131457600	26.2	432130
1347	-128865600	24.8	432130
1347	-126187200	25	432130
1347	-123508800	26.9	432130
1347	-121089600	30.2	432130
1347	-118411200	32.9	432130
1347	-115819200	33.1	432130
1347	-113140800	31.2	432130
1347	-110548800	28.8	432130
1347	-107870400	28.6	432130
1347	-105192000	27.5	432130
1347	-102600000	27.5	432130
1347	-99921600	25.9	432130
1347	-97329600	23.4	432130
1347	-94651200	24	432130
1347	-91972800	25.6	432130
1347	-89553600	29.4	432130
1347	-86875200	32.8	432130
1347	-84283200	33.9	432130
1347	-81604800	31.4	432130
1347	-79012800	28.3	432130
1347	-76334400	28.1	432130
1347	-73656000	28	432130
1347	-71064000	26.8	432130
1347	-68385600	24.9	432130
1347	-65793600	25.1	432130
1347	-63115200	23.8	432130
1347	-60436800	27.9	432130
1347	-57931200	29.3	432130
1347	-55252800	32	432130
1347	-52660800	33.7	432130
1347	-49982400	31.1	432130
1347	-47390400	29	432130
1347	-44712000	29.1	432130
1347	-42033600	28.2	432130
1347	-39441600	26.8	432130
1347	-36763200	25.5	432130
1347	-34171200	24.2	432130
1347	-31492800	24.4	432130
1347	-28814400	27.5	432130
1347	-26395200	31.5	432130
1347	-23716800	34.3	432130
1347	-21124800	32.9	432130
1347	-18446400	30.9	432130
1347	-15854400	28.5	432130
1347	-13176000	27.8	432130
1347	-10497600	27	432130
1347	-7905600	27.3	432130
1347	-5227200	25.9	432130
1347	-2635200	23.5	432130
1347	43200	24.9	432130
1347	2721600	27.2	432130
1347	5140800	31.4	432130
1347	7819200	33.2	432130
1347	10411200	33.6	432130
1347	13089600	30.3	432130
1347	15681600	28.8	432130
1347	18360000	26.8	432130
1347	21038400	27.2	432130
1347	23630400	26.9	432130
1347	26308800	24.9	432130
1347	28900800	20.8	432130
1347	31579200	24.4	432130
1347	34257600	27.8	432130
1347	36676800	28.5	432130
1347	39355200	30.6	432130
1347	41947200	31.7	432130
1347	44625600	28.5	432130
1347	47217600	28.4	432130
1347	49896000	28.1	432130
1347	52574400	28.4	432130
1347	55166400	25.5	432130
1347	57844800	23.3	432130
1347	60436800	21.1	432130
1347	63115200	22.9	432130
1347	65793600	26.8	432130
1347	68299200	30	432130
1347	70977600	33	432130
1347	73569600	32.6	432130
1347	76248000	31.5	432130
1347	78840000	28.8	432130
1347	81518400	29.4	432130
1347	84196800	29.1	432130
1347	86788800	28.3	432130
1347	89467200	25.7	432130
1347	92059200	24.7	432130
1347	94737600	25	432130
1347	97416000	27.7	432130
1347	99835200	30.9	432130
1347	102513600	34.5	432130
1347	105105600	35.2	432130
1347	107784000	31	432130
1347	110376000	29.5	432130
1347	113054400	27.5	432130
1347	115732800	28.2	432130
1347	118324800	27.1	432130
1347	121003200	24	432130
1347	123595200	23.4	432130
1347	126273600	23.5	432130
1347	128952000	26.7	432130
1347	131371200	30.4	432130
1347	134049600	33.2	432130
1347	136641600	32.2	432130
1347	139320000	29.5	432130
1347	141912000	29.4	432130
1347	144590400	27.7	432130
1347	147268800	27.8	432130
1347	149860800	26.4	432130
1347	152539200	23.7	432130
1347	155131200	21.8	432130
1347	157809600	23.3	432130
1347	160488000	28.1	432130
1347	162907200	30.6	432130
1347	165585600	33.9	432130
1347	168177600	34.1	432130
1347	170856000	29.9	432130
1347	173448000	28	432130
1347	176126400	28.2	432130
1347	178804800	27.2	432130
1347	181396800	26.5	432130
1347	184075200	23.7	432130
1347	186667200	21.5	432130
1347	189345600	22	432130
1347	192024000	25	432130
1347	194529600	30.2	432130
1347	197208000	32.5	432130
1347	199800000	32.9	432130
1347	202478400	30.5	432130
1347	205070400	28.4	432130
1347	207748800	27.2	432130
1347	210427200	27.7	432130
1347	213019200	28.2	432130
1347	215697600	26.4	432130
1347	218289600	23.9	432130
1347	220968000	23.3	432130
1347	223646400	27.3	432130
1347	226065600	30.2	432130
1347	228744000	32.6	432130
1347	231336000	31.4	432130
1347	234014400	29.2	432130
1347	236606400	27.4	432130
1347	239284800	27.4	432130
1347	241963200	29.3	432130
1347	244555200	27.3	432130
1347	247233600	26.5	432130
1347	249825600	22.9	432130
1347	252504000	24.7	432130
1347	255182400	26.7	432130
1347	257601600	30.1	432130
1347	260280000	33.1	432130
1347	262872000	32.9	432130
1347	265550400	29.5	432130
1347	268142400	27.8	432130
1347	270820800	27	432130
1347	273499200	27.4	432130
1347	276091200	27.3	432130
1347	278769600	26.2	432130
1347	281361600	24.4	432130
1347	284040000	24.4	432130
1347	286718400	27.9	432130
1347	289137600	29.9	432130
1347	291816000	33.7	432130
1347	294408000	32.2	432130
1347	297086400	31.3	432130
1347	299678400	29.1	432130
1347	302356800	28.3	432130
1347	305035200	27.7	432130
1347	307627200	27.6	432130
1347	310305600	26.1	432130
1347	312897600	24.5	432130
1347	315576000	24.7	432130
1347	318254400	28	432130
1347	320760000	31	432130
1347	323438400	33.5	432130
1347	326030400	35.2	432130
1347	328708800	30.2	432130
1347	331300800	29.1	432130
1347	333979200	27.4	432130
1347	336657600	28	432130
1347	339249600	28.4	432130
1347	341928000	25.6	432130
1347	344520000	23.9	432130
1347	347198400	24	432130
1347	349876800	27.1	432130
1347	352296000	29.6	432130
1347	354974400	32.8	432130
1347	357566400	33.5	432130
1347	360244800	30.3	432130
1347	362836800	29.1	432130
1347	365515200	27.3	432130
1347	368193600	27.3	432130
1347	370785600	26.7	432130
1347	373464000	24.5	432130
1347	376056000	23.3	432130
1347	378734400	23.9	432130
1347	381412800	28.3	432130
1347	383832000	30.9	432130
1347	386510400	32.8	432130
1347	389102400	33.4	432130
1347	391780800	30.6	432130
1347	394372800	28.9	432130
1347	397051200	28.6	432130
1347	399729600	28.3	432130
1347	402321600	27.9	432130
1347	4.05e+08	25.7	432130
1347	407592000	23.8	432130
1347	410270400	24	432130
1347	412948800	28.2	432130
1347	415368000	31.5	432130
1347	418046400	34.3	432130
1347	420638400	34.4	432130
1347	423316800	31.5	432130
1347	425908800	29.6	432130
1347	428587200	28.2	432130
1347	431265600	27.3	432130
1347	433857600	27.4	432130
1347	436536000	24.3	432130
1347	439128000	24.1	432130
1347	441806400	24.8	432130
1347	444484800	28.2	432130
1347	446990400	31.4	432130
1347	449668800	34	432130
1347	452260800	34.1	432130
1347	454939200	30.9	432130
1347	457531200	29.1	432130
1347	460209600	28.1	432130
1347	462888000	28	432130
1347	465480000	27.8	432130
1347	468158400	24.8	432130
1347	470750400	24.8	432130
1347	473428800	25.5	432130
1347	476107200	28.2	432130
1347	478526400	31.4	432130
1347	481204800	33.8	432130
1347	483796800	33.8	432130
1347	486475200	30.3	432130
1347	489067200	28.6	432130
1347	491745600	28.1	432130
1347	494424000	28.9	432130
1347	497016000	26.6	432130
1347	499694400	25	432130
1347	502286400	25.1	432130
1347	504964800	23.7	432130
1347	507643200	27.2	432130
1347	510062400	31.1	432130
1347	512740800	34	432130
1347	515332800	34.7	432130
1347	518011200	30.7	432130
1347	520603200	29.3	432130
1347	523281600	27.9	432130
1347	525960000	29.2	432130
1347	528552000	28.7	432130
1347	531230400	26.7	432130
1347	533822400	25.6	432130
6726	-2061720000	24.9	431250
6726	-2059128000	25.1	431250
6726	-2056449600	22.5	431250
6726	-2053857600	21.3	431250
6726	-2051179200	21.7	431250
6726	-2048500800	22.8	431250
6726	-2046081600	27.5	431250
6726	-2043403200	29.1	431250
6726	-2040811200	32.4	431250
6726	-2038132800	29.8	431250
6726	-2035540800	26.7	431250
6726	-2032862400	25.2	431250
6726	-2030184000	25.2	431250
6726	-2027592000	25.7	431250
6726	-2024913600	23.8	431250
6726	-2022321600	21.5	431250
6726	-2019643200	23.1	431250
6726	-2016964800	24.7	431250
6726	-2014545600	27.1	431250
6726	-2011867200	32.6	431250
6726	-2009275200	33.7	431250
6726	-2006596800	27.3	431250
6726	-2004004800	25.5	431250
6726	-2001326400	25.4	431250
6726	-1998648000	25.1	431250
6726	-1996056000	25.5	431250
6726	-1993377600	23.6	431250
6726	-1990785600	22	431250
6726	-1988107200	22.5	431250
6726	-1985428800	25.4	431250
6726	-1983009600	28.4	431250
6726	-1980331200	27.8	431250
6726	-1977739200	31.5	431250
6726	-1975060800	28	431250
6726	-1972468800	25.9	431250
6726	-1969790400	24	431250
6726	-1967112000	25.4	431250
6726	-1964520000	26.6	431250
6726	-1961841600	24.3	431250
6726	-1959249600	21.2	431250
6726	-1956571200	21.9	431250
6726	-1953892800	25.2	431250
6726	-1951387200	28.2	431250
6726	-1948708800	32.1	431250
6726	-1946116800	32.6	431250
6726	-1943438400	29.2	431250
6726	-1940846400	24.9	431250
6726	-1938168000	24.2	431250
6726	-1935489600	23.2	431250
6726	-1932897600	24.2	431250
6726	-1930219200	21.4	431250
6726	-1927627200	19.2	431250
6726	-1924948800	22.2	431250
6726	-1922270400	24.1	431250
6726	-1919851200	27.9	431250
6726	-1917172800	27.9	431250
6726	-1914580800	30.8	431250
6726	-1911902400	26.7	431250
6726	-1909310400	23.2	431250
6726	-1906632000	24	431250
6726	-1903953600	23.6	431250
6726	-1901361600	25	431250
6726	-1898683200	23	431250
6726	-1896091200	21.6	431250
6726	-1893412800	20.4	431250
6726	-1890734400	24.4	431250
6726	-1888315200	27.8	431250
6726	-1885636800	31.2	431250
6726	-1883044800	31.2	431250
6726	-1880366400	26.7	431250
6726	-1877774400	24.7	431250
6726	-1875096000	25.4	431250
6726	-1872417600	24.2	431250
6726	-1869825600	24.7	431250
6726	-1867147200	21.6	431250
6726	-1864555200	21.8	431250
6726	-1861876800	23.4	431250
6726	-1859198400	24.6	431250
6726	-1856779200	28.5	431250
6726	-1854100800	32.6	431250
6726	-1851508800	33.9	431250
6726	-1848830400	28.3	431250
6726	-1846238400	26.1	431250
6726	-1843560000	23.8	431250
6726	-1840881600	25.8	431250
6726	-1838289600	26.5	431250
6726	-1835611200	24.5	431250
6726	-1833019200	22.4	431250
6726	-1830340800	23.3	431250
6726	-1827662400	25.5	431250
6726	-1825156800	29.6	431250
6726	-1822478400	31.3	431250
6726	-1819886400	32.4	431250
6726	-1817208000	30.9	431250
6726	-1814616000	24.9	431250
6726	-1811937600	24.1	431250
6726	-1809259200	25.4	431250
6726	-1806667200	25.6	431250
6726	-1803988800	23	431250
6726	-1801396800	21.3	431250
6726	-1798718400	21.8	431250
6726	-1796040000	25.2	431250
6726	-1793620800	28.7	431250
6726	-1790942400	32.2	431250
6726	-1788350400	31.5	431250
6726	-1785672000	27.2	431250
6726	-1783080000	24.7	431250
6726	-1780401600	24.9	431250
6726	-1777723200	25.6	431250
6726	-1775131200	25.7	431250
6726	-1772452800	23.9	431250
6726	-1769860800	22.5	431250
6726	-1767182400	21.8	431250
6726	-1764504000	25.2	431250
10768	-1759406400	30.2	431250
10768	-1756814400	32.7	431250
10768	-1754136000	28.1	431250
10768	-1751544000	25.3	431250
10768	-1748865600	24.7	431250
10768	-1746187200	24.6	431250
10768	-1743595200	26	431250
10768	-1740916800	23.8	431250
10768	-1738324800	22.5	431250
10768	-1735646400	21.8	431250
10768	-1732968000	24.5	431250
10768	-1730548800	26.6	431250
10768	-1727870400	30.3	431250
10768	-1725278400	31.9	431250
10768	-1722600000	30.1	431250
10768	-1720008000	26.2	431250
10768	-1717329600	25	431250
10768	-1714651200	25.1	431250
10768	-1712059200	25.4	431250
10768	-1709380800	24.1	431250
10768	-1706788800	20.9	431250
10768	-1704110400	22.3	431250
10768	-1701432000	24.6	431250
10768	-1698926400	28.6	431250
10768	-1696248000	31.4	431250
10768	-1693656000	32.2	431250
10768	-1690977600	26.7	431250
10768	-1688385600	25	431250
10768	-1685707200	24.6	431250
10768	-1683028800	25	431250
10768	-1680436800	24.7	431250
10768	-1677758400	22.4	431250
10768	-1675166400	20.9	431250
10768	-1672488000	21.8	431250
10768	-1669809600	22.8	431250
10768	-1667390400	26.4	431250
10768	-1664712000	29	431250
10768	-1662120000	28.1	431250
10768	-1659441600	25.7	431250
10768	-1656849600	24.8	431250
10768	-1654171200	24.4	431250
10768	-1651492800	23.7	431250
10768	-1648900800	24	431250
10768	-1646222400	22.7	431250
10768	-1643630400	21.7	431250
10768	-1640952000	20.9	431250
10768	-1638273600	24.6	431250
10768	-1635854400	27.5	431250
10768	-1633176000	28.6	431250
10768	-1630584000	23.7	431250
10768	-1627905600	22.9	431250
14160	-1619956800	20.5	431250
14160	-1617364800	21.4	431250
14160	-1614686400	19.6	431250
14160	-1612094400	17.2	431250
17102	-1451649600	21.5	431250
17102	-1448971200	26.8	431250
17102	-1446465600	29.7	431250
17102	-1443787200	32.2	431250
17102	-1441195200	33.5	431250
17102	-1438516800	30	431250
17102	-1435924800	28	431250
17102	-1433246400	25.9	431250
17102	-1430568000	24.7	431250
17102	-1427976000	24.5	431250
17102	-1425297600	21.8	431250
17102	-1422705600	21	431250
17102	-1420027200	22.5	431250
17102	-1417348800	24.9	431250
17102	-1414929600	28.7	431250
17102	-1412251200	32.5	431250
17102	-1409659200	31	431250
17102	-1406980800	28.5	431250
17102	-1404388800	25.9	431250
17102	-1401710400	25.7	431250
17102	-1399032000	25.3	431250
17102	-1396440000	25.8	431250
19734	-1383393600	30	431250
19734	-1380715200	30.2	431250
19734	-1378123200	30.9	431250
19734	-1375444800	29.5	431250
19734	-1372852800	25.5	431250
19734	-1370174400	25	431250
19734	-1367496000	25.8	431250
19734	-1364904000	27.2	431250
19734	-1362225600	25	431250
19734	-1359633600	23.5	431250
19734	-1356955200	25.3	431250
19734	-1354276800	26.7	431250
19734	-1351857600	30.8	431250
19734	-1349179200	33.9	431250
19734	-1346587200	31	431250
19734	-1343908800	27.7	431250
19734	-1341316800	25.2	431250
19734	-1338638400	25.2	431250
19734	-1335960000	25.1	431250
19734	-1333368000	25.7	431250
19734	-1330689600	21.6	431250
19734	-1328097600	21.8	431250
19734	-1325419200	23.2	431250
19734	-1322740800	25.2	431250
19734	-1320235200	28.6	431250
19734	-1317556800	31.9	431250
19734	-1314964800	33.6	431250
19734	-1312286400	28	431250
19734	-1309694400	25.3	431250
19734	-1307016000	25.2	431250
19734	-1304337600	24.5	431250
19734	-1301745600	25.2	431250
19734	-1299067200	23.9	431250
19734	-1296475200	21.8	431250
19734	-1293796800	23.4	431250
19734	-1291118400	23.7	431250
19734	-1288699200	28.8	431250
19734	-1286020800	29.4	431250
19734	-1283428800	32.2	431250
19734	-1280750400	26.2	431250
19734	-1278158400	24.6	431250
19734	-1275480000	25.7	431250
19734	-1272801600	25.7	431250
19734	-1270209600	26.2	431250
19734	-1267531200	24.4	431250
19734	-1264939200	23.2	431250
19734	-1262260800	24.2	431250
19734	-1259582400	24.2	431250
19734	-1257163200	29.5	431250
19734	-1254484800	31.5	431250
19734	-1251892800	32.8	431250
19734	-1249214400	30.9	431250
19734	-1246622400	26.6	431250
19734	-1243944000	25.5	431250
19734	-1241265600	25.1	431250
19734	-1238673600	25.5	431250
19734	-1235995200	22.6	431250
19734	-1233403200	23.3	431250
19734	-1230724800	22.8	431250
19734	-1228046400	26.7	431250
19734	-1225627200	29.2	431250
19734	-1222948800	32.4	431250
19734	-1220356800	34.1	431250
19734	-1217678400	29.2	431250
19734	-1215086400	25.4	431250
19734	-1212408000	24.8	431250
19734	-1209729600	24.7	431250
19734	-1207137600	24.7	431250
19734	-1204459200	22.5	431250
19734	-1201867200	20.4	431250
19734	-1199188800	21.5	431250
19734	-1196510400	23.3	431250
19734	-1194004800	27.7	431250
19734	-1191326400	30.7	431250
19734	-1188734400	31.9	431250
19734	-1186056000	28.5	431250
19734	-1183464000	24.8	431250
19734	-1180785600	25.4	431250
19734	-1178107200	24.9	431250
19734	-1175515200	25.9	431250
19734	-1172836800	23.3	431250
19734	-1170244800	21.5	431250
19734	-1167566400	22.4	431250
19734	-1164888000	25.3	431250
19734	-1162468800	27.6	431250
19734	-1159790400	30	431250
19734	-1157198400	29.1	431250
19734	-1154520000	26	431250
19734	-1151928000	25.7	431250
19734	-1149249600	24.6	431250
19734	-1146571200	24.3	431250
19734	-1143979200	24.4	431250
19734	-1141300800	22.8	431250
19734	-1138708800	20.5	431250
19734	-1136030400	20.9	431250
19734	-1133352000	24.7	431250
19734	-1130932800	27.8	431250
19734	-1128254400	30.9	431250
19734	-1125662400	33.2	431250
19734	-1122984000	28.6	431250
19734	-1120392000	25	431250
19734	-1117713600	24.2	431250
19734	-1115035200	24.8	431250
19734	-1112443200	25	431250
19734	-1109764800	22	431250
19734	-1107172800	20.7	431250
19734	-1104494400	21.6	431250
19734	-1101816000	24.8	431250
22080	-1096718400	29.4	431250
22080	-1094126400	33.9	431250
22080	-1091448000	28.2	431250
22080	-1088856000	24.8	431250
22080	-1086177600	24.8	431250
22080	-1083499200	24.1	431250
22080	-1080907200	25.2	431250
22080	-1078228800	22.7	431250
22080	-1075636800	22.3	431250
22080	-1072958400	23.6	431250
22080	-1070280000	23.2	431250
22080	-1067774400	27.7	431250
22080	-1065096000	30.9	431250
22080	-1062504000	32.3	431250
22080	-1059825600	26.9	431250
22080	-1057233600	25.4	431250
22080	-1054555200	24.7	431250
22080	-1051876800	25.2	431250
22080	-1049284800	25.1	431250
22080	-1046606400	23.3	431250
22080	-1044014400	21.8	431250
22080	-1041336000	21.9	431250
22080	-1038657600	24.8	431250
22080	-1036238400	27.5	431250
22080	-1033560000	27.9	431250
22080	-1030968000	32.7	431250
22080	-1028289600	29.5	431250
22080	-1025697600	24.8	431250
22080	-1023019200	25.4	431250
22080	-1020340800	25.5	431250
22080	-1017748800	24.6	431250
22080	-1015070400	23.3	431250
22080	-1012478400	21.3	431250
22080	-1009800000	23.5	431250
22080	-1007121600	24.3	431250
22080	-1004702400	28.8	431250
22080	-1002024000	30.3	431250
22080	-999432000	31.1	431250
22080	-996753600	25.1	431250
22080	-994161600	24.2	431250
22080	-991483200	24.7	431250
22080	-988804800	24.9	431250
22080	-986212800	24.4	431250
22080	-983534400	22.7	431250
22080	-980942400	21.4	431250
22080	-978264000	22.6	431250
22080	-975585600	25.4	431250
22080	-973166400	27.9	431250
22080	-970488000	31.1	431250
22080	-967896000	33.9	431250
22080	-965217600	29	431250
22080	-962625600	25.5	431250
22080	-959947200	25.6	431250
22080	-957268800	25.7	431250
22080	-954676800	25.7	431250
22080	-951998400	22.2	431250
22080	-949406400	21.2	431250
22080	-946728000	21.3	431250
22080	-944049600	24.8	431250
22080	-941544000	27.4	431250
22080	-938865600	30.2	431250
22080	-936273600	31.8	431250
22080	-933595200	28.3	431250
22080	-931003200	25.5	431250
22080	-928324800	24.5	431250
22080	-925646400	25.5	431250
22080	-923054400	25.1	431250
22080	-920376000	23.6	431250
22080	-917784000	22	431250
22080	-915105600	22.9	431250
22080	-912427200	25.3	431250
22080	-910008000	30.1	431250
22080	-907329600	32.7	431250
22080	-904737600	33.5	431250
22080	-902059200	29.6	431250
22080	-899467200	26.9	431250
22080	-896788800	25.7	431250
22080	-894110400	25.9	431250
22080	-891518400	26.9	431250
22080	-888840000	24.2	431250
22080	-886248000	23.8	431250
22080	-883569600	22.8	431250
22080	-880891200	24.8	431250
22080	-878472000	29.6	431250
22080	-875793600	31.4	431250
22080	-873201600	33.1	431250
22080	-870523200	28.9	431250
22080	-867931200	25	431250
22080	-865252800	24.9	431250
22080	-862574400	24.8	431250
22080	-859982400	25.4	431250
22080	-857304000	23.4	431250
22080	-854712000	22.2	431250
22080	-852033600	23.5	431250
22080	-849355200	24	431250
22080	-846936000	28.7	431250
22080	-844257600	30.8	431250
22080	-841665600	30.7	431250
22080	-838987200	27	431250
22080	-836395200	25	431250
22080	-833716800	25	431250
22080	-831038400	24.2	431250
22080	-828446400	24.5	431250
22080	-825768000	23.9	431250
22080	-823176000	20.7	431250
22080	-820497600	22.9	431250
22080	-817819200	24.4	431250
22080	-815313600	25.5	431250
22080	-812635200	30.6	431250
22080	-810043200	33	431250
22080	-807364800	29	431250
22080	-804772800	25.1	431250
22080	-802094400	25.7	431250
22080	-799416000	25.4	431250
22080	-796824000	25.2	431250
22080	-794145600	22.5	431250
22080	-791553600	22.7	431250
22080	-788875200	22.3	431250
22080	-786196800	25.3	431250
22080	-783777600	29.1	431250
22080	-781099200	30.3	431250
22080	-778507200	33	431250
22080	-775828800	28.2	431250
22080	-773236800	25.2	431250
22080	-770558400	24.6	431250
22080	-767880000	24.5	431250
22080	-765288000	24.8	431250
22080	-762609600	22	431250
22080	-760017600	20.7	431250
22080	-757339200	22.1	431250
22080	-754660800	24.4	431250
22080	-752241600	28.8	431250
22080	-749563200	30	431250
22080	-746971200	31.4	431250
22080	-744292800	26.7	431250
22080	-741700800	25	431250
22080	-739022400	24.7	431250
22080	-736344000	25.2	431250
22080	-733752000	26.2	431250
22080	-731073600	23.6	431250
22080	-728481600	22.9	431250
22080	-725803200	23.2	431250
22080	-723124800	24.6	431250
22080	-720705600	29.2	431250
22080	-718027200	30.7	431250
22080	-715435200	32.9	431250
24251	-710164800	24.6	431250
24251	-707486400	25.4	431250
24251	-704808000	24.3	431250
24251	-702216000	23.8	431250
24251	-699537600	22.7	431250
24251	-696945600	21.1	431250
24251	-694267200	21.9	431250
24251	-691588800	25	431250
24251	-689083200	27.6	431250
24251	-686404800	30.6	431250
24251	-683812800	32.6	431250
24251	-681134400	27.8	431250
24251	-678542400	25.1	431250
24251	-675864000	24.1	431250
24251	-673185600	23.4	431250
24251	-670593600	25.1	431250
24251	-667915200	23.4	431250
26219	-662644800	22.4	431250
26219	-659966400	24.4	431250
26219	-657547200	29.1	431250
26219	-654868800	31.5	431250
26219	-652276800	31.1	431250
26219	-649598400	27.5	431250
26219	-647006400	25	431250
26219	-644328000	24.9	431250
26219	-641649600	24.7	431250
26219	-639057600	25.3	431250
26219	-636379200	22.2	431250
26219	-633787200	22.1	431250
26219	-631108800	22.5	431250
26219	-628430400	24.3	431250
26219	-626011200	27.4	431250
26219	-623332800	31.8	431250
26219	-620740800	32.4	431250
26219	-618062400	28.3	431250
26219	-615470400	25.6	431250
26219	-612792000	26.1	431250
26219	-610113600	25	431250
26219	-607521600	25	431250
26219	-604843200	23.2	431250
26219	-602251200	21.8	431250
26219	-599572800	22.3	431250
26219	-596894400	25.6	431250
26219	-594475200	28.6	431250
26219	-591796800	30.2	431250
26219	-589204800	32.3	431250
26219	-586526400	27.6	431250
26219	-583934400	25.6	431250
26219	-581256000	24.9	431250
26219	-578577600	25.8	431250
26219	-575985600	26.2	431250
26219	-573307200	24	431250
26219	-570715200	21.3	431250
26219	-568036800	22.9	431250
26219	-565358400	25	431250
26219	-562852800	28.1	431250
26219	-560174400	31	431250
26219	-557582400	32.6	431250
26219	-554904000	28.5	431250
26219	-552312000	26.2	431250
26219	-549633600	25	431250
26219	-546955200	25.2	431250
26219	-544363200	25	431250
26219	-541684800	22.5	431250
26219	-539092800	22.4	431250
26219	-536414400	22.3	431250
26219	-533736000	25.6	431250
26219	-531316800	30.5	431250
26219	-528638400	30.9	431250
26219	-526046400	34	431250
26219	-523368000	29.9	431250
26219	-520776000	25.3	431250
26219	-518097600	24.5	431250
26219	-515419200	24.8	431250
26219	-512827200	24.4	431250
26219	-510148800	22.8	431250
26219	-507556800	21.2	431250
26219	-504878400	21.8	431250
26219	-502200000	25.7	431250
26219	-499780800	27.4	431250
26219	-497102400	31.5	431250
26219	-494510400	33.2	431250
26219	-491832000	27.4	431250
26219	-489240000	24.4	431250
26219	-486561600	24.8	431250
26219	-483883200	23.8	431250
26219	-481291200	23.8	431250
26219	-478612800	22.1	431250
26219	-476020800	21.9	431250
26219	-473342400	21.6	431250
26219	-470664000	25.3	431250
26219	-468244800	28.2	431250
26219	-465566400	30.3	431250
26219	-462974400	31.1	431250
26219	-460296000	26.9	431250
26219	-457704000	24.8	431250
26219	-455025600	23.4	431250
26219	-452347200	24.7	431250
26219	-449755200	24.2	431250
26219	-447076800	21.2	431250
26219	-444484800	20.5	431250
26219	-441806400	22.2	431250
26219	-439128000	23.9	431250
26219	-436622400	29.6	431250
26219	-433944000	31.6	431250
26219	-431352000	30.5	431250
26219	-428673600	26.8	431250
26219	-426081600	23.5	431250
26219	-423403200	24.4	431250
26219	-420724800	24.4	431250
26219	-418132800	24.2	431250
26219	-415454400	22.2	431250
26219	-412862400	21.6	431250
26219	-410184000	22.7	431250
26219	-407505600	24.4	431250
26219	-405086400	26.4	431250
26219	-402408000	29.4	431250
26219	-399816000	31.3	431250
26219	-397137600	29	431250
26219	-394545600	25	431250
26219	-391867200	24	431250
26219	-389188800	25.8	431250
26219	-386596800	26	431250
26219	-383918400	23.7	431250
26219	-381326400	22.4	431250
26219	-378648000	22.8	431250
26219	-375969600	25.3	431250
26219	-373550400	28.1	431250
26219	-370872000	30.1	431250
26219	-368280000	32.1	431250
26219	-365601600	30.7	431250
26219	-363009600	24.8	431250
26219	-360331200	24.8	431250
26219	-357652800	24.8	431250
26219	-355060800	25	431250
26219	-352382400	23.4	431250
26219	-349790400	21.7	431250
26219	-347112000	22.7	431250
26219	-344433600	26.1	431250
26219	-342014400	29.1	431250
26219	-339336000	30.5	431250
26219	-336744000	32.4	431250
26219	-334065600	27.5	431250
26219	-331473600	24.8	431250
26219	-328795200	24.7	431250
26219	-326116800	25.1	431250
26219	-323524800	25	431250
26219	-320846400	23.3	431250
26219	-318254400	22.3	431250
26219	-315576000	22.6	431250
26219	-312897600	25.5	431250
26219	-310392000	27	431250
26219	-307713600	30.6	431250
26219	-305121600	31.1	431250
26219	-302443200	27.6	431250
26219	-299851200	26.2	431250
26219	-297172800	25.4	431250
26219	-294494400	25.4	431250
26219	-291902400	25.2	431250
26219	-289224000	22.9	431250
26219	-286632000	22.8	431250
26219	-283953600	22.7	431250
26219	-281275200	25	431250
26219	-278856000	30	431250
26219	-276177600	31.3	431250
26219	-273585600	30.7	431250
26219	-270907200	26.7	431250
26219	-268315200	24.8	431250
26219	-265636800	24.6	431250
26219	-262958400	25	431250
26219	-260366400	24.1	431250
26219	-257688000	22.3	431250
26219	-255096000	21.2	431250
26219	-252417600	21.2	431250
26219	-249739200	23.9	431250
26219	-247320000	27.9	431250
26219	-244641600	29.4	431250
28027	-239371200	27.7	431250
28027	-236779200	25	431250
28027	-234100800	24.9	431250
28027	-231422400	24.6	431250
28027	-228830400	25	431250
28027	-226152000	22.7	431250
28027	-223560000	20.7	431250
28027	-220881600	21.5	431250
28027	-218203200	24.4	431250
28027	-215784000	27.7	431250
28027	-213105600	28.6	431250
28027	-210513600	31.1	431250
28027	-207835200	26.7	431250
28027	-205243200	25.4	431250
28027	-202564800	24.1	431250
28027	-199886400	25.5	431250
28027	-197294400	25	431250
28027	-194616000	23.3	431250
28027	-192024000	22.2	431250
28027	-189345600	23.4	431250
28027	-186667200	25.7	431250
28027	-184161600	29.3	431250
28027	-181483200	32.2	431250
28027	-178891200	33.6	431250
28027	-176212800	28.7	431250
28027	-173620800	25.2	431250
28027	-170942400	24.4	431250
28027	-168264000	24.5	431250
29672	-160401600	21.4	431250
29672	-157723200	22.3	431250
29672	-155044800	24.6	431250
29672	-152625600	28.4	431250
29672	-149947200	30.1	431250
29672	-147355200	32.4	431250
29672	-144676800	28.2	431250
29672	-142084800	24.8	431250
29672	-139406400	25.4	431250
29672	-136728000	25.7	431250
29672	-134136000	26.9	431250
29672	-131457600	24.2	431250
29672	-128865600	22.7	431250
29672	-126187200	22.3	431250
29672	-123508800	25.8	431250
29672	-121089600	28.7	431250
29672	-118411200	31.1	431250
29672	-115819200	31.6	431250
29672	-113140800	29.1	431250
29672	-110548800	26.2	431250
29672	-107870400	25.7	431250
29672	-105192000	24.8	431250
29672	-102600000	25.7	431250
29672	-99921600	23.7	431250
29672	-97329600	21.8	431250
29672	-94651200	22.4	431250
29672	-91972800	25.7	431250
29672	-89553600	27.5	431250
29672	-86875200	29.8	431250
29672	-84283200	32.7	431250
29672	-81604800	29	431250
31168	-76334400	25	431250
31168	-73656000	25.4	431250
31168	-71064000	25.5	431250
32534	-65793600	23	431250
32534	-63115200	21.5	431250
32534	-60436800	25	431250
32534	-57931200	27.1	431250
32534	-55252800	29.6	431250
32534	-52660800	32	431250
32534	-49982400	28.8	431250
32534	-47390400	25.8	431250
32534	-44712000	25.5	431250
32534	-42033600	25.2	431250
32534	-39441600	25.4	431250
32534	-36763200	24	431250
32534	-34171200	23.9	431250
32534	-31492800	23.1	431250
32534	-28814400	26.3	431250
32534	-26395200	30	431250
32534	-23716800	32.1	431250
32534	-21124800	32.1	431250
32534	-18446400	28.7	431250
32534	-15854400	25.1	431250
32534	-13176000	25.5	431250
32534	-10497600	24.4	431250
32534	-7905600	25.3	431250
32534	-5227200	23.2	431250
32534	-2635200	20.7	431250
32534	43200	22.4	431250
32534	2721600	25.3	431250
32534	5140800	29.1	431250
32534	7819200	31	431250
32534	10411200	32.5	431250
32534	13089600	26.6	431250
32534	15681600	25.8	431250
32534	18360000	24.1	431250
32534	21038400	24.8	431250
32534	23630400	25.5	431250
32534	26308800	22.6	431250
32534	28900800	20.7	431250
32534	31579200	22	431250
32534	34257600	25	431250
32534	36676800	27.4	431250
33773	55166400	24.5	431250
33773	57844800	21.7	431250
33773	60436800	20.6	431250
33773	63115200	21.9	431250
33773	65793600	24.2	431250
33773	68299200	29.2	431250
33773	70977600	30.8	431250
33773	73569600	31.7	431250
33773	76248000	30.3	431250
33773	78840000	26.5	431250
34914	84196800	26.6	431250
34914	86788800	26.3	431250
34914	89467200	23.2	431250
34914	92059200	22.9	431250
34914	94737600	24	431250
34914	97416000	26.1	431250
34914	99835200	29.8	431250
34914	102513600	33.3	431250
34914	105105600	34.1	431250
34914	107784000	28.6	431250
34914	110376000	25.6	431250
34914	113054400	24.3	431250
34914	115732800	25.2	431250
34914	118324800	24.3	431250
34914	121003200	22	431250
34914	123595200	21.2	431250
34914	126273600	22.2	431250
34914	128952000	25.5	431250
34914	131371200	29.3	431250
34914	134049600	30.9	431250
34914	136641600	31	431250
34914	139320000	27.3	431250
34914	141912000	25.7	431250
34914	144590400	24.8	431250
34914	147268800	25.7	431250
34914	149860800	24.4	431250
34914	152539200	22.3	431250
34914	155131200	20.7	431250
34914	157809600	21.2	431250
34914	160488000	24.6	431250
34914	162907200	27.8	431250
34914	165585600	31.8	431250
34914	168177600	32.4	431250
34914	170856000	27	431250
34914	173448000	25.2	431250
34914	176126400	24.8	431250
34914	178804800	24.4	431250
34914	181396800	24.6	431250
34914	184075200	21.1	431250
34914	186667200	20.4	431250
34914	189345600	20.4	431250
34914	192024000	24.1	431250
34914	194529600	28.8	431250
34914	197208000	30	431250
34914	199800000	32	431250
34914	202478400	27.7	431250
34914	205070400	25.5	431250
34914	207748800	24.8	431250
34914	210427200	25.2	431250
34914	213019200	26.4	431250
34914	215697600	24.1	431250
34914	218289600	22.5	431250
34914	220968000	22.3	431250
34914	223646400	25.4	431250
34914	226065600	28.6	431250
34914	228744000	30.3	431250
35966	234014400	28.2	431250
35966	236606400	26.3	431250
35966	239284800	24.9	431250
35966	241963200	25.7	431250
35966	244555200	25.4	431250
35966	247233600	24.5	431250
35966	249825600	21.4	431250
35966	252504000	22.2	431250
35966	255182400	23.5	431250
35966	257601600	27.9	431250
35966	260280000	30.5	431250
35966	262872000	31.8	431250
35966	265550400	27	431250
35966	268142400	24.7	431250
35966	270820800	24.2	431250
35966	273499200	25.2	431250
35966	276091200	25.4	431250
35966	278769600	24.2	431250
35966	281361600	21.5	431250
35966	284040000	23.1	431250
35966	286718400	24.5	431250
35966	289137600	27.9	431250
35966	291816000	31.7	431250
35966	294408000	30.7	431250
35966	297086400	29.6	431250
35966	299678400	26.5	431250
35966	302356800	25.4	431250
35966	305035200	25.6	431250
35966	307627200	26.2	431250
35966	310305600	23.9	431250
35966	312897600	21.9	431250
35966	315576000	22.7	431250
35966	318254400	26.1	431250
35966	320760000	28.8	431250
35966	323438400	31.3	431250
35966	326030400	33.4	431250
35966	328708800	27.2	431250
35966	331300800	25.5	431250
35966	333979200	24.3	431250
35966	336657600	25.7	431250
35966	339249600	26.6	431250
35966	341928000	24	431250
35966	344520000	22.1	431250
36946	378734400	22.8	431250
36946	381412800	26	431250
36946	383832000	28.6	431250
36946	386510400	30.5	431250
36946	389102400	30.9	431250
36946	391780800	28.7	431250
36946	394372800	26.2	431250
36946	397051200	25.8	431250
36946	399729600	25.3	431250
36946	402321600	25.5	431250
36946	4.05e+08	23.2	431250
36946	407592000	22	431250
36946	410270400	22.6	431250
36946	412948800	25	431250
36946	415368000	29.2	431250
36946	418046400	31.5	431250
36946	420638400	32.7	431250
37849	425908800	26.8	431250
37849	428587200	25.2	431250
37849	431265600	24.6	431250
37849	433857600	24	431250
37849	436536000	22.1	431250
37849	439128000	20.9	431250
37849	441806400	22.4	431250
37849	444484800	24.3	431250
37849	446990400	28.8	431250
37849	449668800	31.2	431250
37849	452260800	34.1	431250
37849	454939200	28.2	431250
37849	457531200	25.3	431250
38687	462888000	25.5	431250
38687	465480000	25.5	431250
38687	468158400	22.4	431250
38687	470750400	23.1	431250
38687	473428800	23.2	431250
38687	476107200	25.5	431250
38687	478526400	29.9	431250
38687	481204800	31	431250
38687	483796800	32.3	431250
38687	486475200	26.9	431250
38687	489067200	25.4	431250
38687	491745600	25.4	431250
38687	494424000	26.1	431250
38687	497016000	24	431250
38687	499694400	23.1	431250
38687	502286400	22.6	431250
