group	x	y	clickSelects
5404	-1988107200	24.9	947000
5404	-1985428800	24.2	947000
5404	-1983009600	20.8	947000
5404	-1980331200	15.6	947000
5404	-1977739200	13.5	947000
5404	-1975060800	10.2	947000
5404	-1972468800	9.3	947000
5404	-1969790400	11.6	947000
5404	-1967112000	14.9	947000
5404	-1964520000	17.9	947000
5404	-1961841600	22.4	947000
5404	-1959249600	25.2	947000
5404	-1956571200	29	947000
5404	-1953892800	25.2	947000
5404	-1951387200	21.5	947000
5404	-1948708800	17.5	947000
5404	-1946116800	12.5	947000
5404	-1943438400	8	947000
5404	-1940846400	8.8	947000
5404	-1938168000	10.4	947000
5404	-1935489600	12.8	947000
5404	-1932897600	18.5	947000
5404	-1930219200	25	947000
5404	-1927627200	25.5	947000
5404	-1924948800	25.5	947000
5404	-1922270400	23.6	947000
5404	-1919851200	22.1	947000
5404	-1917172800	15.6	947000
5404	-1914580800	12.3	947000
5404	-1911902400	10.5	947000
5404	-1909310400	7.8	947000
5404	-1906632000	11	947000
5404	-1903953600	12.4	947000
5404	-1901361600	18.3	947000
5404	-1898683200	21.6	947000
5404	-1896091200	21.5	947000
5404	-1893412800	25.9	947000
5404	-1890734400	25.7	947000
5404	-1888315200	22.5	947000
5404	-1885636800	18.9	947000
5404	-1883044800	13.6	947000
5404	-1880366400	11.4	947000
5404	-1877774400	9.7	947000
5404	-1875096000	11.6	947000
5404	-1872417600	14.3	947000
5404	-1869825600	16.2	947000
5404	-1867147200	21.6	947000
5404	-1864555200	22.7	947000
5404	-1861876800	24.4	947000
5404	-1859198400	23.7	947000
5404	-1856779200	21	947000
5404	-1854100800	15.6	947000
5404	-1851508800	14.1	947000
5404	-1848830400	8.6	947000
5404	-1846238400	9.5	947000
5404	-1843560000	11.7	947000
5404	-1840881600	14.7	947000
5404	-1838289600	16.9	947000
5404	-1835611200	23	947000
5404	-1833019200	23.3	947000
5404	-1830340800	25.3	947000
5404	-1827662400	27.8	947000
5404	-1825156800	23.8	947000
5404	-1822478400	16.5	947000
5404	-1819886400	11.7	947000
5404	-1817208000	10.8	947000
5404	-1814616000	9.2	947000
5404	-1811937600	11.9	947000
5404	-1809259200	14.2	947000
5404	-1806667200	18.2	947000
5404	-1803988800	20.7	947000
5404	-1801396800	23.7	947000
5404	-1798718400	25.5	947000
5404	-1796040000	26	947000
5404	-1793620800	21.2	947000
5404	-1790942400	19.5	947000
5404	-1788350400	11.6	947000
5404	-1785672000	9.3	947000
5404	-1783080000	9.6	947000
5404	-1780401600	10.7	947000
5404	-1777723200	14	947000
5404	-1775131200	19	947000
5404	-1772452800	20	947000
5404	-1769860800	26.3	947000
5404	-1767182400	26.9	947000
5404	-1764504000	27.7	947000
5404	-1762084800	24.2	947000
5404	-1759406400	19	947000
5404	-1756814400	14.2	947000
5404	-1754136000	11	947000
5404	-1751544000	9.6	947000
5404	-1748865600	12.9	947000
5404	-1746187200	15.6	947000
5404	-1743595200	22.2	947000
5404	-1740916800	25.6	947000
5404	-1738324800	26.6	947000
5404	-1735646400	25.7	947000
5404	-1732968000	27.7	947000
5404	-1730548800	22.6	947000
5404	-1727870400	17.9	947000
5404	-1725278400	12.8	947000
5404	-1722600000	11	947000
5404	-1720008000	10.4	947000
5404	-1717329600	11.4	947000
5404	-1714651200	14.4	947000
5404	-1712059200	16.4	947000
5404	-1709380800	20.3	947000
5404	-1706788800	25	947000
5404	-1704110400	27	947000
5404	-1701432000	25.5	947000
5404	-1698926400	22.4	947000
5404	-1696248000	16.4	947000
5404	-1693656000	13.7	947000
5404	-1690977600	10.6	947000
5404	-1688385600	9.6	947000
5404	-1685707200	10.7	947000
5404	-1683028800	15.7	947000
5404	-1680436800	16.2	947000
5404	-1677758400	17.5	947000
5404	-1675166400	23	947000
5404	-1672488000	25.8	947000
5404	-1669809600	23	947000
5404	-1667390400	21.8	947000
5404	-1664712000	15.8	947000
5404	-1662120000	12.9	947000
5404	-1659441600	10.3	947000
5404	-1656849600	9.9	947000
5404	-1654171200	11.1	947000
5404	-1651492800	14.2	947000
5404	-1648900800	17.9	947000
5404	-1646222400	19.7	947000
5404	-1643630400	25.2	947000
5404	-1640952000	25.5	947000
5404	-1638273600	24.2	947000
5404	-1635854400	21.8	947000
5404	-1633176000	17	947000
5404	-1630584000	14.5	947000
5404	-1627905600	9.9	947000
5404	-1625313600	7.6	947000
5404	-1622635200	11.8	947000
5404	-1619956800	13.6	947000
5404	-1617364800	16.5	947000
5404	-1614686400	21.6	947000
5404	-1612094400	24.3	947000
5404	-1609416000	26.2	947000
5404	-1606737600	27.5	947000
5404	-1604318400	20.5	947000
5404	-1601640000	20.1	947000
5404	-1599048000	14.8	947000
5404	-1596369600	10.3	947000
5404	-1593777600	7.7	947000
5404	-1591099200	10	947000
5404	-1588420800	14.4	947000
5404	-1585828800	18.1	947000
5404	-1583150400	24	947000
5404	-1580558400	25.9	947000
5404	-1577880000	24.5	947000
5404	-1575201600	24.8	947000
5404	-1572696000	19.6	947000
5404	-1570017600	16	947000
5404	-1567425600	10.8	947000
5404	-1564747200	10.4	947000
5404	-1562155200	9.1	947000
5404	-1559476800	9.8	947000
5404	-1556798400	12.2	947000
5404	-1554206400	14.9	947000
5404	-1551528000	18	947000
5405	2721600	25.9	947060
5405	5140800	19.6	947060
5405	7819200	17.1	947060
5405	10411200	11.3	947060
5405	13089600	9.8	947060
5405	15681600	8.2	947060
5405	18360000	9.5	947060
5405	21038400	10.8	947060
5405	23630400	16	947060
5405	26308800	18.7	947060
5405	28900800	22.8	947060
5405	31579200	24.8	947060
5405	34257600	23.8	947060
5405	36676800	23.5	947060
5405	39355200	18.3	947060
5405	41947200	12.5	947060
5405	44625600	8.1	947060
5405	47217600	6.8	947060
5405	49896000	9.2	947060
5405	52574400	12.7	947060
5405	55166400	15.4	947060
5405	57844800	18.1	947060
5405	60436800	21.5	947060
5405	63115200	23.1	947060
5405	65793600	22.7	947060
5405	68299200	19.7	947060
5405	70977600	15.8	947060
5405	73569600	12.8	947060
5405	76248000	9.6	947060
5405	78840000	8.4	947060
5405	81518400	10.8	947060
5405	84196800	13.5	947060
5405	86788800	17	947060
5405	89467200	20	947060
5405	92059200	24.7	947060
5405	94737600	27.2	947060
5405	97416000	25	947060
5405	99835200	20.1	947060
5405	102513600	17.4	947060
5405	105105600	12.6	947060
5405	107784000	9.6	947060
5405	110376000	9.7	947060
5405	113054400	9.8	947060
5405	115732800	12.7	947060
5405	118324800	16.4	947060
5405	121003200	18.6	947060
5405	123595200	23	947060
5405	126273600	24.8	947060
5405	128952000	23.1	947060
5405	131371200	23.2	947060
5405	134049600	16.9	947060
5405	136641600	13.6	947060
5405	139320000	9.6	947060
5405	141912000	9.1	947060
5405	144590400	10.2	947060
5405	147268800	11.4	947060
5405	149860800	14.8	947060
5405	152539200	17.4	947060
5405	155131200	20.9	947060
5405	157809600	22.7	947060
5405	160488000	25	947060
5405	162907200	20	947060
5405	165585600	16.6	947060
5406	-1988107200	25.6	947070
5406	-1985428800	24.7	947070
5406	-1983009600	20.4	947070
5406	-1980331200	15.7	947070
5406	-1977739200	12.5	947070
5406	-1975060800	10.7	947070
5406	-1972468800	9.1	947070
5406	-1969790400	12.3	947070
5406	-1967112000	16.8	947070
5406	-1964520000	19.8	947070
5406	-1961841600	22.2	947070
5406	-1959249600	26.2	947070
5406	-1956571200	28.3	947070
5406	-1953892800	24	947070
5406	-1951387200	21.4	947070
5406	-1948708800	16.8	947070
5406	-1946116800	12.2	947070
5406	-1943438400	8.1	947070
5406	-1940846400	8.6	947070
5406	-1938168000	9.2	947070
5406	-1935489600	12.2	947070
5406	-1932897600	18.5	947070
5406	-1930219200	25.7	947070
5406	-1927627200	26.9	947070
5406	-1924948800	25.9	947070
5406	-1922270400	24.8	947070
5406	-1919851200	23.5	947070
5406	-1917172800	17.6	947070
5406	-1914580800	12.4	947070
5406	-1911902400	10.2	947070
5406	-1909310400	9.3	947070
5406	-1906632000	12.5	947070
5406	-1903953600	13.5	947070
5406	-1901361600	20	947070
5406	-1898683200	23.6	947070
5406	-1896091200	23.4	947070
5406	-1893412800	25.9	947070
5406	-1890734400	25.6	947070
5406	-1888315200	21.1	947070
5406	-1885636800	18.2	947070
5406	-1883044800	12.5	947070
5406	-1880366400	10.3	947070
5406	-1877774400	8.9	947070
5406	-1875096000	10.6	947070
5406	-1872417600	14.9	947070
5406	-1869825600	16.5	947070
5406	-1867147200	21.9	947070
5406	-1864555200	23.5	947070
5406	-1861876800	23.4	947070
5406	-1859198400	22.6	947070
5406	-1856779200	20.2	947070
5406	-1854100800	14.8	947070
5406	-1851508800	13.5	947070
5407	-1556798400	14.2	947080
5407	-1554206400	18.6	947080
5407	-1551528000	23.9	947080
5407	-1548936000	24.4	947080
5407	-1546257600	26.5	947080
5407	-1543579200	26.5	947080
5407	-1541160000	22.7	947080
5407	-1538481600	18.9	947080
5407	-1535889600	16.4	947080
5407	-1533211200	12.1	947080
5407	-1530619200	11.9	947080
5407	-1527940800	10.1	947080
5407	-1525262400	15.6	947080
5407	-1522670400	17.1	947080
5407	-1519992000	24.4	947080
5407	-1517400000	25.7	947080
5407	-1514721600	25.5	947080
5407	-1512043200	27.1	947080
5407	-1509624000	23.9	947080
5407	-1506945600	21.8	947080
5407	-1504353600	15.3	947080
5407	-1501675200	11.8	947080
5407	-1499083200	10.7	947080
5407	-1496404800	11.6	947080
5407	-1493726400	16.1	947080
5407	-1491134400	20.7	947080
5407	-1488456000	22.5	947080
5407	-1485864000	26.8	947080
5407	-1483185600	27.1	947080
5407	-1480507200	29.2	947080
5407	-1478088000	25.7	947080
5407	-1475409600	20.6	947080
5407	-1472817600	16.5	947080
5407	-1470139200	12.4	947080
5407	-1467547200	11.4	947080
5407	-1464868800	11.9	947080
5407	-1462190400	15.4	947080
5407	-1459598400	19.5	947080
5407	-1456920000	20.6	947080
5407	-1454328000	27.5	947080
5407	-1451649600	25.5	947080
5407	-1448971200	24.1	947080
5407	-1446465600	23.2	947080
5407	-1443787200	18.2	947080
5407	-1441195200	12.3	947080
5407	-1438516800	10.4	947080
5407	-1435924800	10.8	947080
5407	-1433246400	12	947080
5407	-1430568000	16.5	947080
5407	-1427976000	18.8	947080
5407	-1425297600	20.9	947080
5407	-1422705600	22.2	947080
5407	-1420027200	24.5	947080
5407	-1417348800	25.8	947080
5407	-1414929600	22.3	947080
5407	-1412251200	19.2	947080
5407	-1409659200	14.6	947080
5407	-1406980800	12.1	947080
5407	-1404388800	9.3	947080
5407	-1401710400	10.8	947080
5407	-1399032000	11.9	947080
5407	-1396440000	17.9	947080
5407	-1393761600	22.3	947080
5407	-1391169600	25.5	947080
5407	-1388491200	25.5	947080
5407	-1385812800	30.4	947080
5407	-1383393600	24	947080
5407	-1380715200	18.2	947080
5407	-1378123200	12.4	947080
5407	-1375444800	10.9	947080
5407	-1372852800	10.9	947080
5407	-1370174400	12.1	947080
5407	-1367496000	15.6	947080
5407	-1364904000	19.6	947080
5407	-1362225600	23.3	947080
5407	-1359633600	24.2	947080
5407	-1356955200	27.9	947080
5407	-1354276800	26	947080
5407	-1351857600	22.8	947080
5407	-1349179200	18.3	947080
5407	-1346587200	13.2	947080
5407	-1343908800	10.5	947080
5407	-1341316800	9.4	947080
5407	-1338638400	11.2	947080
5407	-1335960000	15.4	947080
5407	-1333368000	20	947080
5407	-1330689600	23.9	947080
5407	-1328097600	23.8	947080
5407	-1325419200	24.9	947080
5407	-1322740800	25.9	947080
5407	-1320235200	23.8	947080
5407	-1317556800	19.8	947080
5407	-1314964800	13.2	947080
5407	-1312286400	10.6	947080
5407	-1309694400	10.5	947080
5407	-1307016000	14	947080
5407	-1304337600	16.8	947080
5407	-1301745600	18.5	947080
5407	-1299067200	23.2	947080
5407	-1296475200	26.9	947080
5407	-1293796800	29.4	947080
5407	-1291118400	26.9	947080
5407	-1288699200	23.5	947080
5407	-1286020800	17.3	947080
5407	-1283428800	13.7	947080
5407	-1280750400	10.4	947080
5407	-1278158400	8.7	947080
5407	-1275480000	11.5	947080
5407	-1272801600	15.1	947080
5407	-1270209600	19.3	947080
5407	-1267531200	22.5	947080
5407	-1264939200	25.3	947080
5407	-1262260800	26.9	947080
5407	-1259582400	28.1	947080
5407	-1257163200	24	947080
5407	-1254484800	18.4	947080
5407	-1251892800	15	947080
5407	-1249214400	12.1	947080
5407	-1246622400	11.4	947080
5407	-1243944000	11.4	947080
5407	-1241265600	13.1	947080
5407	-1238673600	19.7	947080
5407	-1235995200	22.7	947080
5407	-1233403200	24.5	947080
5407	-1230724800	25.1	947080
5407	-1228046400	27	947080
5407	-1225627200	21.9	947080
5407	-1222948800	16.9	947080
5407	-1220356800	13.5	947080
5407	-1217678400	10.9	947080
5407	-1215086400	9.6	947080
5407	-1212408000	10.8	947080
5407	-1209729600	14.2	947080
5407	-1207137600	17.6	947080
5407	-1204459200	22.1	947080
5407	-1201867200	24.1	947080
5407	-1199188800	30.1	947080
5407	-1196510400	25.8	947080
5407	-1194004800	22.7	947080
5407	-1191326400	18	947080
5407	-1188734400	14.9	947080
5407	-1186056000	10.6	947080
5407	-1183464000	9.9	947080
5407	-1180785600	13.2	947080
5407	-1178107200	14.9	947080
5407	-1175515200	16.8	947080
5407	-1172836800	23	947080
5407	-1170244800	26	947080
5407	-1167566400	27.3	947080
5407	-1164888000	25.5	947080
5407	-1162468800	25.3	947080
5407	-1159790400	19.3	947080
5407	-1157198400	14.1	947080
5407	-1154520000	11.3	947080
5407	-1151928000	11.4	947080
5407	-1149249600	10.6	947080
5407	-1146571200	15.1	947080
5407	-1143979200	19.6	947080
5407	-1141300800	20.6	947080
5407	-1138708800	23	947080
5407	-1136030400	27	947080
5407	-1133352000	24.4	947080
5407	-1130932800	23.9	947080
5407	-1128254400	17.9	947080
5407	-1125662400	15.1	947080
5407	-1122984000	10.8	947080
5407	-1120392000	11.6	947080
5407	-1117713600	12.2	947080
5407	-1115035200	16	947080
5407	-1112443200	15.9	947080
5407	-1109764800	21.9	947080
5407	-1107172800	24.6	947080
5407	-1104494400	26.8	947080
5407	-1101816000	26.1	947080
5407	-1099396800	23.7	947080
5407	-1096718400	18.4	947080
5407	-1094126400	13.5	947080
5407	-1091448000	11.1	947080
5407	-1088856000	10.9	947080
5407	-1086177600	13.3	947080
5407	-1083499200	15.1	947080
5407	-1080907200	19.6	947080
5407	-1078228800	23.2	947080
5407	-1075636800	25.5	947080
5407	-1072958400	26.3	947080
5407	-1070280000	25.9	947080
5407	-1067774400	21.6	947080
5407	-1065096000	18	947080
5407	-1062504000	15.1	947080
5407	-1059825600	9.4	947080
5407	-1057233600	10.8	947080
5407	-1054555200	12.2	947080
5407	-1051876800	13.1	947080
5407	-1049284800	19	947080
5407	-1046606400	22.4	947080
5407	-1044014400	24.4	947080
5407	-1041336000	25.6	947080
5407	-1038657600	25	947080
5407	-1036238400	22.4	947080
5407	-1033560000	17.6	947080
5407	-1030968000	14.1	947080
5407	-1028289600	11	947080
5407	-1025697600	9.8	947080
5407	-1023019200	13.3	947080
5407	-1020340800	17.5	947080
5407	-1017748800	21.4	947080
5407	-1015070400	23.3	947080
5407	-1012478400	27.6	947080
5407	-1009800000	27.3	947080
5407	-1007121600	26.5	947080
5407	-1004702400	26.5	947080
5407	-1002024000	20.1	947080
5407	-999432000	16.7	947080
5407	-996753600	11.1	947080
5407	-994161600	9.4	947080
5407	-991483200	11.2	947080
5407	-988804800	15.6	947080
5407	-986212800	20.6	947080
5407	-983534400	24.8	947080
5407	-980942400	27.7	947080
5407	-978264000	31.1	947080
5407	-975585600	28.5	947080
5407	-973166400	23.3	947080
5407	-970488000	18.5	947080
5407	-967896000	16.9	947080
5407	-965217600	11.5	947080
5407	-962625600	9	947080
5407	-959947200	11.4	947080
5407	-957268800	14.1	947080
5407	-954676800	16.8	947080
5407	-951998400	21.5	947080
5407	-949406400	25.3	947080
5407	-946728000	29	947080
5407	-944049600	27.4	947080
5407	-941544000	26.6	947080
5407	-938865600	19.4	947080
5407	-936273600	13.8	947080
5407	-933595200	11.2	947080
5407	-931003200	10.6	947080
5407	-928324800	12.4	947080
5407	-925646400	16	947080
5407	-923054400	20.3	947080
5407	-920376000	22.3	947080
5407	-917784000	26.5	947080
5407	-915105600	23.1	947080
5407	-912427200	24.9	947080
5407	-910008000	21.5	947080
5407	-907329600	19.7	947080
5407	-904737600	14.7	947080
5407	-902059200	11.3	947080
5407	-899467200	10.7	947080
5407	-896788800	11	947080
5407	-894110400	15.6	947080
5407	-891518400	18.3	947080
5407	-888840000	24.4	947080
5407	-886248000	25.3	947080
5407	-883569600	29.4	947080
5407	-880891200	24.3	947080
5407	-878472000	23.9	947080
5407	-875793600	20.1	947080
5407	-873201600	15.8	947080
5407	-870523200	12.5	947080
5407	-867931200	10.5	947080
5407	-865252800	11.9	947080
5407	-862574400	14.4	947080
5407	-859982400	18.4	947080
5407	-857304000	22	947080
5407	-854712000	24.5	947080
5407	-852033600	25	947080
5407	-849355200	26.5	947080
5407	-846936000	26.3	947080
5407	-844257600	18.2	947080
5407	-841665600	13.9	947080
5407	-838987200	9.6	947080
5407	-836395200	9.5	947080
5407	-833716800	10.1	947080
5407	-831038400	15.4	947080
5407	-828446400	19.9	947080
5407	-825768000	21.5	947080
5407	-823176000	26.1	947080
5407	-820497600	29.1	947080
5407	-817819200	26.1	947080
5407	-815313600	24.3	947080
5407	-812635200	17	947080
5407	-810043200	13.2	947080
5407	-807364800	11.6	947080
5407	-804772800	11.1	947080
5407	-802094400	12.8	947080
5407	-799416000	17	947080
5407	-796824000	20.6	947080
5407	-794145600	25.7	947080
5407	-791553600	26.9	947080
5407	-788875200	28.4	947080
5407	-786196800	26.5	947080
5407	-783777600	23.1	947080
5407	-781099200	19.4	947080
5407	-778507200	15.2	947080
5407	-775828800	14.2	947080
5407	-773236800	9.8	947080
5407	-770558400	12.7	947080
5407	-767880000	15.1	947080
5407	-765288000	19	947080
5407	-762609600	23.7	947080
5407	-760017600	28	947080
5407	-757339200	30.1	947080
5407	-754660800	28	947080
5407	-752241600	21.5	947080
5407	-749563200	18	947080
5407	-746971200	14.4	947080
5407	-744292800	9.6	947080
5407	-741700800	11.3	947080
5407	-739022400	12	947080
5407	-736344000	15.1	947080
5407	-733752000	18.4	947080
5407	-731073600	25.5	947080
5407	-728481600	25.9	947080
5407	-725803200	28.8	947080
5407	-723124800	25.9	947080
5407	-720705600	23	947080
5407	-718027200	18.3	947080
5407	-715435200	16.5	947080
5407	-712756800	11.1	947080
5407	-710164800	10.5	947080
5407	-707486400	11	947080
5407	-704808000	14.8	947080
5407	-702216000	17.9	947080
5407	-699537600	20.8	947080
5407	-696945600	24.6	947080
5407	-694267200	24.6	947080
5407	-691588800	27.8	947080
5407	-689083200	22.5	947080
5407	-686404800	18.6	947080
5407	-683812800	13.4	947080
5407	-681134400	11.4	947080
5407	-678542400	9.2	947080
5407	-675864000	12.3	947080
5407	-673185600	15.2	947080
5407	-670593600	18.9	947080
5407	-667915200	22.2	947080
5407	-665323200	27.1	947080
5407	-662644800	25.2	947080
5407	-659966400	25.5	947080
5407	-657547200	23.8	947080
5407	-654868800	17.8	947080
5407	-652276800	14.3	947080
5407	-649598400	9.6	947080
5407	-647006400	10.5	947080
5407	-644328000	12.2	947080
5407	-641649600	15.1	947080
5407	-639057600	19.6	947080
5407	-636379200	20.6	947080
5407	-633787200	26.3	947080
5407	-631108800	27.1	947080
5407	-628430400	24.7	947080
5407	-626011200	22	947080
5407	-623332800	18.4	947080
5407	-620740800	14.9	947080
5407	-618062400	12.1	947080
5407	-615470400	12.3	947080
5407	-612792000	12.2	947080
5407	-610113600	15.3	947080
5407	-607521600	17	947080
5407	-604843200	19.7	947080
5407	-602251200	25.3	947080
5407	-599572800	25.3	947080
5407	-596894400	26.1	947080
5407	-594475200	25.1	947080
5407	-591796800	16.9	947080
5407	-589204800	14.3	947080
5407	-586526400	12.1	947080
5407	-583934400	10	947080
5407	-581256000	9.5	947080
5407	-578577600	16.2	947080
5407	-575985600	18.5	947080
5407	-573307200	22	947080
5407	-570715200	25.6	947080
5407	-568036800	29.4	947080
5407	-565358400	25.8	947080
5407	-562852800	23.5	947080
5407	-560174400	17.5	947080
5407	-557582400	13.6	947080
5407	-554904000	10.7	947080
5407	-552312000	9.4	947080
5407	-549633600	11.8	947080
5407	-546955200	13.9	947080
5407	-544363200	18.8	947080
5407	-541684800	20.7	947080
5407	-539092800	25.7	947080
5407	-536414400	26.4	947080
5407	-533736000	24.4	947080
5407	-531316800	24.5	947080
5407	-528638400	19.8	947080
5407	-526046400	14.2	947080
5407	-523368000	10.9	947080
5407	-520776000	10.8	947080
5407	-518097600	10.8	947080
5407	-515419200	16	947080
5407	-512827200	18.7	947080
5407	-510148800	22.3	947080
5407	-507556800	26.9	947080
5407	-504878400	26.1	947080
5407	-502200000	23.3	947080
5407	-499780800	22.1	947080
5407	-497102400	20.4	947080
5407	-494510400	13.9	947080
5407	-491832000	11.5	947080
5407	-489240000	10.8	947080
5407	-486561600	12.8	947080
5407	-483883200	14.9	947080
5407	-481291200	18.4	947080
5407	-478612800	22.3	947080
5407	-476020800	25.5	947080
5407	-473342400	25.9	947080
5407	-470664000	25	947080
5407	-468244800	24.8	947080
5407	-465566400	19.5	947080
5407	-462974400	13.1	947080
5407	-460296000	11.7	947080
5407	-457704000	9.1	947080
5407	-455025600	12.2	947080
5407	-452347200	19.4	947080
5407	-449755200	15.8	947080
5407	-447076800	20.3	947080
5407	-444484800	23.1	947080
5407	-441806400	23.8	947080
5407	-439128000	23.9	947080
5407	-436622400	22.2	947080
5407	-433944000	17.4	947080
5407	-431352000	13.1	947080
5407	-428673600	10.3	947080
5407	-426081600	11.3	947080
5407	-423403200	10.3	947080
5407	-420724800	13.1	947080
5407	-418132800	15.2	947080
5407	-415454400	19	947080
5407	-412862400	23.7	947080
5408	-607521600	15.6	947090
5408	-604843200	18.9	947090
5408	-602251200	24	947090
5408	-599572800	24.8	947090
5408	-596894400	24.8	947090
5408	-594475200	23.1	947090
5408	-591796800	14.6	947090
5408	-589204800	12	947090
5408	-586526400	10.6	947090
5408	-583934400	8.4	947090
5408	-581256000	8.7	947090
5408	-578577600	13.6	947090
5408	-575985600	15.3	947090
5408	-573307200	18.9	947090
5408	-570715200	23	947090
5408	-568036800	26.3	947090
5408	-565358400	24.3	947090
5408	-562852800	21.9	947090
5408	-560174400	16.1	947090
5408	-557582400	11.2	947090
5408	-554904000	9.4	947090
5408	-552312000	7.5	947090
5408	-549633600	10.1	947090
5408	-546955200	11.6	947090
5408	-544363200	15.8	947090
5408	-541684800	17.3	947090
5408	-539092800	22.5	947090
5408	-536414400	24	947090
5408	-533736000	22.9	947090
5408	-531316800	22.6	947090
5409	-1893412800	26	947110
5409	-1890734400	26.2	947110
5409	-1888315200	22.3	947110
5409	-1885636800	19.7	947110
5409	-1883044800	14.8	947110
5409	-1880366400	11.2	947110
5409	-1877774400	9.7	947110
5409	-1875096000	13	947110
5409	-1872417600	16.5	947110
5409	-1869825600	17.2	947110
5409	-1867147200	20.8	947110
5409	-1864555200	23.5	947110
5409	-1861876800	24.7	947110
5409	-1859198400	23.1	947110
5409	-1856779200	21.6	947110
5409	-1854100800	17.4	947110
5409	-1851508800	13.7	947110
5409	-1848830400	8.7	947110
5409	-1846238400	10.1	947110
5409	-1843560000	12.4	947110
5409	-1840881600	15.6	947110
5409	-1838289600	18.4	947110
5409	-1835611200	23.7	947110
5409	-1833019200	24.3	947110
5409	-1830340800	27.1	947110
5409	-1827662400	28.6	947110
5409	-1825156800	23.9	947110
5409	-1822478400	17.9	947110
5409	-1819886400	13.3	947110
5409	-1817208000	10.3	947110
5409	-1814616000	9.1	947110
5409	-1811937600	12.8	947110
5409	-1809259200	15.1	947110
5409	-1806667200	19.3	947110
5409	-1803988800	22.5	947110
5409	-1801396800	25.5	947110
5409	-1798718400	28.1	947110
5409	-1796040000	27	947110
5409	-1793620800	21.8	947110
5409	-1790942400	19.7	947110
5409	-1788350400	12.1	947110
5409	-1785672000	8.6	947110
5409	-1783080000	10.3	947110
5409	-1780401600	11.8	947110
5409	-1777723200	14.5	947110
5409	-1775131200	20.7	947110
5409	-1772452800	21.5	947110
5409	-1769860800	27	947110
5409	-1767182400	28.5	947110
5409	-1764504000	28.6	947110
5409	-1762084800	24.3	947110
5409	-1759406400	20.3	947110
5409	-1756814400	14.1	947110
5409	-1754136000	11.6	947110
5409	-1751544000	10.1	947110
5409	-1748865600	13.9	947110
5409	-1746187200	16.4	947110
5409	-1743595200	21.2	947110
5409	-1740916800	27.3	947110
5409	-1738324800	27.2	947110
5409	-1735646400	27.3	947110
5409	-1732968000	29.2	947110
5409	-1730548800	24.5	947110
5409	-1727870400	19	947110
5409	-1725278400	13	947110
5409	-1722600000	11.4	947110
5409	-1720008000	11.4	947110
5409	-1717329600	12.3	947110
5409	-1714651200	16.5	947110
5409	-1712059200	18.2	947110
5409	-1709380800	22.4	947110
5409	-1706788800	25.2	947110
5409	-1704110400	28.4	947110
5409	-1701432000	27.2	947110
5409	-1698926400	23.9	947110
5409	-1696248000	17.4	947110
5409	-1693656000	14.8	947110
5409	-1690977600	10.7	947110
5409	-1688385600	9.7	947110
5409	-1685707200	11.2	947110
5409	-1683028800	15.9	947110
5409	-1680436800	16.5	947110
5409	-1677758400	17.9	947110
5409	-1675166400	23.9	947110
5409	-1672488000	26.8	947110
5409	-1669809600	23	947110
5409	-1667390400	23.2	947110
5409	-1664712000	16.5	947110
5409	-1662120000	12.7	947110
5409	-1659441600	9.9	947110
5409	-1656849600	10.2	947110
5409	-1654171200	11.6	947110
5409	-1651492800	15.1	947110
5409	-1648900800	18.6	947110
5409	-1646222400	19.5	947110
5409	-1643630400	25.5	947110
5409	-1640952000	25.3	947110
5409	-1638273600	25.7	947110
5409	-1635854400	22.3	947110
5409	-1633176000	18.7	947110
5409	-1630584000	14.7	947110
5409	-1627905600	10.2	947110
5409	-1625313600	9.5	947110
5409	-1622635200	12.2	947110
5409	-1619956800	15.4	947110
5409	-1617364800	18.7	947110
5409	-1614686400	23.1	947110
5409	-1612094400	25.8	947110
5409	-1609416000	28.2	947110
5410	-1988107200	24.5	947120
5410	-1985428800	24.4	947120
5410	-1983009600	21.8	947120
5410	-1980331200	17.2	947120
5410	-1977739200	13.3	947120
5410	-1975060800	10.2	947120
5410	-1972468800	7.3	947120
5410	-1969790400	8.9	947120
5410	-1967112000	12.2	947120
5410	-1964520000	15.2	947120
5410	-1961841600	19.2	947120
5410	-1959249600	23.1	947120
5410	-1956571200	28.2	947120
5410	-1953892800	24.6	947120
5410	-1951387200	22.1	947120
5410	-1948708800	18	947120
5410	-1946116800	12.4	947120
5410	-1943438400	7.7	947120
5410	-1940846400	7.9	947120
5410	-1938168000	8.7	947120
5410	-1935489600	10.4	947120
5410	-1932897600	14.3	947120
5410	-1930219200	21.6	947120
5410	-1927627200	22.9	947120
5410	-1924948800	23.1	947120
5410	-1922270400	20	947120
5410	-1919851200	20.9	947120
5410	-1917172800	15.4	947120
5410	-1914580800	11.9	947120
5410	-1911902400	10.2	947120
5410	-1909310400	7.4	947120
5410	-1906632000	11.2	947120
5410	-1903953600	13.6	947120
5410	-1901361600	16	947120
5411	-3053160000	14.8	947130
5411	-3050568000	10.9	947130
5411	-3047889600	10.5	947130
5411	-3045297600	7	947130
5411	-3042619200	8.5	947130
5411	-3039940800	11.9	947130
5411	-3037348800	14.7	947130
5411	-3034670400	15.8	947130
5411	-3032078400	22.7	947130
5411	-3029400000	23.7	947130
5411	-3026721600	20.5	947130
5411	-3024302400	17.1	947130
5411	-3021624000	15	947130
5411	-3019032000	9.3	947130
5411	-3016353600	5.8	947130
5411	-3013761600	5.2	947130
5411	-3011083200	5.7	947130
5411	-3008404800	9.2	947130
5411	-3005812800	17.1	947130
5411	-3003134400	18.8	947130
5411	-3000542400	22.2	947130
5411	-2997864000	24.1	947130
5411	-2995185600	20.2	947130
5411	-2992766400	18.5	947130
5411	-2990088000	15.4	947130
5411	-2987496000	10	947130
5411	-2984817600	8.1	947130
5411	-2982225600	4.6	947130
5411	-2979547200	7.3	947130
5411	-2976868800	8.9	947130
5411	-2974276800	13.3	947130
5411	-2971598400	15.6	947130
5411	-2969006400	18.7	947130
5411	-2966328000	22.5	947130
5411	-2963649600	22.6	947130
5411	-2961144000	20.9	947130
5411	-2958465600	14.7	947130
5411	-2955873600	13	947130
5411	-2953195200	6.8	947130
5411	-2950603200	5.1	947130
5411	-2947924800	5.4	947130
5411	-2945246400	9.3	947130
5411	-2942654400	14.4	947130
5411	-2939976000	17.4	947130
5411	-2937384000	23.7	947130
5411	-2934705600	23.4	947130
5411	-2932027200	23.4	947130
5411	-2929608000	18.3	947130
5411	-2926929600	14.3	947130
5411	-2924337600	11.2	947130
5411	-2921659200	7.9	947130
5411	-2919067200	5.5	947130
5412	-2398248000	24.6	947140
5412	-2395569600	22.7	947140
5412	-2393150400	21.2	947140
5412	-2390472000	16.6	947140
5412	-2387880000	10.4	947140
5412	-2385201600	8.7	947140
5412	-2382609600	6.3	947140
5412	-2379931200	9.2	947140
5412	-2377252800	10.7	947140
5412	-2374660800	16.7	947140
5412	-2371982400	20.4	947140
5412	-2369390400	23.3	947140
5412	-2366712000	22.4	947140
5412	-2364033600	23.4	947140
5412	-2361614400	21.4	947140
5412	-2358936000	16.2	947140
5412	-2356344000	10.6	947140
5412	-2353665600	8.1	947140
5412	-2351073600	5.4	947140
5412	-2348395200	9.5	947140
5412	-2345716800	11.8	947140
5412	-2343124800	17.7	947140
5412	-2340446400	19.7	947140
5412	-2337854400	24.4	947140
5412	-2335176000	28	947140
5412	-2332497600	25.1	947140
5412	-2329992000	21.5	947140
5412	-2327313600	15	947140
5412	-2324721600	11.1	947140
5412	-2322043200	8.4	947140
5412	-2319451200	6.1	947140
5412	-2316772800	8	947140
5412	-2314094400	11.5	947140
5412	-2311502400	16	947140
5412	-2308824000	20.5	947140
5412	-2306232000	25.1	947140
5412	-2303553600	23.1	947140
5412	-2300875200	23.1	947140
5412	-2298456000	18.4	947140
5412	-2295777600	17.2	947140
5412	-2293185600	10.2	947140
5412	-2290507200	9.8	947140
5412	-2287915200	8.6	947140
5412	-2285236800	8.5	947140
5412	-2282558400	12.4	947140
5412	-2279966400	14.5	947140
5412	-2277288000	21.8	947140
5412	-2274696000	24.9	947140
5412	-2272017600	26.6	947140
5412	-2269339200	25.6	947140
5412	-2266920000	22.1	947140
5412	-2264241600	15.5	947140
5412	-2261649600	10	947140
5412	-2258971200	9.1	947140
5412	-2256379200	6.8	947140
5412	-2253700800	9.4	947140
5412	-2251022400	12.5	947140
5412	-2248430400	16.8	947140
5412	-2245752000	20.5	947140
5412	-2243160000	23.6	947140
5412	-2240481600	22.8	947140
5412	-2237803200	25.6	947140
5412	-2235384000	21.2	947140
5412	-2232705600	16.6	947140
5412	-2230113600	10.5	947140
5412	-2227435200	8.5	947140
5412	-2224843200	6.5	947140
5412	-2222164800	9.4	947140
5412	-2219486400	13.9	947140
5412	-2216894400	14.9	947140
5412	-2214216000	19.6	947140
5412	-2211624000	26.4	947140
5412	-2208945600	26.3	947140
5412	-2206267200	26.7	947140
5412	-2203848000	21.4	947140
5412	-2201169600	15.5	947140
5412	-2198577600	11.3	947140
5412	-2195899200	11	947140
5412	-2193307200	6.7	947140
5412	-2190628800	7.4	947140
5412	-2187950400	10.4	947140
5412	-2185358400	14.7	947140
5412	-2182680000	22	947140
5412	-2180088000	24	947140
5412	-2177409600	25.5	947140
5412	-2174731200	26.2	947140
5412	-2172312000	21.5	947140
5412	-2169633600	15.8	947140
5412	-2167041600	11.5	947140
5412	-2164363200	7.7	947140
5412	-2161771200	7	947140
5412	-2159092800	9.2	947140
5412	-2156414400	14.3	947140
5412	-2153822400	16.5	947140
5412	-2151144000	22.7	947140
5412	-2148552000	24.1	947140
5412	-2145873600	24.8	947140
5412	-2143195200	24.4	947140
5412	-2140776000	21	947140
5412	-2138097600	16.7	947140
5412	-2135505600	11.4	947140
5412	-2132827200	9.1	947140
5412	-2130235200	8.2	947140
5412	-2127556800	8.4	947140
5412	-2124878400	13.4	947140
5412	-2122286400	18.4	947140
5412	-2119608000	23.9	947140
5412	-2117016000	23.8	947140
5412	-2114337600	24.6	947140
5412	-2111659200	24.9	947140
5412	-2109240000	23.6	947140
5413	-2884852800	14.9	947150
5413	-2882174400	18.9	947150
5413	-2879582400	22.8	947150
5413	-2876904000	24.5	947150
5413	-2874312000	27.6	947150
5413	-2871633600	29.7	947150
5413	-2868955200	26.9	947150
5413	-2866536000	23.7	947150
5413	-2863857600	18.7	947150
5413	-2861265600	14.1	947150
5413	-2858587200	11	947150
5413	-2855995200	11.4	947150
5413	-2853316800	14.5	947150
5413	-2850638400	16.7	947150
5413	-2848046400	20.2	947150
5413	-2845368000	23.9	947150
5413	-2842776000	26.7	947150
5413	-2840097600	28.1	947150
5413	-2837419200	26.2	947150
5413	-2834913600	25.2	947150
5413	-2832235200	20	947150
5413	-2829643200	14.8	947150
5413	-2826964800	10.5	947150
5413	-2824372800	9.9	947150
5413	-2821694400	14.6	947150
5413	-2819016000	18.6	947150
5413	-2816424000	19.4	947150
5413	-2813745600	25.3	947150
5413	-2811153600	27.9	947150
5413	-2808475200	28.3	947150
5413	-2805796800	28	947150
5413	-2803377600	24.3	947150
5413	-2800699200	20.4	947150
5413	-2798107200	15.8	947150
5413	-2795428800	10.8	947150
5413	-2792836800	8.7	947150
5413	-2790158400	12.5	947150
5413	-2787480000	16.1	947150
5413	-2784888000	19.9	947150
5413	-2782209600	23.4	947150
5413	-2779617600	26.1	947150
5413	-2776939200	32.2	947150
5414	-1988107200	25.8	947170
5414	-1985428800	25.2	947170
5414	-1983009600	21.2	947170
5414	-1980331200	17.5	947170
5414	-1977739200	15.2	947170
5414	-1975060800	11.4	947170
5414	-1972468800	9.8	947170
5414	-1969790400	11	947170
5414	-1967112000	14.9	947170
5414	-1964520000	19.2	947170
5414	-1961841600	21.7	947170
5414	-1959249600	25.5	947170
5415	-1988107200	22	947180
5415	-1985428800	22.8	947180
5415	-1983009600	24	947180
5415	-1980331200	17.9	947180
5415	-1977739200	15.4	947180
5415	-1975060800	12.4	947180
5415	-1972468800	9.7	947180
5415	-1969790400	11.7	947180
5415	-1967112000	16.6	947180
5415	-1964520000	20.7	947180
5415	-1961841600	22.5	947180
5415	-1959249600	27	947180
5415	-1956571200	29.8	947180
5415	-1953892800	25	947180
5415	-1951387200	23.6	947180
5415	-1948708800	19.5	947180
5415	-1946116800	14.9	947180
5415	-1943438400	9	947180
5415	-1940846400	9.6	947180
5415	-1938168000	9.7	947180
5415	-1935489600	12.7	947180
5415	-1932897600	17.4	947180
5415	-1930219200	25.5	947180
5415	-1927627200	25.2	947180
5415	-1924948800	25.3	947180
5415	-1922270400	22.7	947180
5415	-1919851200	22.4	947180
5415	-1917172800	16.5	947180
5415	-1914580800	12.8	947180
5415	-1911902400	10.8	947180
5415	-1909310400	7.5	947180
5415	-1906632000	10.2	947180
5415	-1903953600	13.3	947180
5415	-1901361600	18.7	947180
5415	-1898683200	22.1	947180
5415	-1896091200	22.9	947180
5415	-1893412800	24.5	947180
5415	-1890734400	25.1	947180
5415	-1888315200	22.2	947180
5415	-1885636800	20.7	947180
5415	-1883044800	15.6	947180
5415	-1880366400	12.1	947180
5415	-1877774400	8.7	947180
5415	-1875096000	12.3	947180
5415	-1872417600	16.5	947180
5415	-1869825600	17.7	947180
5415	-1867147200	21.2	947180
5415	-1864555200	24	947180
5415	-1861876800	24	947180
5415	-1859198400	22.7	947180
5415	-1856779200	21.4	947180
5415	-1854100800	17.4	947180
5415	-1851508800	14.2	947180
5415	-1848830400	8.7	947180
5415	-1846238400	8.7	947180
5415	-1843560000	10.9	947180
5415	-1840881600	14.6	947180
5415	-1838289600	18.2	947180
5415	-1835611200	24.8	947180
5415	-1833019200	25	947180
5415	-1830340800	27.2	947180
5415	-1827662400	29	947180
5415	-1825156800	24.6	947180
5415	-1822478400	18.4	947180
5415	-1819886400	14	947180
5415	-1817208000	11.7	947180
5415	-1814616000	9.5	947180
5415	-1811937600	11.7	947180
5415	-1809259200	13.4	947180
5415	-1806667200	18.7	947180
5415	-1803988800	23.4	947180
5415	-1801396800	26.1	947180
5415	-1798718400	27.7	947180
5415	-1796040000	26.6	947180
5415	-1793620800	21.2	947180
5415	-1790942400	18.2	947180
5415	-1788350400	11.6	947180
5415	-1785672000	7.9	947180
5415	-1783080000	7.8	947180
5415	-1780401600	9.1	947180
5415	-1777723200	12.4	947180
5415	-1775131200	19.2	947180
5415	-1772452800	22	947180
5415	-1769860800	26.7	947180
5415	-1767182400	27.6	947180
5415	-1764504000	26.4	947180
5415	-1762084800	22.5	947180
5415	-1759406400	18.4	947180
5415	-1756814400	13.6	947180
5415	-1754136000	10.8	947180
5415	-1751544000	9.1	947180
5415	-1748865600	12	947180
5415	-1746187200	15.7	947180
5415	-1743595200	20.6	947180
5415	-1740916800	26.9	947180
5415	-1738324800	27.1	947180
5415	-1735646400	26.1	947180
5415	-1732968000	29	947180
5415	-1730548800	25.1	947180
5415	-1727870400	19.2	947180
5415	-1725278400	13.2	947180
5415	-1722600000	10.4	947180
5415	-1720008000	10.2	947180
5415	-1717329600	10.3	947180
5415	-1714651200	15.9	947180
5415	-1712059200	18.5	947180
5415	-1709380800	22.7	947180
5415	-1706788800	24.3	947180
5415	-1704110400	26.2	947180
5415	-1701432000	25.9	947180
5415	-1698926400	23	947180
5415	-1696248000	16	947180
5415	-1693656000	12.6	947180
5415	-1690977600	9.1	947180
5415	-1688385600	7.7	947180
5415	-1685707200	8.7	947180
5415	-1683028800	12.6	947180
5415	-1680436800	14.8	947180
5415	-1677758400	17.1	947180
5415	-1675166400	22	947180
5415	-1672488000	24.3	947180
5415	-1669809600	20.4	947180
5415	-1667390400	21	947180
5415	-1664712000	15.3	947180
5415	-1662120000	11.2	947180
5415	-1659441600	9.3	947180
5415	-1656849600	8.1	947180
5415	-1654171200	10.2	947180
5416	-3087374400	21.9	947190
5416	-3084696000	17.4	947190
5416	-3082104000	12.1	947190
5416	-3079425600	11.2	947190
5416	-3076833600	9	947190
5416	-3074155200	8.4	947190
5416	-3071476800	13.8	947190
5416	-3068884800	16.7	947190
5416	-3066206400	21.8	947190
5416	-3063614400	22.6	947190
5416	-3060936000	22.5	947190
5416	-3058257600	24.3	947190
5416	-3055838400	22.1	947190
5416	-3053160000	17.4	947190
5416	-3050568000	13	947190
5416	-3047889600	12.5	947190
5416	-3045297600	7.6	947190
5416	-3042619200	11.3	947190
5416	-3039940800	13.2	947190
5416	-3037348800	16.4	947190
5416	-3034670400	16.4	947190
5416	-3032078400	22	947190
5416	-3029400000	22	947190
5417	-102600000	13.6	947200
5417	-99921600	17.5	947200
5417	-97329600	21.2	947200
5417	-94651200	23.5	947200
5417	-91972800	23.2	947200
5417	-89553600	19.2	947200
5417	-86875200	16.5	947200
5417	-84283200	11.7	947200
5417	-81604800	12	947200
5417	-79012800	7.9	947200
5417	-76334400	9	947200
5417	-73656000	10.9	947200
5417	-71064000	16.9	947200
5417	-68385600	19.8	947200
5417	-65793600	21.1	947200
5417	-63115200	24.8	947200
5417	-60436800	26.1	947200
5417	-57931200	22.4	947200
5417	-55252800	17.6	947200
5417	-52660800	10.9	947200
5418	-1988107200	23.7	947230
5418	-1985428800	22.5	947230
5418	-1983009600	19.1	947230
5418	-1980331200	14.7	947230
5418	-1977739200	11.1	947230
5418	-1975060800	8.6	947230
5418	-1972468800	6.7	947230
5418	-1969790400	7.5	947230
5418	-1967112000	11.1	947230
5418	-1964520000	16.1	947230
5418	-1961841600	17.9	947230
5418	-1959249600	22.5	947230
5418	-1956571200	24.3	947230
5419	-44712000	5.3	947260
5419	-42033600	6.9	947260
5419	-39441600	10.9	947260
5419	-36763200	13.6	947260
5419	-34171200	15.5	947260
5419	-31492800	19.9	947260
5419	-28814400	18.9	947260
5419	-26395200	16.3	947260
5419	-23716800	11.4	947260
5419	-21124800	7.4	947260
5419	-18446400	5.3	947260
5419	-15854400	5.4	947260
5419	-13176000	7.1	947260
5419	-10497600	5.8	947260
5419	-7905600	11.6	947260
5419	-5227200	13	947260
5419	-2635200	15.1	947260
5419	43200	16.9	947260
5419	2721600	18.5	947260
5419	5140800	14.4	947260
5419	7819200	11.8	947260
5419	10411200	6.5	947260
5419	13089600	5.7	947260
5419	15681600	4.1	947260
5419	18360000	4.7	947260
5419	21038400	6.4	947260
5419	23630400	11.6	947260
5419	26308800	12.4	947260
5419	28900800	16.2	947260
5419	31579200	17.6	947260
5419	34257600	17.3	947260
5419	36676800	16.5	947260
5419	39355200	11.6	947260
5419	41947200	7.3	947260
5419	44625600	4.6	947260
5419	47217600	3.7	947260
5419	49896000	5.5	947260
5419	52574400	8.1	947260
5419	55166400	10	947260
5419	57844800	11.5	947260
5419	60436800	15.8	947260
5419	63115200	16	947260
5419	65793600	15.8	947260
5419	68299200	14	947260
5419	70977600	10.9	947260
5419	73569600	8.5	947260
5419	76248000	5.7	947260
5419	78840000	4.3	947260
5419	81518400	6.6	947260
5419	84196800	9.7	947260
5419	86788800	11.9	947260
5419	89467200	14	947260
5419	92059200	18.5	947260
5419	94737600	20.8	947260
5419	97416000	18.3	947260
5419	99835200	15.6	947260
5419	102513600	12.4	947260
5419	105105600	8.6	947260
5419	107784000	5.9	947260
5419	110376000	6.5	947260
5419	113054400	6	947260
5419	115732800	9.2	947260
5419	118324800	12.2	947260
5419	121003200	13.6	947260
5419	123595200	16.6	947260
5419	126273600	18.5	947260
5419	128952000	17.2	947260
5419	131371200	16	947260
5419	134049600	13.1	947260
5419	136641600	8.8	947260
5419	139320000	5.4	947260
5419	141912000	4.5	947260
5419	144590400	5.1	947260
5419	147268800	6.7	947260
5419	149860800	10.3	947260
5419	152539200	11.7	947260
5419	155131200	15.8	947260
5420	-2863857600	18.8	947280
5420	-2861265600	14.2	947280
5420	-2858587200	10.4	947280
5420	-2855995200	10.2	947280
5420	-2853316800	12.8	947280
5420	-2850638400	17.1	947280
5421	-1924948800	19.8	947300
5421	-1922270400	17.9	947300
5421	-1919851200	17.5	947300
5421	-1917172800	11.8	947300
5421	-1914580800	8.9	947300
5421	-1911902400	7	947300
5421	-1909310400	4.2	947300
5421	-1906632000	6.1	947300
5421	-1903953600	8.9	947300
5421	-1901361600	13.3	947300
5421	-1898683200	15.6	947300
5421	-1896091200	15.9	947300
5421	-1893412800	20.1	947300
5421	-1890734400	20.8	947300
5421	-1888315200	17.8	947300
5421	-1885636800	14	947300
5421	-1883044800	9.2	947300
5421	-1880366400	7.3	947300
5421	-1877774400	5.7	947300
5421	-1875096000	7.4	947300
5421	-1872417600	10.5	947300
5421	-1869825600	11.3	947300
5421	-1867147200	15.7	947300
5421	-1864555200	17.6	947300
5421	-1861876800	19.1	947300
5421	-1859198400	18.2	947300
5421	-1856779200	16	947300
5421	-1854100800	12.1	947300
5421	-1851508800	9.8	947300
5421	-1848830400	4.9	947300
5421	-1846238400	6.1	947300
5421	-1843560000	7	947300
5421	-1840881600	10.2	947300
5421	-1838289600	12.2	947300
5421	-1835611200	17	947300
5421	-1833019200	18.4	947300
5421	-1830340800	20.3	947300
5421	-1827662400	21.8	947300
5421	-1825156800	18.8	947300
5421	-1822478400	12.8	947300
5421	-1819886400	7.7	947300
5421	-1817208000	7	947300
5421	-1814616000	6.3	947300
5421	-1811937600	7.3	947300
5421	-1809259200	9.1	947300
5421	-1806667200	12	947300
5421	-1803988800	16.4	947300
5421	-1801396800	19	947300
5421	-1798718400	22	947300
5422	-1988107200	22.6	947310
5422	-1985428800	24.1	947310
5422	-1983009600	21.6	947310
5423	-252417600	24.9	947340
5423	-249739200	25.6	947340
5423	-247320000	22.9	947340
5423	-244641600	19.1	947340
5423	-242049600	14.1	947340
5423	-239371200	13	947340
5423	-236779200	12.8	947340
5423	-234100800	12.5	947340
5423	-231422400	16	947340
5423	-228830400	19.4	947340
5423	-226152000	24.8	947340
5423	-223560000	24.1	947340
5423	-220881600	25.1	947340
5423	-218203200	27.1	947340
5423	-215784000	25	947340
5423	-213105600	20.4	947340
5423	-210513600	17.1	947340
5423	-207835200	12.8	947340
5423	-205243200	10.3	947340
5424	-444484800	14.4	947350
5424	-441806400	16.6	947350
5424	-439128000	17.3	947350
5424	-436622400	15.7	947350
5424	-433944000	11.4	947350
5424	-431352000	8	947350
5424	-428673600	5	947350
5424	-426081600	4.1	947350
5424	-423403200	4.5	947350
5424	-420724800	7.3	947350
5424	-418132800	9	947350
5424	-415454400	11.5	947350
5424	-412862400	16.1	947350
5424	-410184000	18.2	947350
5424	-407505600	16.1	947350
5424	-405086400	15.1	947350
5424	-402408000	11.7	947350
5424	-399816000	7.1	947350
5424	-397137600	7.7	947350
5424	-394545600	3.7	947350
5424	-391867200	6.1	947350
5424	-389188800	7.8	947350
5424	-386596800	12.1	947350
5424	-383918400	15.2	947350
5424	-381326400	19.4	947350
5424	-378648000	17.7	947350
5424	-375969600	17.7	947350
5424	-373550400	15.5	947350
5424	-370872000	12.4	947350
5424	-368280000	9.7	947350
5424	-365601600	5.6	947350
5424	-363009600	4.2	947350
5424	-360331200	6.6	947350
5424	-357652800	7.1	947350
5424	-355060800	10	947350
5424	-352382400	15.6	947350
5424	-349790400	15.2	947350
5516	-1861876800	24.9	955120
5516	-1859198400	23.4	955120
5516	-1856779200	22.7	955120
5516	-1854100800	17.9	955120
5516	-1851508800	14.7	955120
5516	-1848830400	10.2	955120
5516	-1846238400	10.8	955120
5516	-1843560000	13.9	955120
5516	-1840881600	16.9	955120
5516	-1838289600	19.7	955120
5516	-1835611200	24.7	955120
5516	-1833019200	27	955120
5516	-1830340800	29.5	955120
5516	-1827662400	30.6	955120
5516	-1825156800	26.6	955120
5516	-1822478400	20.5	955120
5516	-1819886400	14.4	955120
5516	-1817208000	11.6	955120
5516	-1814616000	9.5	955120
5516	-1811937600	13.3	955120
5516	-1809259200	16.4	955120
5516	-1806667200	20.1	955120
5516	-1803988800	24.9	955120
5516	-1801396800	28	955120
5516	-1798718400	28.7	955120
5516	-1796040000	27.3	955120
5516	-1793620800	22.3	955120
5516	-1790942400	20.8	955120
5516	-1788350400	13.3	955120
5516	-1785672000	10.1	955120
5516	-1783080000	10.3	955120
5516	-1780401600	11	955120
5516	-1777723200	14.1	955120
5516	-1775131200	21.8	955120
5516	-1772452800	22.9	955120
5516	-1769860800	28.4	955120
5516	-1767182400	30.1	955120
5516	-1764504000	28.8	955120
5516	-1762084800	24.6	955120
5516	-1759406400	21.5	955120
5516	-1756814400	15.9	955120
5516	-1754136000	13	955120
5516	-1751544000	10.3	955120
5516	-1748865600	13.3	955120
5516	-1746187200	16.5	955120
5516	-1743595200	21.6	955120
5516	-1740916800	28.9	955120
5516	-1738324800	29.1	955120
5516	-1735646400	27.7	955120
5516	-1732968000	29.6	955120
5516	-1730548800	26.7	955120
5516	-1727870400	20.9	955120
5516	-1725278400	14.8	955120
5516	-1722600000	12.8	955120
5516	-1720008000	11.5	955120
5516	-1717329600	12.3	955120
5516	-1714651200	17.2	955120
5516	-1712059200	19.9	955120
5516	-1709380800	24.7	955120
5516	-1706788800	26.3	955120
5516	-1704110400	29.9	955120
5516	-1701432000	28.6	955120
5516	-1698926400	25.6	955120
5516	-1696248000	19.7	955120
5516	-1693656000	16.5	955120
5516	-1690977600	12.8	955120
5516	-1688385600	10.2	955120
5516	-1685707200	11	955120
5516	-1683028800	14.6	955120
5516	-1680436800	17.4	955120
5516	-1677758400	20.4	955120
5516	-1675166400	25.1	955120
5531	-1988107200	25.2	957070
5531	-1985428800	24.8	957070
5531	-1983009600	20.2	957070
5531	-1980331200	15.8	957070
5531	-1977739200	12.6	957070
5531	-1975060800	9.5	957070
5531	-1972468800	8.2	957070
5531	-1969790400	10.6	957070
5531	-1967112000	13.8	957070
5531	-1964520000	17	957070
5531	-1961841600	21.1	957070
5531	-1959249600	24.7	957070
5531	-1956571200	28.4	957070
5531	-1953892800	26.6	957070
5531	-1951387200	23.2	957070
5531	-1948708800	19.4	957070
5531	-1946116800	14.6	957070
5531	-1943438400	8.7	957070
5531	-1940846400	9.2	957070
5531	-1938168000	11.8	957070
5531	-1935489600	14.2	957070
5531	-1932897600	19.9	957070
5531	-1930219200	26.7	957070
5531	-1927627200	25.3	957070
5531	-1924948800	24.8	957070
5531	-1922270400	23.4	957070
5531	-1919851200	21.7	957070
5531	-1917172800	15.3	957070
5531	-1914580800	11.7	957070
5531	-1911902400	10.1	957070
5531	-1909310400	7.7	957070
5531	-1906632000	10.7	957070
5531	-1903953600	13.2	957070
5531	-1901361600	18.5	957070
5531	-1898683200	22.3	957070
5531	-1896091200	22.1	957070
5531	-1893412800	25.6	957070
5531	-1890734400	26.3	957070
5531	-1888315200	22.4	957070
5531	-1885636800	19.6	957070
5531	-1883044800	13.9	957070
5531	-1880366400	11.2	957070
5531	-1877774400	9.1	957070
5531	-1875096000	11.5	957070
5531	-1872417600	14.7	957070
5531	-1869825600	16.3	957070
5531	-1867147200	21	957070
5531	-1864555200	22.9	957070
5531	-1861876800	23.5	957070
5531	-1859198400	22.9	957070
5531	-1856779200	20.8	957070
5531	-1854100800	16.7	957070
5531	-1851508800	13.8	957070
5531	-1848830400	9.2	957070
5531	-1846238400	9.9	957070
5531	-1843560000	11.9	957070
5531	-1840881600	14.9	957070
5531	-1838289600	17.8	957070
5531	-1835611200	23.1	957070
5531	-1833019200	23.6	957070
5531	-1830340800	25.7	957070
5531	-1827662400	27.7	957070
5531	-1825156800	23.5	957070
5531	-1822478400	17	957070
5531	-1819886400	13	957070
5531	-1817208000	9.9	957070
5531	-1814616000	8.9	957070
5531	-1811937600	10.4	957070
5531	-1809259200	12.1	957070
5531	-1806667200	15.5	957070
5531	-1803988800	20.7	957070
5531	-1801396800	24.2	957070
5531	-1798718400	25.4	957070
5531	-1796040000	25.2	957070
5531	-1793620800	18.6	957070
5531	-1790942400	18.9	957070
5531	-1788350400	11.2	957070
5531	-1785672000	10.1	957070
5531	-1783080000	9.4	957070
5531	-1780401600	10.1	957070
5531	-1777723200	13.7	957070
5531	-1775131200	18.3	957070
5531	-1772452800	20	957070
5531	-1769860800	24	957070
5531	-1767182400	25.7	957070
5532	-1988107200	22	957230
5532	-1985428800	20.8	957230
5532	-1983009600	19.9	957230
5532	-1980331200	13.5	957230
5532	-1977739200	9.5	957230
5532	-1975060800	7.2	957230
5532	-1972468800	5.1	957230
5532	-1969790400	7.8	957230
5532	-1967112000	10.7	957230
5532	-1964520000	14.4	957230
5532	-1961841600	18.4	957230
5532	-1959249600	22	957230
5532	-1956571200	25.9	957230
5532	-1953892800	21.5	957230
5532	-1951387200	18.5	957230
5532	-1948708800	14.3	957230
5532	-1946116800	9.8	957230
5532	-1943438400	5.1	957230
5532	-1940846400	5.8	957230
5532	-1938168000	7.1	957230
5532	-1935489600	8.9	957230
5532	-1932897600	13.7	957230
5532	-1930219200	20.3	957230
5532	-1927627200	22.5	957230
5532	-1924948800	20.1	957230
5532	-1922270400	18.9	957230
5532	-1919851200	17.8	957230
5532	-1917172800	12	957230
5532	-1914580800	8.8	957230
5532	-1911902400	7.9	957230
5532	-1909310400	4.8	957230
5532	-1906632000	7.2	957230
5532	-1903953600	9.6	957230
5532	-1901361600	13.2	957230
5532	-1898683200	16.5	957230
5532	-1896091200	18	957230
5532	-1893412800	21.1	957230
5532	-1890734400	21.4	957230
5532	-1888315200	17.8	957230
5532	-1885636800	14.4	957230
5532	-1883044800	9.5	957230
5532	-1880366400	7.8	957230
5532	-1877774400	7.4	957230
5532	-1875096000	7.7	957230
5532	-1872417600	11.4	957230
5532	-1869825600	11.7	957230
5532	-1867147200	16.2	957230
5532	-1864555200	18.2	957230
5532	-1861876800	20.2	957230
5532	-1859198400	19.7	957230
5532	-1856779200	17.1	957230
5532	-1854100800	12.1	957230
5532	-1851508800	11.3	957230
5532	-1848830400	6.5	957230
5532	-1846238400	7.2	957230
5532	-1843560000	9	957230
5532	-1840881600	11.3	957230
5532	-1838289600	13	957230
5532	-1835611200	17.7	957230
5532	-1833019200	19.7	957230
5532	-1830340800	21.5	957230
5532	-1827662400	23.2	957230
5532	-1825156800	19.4	957230
5532	-1822478400	13.5	957230
5532	-1819886400	9.1	957230
5532	-1817208000	7.5	957230
5532	-1814616000	7.2	957230
5532	-1811937600	8.3	957230
5532	-1809259200	11.3	957230
5532	-1806667200	12.7	957230
5532	-1803988800	17	957230
5532	-1801396800	20.6	957230
5532	-1798718400	22.4	957230
5532	-1796040000	22.8	957230
5532	-1793620800	15.9	957230
5532	-1790942400	14.5	957230
5532	-1788350400	9.4	957230
5532	-1785672000	7.1	957230
5532	-1783080000	6.4	957230
5532	-1780401600	7	957230
5532	-1777723200	9.5	957230
5532	-1775131200	14.9	957230
5532	-1772452800	16	957230
5532	-1769860800	22.6	957230
5533	-754660800	25.5	957270
5533	-752241600	19.6	957270
5533	-749563200	16	957270
5533	-746971200	12.1	957270
5533	-744292800	7.1	957270
5533	-741700800	8.8	957270
5533	-739022400	9.5	957270
5533	-736344000	13	957270
5533	-733752000	16.1	957270
5533	-731073600	23.4	957270
5533	-728481600	23.7	957270
5533	-725803200	26	957270
5533	-723124800	24	957270
5533	-720705600	21.5	957270
5533	-718027200	16	957270
5533	-715435200	14.2	957270
5533	-712756800	8.6	957270
5533	-710164800	8.2	957270
5533	-707486400	9.1	957270
5533	-704808000	12.3	957270
5533	-702216000	14.8	957270
5533	-699537600	17.5	957270
5533	-696945600	20.9	957270
5533	-694267200	20.5	957270
5533	-691588800	24.3	957270
5533	-689083200	18.9	957270
5533	-686404800	14.9	957270
5533	-683812800	7.7	957270
5533	-681134400	9.4	957270
5533	-678542400	6.6	957270
5533	-675864000	9.7	957270
5533	-673185600	13	957270
5533	-670593600	15.9	957270
5533	-667915200	19.6	957270
5533	-665323200	24.5	957270
5533	-662644800	22.3	957270
5533	-659966400	23.2	957270
5533	-657547200	21.2	957270
5533	-654868800	15.2	957270
5533	-652276800	12.2	957270
5533	-649598400	7.8	957270
5533	-647006400	7.9	957270
5533	-644328000	9.9	957270
5533	-641649600	13.3	957270
5533	-639057600	17.9	957270
5533	-636379200	19.2	957270
5533	-633787200	23.2	957270
5533	-631108800	24.1	957270
5533	-628430400	22.6	957270
5533	-626011200	21.7	957270
5533	-623332800	15.8	957270
5533	-620740800	12.8	957270
5533	-618062400	10.7	957270
5533	-615470400	10.5	957270
5533	-612792000	10.1	957270
5533	-610113600	13.4	957270
5533	-607521600	15.6	957270
5533	-604843200	17.9	957270
5533	-602251200	23.2	957270
5533	-599572800	21.9	957270
5533	-596894400	23.1	957270
5533	-594475200	22.2	957270
5533	-591796800	14.2	957270
5533	-589204800	11.9	957270
5533	-586526400	11	957270
5533	-583934400	7.9	957270
5533	-581256000	7.7	957270
5533	-578577600	13.9	957270
5533	-575985600	14	957270
5533	-573307200	18.4	957270
5533	-570715200	21.5	957270
5533	-568036800	25.9	957270
5533	-565358400	23.9	957270
5533	-562852800	21	957270
5533	-560174400	15.9	957270
5533	-557582400	10.8	957270
5533	-554904000	8.4	957270
5533	-552312000	7.6	957270
5533	-549633600	10	957270
5533	-546955200	11.5	957270
5533	-544363200	16	957270
5533	-541684800	17.2	957270
5533	-539092800	22	957270
5533	-536414400	22.3	957270
5533	-533736000	20.5	957270
5533	-531316800	20.9	957270
5533	-528638400	17.2	957270
5533	-526046400	11.5	957270
5533	-523368000	8	957270
5533	-520776000	8.2	957270
5533	-518097600	8.6	957270
5533	-515419200	13.4	957270
5533	-512827200	15.7	957270
5533	-510148800	19.3	957270
5533	-507556800	24	957270
5533	-504878400	22.4	957270
5533	-502200000	21.4	957270
5533	-499780800	19.8	957270
5533	-497102400	18.4	957270
5533	-494510400	11.7	957270
5533	-491832000	10.1	957270
5533	-489240000	8.9	957270
5533	-486561600	10.7	957270
5533	-483883200	13.2	957270
5533	-481291200	16.8	957270
5533	-478612800	19.8	957270
5533	-476020800	22.7	957270
5533	-473342400	24.1	957270
5533	-470664000	22.7	957270
5533	-468244800	22.8	957270
5533	-465566400	17.9	957270
5533	-462974400	12.2	957270
5533	-460296000	9.7	957270
5533	-457704000	7.4	957270
5533	-455025600	9.9	957270
5533	-452347200	13.3	957270
5533	-449755200	16.5	957270
5533	-447076800	18.1	957270
5533	-444484800	20.1	957270
5533	-441806400	22.5	957270
5533	-439128000	22.7	957270
5533	-436622400	21.6	957270
5533	-433944000	15.7	957270
5533	-431352000	12.1	957270
5533	-428673600	8.9	957270
5533	-426081600	8.2	957270
5533	-423403200	8.5	957270
5533	-420724800	11.6	957270
5533	-418132800	13.8	957270
5533	-415454400	17.2	957270
5533	-412862400	22.1	957270
5534	-3534321600	24.7	957357
5534	-3531643200	20.1	957357
5534	-3529224000	19.1	957357
5534	-3526545600	13.8	957357
5534	-3523953600	10.1	957357
5534	-3521275200	6	957357
5534	-3518683200	4.4	957357
5534	-3516004800	6.8	957357
5534	-3513326400	9.9	957357
5534	-3510734400	13.5	957357
5534	-3508056000	17.2	957357
5534	-3505464000	18.7	957357
5534	-3502785600	19.4	957357
5534	-3500107200	18.8	957357
5534	-3497688000	16.1	957357
5534	-3495009600	11.2	957357
5534	-3492417600	8	957357
5534	-3489739200	5.6	957357
5534	-3487147200	3.4	957357
5534	-3484468800	6.8	957357
5534	-3481790400	7.8	957357
5534	-3479198400	12.9	957357
5534	-3476520000	15.5	957357
5534	-3473928000	18.9	957357
5534	-3471249600	19.8	957357
5534	-3468571200	17.7	957357
5534	-3466065600	17	957357
5534	-3463387200	13.9	957357
5534	-3460795200	8.7	957357
5534	-3458116800	5.9	957357
5534	-3455524800	6.1	957357
5534	-3452846400	6.9	957357
5534	-3450168000	9.3	957357
5534	-3447576000	12.9	957357
5534	-3444897600	14.1	957357
5534	-3442305600	17.9	957357
5534	-3439627200	19.2	957357
5534	-3436948800	17.8	957357
5534	-3434529600	18.3	957357
5534	-3431851200	14.3	957357
5534	-3429259200	8.6	957357
5534	-3426580800	6.7	957357
5534	-3423988800	5.7	957357
5534	-3421310400	7.1	957357
5534	-3418632000	9.5	957357
5534	-3416040000	14.4	957357
5534	-3413361600	16	957357
5534	-3410769600	19	957357
5534	-3408091200	19.1	957357
5534	-3405412800	21.8	957357
5534	-3402993600	18.1	957357
5534	-3400315200	12.2	957357
5534	-3397723200	9.1	957357
5534	-3395044800	6.4	957357
5534	-3392452800	5.2	957357
5534	-3389774400	6	957357
5534	-3387096000	9.9	957357
5534	-3384504000	14.3	957357
5534	-3381825600	20.2	957357
5534	-3379233600	22.2	957357
5534	-3376555200	22.9	957357
5534	-3373876800	20.9	957357
5534	-3371457600	17.7	957357
5534	-3368779200	13.9	957357
5534	-3366187200	7.4	957357
5534	-3363508800	7.7	957357
5534	-3360916800	5.4	957357
5534	-3358238400	6.5	957357
5534	-3355560000	8.4	957357
5534	-3352968000	11.6	957357
5534	-3350289600	14.9	957357
5534	-3347697600	17.1	957357
5567	-1988107200	23.4	959956
5567	-1985428800	23.3	959956
5567	-1983009600	19.1	959956
5567	-1980331200	15.2	959956
5567	-1977739200	11.7	959956
5567	-1975060800	8.8	959956
5567	-1972468800	6.5	959956
5567	-1969790400	9	959956
5567	-1967112000	13	959956
5567	-1964520000	17	959956
5567	-1961841600	19.4	959956
5567	-1959249600	23.6	959956
5567	-1956571200	26.9	959956
5567	-1953892800	23	959956
5567	-1951387200	20.4	959956
5567	-1948708800	15.9	959956
5567	-1946116800	10.9	959956
5567	-1943438400	6.3	959956
5567	-1940846400	6.3	959956
5567	-1938168000	7.9	959956
5567	-1935489600	10.6	959956
5567	-1932897600	15.2	959956
5567	-1930219200	22.6	959956
5567	-1927627200	23.6	959956
5567	-1924948800	23.5	959956
5567	-1922270400	22.1	959956
5567	-1919851200	20.1	959956
5567	-1917172800	13.5	959956
5567	-1914580800	10.5	959956
5567	-1911902400	8.7	959956
5567	-1909310400	5.7	959956
5567	-1906632000	8.1	959956
5567	-1903953600	10.4	959956
5567	-1901361600	16	959956
5567	-1898683200	19.8	959956
5567	-1896091200	20.8	959956
5567	-1893412800	23.1	959956
5567	-1890734400	23.6	959956
5567	-1888315200	19.5	959956
5567	-1885636800	17.1	959956
5567	-1883044800	11.6	959956
5567	-1880366400	8.8	959956
5567	-1877774400	7.2	959956
5567	-1875096000	8.9	959956
5567	-1872417600	12.4	959956
5567	-1869825600	13.8	959956
5567	-1867147200	18	959956
5567	-1864555200	20.8	959956
5567	-1861876800	21.7	959956
5567	-1859198400	21.3	959956
5567	-1856779200	19.1	959956
5567	-1854100800	14	959956
5567	-1851508800	12.6	959956
5567	-1848830400	6.4	959956
5567	-1846238400	7.5	959956
5567	-1843560000	9	959956
5567	-1840881600	12.9	959956
5567	-1838289600	15.6	959956
5567	-1835611200	21.1	959956
5567	-1833019200	21.2	959956
5567	-1830340800	23.7	959956
5567	-1827662400	25.9	959956
5567	-1825156800	21.6	959956
5567	-1822478400	15.2	959956
5567	-1819886400	11.3	959956
5567	-1817208000	8.3	959956
5567	-1814616000	7.3	959956
5567	-1811937600	9.1	959956
5567	-1809259200	11.3	959956
5567	-1806667200	15.3	959956
5567	-1803988800	19.7	959956
5567	-1801396800	23	959956
5567	-1798718400	25.4	959956
5567	-1796040000	25.1	959956
5567	-1793620800	19	959956
5567	-1790942400	17.1	959956
5567	-1788350400	10.3	959956
5567	-1785672000	7.6	959956
5567	-1783080000	7.6	959956
5567	-1780401600	8.4	959956
5567	-1777723200	11.3	959956
5567	-1775131200	17.6	959956
5567	-1772452800	18.9	959956
5567	-1769860800	24.2	959956
5567	-1767182400	25.4	959956
5567	-1764504000	25.7	959956
5567	-1762084800	22.1	959956
5567	-1759406400	16.4	959956
5567	-1756814400	11.4	959956
5567	-1754136000	7.9	959956
5567	-1751544000	5.4	959956
5567	-1748865600	7.2	959956
5567	-1746187200	13.4	959956
5567	-1743595200	18.8	959956
5567	-1740916800	24.1	959956
5567	-1738324800	24.8	959956
5567	-1735646400	24.6	959956
5567	-1732968000	25.1	959956
5567	-1730548800	22.2	959956
5567	-1727870400	16.2	959956
5567	-1725278400	10.9	959956
5567	-1722600000	8.5	959956
5567	-1720008000	8.4	959956
5567	-1717329600	9	959956
5567	-1714651200	12.6	959956
5567	-1712059200	14.4	959956
5567	-1709380800	19.3	959956
5567	-1706788800	23.2	959956
5567	-1704110400	25.7	959956
5567	-1701432000	23.3	959956
5567	-1698926400	19	959956
5567	-1696248000	14.8	959956
5567	-1693656000	11.6	959956
5567	-1690977600	7.7	959956
5567	-1688385600	6.3	959956
5567	-1685707200	7.7	959956
5567	-1683028800	11.3	959956
5567	-1680436800	14	959956
5567	-1677758400	15.5	959956
5567	-1675166400	21.3	959956
5567	-1672488000	24	959956
5567	-1669809600	20.8	959956
5567	-1667390400	20.2	959956
5567	-1664712000	14.2	959956
5567	-1662120000	10.4	959956
5567	-1659441600	8.4	959956
5567	-1656849600	7	959956
5567	-1654171200	8.6	959956
5567	-1651492800	12	959956
5567	-1648900800	14.7	959956
5567	-1646222400	16.8	959956
5567	-1643630400	22.1	959956
5567	-1640952000	22.1	959956
5567	-1638273600	21.7	959956
5567	-1635854400	19.2	959956
5567	-1633176000	16.1	959956
5567	-1630584000	12.2	959956
5567	-1627905600	7.7	959956
5567	-1625313600	5.5	959956
5567	-1622635200	9.3	959956
5567	-1619956800	11.7	959956
5567	-1617364800	14.8	959956
5567	-1614686400	20.5	959956
5567	-1612094400	23.2	959956
5567	-1609416000	25.3	959956
5567	-1606737600	25.5	959956
5567	-1604318400	19.7	959956
5567	-1601640000	17.6	959956
5567	-1599048000	15.2	959956
5567	-1596369600	9.3	959956
5567	-1593777600	7.3	959956
5567	-1591099200	8.8	959956
5567	-1588420800	13.5	959956
5567	-1585828800	17.6	959956
5567	-1583150400	23.3	959956
5567	-1580558400	24	959956
5567	-1577880000	22.7	959956
5567	-1575201600	24.2	959956
5567	-1572696000	18.9	959956
5567	-1570017600	15.7	959956
5567	-1567425600	10.8	959956
5567	-1564747200	9.1	959956
5567	-1562155200	8.9	959956
5567	-1559476800	8.6	959956
5567	-1556798400	10.9	959956
5567	-1554206400	15.3	959956
5567	-1551528000	20.1	959956
5567	-1548936000	21.9	959956
5567	-1546257600	23.3	959956
5567	-1543579200	23.7	959956
5568	-1988107200	18.4	959957
5568	-1985428800	18.5	959957
5568	-1983009600	15.1	959957
5568	-1980331200	12.5	959957
5576	-139406400	12	959965
5576	-136728000	17.2	959965
5576	-134136000	19.9	959965
5576	-131457600	20.8	959965
5576	-128865600	23.8	959965
5576	-126187200	25.7	959965
5576	-123508800	24	959965
5576	-121089600	21.9	959965
5576	-118411200	18	959965
5576	-115819200	12.6	959965
5576	-113140800	10.1	959965
5576	-110548800	8.6	959965
5576	-107870400	10.4	959965
5576	-105192000	13	959965
5576	-102600000	16.3	959965
5576	-99921600	19.8	959965
5576	-97329600	23.4	959965
5576	-94651200	25.3	959965
5576	-91972800	25.9	959965
5576	-89553600	20.8	959965
5576	-86875200	19.5	959965
5576	-84283200	14.5	959965
5576	-81604800	13.3	959965
5576	-79012800	10.1	959965
5576	-76334400	10.2	959965
5576	-73656000	14.1	959965
5576	-71064000	20.4	959965
5576	-68385600	22.2	959965
5576	-65793600	23.2	959965
5576	-63115200	25.6	959965
5576	-60436800	27.3	959965
5576	-57931200	23.9	959965
5576	-55252800	19.8	959965
5576	-52660800	11.9	959965
5576	-49982400	10	959965
5576	-47390400	8.7	959965
5576	-44712000	10.6	959965
5576	-42033600	12.8	959965
5576	-39441600	17.4	959965
9669	-1527940800	10.2	947000
9669	-1525262400	14.4	947000
9669	-1522670400	15.8	947000
9669	-1519992000	21.8	947000
9669	-1517400000	23	947000
9669	-1514721600	23.4	947000
9670	-3105777600	13.3	947030
9670	-3103099200	16.9	947030
9670	-3100507200	20	947030
9671	170856000	9.7	947060
9671	173448000	11	947060
9671	176126400	9.6	947060
9671	178804800	13.9	947060
9671	181396800	14.5	947060
9671	184075200	20.1	947060
9672	-1846238400	8.6	947070
9672	-1843560000	10.9	947070
9672	-1840881600	15.7	947070
9672	-1838289600	18.2	947070
9672	-1835611200	23.6	947070
9672	-1833019200	24.2	947070
9672	-1830340800	26	947070
9672	-1827662400	27.9	947070
9672	-1825156800	23.2	947070
9672	-1822478400	16.8	947070
9672	-1819886400	11.5	947070
9672	-1817208000	10.1	947070
9672	-1814616000	8.8	947070
9672	-1811937600	11.8	947070
9672	-1809259200	14.1	947070
9672	-1806667200	19.1	947070
9672	-1803988800	22.9	947070
9672	-1801396800	25.9	947070
9672	-1798718400	26.9	947070
9672	-1796040000	25.3	947070
9672	-1793620800	20	947070
9672	-1790942400	18	947070
9672	-1788350400	11	947070
9672	-1785672000	9.1	947070
9672	-1783080000	8.9	947070
9672	-1780401600	10.5	947070
9672	-1777723200	14.8	947070
9672	-1775131200	20.5	947070
9672	-1772452800	21.4	947070
9672	-1769860800	27.4	947070
9672	-1767182400	28.1	947070
9672	-1764504000	27.6	947070
9672	-1762084800	23.4	947070
9672	-1759406400	18.4	947070
9672	-1756814400	14.2	947070
9672	-1754136000	10.6	947070
9672	-1751544000	8.5	947070
9672	-1748865600	11.7	947070
9672	-1746187200	15.2	947070
9672	-1743595200	21.5	947070
9672	-1740916800	27.3	947070
9672	-1738324800	27	947070
9672	-1735646400	26.6	947070
9672	-1732968000	28.2	947070
9672	-1730548800	23.9	947070
9672	-1727870400	18.3	947070
9672	-1725278400	12.3	947070
9672	-1722600000	10.8	947070
9672	-1720008000	10.7	947070
9672	-1717329600	11.6	947070
9672	-1714651200	14.7	947070
9672	-1712059200	17.2	947070
9672	-1709380800	22.5	947070
9672	-1706788800	26.4	947070
9672	-1704110400	29	947070
9672	-1701432000	26	947070
9672	-1698926400	22.5	947070
9672	-1696248000	15.7	947070
9672	-1693656000	13.1	947070
9672	-1690977600	10.2	947070
9672	-1688385600	8.5	947070
9672	-1685707200	10	947070
9672	-1683028800	14.7	947070
9672	-1680436800	15.9	947070
9672	-1677758400	18.1	947070
9672	-1675166400	23.1	947070
9672	-1672488000	25.9	947070
9672	-1669809600	22.8	947070
9673	-347112000	26	947080
9673	-344433600	25.2	947080
9673	-342014400	22.5	947080
9673	-339336000	18.9	947080
9673	-336744000	14.1	947080
9673	-334065600	12	947080
9673	-331473600	10.3	947080
9673	-328795200	12.7	947080
9673	-326116800	15.4	947080
9673	-323524800	18.1	947080
9673	-320846400	25.7	947080
9673	-318254400	24.4	947080
9673	-315576000	28.4	947080
9673	-312897600	26.7	947080
9673	-310392000	23.7	947080
9673	-307713600	19.6	947080
9673	-305121600	12.8	947080
9673	-302443200	10.5	947080
9673	-299851200	10.9	947080
9673	-297172800	10.2	947080
9673	-294494400	14.9	947080
9673	-291902400	18.8	947080
9673	-289224000	20.3	947080
9673	-286632000	25	947080
9673	-283953600	26.4	947080
9673	-281275200	26.2	947080
9673	-278856000	23.5	947080
9673	-276177600	19.3	947080
9673	-273585600	13.6	947080
9673	-270907200	11.7	947080
9673	-268315200	9.9	947080
9673	-265636800	11.4	947080
9673	-262958400	15.9	947080
9673	-260366400	21.7	947080
9673	-257688000	23.5	947080
9673	-255096000	24.4	947080
9673	-252417600	24.8	947080
9673	-249739200	25.6	947080
9673	-247320000	23	947080
9673	-244641600	18.7	947080
9673	-242049600	13.2	947080
9673	-239371200	12.3	947080
9673	-236779200	11.6	947080
9673	-234100800	11.6	947080
9673	-231422400	14.9	947080
9673	-228830400	17.8	947080
9673	-226152000	23.4	947080
9673	-223560000	23.5	947080
9674	-526046400	12.4	947090
9674	-523368000	8.6	947090
9674	-520776000	8.7	947090
9674	-518097600	9.3	947090
9674	-515419200	12.9	947090
9674	-512827200	15.2	947090
9674	-510148800	18.7	947090
9674	-507556800	23.2	947090
9674	-504878400	24.8	947090
9674	-502200000	21.3	947090
9674	-499780800	19.3	947090
9674	-497102400	17.9	947090
9674	-494510400	11.5	947090
9674	-491832000	9.5	947090
9674	-489240000	9.2	947090
9674	-486561600	10.2	947090
9674	-483883200	13.1	947090
9674	-481291200	16.8	947090
9674	-478612800	19.7	947090
9674	-476020800	22.7	947090
9674	-473342400	24.8	947090
9674	-470664000	23.8	947090
9674	-468244800	22.8	947090
9674	-465566400	17.2	947090
9674	-462974400	11.5	947090
9674	-460296000	9.6	947090
9674	-457704000	8.1	947090
9674	-455025600	9.8	947090
9674	-452347200	13.9	947090
9674	-449755200	15.9	947090
9674	-447076800	18.1	947090
9674	-444484800	20.9	947090
9674	-441806400	23	947090
9674	-439128000	24	947090
9674	-436622400	22.2	947090
9674	-433944000	15.7	947090
9674	-431352000	12	947090
9674	-428673600	8.2	947090
9674	-426081600	8.7	947090
9674	-423403200	8.5	947090
9674	-420724800	11.9	947090
9674	-418132800	13.4	947090
9674	-415454400	16.9	947090
9674	-412862400	21.3	947090
9675	-1604318400	22.5	947110
9675	-1601640000	20.5	947110
9675	-1599048000	14.8	947110
9675	-1596369600	11.7	947110
9675	-1593777600	10	947110
9675	-1591099200	11.8	947110
9675	-1588420800	16.5	947110
9675	-1585828800	20	947110
9675	-1583150400	25.3	947110
9675	-1580558400	27.7	947110
9675	-1577880000	26	947110
9675	-1575201600	27	947110
9675	-1572696000	21.7	947110
9675	-1570017600	18.6	947110
9675	-1567425600	12.8	947110
9675	-1564747200	10.6	947110
9675	-1562155200	10.3	947110
9675	-1559476800	10.8	947110
9675	-1556798400	14.2	947110
9675	-1554206400	18.7	947110
9675	-1551528000	23.6	947110
9675	-1548936000	24.1	947110
9675	-1546257600	26.5	947110
9675	-1543579200	26.5	947110
9675	-1541160000	21.8	947110
9675	-1538481600	18.5	947110
9675	-1535889600	15.1	947110
9675	-1533211200	11.2	947110
9675	-1530619200	11.3	947110
9675	-1527940800	9.9	947110
9675	-1525262400	15.9	947110
9675	-1522670400	17.7	947110
9676	-1896091200	22.4	947120
9676	-1893412800	24.7	947120
9676	-1890734400	26.1	947120
9676	-1888315200	21.9	947120
9676	-1885636800	18	947120
9676	-1883044800	13.4	947120
9676	-1880366400	10.6	947120
9676	-1877774400	8.2	947120
9676	-1875096000	8.6	947120
9676	-1872417600	11.2	947120
9676	-1869825600	12.9	947120
9676	-1867147200	17.3	947120
9676	-1864555200	19.7	947120
9676	-1861876800	23	947120
9676	-1859198400	23	947120
9676	-1856779200	20.2	947120
9676	-1854100800	14.6	947120
9676	-1851508800	14.1	947120
9676	-1848830400	8.5	947120
9676	-1846238400	9	947120
9676	-1843560000	9.6	947120
9676	-1840881600	12	947120
9676	-1838289600	14.5	947120
9676	-1835611200	19.7	947120
9676	-1833019200	20.5	947120
9676	-1830340800	22.7	947120
9676	-1827662400	25.9	947120
9676	-1825156800	22.3	947120
9676	-1822478400	16	947120
9676	-1819886400	11.9	947120
9676	-1817208000	9.8	947120
9676	-1814616000	9	947120
9676	-1811937600	9.5	947120
9676	-1809259200	10.9	947120
9676	-1806667200	13.7	947120
9676	-1803988800	17.9	947120
9676	-1801396800	22.3	947120
9676	-1798718400	23.9	947120
9676	-1796040000	25.3	947120
9676	-1793620800	19.5	947120
9676	-1790942400	16.5	947120
9676	-1788350400	12.2	947120
9676	-1785672000	9.4	947120
9676	-1783080000	8.2	947120
9676	-1780401600	8.1	947120
9676	-1777723200	10.2	947120
9676	-1775131200	15.9	947120
9676	-1772452800	16.8	947120
9676	-1769860800	23.9	947120
9676	-1767182400	25.2	947120
9676	-1764504000	26.2	947120
9676	-1762084800	22.5	947120
9676	-1759406400	16.2	947120
9676	-1756814400	12.7	947120
9676	-1754136000	9.2	947120
9676	-1751544000	7.5	947120
9676	-1748865600	9.7	947120
9676	-1746187200	11.9	947120
9676	-1743595200	17.6	947120
9676	-1740916800	22.8	947120
9676	-1738324800	24	947120
9676	-1735646400	23.9	947120
9676	-1732968000	26	947120
9676	-1730548800	22.4	947120
9676	-1727870400	17	947120
9676	-1725278400	11.5	947120
9676	-1722600000	8.4	947120
9676	-1720008000	8.3	947120
9676	-1717329600	8.7	947120
9676	-1714651200	10.6	947120
9676	-1712059200	12.1	947120
9676	-1709380800	15.7	947120
9676	-1706788800	21.3	947120
9676	-1704110400	24.1	947120
9676	-1701432000	24.7	947120
9676	-1698926400	18.4	947120
9676	-1696248000	14.5	947120
9676	-1693656000	11.1	947120
9676	-1690977600	8.6	947120
9676	-1688385600	8.2	947120
9676	-1685707200	8.6	947120
9676	-1683028800	12.3	947120
9676	-1680436800	13.8	947120
9676	-1677758400	14.4	947120
9676	-1675166400	20	947120
9676	-1672488000	24	947120
9676	-1669809600	20.8	947120
9676	-1667390400	20.1	947120
9676	-1664712000	14.8	947120
9676	-1662120000	10.5	947120
9676	-1659441600	9.7	947120
9676	-1656849600	7.7	947120
9676	-1654171200	9	947120
9676	-1651492800	11.5	947120
9676	-1648900800	14.7	947120
9676	-1646222400	16.5	947120
9676	-1643630400	21.5	947120
9676	-1640952000	22.6	947120
9676	-1638273600	21.7	947120
9676	-1635854400	19.9	947120
9676	-1633176000	16.8	947120
9676	-1630584000	12.3	947120
9676	-1627905600	7.9	947120
9676	-1625313600	7.1	947120
9676	-1622635200	9.5	947120
9676	-1619956800	11.1	947120
9676	-1617364800	13.3	947120
9676	-1614686400	19.4	947120
9676	-1612094400	22.1	947120
9676	-1609416000	24.6	947120
9676	-1606737600	25.1	947120
9676	-1604318400	19.7	947120
9676	-1601640000	17.7	947120
9676	-1599048000	14.3	947120
9676	-1596369600	9.1	947120
9676	-1593777600	6.9	947120
9676	-1591099200	8.2	947120
9676	-1588420800	12.4	947120
9676	-1585828800	16.4	947120
9676	-1583150400	22.1	947120
9676	-1580558400	24	947120
9676	-1577880000	22.7	947120
9676	-1575201600	24.7	947120
9676	-1572696000	19.2	947120
9676	-1570017600	15.5	947120
9676	-1567425600	10.2	947120
9676	-1564747200	9.7	947120
9676	-1562155200	8.9	947120
9676	-1559476800	8.5	947120
9676	-1556798400	11.7	947120
9676	-1554206400	15.4	947120
9676	-1551528000	18.7	947120
9676	-1548936000	20.9	947120
9676	-1546257600	23.4	947120
9676	-1543579200	23.9	947120
9676	-1541160000	20.3	947120
9676	-1538481600	17.1	947120
9676	-1535889600	14.4	947120
9676	-1533211200	10.1	947120
9676	-1530619200	9.3	947120
9676	-1527940800	7.4	947120
9676	-1525262400	9.8	947120
9676	-1522670400	13.1	947120
9676	-1519992000	20.2	947120
9676	-1517400000	21.6	947120
9676	-1514721600	22.3	947120
9676	-1512043200	24.5	947120
9676	-1509624000	20.4	947120
9676	-1506945600	18	947120
9676	-1504353600	12.7	947120
9676	-1501675200	9.6	947120
9676	-1499083200	8.3	947120
9676	-1496404800	7.8	947120
9676	-1493726400	11.5	947120
9676	-1491134400	15.6	947120
9676	-1488456000	20.4	947120
9676	-1485864000	21.7	947120
9676	-1483185600	22.1	947120
9676	-1480507200	23.3	947120
9676	-1478088000	20.3	947120
9676	-1475409600	17.2	947120
9676	-1472817600	12.7	947120
9676	-1470139200	10.3	947120
9676	-1467547200	8.3	947120
9676	-1464868800	9.3	947120
9676	-1462190400	10.6	947120
9676	-1459598400	14.3	947120
9676	-1456920000	15.4	947120
9676	-1454328000	22.3	947120
9676	-1451649600	21.5	947120
9676	-1448971200	21.6	947120
9676	-1446465600	21.7	947120
9676	-1443787200	14.1	947120
9676	-1441195200	11.6	947120
9676	-1438516800	8.6	947120
9676	-1435924800	8.3	947120
9676	-1433246400	9.7	947120
9676	-1430568000	11.3	947120
9676	-1427976000	13.8	947120
9676	-1425297600	16.7	947120
9676	-1422705600	19.3	947120
9676	-1420027200	22.1	947120
9676	-1417348800	21.7	947120
9676	-1414929600	17.8	947120
9676	-1412251200	16.9	947120
9676	-1409659200	13.4	947120
9676	-1406980800	10.2	947120
9676	-1404388800	7.3	947120
9676	-1401710400	8.9	947120
9676	-1399032000	9	947120
9676	-1396440000	14.2	947120
9676	-1393761600	19.2	947120
9676	-1391169600	22.8	947120
9676	-1388491200	22.5	947120
9676	-1385812800	25.5	947120
9676	-1383393600	21.7	947120
9676	-1380715200	16.6	947120
9676	-1378123200	10.9	947120
9676	-1375444800	9.8	947120
9676	-1372852800	9.2	947120
9676	-1370174400	9.2	947120
9676	-1367496000	12.4	947120
9676	-1364904000	14.3	947120
9676	-1362225600	17.4	947120
9676	-1359633600	20.3	947120
9676	-1356955200	24.3	947120
9676	-1354276800	21.9	947120
9676	-1351857600	20.1	947120
9676	-1349179200	15.2	947120
9676	-1346587200	10	947120
9676	-1343908800	6.9	947120
9676	-1341316800	6.7	947120
9676	-1338638400	7.8	947120
9676	-1335960000	11.7	947120
9676	-1333368000	16.5	947120
9676	-1330689600	20.4	947120
9676	-1328097600	21.8	947120
9676	-1325419200	22.3	947120
9676	-1322740800	23.6	947120
9676	-1320235200	18.9	947120
9676	-1317556800	15.9	947120
9676	-1314964800	10	947120
9676	-1312286400	8.2	947120
9676	-1309694400	7.8	947120
9676	-1307016000	9.4	947120
9676	-1304337600	12.5	947120
9676	-1301745600	13.1	947120
9676	-1299067200	17.3	947120
9676	-1296475200	22.4	947120
9676	-1293796800	24.2	947120
9676	-1291118400	23.5	947120
9676	-1288699200	20	947120
9676	-1286020800	14.5	947120
9676	-1283428800	11.2	947120
9676	-1280750400	7.2	947120
9676	-1278158400	5.6	947120
9676	-1275480000	8.4	947120
9676	-1272801600	11	947120
9676	-1270209600	15.1	947120
9676	-1267531200	17.6	947120
9676	-1264939200	19.5	947120
9676	-1262260800	23.5	947120
9676	-1259582400	26.3	947120
9676	-1257163200	21.6	947120
9676	-1254484800	14.9	947120
9676	-1251892800	11.9	947120
9676	-1249214400	9.9	947120
9676	-1246622400	8.9	947120
9676	-1243944000	9.3	947120
9676	-1241265600	10	947120
9676	-1238673600	15.7	947120
9676	-1235995200	17.2	947120
9676	-1233403200	21.6	947120
9676	-1230724800	20.9	947120
9676	-1228046400	24.3	947120
9676	-1225627200	20.3	947120
9676	-1222948800	14.9	947120
9676	-1220356800	12.2	947120
9676	-1217678400	10.3	947120
9676	-1215086400	7.8	947120
9676	-1212408000	8.9	947120
9676	-1209729600	11.2	947120
9676	-1207137600	13.8	947120
9676	-1204459200	17.1	947120
9676	-1201867200	21.5	947120
9676	-1199188800	26.7	947120
9676	-1196510400	22.1	947120
9676	-1194004800	20.6	947120
9676	-1191326400	15.1	947120
9676	-1188734400	11.6	947120
9676	-1186056000	7.2	947120
9676	-1183464000	7.1	947120
9676	-1180785600	9.9	947120
9676	-1178107200	12.4	947120
9676	-1175515200	13.1	947120
9676	-1172836800	19.4	947120
9676	-1170244800	21	947120
9676	-1167566400	22.5	947120
9676	-1164888000	21.5	947120
9676	-1162468800	20.9	947120
9676	-1159790400	15.3	947120
9676	-1157198400	11.7	947120
9676	-1154520000	9.1	947120
9676	-1151928000	9.3	947120
9676	-1149249600	7.7	947120
9676	-1146571200	11.7	947120
9676	-1143979200	16	947120
9676	-1141300800	18.8	947120
9676	-1138708800	20.6	947120
9676	-1136030400	24.1	947120
9676	-1133352000	22.6	947120
9676	-1130932800	21.8	947120
9676	-1128254400	15.4	947120
9676	-1125662400	12.4	947120
9676	-1122984000	8.1	947120
9676	-1120392000	8.9	947120
9676	-1117713600	9.7	947120
9676	-1115035200	12.7	947120
9676	-1112443200	14.3	947120
9676	-1109764800	18.6	947120
9676	-1107172800	20.5	947120
9676	-1104494400	22.6	947120
9676	-1101816000	21.7	947120
9676	-1099396800	19.3	947120
9676	-1096718400	14.7	947120
9676	-1094126400	9.9	947120
9676	-1091448000	7.1	947120
9676	-1088856000	7.3	947120
9676	-1086177600	9.9	947120
9676	-1083499200	11.4	947120
9676	-1080907200	14.7	947120
9676	-1078228800	21.7	947120
9676	-1075636800	21.6	947120
9676	-1072958400	21.8	947120
9676	-1070280000	20.7	947120
9676	-1067774400	18.4	947120
9676	-1065096000	13.2	947120
9676	-1062504000	11.4	947120
9676	-1059825600	7.3	947120
9676	-1057233600	8.5	947120
9676	-1054555200	9.9	947120
9676	-1051876800	11.5	947120
9676	-1049284800	15.9	947120
9676	-1046606400	18.8	947120
9676	-1044014400	21.6	947120
9676	-1041336000	21.6	947120
9676	-1038657600	23.1	947120
9676	-1036238400	19.8	947120
9676	-1033560000	14.3	947120
9676	-1030968000	9.9	947120
9676	-1028289600	8.3	947120
9676	-1025697600	6.6	947120
9676	-1023019200	10.5	947120
9676	-1020340800	12.4	947120
9676	-1017748800	16.6	947120
9676	-1015070400	19.7	947120
9676	-1012478400	23.4	947120
9676	-1009800000	23.6	947120
9676	-1007121600	22.1	947120
9676	-1004702400	22.5	947120
9676	-1002024000	17.5	947120
9676	-999432000	13.9	947120
9676	-996753600	8.1	947120
9676	-994161600	7.6	947120
9676	-991483200	9.1	947120
9676	-988804800	12.2	947120
9676	-986212800	17.1	947120
9676	-983534400	21.4	947120
9676	-980942400	22.3	947120
9676	-978264000	27.9	947120
9676	-975585600	26.4	947120
9676	-973166400	19.9	947120
9676	-970488000	15.7	947120
9676	-967896000	13.4	947120
9676	-965217600	9.1	947120
9676	-962625600	6.4	947120
9676	-959947200	8.6	947120
9676	-957268800	11.1	947120
9676	-954676800	13.9	947120
9676	-951998400	17.5	947120
9676	-949406400	20	947120
9676	-946728000	24.1	947120
9676	-944049600	23	947120
9676	-941544000	23.2	947120
9676	-938865600	16.5	947120
9676	-936273600	10	947120
9676	-933595200	8	947120
9676	-931003200	7.4	947120
9676	-928324800	8.4	947120
9676	-925646400	12.6	947120
9676	-923054400	15.1	947120
9677	-2913710400	11.1	947130
9677	-2911118400	14	947130
9677	-2908440000	18.7	947130
9677	-2905848000	20.7	947130
9677	-2903169600	26	947130
9677	-2900491200	20.8	947130
9677	-2898072000	21.4	947130
9677	-2895393600	17	947130
9677	-2892801600	13.1	947130
9677	-2890123200	9.1	947130
9677	-2887531200	5.2	947130
9677	-2884852800	6.3	947130
9677	-2882174400	12.6	947130
9677	-2879582400	18	947130
9677	-2876904000	22	947130
9677	-2874312000	24.1	947130
9677	-2871633600	25.9	947130
9677	-2868955200	21.5	947130
9677	-2866536000	19.7	947130
9677	-2863857600	13.7	947130
9677	-2861265600	9	947130
9677	-2858587200	7	947130
9677	-2855995200	4.7	947130
9677	-2853316800	6.6	947130
9677	-2850638400	10.7	947130
9677	-2848046400	15.1	947130
9677	-2845368000	18.9	947130
9677	-2842776000	22.2	947130
9677	-2840097600	24.6	947130
9677	-2837419200	22	947130
9677	-2834913600	20.9	947130
9678	-2103969600	12.4	947140
9678	-2101291200	8.4	947140
9678	-2098699200	8.2	947140
9678	-2096020800	9.1	947140
9678	-2093342400	13.2	947140
9678	-2090750400	14.4	947140
9678	-2088072000	20.6	947140
9678	-2085480000	22.3	947140
9678	-2082801600	23.5	947140
9678	-2080123200	22.8	947140
9678	-2077617600	20	947140
9678	-2074939200	18	947140
9678	-2072347200	13	947140
9678	-2069668800	7.3	947140
9678	-2067076800	7.7	947140
9678	-2064398400	8.4	947140
9678	-2061720000	10.4	947140
9678	-2059128000	17	947140
9678	-2056449600	19.7	947140
9678	-2053857600	25.4	947140
9678	-2051179200	27.1	947140
9678	-2048500800	23.1	947140
9678	-2046081600	21.8	947140
9678	-2043403200	17.8	947140
9678	-2040811200	12.4	947140
9678	-2038132800	9.1	947140
9678	-2035540800	8	947140
9678	-2032862400	8.2	947140
9678	-2030184000	9.7	947140
9678	-2027592000	12.6	947140
9678	-2024913600	18.5	947140
9678	-2022321600	23	947140
9678	-2019643200	26.3	947140
9678	-2016964800	27	947140
9678	-2014545600	19.8	947140
9678	-2011867200	16.7	947140
9678	-2009275200	12.5	947140
9678	-2006596800	10.2	947140
9678	-2004004800	7.6	947140
9678	-2001326400	9.1	947140
9678	-1998648000	13.1	947140
9678	-1996056000	15.9	947140
9678	-1993377600	17.3	947140
9678	-1990785600	21.9	947140
9678	-1988107200	24.1	947140
9678	-1985428800	23.4	947140
9678	-1983009600	20.2	947140
9678	-1980331200	15.7	947140
9678	-1977739200	11.5	947140
9678	-1975060800	9.1	947140
9678	-1972468800	7.3	947140
9678	-1969790400	9.6	947140
9678	-1967112000	12.6	947140
9678	-1964520000	16.4	947140
9678	-1961841600	20.7	947140
9678	-1959249600	24.3	947140
9678	-1956571200	27.2	947140
9678	-1953892800	23.9	947140
9678	-1951387200	20.3	947140
9678	-1948708800	15.8	947140
9678	-1946116800	10.6	947140
9678	-1943438400	6.4	947140
9678	-1940846400	6.7	947140
9678	-1938168000	7.5	947140
9678	-1935489600	11.1	947140
9678	-1932897600	14.3	947140
9678	-1930219200	21.1	947140
9678	-1927627200	24	947140
9678	-1924948800	24	947140
9678	-1922270400	22.7	947140
9678	-1919851200	20.5	947140
9678	-1917172800	12.7	947140
9678	-1914580800	9.7	947140
9678	-1911902400	8.6	947140
9678	-1909310400	6.7	947140
9678	-1906632000	9.4	947140
9679	-2745403200	27.6	947150
9679	-2742724800	25.9	947150
9679	-2740305600	22.2	947150
9679	-2737627200	18	947150
9679	-2735035200	15.4	947150
9679	-2732356800	13.2	947150
9679	-2729764800	11.7	947150
9679	-2727086400	15.2	947150
9679	-2724408000	17.9	947150
9679	-2721816000	21.3	947150
9679	-2719137600	22.1	947150
9679	-2716545600	28.7	947150
9679	-2713867200	30	947150
9679	-2711188800	29.3	947150
9679	-2708683200	24.1	947150
9679	-2706004800	21.9	947150
9679	-2703412800	16.1	947150
9679	-2700734400	11.1	947150
9679	-2698142400	12.4	947150
9679	-2695464000	16	947150
9679	-2692785600	18	947150
9679	-2690193600	22.6	947150
9679	-2687515200	23.8	947150
9679	-2684923200	25.3	947150
9679	-2682244800	28.3	947150
9679	-2679566400	27.2	947150
9679	-2677147200	23.5	947150
9679	-2674468800	19.2	947150
9679	-2671876800	14.4	947150
9679	-2669198400	10.9	947150
9679	-2666606400	9.1	947150
9679	-2663928000	12	947150
9679	-2661249600	17.7	947150
9679	-2658657600	22.3	947150
9679	-2655979200	24.3	947150
9679	-2653387200	27.6	947150
9679	-2650708800	28.3	947150
9679	-2648030400	27.3	947150
9679	-2645611200	23.1	947150
9679	-2642932800	19.6	947150
9679	-2640340800	13.8	947150
9679	-2637662400	11.7	947150
9679	-2635070400	11.3	947150
9679	-2632392000	13.1	947150
9679	-2629713600	15.5	947150
9679	-2627121600	18.1	947150
9679	-2624443200	23.2	947150
9679	-2621851200	25.5	947150
9679	-2619172800	28.8	947150
9679	-2616494400	24.1	947150
9679	-2614075200	25.1	947150
9679	-2611396800	20.8	947150
9679	-2608804800	13.4	947150
9679	-2606126400	9.6	947150
9679	-2603534400	10.3	947150
9679	-2600856000	12.4	947150
9679	-2598177600	14.4	947150
9679	-2595585600	18.3	947150
9679	-2592907200	22	947150
9679	-2590315200	25.1	947150
9679	-2587636800	28.2	947150
9679	-2584958400	25.3	947150
9679	-2582452800	20.7	947150
9679	-2579774400	18.9	947150
9679	-2577182400	12.7	947150
9679	-2574504000	11	947150
9679	-2571912000	9.9	947150
9679	-2569233600	12.2	947150
9679	-2566555200	17.4	947150
9679	-2563963200	20.8	947150
9679	-2561284800	27.4	947150
9679	-2558692800	28.9	947150
9679	-2556014400	29.3	947150
9679	-2553336000	28.1	947150
9679	-2550916800	25.3	947150
9679	-2548238400	19.5	947150
9679	-2545646400	15	947150
9679	-2542968000	11.1	947150
9679	-2540376000	10.4	947150
9679	-2537697600	12.4	947150
9679	-2535019200	15	947150
9679	-2532427200	20	947150
9679	-2529748800	22.6	947150
9679	-2527156800	27.2	947150
9679	-2524478400	26.3	947150
9679	-2521800000	24.6	947150
9679	-2519380800	22.4	947150
9679	-2516702400	18.9	947150
9679	-2514110400	14.6	947150
9679	-2511432000	11.8	947150
9679	-2508840000	8.6	947150
9679	-2506161600	11.3	947150
9679	-2503483200	15.1	947150
9679	-2500891200	18.2	947150
9679	-2498212800	21.3	947150
9679	-2495620800	23.6	947150
9679	-2492942400	23.1	947150
9679	-2490264000	25	947150
9679	-2487844800	22.3	947150
9679	-2485166400	17.4	947150
9679	-2482574400	13.4	947150
9679	-2479896000	10.9	947150
9679	-2477304000	9.6	947150
9679	-2474625600	10.8	947150
9679	-2471947200	13.5	947150
9679	-2469355200	17.4	947150
9679	-2466676800	22.7	947150
9679	-2464084800	26	947150
9679	-2461406400	27.8	947150
9679	-2458728000	28.8	947150
9679	-2456222400	25.9	947150
9679	-2453544000	17.9	947150
9679	-2450952000	15.3	947150
9679	-2448273600	10.4	947150
9679	-2445681600	9.9	947150
9679	-2443003200	12.4	947150
9679	-2440324800	18.3	947150
9679	-2437732800	20.3	947150
9679	-2435054400	22.8	947150
9679	-2432462400	25.9	947150
9679	-2429784000	26.2	947150
9679	-2427105600	26.8	947150
9679	-2424686400	22.9	947150
9679	-2422008000	17.2	947150
9679	-2419416000	13.6	947150
9679	-2416737600	10.2	947150
9679	-2414145600	9.9	947150
9679	-2411467200	11.4	947150
9679	-2408788800	13.8	947150
9679	-2406196800	19.1	947150
9679	-2403518400	22.8	947150
9679	-2400926400	27	947150
9679	-2398248000	28	947150
9679	-2395569600	28.2	947150
9679	-2393150400	24.4	947150
9679	-2390472000	19.8	947150
9679	-2387880000	15.5	947150
9679	-2385201600	10.4	947150
9679	-2382609600	9.3	947150
9679	-2379931200	11.7	947150
9679	-2377252800	14.2	947150
9679	-2374660800	19.6	947150
9679	-2371982400	25.3	947150
9679	-2369390400	25.2	947150
9679	-2366712000	27	947150
9679	-2364033600	24.4	947150
9679	-2361614400	23.1	947150
9679	-2358936000	18.6	947150
9679	-2356344000	13.5	947150
9679	-2353665600	11	947150
9679	-2351073600	7.9	947150
9679	-2348395200	12.6	947150
9679	-2345716800	15.6	947150
9679	-2343124800	21.5	947150
9679	-2340446400	23.9	947150
9679	-2337854400	27.4	947150
9679	-2335176000	32.6	947150
9679	-2332497600	26.7	947150
9679	-2329992000	24.2	947150
9679	-2327313600	18.5	947150
9679	-2324721600	13.9	947150
9679	-2322043200	9.5	947150
9679	-2319451200	7.6	947150
9679	-2316772800	11.3	947150
9679	-2314094400	14.9	947150
9679	-2311502400	24.2	947150
9679	-2308824000	23.4	947150
9679	-2306232000	28.5	947150
9679	-2303553600	27.2	947150
9679	-2300875200	26	947150
9679	-2298456000	24.7	947150
9679	-2295777600	19.4	947150
9679	-2293185600	12.3	947150
9679	-2290507200	11.3	947150
9679	-2287915200	9.7	947150
9679	-2285236800	11.6	947150
9679	-2282558400	15.8	947150
9679	-2279966400	19.2	947150
9679	-2277288000	25.4	947150
9679	-2274696000	26.7	947150
9679	-2272017600	27.8	947150
9679	-2269339200	26.4	947150
9679	-2266920000	24.9	947150
9679	-2264241600	19.4	947150
9679	-2261649600	11.9	947150
9679	-2258971200	11.7	947150
9679	-2256379200	10.4	947150
9679	-2253700800	14.2	947150
9679	-2251022400	16	947150
9679	-2248430400	21.9	947150
9679	-2245752000	24.7	947150
9679	-2243160000	26.6	947150
9679	-2240481600	27.2	947150
9679	-2237803200	27.7	947150
9679	-2235384000	24.4	947150
9679	-2232705600	20	947150
9679	-2230113600	13.4	947150
9679	-2227435200	11.6	947150
9679	-2224843200	9.9	947150
9679	-2222164800	12.2	947150
9679	-2219486400	17.9	947150
9679	-2216894400	19.8	947150
9679	-2214216000	24.7	947150
9679	-2211624000	31.3	947150
9679	-2208945600	29.4	947150
9679	-2206267200	31.6	947150
9679	-2203848000	25.3	947150
9679	-2201169600	18.7	947150
9679	-2198577600	13.2	947150
9679	-2195899200	12.3	947150
9679	-2193307200	8.4	947150
9679	-2190628800	11.9	947150
9679	-2187950400	15.5	947150
9679	-2185358400	21.3	947150
9679	-2182680000	28.2	947150
9679	-2180088000	29	947150
9679	-2177409600	27.3	947150
9679	-2174731200	28.5	947150
9679	-2172312000	25	947150
9679	-2169633600	20	947150
9679	-2167041600	15	947150
9679	-2164363200	9	947150
9679	-2161771200	8.9	947150
9679	-2159092800	12.3	947150
9679	-2156414400	18	947150
9679	-2153822400	20.4	947150
9679	-2151144000	27.1	947150
9679	-2148552000	29.7	947150
9679	-2145873600	30.6	947150
9679	-2143195200	30.1	947150
9679	-2140776000	22.8	947150
9679	-2138097600	19.3	947150
9679	-2135505600	14.2	947150
9679	-2132827200	10.7	947150
9679	-2130235200	10.1	947150
9679	-2127556800	11.6	947150
9679	-2124878400	16.7	947150
9679	-2122286400	22.1	947150
9679	-2119608000	27.3	947150
9679	-2117016000	27.4	947150
9679	-2114337600	30.4	947150
9679	-2111659200	29	947150
9679	-2109240000	27.5	947150
9679	-2106561600	19.9	947150
9679	-2103969600	13.4	947150
9679	-2101291200	9.6	947150
9679	-2098699200	11.7	947150
9679	-2096020800	11	947150
9679	-2093342400	15	947150
9679	-2090750400	18.9	947150
9679	-2088072000	22.2	947150
9679	-2085480000	25.2	947150
9679	-2082801600	26.6	947150
9679	-2080123200	26.2	947150
9679	-2077617600	22.7	947150
9679	-2074939200	18.5	947150
9679	-2072347200	14.7	947150
9679	-2069668800	9.1	947150
9679	-2067076800	10.2	947150
9679	-2064398400	12.2	947150
9679	-2061720000	14.8	947150
9679	-2059128000	20.8	947150
9679	-2056449600	24.4	947150
9679	-2053857600	28.3	947150
9679	-2051179200	29.2	947150
9679	-2048500800	27.1	947150
9679	-2046081600	24.9	947150
9679	-2043403200	19.5	947150
9679	-2040811200	14.7	947150
9679	-2038132800	9.8	947150
9679	-2035540800	8.5	947150
9679	-2032862400	11.5	947150
9679	-2030184000	13.2	947150
9679	-2027592000	17	947150
9679	-2024913600	23.5	947150
9679	-2022321600	27.4	947150
9679	-2019643200	31	947150
9679	-2016964800	28.8	947150
9679	-2014545600	21.7	947150
9679	-2011867200	19.6	947150
9679	-2009275200	14.9	947150
9679	-2006596800	12.5	947150
9679	-2004004800	9.6	947150
9679	-2001326400	11.8	947150
9679	-1998648000	15.6	947150
9679	-1996056000	19	947150
9679	-1993377600	20.7	947150
9679	-1990785600	26.7	947150
9679	-1988107200	26.4	947150
9679	-1985428800	26.7	947150
9679	-1983009600	23.1	947150
9679	-1980331200	18.3	947150
9679	-1977739200	14.5	947150
9679	-1975060800	11.9	947150
9679	-1972468800	9.5	947150
9679	-1969790400	12.3	947150
9679	-1967112000	16.7	947150
9679	-1964520000	21.5	947150
9679	-1961841600	22.6	947150
9679	-1959249600	26.1	947150
9679	-1956571200	29.6	947150
9679	-1953892800	24.5	947150
9679	-1951387200	22.8	947150
9679	-1948708800	19.1	947150
9679	-1946116800	14.7	947150
9679	-1943438400	8.1	947150
9679	-1940846400	9.7	947150
9679	-1938168000	11.5	947150
9679	-1935489600	14.4	947150
9679	-1932897600	18.7	947150
9679	-1930219200	25.2	947150
9679	-1927627200	26	947150
9679	-1924948800	27.2	947150
9679	-1922270400	25.2	947150
9679	-1919851200	23.9	947150
9679	-1917172800	17.9	947150
9679	-1914580800	13.1	947150
9679	-1911902400	11.4	947150
9679	-1909310400	8	947150
9679	-1906632000	11.9	947150
9679	-1903953600	14.5	947150
9679	-1901361600	20.8	947150
9679	-1898683200	23.2	947150
9679	-1896091200	23.8	947150
9679	-1893412800	26.5	947150
9679	-1890734400	25.5	947150
9679	-1888315200	21.7	947150
9679	-1885636800	20	947150
9679	-1883044800	15.4	947150
9679	-1880366400	11.7	947150
9679	-1877774400	10	947150
9679	-1875096000	12.7	947150
9679	-1872417600	18.2	947150
9679	-1869825600	18.4	947150
9680	-1924948800	25.3	947170
9680	-1922270400	24.1	947170
9680	-1919851200	22.3	947170
9680	-1917172800	16.6	947170
9680	-1914580800	12.7	947170
9680	-1911902400	10.6	947170
9680	-1909310400	8	947170
9680	-1906632000	10.7	947170
9680	-1903953600	12.5	947170
9680	-1901361600	18.5	947170
9680	-1898683200	22.9	947170
9680	-1896091200	23.3	947170
9680	-1893412800	25	947170
9680	-1890734400	25.4	947170
9680	-1888315200	21.7	947170
9680	-1885636800	19.8	947170
9680	-1883044800	14.6	947170
9680	-1880366400	11.8	947170
9680	-1877774400	9.7	947170
9680	-1875096000	11.7	947170
9680	-1872417600	15.5	947170
9680	-1869825600	16.5	947170
9680	-1867147200	21.2	947170
9680	-1864555200	23.1	947170
9680	-1861876800	24.3	947170
9680	-1859198400	23.1	947170
9680	-1856779200	21.3	947170
9680	-1854100800	17	947170
9681	-1646222400	19.7	947180
9681	-1643630400	23.9	947180
9681	-1640952000	24.4	947180
9681	-1638273600	24.2	947180
9681	-1635854400	22.5	947180
9681	-1633176000	18.1	947180
9681	-1630584000	14.1	947180
9681	-1627905600	9.4	947180
9681	-1625313600	8.4	947180
9681	-1622635200	11.2	947180
9681	-1619956800	13.9	947180
9681	-1617364800	18.4	947180
9681	-1614686400	23	947180
9681	-1612094400	26.4	947180
9681	-1609416000	28	947180
9681	-1606737600	27.5	947180
9681	-1604318400	23.4	947180
9681	-1601640000	20.4	947180
9681	-1599048000	16.2	947180
9681	-1596369600	11.8	947180
9681	-1593777600	8.8	947180
9681	-1591099200	10.6	947180
9681	-1588420800	15.9	947180
9681	-1585828800	19.8	947180
9681	-1583150400	25.9	947180
9681	-1580558400	26.8	947180
9681	-1577880000	25.6	947180
9681	-1575201600	24.4	947180
9682	-3005812800	15.7	947190
9682	-3003134400	18	947190
9682	-3000542400	21.6	947190
9682	-2997864000	23.3	947190
9682	-2995185600	25.1	947190
9682	-2992766400	23.8	947190
9682	-2990088000	19.6	947190
9682	-2987496000	13.7	947190
9682	-2984817600	10.8	947190
9682	-2982225600	8.9	947190
9682	-2979547200	11	947190
9682	-2976868800	12.3	947190
9682	-2974276800	17.8	947190
9682	-2971598400	20.6	947190
9682	-2969006400	23.1	947190
9682	-2966328000	25.5	947190
9682	-2963649600	25.3	947190
9682	-2961144000	23.2	947190
9682	-2958465600	17.9	947190
9682	-2955873600	15.1	947190
9682	-2953195200	9.1	947190
9682	-2950603200	8.2	947190
9682	-2947924800	8.5	947190
9682	-2945246400	13.7	947190
9682	-2942654400	17.4	947190
9682	-2939976000	20.7	947190
9682	-2937384000	24.3	947190
9682	-2934705600	25.4	947190
9682	-2932027200	27.1	947190
9682	-2929608000	23.6	947190
9682	-2926929600	20.2	947190
9682	-2924337600	14.4	947190
9682	-2921659200	10.5	947190
9682	-2919067200	10.2	947190
9682	-2916388800	9.9	947190
9682	-2913710400	12.1	947190
9682	-2911118400	17.7	947190
9682	-2908440000	23.5	947190
9682	-2905848000	25.2	947190
9682	-2903169600	26.6	947190
9682	-2900491200	27.3	947190
9682	-2898072000	25.7	947190
9682	-2895393600	20.2	947190
9682	-2892801600	14.4	947190
9682	-2890123200	8.8	947190
9682	-2887531200	9.5	947190
9682	-2884852800	11.9	947190
9682	-2882174400	15.8	947190
9682	-2879582400	19.5	947190
9682	-2876904000	22.7	947190
9682	-2874312000	24.9	947190
9682	-2871633600	27.2	947190
9682	-2868955200	24.4	947190
9682	-2866536000	22.3	947190
9682	-2863857600	17.9	947190
9682	-2861265600	13.4	947190
9682	-2858587200	9.1	947190
9682	-2855995200	8.6	947190
9682	-2853316800	11.7	947190
9682	-2850638400	14.4	947190
9682	-2848046400	16.9	947190
9682	-2845368000	20.6	947190
9682	-2842776000	23.4	947190
9682	-2840097600	26.1	947190
9682	-2837419200	24.7	947190
9682	-2834913600	24.2	947190
9682	-2832235200	19.5	947190
9682	-2829643200	12.4	947190
9682	-2826964800	8.4	947190
9682	-2824372800	6.9	947190
9682	-2821694400	10.7	947190
9682	-2819016000	14	947190
9682	-2816424000	15.9	947190
9682	-2813745600	22	947190
9682	-2811153600	25.5	947190
9682	-2808475200	25.3	947190
9682	-2805796800	26	947190
9682	-2803377600	22.6	947190
9682	-2800699200	18.1	947190
9682	-2798107200	15.1	947190
9682	-2795428800	9.5	947190
9682	-2792836800	8.1	947190
9682	-2790158400	10	947190
9682	-2787480000	13.2	947190
9682	-2784888000	16	947190
9682	-2782209600	20.9	947190
9682	-2779617600	26.6	947190
9682	-2776939200	28.4	947190
9682	-2774260800	25.4	947190
9682	-2771841600	25.8	947190
9682	-2769163200	19.3	947190
9682	-2766571200	12.9	947190
9682	-2763892800	9.8	947190
9682	-2761300800	7.8	947190
9682	-2758622400	10.4	947190
9682	-2755944000	15	947190
9682	-2753352000	18.4	947190
9682	-2750673600	22.5	947190
9682	-2748081600	22.7	947190
9682	-2745403200	26.3	947190
9682	-2742724800	25.4	947190
9682	-2740305600	23.1	947190
9682	-2737627200	18.7	947190
9682	-2735035200	13.5	947190
9682	-2732356800	9.2	947190
9682	-2729764800	8.3	947190
9682	-2727086400	11	947190
9682	-2724408000	12.8	947190
9682	-2721816000	17.7	947190
9682	-2719137600	22.4	947190
9682	-2716545600	27	947190
9682	-2713867200	26.7	947190
9682	-2711188800	27.8	947190
9682	-2708683200	24.3	947190
9682	-2706004800	20.5	947190
9682	-2703412800	14	947190
9682	-2700734400	10.1	947190
9682	-2698142400	10	947190
9682	-2695464000	11.2	947190
9682	-2692785600	13.9	947190
9682	-2690193600	18.9	947190
9682	-2687515200	21.5	947190
9682	-2684923200	22.1	947190
9682	-2682244800	26.5	947190
9682	-2679566400	25.4	947190
9682	-2677147200	22.5	947190
9682	-2674468800	18.8	947190
9682	-2671876800	13.6	947190
9682	-2669198400	9.3	947190
9682	-2666606400	8.2	947190
9682	-2663928000	10.1	947190
9682	-2661249600	14.9	947190
9682	-2658657600	20.4	947190
9682	-2655979200	22.1	947190
9682	-2653387200	25.4	947190
9682	-2650708800	26.4	947190
9682	-2648030400	25.4	947190
9682	-2645611200	23.4	947190
9682	-2642932800	19.6	947190
9682	-2640340800	12.8	947190
9682	-2637662400	10.6	947190
9682	-2635070400	8.9	947190
9682	-2632392000	9.5	947190
9682	-2629713600	12.7	947190
9682	-2627121600	15	947190
9682	-2624443200	20.9	947190
9682	-2621851200	22.9	947190
9682	-2619172800	25.7	947190
9682	-2616494400	22.8	947190
9682	-2614075200	23.4	947190
9682	-2611396800	19.8	947190
9682	-2608804800	12.3	947190
9682	-2606126400	8.4	947190
9682	-2603534400	8.2	947190
9682	-2600856000	10.6	947190
9682	-2598177600	11	947190
9682	-2595585600	15.8	947190
9682	-2592907200	19.4	947190
9682	-2590315200	23	947190
9682	-2587636800	25.4	947190
9682	-2584958400	24.3	947190
9682	-2582452800	20.5	947190
9682	-2579774400	19.1	947190
9682	-2577182400	12.1	947190
9682	-2574504000	10	947190
9682	-2571912000	8.2	947190
9682	-2569233600	9.7	947190
9682	-2566555200	15.1	947190
9682	-2563963200	17.6	947190
9682	-2561284800	25	947190
9682	-2558692800	25.7	947190
9682	-2556014400	26.6	947190
9682	-2553336000	27.3	947190
9682	-2550916800	25.5	947190
9682	-2548238400	20.5	947190
9682	-2545646400	15.6	947190
9682	-2542968000	10.2	947190
9682	-2540376000	9.1	947190
9682	-2537697600	10.1	947190
9682	-2535019200	12.2	947190
9682	-2532427200	17.1	947190
9682	-2529748800	21.3	947190
9682	-2527156800	24.3	947190
9682	-2524478400	25.7	947190
9682	-2521800000	23.3	947190
9682	-2519380800	22.6	947190
9682	-2516702400	18.3	947190
9682	-2514110400	14.4	947190
9682	-2511432000	11.8	947190
9682	-2508840000	8	947190
9682	-2506161600	9.7	947190
9682	-2503483200	12.9	947190
9682	-2500891200	15.8	947190
9682	-2498212800	19.6	947190
9682	-2495620800	22	947190
9682	-2492942400	23.6	947190
9682	-2490264000	22.4	947190
9682	-2487844800	22.2	947190
9682	-2485166400	18.2	947190
9682	-2482574400	14	947190
9682	-2479896000	10.5	947190
9682	-2477304000	9.3	947190
9682	-2474625600	10.1	947190
9682	-2471947200	12.4	947190
9682	-2469355200	15.1	947190
9682	-2466676800	19.7	947190
9682	-2464084800	23.5	947190
9682	-2461406400	23.1	947190
9682	-2458728000	25.3	947190
9682	-2456222400	25.8	947190
9682	-2453544000	16.6	947190
9682	-2450952000	13.4	947190
9682	-2448273600	8.1	947190
9682	-2445681600	7.3	947190
9682	-2443003200	8.9	947190
9682	-2440324800	11.6	947190
9682	-2437732800	15.1	947190
9682	-2435054400	18.3	947190
9682	-2432462400	20.3	947190
9682	-2429784000	22.2	947190
9682	-2427105600	24	947190
9682	-2424686400	20.6	947190
9682	-2422008000	16.2	947190
9682	-2419416000	12.4	947190
9682	-2416737600	9.4	947190
9682	-2414145600	7.6	947190
9682	-2411467200	9.6	947190
9682	-2408788800	11	947190
9682	-2406196800	16.5	947190
9682	-2403518400	19.8	947190
9682	-2400926400	22	947190
9682	-2398248000	24	947190
9682	-2395569600	23.6	947190
9682	-2393150400	21.1	947190
9682	-2390472000	17.5	947190
9682	-2387880000	11.3	947190
9682	-2385201600	8.8	947190
9682	-2382609600	6.5	947190
9682	-2379931200	8	947190
9682	-2377252800	10.7	947190
9682	-2374660800	15.9	947190
9682	-2371982400	20.9	947190
9682	-2369390400	22.6	947190
9682	-2366712000	22.2	947190
9682	-2364033600	22.7	947190
9682	-2361614400	22.1	947190
9682	-2358936000	17.9	947190
9682	-2356344000	11.9	947190
9682	-2353665600	8.7	947190
9682	-2351073600	5	947190
9682	-2348395200	8.8	947190
9682	-2345716800	11.7	947190
9682	-2343124800	17.1	947190
9682	-2340446400	19.7	947190
9682	-2337854400	22.6	947190
9682	-2335176000	28.2	947190
9682	-2332497600	24.2	947190
9682	-2329992000	21.8	947190
9682	-2327313600	16	947190
9682	-2324721600	12.2	947190
9682	-2322043200	7.9	947190
9682	-2319451200	4.9	947190
9682	-2316772800	7.4	947190
9682	-2314094400	11.5	947190
9682	-2311502400	19.8	947190
9682	-2308824000	20.7	947190
9682	-2306232000	25	947190
9682	-2303553600	23.8	947190
9682	-2300875200	24.2	947190
9682	-2298456000	20.9	947190
9682	-2295777600	19.6	947190
9682	-2293185600	12.3	947190
9682	-2290507200	10.8	947190
9682	-2287915200	8.7	947190
9682	-2285236800	9.2	947190
9682	-2282558400	12.4	947190
9682	-2279966400	14.7	947190
9682	-2277288000	21.9	947190
9682	-2274696000	24.1	947190
9682	-2272017600	25.5	947190
9682	-2269339200	24.1	947190
9682	-2266920000	22.3	947190
9682	-2264241600	17.3	947190
9682	-2261649600	11.6	947190
9682	-2258971200	9.9	947190
9682	-2256379200	6.7	947190
9682	-2253700800	10.1	947190
9682	-2251022400	12.6	947190
9682	-2248430400	16.9	947190
9682	-2245752000	19.9	947190
9682	-2243160000	22.4	947190
9682	-2240481600	23.1	947190
9682	-2237803200	25.1	947190
9682	-2235384000	23	947190
9682	-2232705600	18.7	947190
9682	-2230113600	12.2	947190
9682	-2227435200	9.5	947190
9682	-2224843200	7.7	947190
9682	-2222164800	8.6	947190
9682	-2219486400	13.9	947190
9682	-2216894400	14.6	947190
9682	-2214216000	20	947190
9682	-2211624000	26.4	947190
9682	-2208945600	25.7	947190
9682	-2206267200	27.9	947190
9682	-2203848000	22.6	947190
9682	-2201169600	16.9	947190
9682	-2198577600	12.6	947190
9682	-2195899200	10.9	947190
9682	-2193307200	6.8	947190
9682	-2190628800	7.9	947190
9682	-2187950400	11.4	947190
9682	-2185358400	15.6	947190
9682	-2182680000	22.7	947190
9682	-2180088000	24.6	947190
9682	-2177409600	23	947190
9682	-2174731200	26.2	947190
9682	-2172312000	22.3	947190
9682	-2169633600	17.5	947190
9682	-2167041600	12.7	947190
9682	-2164363200	6.3	947190
9682	-2161771200	6.7	947190
9682	-2159092800	8.2	947190
9682	-2156414400	13.5	947190
9682	-2153822400	15.8	947190
9682	-2151144000	22.7	947190
9682	-2148552000	24.4	947190
9682	-2145873600	24.9	947190
9682	-2143195200	25.6	947190
9682	-2140776000	22	947190
9682	-2138097600	18	947190
9682	-2135505600	12.5	947190
9682	-2132827200	9	947190
9682	-2130235200	8.3	947190
9682	-2127556800	8.4	947190
9682	-2124878400	12.2	947190
9682	-2122286400	17.2	947190
9682	-2119608000	23	947190
9682	-2117016000	21.7	947190
9682	-2114337600	24.6	947190
9682	-2111659200	25	947190
9682	-2109240000	25.1	947190
9682	-2106561600	18.5	947190
9682	-2103969600	12.3	947190
9682	-2101291200	8.2	947190
9682	-2098699200	7.6	947190
9682	-2096020800	8.1	947190
9682	-2093342400	11.2	947190
9682	-2090750400	15.1	947190
9682	-2088072000	18.4	947190
9682	-2085480000	20.6	947190
9682	-2082801600	23	947190
9682	-2080123200	22.4	947190
9682	-2077617600	20	947190
9682	-2074939200	17.6	947190
9682	-2072347200	13.2	947190
9682	-2069668800	7.3	947190
9682	-2067076800	7.8	947190
9682	-2064398400	8.9	947190
9682	-2061720000	10.3	947190
9682	-2059128000	16.1	947190
9682	-2056449600	19.8	947190
9682	-2053857600	23.3	947190
9682	-2051179200	26.6	947190
9682	-2048500800	24	947190
9682	-2046081600	23.1	947190
9682	-2043403200	17.9	947190
9682	-2040811200	12.3	947190
9682	-2038132800	8.2	947190
9682	-2035540800	6.2	947190
9682	-2032862400	7.5	947190
9682	-2030184000	7.8	947190
9682	-2027592000	11.9	947190
9682	-2024913600	18.4	947190
9682	-2022321600	22	947190
9682	-2019643200	26.4	947190
9682	-2016964800	26.2	947190
9682	-2014545600	19.9	947190
9682	-2011867200	17.8	947190
9682	-2009275200	13	947190
9682	-2006596800	9.6	947190
9682	-2004004800	6.7	947190
9682	-2001326400	8.8	947190
9682	-1998648000	12	947190
9682	-1996056000	14.8	947190
9682	-1993377600	15.8	947190
9682	-1990785600	21.6	947190
9682	-1988107200	22.7	947190
9682	-1985428800	23.3	947190
9682	-1983009600	20.1	947190
9682	-1980331200	15.6	947190
9682	-1977739200	12.5	947190
9682	-1975060800	9.2	947190
9682	-1972468800	6.6	947190
9682	-1969790400	7.9	947190
9682	-1967112000	11	947190
9682	-1964520000	17	947190
9682	-1961841600	19.6	947190
9682	-1959249600	22.4	947190
9682	-1956571200	25.3	947190
9682	-1953892800	21.8	947190
9682	-1951387200	20.4	947190
9682	-1948708800	16.9	947190
9682	-1946116800	12.2	947190
9682	-1943438400	6.3	947190
9682	-1940846400	6.5	947190
9682	-1938168000	8	947190
9682	-1935489600	10.5	947190
9682	-1932897600	14.9	947190
9682	-1930219200	21.4	947190
9682	-1927627200	22.7	947190
9682	-1924948800	22.7	947190
9682	-1922270400	21.6	947190
9682	-1919851200	20.5	947190
9682	-1917172800	15.1	947190
9682	-1914580800	11.2	947190
9682	-1911902400	9.4	947190
9682	-1909310400	6.1	947190
9682	-1906632000	8.7	947190
9682	-1903953600	10.4	947190
9682	-1901361600	15.9	947190
9682	-1898683200	19.4	947190
9682	-1896091200	19.7	947190
9682	-1893412800	21.6	947190
9682	-1890734400	22.5	947190
9682	-1888315200	19.7	947190
9682	-1885636800	17.5	947190
9682	-1883044800	12.7	947190
9682	-1880366400	9.9	947190
9682	-1877774400	7.7	947190
9682	-1875096000	9.1	947190
9682	-1872417600	13.5	947190
9682	-1869825600	14.4	947190
9682	-1867147200	18.4	947190
9682	-1864555200	19.9	947190
9682	-1861876800	21.3	947190
9682	-1859198400	20.4	947190
9682	-1856779200	19.6	947190
9682	-1854100800	15.6	947190
9682	-1851508800	12.9	947190
9682	-1848830400	7.4	947190
9682	-1846238400	7.5	947190
9682	-1843560000	9.3	947190
9682	-1840881600	12.7	947190
9682	-1838289600	15.4	947190
9682	-1835611200	20.1	947190
9682	-1833019200	20.7	947190
9682	-1830340800	23	947190
9682	-1827662400	25.6	947190
9682	-1825156800	22.6	947190
9682	-1822478400	16.6	947190
9682	-1819886400	11.4	947190
9682	-1817208000	9.4	947190
9682	-1814616000	8.2	947190
9682	-1811937600	9.8	947190
9682	-1809259200	10.9	947190
9682	-1806667200	15.1	947190
9682	-1803988800	20.1	947190
9682	-1801396800	23.1	947190
9682	-1798718400	25.1	947190
9682	-1796040000	24.1	947190
9682	-1793620800	19.7	947190
9682	-1790942400	17.1	947190
9682	-1788350400	10.6	947190
9682	-1785672000	8	947190
9682	-1783080000	7.7	947190
9682	-1780401600	7.7	947190
9682	-1777723200	11	947190
9682	-1775131200	17.8	947190
9682	-1772452800	18.2	947190
9682	-1769860800	23.8	947190
9682	-1767182400	25.7	947190
9682	-1764504000	25.3	947190
9682	-1762084800	21.6	947190
9682	-1759406400	17.2	947190
9682	-1756814400	12.4	947190
9682	-1754136000	9.4	947190
9682	-1751544000	7.7	947190
9682	-1748865600	9.8	947190
9682	-1746187200	13.3	947190
9682	-1743595200	18.1	947190
9682	-1740916800	23.8	947190
9682	-1738324800	23.9	947190
9682	-1735646400	23.6	947190
9682	-1732968000	26.7	947190
9682	-1730548800	22.6	947190
9682	-1727870400	18	947190
9682	-1725278400	12.1	947190
9682	-1722600000	9.3	947190
9682	-1720008000	9.1	947190
9682	-1717329600	8.8	947190
9682	-1714651200	12.4	947190
9682	-1712059200	14.9	947190
9682	-1709380800	18.9	947190
9682	-1706788800	22.9	947190
9682	-1704110400	24.9	947190
9682	-1701432000	24.4	947190
9682	-1698926400	22.6	947190
9682	-1696248000	17.8	947190
9682	-1693656000	11.3	947190
9682	-1690977600	9.2	947190
9682	-1688385600	7.4	947190
9682	-1685707200	7.6	947190
9682	-1683028800	10.9	947190
9682	-1680436800	12.2	947190
9682	-1677758400	14.6	947190
9682	-1675166400	20.1	947190
9682	-1672488000	23	947190
9682	-1669809600	19.5	947190
9682	-1667390400	19.5	947190
9682	-1664712000	14.2	947190
9682	-1662120000	10.4	947190
9682	-1659441600	8.2	947190
9682	-1656849600	6.8	947190
9682	-1654171200	8	947190
9682	-1651492800	11	947190
9682	-1648900800	14.2	947190
9682	-1646222400	16.3	947190
9682	-1643630400	20.8	947190
9682	-1640952000	21.8	947190
9682	-1638273600	21.5	947190
9682	-1635854400	20.4	947190
9682	-1633176000	17	947190
9682	-1630584000	12.3	947190
9682	-1627905600	7.4	947190
9682	-1625313600	6.4	947190
9682	-1622635200	13.6	947190
9682	-1619956800	11.2	947190
9682	-1617364800	14.4	947190
9682	-1614686400	19.3	947190
9682	-1612094400	22.6	947190
9682	-1609416000	24.6	947190
9682	-1606737600	24.6	947190
9682	-1604318400	20.4	947190
9682	-1601640000	18.1	947190
9682	-1599048000	14	947190
9682	-1596369600	9.6	947190
9682	-1593777600	6.7	947190
9682	-1591099200	8.1	947190
9682	-1588420800	12.4	947190
9682	-1585828800	17.4	947190
9682	-1583150400	21.9	947190
9682	-1580558400	22.5	947190
9682	-1577880000	22.1	947190
9682	-1575201600	23.8	947190
9682	-1572696000	19.7	947190
9682	-1570017600	17.4	947190
9682	-1567425600	11.7	947190
9682	-1564747200	9.8	947190
9682	-1562155200	9.3	947190
9682	-1559476800	8.8	947190
9682	-1556798400	11.2	947190
9682	-1554206400	15.8	947190
9682	-1551528000	19.7	947190
9682	-1548936000	21	947190
9682	-1546257600	23.8	947190
9682	-1543579200	24.4	947190
9682	-1541160000	20.3	947190
9682	-1538481600	16.8	947190
9682	-1535889600	14.2	947190
9682	-1533211200	10.7	947190
9682	-1530619200	10	947190
9682	-1527940800	8.4	947190
9682	-1525262400	14.9	947190
9682	-1522670400	15.7	947190
9682	-1519992000	22.7	947190
9682	-1517400000	23.1	947190
9682	-1514721600	22.2	947190
9682	-1512043200	24.1	947190
9682	-1509624000	21.3	947190
9682	-1506945600	19.1	947190
9682	-1504353600	12.4	947190
9682	-1501675200	9.8	947190
9682	-1499083200	8.7	947190
9682	-1496404800	8.7	947190
9682	-1493726400	13	947190
9682	-1491134400	17.4	947190
9682	-1488456000	22.3	947190
9682	-1485864000	23.8	947190
9682	-1483185600	24.6	947190
9682	-1480507200	27.2	947190
9682	-1478088000	23.2	947190
9682	-1475409600	18.1	947190
9682	-1472817600	13.5	947190
9682	-1470139200	10.7	947190
9682	-1467547200	9	947190
9682	-1464868800	8.9	947190
9682	-1462190400	11.8	947190
9682	-1459598400	15.7	947190
9682	-1456920000	17.6	947190
9682	-1454328000	24.6	947190
9682	-1451649600	22.9	947190
9682	-1448971200	22.5	947190
9682	-1446465600	21.2	947190
9683	-47390400	7.2	947200
9683	-44712000	9.7	947200
9683	-42033600	10.2	947200
9683	-39441600	14.1	947200
9683	-36763200	17.9	947200
9683	-34171200	20.5	947200
9683	-31492800	25.1	947200
9683	-28814400	24.5	947200
9683	-26395200	20.6	947200
9683	-23716800	15.2	947200
9683	-21124800	11	947200
9683	-18446400	8.4	947200
9683	-15854400	8.6	947200
9683	-13176000	10.1	947200
9683	-10497600	9.4	947200
9683	-7905600	15.1	947200
9683	-5227200	17.6	947200
9683	-2635200	19.8	947200
9683	43200	21.8	947200
9683	2721600	23.6	947200
9683	5140800	19	947200
9683	7819200	15.5	947200
9683	10411200	9.9	947200
9683	13089600	9.2	947200
9683	15681600	7.3	947200
9683	18360000	8.9	947200
9683	21038400	10	947200
9683	23630400	15.1	947200
9683	26308800	17	947200
9683	28900800	21.5	947200
9683	31579200	23.6	947200
9683	34257600	23	947200
9683	36676800	22.4	947200
9683	39355200	16.8	947200
9683	41947200	11.8	947200
9683	44625600	8	947200
9683	47217600	7.1	947200
9683	49896000	9.5	947200
9683	52574400	12.3	947200
9683	55166400	14.1	947200
9683	57844800	17.1	947200
9683	60436800	21.3	947200
9683	63115200	21.5	947200
9683	65793600	21.2	947200
9683	68299200	19.3	947200
9683	70977600	15	947200
9683	73569600	12.5	947200
9683	76248000	8.8	947200
9683	78840000	8.4	947200
9683	81518400	10.4	947200
9683	84196800	13	947200
9683	86788800	16.4	947200
9683	89467200	19.3	947200
9683	92059200	24.7	947200
9683	94737600	27	947200
9683	97416000	23.9	947200
9683	99835200	20.7	947200
9683	102513600	17	947200
9683	105105600	12.2	947200
9683	107784000	9.6	947200
9683	110376000	10.1	947200
9683	113054400	9.6	947200
9683	115732800	12.6	947200
9683	118324800	16	947200
9683	121003200	17.8	947200
9683	123595200	21.5	947200
9683	126273600	23.5	947200
9683	128952000	22.1	947200
9683	131371200	20.8	947200
9683	134049600	17.4	947200
9683	136641600	12.8	947200
9683	139320000	8.4	947200
9683	141912000	7.9	947200
9683	144590400	8.9	947200
9683	147268800	10.3	947200
9683	149860800	14.1	947200
9683	152539200	16	947200
9683	155131200	20.5	947200
9683	157809600	22.6	947200
9683	160488000	23.2	947200
9683	162907200	19.9	947200
9683	165585600	15.5	947200
9683	168177600	12.8	947200
9683	170856000	9.4	947200
9683	173448000	9.6	947200
9683	176126400	9.1	947200
9683	178804800	13.1	947200
9683	181396800	14.1	947200
9683	184075200	18.3	947200
9683	186667200	23.5	947200
9683	189345600	22.7	947200
9683	192024000	23	947200
9683	194529600	19.7	947200
9683	197208000	14.9	947200
9683	199800000	11.2	947200
9683	202478400	8.9	947200
9683	205070400	8.2	947200
9683	207748800	9	947200
9683	210427200	11	947200
9683	213019200	13.6	947200
9683	215697600	17	947200
9683	218289600	21.2	947200
9683	220968000	24.3	947200
9683	223646400	25.2	947200
9683	226065600	20.6	947200
9683	228744000	15.1	947200
9683	231336000	12	947200
9683	234014400	8.6	947200
9683	236606400	7.2	947200
9683	239284800	9.9	947200
9683	241963200	11.1	947200
9683	244555200	16.5	947200
9683	247233600	19.7	947200
9683	249825600	23.6	947200
9683	252504000	23.5	947200
9683	255182400	22.8	947200
9683	257601600	20.8	947200
9683	260280000	15.2	947200
9684	-1951387200	18.1	947230
9684	-1948708800	14	947230
9684	-1946116800	10.4	947230
9684	-1943438400	6	947230
9684	-1940846400	6.4	947230
9684	-1938168000	8.6	947230
9684	-1935489600	11.2	947230
9684	-1932897600	15.7	947230
9684	-1930219200	23.4	947230
9684	-1927627200	24.6	947230
9684	-1924948800	23.9	947230
9684	-1922270400	22.5	947230
9684	-1919851200	19.7	947230
9684	-1917172800	14	947230
9684	-1914580800	10.6	947230
9684	-1911902400	8.5	947230
9684	-1909310400	5.6	947230
9684	-1906632000	8.5	947230
9684	-1903953600	10.6	947230
9684	-1901361600	16.7	947230
9684	-1898683200	21	947230
9684	-1896091200	21.2	947230
9684	-1893412800	23	947230
9684	-1890734400	22.6	947230
9684	-1888315200	19	947230
9684	-1885636800	16.2	947230
9684	-1883044800	11.6	947230
9684	-1880366400	9.4	947230
9684	-1877774400	6.9	947230
9684	-1875096000	8.8	947230
9684	-1872417600	13.8	947230
9684	-1869825600	14.8	947230
9684	-1867147200	19.8	947230
9684	-1864555200	21.7	947230
9684	-1861876800	22.5	947230
9684	-1859198400	20.8	947230
9684	-1856779200	18.9	947230
9684	-1854100800	14	947230
9684	-1851508800	11.8	947230
9684	-1848830400	6.5	947230
9684	-1846238400	7.1	947230
9684	-1843560000	9.2	947230
9684	-1840881600	13.1	947230
9684	-1838289600	15.8	947230
9684	-1835611200	21.5	947230
9684	-1833019200	22.5	947230
9684	-1830340800	24.3	947230
9684	-1827662400	25.2	947230
9684	-1825156800	20.7	947230
9684	-1822478400	15.4	947230
9685	162907200	14.9	947260
9685	165585600	11.2	947260
9685	168177600	8.9	947260
9685	170856000	6.2	947260
9685	173448000	5.9	947260
9685	176126400	5.7	947260
9685	178804800	9.3	947260
9685	181396800	10.3	947260
9685	184075200	14.5	947260
9685	186667200	18.3	947260
9685	189345600	17.7	947260
9685	192024000	18	947260
9685	194529600	15.2	947260
9685	197208000	10.9	947260
9685	199800000	7.9	947260
9685	202478400	5.9	947260
9685	205070400	4.8	947260
9685	207748800	5	947260
9685	210427200	6.7	947260
9685	213019200	9.2	947260
9685	215697600	12.2	947260
9685	218289600	16.3	947260
9685	220968000	18.6	947260
9685	223646400	19.7	947260
9685	226065600	16	947260
9685	228744000	11.2	947260
9685	231336000	8.2	947260
9685	234014400	4.9	947260
9685	236606400	3.5	947260
9685	239284800	6.8	947260
9685	241963200	7.6	947260
9685	244555200	12.3	947260
9685	247233600	15.3	947260
9685	249825600	17.9	947260
9685	252504000	19	947260
9685	255182400	18.4	947260
9685	257601600	16.2	947260
9685	260280000	11.1	947260
9685	262872000	9	947260
9685	265550400	5.4	947260
9685	268142400	3.7	947260
9685	270820800	4.8	947260
9685	273499200	7.8	947260
9685	276091200	10.4	947260
9685	278769600	12.7	947260
9685	281361600	14.6	947260
9685	284040000	21.2	947260
9685	286718400	19.6	947260
9685	289137600	16.3	947260
9685	291816000	11.5	947260
9685	294408000	7.5	947260
9685	297086400	6.5	947260
9685	299678400	4.5	947260
9685	302356800	5.6	947260
9685	305035200	8.3	947260
9685	307627200	11.1	947260
9685	310305600	15.2	947260
9685	312897600	18.9	947260
9685	315576000	18.3	947260
9685	318254400	19.1	947260
9685	320760000	17.5	947260
9685	323438400	12.9	947260
9685	326030400	9.6	947260
9685	328708800	6	947260
9685	331300800	4.9	947260
9685	333979200	6.5	947260
9685	336657600	9.4	947260
9685	339249600	13	947260
9685	341928000	16	947260
9685	344520000	18.8	947260
9685	347198400	22.4	947260
9685	349876800	20	947260
9685	352296000	15.9	947260
9685	354974400	13.6	947260
9685	357566400	9	947260
9685	360244800	5.2	947260
9685	362836800	4.7	947260
9685	365515200	5	947260
9685	368193600	10	947260
9685	370785600	12.4	947260
9685	373464000	12.9	947260
9685	376056000	16.9	947260
9685	378734400	19.8	947260
9685	381412800	19.7	947260
9685	383832000	16.1	947260
9685	386510400	11.9	947260
9685	389102400	8.1	947260
9685	391780800	4.7	947260
9685	394372800	3.6	947260
9685	397051200	7.8	947260
9685	399729600	8.2	947260
9685	402321600	11.6	947260
9685	4.05e+08	17.5	947260
9685	407592000	19.1	947260
9685	410270400	19.3	947260
9685	412948800	21.3	947260
9685	415368000	18.4	947260
9685	418046400	11.1	947260
9685	420638400	9.6	947260
9685	423316800	5.4	947260
9685	425908800	4.4	947260
9685	428587200	6.2	947260
9685	431265600	8.9	947260
9685	433857600	11.9	947260
9685	436536000	12.5	947260
9685	439128000	16.2	947260
9685	441806400	16.3	947260
9685	444484800	17.6	947260
9685	446990400	13.9	947260
9685	449668800	11.7	947260
9685	452260800	8.1	947260
9685	454939200	6.3	947260
9685	457531200	3.9	947260
9685	460209600	6	947260
9685	462888000	6.8	947260
9685	465480000	11.1	947260
9685	468158400	14.4	947260
9685	470750400	15.2	947260
9685	473428800	18.8	947260
9685	476107200	18	947260
9685	478526400	16.9	947260
9685	481204800	12.1	947260
9685	483796800	9.1	947260
9685	486475200	4.8	947260
9685	489067200	4.9	947260
9685	491745600	5.7	947260
9685	494424000	7.7	947260
9685	497016000	11.3	947260
9685	499694400	13.5	947260
9685	502286400	15.4	947260
9685	504964800	16.8	947260
9685	507643200	18.3	947260
9685	510062400	18.1	947260
9685	512740800	13.1	947260
9685	515332800	9.1	947260
9685	518011200	5.1	947260
9685	520603200	4.7	947260
9685	523281600	6	947260
9685	525960000	8.5	947260
9685	528552000	9.2	947260
9685	531230400	12.9	947260
9685	533822400	14.8	947260
9685	536500800	18.7	947260
9685	539179200	19.3	947260
9685	541598400	13.7	947260
9685	544276800	12	947260
9685	546868800	8.3	947260
9685	549547200	6.5	947260
9685	552139200	4.3	947260
9685	554817600	7.3	947260
9685	557496000	8.7	947260
9685	560088000	10.2	947260
9685	562766400	13.7	947260
9685	565358400	16.5	947260
9685	568036800	20	947260
9686	-2840097600	29.1	947280
9686	-2837419200	26	947280
9686	-2834913600	24.4	947280
9686	-2832235200	19.5	947280
9686	-2829643200	13.4	947280
9686	-2826964800	10.1	947280
9686	-2824372800	8.1	947280
9686	-2821694400	11.7	947280
9686	-2819016000	16	947280
9686	-2816424000	17.6	947280
9686	-2813745600	22.7	947280
9686	-2811153600	26.7	947280
9686	-2808475200	27.6	947280
9686	-2805796800	27	947280
9686	-2803377600	23.5	947280
9686	-2800699200	19.1	947280
9686	-2798107200	16.2	947280
9686	-2795428800	9.9	947280
9686	-2792836800	8.9	947280
9686	-2790158400	11.6	947280
9686	-2787480000	14.5	947280
9686	-2784888000	17.3	947280
9686	-2782209600	21	947280
9686	-2779617600	26.8	947280
9686	-2776939200	31.4	947280
9686	-2774260800	26.1	947280
9686	-2771841600	25.2	947280
9686	-2769163200	19.6	947280
9686	-2766571200	14.2	947280
9686	-2763892800	10.9	947280
9686	-2761300800	9.5	947280
9686	-2758622400	10.7	947280
9686	-2755944000	14.8	947280
9686	-2753352000	20.5	947280
9686	-2750673600	23.3	947280
9686	-2748081600	24.3	947280
9686	-2745403200	26	947280
9686	-2742724800	25.9	947280
9686	-2740305600	22.5	947280
9686	-2737627200	18.7	947280
9686	-2735035200	14.7	947280
9686	-2732356800	11.7	947280
9686	-2729764800	9	947280
9686	-2727086400	12.4	947280
9686	-2724408000	13.8	947280
9686	-2721816000	18.6	947280
9686	-2719137600	21.4	947280
9686	-2716545600	26.1	947280
9686	-2713867200	28.5	947280
9686	-2711188800	28.6	947280
9686	-2708683200	24.8	947280
9686	-2706004800	20.7	947280
9686	-2703412800	14.4	947280
9686	-2700734400	11.4	947280
9686	-2698142400	11.5	947280
9686	-2695464000	11.7	947280
9686	-2692785600	15.5	947280
9686	-2690193600	20.4	947280
9686	-2687515200	22.8	947280
9686	-2684923200	24.1	947280
9686	-2682244800	27.7	947280
9686	-2679566400	27.5	947280
9686	-2677147200	23.2	947280
9686	-2674468800	19.1	947280
9686	-2671876800	14.5	947280
9686	-2669198400	10.3	947280
9686	-2666606400	8.8	947280
9686	-2663928000	10.3	947280
9686	-2661249600	15.3	947280
9686	-2658657600	20.7	947280
9686	-2655979200	23.4	947280
9686	-2653387200	26.2	947280
9686	-2650708800	27.3	947280
9686	-2648030400	26.5	947280
9686	-2645611200	23.6	947280
9686	-2642932800	20.2	947280
9686	-2640340800	14.4	947280
9686	-2637662400	11.7	947280
9686	-2635070400	10.6	947280
9686	-2632392000	11.5	947280
9686	-2629713600	14.5	947280
9686	-2627121600	15.1	947280
9686	-2624443200	22	947280
9686	-2621851200	24	947280
9686	-2619172800	26.9	947280
9686	-2616494400	24.9	947280
9686	-2614075200	25.6	947280
9686	-2611396800	19.9	947280
9686	-2608804800	12.5	947280
9686	-2606126400	10.1	947280
9686	-2603534400	9.9	947280
9686	-2600856000	11.9	947280
9686	-2598177600	13.3	947280
9686	-2595585600	17.5	947280
9686	-2592907200	20.7	947280
9686	-2590315200	24.1	947280
9686	-2587636800	27.7	947280
9686	-2584958400	26	947280
9686	-2582452800	21.5	947280
9686	-2579774400	18.9	947280
9686	-2577182400	12.3	947280
9686	-2574504000	10.8	947280
9686	-2571912000	9.7	947280
9686	-2569233600	10.4	947280
9686	-2566555200	15	947280
9686	-2563963200	18.9	947280
9686	-2561284800	25.5	947280
9686	-2558692800	26.7	947280
9686	-2556014400	28	947280
9686	-2553336000	27	947280
9686	-2550916800	24.4	947280
9686	-2548238400	20	947280
9686	-2545646400	16.3	947280
9686	-2542968000	11.4	947280
9686	-2540376000	9.8	947280
9686	-2537697600	11.2	947280
9686	-2535019200	14	947280
9686	-2532427200	18.5	947280
9686	-2529748800	21.9	947280
9686	-2527156800	25.1	947280
9686	-2524478400	24.7	947280
9686	-2521800000	24.5	947280
9686	-2519380800	23	947280
9686	-2516702400	17	947280
9686	-2514110400	13.2	947280
9686	-2511432000	11.3	947280
9686	-2508840000	8.1	947280
9686	-2506161600	8.8	947280
9686	-2503483200	13.2	947280
9686	-2500891200	16.4	947280
9686	-2498212800	19	947280
9686	-2495620800	22	947280
9686	-2492942400	23.7	947280
9686	-2490264000	22.4	947280
9686	-2487844800	22.1	947280
9686	-2485166400	17.5	947280
9686	-2482574400	13.1	947280
9686	-2479896000	11	947280
9686	-2477304000	9.3	947280
9686	-2474625600	10	947280
9686	-2471947200	12.7	947280
9686	-2469355200	16.2	947280
9686	-2466676800	21.2	947280
9686	-2464084800	23.6	947280
9686	-2461406400	25.6	947280
9686	-2458728000	26.9	947280
9686	-2456222400	25	947280
9686	-2453544000	18.2	947280
9686	-2450952000	15	947280
9686	-2448273600	10.3	947280
9686	-2445681600	8.5	947280
9686	-2443003200	11.4	947280
9686	-2440324800	14.2	947280
9686	-2437732800	18.4	947280
9686	-2435054400	21.7	947280
9686	-2432462400	23.4	947280
9686	-2429784000	24.5	947280
9686	-2427105600	25.8	947280
9686	-2424686400	22.6	947280
9686	-2422008000	17.5	947280
9686	-2419416000	13.7	947280
9686	-2416737600	10.4	947280
9686	-2414145600	9.1	947280
9686	-2411467200	11.4	947280
9686	-2408788800	13.5	947280
9686	-2406196800	18.7	947280
9686	-2403518400	23	947280
9686	-2400926400	25.1	947280
9686	-2398248000	26.5	947280
9686	-2395569600	25.8	947280
9686	-2393150400	23	947280
9686	-2390472000	19	947280
9686	-2387880000	12.3	947280
9686	-2385201600	10.2	947280
9686	-2382609600	8.4	947280
9686	-2379931200	9.7	947280
9686	-2377252800	12.8	947280
9686	-2374660800	18.4	947280
9686	-2371982400	23.6	947280
9686	-2369390400	25.4	947280
9686	-2366712000	26	947280
9686	-2364033600	24.2	947280
9686	-2361614400	23.3	947280
9686	-2358936000	18.8	947280
9686	-2356344000	13.4	947280
9686	-2353665600	10.4	947280
9686	-2351073600	6.7	947280
9686	-2348395200	9.9	947280
9686	-2345716800	13.2	947280
9686	-2343124800	19	947280
9686	-2340446400	21.7	947280
9686	-2337854400	24.2	947280
9686	-2335176000	30.1	947280
9686	-2332497600	26	947280
9686	-2329992000	21.6	947280
9686	-2327313600	16	947280
9686	-2324721600	12.8	947280
9686	-2322043200	8.4	947280
9686	-2319451200	5.7	947280
9686	-2316772800	8.2	947280
9686	-2314094400	11.1	947280
9686	-2311502400	19.1	947280
9686	-2308824000	21.2	947280
9686	-2306232000	25.4	947280
9686	-2303553600	24	947280
9686	-2300875200	24.6	947280
9686	-2298456000	24	947280
9686	-2295777600	18.2	947280
9686	-2293185600	12.2	947280
9686	-2290507200	10.4	947280
9686	-2287915200	8.9	947280
9686	-2285236800	9	947280
9686	-2282558400	12.5	947280
9686	-2279966400	16.6	947280
9686	-2277288000	23.1	947280
9686	-2274696000	24.8	947280
9686	-2272017600	26.3	947280
9686	-2269339200	24.5	947280
9686	-2266920000	21.5	947280
9686	-2264241600	16	947280
9686	-2261649600	12.5	947280
9686	-2258971200	10.9	947280
9686	-2256379200	8.8	947280
9686	-2253700800	10.6	947280
9686	-2251022400	13.8	947280
9686	-2248430400	18.8	947280
9686	-2245752000	22	947280
9686	-2243160000	23.6	947280
9686	-2240481600	25	947280
9686	-2237803200	25.1	947280
9686	-2235384000	22.8	947280
9686	-2232705600	18.9	947280
9686	-2230113600	12	947280
9686	-2227435200	10.6	947280
9686	-2224843200	8.5	947280
9686	-2222164800	10.1	947280
9686	-2219486400	15.1	947280
9686	-2216894400	15.9	947280
9686	-2214216000	21.1	947280
9686	-2211624000	27.9	947280
9686	-2208945600	26.6	947280
9686	-2206267200	29	947280
9686	-2203848000	23.9	947280
9686	-2201169600	17.5	947280
9686	-2198577600	12.7	947280
9686	-2195899200	11.8	947280
9686	-2193307200	7.6	947280
9686	-2190628800	9.5	947280
9686	-2187950400	12.7	947280
9686	-2185358400	17.1	947280
9686	-2182680000	24.3	947280
9686	-2180088000	26.2	947280
9686	-2177409600	24.6	947280
9686	-2174731200	28	947280
9686	-2172312000	24.2	947280
9686	-2169633600	18.5	947280
9686	-2167041600	13.6	947280
9686	-2164363200	8.1	947280
9686	-2161771200	8	947280
9686	-2159092800	9.9	947280
9686	-2156414400	15.1	947280
9686	-2153822400	17.3	947280
9686	-2151144000	23.5	947280
9686	-2148552000	25.7	947280
9686	-2145873600	27.2	947280
9686	-2143195200	27.5	947280
9686	-2140776000	22.8	947280
9686	-2138097600	17.8	947280
9686	-2135505600	12.8	947280
9686	-2132827200	9.6	947280
9686	-2130235200	8.2	947280
9686	-2127556800	9.3	947280
9686	-2124878400	13.3	947280
9686	-2122286400	19.1	947280
9686	-2119608000	24.2	947280
9686	-2117016000	24.4	947280
9686	-2114337600	27.3	947280
9686	-2111659200	26.6	947280
9686	-2109240000	27.4	947280
9686	-2106561600	19.5	947280
9686	-2103969600	13	947280
9686	-2101291200	9.3	947280
9686	-2098699200	8.6	947280
9686	-2096020800	9.5	947280
9686	-2093342400	13.7	947280
9686	-2090750400	16.8	947280
9686	-2088072000	19.7	947280
9686	-2085480000	23.3	947280
9686	-2082801600	25.1	947280
9686	-2080123200	24.4	947280
9686	-2077617600	21.1	947280
9686	-2074939200	17.1	947280
9686	-2072347200	13.7	947280
9686	-2069668800	8.2	947280
9686	-2067076800	9	947280
9686	-2064398400	9.7	947280
9686	-2061720000	12.2	947280
9686	-2059128000	17.9	947280
9686	-2056449600	22.1	947280
9686	-2053857600	25.8	947280
9686	-2051179200	28	947280
9686	-2048500800	25.9	947280
9686	-2046081600	23.8	947280
9686	-2043403200	19	947280
9686	-2040811200	13.6	947280
9686	-2038132800	10.1	947280
9686	-2035540800	7.7	947280
9686	-2032862400	8.8	947280
9686	-2030184000	9.9	947280
9686	-2027592000	14.7	947280
9686	-2024913600	21.2	947280
9686	-2022321600	24.7	947280
9686	-2019643200	28.4	947280
9686	-2016964800	27.8	947280
9686	-2014545600	21.4	947280
9686	-2011867200	18.5	947280
9686	-2009275200	13.8	947280
9686	-2006596800	10.7	947280
9686	-2004004800	8.3	947280
9686	-2001326400	10.3	947280
9686	-1998648000	13.5	947280
9686	-1996056000	17.3	947280
9686	-1993377600	18.7	947280
9686	-1990785600	24.3	947280
9686	-1988107200	24.9	947280
9686	-1985428800	25	947280
9686	-1983009600	22	947280
9686	-1980331200	17	947280
9686	-1977739200	13.1	947280
9686	-1975060800	10.9	947280
9686	-1972468800	8.1	947280
9686	-1969790400	9.4	947280
9686	-1967112000	13.4	947280
9686	-1964520000	20.3	947280
9686	-1961841600	20.5	947280
9686	-1959249600	23.7	947280
9686	-1956571200	26.6	947280
9686	-1953892800	22.3	947280
9686	-1951387200	20.5	947280
9686	-1948708800	16.6	947280
9686	-1946116800	11.8	947280
9686	-1943438400	7	947280
9686	-1940846400	7.3	947280
9686	-1938168000	9.1	947280
9686	-1935489600	11.3	947280
9686	-1932897600	15.7	947280
9686	-1930219200	21.9	947280
9686	-1927627200	22.8	947280
9686	-1924948800	23.6	947280
9686	-1922270400	22.2	947280
9686	-1919851200	20.7	947280
9686	-1917172800	14.9	947280
9686	-1914580800	11.1	947280
9686	-1911902400	10	947280
9686	-1909310400	6.2	947280
9686	-1906632000	9.1	947280
9686	-1903953600	11.4	947280
9686	-1901361600	17.5	947280
9686	-1898683200	20	947280
9686	-1896091200	21.2	947280
9686	-1893412800	23.5	947280
9686	-1890734400	22.5	947280
9686	-1888315200	20	947280
9686	-1885636800	17.5	947280
9686	-1883044800	13.3	947280
9686	-1880366400	10	947280
9686	-1877774400	8.2	947280
9686	-1875096000	10.1	947280
9686	-1872417600	14.7	947280
9686	-1869825600	15.3	947280
9686	-1867147200	19.3	947280
9686	-1864555200	21.8	947280
9686	-1861876800	23.1	947280
9686	-1859198400	22	947280
9686	-1856779200	20	947280
9686	-1854100800	15.8	947280
9686	-1851508800	12.8	947280
9686	-1848830400	7.8	947280
9686	-1846238400	8.6	947280
9686	-1843560000	9.5	947280
9686	-1840881600	13.6	947280
9686	-1838289600	16.2	947280
9686	-1835611200	21.8	947280
9686	-1833019200	23.2	947280
9686	-1830340800	24.9	947280
9686	-1827662400	26.2	947280
9686	-1825156800	22.7	947280
9686	-1822478400	17	947280
9686	-1819886400	11.9	947280
9686	-1817208000	9.8	947280
9686	-1814616000	9.4	947280
9686	-1811937600	11.1	947280
9686	-1809259200	12.4	947280
9686	-1806667200	17.2	947280
9686	-1803988800	22	947280
9686	-1801396800	24.5	947280
9686	-1798718400	26.5	947280
9686	-1796040000	25.5	947280
9686	-1793620800	20.2	947280
9686	-1790942400	17.9	947280
9686	-1788350400	11.6	947280
9686	-1785672000	9.4	947280
9686	-1783080000	8.8	947280
9686	-1780401600	9.4	947280
9686	-1777723200	12.1	947280
9686	-1775131200	18.5	947280
9686	-1772452800	19.3	947280
9686	-1769860800	24.9	947280
9686	-1767182400	26.9	947280
9686	-1764504000	25.9	947280
9686	-1762084800	22.5	947280
9686	-1759406400	18	947280
9686	-1756814400	13.5	947280
9686	-1754136000	9.9	947280
9686	-1751544000	8.3	947280
9686	-1748865600	10.5	947280
9686	-1746187200	14	947280
9686	-1743595200	18.8	947280
9686	-1740916800	25.8	947280
9686	-1738324800	26.1	947280
9686	-1735646400	24.7	947280
9686	-1732968000	27.7	947280
9686	-1730548800	24.7	947280
9686	-1727870400	18.2	947280
9686	-1725278400	12.9	947280
9686	-1722600000	10.3	947280
9686	-1720008000	10.2	947280
9686	-1717329600	10.7	947280
9686	-1714651200	15.1	947280
9686	-1712059200	17	947280
9686	-1709380800	21.8	947280
9686	-1706788800	23.5	947280
9686	-1704110400	27.1	947280
9686	-1701432000	26.2	947280
9686	-1698926400	23	947280
9686	-1696248000	17.5	947280
9686	-1693656000	13.8	947280
9686	-1690977600	10.9	947280
9686	-1688385600	9.4	947280
9686	-1685707200	9.8	947280
9686	-1683028800	13.8	947280
9686	-1680436800	15.8	947280
9686	-1677758400	17.4	947280
9686	-1675166400	22.6	947280
9686	-1672488000	25.5	947280
9686	-1669809600	21.7	947280
9686	-1667390400	21.7	947280
9686	-1664712000	16.2	947280
9686	-1662120000	11.2	947280
9686	-1659441600	9.4	947280
9686	-1656849600	9.1	947280
9686	-1654171200	9.6	947280
9686	-1651492800	13.4	947280
9686	-1648900800	17.1	947280
9686	-1646222400	19.2	947280
9686	-1643630400	22.5	947280
9686	-1640952000	23.3	947280
9686	-1638273600	23	947280
9686	-1635854400	21.7	947280
9686	-1633176000	17.5	947280
9686	-1630584000	13.2	947280
9686	-1627905600	9.2	947280
9686	-1625313600	8.2	947280
9686	-1622635200	10.7	947280
9686	-1619956800	13.3	947280
9686	-1617364800	17.1	947280
9686	-1614686400	21.9	947280
9686	-1612094400	25.4	947280
9686	-1609416000	27.2	947280
9686	-1606737600	26	947280
9686	-1604318400	22	947280
9686	-1601640000	18.8	947280
9686	-1599048000	15.2	947280
9686	-1596369600	11	947280
9686	-1593777600	8.5	947280
9686	-1591099200	9.6	947280
9686	-1588420800	14.2	947280
9686	-1585828800	18.4	947280
9686	-1583150400	24.2	947280
9686	-1580558400	24.9	947280
9686	-1577880000	23.8	947280
9686	-1575201600	23.9	947280
9686	-1572696000	20.5	947280
9686	-1570017600	16.9	947280
9686	-1567425600	11.9	947280
9686	-1564747200	10.3	947280
9686	-1562155200	9.5	947280
9686	-1559476800	9.9	947280
9686	-1556798400	13.3	947280
9686	-1554206400	17.7	947280
9686	-1551528000	22	947280
9686	-1548936000	22.6	947280
9686	-1546257600	24.2	947280
9686	-1543579200	23.8	947280
9686	-1541160000	20.6	947280
9686	-1538481600	17.3	947280
9686	-1535889600	13.8	947280
9686	-1533211200	11.1	947280
9686	-1530619200	10.5	947280
9686	-1527940800	8.4	947280
9686	-1525262400	14.1	947280
9686	-1522670400	15	947280
9686	-1519992000	21.7	947280
9686	-1517400000	22.5	947280
9686	-1514721600	23.3	947280
9686	-1512043200	24.2	947280
9686	-1509624000	21.5	947280
9686	-1506945600	18.8	947280
9686	-1504353600	12	947280
9686	-1501675200	8.8	947280
9686	-1499083200	8	947280
9686	-1496404800	8.8	947280
9686	-1493726400	12.7	947280
9686	-1491134400	17.7	947280
9686	-1488456000	22.2	947280
9686	-1485864000	24	947280
9686	-1483185600	24.8	947280
9686	-1480507200	26.6	947280
9686	-1478088000	23.4	947280
9686	-1475409600	17.3	947280
9686	-1472817600	13.4	947280
9686	-1470139200	10.1	947280
9686	-1467547200	8.9	947280
9686	-1464868800	9.5	947280
9686	-1462190400	12.6	947280
9686	-1459598400	16.3	947280
9686	-1456920000	18.7	947280
9686	-1454328000	25.3	947280
9686	-1451649600	23.4	947280
9686	-1448971200	22.8	947280
9686	-1446465600	20.6	947280
9686	-1443787200	15.4	947280
9686	-1441195200	11.7	947280
9686	-1438516800	9.5	947280
9686	-1435924800	9.1	947280
9686	-1433246400	10.8	947280
9686	-1430568000	14.1	947280
9686	-1427976000	16.6	947280
9686	-1425297600	19.2	947280
9686	-1422705600	21	947280
9686	-1420027200	22.9	947280
9686	-1417348800	24.3	947280
9686	-1414929600	20.8	947280
9686	-1412251200	16.5	947280
9686	-1409659200	12.8	947280
9686	-1406980800	9.6	947280
9686	-1404388800	7.7	947280
9686	-1401710400	9	947280
9686	-1399032000	10.4	947280
9686	-1396440000	16.1	947280
9686	-1393761600	20.5	947280
9686	-1391169600	23.6	947280
9686	-1388491200	23.8	947280
9686	-1385812800	28.4	947280
9686	-1383393600	22.4	947280
9686	-1380715200	17	947280
9686	-1378123200	11.8	947280
9686	-1375444800	10.1	947280
9686	-1372852800	9.6	947280
9686	-1370174400	10.2	947280
9686	-1367496000	12.4	947280
9686	-1364904000	16.5	947280
9686	-1362225600	20	947280
9686	-1359633600	21.5	947280
9686	-1356955200	23.9	947280
9686	-1354276800	23.3	947280
9686	-1351857600	21.8	947280
9686	-1349179200	15.9	947280
9686	-1346587200	11.1	947280
9686	-1343908800	8.7	947280
9686	-1341316800	7.3	947280
9686	-1338638400	8.8	947280
9686	-1335960000	12.6	947280
9686	-1333368000	17.6	947280
9686	-1330689600	21.5	947280
9686	-1328097600	21	947280
9686	-1325419200	22.5	947280
9686	-1322740800	24.1	947280
9686	-1320235200	21.4	947280
9686	-1317556800	18	947280
9686	-1314964800	11	947280
9686	-1312286400	8.8	947280
9686	-1309694400	9.3	947280
9686	-1307016000	11.7	947280
9686	-1304337600	14.4	947280
9686	-1301745600	17.2	947280
9686	-1299067200	20.5	947280
9686	-1296475200	24.3	947280
9686	-1293796800	27.5	947280
9686	-1291118400	23.9	947280
9686	-1288699200	22	947280
9686	-1286020800	15.7	947280
9686	-1283428800	11.6	947280
9686	-1280750400	8.7	947280
9686	-1278158400	7	947280
9686	-1275480000	9.7	947280
9686	-1272801600	12.6	947280
9686	-1270209600	17.2	947280
9686	-1267531200	19.9	947280
9686	-1264939200	23	947280
9686	-1262260800	24.6	947280
9686	-1259582400	25.3	947280
9686	-1257163200	21	947280
9686	-1254484800	15.7	947280
9686	-1251892800	12.6	947280
9686	-1249214400	11.4	947280
9686	-1246622400	10.6	947280
9686	-1243944000	10.3	947280
9686	-1241265600	11.9	947280
9686	-1238673600	17.7	947280
9686	-1235995200	20.8	947280
9686	-1233403200	22.3	947280
9686	-1230724800	24.2	947280
9686	-1228046400	25.2	947280
9686	-1225627200	21.3	947280
9686	-1222948800	16.3	947280
9686	-1220356800	13.3	947280
9686	-1217678400	10.6	947280
9686	-1215086400	8.8	947280
9686	-1212408000	9.7	947280
9686	-1209729600	12.9	947280
9686	-1207137600	15.8	947280
9686	-1204459200	19.4	947280
9686	-1201867200	21.6	947280
9686	-1199188800	28	947280
9686	-1196510400	24.9	947280
9686	-1194004800	22.4	947280
9686	-1191326400	16.8	947280
9686	-1188734400	12.7	947280
9686	-1186056000	8.9	947280
9686	-1183464000	8.5	947280
9686	-1180785600	11	947280
9686	-1178107200	12.9	947280
9686	-1175515200	15.4	947280
9686	-1172836800	20.5	947280
9686	-1170244800	23	947280
9686	-1167566400	25	947280
9686	-1164888000	23.6	947280
9686	-1162468800	24	947280
9686	-1159790400	16.9	947280
9686	-1157198400	12.4	947280
9686	-1154520000	9.6	947280
9686	-1151928000	10.1	947280
9686	-1149249600	8.4	947280
9686	-1146571200	12.9	947280
9686	-1143979200	17	947280
9686	-1141300800	19.2	947280
9686	-1138708800	21.3	947280
9686	-1136030400	23.9	947280
9686	-1133352000	23.3	947280
9686	-1130932800	22.3	947280
9686	-1128254400	16.9	947280
9686	-1125662400	13.1	947280
9686	-1122984000	8.8	947280
9686	-1120392000	9.6	947280
9686	-1117713600	11.2	947280
9686	-1115035200	13.7	947280
9686	-1112443200	15.6	947280
9686	-1109764800	19.4	947280
9686	-1107172800	21.7	947280
9686	-1104494400	23.9	947280
9686	-1101816000	23.7	947280
9686	-1099396800	21.3	947280
9686	-1096718400	16.1	947280
9686	-1094126400	12.1	947280
9686	-1091448000	9.1	947280
9686	-1088856000	8.9	947280
9686	-1086177600	10.8	947280
9686	-1083499200	12.6	947280
9686	-1080907200	17	947280
9686	-1078228800	20.6	947280
9686	-1075636800	22.9	947280
9686	-1072958400	24.8	947280
9686	-1070280000	24.2	947280
9686	-1067774400	21.4	947280
9686	-1065096000	17.1	947280
9686	-1062504000	13.4	947280
9686	-1059825600	9	947280
9686	-1057233600	10.1	947280
9686	-1054555200	11.2	947280
9686	-1051876800	12.8	947280
9686	-1049284800	17.4	947280
9686	-1046606400	20.7	947280
9686	-1044014400	23.6	947280
9686	-1041336000	25.1	947280
9686	-1038657600	23.1	947280
9686	-1036238400	21.2	947280
9686	-1033560000	16.2	947280
9686	-1030968000	13.1	947280
9686	-1028289600	9.6	947280
9686	-1025697600	8.7	947280
9686	-1023019200	11.9	947280
9686	-1020340800	13.5	947280
9686	-1017748800	18.5	947280
9686	-1015070400	21.2	947280
9686	-1012478400	25.3	947280
9686	-1009800000	25.1	947280
9686	-1007121600	23.9	947280
9686	-1004702400	24.1	947280
9686	-1002024000	18.9	947280
9686	-999432000	15.4	947280
9686	-996753600	10.4	947280
9686	-994161600	9.1	947280
9686	-991483200	10.3	947280
9686	-988804800	13.3	947280
9686	-986212800	19.8	947280
9686	-983534400	22.8	947280
9686	-980942400	24.6	947280
9686	-978264000	27.5	947280
9686	-975585600	26.6	947280
9686	-973166400	23.1	947280
9686	-970488000	18.3	947280
9686	-967896000	14.4	947280
9686	-965217600	10.7	947280
9686	-962625600	8.2	947280
9686	-959947200	10.1	947280
9686	-957268800	12.2	947280
9686	-954676800	16.3	947280
9686	-951998400	19.6	947280
9686	-949406400	23.3	947280
9686	-946728000	27.1	947280
9686	-944049600	26.6	947280
9686	-941544000	24.5	947280
9686	-938865600	18.7	947280
9686	-936273600	12.4	947280
9686	-933595200	10.2	947280
9686	-931003200	9	947280
9686	-928324800	11.1	947280
9686	-925646400	14.3	947280
9686	-923054400	18.8	947280
9686	-920376000	20.2	947280
9686	-917784000	24.4	947280
9686	-915105600	21.9	947280
9686	-912427200	23.5	947280
9686	-910008000	20.9	947280
9686	-907329600	17.7	947280
9686	-904737600	13.1	947280
9686	-902059200	10.4	947280
9686	-899467200	9.9	947280
9686	-896788800	10	947280
9686	-894110400	14.3	947280
9686	-891518400	16.8	947280
9686	-888840000	22.1	947280
9686	-886248000	23.9	947280
9686	-883569600	27.7	947280
9686	-880891200	23.4	947280
9686	-878472000	23.3	947280
9686	-875793600	18.1	947280
9686	-873201600	14.9	947280
9686	-870523200	12.4	947280
9686	-867931200	10.6	947280
9686	-865252800	11.2	947280
9686	-862574400	13.4	947280
9686	-859982400	16.7	947280
9686	-857304000	19.7	947280
9686	-854712000	23.3	947280
9686	-852033600	23	947280
9686	-849355200	25.3	947280
9686	-846936000	24.8	947280
9686	-844257600	16.7	947280
9686	-841665600	13.9	947280
9686	-838987200	8.9	947280
9686	-836395200	7.9	947280
9686	-833716800	9.1	947280
9686	-831038400	13.4	947280
9686	-828446400	17	947280
9686	-825768000	19.1	947280
9686	-823176000	22.8	947280
9686	-820497600	26.7	947280
9686	-817819200	24.9	947280
9686	-815313600	22.5	947280
9686	-812635200	16.3	947280
9686	-810043200	12.1	947280
9686	-807364800	9.9	947280
9686	-804772800	9.9	947280
9686	-802094400	10.8	947280
9686	-799416000	13.5	947280
9686	-796824000	18	947280
9686	-794145600	23.2	947280
9686	-791553600	24.7	947280
9686	-788875200	26.5	947280
9686	-786196800	24.5	947280
9686	-783777600	21.8	947280
9686	-781099200	17	947280
9686	-778507200	12.9	947280
9687	-1793620800	16.4	947300
9687	-1790942400	13.5	947300
9687	-1788350400	8	947300
9687	-1785672000	6	947300
9687	-1783080000	5.6	947300
9687	-1780401600	5.9	947300
9687	-1777723200	8.6	947300
9687	-1775131200	14.5	947300
9687	-1772452800	15.4	947300
9687	-1769860800	20.6	947300
9687	-1767182400	21.3	947300
9687	-1764504000	21.4	947300
9687	-1762084800	18.1	947300
9688	-1977739200	11.3	947310
9688	-1975060800	8.6	947310
9688	-1972468800	7	947310
9688	-1969790400	9.2	947310
9688	-1967112000	13.1	947310
9688	-1964520000	17.9	947310
9688	-1961841600	19.2	947310
9688	-1959249600	22.8	947310
9688	-1956571200	25.6	947310
9688	-1953892800	21.3	947310
9688	-1951387200	19.8	947310
9688	-1948708800	15.6	947310
9688	-1946116800	11.1	947310
9688	-1943438400	5.2	947310
9688	-1940846400	5.6	947310
9688	-1938168000	7.4	947310
9688	-1935489600	9.2	947310
9688	-1932897600	13.7	947310
9688	-1930219200	20.5	947310
9688	-1927627200	21.3	947310
9688	-1924948800	21.6	947310
9688	-1922270400	20.3	947310
9688	-1919851200	19.6	947310
9688	-1917172800	12.9	947310
9688	-1914580800	9.9	947310
9688	-1911902400	7.4	947310
9688	-1909310400	4.5	947310
9688	-1906632000	8.3	947310
9688	-1903953600	10.4	947310
9688	-1901361600	15	947310
9688	-1898683200	17.9	947310
9688	-1896091200	20.1	947310
9688	-1893412800	20.8	947310
9688	-1890734400	21.1	947310
9688	-1888315200	19.7	947310
9689	-199886400	16.1	947340
9689	-197294400	20.8	947340
9689	-194616000	22.5	947340
9689	-192024000	26	947340
9689	-189345600	26.8	947340
9689	-186667200	25.1	947340
9689	-184161600	24.4	947340
9689	-181483200	20.7	947340
9689	-178891200	15.3	947340
9689	-176212800	12.5	947340
9689	-173620800	11.9	947340
9689	-170942400	12	947340
9689	-168264000	17.3	947340
9689	-165672000	17.8	947340
9689	-162993600	22.9	947340
9689	-160401600	24.8	947340
9689	-157723200	27	947340
9689	-155044800	28.3	947340
9689	-152625600	25.1	947340
9689	-149947200	20.8	947340
9689	-147355200	16	947340
9689	-144676800	13.5	947340
9689	-142084800	10.6	947340
9689	-139406400	14.7	947340
9689	-136728000	19.9	947340
9689	-134136000	22.7	947340
9689	-131457600	24.2	947340
9689	-128865600	26.3	947340
9689	-126187200	27.3	947340
9689	-123508800	26.7	947340
9689	-121089600	24.3	947340
9690	-344433600	18.2	947350
9690	-342014400	15.7	947350
9690	-339336000	12.3	947350
9690	-336744000	7.3	947350
9690	-334065600	6.2	947350
9690	-331473600	5.5	947350
9690	-328795200	6.2	947350
9690	-326116800	8.2	947350
9690	-323524800	10.3	947350
9690	-320846400	16.4	947350
9690	-318254400	16	947350
9690	-315576000	20.4	947350
9690	-312897600	17.5	947350
9690	-310392000	16	947350
9690	-307713600	11.8	947350
9690	-305121600	7.1	947350
9690	-302443200	4.8	947350
9690	-299851200	6	947350
9690	-297172800	5.5	947350
9690	-294494400	8.5	947350
9690	-291902400	10.7	947350
9690	-289224000	12.1	947350
9690	-286632000	15.4	947350
9690	-283953600	17.7	947350
9690	-281275200	18	947350
9690	-278856000	15.5	947350
9690	-276177600	12.4	947350
9690	-273585600	7.4	947350
9690	-270907200	5.8	947350
9690	-268315200	4.9	947350
9690	-265636800	5.8	947350
9690	-262958400	8.6	947350
9690	-260366400	13.5	947350
9690	-257688000	14.6	947350
9690	-255096000	16.3	947350
9690	-252417600	16.5	947350
9690	-249739200	16.7	947350
9690	-247320000	15.3	947350
9690	-244641600	11.6	947350
9690	-242049600	7.3	947350
9690	-239371200	7.2	947350
9690	-236779200	5.7	947350
9690	-234100800	6.2	947350
9690	-231422400	8.7	947350
9690	-228830400	10.3	947350
9690	-226152000	14.9	947350
9690	-223560000	15.7	947350
9690	-220881600	17.6	947350
9690	-218203200	17.3	947350
9690	-215784000	15.9	947350
9690	-213105600	11.9	947350
9690	-210513600	10	947350
9690	-207835200	6.1	947350
9690	-205243200	4.9	947350
9690	-202564800	6.1	947350
9690	-199886400	8.5	947350
9690	-197294400	12.4	947350
9690	-194616000	13	947350
9690	-192024000	17	947350
9690	-189345600	18.1	947350
9690	-186667200	17.4	947350
9690	-184161600	16.1	947350
9690	-181483200	12.5	947350
9690	-178891200	7.1	947350
9690	-176212800	6.4	947350
9690	-173620800	4.8	947350
9690	-170942400	6.2	947350
9690	-168264000	9	947350
9690	-165672000	9.9	947350
9690	-162993600	14.5	947350
9690	-160401600	15.2	947350
9690	-157723200	17	947350
9690	-155044800	19	947350
9690	-152625600	16.9	947350
9690	-149947200	10.9	947350
9690	-147355200	8.3	947350
9690	-144676800	5.7	947350
9690	-142084800	4.3	947350
9690	-139406400	6.9	947350
9690	-136728000	10.9	947350
9690	-134136000	13.2	947350
9690	-131457600	12.9	947350
9690	-128865600	17.5	947350
9690	-126187200	18.8	947350
9690	-123508800	17.4	947350
9690	-121089600	15.9	947350
9690	-118411200	12.5	947350
9690	-115819200	7.7	947350
9690	-113140800	6.6	947350
9690	-110548800	4.6	947350
9690	-107870400	6.2	947350
9690	-105192000	8.6	947350
9690	-102600000	11.3	947350
9690	-99921600	14.4	947350
9690	-97329600	16.4	947350
9690	-94651200	18.2	947350
9690	-91972800	17.4	947350
9690	-89553600	14.6	947350
9690	-86875200	13.4	947350
9690	-84283200	9.2	947350
9690	-81604800	8.3	947350
9690	-79012800	5.5	947350
9690	-76334400	6.1	947350
9690	-73656000	8.3	947350
9690	-71064000	12.7	947350
9690	-68385600	14.9	947350
9690	-65793600	16	947350
9690	-63115200	18.8	947350
9690	-60436800	20.8	947350
9690	-57931200	18.8	947350
9690	-55252800	14.4	947350
9690	-52660800	7.9	947350
9690	-49982400	5.6	947350
9690	-47390400	4.8	947350
9690	-44712000	6.3	947350
9690	-42033600	8.2	947350
9690	-39441600	11.2	947350
9690	-36763200	14.5	947350
9690	-34171200	15.9	947350
9690	-31492800	20.3	947350
9690	-28814400	19.3	947350
9690	-26395200	17.1	947350
9690	-23716800	13.4	947350
9690	-21124800	8.7	947350
9690	-18446400	6.3	947350
9690	-15854400	6.2	947350
9690	-13176000	8.2	947350
9690	-10497600	7.1	947350
9690	-7905600	11.8	947350
9690	-5227200	13.8	947350
9690	-2635200	15.7	947350
9690	43200	16.5	947350
9690	2721600	18.3	947350
9690	5140800	14.9	947350
9690	7819200	12.2	947350
9690	10411200	7.5	947350
9690	13089600	6.8	947350
9690	15681600	5.2	947350
9690	18360000	5.5	947350
9690	21038400	7.6	947350
9690	23630400	12	947350
9690	26308800	13.5	947350
9690	28900800	17.3	947350
9690	31579200	17.9	947350
9690	34257600	17.9	947350
9690	36676800	16.9	947350
9690	39355200	11.7	947350
9690	41947200	8.1	947350
9690	44625600	5.7	947350
9690	47217600	4.4	947350
9690	49896000	6.2	947350
9690	52574400	9	947350
9690	55166400	11.4	947350
9690	57844800	12.4	947350
9690	60436800	16.4	947350
9690	63115200	16.7	947350
9690	65793600	16.8	947350
9690	68299200	15.7	947350
9690	70977600	11.9	947350
9690	73569600	9.3	947350
9690	76248000	6	947350
9690	78840000	5.2	947350
9690	81518400	7.5	947350
9690	84196800	10.5	947350
9690	86788800	11.9	947350
9690	89467200	13.8	947350
9690	92059200	19	947350
9690	94737600	20.5	947350
9690	97416000	18.5	947350
9690	99835200	15.9	947350
9690	102513600	13.4	947350
9690	105105600	9.6	947350
9690	107784000	6.6	947350
9690	110376000	7	947350
9690	113054400	7	947350
9690	115732800	9.8	947350
9690	118324800	12.5	947350
9690	121003200	14.2	947350
9690	123595200	17	947350
9690	126273600	17.7	947350
9690	128952000	17.2	947350
9690	131371200	16.8	947350
9690	134049600	13.5	947350
9690	136641600	9.2	947350
9690	139320000	6.8	947350
9690	141912000	6.1	947350
9690	144590400	6.2	947350
9690	147268800	7.9	947350
9690	149860800	11.3	947350
9690	152539200	12.8	947350
9690	155131200	16.1	947350
9690	157809600	18.7	947350
9690	160488000	18.7	947350
9690	162907200	15.4	947350
9690	165585600	12.2	947350
9690	168177600	9.4	947350
9690	170856000	7	947350
9773	-1669809600	25.1	955120
9773	-1667390400	26.2	955120
9773	-1664712000	22.2	955120
9773	-1662120000	16.1	955120
9773	-1659441600	11.6	955120
9773	-1656849600	10.4	955120
9773	-1654171200	11.8	955120
9773	-1651492800	16	955120
9773	-1648900800	20.5	955120
9773	-1646222400	21.6	955120
9790	-1762084800	21.8	957070
9790	-1759406400	17.3	957070
9790	-1756814400	12.3	957070
9790	-1754136000	11.6	957070
9790	-1751544000	9.6	957070
9790	-1748865600	13	957070
9790	-1746187200	16	957070
9790	-1743595200	22	957070
9790	-1740916800	26.3	957070
9790	-1738324800	25.4	957070
9791	-1751544000	6.4	957230
9791	-1748865600	8.1	957230
9791	-1746187200	11.6	957230
9791	-1743595200	16.7	957230
9791	-1740916800	21.7	957230
9791	-1738324800	22.3	957230
9791	-1735646400	22	957230
9791	-1732968000	24.3	957230
9791	-1730548800	20.6	957230
9791	-1727870400	14.9	957230
9791	-1725278400	10.4	957230
9791	-1722600000	7.6	957230
9791	-1720008000	7.6	957230
9791	-1717329600	8.2	957230
9791	-1714651200	10.7	957230
9791	-1712059200	12.8	957230
9791	-1709380800	16.2	957230
9791	-1706788800	20.6	957230
9791	-1704110400	23.4	957230
9791	-1701432000	22.1	957230
9791	-1698926400	18.2	957230
9791	-1696248000	13.2	957230
9791	-1693656000	9.9	957230
9791	-1690977600	7.7	957230
9791	-1688385600	6.8	957230
9791	-1685707200	7.7	957230
9791	-1683028800	11.5	957230
9791	-1680436800	12.9	957230
9791	-1677758400	14	957230
9791	-1675166400	18.9	957230
9791	-1672488000	21.9	957230
9791	-1669809600	19.2	957230
9791	-1667390400	17.9	957230
9791	-1664712000	12.2	957230
9791	-1662120000	8.8	957230
9791	-1659441600	8.5	957230
9791	-1656849600	6.1	957230
9791	-1654171200	6.8	957230
9791	-1651492800	9.7	957230
9791	-1648900800	12.7	957230
9791	-1646222400	14.8	957230
9791	-1643630400	20.4	957230
9791	-1640952000	20.1	957230
9791	-1638273600	20.1	957230
9791	-1635854400	18.1	957230
9791	-1633176000	14.3	957230
9791	-1630584000	10.7	957230
9791	-1627905600	7.2	957230
9791	-1625313600	5.9	957230
9791	-1622635200	8.6	957230
9791	-1619956800	10.2	957230
9791	-1617364800	12	957230
9791	-1614686400	18.4	957230
9791	-1612094400	21.1	957230
9791	-1609416000	22.7	957230
9791	-1606737600	23.4	957230
9791	-1604318400	18.2	957230
9791	-1601640000	16.2	957230
9791	-1599048000	12.8	957230
9791	-1596369600	8	957230
9791	-1593777600	5.7	957230
9791	-1591099200	7.4	957230
9791	-1588420800	10.9	957230
9791	-1585828800	15.1	957230
9791	-1583150400	20.4	957230
9791	-1580558400	21.8	957230
9791	-1577880000	20.7	957230
9791	-1575201600	22	957230
9791	-1572696000	17.4	957230
9791	-1570017600	13.6	957230
9791	-1567425600	8.6	957230
9791	-1564747200	8.4	957230
9791	-1562155200	7.4	957230
9791	-1559476800	7.6	957230
9791	-1556798400	10.9	957230
9791	-1554206400	14.4	957230
9791	-1551528000	18	957230
9791	-1548936000	19.7	957230
9791	-1546257600	21.6	957230
9791	-1543579200	22.2	957230
9791	-1541160000	17.6	957230
9791	-1538481600	14.1	957230
9791	-1535889600	11.8	957230
9791	-1533211200	7.7	957230
9791	-1530619200	7.6	957230
9791	-1527940800	5.8	957230
9791	-1525262400	11.1	957230
9791	-1522670400	12	957230
9791	-1519992000	18.1	957230
9791	-1517400000	19.7	957230
9791	-1514721600	20.4	957230
9791	-1512043200	21.9	957230
9791	-1509624000	17.9	957230
9791	-1506945600	15.4	957230
9791	-1504353600	9.9	957230
9791	-1501675200	8	957230
9791	-1499083200	6.7	957230
9791	-1496404800	6.9	957230
9791	-1493726400	10.7	957230
9791	-1491134400	13.6	957230
9791	-1488456000	18.4	957230
9791	-1485864000	20.1	957230
9791	-1483185600	20.5	957230
9791	-1480507200	22.8	957230
9791	-1478088000	20.4	957230
9791	-1475409600	15.5	957230
9791	-1472817600	11.4	957230
9791	-1470139200	8.3	957230
9791	-1467547200	6.4	957230
9792	-157723200	22.5	957270
9792	-155044800	24.9	957270
9792	-152625600	21.5	957270
9792	-149947200	16.3	957270
9792	-147355200	12	957270
9792	-144676800	8.9	957270
9792	-142084800	7.7	957270
9792	-139406400	11	957270
9792	-136728000	16	957270
9792	-134136000	18.7	957270
9792	-131457600	19.8	957270
9792	-128865600	22.3	957270
9792	-126187200	23.8	957270
9792	-123508800	23.6	957270
9792	-121089600	20.5	957270
9792	-118411200	17.3	957270
9792	-115819200	11.3	957270
9792	-113140800	9.2	957270
9792	-110548800	7	957270
9792	-107870400	9.4	957270
9792	-105192000	12.7	957270
9792	-102600000	15.6	957270
9792	-99921600	19	957270
9792	-97329600	22.4	957270
9792	-94651200	24.3	957270
9792	-91972800	24	957270
9792	-89553600	19.2	957270
9792	-86875200	17.4	957270
9792	-84283200	13	957270
9792	-81604800	12.8	957270
9792	-79012800	8.4	957270
9792	-76334400	8.8	957270
9792	-73656000	12.6	957270
9792	-71064000	18.8	957270
9792	-68385600	21.1	957270
9792	-65793600	22	957270
9792	-63115200	24	957270
9792	-60436800	25	957270
9792	-57931200	22.5	957270
9793	-3124094400	22.1	957357
9793	-3121416000	23.9	957357
9793	-3118996800	16.7	957357
9793	-3116318400	13.9	957357
9793	-3113726400	11.6	957357
9793	-3111048000	7.4	957357
9793	-3108456000	6.8	957357
9793	-3105777600	7.8	957357
9793	-3103099200	11.1	957357
9793	-3100507200	14.1	957357
9793	-3097828800	18.2	957357
9793	-3095236800	22.7	957357
9793	-3092558400	26.1	957357
9793	-3089880000	21.9	957357
9793	-3087374400	18.2	957357
9793	-3084696000	12.9	957357
9793	-3082104000	8.4	957357
9793	-3079425600	7.6	957357
9793	-3076833600	6.3	957357
9793	-3074155200	6.3	957357
9793	-3071476800	10.9	957357
9793	-3068884800	12.7	957357
9793	-3066206400	18.1	957357
9793	-3063614400	19.5	957357
9793	-3060936000	19.3	957357
9793	-3058257600	19.7	957357
9793	-3055838400	16.9	957357
9793	-3053160000	12.3	957357
9793	-3050568000	9.7	957357
9793	-3047889600	6.8	957357
9793	-3045297600	5.3	957357
9793	-3042619200	8.5	957357
9793	-3039940800	9.7	957357
9793	-3037348800	14.4	957357
9793	-3034670400	14	957357
9793	-3032078400	21.3	957357
9793	-3029400000	23.1	957357
9793	-3026721600	19.5	957357
9793	-3024302400	16.6	957357
9793	-3021624000	16.1	957357
9793	-3019032000	10.7	957357
9793	-3016353600	6.4	957357
9793	-3013761600	6	957357
9793	-3011083200	7.9	957357
9793	-3008404800	10.6	957357
9793	-3005812800	13.5	957357
9793	-3003134400	17.3	957357
9793	-3000542400	20.7	957357
9793	-2997864000	24	957357
9793	-2995185600	22.7	957357
9793	-2992766400	19.7	957357
9793	-2990088000	15.9	957357
9793	-2987496000	10.4	957357
9793	-2984817600	9.3	957357
9793	-2982225600	8.2	957357
9793	-2979547200	10	957357
9793	-2976868800	11	957357
9793	-2974276800	14.9	957357
9793	-2971598400	16.7	957357
9793	-2969006400	19.8	957357
9793	-2966328000	22.3	957357
9793	-2963649600	22.3	957357
9793	-2961144000	21.6	957357
9793	-2958465600	13	957357
9793	-2955873600	11.2	957357
9793	-2953195200	6.7	957357
9793	-2950603200	5.7	957357
9793	-2947924800	7.1	957357
9793	-2945246400	10.6	957357
9793	-2942654400	13.5	957357
9793	-2939976000	16	957357
9793	-2937384000	21.2	957357
9793	-2934705600	23.7	957357
9793	-2932027200	23.8	957357
9793	-2929608000	19.5	957357
9793	-2926929600	14.3	957357
9793	-2924337600	9.8	957357
9793	-2921659200	5.1	957357
9793	-2919067200	6.6	957357
9793	-2916388800	6.3	957357
9793	-2913710400	10.5	957357
9793	-2911118400	12.8	957357
9793	-2908440000	19.4	957357
9793	-2905848000	21.6	957357
9793	-2903169600	24.6	957357
9793	-2900491200	21.8	957357
9793	-2898072000	20.6	957357
9793	-2895393600	13.8	957357
9793	-2892801600	9.2	957357
9793	-2890123200	4.6	957357
9793	-2887531200	6.8	957357
9793	-2884852800	7.8	957357
9793	-2882174400	11.9	957357
9793	-2879582400	14.7	957357
9793	-2876904000	17.9	957357
9793	-2874312000	20.2	957357
9793	-2871633600	22.2	957357
9793	-2868955200	20.2	957357
9793	-2866536000	17.9	957357
9793	-2863857600	13.1	957357
9793	-2861265600	8.4	957357
9793	-2858587200	5.8	957357
9793	-2855995200	5.1	957357
9793	-2853316800	6.2	957357
9793	-2850638400	11.5	957357
9793	-2848046400	13.6	957357
9793	-2845368000	15.5	957357
9793	-2842776000	19.2	957357
9793	-2840097600	21.9	957357
9793	-2837419200	20.3	957357
9793	-2834913600	19.3	957357
9793	-2832235200	14.4	957357
9793	-2829643200	8.6	957357
9793	-2826964800	5.6	957357
9793	-2824372800	4.8	957357
9793	-2821694400	7.9	957357
9793	-2819016000	11.3	957357
9793	-2816424000	11.7	957357
9793	-2813745600	16.7	957357
9793	-2811153600	20.3	957357
9793	-2808475200	21.1	957357
9793	-2805796800	21.1	957357
9793	-2803377600	17.8	957357
9793	-2800699200	13.9	957357
9793	-2798107200	10.4	957357
9793	-2795428800	5.5	957357
9793	-2792836800	5.2	957357
9793	-2790158400	7.4	957357
9793	-2787480000	9.9	957357
9793	-2784888000	11.6	957357
9793	-2782209600	16.2	957357
9793	-2779617600	21.2	957357
9793	-2776939200	23.7	957357
9793	-2774260800	20.9	957357
9793	-2771841600	20.2	957357
9793	-2769163200	14.8	957357
9793	-2766571200	9.6	957357
9793	-2763892800	5.8	957357
9793	-2761300800	5.2	957357
9793	-2758622400	7.9	957357
9793	-2755944000	10.7	957357
9793	-2753352000	14.6	957357
9793	-2750673600	17.8	957357
9793	-2748081600	18.1	957357
9793	-2745403200	20.7	957357
9793	-2742724800	20.3	957357
9793	-2740305600	17.3	957357
9793	-2737627200	13.2	957357
9793	-2735035200	9.9	957357
9793	-2732356800	6.4	957357
9793	-2729764800	5.3	957357
9793	-2727086400	7.6	957357
9793	-2724408000	8.9	957357
9793	-2721816000	14.4	957357
9793	-2719137600	16.8	957357
9793	-2716545600	19.8	957357
9793	-2713867200	21.8	957357
9793	-2711188800	22.4	957357
9793	-2708683200	19.8	957357
9793	-2706004800	16.3	957357
9793	-2703412800	9	957357
9793	-2700734400	7	957357
9793	-2698142400	7.1	957357
9793	-2695464000	7.8	957357
9793	-2692785600	10	957357
9793	-2690193600	14.3	957357
9793	-2687515200	17.2	957357
9793	-2684923200	17.6	957357
9793	-2682244800	22	957357
9793	-2679566400	21.8	957357
9793	-2677147200	18.7	957357
9793	-2674468800	11.9	957357
9793	-2671876800	8.2	957357
9793	-2669198400	6.8	957357
9793	-2666606400	6.2	957357
9793	-2663928000	7.8	957357
9793	-2661249600	11.8	957357
9793	-2658657600	16.2	957357
9793	-2655979200	18.3	957357
9793	-2653387200	21.6	957357
9793	-2650708800	21.9	957357
9793	-2648030400	21.4	957357
9793	-2645611200	18.7	957357
9793	-2642932800	15.4	957357
9793	-2640340800	9.5	957357
9793	-2637662400	7.2	957357
9793	-2635070400	6.9	957357
9793	-2632392000	7.8	957357
9793	-2629713600	10.1	957357
9793	-2627121600	12.6	957357
9793	-2624443200	17.7	957357
9793	-2621851200	19.8	957357
9793	-2619172800	22.1	957357
9793	-2616494400	19.4	957357
9793	-2614075200	19.2	957357
9793	-2611396800	15.4	957357
9793	-2608804800	8.7	957357
9793	-2606126400	6.7	957357
9793	-2603534400	6.7	957357
9793	-2600856000	8.2	957357
9793	-2598177600	9.6	957357
9793	-2595585600	13.3	957357
9793	-2592907200	16.3	957357
9793	-2590315200	19.6	957357
9793	-2587636800	22.6	957357
9793	-2584958400	21.1	957357
9793	-2582452800	16.6	957357
9793	-2579774400	14.7	957357
9793	-2577182400	8.6	957357
9793	-2574504000	7.7	957357
9793	-2571912000	6	957357
9793	-2569233600	7.1	957357
9793	-2566555200	12	957357
9793	-2563963200	14.3	957357
9793	-2561284800	20.9	957357
9793	-2558692800	22.1	957357
9793	-2556014400	23.2	957357
9793	-2553336000	22.9	957357
9793	-2550916800	20.8	957357
9793	-2548238400	16.1	957357
9793	-2545646400	11.7	957357
9793	-2542968000	7.9	957357
9793	-2540376000	6.8	957357
9793	-2537697600	7.9	957357
9793	-2535019200	9.9	957357
9793	-2532427200	14.8	957357
9793	-2529748800	17.6	957357
9793	-2527156800	21.3	957357
9793	-2524478400	22.3	957357
9793	-2521800000	20.7	957357
9793	-2519380800	19.1	957357
9793	-2516702400	14.3	957357
9793	-2514110400	11.2	957357
9793	-2511432000	8.3	957357
9793	-2508840000	4.8	957357
9793	-2506161600	6.7	957357
9793	-2503483200	10.6	957357
9793	-2500891200	12.8	957357
9793	-2498212800	15.3	957357
9793	-2495620800	17.6	957357
9793	-2492942400	19.8	957357
9793	-2490264000	18.4	957357
9793	-2487844800	17.9	957357
9793	-2485166400	13.9	957357
9793	-2482574400	9.7	957357
9793	-2479896000	8.2	957357
9793	-2477304000	6.6	957357
9793	-2474625600	7.7	957357
9793	-2471947200	9.9	957357
9793	-2469355200	12.7	957357
9793	-2466676800	16.8	957357
9793	-2464084800	20.1	957357
9793	-2461406400	20.9	957357
9793	-2458728000	22.6	957357
9793	-2456222400	20.3	957357
9793	-2453544000	13.2	957357
9793	-2450952000	8.6	957357
9793	-2448273600	5.6	957357
9793	-2445681600	5	957357
9793	-2443003200	7.1	957357
9793	-2440324800	9.5	957357
9793	-2437732800	15.3	957357
9793	-2435054400	16	957357
9793	-2432462400	17.2	957357
9793	-2429784000	19.1	957357
9793	-2427105600	19.8	957357
9793	-2424686400	16.9	957357
9793	-2422008000	12.1	957357
9793	-2419416000	8.5	957357
9793	-2416737600	6.2	957357
9793	-2414145600	6.1	957357
9793	-2411467200	7.4	957357
9793	-2408788800	9.7	957357
9793	-2406196800	14.7	957357
9793	-2403518400	17.1	957357
9793	-2400926400	19.6	957357
9793	-2398248000	21.3	957357
9793	-2395569600	20.1	957357
9793	-2393150400	18.5	957357
9793	-2390472000	14.8	957357
9793	-2387880000	8.8	957357
9793	-2385201600	7	957357
9793	-2382609600	5.3	957357
9793	-2379931200	7.5	957357
9793	-2377252800	9.6	957357
9793	-2374660800	14.9	957357
9793	-2371982400	18.9	957357
9793	-2369390400	19.9	957357
9793	-2366712000	20.5	957357
9793	-2364033600	20.3	957357
9793	-2361614400	18.7	957357
9793	-2358936000	14.5	957357
9793	-2356344000	9.4	957357
9793	-2353665600	8.7	957357
9793	-2351073600	4.8	957357
9793	-2348395200	8.4	957357
9793	-2345716800	10.7	957357
9793	-2343124800	15.6	957357
9793	-2340446400	18.7	957357
9793	-2337854400	21.6	957357
9793	-2335176000	25.6	957357
9793	-2332497600	21.9	957357
9793	-2329992000	19.1	957357
9793	-2327313600	13.3	957357
9793	-2324721600	9.4	957357
9793	-2322043200	6.8	957357
9793	-2319451200	4.8	957357
9793	-2316772800	7.2	957357
9793	-2314094400	10.6	957357
9793	-2311502400	17.3	957357
9793	-2308824000	17.2	957357
9793	-2306232000	20.3	957357
9793	-2303553600	21.7	957357
9793	-2300875200	20.8	957357
9793	-2298456000	17.3	957357
9793	-2295777600	15.6	957357
9793	-2293185600	9.7	957357
9793	-2290507200	8.8	957357
9793	-2287915200	7.9	957357
9793	-2285236800	7.9	957357
9793	-2282558400	11.9	957357
9793	-2279966400	13.7	957357
9793	-2277288000	20.4	957357
9793	-2274696000	21.8	957357
9793	-2272017600	23.3	957357
9793	-2269339200	22	957357
9793	-2266920000	19.2	957357
9793	-2264241600	13.4	957357
9793	-2261649600	9.1	957357
9793	-2258971200	7.9	957357
9793	-2256379200	6.2	957357
9793	-2253700800	8.2	957357
9793	-2251022400	11.5	957357
9793	-2248430400	16.2	957357
9793	-2245752000	18.4	957357
9793	-2243160000	20.2	957357
9823	-1535889600	10.6	959956
9823	-1533211200	8.5	959956
9823	-1530619200	8.3	959956
9823	-1527940800	6.6	959956
9824	-1975060800	7.2	959957
9824	-1972468800	5.7	959957
9824	-1969790400	7.3	959957
9824	-1967112000	11.1	959957
9824	-1964520000	12.6	959957
9824	-1961841600	14.4	959957
9824	-1959249600	18.4	959957
9824	-1956571200	20.9	959957
9824	-1953892800	17.8	959957
9824	-1951387200	16	959957
9824	-1948708800	12.2	959957
9824	-1946116800	10.3	959957
9824	-1943438400	3.5	959957
9824	-1940846400	3.5	959957
9824	-1938168000	5.8	959957
9832	-31492800	27.2	959965
9832	-28814400	26.3	959965
9832	-26395200	23.1	959965
9832	-23716800	18.3	959965
9832	-21124800	13.4	959965
9832	-18446400	11.2	959965
9832	-15854400	10.8	959965
9832	-13176000	12.6	959965
9832	-10497600	10.9	959965
9832	-7905600	18	959965
13213	-1509624000	20.6	947000
13213	-1506945600	18.8	947000
13213	-1504353600	15.6	947000
13214	-3082104000	14.7	947030
13214	-3079425600	13	947030
13214	-3076833600	10	947030
13214	-3074155200	9	947030
13214	-3071476800	17.3	947030
13214	-3068884800	20	947030
13214	-3066206400	25	947030
13214	-3063614400	24.7	947030
13214	-3060936000	26.9	947030
13214	-3058257600	26.4	947030
13214	-3055838400	25.3	947030
13214	-3053160000	17.9	947030
13214	-3050568000	14.9	947030
13214	-3047889600	12.6	947030
13214	-3045297600	7.9	947030
13214	-3042619200	11.6	947030
13214	-3039940800	15.5	947030
13215	189345600	23.4	947060
13215	192024000	25.3	947060
13215	194529600	22	947060
13215	197208000	16.9	947060
13215	199800000	11.9	947060
13215	202478400	9.6	947060
13215	205070400	8.4	947060
13215	207748800	9.9	947060
13215	210427200	12.6	947060
13215	213019200	14.3	947060
13215	215697600	17.9	947060
13215	218289600	21.6	947060
13215	220968000	25.3	947060
13215	223646400	26.3	947060
13215	226065600	21.1	947060
13215	228744000	14.2	947060
13215	231336000	12.7	947060
13215	234014400	9.1	947060
13215	236606400	7.4	947060
13215	239284800	11.9	947060
13215	241963200	11.9	947060
13215	244555200	18.2	947060
13215	247233600	20.2	947060
13216	-1664712000	14.7	947070
13216	-1662120000	11.7	947070
13216	-1659441600	9.5	947070
13216	-1656849600	8.7	947070
13216	-1654171200	9.9	947070
13216	-1651492800	13.6	947070
13216	-1648900800	17.8	947070
13216	-1646222400	19.5	947070
13216	-1643630400	24.6	947070
13216	-1640952000	24.9	947070
13216	-1638273600	24	947070
13216	-1635854400	20.8	947070
13216	-1633176000	17.3	947070
13216	-1630584000	14	947070
13216	-1627905600	9.8	947070
13216	-1625313600	8.1	947070
13216	-1622635200	11.2	947070
13216	-1619956800	13.8	947070
13216	-1617364800	17.5	947070
13216	-1614686400	23.2	947070
13216	-1612094400	26.2	947070
13216	-1609416000	27.7	947070
13216	-1606737600	27.7	947070
13216	-1604318400	20.7	947070
13216	-1601640000	19.3	947070
13216	-1599048000	14.7	947070
13216	-1596369600	11.7	947070
13216	-1593777600	9.3	947070
13216	-1591099200	10.9	947070
13216	-1588420800	15.5	947070
13216	-1585828800	20.5	947070
13216	-1583150400	25.8	947070
13216	-1580558400	27.2	947070
13216	-1577880000	25.9	947070
13216	-1575201600	26.6	947070
13216	-1572696000	20.8	947070
13216	-1570017600	17.2	947070
13216	-1567425600	11.3	947070
13216	-1564747200	10	947070
13216	-1562155200	9	947070
13216	-1559476800	9.3	947070
13216	-1556798400	13.4	947070
13216	-1554206400	18.4	947070
13216	-1551528000	23.2	947070
13216	-1548936000	24.6	947070
13216	-1546257600	26.4	947070
13216	-1543579200	26	947070
13216	-1541160000	21	947070
13216	-1538481600	17.5	947070
13216	-1535889600	14.6	947070
13216	-1533211200	11	947070
13216	-1530619200	10.3	947070
13216	-1527940800	9.2	947070
13216	-1525262400	14.7	947070
13216	-1522670400	17	947070
13216	-1519992000	23.8	947070
13216	-1517400000	24.8	947070
13216	-1514721600	24.7	947070
13216	-1512043200	26.3	947070
13216	-1509624000	22.2	947070
13216	-1506945600	19.9	947070
13216	-1504353600	12.9	947070
13216	-1501675200	10.2	947070
13216	-1499083200	9.1	947070
13216	-1496404800	9.4	947070
13216	-1493726400	14.3	947070
13216	-1491134400	19.5	947070
13216	-1488456000	24	947070
13216	-1485864000	23.1	947070
13216	-1483185600	24.8	947070
13216	-1480507200	28.8	947070
13216	-1478088000	23.9	947070
13216	-1475409600	20.3	947070
13216	-1472817600	15.8	947070
13216	-1470139200	10.7	947070
13216	-1467547200	9.3	947070
13216	-1464868800	10.6	947070
13217	-218203200	25.4	947080
13217	-215784000	24.2	947080
13217	-213105600	19.1	947080
13218	-347112000	27.1	947090
13218	-344433600	25.8	947090
13219	-1514721600	25.1	947110
13219	-1512043200	27.1	947110
13219	-1509624000	23.2	947110
13219	-1506945600	21.1	947110
13219	-1504353600	14.3	947110
13219	-1501675200	10.3	947110
13219	-1499083200	9.6	947110
13219	-1496404800	10.9	947110
13219	-1493726400	15.6	947110
13219	-1491134400	19.8	947110
13219	-1488456000	23.4	947110
13219	-1485864000	26.3	947110
13219	-1483185600	27.3	947110
13219	-1480507200	29.7	947110
13219	-1478088000	26.2	947110
13219	-1475409600	21.2	947110
13219	-1472817600	15.9	947110
13219	-1470139200	11.5	947110
13219	-1467547200	10	947110
13219	-1464868800	11.2	947110
13219	-1462190400	15.2	947110
13219	-1459598400	19.3	947110
13219	-1456920000	20.4	947110
13219	-1454328000	27.7	947110
13219	-1451649600	25.3	947110
13219	-1448971200	25.2	947110
13219	-1446465600	23.7	947110
13219	-1443787200	16.2	947110
13219	-1441195200	14.3	947110
13219	-1438516800	10.1	947110
13219	-1435924800	10.9	947110
13219	-1433246400	12.7	947110
13219	-1430568000	16.1	947110
13219	-1427976000	18.9	947110
13219	-1425297600	21.8	947110
13219	-1422705600	23.1	947110
13219	-1420027200	25	947110
13219	-1417348800	26.1	947110
13219	-1414929600	22.9	947110
13219	-1412251200	19.7	947110
13219	-1409659200	13.7	947110
13219	-1406980800	11.2	947110
13219	-1404388800	8.7	947110
13219	-1401710400	10.7	947110
13219	-1399032000	12.7	947110
13219	-1396440000	18.6	947110
13219	-1393761600	22.2	947110
13219	-1391169600	25.2	947110
13219	-1388491200	25.7	947110
13219	-1385812800	30.4	947110
13219	-1383393600	24.4	947110
13219	-1380715200	19.2	947110
13219	-1378123200	12.4	947110
13219	-1375444800	10.2	947110
13219	-1372852800	11.2	947110
13219	-1370174400	11.8	947110
13219	-1367496000	15.7	947110
13219	-1364904000	19.5	947110
13219	-1362225600	23	947110
13219	-1359633600	24.2	947110
13219	-1356955200	27.9	947110
13219	-1354276800	25.9	947110
13219	-1351857600	22.3	947110
13219	-1349179200	17.4	947110
13220	-917784000	23.9	947120
13220	-915105600	22.2	947120
13220	-912427200	21.2	947120
13220	-910008000	18.1	947120
13220	-907329600	16.8	947120
13221	-2829643200	12.7	947130
13221	-2826964800	7.4	947130
13221	-2824372800	7.1	947130
13222	-1898683200	20.6	947140
13222	-1896091200	22.2	947140
13222	-1893412800	23.6	947140
13222	-1890734400	24.6	947140
13222	-1888315200	21.6	947140
13222	-1885636800	17.5	947140
13222	-1883044800	12.3	947140
13222	-1880366400	9.4	947140
13222	-1877774400	7.5	947140
13222	-1875096000	10.3	947140
13222	-1872417600	11.9	947140
13222	-1869825600	14.1	947140
13222	-1867147200	19.1	947140
13222	-1864555200	21.4	947140
13222	-1861876800	22.3	947140
13222	-1859198400	21.8	947140
13222	-1856779200	19.4	947140
13222	-1854100800	13.7	947140
13222	-1851508800	13.1	947140
13222	-1848830400	7.5	947140
13222	-1846238400	7.7	947140
13222	-1843560000	9.5	947140
13222	-1840881600	12.6	947140
13222	-1838289600	15.1	947140
13222	-1835611200	20.6	947140
13222	-1833019200	21.6	947140
13222	-1830340800	24.3	947140
13222	-1827662400	26.6	947140
13222	-1825156800	22.8	947140
13222	-1822478400	15.8	947140
13222	-1819886400	11.2	947140
13222	-1817208000	9.1	947140
13222	-1814616000	8.8	947140
13222	-1811937600	10.1	947140
13222	-1809259200	12.4	947140
13222	-1806667200	14.6	947140
13222	-1803988800	18.8	947140
13222	-1801396800	23.1	947140
13222	-1798718400	24.5	947140
13222	-1796040000	25.2	947140
13222	-1793620800	19.5	947140
13222	-1790942400	16.3	947140
13222	-1788350400	10.4	947140
13222	-1785672000	7.9	947140
13222	-1783080000	7.4	947140
13222	-1780401600	8.2	947140
13222	-1777723200	11.7	947140
13222	-1775131200	16.7	947140
13222	-1772452800	18.5	947140
13222	-1769860800	25.1	947140
13222	-1767182400	25.4	947140
13222	-1764504000	26.5	947140
13222	-1762084800	22.3	947140
13222	-1759406400	16.1	947140
13222	-1756814400	12.3	947140
13222	-1754136000	8	947140
13222	-1751544000	7.3	947140
13222	-1748865600	9.2	947140
13222	-1746187200	13.3	947140
13222	-1743595200	19.2	947140
13222	-1740916800	25	947140
13222	-1738324800	25.5	947140
13222	-1735646400	25.1	947140
13222	-1732968000	26.5	947140
13222	-1730548800	22.4	947140
13222	-1727870400	17.1	947140
13222	-1725278400	11.7	947140
13222	-1722600000	8.9	947140
13222	-1720008000	8.9	947140
13222	-1717329600	9.1	947140
13222	-1714651200	12.9	947140
13222	-1712059200	14.4	947140
13222	-1709380800	18.4	947140
13222	-1706788800	23.2	947140
13222	-1704110400	26.1	947140
13222	-1701432000	24.9	947140
13222	-1698926400	20.9	947140
13222	-1696248000	15	947140
13222	-1693656000	11	947140
13222	-1690977600	9	947140
13222	-1688385600	7.5	947140
13222	-1685707200	8.8	947140
13222	-1683028800	12.6	947140
13222	-1680436800	14.3	947140
13222	-1677758400	15.9	947140
13222	-1675166400	21.2	947140
13222	-1672488000	24.7	947140
13222	-1669809600	21.3	947140
13222	-1667390400	19.9	947140
13222	-1664712000	14	947140
13222	-1662120000	11	947140
13222	-1659441600	8.3	947140
13222	-1656849600	7.9	947140
13222	-1654171200	8.6	947140
13222	-1651492800	12.6	947140
13222	-1648900800	15.2	947140
13222	-1646222400	17.2	947140
13222	-1643630400	23	947140
13222	-1640952000	23.2	947140
13222	-1638273600	22.6	947140
13222	-1635854400	20.1	947140
13222	-1633176000	16.1	947140
13222	-1630584000	12.6	947140
13222	-1627905600	7.3	947140
13222	-1625313600	6.6	947140
13222	-1622635200	9.7	947140
13222	-1619956800	11.6	947140
13222	-1617364800	14.2	947140
13222	-1614686400	20.5	947140
13222	-1612094400	22.9	947140
13222	-1609416000	25.6	947140
13222	-1606737600	26.1	947140
13222	-1604318400	19.9	947140
13222	-1601640000	18	947140
13222	-1599048000	14	947140
13222	-1596369600	9	947140
13222	-1593777600	7	947140
13222	-1591099200	9.1	947140
13222	-1588420800	13.3	947140
13222	-1585828800	17.1	947140
13222	-1583150400	23.2	947140
13222	-1580558400	24	947140
13223	-1861876800	24.4	947150
13223	-1859198400	22.9	947150
13223	-1856779200	22.3	947150
13223	-1854100800	17.6	947150
13223	-1851508800	14	947150
13223	-1848830400	8.9	947150
13223	-1846238400	10.9	947150
13223	-1843560000	12.3	947150
13223	-1840881600	17.1	947150
13223	-1838289600	19.7	947150
13223	-1835611200	24.4	947150
13223	-1833019200	25.5	947150
13223	-1830340800	27.9	947150
13223	-1827662400	29.5	947150
13223	-1825156800	24.8	947150
13223	-1822478400	18.4	947150
13223	-1819886400	13.5	947150
13223	-1817208000	11.3	947150
13223	-1814616000	10.3	947150
13223	-1811937600	13.6	947150
13223	-1809259200	14.8	947150
13223	-1806667200	19.9	947150
13223	-1803988800	24.3	947150
13223	-1801396800	27.2	947150
13223	-1798718400	28.4	947150
13223	-1796040000	27.6	947150
13223	-1793620800	21.9	947150
13223	-1790942400	20	947150
13223	-1788350400	12.3	947150
13223	-1785672000	9.5	947150
13223	-1783080000	10	947150
13223	-1780401600	11.3	947150
13223	-1777723200	14.4	947150
13223	-1775131200	22.5	947150
13223	-1772452800	22.3	947150
13223	-1769860800	28.3	947150
13223	-1767182400	29.9	947150
13223	-1764504000	28.8	947150
13223	-1762084800	23.9	947150
13223	-1759406400	20.5	947150
13223	-1756814400	14.8	947150
13223	-1754136000	12.4	947150
13223	-1751544000	10.2	947150
13223	-1748865600	13.2	947150
13223	-1746187200	17.1	947150
13223	-1743595200	21.3	947150
13223	-1740916800	28.1	947150
13223	-1738324800	28.1	947150
13223	-1735646400	27.2	947150
13223	-1732968000	30.7	947150
13223	-1730548800	26.5	947150
13223	-1727870400	20.1	947150
13223	-1725278400	14.1	947150
13223	-1722600000	11.8	947150
13223	-1720008000	11.2	947150
13223	-1717329600	12	947150
13223	-1714651200	18	947150
13223	-1712059200	19.6	947150
13223	-1709380800	23.7	947150
13223	-1706788800	25.3	947150
13223	-1704110400	29.1	947150
13223	-1701432000	28.4	947150
13223	-1698926400	25.1	947150
13223	-1696248000	18.9	947150
13223	-1693656000	15.1	947150
13223	-1690977600	11.8	947150
13223	-1688385600	9.7	947150
13223	-1685707200	11.3	947150
13223	-1683028800	15.5	947150
13223	-1680436800	17.6	947150
13223	-1677758400	19.2	947150
13223	-1675166400	24.6	947150
13223	-1672488000	27.5	947150
13223	-1669809600	23.4	947150
13223	-1667390400	24.7	947150
13223	-1664712000	18.2	947150
13223	-1662120000	13.1	947150
13223	-1659441600	10.6	947150
13223	-1656849600	10.8	947150
13223	-1654171200	12	947150
13223	-1651492800	16.3	947150
13223	-1648900800	20	947150
13223	-1646222400	21.2	947150
13223	-1643630400	25.4	947150
13223	-1640952000	25.7	947150
13223	-1638273600	26	947150
13223	-1635854400	23.4	947150
13223	-1633176000	19.7	947150
13223	-1630584000	14.6	947150
13223	-1627905600	11	947150
13223	-1625313600	9.7	947150
13223	-1622635200	13.1	947150
13223	-1619956800	15.8	947150
13223	-1617364800	19.8	947150
13223	-1614686400	23.7	947150
13223	-1612094400	27.8	947150
13223	-1609416000	30	947150
13223	-1606737600	28.4	947150
13223	-1604318400	23.6	947150
13223	-1601640000	21.4	947150
13223	-1599048000	16.5	947150
13223	-1596369600	11.8	947150
13223	-1593777600	9	947150
13223	-1591099200	11.2	947150
13223	-1588420800	17	947150
13223	-1585828800	20.6	947150
13223	-1583150400	27.1	947150
13223	-1580558400	28.5	947150
13223	-1577880000	27	947150
13223	-1575201600	26.9	947150
13223	-1572696000	22.5	947150
13223	-1570017600	19.4	947150
13223	-1567425600	14.1	947150
13223	-1564747200	11.6	947150
13223	-1562155200	10.7	947150
13223	-1559476800	10.9	947150
13223	-1556798400	14.5	947150
13223	-1554206400	19.4	947150
13223	-1551528000	24.8	947150
13223	-1548936000	24.8	947150
13223	-1546257600	27.1	947150
13223	-1543579200	27.4	947150
13223	-1541160000	23.9	947150
13223	-1538481600	19.7	947150
13223	-1535889600	15.7	947150
13223	-1533211200	12.6	947150
13223	-1530619200	13.3	947150
13223	-1527940800	10.9	947150
13223	-1525262400	16.9	947150
13223	-1522670400	18	947150
13223	-1519992000	24.9	947150
13223	-1517400000	25.8	947150
13223	-1514721600	25.7	947150
13223	-1512043200	26.8	947150
13223	-1509624000	23.6	947150
13223	-1506945600	22.2	947150
13223	-1504353600	14.1	947150
13223	-1501675200	10.9	947150
13223	-1499083200	10.1	947150
13223	-1496404800	10.8	947150
13223	-1493726400	16.2	947150
13223	-1491134400	20.7	947150
13223	-1488456000	24.1	947150
13223	-1485864000	26.5	947150
13223	-1483185600	27.4	947150
13223	-1480507200	29.8	947150
13223	-1478088000	25.7	947150
13223	-1475409600	21	947150
13223	-1472817600	16.2	947150
13223	-1470139200	12.1	947150
13223	-1467547200	10.4	947150
13223	-1464868800	11.2	947150
13223	-1462190400	16.2	947150
13223	-1459598400	19.7	947150
13223	-1456920000	20.5	947150
13223	-1454328000	28.4	947150
13223	-1451649600	25.7	947150
13223	-1448971200	24.5	947150
13223	-1446465600	23.3	947150
13223	-1443787200	16.7	947150
13223	-1441195200	14.2	947150
13223	-1438516800	10.6	947150
13223	-1435924800	11.5	947150
13223	-1433246400	12.3	947150
13223	-1430568000	16.1	947150
13223	-1427976000	19.2	947150
13223	-1425297600	21.4	947150
13223	-1422705600	23	947150
13223	-1420027200	25.6	947150
13223	-1417348800	27.2	947150
13223	-1414929600	23	947150
13223	-1412251200	19.9	947150
13223	-1409659200	14.7	947150
13223	-1406980800	12.3	947150
13223	-1404388800	9.5	947150
13223	-1401710400	10.8	947150
13223	-1399032000	12.5	947150
13223	-1396440000	19.2	947150
13223	-1393761600	23.4	947150
13223	-1391169600	27	947150
13223	-1388491200	25.9	947150
13223	-1385812800	31.6	947150
13223	-1383393600	25.2	947150
13223	-1380715200	19.6	947150
13223	-1378123200	12.7	947150
13223	-1375444800	10.7	947150
13223	-1372852800	11.7	947150
13223	-1370174400	13.1	947150
13223	-1367496000	15.7	947150
13223	-1364904000	20.1	947150
13223	-1362225600	23.2	947150
13223	-1359633600	24.9	947150
13223	-1356955200	27.9	947150
13223	-1354276800	27.3	947150
13223	-1351857600	24.7	947150
13223	-1349179200	18.6	947150
13223	-1346587200	12.7	947150
13223	-1343908800	11.2	947150
13223	-1341316800	9.3	947150
13223	-1338638400	10.9	947150
13223	-1335960000	15.8	947150
13223	-1333368000	20.5	947150
13223	-1330689600	24.5	947150
13224	-1848830400	9.7	947170
13224	-1846238400	10	947170
13224	-1843560000	12.1	947170
13224	-1840881600	15.7	947170
13224	-1838289600	18	947170
13224	-1835611200	23.7	947170
13224	-1833019200	24.1	947170
13224	-1830340800	26.3	947170
13224	-1827662400	28.3	947170
13224	-1825156800	24.5	947170
13224	-1822478400	18.5	947170
13224	-1819886400	14.4	947170
13224	-1817208000	11.5	947170
13224	-1814616000	10	947170
13224	-1811937600	12.1	947170
13224	-1809259200	13.4	947170
13224	-1806667200	18	947170
13224	-1803988800	23	947170
13224	-1801396800	25.8	947170
13224	-1798718400	27.3	947170
13224	-1796040000	26.5	947170
13224	-1793620800	21.5	947170
13224	-1790942400	19	947170
13224	-1788350400	12.3	947170
13224	-1785672000	10	947170
13224	-1783080000	11	947170
13224	-1780401600	11	947170
13224	-1777723200	13.8	947170
13224	-1775131200	20.1	947170
13224	-1772452800	21.2	947170
13224	-1769860800	27.3	947170
13224	-1767182400	28.1	947170
13224	-1764504000	27.9	947170
13224	-1762084800	23.8	947170
13224	-1759406400	19.5	947170
13224	-1756814400	14.8	947170
13224	-1754136000	13	947170
13224	-1751544000	10.1	947170
13225	-1441195200	11.5	947190
13225	-1438516800	8.9	947190
13225	-1435924800	9	947190
13225	-1433246400	9.6	947190
13225	-1430568000	12.6	947190
13225	-1427976000	14.5	947190
13225	-1425297600	18.3	947190
13225	-1422705600	20.4	947190
13225	-1420027200	22.4	947190
13225	-1417348800	22.9	947190
13225	-1414929600	20.3	947190
13225	-1412251200	16.8	947190
13225	-1409659200	12.6	947190
13225	-1406980800	9.6	947190
13225	-1404388800	7.2	947190
13225	-1401710400	9	947190
13225	-1399032000	9	947190
13225	-1396440000	15.1	947190
13225	-1393761600	20.3	947190
13225	-1391169600	23.2	947190
13225	-1388491200	22.9	947190
13225	-1385812800	28	947190
13225	-1383393600	21.9	947190
13225	-1380715200	16	947190
13225	-1378123200	10.8	947190
13225	-1375444800	10	947190
13225	-1372852800	9	947190
13225	-1370174400	9.6	947190
13225	-1367496000	12.2	947190
13225	-1364904000	15.2	947190
13225	-1362225600	19.7	947190
13225	-1359633600	21.4	947190
13225	-1356955200	24	947190
13225	-1354276800	23.1	947190
13225	-1351857600	20.9	947190
13225	-1349179200	15.7	947190
13225	-1346587200	10.2	947190
13225	-1343908800	8.3	947190
13225	-1341316800	7	947190
13225	-1338638400	7.8	947190
13225	-1335960000	12.7	947190
13225	-1333368000	17.4	947190
13225	-1330689600	21.1	947190
13226	265550400	9.3	947200
13226	268142400	7.1	947200
13226	270820800	7.8	947200
13226	273499200	11.4	947200
13226	276091200	13.5	947200
13226	278769600	16.9	947200
13226	281361600	19.3	947200
13226	284040000	26.4	947200
13226	286718400	24.6	947200
13226	289137600	21.1	947200
13226	291816000	15	947200
13226	294408000	11	947200
13226	297086400	9.2	947200
13226	299678400	7.1	947200
13226	302356800	8.6	947200
13226	305035200	11.4	947200
13226	307627200	14.8	947200
13226	310305600	20.4	947200
13226	312897600	23.5	947200
13226	315576000	23.2	947200
13226	318254400	23.8	947200
13226	320760000	21.1	947200
13226	323438400	16.6	947200
13226	326030400	13.3	947200
13226	328708800	9	947200
13226	331300800	7.7	947200
13226	333979200	9.4	947200
13226	336657600	12.1	947200
13226	339249600	17	947200
13226	341928000	20.8	947200
13226	344520000	23.6	947200
13226	347198400	28	947200
13226	349876800	25.4	947200
13226	352296000	20.9	947200
13226	354974400	17.1	947200
13226	357566400	12.8	947200
13226	360244800	9	947200
13226	362836800	8.1	947200
13226	365515200	8.7	947200
13226	368193600	12.1	947200
13226	370785600	15.8	947200
13226	373464000	17.6	947200
13226	376056000	21.7	947200
13226	378734400	25.5	947200
13226	381412800	25.1	947200
13226	383832000	20.9	947200
13226	386510400	15.8	947200
13226	389102400	11.4	947200
13226	391780800	7.9	947200
13226	394372800	6.9	947200
13226	397051200	10.9	947200
13226	399729600	11.9	947200
13226	402321600	15.7	947200
13226	4.05e+08	21.7	947200
13226	407592000	24	947200
13226	410270400	24.1	947200
13226	412948800	27.1	947200
13226	415368000	23.3	947200
13226	418046400	15.4	947200
13226	420638400	13	947200
13226	423316800	8.9	947200
13226	425908800	7.1	947200
13226	428587200	9.4	947200
13226	431265600	11.5	947200
13226	433857600	15.6	947200
13226	436536000	16.9	947200
13226	439128000	20.9	947200
13226	441806400	20.5	947200
13226	444484800	21.6	947200
13226	446990400	17.8	947200
13226	449668800	15.3	947200
13226	452260800	11.1	947200
13226	454939200	8.6	947200
13226	457531200	7.4	947200
13226	460209600	9.8	947200
13226	462888000	10.6	947200
13226	465480000	14.9	947200
13226	468158400	18.3	947200
13226	470750400	19.5	947200
13226	473428800	23	947200
13226	476107200	22.8	947200
13226	478526400	21.2	947200
13226	481204800	16.4	947200
13226	483796800	12	947200
13226	486475200	7.6	947200
13226	489067200	7.4	947200
13226	491745600	9.2	947200
13226	494424000	11.2	947200
13226	497016000	14.9	947200
13226	499694400	17.7	947200
13226	502286400	19.7	947200
13226	504964800	21.3	947200
13226	507643200	22.7	947200
13226	510062400	22.4	947200
13226	512740800	16.7	947200
13226	515332800	12.3	947200
13226	518011200	6.9	947200
13226	520603200	7.5	947200
13226	523281600	9.2	947200
13226	525960000	11	947200
13226	528552000	12.2	947200
13226	531230400	16.7	947200
13226	533822400	19.4	947200
13226	536500800	22.6	947200
13226	539179200	24	947200
13226	541598400	17.8	947200
13226	544276800	15.9	947200
13226	546868800	11.8	947200
13226	549547200	9.6	947200
13227	-1806667200	16	947230
13227	-1803988800	21.3	947230
13227	-1801396800	24.3	947230
13227	-1798718400	25.6	947230
13227	-1796040000	24	947230
13227	-1793620800	18.2	947230
13227	-1790942400	15.9	947230
13227	-1788350400	10.1	947230
13227	-1785672000	6.8	947230
13227	-1783080000	7	947230
13227	-1780401600	7.6	947230
13227	-1777723200	11.6	947230
13227	-1775131200	17.7	947230
13227	-1772452800	19.6	947230
13227	-1769860800	25	947230
13227	-1767182400	24.6	947230
13227	-1764504000	22.9	947230
13227	-1762084800	16.9	947230
13227	-1759406400	13.8	947230
13227	-1756814400	8.3	947230
13227	-1754136000	9.8	947230
13227	-1751544000	6.7	947230
13227	-1748865600	11.6	947230
13227	-1746187200	15.9	947230
13227	-1743595200	18.8	947230
13227	-1740916800	25.1	947230
13227	-1738324800	25	947230
13227	-1735646400	24.2	947230
13227	-1732968000	26.5	947230
13227	-1730548800	22.1	947230
13227	-1727870400	16.4	947230
13227	-1725278400	10.9	947230
13227	-1722600000	8.5	947230
13227	-1720008000	8.7	947230
13227	-1717329600	8.5	947230
13227	-1714651200	12.4	947230
13227	-1712059200	15.1	947230
13227	-1709380800	19.4	947230
13227	-1706788800	22.3	947230
13227	-1704110400	25.9	947230
13227	-1701432000	24.1	947230
13227	-1698926400	20.9	947230
13227	-1696248000	14.7	947230
13227	-1693656000	11.4	947230
13227	-1690977600	8.8	947230
13227	-1688385600	7.9	947230
13227	-1685707200	8.3	947230
13227	-1683028800	12.1	947230
13227	-1680436800	13.7	947230
13227	-1677758400	15.5	947230
13227	-1675166400	21.7	947230
13227	-1672488000	24.3	947230
13227	-1669809600	20.5	947230
13227	-1667390400	19.5	947230
13227	-1664712000	13.5	947230
13227	-1662120000	9.3	947230
13227	-1659441600	7.6	947230
13227	-1656849600	6.6	947230
13227	-1654171200	8.3	947230
13227	-1651492800	11.9	947230
13227	-1648900800	15.4	947230
13227	-1646222400	17.9	947230
13227	-1643630400	22.6	947230
13227	-1640952000	21.2	947230
13227	-1638273600	20.5	947230
13227	-1635854400	18.3	947230
13227	-1633176000	14.8	947230
13227	-1630584000	10.4	947230
13227	-1627905600	5.7	947230
13227	-1625313600	5	947230
13227	-1622635200	8.7	947230
13227	-1619956800	12.1	947230
13227	-1617364800	15.2	947230
13227	-1614686400	21	947230
13227	-1612094400	23.6	947230
13227	-1609416000	25.4	947230
13227	-1606737600	24.4	947230
13227	-1604318400	19.9	947230
13227	-1601640000	17.1	947230
13227	-1599048000	13.6	947230
13227	-1596369600	8.7	947230
13227	-1593777600	6.4	947230
13227	-1591099200	7.9	947230
13227	-1588420800	12.5	947230
13227	-1585828800	17.5	947230
13227	-1583150400	23	947230
13227	-1580558400	24.2	947230
13227	-1577880000	22.5	947230
13227	-1575201600	22.6	947230
13227	-1572696000	18.2	947230
13227	-1570017600	14.8	947230
13227	-1567425600	9.8	947230
13227	-1564747200	7.4	947230
13227	-1562155200	7.8	947230
13227	-1559476800	7.9	947230
13227	-1556798400	11.9	947230
13227	-1554206400	16.1	947230
13227	-1551528000	20.8	947230
13227	-1548936000	22.1	947230
13227	-1546257600	23.1	947230
13227	-1543579200	22.7	947230
13227	-1541160000	18.9	947230
13227	-1538481600	15.1	947230
13227	-1535889600	11.3	947230
13227	-1533211200	8.2	947230
13227	-1530619200	8.4	947230
13227	-1527940800	6.8	947230
13227	-1525262400	13	947230
13227	-1522670400	14.2	947230
13227	-1519992000	20.9	947230
13227	-1517400000	21.7	947230
13227	-1514721600	21.8	947230
13227	-1512043200	23	947230
13227	-1509624000	19.8	947230
13227	-1506945600	17	947230
13227	-1504353600	10.4	947230
13227	-1501675200	8.5	947230
13227	-1499083200	7.3	947230
13227	-1496404800	7.6	947230
13227	-1493726400	13.1	947230
13227	-1491134400	18	947230
13227	-1488456000	22.3	947230
13227	-1485864000	22.5	947230
13227	-1483185600	21.6	947230
13227	-1480507200	24.2	947230
13227	-1478088000	21.5	947230
13227	-1475409600	16.5	947230
13227	-1472817600	12.3	947230
13227	-1470139200	8.1	947230
13227	-1467547200	6.9	947230
13227	-1464868800	8.1	947230
13227	-1462190400	10.9	947230
13227	-1459598400	15.5	947230
13227	-1456920000	17	947230
13227	-1454328000	24.1	947230
13227	-1451649600	22.1	947230
13227	-1448971200	21.3	947230
13227	-1446465600	19.6	947230
13227	-1443787200	12.7	947230
13227	-1441195200	10.3	947230
13227	-1438516800	7.2	947230
13227	-1435924800	7.5	947230
13227	-1433246400	8.9	947230
13227	-1430568000	12.1	947230
13227	-1427976000	15.2	947230
13227	-1425297600	18.4	947230
13227	-1422705600	20.1	947230
13227	-1420027200	22.3	947230
13227	-1417348800	22.8	947230
13227	-1414929600	19.9	947230
13227	-1412251200	16.4	947230
13227	-1409659200	11.9	947230
13227	-1406980800	8.9	947230
13227	-1404388800	6.2	947230
13227	-1401710400	7.4	947230
13227	-1399032000	8.7	947230
13227	-1396440000	14.9	947230
13227	-1393761600	19.6	947230
13227	-1391169600	22.8	947230
13227	-1388491200	21.9	947230
13227	-1385812800	26	947230
13227	-1383393600	19.8	947230
13227	-1380715200	13.6	947230
13227	-1378123200	8.4	947230
13227	-1375444800	7	947230
13227	-1372852800	6.9	947230
13227	-1370174400	8.2	947230
13227	-1367496000	11.3	947230
13227	-1364904000	14.9	947230
13227	-1362225600	18.7	947230
13227	-1359633600	20.1	947230
13227	-1356955200	22.4	947230
13227	-1354276800	21.7	947230
13227	-1351857600	19.5	947230
13227	-1349179200	14.1	947230
13227	-1346587200	7.8	947230
13227	-1343908800	5.9	947230
13227	-1341316800	4.9	947230
13227	-1338638400	6.8	947230
13227	-1335960000	11.2	947230
13227	-1333368000	16.8	947230
13227	-1330689600	20.2	947230
13227	-1328097600	20.5	947230
13227	-1325419200	20.5	947230
13227	-1322740800	21.6	947230
13227	-1320235200	19.3	947230
13227	-1317556800	15.6	947230
13227	-1314964800	8.6	947230
13227	-1312286400	5.8	947230
13227	-1309694400	6.1	947230
13227	-1307016000	9.3	947230
13227	-1304337600	12.5	947230
13227	-1301745600	13.8	947230
13228	573220800	15.4	947260
13228	575899200	13.1	947260
13228	578491200	9.3	947260
13228	581169600	6.3	947260
13228	583761600	6.2	947260
13228	586440000	6.4	947260
13228	589118400	9.4	947260
13228	591710400	12.6	947260
13228	594388800	13.6	947260
13228	596980800	18	947260
13228	599659200	16.5	947260
13228	602337600	17.6	947260
13228	604756800	16.8	947260
13228	607435200	13.3	947260
13228	610027200	10.2	947260
13228	612705600	6	947260
13228	615297600	3.9	947260
13228	617976000	4.3	947260
13228	620654400	7.8	947260
13228	623246400	10.6	947260
13228	625924800	14	947260
13228	628516800	17.1	947260
13228	631195200	19.9	947260
13228	633873600	17.4	947260
13228	636292800	17	947260
13228	638971200	13.2	947260
13228	641563200	9.5	947260
13228	644241600	5.3	947260
13228	646833600	5.4	947260
13228	649512000	5.1	947260
13228	652190400	8.3	947260
13228	654782400	11.3	947260
13228	657460800	14.6	947260
13228	660052800	19.8	947260
13228	662731200	20.8	947260
13228	665409600	22.3	947260
13228	667828800	16.9	947260
13228	670507200	12.1	947260
13228	673099200	9.7	947260
13228	675777600	8.8	947260
13228	678369600	5.1	947260
13228	681048000	4.9	947260
13228	683726400	8	947260
13228	686318400	12.4	947260
13228	688996800	13.9	947260
13228	691588800	15.8	947260
13228	694267200	17.5	947260
13228	696945600	16.9	947260
13228	699451200	16	947260
13228	702129600	12.3	947260
13228	704721600	8.4	947260
13228	707400000	5.4	947260
13228	709992000	5.4	947260
13228	712670400	4.8	947260
13228	715348800	6.9	947260
13228	717940800	10.8	947260
13228	720619200	12.3	947260
13228	723211200	15.4	947260
13228	725889600	20	947260
13228	728568000	18.9	947260
13228	730987200	14.9	947260
13228	733665600	13.3	947260
13228	736257600	9.1	947260
13228	738936000	5.4	947260
13228	741528000	7.4	947260
13228	744206400	6.9	947260
13228	746884800	8.3	947260
13228	749476800	10.6	947260
13228	752155200	13.7	947260
13228	754747200	16	947260
13228	757425600	19	947260
13228	760104000	19.4	947260
13228	762523200	13.8	947260
13228	765201600	12.1	947260
13228	767793600	8.5	947260
13228	770472000	6.4	947260
13228	773064000	5	947260
13228	775742400	5.3	947260
13228	778420800	7.8	947260
13228	781012800	11.4	947260
13228	783691200	14.6	947260
13228	786283200	19.3	947260
13228	788961600	17.9	947260
13228	791640000	17.6	947260
13228	794059200	15.4	947260
13228	796737600	10	947260
13228	799329600	9.5	947260
13228	802008000	6.1	947260
13228	804600000	4	947260
13228	807278400	8	947260
13228	809956800	8.5	947260
13228	812548800	12.2	947260
13228	815227200	14.7	947260
13228	817819200	15.5	947260
13228	820497600	18.5	947260
13228	823176000	16	947260
13228	825681600	15	947260
13228	828360000	10.6	947260
13228	830952000	9.9	947260
13228	833630400	6.5	947260
13228	836222400	5	947260
13228	838900800	5.7	947260
13228	841579200	8.1	947260
13228	844171200	11.8	947260
13228	846849600	12.5	947260
13228	849441600	16.2	947260
13228	852120000	17.5	947260
13228	854798400	20.8	947260
13228	857217600	15.9	947260
13228	859896000	12.8	947260
13228	862488000	9.4	947260
13228	865166400	5.8	947260
13228	867758400	4.6	947260
13228	870436800	5.2	947260
13228	873115200	8.8	947260
13228	875707200	12.2	947260
13228	878385600	17.2	947260
13228	880977600	19.7	947260
13228	883656000	20.1	947260
13228	886334400	19.9	947260
13228	888753600	18.6	947260
13228	891432000	13.4	947260
13228	894024000	9.2	947260
13228	896702400	6.3	947260
13228	899294400	4.9	947260
13228	901972800	7.7	947260
13228	904651200	10.2	947260
13228	907243200	10.5	947260
13228	909921600	12.7	947260
13228	912513600	17.6	947260
13228	915192000	21.2	947260
13228	917870400	18.1	947260
13228	920289600	16.8	947260
13228	922968000	11.2	947260
13228	925560000	9.7	947260
13228	928238400	6.6	947260
13228	930830400	6	947260
13228	933508800	6.7	947260
13228	936187200	10.2	947260
13228	938779200	12.8	947260
13228	941457600	12.1	947260
13228	944049600	16	947260
13228	946728000	16.1	947260
13228	949406400	19.7	947260
13228	951912000	17.8	947260
13228	954590400	12.5	947260
13228	957182400	8.1	947260
13228	959860800	5.5	947260
13228	962452800	5.3	947260
13228	965131200	5.9	947260
13228	967809600	10.2	947260
13228	970401600	11.2	947260
13228	973080000	15.3	947260
13228	975672000	18.2	947260
13228	978350400	21.8	947260
13228	981028800	20.8	947260
13228	983448000	15.6	947260
13228	986126400	13.2	947260
13228	988718400	8.4	947260
13228	991396800	6.8	947260
13228	993988800	6	947260
13228	996667200	5.8	947260
13228	999345600	10.3	947260
13228	1001937600	10.6	947260
13228	1004616000	13.5	947260
13228	1007208000	16.8	947260
13228	1009886400	18.6	947260
13228	1012564800	17.6	947260
13228	1014984000	16.5	947260
13228	1017662400	14	947260
13228	1020254400	8.4	947260
13228	1022932800	6.4	947260
13228	1025524800	5.2	947260
13228	1028203200	7	947260
13228	1030881600	9.7	947260
13228	1033473600	13	947260
13228	1036152000	18.5	947260
13228	1038744000	18.8	947260
13228	1041422400	21.3	947260
13228	1044100800	20.4	947260
13228	1046520000	15.4	947260
13228	1049198400	12.2	947260
13228	1051790400	9.8	947260
13228	1054468800	7.3	947260
13228	1057060800	5.6	947260
13228	1059739200	6.1	947260
13228	1062417600	8.8	947260
13228	1065009600	9.9	947260
13228	1067688000	14.7	947260
13228	1070280000	18.5	947260
13228	1072958400	20.5	947260
13228	1075636800	22	947260
13228	1078142400	17	947260
13228	1080820800	14.2	947260
13228	1083412800	8.5	947260
13228	1086091200	6.6	947260
13228	1088683200	5.4	947260
13228	1091361600	6.5	947260
13228	1094040000	9	947260
13228	1096632000	12.1	947260
13228	1099310400	14.6	947260
13228	1101902400	17.3	947260
13228	1104580800	19.7	947260
13228	1107259200	18.5	947260
13228	1109678400	15.6	947260
13228	1112356800	15.5	947260
13228	1114948800	9.5	947260
13228	1117627200	7.8	947260
13228	1120219200	6.2	947260
13228	1122897600	6.8	947260
13228	1125576000	9.1	947260
13228	1128168000	12.9	947260
13228	1130846400	15.4	947260
13228	1133438400	18.3	947260
13228	1136116800	22.1	947260
13228	1138795200	20.2	947260
13228	1141214400	17.7	947260
13228	1143892800	11	947260
13228	1146484800	7.2	947260
13228	1149163200	5.3	947260
13228	1151755200	6.1	947260
13228	1154433600	6.8	947260
13228	1157112000	10.7	947260
13228	1159704000	13.9	947260
13228	1162382400	17	947260
13228	1164974400	18.6	947260
13228	1167652800	20.8	947260
13228	1170331200	20.2	947260
13228	1172750400	17.9	947260
13228	1175428800	13.6	947260
13228	1178020800	10.7	947260
13228	1180699200	5.3	947260
13228	1183291200	4.7	947260
13228	1185969600	8.1	947260
13228	1188648000	8.9	947260
13228	1191240000	14.1	947260
13228	1193918400	16.4	947260
13228	1196510400	17.4	947260
13228	1199188800	20	947260
13228	1201867200	16.6	947260
13228	1204372800	16.3	947260
13228	1207051200	10.6	947260
13228	1209643200	8.5	947260
13228	1212321600	8.1	947260
13228	1214913600	4.8	947260
13228	1217592000	4.7	947260
13228	1220270400	9.5	947260
13228	1222862400	13.4	947260
13228	1225540800	14.3	947260
13228	1228132800	16.8	947260
13228	1230811200	20.5	947260
13228	1233489600	20.2	947260
13228	1235908800	16.7	947260
13228	1238587200	12.2	947260
13228	1241179200	9.2	947260
13228	1243857600	6.9	947260
13228	1246449600	5.6	947260
13228	1249128000	7.7	947260
13228	1251806400	9.8	947260
13228	1254398400	11.6	947260
13228	1257076800	20	947260
13228	1259668800	18.8	947260
13228	1262347200	21.2	947260
13228	1265025600	19.4	947260
13228	1267444800	16.6	947260
13228	1270123200	12.9	947260
13228	1272715200	8.9	947260
13228	1275393600	6.1	947260
13228	1277985600	5.9	947260
13228	1280664000	5.3	947260
13228	1283342400	9	947260
13228	1285934400	12.2	947260
13228	1288612800	14.7	947260
13228	1291204800	16.7	947260
13228	1293883200	20.8	947260
13228	1296561600	19.9	947260
13228	1298980800	16.1	947260
13228	1301659200	11.7	947260
13228	1304251200	7.3	947260
13228	1306929600	5.9	947260
13229	-773236800	8.9	947280
13229	-770558400	11.2	947280
13229	-767880000	12.9	947280
13229	-765288000	16.3	947280
13229	-762609600	21	947280
13229	-760017600	24.2	947280
13229	-757339200	27.5	947280
13229	-754660800	26.7	947280
13229	-752241600	18.4	947280
13229	-749563200	16.5	947280
13229	-746971200	12.9	947280
13229	-744292800	9.1	947280
13229	-741700800	9.8	947280
13229	-739022400	11	947280
13229	-736344000	13.4	947280
13229	-733752000	16.7	947280
13229	-731073600	23.4	947280
13229	-728481600	23.2	947280
13229	-725803200	27	947280
13229	-723124800	24.7	947280
13229	-720705600	22.2	947280
13229	-718027200	16.8	947280
13229	-715435200	14.6	947280
13229	-712756800	9.7	947280
13229	-710164800	9.7	947280
13229	-707486400	10.2	947280
13229	-704808000	13.3	947280
13229	-702216000	15.4	947280
13229	-699537600	17.9	947280
13229	-696945600	21.3	947280
13229	-694267200	21.1	947280
13229	-691588800	25.6	947280
13229	-689083200	20.5	947280
13229	-686404800	16.2	947280
13229	-683812800	11.9	947280
13229	-681134400	10.9	947280
13229	-678542400	7.7	947280
13229	-675864000	10	947280
13229	-673185600	13.4	947280
13229	-670593600	16.2	947280
13229	-667915200	20.2	947280
13229	-665323200	25	947280
13229	-662644800	23.5	947280
13229	-659966400	24	947280
13229	-657547200	23	947280
13229	-654868800	15.7	947280
13229	-652276800	11.9	947280
13229	-649598400	8.3	947280
13229	-647006400	8.6	947280
13229	-644328000	10.3	947280
13229	-641649600	13.5	947280
13229	-639057600	17.9	947280
13229	-636379200	18.9	947280
13229	-633787200	23.5	947280
13229	-631108800	23.8	947280
13229	-628430400	22.5	947280
13229	-626011200	22.6	947280
13229	-623332800	16.6	947280
13229	-620740800	13.5	947280
13229	-618062400	11.4	947280
13229	-615470400	11.6	947280
13229	-612792000	9.8	947280
13229	-610113600	13	947280
13229	-607521600	15.7	947280
13229	-604843200	17.9	947280
13229	-602251200	22.8	947280
13229	-599572800	22.5	947280
13229	-596894400	23.5	947280
13229	-594475200	22.1	947280
13229	-591796800	14.5	947280
13229	-589204800	11.8	947280
13229	-586526400	10.9	947280
13229	-583934400	8.6	947280
13229	-581256000	7.5	947280
13229	-578577600	12.7	947280
13229	-575985600	14.9	947280
13229	-573307200	18.8	947280
13229	-570715200	21.8	947280
13229	-568036800	27.7	947280
13229	-565358400	24.4	947280
13229	-562852800	21.1	947280
13229	-560174400	16.4	947280
13229	-557582400	11.9	947280
13229	-554904000	9.9	947280
13229	-552312000	8.6	947280
13229	-549633600	10.9	947280
13229	-546955200	12.3	947280
13229	-544363200	16.4	947280
13229	-541684800	17.5	947280
13229	-539092800	23	947280
13229	-536414400	23.4	947280
13229	-533736000	21.7	947280
13229	-531316800	21.5	947280
13229	-528638400	18.4	947280
13229	-526046400	13	947280
13229	-523368000	9.1	947280
13229	-520776000	8.5	947280
13229	-518097600	8.9	947280
13229	-515419200	12.4	947280
13229	-512827200	16.1	947280
13229	-510148800	18.9	947280
13229	-507556800	24.1	947280
13229	-504878400	23.4	947280
13229	-502200000	22.4	947280
13229	-499780800	20.2	947280
13229	-497102400	18.1	947280
13229	-494510400	11.9	947280
13229	-491832000	9.9	947280
13229	-489240000	9.8	947280
13229	-486561600	10.9	947280
13229	-483883200	12.1	947280
13229	-481291200	15.8	947280
13229	-478612800	19.2	947280
13229	-476020800	23	947280
13229	-473342400	24	947280
13229	-470664000	24.2	947280
13229	-468244800	23.7	947280
13229	-465566400	18.5	947280
13229	-462974400	12.2	947280
13229	-460296000	9.9	947280
13229	-457704000	7.9	947280
13229	-455025600	10.4	947280
13229	-452347200	12.9	947280
13229	-449755200	16.3	947280
13229	-447076800	17.5	947280
13229	-444484800	19.7	947280
13229	-441806400	22	947280
13229	-439128000	22.3	947280
13229	-436622400	21.8	947280
13229	-433944000	15.6	947280
13229	-431352000	11.4	947280
13229	-428673600	9.5	947280
13229	-426081600	8.3	947280
13229	-423403200	7.7	947280
13229	-420724800	10.3	947280
13229	-418132800	13.6	947280
13229	-415454400	16.7	947280
13229	-412862400	20.9	947280
13229	-410184000	24.7	947280
13229	-407505600	23.6	947280
13229	-405086400	20	947280
13230	-1756814400	9.6	947300
13230	-1754136000	6.9	947300
13230	-1751544000	6.2	947300
13230	-1748865600	8.1	947300
13230	-1746187200	10.3	947300
13230	-1743595200	14.8	947300
13230	-1740916800	19.8	947300
13230	-1738324800	21.4	947300
13230	-1735646400	21	947300
13230	-1732968000	23	947300
13230	-1730548800	20.1	947300
13230	-1727870400	14.5	947300
13230	-1725278400	8.8	947300
13230	-1722600000	7.4	947300
13230	-1720008000	6.9	947300
13230	-1717329600	7.6	947300
13230	-1714651200	10.4	947300
13230	-1712059200	12	947300
13230	-1709380800	15.8	947300
13230	-1706788800	18.8	947300
13230	-1704110400	22.2	947300
13230	-1701432000	20.9	947300
13230	-1698926400	17.6	947300
13230	-1696248000	12.8	947300
13230	-1693656000	9.3	947300
13230	-1690977600	7.8	947300
13230	-1688385600	6.7	947300
13231	-1880366400	9.3	947310
13231	-1877774400	7	947310
13231	-1875096000	9.6	947310
13231	-1872417600	13.1	947310
13231	-1869825600	14.8	947310
13231	-1867147200	18.3	947310
13231	-1864555200	20.5	947310
13231	-1861876800	22.3	947310
13231	-1859198400	20.8	947310
13231	-1856779200	18.6	947310
13231	-1854100800	13.8	947310
13231	-1851508800	11.2	947310
13231	-1848830400	5.7	947310
13231	-1846238400	7.4	947310
13231	-1843560000	7.5	947310
13231	-1840881600	12.2	947310
13231	-1838289600	14.1	947310
13231	-1835611200	19.4	947310
13231	-1833019200	20.1	947310
13231	-1830340800	21.2	947310
13231	-1827662400	21.6	947310
13231	-1825156800	20.2	947310
13231	-1822478400	14.1	947310
13231	-1819886400	9.5	947310
13231	-1817208000	9	947310
13231	-1814616000	7.6	947310
13231	-1811937600	8.4	947310
13231	-1809259200	9.9	947310
13231	-1806667200	13.7	947310
13231	-1803988800	19	947310
13231	-1801396800	21.4	947310
13231	-1798718400	23.5	947310
13231	-1796040000	22.9	947310
13231	-1793620800	18.5	947310
13231	-1790942400	16	947310
13231	-1788350400	10.1	947310
13231	-1785672000	7.9	947310
13231	-1783080000	6.7	947310
13231	-1780401600	7.1	947310
13231	-1777723200	10.9	947310
13231	-1775131200	15.7	947310
13231	-1772452800	16.7	947310
13231	-1769860800	21.4	947310
13231	-1767182400	23.2	947310
13231	-1764504000	23.1	947310
13231	-1762084800	19.3	947310
13231	-1759406400	14.4	947310
13231	-1756814400	9.5	947310
13231	-1754136000	8.7	947310
13231	-1751544000	6.4	947310
13231	-1748865600	8.9	947310
13231	-1746187200	11.8	947310
13231	-1743595200	16.9	947310
13231	-1740916800	22.8	947310
13231	-1738324800	23.2	947310
13231	-1735646400	22.2	947310
13231	-1732968000	25.3	947310
13231	-1730548800	21.9	947310
13231	-1727870400	16.6	947310
13231	-1725278400	11.2	947310
13231	-1722600000	8.4	947310
13231	-1720008000	7.9	947310
13231	-1717329600	8	947310
13231	-1714651200	12.3	947310
13231	-1712059200	13.4	947310
13231	-1709380800	18.2	947310
13231	-1706788800	20.1	947310
13231	-1704110400	24.1	947310
13231	-1701432000	22.8	947310
13231	-1698926400	20.9	947310
13231	-1696248000	15.9	947310
13231	-1693656000	12.1	947310
13231	-1690977600	9.1	947310
13231	-1688385600	7.9	947310
13232	-115819200	15	947340
13232	-113140800	12.7	947340
13232	-110548800	10.9	947340
13232	-107870400	12.7	947340
13232	-105192000	15.3	947340
13232	-102600000	18.4	947340
13232	-99921600	22.4	947340
13232	-97329600	25.6	947340
13232	-94651200	28.1	947340
13233	176126400	6.6	947350
13233	178804800	10	947350
13233	181396800	11	947350
13233	184075200	14.9	947350
13233	186667200	18.3	947350
13233	189345600	17.8	947350
13233	192024000	17.5	947350
13233	194529600	15.9	947350
13233	197208000	10.8	947350
13233	199800000	8.2	947350
13233	202478400	6.8	947350
13233	205070400	5	947350
13233	207748800	6.1	947350
13233	210427200	7.6	947350
13233	213019200	10.2	947350
13233	215697600	13.3	947350
13304	-1633176000	20.7	955120
13304	-1630584000	16	955120
13304	-1627905600	11.8	955120
13304	-1625313600	9.8	955120
13304	-1622635200	13	955120
13304	-1619956800	16.4	955120
13304	-1617364800	20.1	955120
13304	-1614686400	25	955120
13304	-1612094400	28.4	955120
13304	-1609416000	30.3	955120
13304	-1606737600	28.6	955120
13304	-1604318400	24.9	955120
13304	-1601640000	23.3	955120
13304	-1599048000	18.3	955120
13320	-1456920000	14.1	957230
13320	-1454328000	22	957230
13321	-47390400	7.6	957270
13321	-44712000	9.8	957270
13321	-42033600	11.8	957270
13321	-39441600	16.1	957270
13321	-36763200	20.4	957270
13321	-34171200	21.3	957270
13321	-31492800	25.9	957270
13321	-28814400	24.5	957270
13321	-26395200	21.6	957270
13321	-23716800	16.3	957270
13321	-21124800	12.6	957270
13321	-18446400	9.2	957270
13321	-15854400	9.4	957270
13321	-13176000	11	957270
13321	-10497600	9.9	957270
13321	-7905600	16.7	957270
13321	-5227200	18.4	957270
13321	-2635200	21.5	957270
13321	43200	22.8	957270
13321	2721600	23.5	957270
13321	5140800	19.5	957270
13321	7819200	16.6	957270
13322	-2208945600	22.4	957357
13322	-2206267200	24	957357
13322	-2203848000	19.6	957357
13322	-2201169600	13.3	957357
13322	-2198577600	9.9	957357
13322	-2195899200	9.3	957357
13322	-2193307200	5.3	957357
13322	-2190628800	7.1	957357
13322	-2187950400	10.2	957357
13322	-2185358400	13.8	957357
13322	-2182680000	19.7	957357
13322	-2180088000	20.7	957357
13322	-2177409600	20.3	957357
13322	-2174731200	23.1	957357
13322	-2172312000	19.3	957357
13322	-2169633600	14.2	957357
13322	-2167041600	9.8	957357
13322	-2164363200	5.3	957357
13322	-2161771200	5.4	957357
13322	-2159092800	6.9	957357
13322	-2156414400	12.6	957357
13322	-2153822400	13.7	957357
13322	-2151144000	19.3	957357
13322	-2148552000	21.1	957357
13322	-2145873600	21.8	957357
13322	-2143195200	22.2	957357
13322	-2140776000	19.1	957357
13322	-2138097600	14.5	957357
13322	-2135505600	9.7	957357
13322	-2132827200	6.7	957357
13322	-2130235200	6.6	957357
13322	-2127556800	7.3	957357
13322	-2124878400	10.7	957357
13322	-2122286400	15.9	957357
13322	-2119608000	21.4	957357
13322	-2117016000	20.9	957357
13322	-2114337600	22.2	957357
13322	-2111659200	22.7	957357
13322	-2109240000	22.1	957357
13322	-2106561600	15.2	957357
13322	-2103969600	9.7	957357
13322	-2101291200	7	957357
13322	-2098699200	6.3	957357
13322	-2096020800	6.8	957357
13322	-2093342400	10.6	957357
13322	-2090750400	14	957357
13322	-2088072000	16.9	957357
13322	-2085480000	18.9	957357
13322	-2082801600	20.7	957357
13322	-2080123200	19.4	957357
13322	-2077617600	16.3	957357
13322	-2074939200	14.3	957357
13322	-2072347200	10.7	957357
13322	-2069668800	5.9	957357
13322	-2067076800	6.8	957357
13322	-2064398400	7.4	957357
13322	-2061720000	8.7	957357
13322	-2059128000	14.2	957357
13322	-2056449600	18.5	957357
13322	-2053857600	21.6	957357
13322	-2051179200	23.9	957357
13322	-2048500800	20.7	957357
13322	-2046081600	19.8	957357
13322	-2043403200	15.1	957357
13322	-2040811200	10.3	957357
13322	-2038132800	7.5	957357
13322	-2035540800	5.5	957357
13322	-2032862400	6.4	957357
13322	-2030184000	6.9	957357
13322	-2027592000	10.8	957357
13322	-2024913600	17.1	957357
13322	-2022321600	20.7	957357
13322	-2019643200	24	957357
13322	-2016964800	23.2	957357
13322	-2014545600	16.7	957357
13322	-2011867200	17.6	957357
13322	-2009275200	10.7	957357
13322	-2006596800	7.6	957357
13322	-2004004800	6.3	957357
13322	-2001326400	6.9	957357
13322	-1998648000	10.4	957357
13322	-1996056000	14.2	957357
13322	-1993377600	15.1	957357
13322	-1990785600	20.4	957357
13322	-1988107200	20.9	957357
13322	-1985428800	20.7	957357
13322	-1983009600	17.6	957357
13322	-1980331200	12.6	957357
13322	-1977739200	9.2	957357
13322	-1975060800	7.3	957357
13322	-1972468800	5.2	957357
13322	-1969790400	7.8	957357
13322	-1967112000	11.2	957357
13322	-1964520000	15.1	957357
13322	-1961841600	17.3	957357
13322	-1959249600	19.7	957357
13322	-1956571200	21.6	957357
13322	-1953892800	19	957357
13322	-1951387200	16.2	957357
13322	-1948708800	13.5	957357
13322	-1946116800	8.7	957357
13322	-1943438400	4.6	957357
13322	-1940846400	5	957357
13322	-1938168000	7	957357
13322	-1935489600	9.8	957357
13322	-1932897600	14.8	957357
13322	-1930219200	19.8	957357
13322	-1927627200	21.4	957357
13322	-1924948800	20.4	957357
13322	-1922270400	18.7	957357
13322	-1919851200	17.8	957357
13322	-1917172800	11.9	957357
13322	-1914580800	9.7	957357
13322	-1911902400	8.2	957357
13322	-1909310400	6	957357
13322	-1906632000	6.9	957357
13322	-1903953600	9.8	957357
13322	-1901361600	14.6	957357
13322	-1898683200	17.1	957357
13322	-1896091200	17.8	957357
13322	-1893412800	20.3	957357
13322	-1890734400	20.8	957357
13322	-1888315200	17.3	957357
13322	-1885636800	13.9	957357
13322	-1883044800	10	957357
13322	-1880366400	7.9	957357
13322	-1877774400	6.4	957357
13322	-1875096000	8.6	957357
13322	-1872417600	11.8	957357
13322	-1869825600	12.2	957357
13322	-1867147200	16.9	957357
13322	-1864555200	18.2	957357
13322	-1861876800	19.7	957357
13322	-1859198400	18.8	957357
13322	-1856779200	16.6	957357
13322	-1854100800	12.6	957357
13322	-1851508800	10.8	957357
13322	-1848830400	6.1	957357
13322	-1846238400	6.9	957357
13322	-1843560000	7.8	957357
13322	-1840881600	11.6	957357
13322	-1838289600	13.4	957357
13322	-1835611200	18.3	957357
13322	-1833019200	19.8	957357
13322	-1830340800	20.9	957357
13322	-1827662400	22.3	957357
13322	-1825156800	19.8	957357
13322	-1822478400	13.9	957357
13322	-1819886400	9.2	957357
13322	-1817208000	8	957357
13322	-1814616000	7.6	957357
13322	-1811937600	8.1	957357
13322	-1809259200	10.7	957357
13322	-1806667200	13.6	957357
13322	-1803988800	17.2	957357
13322	-1801396800	20.6	957357
13322	-1798718400	22.7	957357
13322	-1796040000	22.2	957357
13322	-1793620800	17.1	957357
13322	-1790942400	14.4	957357
13322	-1788350400	9.2	957357
13322	-1785672000	7.1	957357
13322	-1783080000	6.9	957357
13322	-1780401600	7.1	957357
13322	-1777723200	10.3	957357
13322	-1775131200	15.8	957357
13322	-1772452800	16.7	957357
13322	-1769860800	21.1	957357
13322	-1767182400	20.7	957357
13322	-1764504000	20.2	957357
13322	-1762084800	17.1	957357
13322	-1759406400	14.7	957357
13322	-1756814400	10.4	957357
13322	-1754136000	7.6	957357
13322	-1751544000	6.6	957357
13322	-1748865600	8.3	957357
13322	-1746187200	11.4	957357
13322	-1743595200	16.1	957357
13322	-1740916800	21.4	957357
13322	-1738324800	22.5	957357
13322	-1735646400	21.8	957357
13322	-1732968000	24.1	957357
13322	-1730548800	20.7	957357
13322	-1727870400	15	957357
13322	-1725278400	10.7	957357
13322	-1722600000	8.3	957357
13322	-1720008000	7.6	957357
13322	-1717329600	8.4	957357
13322	-1714651200	12.6	957357
13322	-1712059200	13.6	957357
13322	-1709380800	16.8	957357
13322	-1706788800	20.2	957357
13322	-1704110400	22.8	957357
13322	-1701432000	21.3	957357
13322	-1698926400	19	957357
13322	-1696248000	13.3	957357
13322	-1693656000	10.3	957357
13322	-1690977600	8.1	957357
13322	-1688385600	6.9	957357
13322	-1685707200	7.6	957357
13322	-1683028800	11.8	957357
13322	-1680436800	13.2	957357
13322	-1677758400	14.7	957357
13322	-1675166400	19.4	957357
13322	-1672488000	21.9	957357
13322	-1669809600	19.6	957357
13322	-1667390400	17.2	957357
13322	-1664712000	12	957357
13322	-1662120000	8.1	957357
13322	-1659441600	6.8	957357
13322	-1656849600	6.3	957357
13322	-1654171200	7.1	957357
13322	-1651492800	10.9	957357
13322	-1648900800	14	957357
13322	-1646222400	15	957357
13322	-1643630400	18.7	957357
13322	-1640952000	19.5	957357
13322	-1638273600	19	957357
13322	-1635854400	17.4	957357
13322	-1633176000	13.4	957357
13322	-1630584000	10.3	957357
13322	-1627905600	7.1	957357
13322	-1625313600	5.9	957357
13322	-1622635200	8.6	957357
13322	-1619956800	10.9	957357
13322	-1617364800	12.7	957357
13322	-1614686400	17.8	957357
13322	-1612094400	20.8	957357
13352	-1519992000	19.6	959956
13352	-1517400000	22.7	959956
13352	-1514721600	23	959956
13352	-1512043200	24.5	959956
13352	-1509624000	21.5	959956
13352	-1506945600	17.9	959956
13352	-1504353600	11.6	959956
13352	-1501675200	8.5	959956
13352	-1499083200	6.8	959956
13352	-1496404800	7.6	959956
13352	-1493726400	12	959956
13352	-1491134400	16.1	959956
13353	-1930219200	16.8	959957
13353	-1927627200	20	959957
13353	-1924948800	18.4	959957
13353	-1922270400	17.9	959957
13353	-1919851200	15.5	959957
13353	-1917172800	10.8	959957
13353	-1914580800	8.1	959957
13353	-1911902400	6	959957
13353	-1909310400	3.7	959957
13353	-1906632000	6	959957
13353	-1903953600	8.1	959957
13353	-1901361600	13	959957
13353	-1898683200	15.1	959957
13353	-1896091200	15.8	959957
13353	-1893412800	18.4	959957
13353	-1890734400	18.8	959957
13353	-1888315200	15.5	959957
13353	-1885636800	14.1	959957
13353	-1883044800	10.7	959957
13353	-1880366400	6.7	959957
13353	-1877774400	5	959957
13353	-1875096000	7.2	959957
13353	-1872417600	10.4	959957
13353	-1869825600	10.8	959957
13353	-1867147200	14.4	959957
13353	-1864555200	16.7	959957
13353	-1861876800	17.9	959957
13353	-1859198400	17	959957
13353	-1856779200	15.2	959957
13353	-1854100800	11.8	959957
13353	-1851508800	9.9	959957
13353	-1848830400	4.2	959957
13353	-1846238400	5.4	959957
13353	-1843560000	7.3	959957
13353	-1840881600	10.3	959957
13353	-1838289600	12.5	959957
13353	-1835611200	16.9	959957
13353	-1833019200	17.2	959957
13353	-1830340800	19.3	959957
13353	-1827662400	21.2	959957
13353	-1825156800	17.7	959957
13353	-1822478400	12.8	959957
13353	-1819886400	9	959957
13353	-1817208000	6.6	959957
13353	-1814616000	5.4	959957
13353	-1811937600	7.3	959957
13353	-1809259200	8.4	959957
13353	-1806667200	12.2	959957
13353	-1803988800	15.6	959957
13353	-1801396800	18.7	959957
13353	-1798718400	20.4	959957
13353	-1796040000	20.4	959957
13353	-1793620800	14.8	959957
13353	-1790942400	13.1	959957
13353	-1788350400	7.3	959957
13353	-1785672000	5.3	959957
13353	-1783080000	5.3	959957
13353	-1780401600	5.3	959957
13353	-1777723200	7.9	959957
13353	-1775131200	14	959957
13353	-1772452800	14	959957
13353	-1769860800	19.8	959957
13353	-1767182400	21.1	959957
13353	-1764504000	20.8	959957
13353	-1762084800	17.4	959957
13353	-1759406400	13.3	959957
13353	-1756814400	9.6	959957
13353	-1754136000	7.4	959957
13353	-1751544000	4.6	959957
13353	-1748865600	7.4	959957
13353	-1746187200	10.2	959957
13353	-1743595200	15.2	959957
13353	-1740916800	19.8	959957
13353	-1738324800	20.4	959957
13353	-1735646400	19.7	959957
13353	-1732968000	21.8	959957
13353	-1730548800	18.7	959957
13353	-1727870400	13.7	959957
13353	-1725278400	8.1	959957
13353	-1722600000	6.5	959957
13353	-1720008000	6.6	959957
13353	-1717329600	5.9	959957
13353	-1714651200	10.3	959957
13353	-1712059200	11.3	959957
13353	-1709380800	15.2	959957
13353	-1706788800	18.1	959957
13353	-1704110400	20.5	959957
13353	-1701432000	19.4	959957
13353	-1698926400	16.6	959957
13353	-1696248000	12.3	959957
13361	-2635200	22.5	959965
13361	43200	24.1	959965
13361	2721600	26	959965
13361	5140800	20.5	959965
13361	7819200	18.3	959965
13361	10411200	12.2	959965
13361	13089600	11.3	959965
13361	15681600	9.6	959965
13361	18360000	10.6	959965
13361	21038400	12.2	959965
13361	23630400	18	959965
13361	26308800	20.1	959965
13361	28900800	23.7	959965
13361	31579200	24.7	959965
13361	34257600	24.1	959965
13361	36676800	23.9	959965
13361	39355200	18.7	959965
13361	41947200	13.7	959965
13361	44625600	9.8	959965
13361	47217600	8.8	959965
13361	49896000	10.8	959965
13361	52574400	13.8	959965
13361	55166400	16.9	959965
13361	57844800	18	959965
16296	-775828800	12.7	947000
16296	-773236800	8.7	947000
16296	-770558400	11.6	947000
16296	-767880000	13.4	947000
16296	-765288000	16.9	947000
16296	-762609600	21.2	947000
16296	-760017600	25.8	947000
16296	-757339200	26.6	947000
16296	-754660800	24.2	947000
16296	-752241600	18.4	947000
16296	-749563200	14.9	947000
16296	-746971200	12.9	947000
16296	-744292800	8.9	947000
16296	-741700800	10.8	947000
16296	-739022400	10.6	947000
16296	-736344000	13.5	947000
16296	-733752000	16.7	947000
16296	-731073600	22.2	947000
16296	-728481600	23.8	947000
16296	-725803200	26.8	947000
16296	-723124800	26	947000
16296	-720705600	21.5	947000
16296	-718027200	16.9	947000
16296	-715435200	15	947000
16296	-712756800	11.6	947000
16296	-710164800	10.2	947000
16296	-707486400	10.6	947000
16296	-704808000	14	947000
16296	-702216000	17	947000
16296	-699537600	19.3	947000
16296	-696945600	22.9	947000
16296	-694267200	24.3	947000
16296	-691588800	26.3	947000
16296	-689083200	19.9	947000
16296	-686404800	17.1	947000
16296	-683812800	12.1	947000
16296	-681134400	9.8	947000
16296	-678542400	8	947000
16296	-675864000	11.4	947000
16296	-673185600	14.6	947000
16296	-670593600	16.4	947000
16296	-667915200	20.3	947000
16296	-665323200	23.3	947000
16296	-662644800	23.8	947000
16296	-659966400	22.9	947000
16296	-657547200	21.8	947000
16296	-654868800	15.6	947000
16296	-652276800	12.3	947000
16296	-649598400	8.3	947000
16296	-647006400	9.9	947000
16296	-644328000	11.1	947000
16296	-641649600	13.7	947000
16296	-639057600	17.7	947000
16296	-636379200	20.2	947000
16296	-633787200	22.8	947000
16296	-631108800	24.7	947000
16296	-628430400	23.5	947000
16296	-626011200	21	947000
16296	-623332800	17.1	947000
16296	-620740800	13.3	947000
16296	-618062400	10.4	947000
16296	-615470400	10.6	947000
16296	-612792000	11.4	947000
16296	-610113600	15.8	947000
16296	-607521600	16.4	947000
16296	-604843200	20.7	947000
16296	-602251200	24.7	947000
16296	-599572800	26.2	947000
16296	-596894400	25.1	947000
16296	-594475200	23.6	947000
16296	-591796800	14.6	947000
16296	-589204800	13.3	947000
16296	-586526400	11.4	947000
16296	-583934400	9.4	947000
16296	-581256000	9.6	947000
16296	-578577600	15.3	947000
16296	-575985600	17.1	947000
16296	-573307200	19.4	947000
16296	-570715200	23.7	947000
16296	-568036800	26.4	947000
16296	-565358400	24.4	947000
16296	-562852800	22.5	947000
16296	-560174400	15.6	947000
16296	-557582400	12.3	947000
16296	-554904000	9.9	947000
16296	-552312000	7.9	947000
16296	-549633600	11.2	947000
16296	-546955200	13.6	947000
16296	-544363200	16.6	947000
16296	-541684800	18.4	947000
16296	-539092800	23	947000
16296	-536414400	25.1	947000
16296	-533736000	23.9	947000
16296	-531316800	23.9	947000
16296	-528638400	17.9	947000
16296	-526046400	13.7	947000
16296	-523368000	10.1	947000
16296	-520776000	9.3	947000
16296	-518097600	10.4	947000
16296	-515419200	13.9	947000
16296	-512827200	16.1	947000
16296	-510148800	19.7	947000
16296	-507556800	23.5	947000
16296	-504878400	25.9	947000
16296	-502200000	22.1	947000
16296	-499780800	20.2	947000
16296	-497102400	18.9	947000
16296	-494510400	12.8	947000
16296	-491832000	10.5	947000
16296	-489240000	10.3	947000
16296	-486561600	11.9	947000
16296	-483883200	13.9	947000
16296	-481291200	18.3	947000
16296	-478612800	20.6	947000
16296	-476020800	23.5	947000
16296	-473342400	25.6	947000
16296	-470664000	25.7	947000
16296	-468244800	24	947000
16296	-465566400	18.2	947000
16296	-462974400	12.5	947000
16296	-460296000	11.2	947000
16296	-457704000	9.1	947000
16296	-455025600	11.4	947000
16296	-452347200	14.3	947000
16296	-449755200	17.4	947000
16296	-447076800	19.4	947000
16296	-444484800	21.4	947000
16296	-441806400	24.4	947000
16296	-439128000	26	947000
16296	-436622400	22.2	947000
16296	-433944000	16.4	947000
16296	-431352000	11.9	947000
16296	-428673600	9.3	947000
16297	-3026721600	25.8	947030
16297	-3024302400	23	947030
16297	-3021624000	20.4	947030
16297	-3019032000	14.8	947030
16297	-3016353600	10.4	947030
16297	-3013761600	8.6	947030
16297	-3011083200	10.2	947030
16297	-3008404800	14.7	947030
16298	252504000	23.8	947060
16298	255182400	25.3	947060
16298	257601600	23.1	947060
16298	260280000	16.4	947060
16298	262872000	14.4	947060
16298	265550400	9.3	947060
16298	268142400	8.4	947060
16298	270820800	9	947060
16298	273499200	12.1	947060
16298	276091200	15.4	947060
16298	278769600	19.2	947060
16298	281361600	20.9	947060
16298	284040000	28.5	947060
16298	286718400	26.1	947060
16298	289137600	22.9	947060
16298	291816000	15.7	947060
16298	294408000	12	947060
16298	297086400	11.2	947060
16298	299678400	8.3	947060
16298	302356800	9.9	947060
16298	305035200	12.2	947060
16298	307627200	16	947060
16298	310305600	20.7	947060
16298	312897600	23.7	947060
16298	315576000	23.5	947060
16298	318254400	24.5	947060
16298	320760000	21.2	947060
16298	323438400	17.4	947060
16298	326030400	13.6	947060
16298	328708800	8.6	947060
16298	331300800	8.6	947060
16298	333979200	10	947060
16298	336657600	13.7	947060
16298	339249600	17.5	947060
16298	341928000	21.6	947060
16298	344520000	24.9	947060
16298	347198400	29	947060
16298	349876800	25.3	947060
16298	352296000	19.4	947060
16298	354974400	17.5	947060
16298	357566400	13.3	947060
16298	360244800	9.5	947060
16298	362836800	8.4	947060
16298	365515200	9.4	947060
16298	368193600	14.1	947060
16298	370785600	16.9	947060
16298	373464000	19.7	947060
16298	376056000	22.8	947060
16298	378734400	26.5	947060
16298	381412800	26.4	947060
16298	383832000	22.3	947060
16298	386510400	16.7	947060
16298	389102400	12.9	947060
16298	391780800	7.7	947060
16298	394372800	6.6	947060
16298	397051200	12.9	947060
16298	399729600	12.7	947060
16298	402321600	16.2	947060
16298	4.05e+08	22.9	947060
16298	407592000	24.6	947060
16298	410270400	24.1	947060
16298	412948800	28.2	947060
16298	415368000	23.9	947060
16298	418046400	14.8	947060
16298	420638400	13.3	947060
16298	423316800	8.7	947060
16298	425908800	8	947060
16298	428587200	10.7	947060
16298	431265600	13.1	947060
16298	433857600	16.3	947060
16298	436536000	19.1	947060
16298	439128000	23.5	947060
16298	441806400	22.1	947060
16298	444484800	23.6	947060
16298	446990400	19.1	947060
16298	449668800	16.3	947060
16298	452260800	11.9	947060
16298	454939200	10	947060
16298	457531200	8.5	947060
16298	460209600	10.6	947060
16298	462888000	11.4	947060
16298	465480000	15.9	947060
16298	468158400	20.7	947060
16298	470750400	21.5	947060
16298	473428800	24.1	947060
16298	476107200	24.6	947060
16298	478526400	22.4	947060
16298	481204800	16.9	947060
16298	483796800	13.2	947060
16298	486475200	8.9	947060
16298	489067200	7.9	947060
16298	491745600	9.9	947060
16298	494424000	11.6	947060
16298	497016000	16.6	947060
16298	499694400	19.7	947060
16298	502286400	20.7	947060
16298	504964800	22.6	947060
16298	507643200	23.2	947060
16298	510062400	23.9	947060
16298	512740800	16.9	947060
16298	515332800	13	947060
16298	518011200	8.5	947060
16298	520603200	8.1	947060
16298	523281600	10.2	947060
16298	525960000	12.2	947060
16298	528552000	13.9	947060
16298	531230400	18.7	947060
16298	533822400	20.7	947060
16298	536500800	22.4	947060
16298	539179200	24.4	947060
16298	541598400	18.8	947060
16298	544276800	17.1	947060
16298	546868800	12.5	947060
16298	549547200	10.4	947060
16298	552139200	8.4	947060
16298	554817600	10.8	947060
16298	557496000	12.9	947060
16298	560088000	15.1	947060
16298	562766400	20.3	947060
16298	565358400	22.8	947060
16298	568036800	26.8	947060
16298	570715200	23.2	947060
16298	573220800	21.6	947060
16298	575899200	18.6	947060
16298	578491200	14.4	947060
16298	581169600	10	947060
16298	583761600	9.8	947060
16298	586440000	10.2	947060
16298	589118400	13.1	947060
16298	591710400	16.5	947060
16298	594388800	19.1	947060
16298	596980800	23.6	947060
16298	599659200	22.7	947060
16298	602337600	24.4	947060
16298	604756800	21.9	947060
16298	607435200	17.3	947060
16298	610027200	14.2	947060
16298	612705600	8.9	947060
16298	615297600	8.1	947060
16298	617976000	8.6	947060
16298	620654400	11.5	947060
16298	623246400	15.2	947060
16298	625924800	20.5	947060
16298	628516800	22.9	947060
16298	631195200	24.9	947060
16298	633873600	23.2	947060
16298	636292800	22.4	947060
16298	638971200	17.6	947060
16298	641563200	12.6	947060
16298	644241600	9	947060
16298	646833600	9.2	947060
16298	649512000	9.4	947060
16298	652190400	12.1	947060
16298	654782400	16	947060
16298	657460800	20.3	947060
16298	660052800	24.1	947060
16298	662731200	25.9	947060
16298	665409600	26.2	947060
16298	667828800	20.6	947060
16298	670507200	15.3	947060
16298	673099200	12.9	947060
16298	675777600	12.3	947060
16298	678369600	8.7	947060
16298	681048000	9.1	947060
16298	683726400	11.8	947060
16298	686318400	17.5	947060
16298	688996800	18.7	947060
16298	691588800	21.5	947060
16298	694267200	22	947060
16298	696945600	22.6	947060
16298	699451200	22.5	947060
16298	702129600	17.4	947060
16298	704721600	12.2	947060
16298	707400000	9.3	947060
16298	709992000	8.5	947060
16298	712670400	8.5	947060
16298	715348800	10.8	947060
16298	717940800	15.4	947060
16298	720619200	16.5	947060
16298	723211200	21.4	947060
16298	725889600	24.3	947060
16298	728568000	23.6	947060
16298	730987200	20.2	947060
16298	733665600	17.7	947060
16298	736257600	12.5	947060
16298	738936000	8.8	947060
16298	741528000	9.9	947060
16298	744206400	10.9	947060
16298	746884800	13	947060
16298	749476800	14.3	947060
16298	752155200	18.7	947060
16298	754747200	21.4	947060
16298	757425600	23.8	947060
16298	760104000	24.5	947060
16298	762523200	18.9	947060
16298	765201600	16.2	947060
16298	767793600	12.7	947060
16298	770472000	10.8	947060
16298	773064000	8.6	947060
16298	775742400	8.8	947060
16298	778420800	11.4	947060
16298	781012800	16.5	947060
16298	783691200	20.3	947060
16298	786283200	25.4	947060
16298	788961600	24.4	947060
16298	791640000	24.3	947060
16298	794059200	19.4	947060
16298	796737600	13.5	947060
16298	799329600	12.7	947060
16298	802008000	9.8	947060
16298	804600000	8.1	947060
16298	807278400	10.9	947060
16298	809956800	12.5	947060
16298	812548800	16.4	947060
16298	815227200	19.1	947060
16298	817819200	20.9	947060
16298	820497600	23.9	947060
16298	823176000	21.7	947060
16298	825681600	20.6	947060
16298	828360000	14.1	947060
16298	830952000	12.9	947060
16298	833630400	10.4	947060
16298	836222400	8.6	947060
16298	838900800	10.3	947060
16298	841579200	12.2	947060
16298	844171200	16.7	947060
16298	846849600	18.2	947060
16298	849441600	22.2	947060
16298	852120000	25.2	947060
16298	854798400	28.2	947060
16298	857217600	19.6	947060
16298	859896000	16.1	947060
16298	862488000	13.3	947060
16298	865166400	9.3	947060
16298	867758400	7.3	947060
16298	870436800	9.2	947060
16298	873115200	12.5	947060
16298	875707200	16.7	947060
16298	878385600	22.3	947060
16298	880977600	24.5	947060
16298	883656000	25.6	947060
16298	886334400	24.1	947060
16298	888753600	22.2	947060
16298	891432000	15.8	947060
16298	894024000	12.5	947060
16298	896702400	9.4	947060
16298	899294400	7.9	947060
16298	901972800	11.1	947060
16298	904651200	13.7	947060
16298	907243200	16	947060
16298	909921600	19.3	947060
16298	912513600	24.6	947060
16298	915192000	28	947060
16298	917870400	24.6	947060
16298	920289600	20.7	947060
16298	922968000	14.5	947060
16298	925560000	12.7	947060
16298	928238400	9.5	947060
16298	930830400	9.4	947060
16298	933508800	10	947060
16298	936187200	15.3	947060
16298	938779200	17	947060
16298	941457600	16.9	947060
16298	944049600	22	947060
16298	946728000	22.9	947060
16298	949406400	25.6	947060
16298	951912000	22.3	947060
16298	954590400	17.6	947060
16298	957182400	11.5	947060
16298	959860800	9	947060
16298	962452800	8.8	947060
16298	965131200	9.2	947060
16298	967809600	13.4	947060
16298	970401600	15.1	947060
16298	973080000	20.8	947060
16298	975672000	24.1	947060
16298	978350400	27.8	947060
16298	981028800	26.1	947060
16298	983448000	20.5	947060
16298	986126400	16.6	947060
16298	988718400	11.7	947060
16298	991396800	10	947060
16298	993988800	9.1	947060
16298	996667200	10.6	947060
16298	999345600	14.8	947060
16298	1001937600	14.8	947060
16298	1004616000	18.7	947060
16298	1007208000	20.9	947060
16298	1009886400	23.9	947060
16298	1012564800	21.8	947060
16298	1014984000	21	947060
16298	1017662400	18.9	947060
16298	1020254400	12.9	947060
16298	1022932800	10	947060
16298	1025524800	9.3	947060
16298	1028203200	10.5	947060
16298	1030881600	13.9	947060
16298	1033473600	16.9	947060
16298	1036152000	22.1	947060
16298	1038744000	23.9	947060
16298	1041422400	26.2	947060
16298	1044100800	25.9	947060
16298	1046520000	20.5	947060
16298	1049198400	17.3	947060
16298	1051790400	13.3	947060
16298	1054468800	10.5	947060
16298	1057060800	9.7	947060
16298	1059739200	9.8	947060
16298	1062417600	11.9	947060
16298	1065009600	13.6	947060
16298	1067688000	20.4	947060
16298	1070280000	23.7	947060
16298	1072958400	23.9	947060
16298	1075636800	25.7	947060
16298	1078142400	20.5	947060
16298	1080820800	17.6	947060
16298	1083412800	11.1	947060
16298	1086091200	10	947060
16298	1088683200	8.1	947060
16298	1091361600	10.5	947060
16298	1094040000	12.2	947060
16298	1096632000	16.8	947060
16298	1099310400	20.1	947060
16298	1101902400	22.6	947060
16298	1104580800	25.4	947060
16298	1107259200	21.7	947060
16298	1109678400	20.2	947060
16298	1112356800	20.2	947060
16298	1114948800	13.1	947060
16298	1117627200	12	947060
16298	1120219200	9.8	947060
16298	1122897600	10	947060
16298	1125576000	12.1	947060
16298	1128168000	15.8	947060
16298	1130846400	20.3	947060
16298	1133438400	22.9	947060
16298	1136116800	28.4	947060
16298	1138795200	25.4	947060
16298	1141214400	22.9	947060
16298	1143892800	14.3	947060
16298	1146484800	10.9	947060
16298	1149163200	8.2	947060
16298	1151755200	9.3	947060
16298	1154433600	10	947060
16298	1157112000	13.8	947060
16298	1159704000	17.8	947060
16298	1162382400	21.3	947060
16298	1164974400	23.2	947060
16298	1167652800	25.7	947060
16298	1170331200	26.7	947060
16298	1172750400	22.7	947060
16298	1175428800	18	947060
16298	1178020800	14.6	947060
16298	1180699200	8.3	947060
16298	1183291200	8.4	947060
16298	1185969600	11.6	947060
16298	1188648000	12.9	947060
16298	1191240000	17.3	947060
16298	1193918400	22.2	947060
16298	1196510400	22.9	947060
16298	1199188800	26.6	947060
16298	1201867200	22.4	947060
16298	1204372800	22.8	947060
16298	1207051200	15.6	947060
16298	1209643200	12.4	947060
16298	1212321600	11.9	947060
16298	1214913600	9.2	947060
16298	1217592000	9	947060
16298	1220270400	13.7	947060
16298	1222862400	18.3	947060
16298	1225540800	19.6	947060
16298	1228132800	20.9	947060
16298	1230811200	26.9	947060
16298	1233489600	25.9	947060
16298	1235908800	21.7	947060
16298	1238587200	16.6	947060
16298	1241179200	13.2	947060
16298	1243857600	10.5	947060
16298	1246449600	9.2	947060
16298	1249128000	11.2	947060
16298	1251806400	13.3	947060
16298	1254398400	16.5	947060
16298	1257076800	24.9	947060
16298	1259668800	23.5	947060
16298	1262347200	26.3	947060
16298	1265025600	25.6	947060
16298	1267444800	21.6	947060
16298	1270123200	17.8	947060
16298	1272715200	12.5	947060
16298	1275393600	9.7	947060
16298	1277985600	8.1	947060
16298	1280664000	8.9	947060
16298	1283342400	11.3	947060
16298	1285934400	15.8	947060
16298	1288612800	20.1	947060
16298	1291204800	21.7	947060
16298	1293883200	26	947060
16298	1296561600	23.3	947060
16298	1298980800	20	947060
16298	1301659200	15.7	947060
16298	1304251200	11	947060
16298	1306929600	9.6	947060
16298	1309521600	9.1	947060
16298	1312200000	11.3	947060
16298	1314878400	13.9	947060
16298	1317470400	16.1	947060
16298	1320148800	21	947060
16298	1322740800	21.4	947060
16299	-1459598400	16.8	947070
16299	-1456920000	19.7	947070
16299	-1454328000	27.1	947070
16299	-1451649600	25.9	947070
16299	-1448971200	23.2	947070
16299	-1446465600	22.7	947070
16299	-1443787200	14.2	947070
16299	-1441195200	13	947070
16299	-1438516800	10.2	947070
16299	-1435924800	9.7	947070
16299	-1433246400	11.7	947070
16300	-207835200	11.3	947080
16300	-205243200	9.1	947080
16300	-202564800	11.5	947080
16300	-199886400	14.1	947080
16300	-197294400	19.2	947080
16300	-194616000	21.7	947080
16300	-192024000	25.8	947080
16300	-189345600	26.1	947080
16300	-186667200	25.2	947080
16300	-184161600	23.3	947080
16300	-181483200	19.4	947080
16300	-178891200	13.6	947080
16300	-176212800	11.7	947080
16300	-173620800	10	947080
16300	-170942400	11.9	947080
16300	-168264000	15.6	947080
16300	-165672000	16.6	947080
16300	-162993600	22.7	947080
16300	-160401600	23.8	947080
16300	-157723200	27.1	947080
16300	-155044800	27.7	947080
16300	-152625600	24.3	947080
16300	-149947200	18.5	947080
16300	-147355200	14.4	947080
16300	-144676800	10.7	947080
16300	-142084800	10.1	947080
16301	-1343908800	9.6	947110
16301	-1341316800	9.3	947110
16301	-1338638400	11.6	947110
16301	-1335960000	15.9	947110
16301	-1333368000	20.2	947110
16301	-1330689600	23.8	947110
16301	-1328097600	23.9	947110
16301	-1325419200	25.5	947110
16301	-1322740800	26	947110
16301	-1320235200	24.4	947110
16301	-1317556800	19.5	947110
16301	-1314964800	13.2	947110
16301	-1312286400	9.4	947110
16301	-1309694400	10	947110
16301	-1307016000	14.2	947110
16301	-1304337600	17.6	947110
16301	-1301745600	18.1	947110
16301	-1299067200	22.8	947110
16301	-1296475200	25.9	947110
16301	-1293796800	28.8	947110
16301	-1291118400	26.8	947110
16301	-1288699200	23	947110
16301	-1286020800	17	947110
16301	-1283428800	14.4	947110
16301	-1280750400	10.9	947110
16301	-1278158400	8.8	947110
16301	-1275480000	11.6	947110
16301	-1272801600	15.2	947110
16301	-1270209600	19	947110
16301	-1267531200	21.8	947110
16301	-1264939200	23.8	947110
16301	-1262260800	26.8	947110
16301	-1259582400	28.1	947110
16301	-1257163200	24.5	947110
16301	-1254484800	18.5	947110
16301	-1251892800	14.2	947110
16301	-1249214400	10.5	947110
16301	-1246622400	11.2	947110
16301	-1243944000	11.7	947110
16301	-1241265600	14.4	947110
16301	-1238673600	19.6	947110
16301	-1235995200	22.5	947110
16302	-902059200	7.6	947120
16302	-899467200	7.6	947120
16302	-896788800	7.4	947120
16302	-894110400	10.7	947120
16302	-891518400	12.7	947120
16302	-888840000	19	947120
16302	-886248000	21.5	947120
16302	-883569600	24.7	947120
16302	-880891200	21.5	947120
16302	-878472000	20.4	947120
16302	-875793600	15.7	947120
16302	-873201600	12.4	947120
16302	-870523200	8.4	947120
16302	-867931200	7.3	947120
16302	-865252800	8.5	947120
16302	-862574400	10.2	947120
16302	-859982400	13.7	947120
16302	-857304000	17.5	947120
16302	-854712000	21.8	947120
16302	-852033600	21	947120
16302	-849355200	22.6	947120
16302	-846936000	21.2	947120
16302	-844257600	13	947120
16302	-841665600	9.8	947120
16302	-838987200	6.2	947120
16302	-836395200	5.4	947120
16302	-833716800	6.7	947120
16302	-831038400	10.4	947120
16302	-828446400	13.8	947120
16302	-825768000	16.1	947120
16302	-823176000	20.5	947120
16302	-820497600	23.5	947120
16302	-817819200	20.7	947120
16302	-815313600	19.1	947120
16302	-812635200	11.6	947120
16302	-810043200	10.1	947120
16302	-807364800	6.7	947120
16302	-804772800	5.9	947120
16302	-802094400	7.9	947120
16302	-799416000	11.9	947120
16302	-796824000	15.2	947120
16302	-794145600	20	947120
16302	-791553600	21.1	947120
16302	-788875200	23.3	947120
16302	-786196800	20.6	947120
16302	-783777600	17.5	947120
16302	-781099200	13.6	947120
16302	-778507200	9.1	947120
16302	-775828800	9.1	947120
16302	-773236800	5.5	947120
16302	-770558400	7.3	947120
16302	-767880000	9	947120
16302	-765288000	12.9	947120
16302	-762609600	16.9	947120
16302	-760017600	22	947120
16302	-757339200	24.4	947120
16302	-754660800	22.5	947120
16302	-752241600	16.7	947120
16302	-749563200	13.1	947120
16302	-746971200	9.3	947120
16303	-2816424000	14.9	947130
16303	-2813745600	21.8	947130
16303	-2811153600	25.3	947130
16303	-2808475200	25.4	947130
16303	-2805796800	25	947130
16303	-2803377600	21.4	947130
16303	-2800699200	16.7	947130
16303	-2798107200	12.1	947130
16303	-2795428800	6.2	947130
16303	-2792836800	4.7	947130
16303	-2790158400	6.6	947130
16303	-2787480000	10.2	947130
16303	-2784888000	14.4	947130
16303	-2782209600	17.8	947130
16303	-2779617600	25.4	947130
16303	-2776939200	27.7	947130
16303	-2774260800	22	947130
16303	-2771841600	22	947130
16303	-2769163200	16.2	947130
16303	-2766571200	8.9	947130
16303	-2763892800	6.8	947130
16303	-2761300800	7.4	947130
16303	-2758622400	8.6	947130
16303	-2755944000	11.9	947130
16303	-2753352000	16.6	947130
16303	-2750673600	22	947130
16303	-2748081600	22.7	947130
16303	-2745403200	23.7	947130
16303	-2742724800	21.8	947130
16303	-2740305600	18.8	947130
16303	-2737627200	15.7	947130
16303	-2735035200	10.3	947130
16303	-2732356800	6	947130
16304	-1546257600	23	947140
16304	-1543579200	24.4	947140
16304	-1541160000	19.5	947140
16304	-1538481600	15.3	947140
16304	-1535889600	12.7	947140
16304	-1533211200	9.2	947140
16304	-1530619200	8.6	947140
16304	-1527940800	7.9	947140
16304	-1525262400	12.5	947140
16304	-1522670400	14.4	947140
16304	-1519992000	20.8	947140
16304	-1517400000	22.4	947140
16304	-1514721600	22.9	947140
16304	-1512043200	24.4	947140
16304	-1509624000	19.6	947140
16304	-1506945600	17.8	947140
16304	-1504353600	12.2	947140
16304	-1501675200	9.3	947140
16304	-1499083200	7.9	947140
16304	-1496404800	7.7	947140
16304	-1493726400	11.6	947140
16304	-1491134400	15.4	947140
16304	-1488456000	20.9	947140
16304	-1485864000	23	947140
16305	-1325419200	26.6	947150
16305	-1322740800	27.4	947150
16305	-1320235200	25.4	947150
16305	-1317556800	20.4	947150
16305	-1314964800	13.4	947150
16305	-1312286400	10.7	947150
16305	-1309694400	11.3	947150
16305	-1307016000	15.2	947150
16305	-1304337600	17.9	947150
16305	-1301745600	20.3	947150
16305	-1299067200	24.1	947150
16305	-1296475200	27.4	947150
16305	-1293796800	30.5	947150
16305	-1291118400	27.2	947150
16305	-1288699200	24.9	947150
16305	-1286020800	17.7	947150
16305	-1283428800	13.5	947150
16305	-1280750400	10.5	947150
16305	-1278158400	8.1	947150
16305	-1275480000	12.3	947150
16305	-1272801600	15.6	947150
16305	-1270209600	19.7	947150
16305	-1267531200	22.8	947150
16305	-1264939200	25.5	947150
16305	-1262260800	27.7	947150
16305	-1259582400	28.1	947150
16305	-1257163200	24.2	947150
16305	-1254484800	18.9	947150
16305	-1251892800	14.5	947150
16305	-1249214400	11.7	947150
16305	-1246622400	11.6	947150
16305	-1243944000	12.1	947150
16305	-1241265600	13.9	947150
16305	-1238673600	21	947150
16305	-1235995200	24	947150
16305	-1233403200	25.1	947150
16305	-1230724800	26.8	947150
16305	-1228046400	28.9	947150
16305	-1225627200	22.7	947150
16305	-1222948800	17.4	947150
16305	-1220356800	13.7	947150
16305	-1217678400	11.2	947150
16305	-1215086400	9.7	947150
16305	-1212408000	11.4	947150
16305	-1209729600	15.8	947150
16305	-1207137600	19	947150
16305	-1204459200	22	947150
16305	-1201867200	23.7	947150
16305	-1199188800	31.1	947150
16305	-1196510400	27.9	947150
16305	-1194004800	24.9	947150
16305	-1191326400	19.2	947150
16305	-1188734400	15.1	947150
16305	-1186056000	10.4	947150
16305	-1183464000	9.8	947150
16305	-1180785600	13.6	947150
16305	-1178107200	15.4	947150
16305	-1175515200	18.6	947150
16305	-1172836800	23.4	947150
16305	-1170244800	27.2	947150
16305	-1167566400	28.8	947150
16305	-1164888000	27	947150
16305	-1162468800	27.8	947150
16305	-1159790400	20.2	947150
16305	-1157198400	14.2	947150
16305	-1154520000	11.1	947150
16305	-1151928000	11.9	947150
16305	-1149249600	11	947150
16305	-1146571200	15.9	947150
16305	-1143979200	20.4	947150
16305	-1141300800	21.5	947150
16305	-1138708800	24.5	947150
16305	-1136030400	27.7	947150
16305	-1133352000	26	947150
16305	-1130932800	25.2	947150
16305	-1128254400	19.5	947150
16305	-1125662400	15.7	947150
16305	-1122984000	10	947150
16305	-1120392000	11.2	947150
16305	-1117713600	13.1	947150
16305	-1115035200	16.6	947150
16305	-1112443200	18.2	947150
16305	-1109764800	22.1	947150
16305	-1107172800	25	947150
16305	-1104494400	27.3	947150
16305	-1101816000	26.8	947150
16305	-1099396800	24.5	947150
16305	-1096718400	17.9	947150
16305	-1094126400	13.3	947150
16305	-1091448000	9.9	947150
16305	-1088856000	10.4	947150
16305	-1086177600	13	947150
16305	-1083499200	15.1	947150
16305	-1080907200	20.4	947150
16305	-1078228800	24.4	947150
16305	-1075636800	26.1	947150
16305	-1072958400	27.4	947150
16305	-1070280000	27.8	947150
16305	-1067774400	22.9	947150
16305	-1065096000	18.6	947150
16305	-1062504000	15.5	947150
16305	-1059825600	9.1	947150
16305	-1057233600	11.3	947150
16305	-1054555200	13.5	947150
16305	-1051876800	14.7	947150
16305	-1049284800	20.7	947150
16305	-1046606400	24.3	947150
16305	-1044014400	26.4	947150
16305	-1041336000	28.1	947150
16305	-1038657600	26.3	947150
16305	-1036238400	22.6	947150
16305	-1033560000	17.6	947150
16305	-1030968000	14.3	947150
16305	-1028289600	10.8	947150
16305	-1025697600	9.9	947150
16305	-1023019200	13.9	947150
16305	-1020340800	17	947150
16305	-1017748800	22.1	947150
16305	-1015070400	24	947150
16305	-1012478400	28.8	947150
16305	-1009800000	27.9	947150
16305	-1007121600	27.2	947150
16305	-1004702400	26.9	947150
16305	-1002024000	21.1	947150
16305	-999432000	17.5	947150
16305	-996753600	11.6	947150
16305	-994161600	10.1	947150
16305	-991483200	11.8	947150
16305	-988804800	16	947150
16305	-986212800	23.3	947150
16305	-983534400	26.1	947150
16306	-1746187200	16.5	947170
16306	-1743595200	22.1	947170
16306	-1740916800	27.1	947170
16306	-1738324800	26.6	947170
16306	-1735646400	26.8	947170
16306	-1732968000	28.4	947170
16306	-1730548800	25	947170
16306	-1727870400	19.4	947170
16306	-1725278400	13.3	947170
16306	-1722600000	11.5	947170
16306	-1720008000	11.6	947170
16306	-1717329600	11.2	947170
16306	-1714651200	15.6	947170
16306	-1712059200	17.2	947170
16306	-1709380800	21.9	947170
16306	-1706788800	25.3	947170
16306	-1704110400	28.2	947170
16306	-1701432000	27.1	947170
16306	-1698926400	23.9	947170
16306	-1696248000	16.8	947170
16306	-1693656000	14.6	947170
16306	-1690977600	10.9	947170
16306	-1688385600	10.1	947170
16306	-1685707200	10.4	947170
16306	-1683028800	14.6	947170
16306	-1680436800	15.2	947170
16306	-1677758400	17.7	947170
16306	-1675166400	23.8	947170
16306	-1672488000	26.4	947170
16306	-1669809600	22.2	947170
16306	-1667390400	22.5	947170
16306	-1664712000	16.1	947170
16306	-1662120000	13.3	947170
16306	-1659441600	10.9	947170
16306	-1656849600	9.8	947170
16306	-1654171200	11	947170
16306	-1651492800	14.4	947170
16306	-1648900800	17.4	947170
16306	-1646222400	19.5	947170
16306	-1643630400	25	947170
16306	-1640952000	24.8	947170
16306	-1638273600	23.8	947170
16306	-1635854400	21.6	947170
16306	-1633176000	18.5	947170
16306	-1630584000	14.6	947170
16306	-1627905600	9.8	947170
16306	-1625313600	8.1	947170
16306	-1622635200	11.2	947170
16306	-1619956800	13.3	947170
16306	-1617364800	16.9	947170
16306	-1614686400	22.5	947170
16306	-1612094400	25	947170
16306	-1609416000	27	947170
16306	-1606737600	27	947170
16306	-1604318400	21.6	947170
16306	-1601640000	20.4	947170
16306	-1599048000	15.6	947170
16306	-1596369600	11.4	947170
16306	-1593777600	9.2	947170
16306	-1591099200	11.1	947170
16306	-1588420800	15.1	947170
16306	-1585828800	19.7	947170
16306	-1583150400	25.1	947170
16306	-1580558400	26.2	947170
16306	-1577880000	25	947170
16306	-1575201600	26.5	947170
16306	-1572696000	21.3	947170
16306	-1570017600	18.1	947170
16306	-1567425600	13.1	947170
16306	-1564747200	10.4	947170
16306	-1562155200	10.1	947170
16306	-1559476800	9.6	947170
16306	-1556798400	13.1	947170
16306	-1554206400	17.4	947170
16306	-1551528000	22.9	947170
16306	-1548936000	23.6	947170
16306	-1546257600	25	947170
16306	-1543579200	25.5	947170
16306	-1541160000	21.3	947170
16306	-1538481600	18.2	947170
16306	-1535889600	15.2	947170
16306	-1533211200	11.4	947170
16306	-1530619200	10.6	947170
16306	-1527940800	9.3	947170
16306	-1525262400	14.9	947170
16306	-1522670400	16.2	947170
16306	-1519992000	22.8	947170
16306	-1517400000	24	947170
16306	-1514721600	23.5	947170
16306	-1512043200	25.7	947170
16306	-1509624000	22.8	947170
16306	-1506945600	20.7	947170
16306	-1504353600	13.6	947170
16306	-1501675200	10.5	947170
16306	-1499083200	8.4	947170
16306	-1496404800	9.6	947170
16306	-1493726400	14	947170
16306	-1491134400	18.6	947170
16306	-1488456000	23.4	947170
16306	-1485864000	24.5	947170
16306	-1483185600	25	947170
16306	-1480507200	28	947170
16306	-1478088000	24.3	947170
16306	-1475409600	19.8	947170
16306	-1472817600	15.4	947170
16306	-1470139200	10.8	947170
16306	-1467547200	8.9	947170
16306	-1464868800	9.2	947170
16307	-1562155200	9.4	947180
16307	-1559476800	9.6	947180
16307	-1556798400	14.1	947180
16307	-1554206400	18.9	947180
16308	-1325419200	21.7	947190
16308	-1322740800	23.6	947190
16308	-1320235200	21.8	947190
16308	-1317556800	17.9	947190
16308	-1314964800	11.3	947190
16308	-1312286400	9.2	947190
16308	-1309694400	9	947190
16308	-1307016000	11.7	947190
16308	-1304337600	13.7	947190
16308	-1301745600	15.7	947190
16308	-1299067200	20.3	947190
16308	-1296475200	23.6	947190
16308	-1293796800	26	947190
16308	-1291118400	23.4	947190
16308	-1288699200	20.9	947190
16308	-1286020800	14.6	947190
16308	-1283428800	12	947190
16308	-1280750400	9	947190
16308	-1278158400	6.8	947190
16308	-1275480000	8.9	947190
16308	-1272801600	12.6	947190
16308	-1270209600	16.3	947190
16308	-1267531200	19.3	947190
16308	-1264939200	22.2	947190
16308	-1262260800	23.7	947190
16308	-1259582400	25.6	947190
16308	-1257163200	21.7	947190
16308	-1254484800	15.8	947190
16308	-1251892800	13	947190
16308	-1249214400	11.2	947190
16308	-1246622400	10.4	947190
16308	-1243944000	9.4	947190
16308	-1241265600	11.2	947190
16308	-1238673600	16.5	947190
16308	-1235995200	19.7	947190
16308	-1233403200	21.3	947190
16308	-1230724800	22.3	947190
16308	-1228046400	24.5	947190
16308	-1225627200	20.9	947190
16308	-1222948800	15.9	947190
16308	-1220356800	12.2	947190
16308	-1217678400	9.2	947190
16308	-1215086400	7.8	947190
16308	-1212408000	8.9	947190
16308	-1209729600	12.5	947190
16308	-1207137600	14.6	947190
16308	-1204459200	19.6	947190
16308	-1201867200	21.6	947190
16308	-1199188800	27.6	947190
16308	-1196510400	23.9	947190
16308	-1194004800	20.8	947190
16308	-1191326400	16	947190
16308	-1188734400	13.1	947190
16308	-1186056000	8.6	947190
16308	-1183464000	8.3	947190
16308	-1180785600	10.8	947190
16308	-1178107200	13.2	947190
16308	-1175515200	14.3	947190
16308	-1172836800	20.8	947190
16308	-1170244800	23.1	947190
16308	-1167566400	24.4	947190
16308	-1164888000	23.4	947190
16308	-1162468800	23.4	947190
16308	-1159790400	16.4	947190
16308	-1157198400	12.3	947190
16308	-1154520000	9.6	947190
16308	-1151928000	10.4	947190
16308	-1149249600	7.5	947190
16308	-1146571200	12.7	947190
16308	-1143979200	16.7	947190
16308	-1141300800	19.4	947190
16309	554817600	10.1	947200
16309	557496000	11.1	947200
16309	560088000	14	947200
16309	562766400	18.8	947200
16309	565358400	21.7	947200
16309	568036800	25.8	947200
16309	570715200	22.5	947200
16309	573220800	20.3	947200
16309	575899200	17.4	947200
16309	578491200	13	947200
16309	581169600	9	947200
16309	583761600	9.3	947200
16309	586440000	9.1	947200
16309	589118400	11.9	947200
16309	591710400	14.6	947200
16309	594388800	18	947200
16309	596980800	22.7	947200
16309	599659200	21.3	947200
16309	602337600	22.1	947200
16309	604756800	20.7	947200
16309	607435200	17	947200
16310	-1296475200	22.5	947230
16310	-1293796800	25.4	947230
16310	-1291118400	22.6	947230
16310	-1288699200	20	947230
16310	-1286020800	12.6	947230
16310	-1283428800	9.1	947230
16310	-1280750400	5.8	947230
16310	-1278158400	6	947230
16310	-1275480000	10	947230
16310	-1272801600	13.3	947230
16310	-1270209600	15.7	947230
16310	-1267531200	19.2	947230
16310	-1264939200	22.3	947230
16310	-1262260800	22.4	947230
16310	-1259582400	22.5	947230
16310	-1257163200	19.3	947230
16310	-1254484800	14.4	947230
16310	-1251892800	10.9	947230
16310	-1249214400	9.5	947230
16310	-1246622400	8.2	947230
16310	-1243944000	8.6	947230
16310	-1241265600	10.4	947230
16310	-1238673600	16.8	947230
16310	-1235995200	19.6	947230
16310	-1233403200	22.1	947230
16310	-1230724800	21.9	947230
16310	-1228046400	24.6	947230
16310	-1225627200	20.3	947230
16310	-1222948800	14.9	947230
16310	-1220356800	11.4	947230
16310	-1217678400	8	947230
16310	-1215086400	6.3	947230
16310	-1212408000	8.6	947230
16310	-1209729600	11.8	947230
16310	-1207137600	16.3	947230
16310	-1204459200	20.4	947230
16310	-1201867200	21.4	947230
16310	-1199188800	28.4	947230
16310	-1196510400	23.4	947230
16310	-1194004800	20.4	947230
16310	-1191326400	14.6	947230
16310	-1188734400	11.6	947230
16310	-1186056000	6.7	947230
16310	-1183464000	6.6	947230
16310	-1180785600	10.1	947230
16310	-1178107200	12.7	947230
16310	-1175515200	14.5	947230
16310	-1172836800	20.7	947230
16310	-1170244800	23.3	947230
16310	-1167566400	24.4	947230
16310	-1164888000	22.4	947230
16310	-1162468800	22.2	947230
16310	-1159790400	14.9	947230
16310	-1157198400	11.6	947230
16310	-1154520000	8.8	947230
16310	-1151928000	8.5	947230
16310	-1149249600	7.4	947230
16310	-1146571200	12.2	947230
16310	-1143979200	17.5	947230
16310	-1141300800	19.2	947230
16310	-1138708800	21	947230
16310	-1136030400	23.1	947230
16310	-1133352000	21.2	947230
16310	-1130932800	21	947230
16310	-1128254400	15.3	947230
16310	-1125662400	11.9	947230
16310	-1122984000	7.4	947230
16310	-1120392000	8	947230
16310	-1117713600	9.8	947230
16310	-1115035200	13.3	947230
16310	-1112443200	14.6	947230
16310	-1109764800	19.3	947230
16310	-1107172800	20.9	947230
16310	-1104494400	22.6	947230
16310	-1101816000	22.2	947230
16310	-1099396800	19.6	947230
16310	-1096718400	14.4	947230
16310	-1094126400	9.6	947230
16310	-1091448000	6.6	947230
16310	-1088856000	6.9	947230
16310	-1086177600	9.8	947230
16310	-1083499200	11.9	947230
16310	-1080907200	17.2	947230
16310	-1078228800	20	947230
16310	-1075636800	22.6	947230
16310	-1072958400	23.4	947230
16310	-1070280000	22.6	947230
16310	-1067774400	19.2	947230
16310	-1065096000	15	947230
16310	-1062504000	11.9	947230
16310	-1059825600	6.3	947230
16310	-1057233600	8	947230
16310	-1054555200	9.6	947230
16310	-1051876800	11.8	947230
16310	-1049284800	16.9	947230
16310	-1046606400	20.3	947230
16310	-1044014400	22.5	947230
16310	-1041336000	22.6	947230
16310	-1038657600	21.7	947230
16310	-1036238400	19.4	947230
16310	-1033560000	13.8	947230
16310	-1030968000	10.1	947230
16310	-1028289600	7.8	947230
16310	-1025697600	6.8	947230
16310	-1023019200	9.7	947230
16310	-1020340800	12.2	947230
16310	-1017748800	17.4	947230
16310	-1015070400	19.8	947230
16310	-1012478400	25	947230
16310	-1009800000	24.7	947230
16310	-1007121600	22.2	947230
16310	-1004702400	22.2	947230
16310	-1002024000	16.7	947230
16310	-999432000	13.1	947230
16310	-996753600	7.8	947230
16310	-994161600	7.1	947230
16310	-991483200	8.3	947230
16310	-988804800	12.3	947230
16310	-986212800	18.7	947230
16310	-983534400	21.8	947230
16310	-980942400	24	947230
16310	-978264000	26.6	947230
16310	-975585600	24.7	947230
16310	-973166400	21.5	947230
16310	-970488000	15	947230
16310	-967896000	12.8	947230
16310	-965217600	8.5	947230
16310	-962625600	6	947230
16310	-959947200	8	947230
16310	-957268800	11.2	947230
16310	-954676800	14.8	947230
16310	-951998400	18.8	947230
16310	-949406400	22.5	947230
16310	-946728000	25.5	947230
16310	-944049600	24.5	947230
16310	-941544000	23	947230
16310	-938865600	16.6	947230
16310	-936273600	10.2	947230
16310	-933595200	8.4	947230
16310	-931003200	7.4	947230
16310	-928324800	9.6	947230
16310	-925646400	13.7	947230
16310	-923054400	17.9	947230
16310	-920376000	19.9	947230
16310	-917784000	24.5	947230
16310	-915105600	21.7	947230
16310	-912427200	22.1	947230
16310	-910008000	19	947230
16310	-907329600	16.5	947230
16310	-904737600	11.6	947230
16310	-902059200	8.3	947230
16310	-899467200	8.3	947230
16310	-896788800	8.3	947230
16310	-894110400	12.5	947230
16310	-891518400	15.7	947230
16310	-888840000	22.1	947230
16310	-886248000	23	947230
16310	-883569600	26.5	947230
16310	-880891200	22.7	947230
16310	-878472000	21.6	947230
16310	-875793600	16.9	947230
16310	-873201600	13.6	947230
16310	-870523200	10.1	947230
16310	-867931200	8.6	947230
16310	-865252800	10.3	947230
16310	-862574400	12	947230
16310	-859982400	15.7	947230
16310	-857304000	19.3	947230
16310	-854712000	22.2	947230
16310	-852033600	22.5	947230
16310	-849355200	22.9	947230
16310	-846936000	22.9	947230
16310	-844257600	14.1	947230
16310	-841665600	11.3	947230
16310	-838987200	6.6	947230
16310	-836395200	5.3	947230
16310	-833716800	6.9	947230
16310	-831038400	11.7	947230
16310	-828446400	15.7	947230
16310	-825768000	18.4	947230
16310	-823176000	22	947230
16310	-820497600	25.7	947230
16310	-817819200	23.1	947230
16310	-815313600	20.2	947230
16310	-812635200	13	947230
16310	-810043200	11.7	947230
16310	-807364800	8	947230
16310	-804772800	7.6	947230
16310	-802094400	9.2	947230
16310	-799416000	13.1	947230
16310	-796824000	17.8	947230
16310	-794145600	23	947230
16310	-791553600	23.5	947230
16310	-788875200	24.8	947230
16310	-786196800	23.1	947230
16310	-783777600	19.9	947230
16310	-781099200	16	947230
16310	-778507200	11.8	947230
16310	-775828800	11	947230
16310	-773236800	7.8	947230
16310	-770558400	9.8	947230
16310	-767880000	12	947230
16310	-765288000	16.3	947230
16310	-762609600	20.5	947230
16310	-760017600	24.6	947230
16310	-757339200	26.8	947230
16310	-754660800	25.3	947230
16310	-752241600	18.4	947230
16310	-749563200	14.8	947230
16310	-746971200	11.2	947230
16310	-744292800	6.4	947230
16310	-741700800	7.1	947230
16310	-739022400	8.7	947230
16310	-736344000	12.3	947230
16310	-733752000	15.3	947230
16310	-731073600	22.7	947230
16310	-728481600	24.2	947230
16310	-725803200	26.6	947230
16310	-723124800	25	947230
16310	-720705600	21.5	947230
16310	-718027200	16.4	947230
16310	-715435200	14	947230
16310	-712756800	8.5	947230
16310	-710164800	7.9	947230
16310	-707486400	8.6	947230
16310	-704808000	11.9	947230
16310	-702216000	15	947230
16310	-699537600	17.8	947230
16310	-696945600	21.8	947230
16310	-694267200	20.7	947230
16310	-691588800	23.9	947230
16310	-689083200	19.1	947230
16310	-686404800	14.9	947230
16310	-683812800	9.9	947230
16310	-681134400	9.6	947230
16310	-678542400	6.6	947230
16310	-675864000	9.4	947230
16310	-673185600	12.5	947230
16310	-670593600	15.8	947230
16310	-667915200	19.7	947230
16310	-665323200	24.7	947230
16310	-662644800	23.2	947230
16310	-659966400	23.1	947230
16310	-657547200	22.2	947230
16310	-654868800	15.1	947230
16310	-652276800	12.1	947230
16310	-649598400	7.5	947230
16310	-647006400	7.8	947230
16310	-644328000	9.3	947230
16310	-641649600	12.6	947230
16310	-639057600	16.3	947230
16310	-636379200	18.6	947230
16310	-633787200	22.7	947230
16310	-631108800	24	947230
16310	-628430400	22.9	947230
16310	-626011200	21.5	947230
16310	-623332800	16.1	947230
16310	-620740800	12.8	947230
16310	-618062400	10.4	947230
16310	-615470400	10.5	947230
16310	-612792000	9.9	947230
16310	-610113600	13.1	947230
16310	-607521600	15.6	947230
16310	-604843200	18.1	947230
16310	-602251200	23.5	947230
16310	-599572800	23.1	947230
16310	-596894400	23.8	947230
16310	-594475200	22.2	947230
16310	-591796800	14.1	947230
16310	-589204800	11.4	947230
16310	-586526400	10.9	947230
16310	-583934400	8.4	947230
16310	-581256000	8.8	947230
16310	-578577600	14.5	947230
16310	-575985600	16	947230
16310	-573307200	19.4	947230
16310	-570715200	22.2	947230
16310	-568036800	26.6	947230
16310	-565358400	24	947230
16310	-562852800	21.8	947230
16310	-560174400	16.4	947230
16310	-557582400	11.4	947230
16310	-554904000	8.5	947230
16310	-552312000	7.8	947230
16310	-549633600	10.3	947230
16310	-546955200	11.6	947230
16310	-544363200	16.2	947230
16310	-541684800	17.5	947230
16310	-539092800	22.3	947230
16310	-536414400	24	947230
16310	-533736000	22.1	947230
16310	-531316800	22.1	947230
16310	-528638400	17.8	947230
16310	-526046400	11.8	947230
16310	-523368000	8.3	947230
16310	-520776000	8.5	947230
16310	-518097600	8.9	947230
16310	-515419200	13	947230
16310	-512827200	15.9	947230
16310	-510148800	19.1	947230
16310	-507556800	24.2	947230
16310	-504878400	24.1	947230
16310	-502200000	22.1	947230
16310	-499780800	20	947230
16310	-497102400	18.3	947230
16310	-494510400	11.8	947230
16310	-491832000	10.1	947230
16310	-489240000	9.3	947230
16310	-486561600	10.9	947230
16310	-483883200	13.3	947230
16310	-481291200	16.6	947230
16310	-478612800	19.8	947230
16310	-476020800	22.9	947230
16310	-473342400	24.3	947230
16310	-470664000	23.4	947230
16310	-468244800	23.5	947230
16310	-465566400	18.3	947230
16310	-462974400	12.2	947230
16310	-460296000	9.9	947230
16310	-457704000	7.6	947230
16310	-455025600	9.6	947230
16310	-452347200	13.6	947230
16310	-449755200	16.5	947230
16310	-447076800	17.9	947230
16310	-444484800	21.1	947230
16310	-441806400	23	947230
16310	-439128000	22.9	947230
16310	-436622400	22	947230
16310	-433944000	15.8	947230
16310	-431352000	12.3	947230
16310	-428673600	8.9	947230
16310	-426081600	8.1	947230
16310	-423403200	8.4	947230
16310	-420724800	11.3	947230
16310	-418132800	14.2	947230
16310	-415454400	16.7	947230
16310	-412862400	22.2	947230
16311	-399816000	11.3	947280
16311	-397137600	10.7	947280
16311	-394545600	6.7	947280
16311	-391867200	9.1	947280
16311	-389188800	11.2	947280
16311	-386596800	16.5	947280
16311	-383918400	20.2	947280
16311	-381326400	25.4	947280
16311	-378648000	24.1	947280
16311	-375969600	22.6	947280
16311	-373550400	21.4	947280
16311	-370872000	17.9	947280
16311	-368280000	14	947280
16311	-365601600	10.4	947280
16311	-363009600	7.9	947280
16311	-360331200	10.2	947280
16311	-357652800	10.4	947280
16311	-355060800	14.9	947280
16311	-352382400	19.7	947280
16311	-349790400	22.5	947280
16311	-347112000	23.3	947280
16311	-344433600	23.1	947280
16311	-342014400	21	947280
16311	-339336000	17	947280
16311	-336744000	11.9	947280
16311	-334065600	9.5	947280
16311	-331473600	8.5	947280
16311	-328795200	9.7	947280
16311	-326116800	11.9	947280
16311	-323524800	14.7	947280
16311	-320846400	21.9	947280
16311	-318254400	20.9	947280
16311	-315576000	24.8	947280
16311	-312897600	24	947280
16311	-310392000	20.6	947280
16311	-307713600	17.2	947280
16311	-305121600	11.2	947280
16311	-302443200	7.9	947280
16311	-299851200	8.8	947280
16311	-297172800	8.5	947280
16312	-1683028800	10.7	947300
16312	-1680436800	12.1	947300
16312	-1677758400	13.1	947300
16312	-1675166400	18.2	947300
16313	-1683028800	11.4	947310
16313	-1680436800	13.6	947310
16313	-1677758400	14.6	947310
16313	-1675166400	20.6	947310
16313	-1672488000	22.6	947310
16313	-1669809600	19.5	947310
16313	-1667390400	19.1	947310
16313	-1664712000	13.8	947310
16313	-1662120000	9.8	947310
16313	-1659441600	8.2	947310
16313	-1656849600	6.8	947310
16313	-1654171200	8	947310
16313	-1651492800	11.4	947310
16313	-1648900800	14.7	947310
16313	-1646222400	16.1	947310
16313	-1643630400	20.7	947310
16313	-1640952000	21	947310
16313	-1638273600	20.5	947310
16313	-1635854400	18.6	947310
16313	-1633176000	15.6	947310
16313	-1630584000	11.5	947310
16313	-1627905600	7.2	947310
16313	-1625313600	6.2	947310
16313	-1622635200	8.9	947310
16313	-1619956800	11.6	947310
16313	-1617364800	14.1	947310
16313	-1614686400	19.4	947310
16313	-1612094400	22.2	947310
16313	-1609416000	24	947310
16314	-89553600	22.3	947340
16314	-86875200	21.2	947340
16315	220968000	19.2	947350
16315	223646400	19.1	947350
16315	226065600	16	947350
16315	228744000	11.9	947350
16315	231336000	8.5	947350
16315	234014400	5.7	947350
16315	236606400	5.2	947350
16315	239284800	7.3	947350
16315	241963200	8.4	947350
16315	244555200	13.5	947350
16315	247233600	16.3	947350
16315	249825600	18.3	947350
16315	252504000	18.6	947350
16315	255182400	19.5	947350
16315	257601600	17.4	947350
16315	260280000	12.2	947350
16315	262872000	9.9	947350
16315	265550400	6.5	947350
16315	268142400	5.3	947350
16315	270820800	6.1	947350
16315	273499200	9.1	947350
16389	-1593777600	10.2	955120
16389	-1591099200	11.8	955120
16389	-1588420800	17.3	955120
16389	-1585828800	21.6	955120
16389	-1583150400	27.6	955120
16389	-1580558400	29.7	955120
16389	-1577880000	28.8	955120
16389	-1575201600	27.3	955120
16389	-1572696000	24	955120
16389	-1570017600	20.2	955120
16389	-1567425600	15	955120
16389	-1564747200	12.2	955120
16389	-1562155200	10.5	955120
16389	-1559476800	11.1	955120
16389	-1556798400	14.7	955120
16389	-1554206400	20.4	955120
16389	-1551528000	26.2	955120
16389	-1548936000	26.4	955120
16389	-1546257600	28.6	955120
16389	-1543579200	28.3	955120
16389	-1541160000	23.2	955120
16389	-1538481600	19.6	955120
16389	-1535889600	16.8	955120
16389	-1533211200	13.1	955120
16389	-1530619200	12.9	955120
16389	-1527940800	11	955120
16389	-1525262400	16.6	955120
16389	-1522670400	19.2	955120
16389	-1519992000	25.5	955120
16389	-1517400000	25.8	955120
16389	-1514721600	26.5	955120
16389	-1512043200	27.2	955120
16389	-1509624000	24.2	955120
16389	-1506945600	22.7	955120
16389	-1504353600	16.1	955120
16389	-1501675200	12.4	955120
16389	-1499083200	10.6	955120
16389	-1496404800	11.8	955120
16389	-1493726400	16.1	955120
16389	-1491134400	21.2	955120
16389	-1488456000	25.4	955120
16389	-1485864000	27.7	955120
16389	-1483185600	28.4	955120
16389	-1480507200	30.1	955120
16389	-1478088000	27.1	955120
16389	-1475409600	21.2	955120
16389	-1472817600	17.3	955120
16389	-1470139200	12.9	955120
16389	-1467547200	10.5	955120
16389	-1464868800	11.5	955120
16389	-1462190400	16.5	955120
16389	-1459598400	20.6	955120
16389	-1456920000	21.5	955120
16389	-1454328000	28.9	955120
16389	-1451649600	26.6	955120
16389	-1448971200	25.6	955120
16389	-1446465600	23.8	955120
16389	-1443787200	17.7	955120
16389	-1441195200	15.2	955120
16389	-1438516800	11	955120
16389	-1435924800	11.1	955120
16389	-1433246400	12.5	955120
16389	-1430568000	16.3	955120
16389	-1427976000	19.2	955120
16389	-1425297600	22.8	955120
16389	-1422705600	23.8	955120
16389	-1420027200	25.8	955120
16389	-1417348800	27.4	955120
16389	-1414929600	23.7	955120
16389	-1412251200	19.9	955120
16389	-1409659200	15.3	955120
16389	-1406980800	12.6	955120
16389	-1404388800	10.2	955120
16389	-1401710400	10.8	955120
16389	-1399032000	13.6	955120
16389	-1396440000	19.8	955120
16389	-1393761600	24	955120
16389	-1391169600	27.9	955120
16389	-1388491200	27.1	955120
16389	-1385812800	31.6	955120
16389	-1383393600	25.1	955120
16389	-1380715200	19.9	955120
16389	-1378123200	13.4	955120
16389	-1375444800	11	955120
16389	-1372852800	12	955120
16389	-1370174400	12.7	955120
16389	-1367496000	16.4	955120
16389	-1364904000	20.7	955120
16389	-1362225600	25.1	955120
16389	-1359633600	25.1	955120
16389	-1356955200	28.3	955120
16389	-1354276800	27.9	955120
16389	-1351857600	25.6	955120
16389	-1349179200	19.8	955120
16389	-1346587200	13.7	955120
16389	-1343908800	12.1	955120
16389	-1341316800	10	955120
16389	-1338638400	12	955120
16389	-1335960000	16.4	955120
16389	-1333368000	20.5	955120
16389	-1330689600	25.1	955120
16389	-1328097600	24.5	955120
16389	-1325419200	26.8	955120
16389	-1322740800	26.9	955120
16389	-1320235200	25.8	955120
16389	-1317556800	21.3	955120
16389	-1314964800	14.9	955120
16389	-1312286400	11.3	955120
16389	-1309694400	11.3	955120
16389	-1307016000	15.5	955120
16389	-1304337600	18.5	955120
16389	-1301745600	20.1	955120
16389	-1299067200	24.8	955120
16389	-1296475200	28.1	955120
16389	-1293796800	30.7	955120
16389	-1291118400	28	955120
16389	-1288699200	24.2	955120
16389	-1286020800	18	955120
16389	-1283428800	14.5	955120
16389	-1280750400	10.5	955120
16389	-1278158400	8.5	955120
16389	-1275480000	11.9	955120
16389	-1272801600	15.1	955120
16389	-1270209600	20.4	955120
16389	-1267531200	23.9	955120
16389	-1264939200	25.8	955120
16389	-1262260800	28	955120
16389	-1259582400	28.1	955120
16389	-1257163200	25	955120
16389	-1254484800	19.5	955120
16389	-1251892800	15.2	955120
16389	-1249214400	11.8	955120
16389	-1246622400	11	955120
16389	-1243944000	12.5	955120
16389	-1241265600	15.3	955120
16389	-1238673600	21.9	955120
16389	-1235995200	24.4	955120
16389	-1233403200	25.3	955120
16389	-1230724800	27.1	955120
16389	-1228046400	29.3	955120
16389	-1225627200	24.1	955120
16389	-1222948800	19.7	955120
16389	-1220356800	16.5	955120
16389	-1217678400	13.3	955120
16389	-1215086400	9	955120
16389	-1212408000	12.7	955120
16389	-1209729600	15.4	955120
16389	-1207137600	19.2	955120
16389	-1204459200	22.2	955120
16389	-1201867200	23.6	955120
16389	-1199188800	31.1	955120
16389	-1196510400	26.4	955120
16389	-1194004800	24.6	955120
16389	-1191326400	19.2	955120
16389	-1188734400	15.8	955120
16389	-1186056000	10.5	955120
16389	-1183464000	10.7	955120
16389	-1180785600	13	955120
16389	-1178107200	15.5	955120
16389	-1175515200	19.6	955120
16389	-1172836800	24.9	955120
16389	-1170244800	28.7	955120
16389	-1167566400	29.5	955120
16389	-1164888000	27.1	955120
16389	-1162468800	25.6	955120
16389	-1159790400	21.1	955120
16389	-1157198400	15.7	955120
16389	-1154520000	13	955120
16389	-1151928000	12.2	955120
16389	-1149249600	11.3	955120
16389	-1146571200	15	955120
16389	-1143979200	19.7	955120
16389	-1141300800	20.6	955120
16402	-1722600000	10.1	957070
16402	-1720008000	11.9	957070
16402	-1717329600	12.2	957070
16402	-1714651200	15	957070
16402	-1712059200	17.1	957070
16402	-1709380800	21.6	957070
16402	-1706788800	25.3	957070
16402	-1704110400	27.5	957070
16402	-1701432000	25.5	957070
16402	-1698926400	22.7	957070
16402	-1696248000	16.3	957070
16402	-1693656000	13.7	957070
16402	-1690977600	10	957070
16402	-1688385600	9.1	957070
16402	-1685707200	9.9	957070
16402	-1683028800	15.1	957070
16402	-1680436800	15.9	957070
16403	-1433246400	8	957230
16403	-1430568000	11.3	957230
16403	-1427976000	13.1	957230
16403	-1425297600	15.6	957230
16403	-1422705600	17.8	957230
16403	-1420027200	19.9	957230
16403	-1417348800	20.1	957230
16403	-1414929600	17.5	957230
16403	-1412251200	16.6	957230
16403	-1409659200	11.4	957230
16403	-1406980800	7.6	957230
16403	-1404388800	5.6	957230
16403	-1401710400	7.3	957230
16403	-1399032000	8.6	957230
16403	-1396440000	12.3	957230
16403	-1393761600	17.1	957230
16403	-1391169600	20.4	957230
16403	-1388491200	20.6	957230
16404	13089600	9.9	957270
16404	15681600	7.3	957270
16404	18360000	8.8	957270
16404	21038400	11.3	957270
16404	23630400	17.7	957270
16404	26308800	18.9	957270
16404	28900800	22.3	957270
16404	31579200	22.7	957270
16404	34257600	22.8	957270
16404	36676800	21.9	957270
16405	-1577880000	20.3	957357
16405	-1575201600	21.5	957357
16405	-1572696000	17.1	957357
16405	-1570017600	14.3	957357
16405	-1567425600	9.3	957357
16405	-1564747200	7.7	957357
16405	-1562155200	7.9	957357
16405	-1559476800	7.4	957357
16405	-1556798400	11.2	957357
16405	-1554206400	14.3	957357
16405	-1551528000	18.1	957357
16405	-1548936000	19.6	957357
16405	-1546257600	20.7	957357
16405	-1543579200	20.7	957357
16405	-1541160000	17.2	957357
16405	-1538481600	14.3	957357
16405	-1535889600	11.4	957357
16405	-1533211200	7.8	957357
16405	-1530619200	7.9	957357
16405	-1527940800	6.7	957357
16405	-1525262400	11.9	957357
16405	-1522670400	12.2	957357
16405	-1519992000	17.8	957357
16405	-1517400000	19	957357
16405	-1514721600	19.3	957357
16405	-1512043200	20.6	957357
16405	-1509624000	17.7	957357
16405	-1506945600	15.8	957357
16405	-1504353600	10	957357
16405	-1501675200	7.2	957357
16405	-1499083200	6.2	957357
16405	-1496404800	7	957357
16405	-1493726400	10.4	957357
16405	-1491134400	14.2	957357
16405	-1488456000	18.5	957357
16405	-1485864000	20.2	957357
16405	-1483185600	20.5	957357
16405	-1480507200	22.8	957357
16405	-1478088000	19.9	957357
16405	-1475409600	14.7	957357
16405	-1472817600	11.3	957357
16405	-1470139200	8.3	957357
16405	-1467547200	6.6	957357
16405	-1464868800	7.6	957357
16405	-1462190400	9.6	957357
16405	-1459598400	13.2	957357
16405	-1456920000	14.2	957357
16405	-1454328000	21.1	957357
16434	-1485864000	22.8	959956
16434	-1483185600	22.2	959956
16434	-1480507200	24.2	959956
16434	-1478088000	19.5	959956
16434	-1475409600	14.6	959956
16434	-1472817600	10.5	959956
16434	-1470139200	6.1	959956
16434	-1467547200	5.6	959956
16434	-1464868800	8.5	959956
16434	-1462190400	10.8	959956
16434	-1459598400	15.4	959956
16434	-1456920000	17.3	959956
16434	-1454328000	25.4	959956
16434	-1451649600	23.7	959956
16434	-1448971200	22	959956
16434	-1446465600	20.7	959956
16434	-1443787200	14.7	959956
16434	-1441195200	11.5	959956
16434	-1438516800	5.9	959956
16434	-1435924800	6.3	959956
16434	-1433246400	8.1	959956
16434	-1430568000	11.7	959956
16434	-1427976000	15.3	959956
16434	-1425297600	16.8	959956
16434	-1422705600	18.9	959956
16434	-1420027200	22.2	959956
16434	-1417348800	21.9	959956
16434	-1414929600	19.3	959956
16434	-1412251200	16.1	959956
16434	-1409659200	12.4	959956
16434	-1406980800	8.4	959956
16434	-1404388800	5.6	959956
16434	-1401710400	7.2	959956
16434	-1399032000	9	959956
16434	-1396440000	14.9	959956
16434	-1393761600	19.1	959956
16434	-1391169600	22.3	959956
16434	-1388491200	22	959956
16434	-1385812800	24.9	959956
16434	-1383393600	21.2	959956
16434	-1380715200	15	959956
16434	-1378123200	9.8	959956
16434	-1375444800	7.2	959956
16434	-1372852800	7.5	959956
16434	-1370174400	8.7	959956
16434	-1367496000	12.2	959956
16434	-1364904000	15.1	959956
16434	-1362225600	18.7	959956
16434	-1359633600	20.8	959956
16434	-1356955200	24.2	959956
16434	-1354276800	22.2	959956
16434	-1351857600	19.6	959956
16434	-1349179200	12.7	959956
16434	-1346587200	9.3	959956
16434	-1343908800	6.3	959956
16434	-1341316800	5.7	959956
16434	-1338638400	7	959956
16434	-1335960000	11	959956
16434	-1333368000	16.1	959956
16434	-1330689600	20.1	959956
16434	-1328097600	21.8	959956
16434	-1325419200	21.8	959956
16434	-1322740800	23.1	959956
16434	-1320235200	20.4	959956
16434	-1317556800	15.5	959956
16434	-1314964800	9.7	959956
16434	-1312286400	7.1	959956
16434	-1309694400	7.7	959956
16434	-1307016000	9.1	959956
16434	-1304337600	12.8	959956
16434	-1301745600	13.9	959956
16434	-1299067200	18.6	959956
16434	-1296475200	23.6	959956
16434	-1293796800	26.4	959956
16434	-1291118400	23.4	959956
16434	-1288699200	19.1	959956
16434	-1286020800	14.4	959956
16434	-1283428800	10.4	959956
16434	-1280750400	6.7	959956
16434	-1278158400	5	959956
16434	-1275480000	7.9	959956
16434	-1272801600	11.3	959956
16434	-1270209600	15.1	959956
16434	-1267531200	17.7	959956
16434	-1264939200	20.6	959956
16434	-1262260800	23.1	959956
16434	-1259582400	25.9	959956
16434	-1257163200	21.4	959956
16434	-1254484800	15.3	959956
16434	-1251892800	11.3	959956
16434	-1249214400	8.6	959956
16434	-1246622400	7.4	959956
16434	-1243944000	8.2	959956
16434	-1241265600	10.5	959956
16434	-1238673600	15.8	959956
16434	-1235995200	17.8	959956
16434	-1233403200	21.9	959956
16434	-1230724800	22.4	959956
16434	-1228046400	24.2	959956
16434	-1225627200	20.2	959956
16434	-1222948800	14.4	959956
16434	-1220356800	10.5	959956
16434	-1217678400	7.6	959956
16434	-1215086400	5.8	959956
16434	-1212408000	8.2	959956
16434	-1209729600	10.9	959956
16434	-1207137600	15.2	959956
16434	-1204459200	17.8	959956
16434	-1201867200	21.5	959956
16434	-1199188800	27.2	959956
16434	-1196510400	22.7	959956
16434	-1194004800	20.3	959956
16434	-1191326400	14.7	959956
16434	-1188734400	11.4	959956
16434	-1186056000	6.2	959956
16434	-1183464000	5.7	959956
16434	-1180785600	8.5	959956
16434	-1178107200	11.2	959956
16434	-1175515200	12.9	959956
16434	-1172836800	19.4	959956
16434	-1170244800	21.5	959956
16434	-1167566400	23.5	959956
16434	-1164888000	22.6	959956
16434	-1162468800	21.7	959956
16434	-1159790400	15.5	959956
16434	-1157198400	11.4	959956
16434	-1154520000	8.4	959956
16434	-1151928000	8	959956
16434	-1149249600	7.1	959956
16434	-1146571200	11.4	959956
16434	-1143979200	16.1	959956
16434	-1141300800	19.1	959956
16434	-1138708800	20.8	959956
16434	-1136030400	24	959956
16434	-1133352000	22.2	959956
16434	-1130932800	22.1	959956
16434	-1128254400	15.1	959956
16434	-1125662400	11.8	959956
16434	-1122984000	7.6	959956
16434	-1120392000	7.9	959956
16434	-1117713600	8.2	959956
16434	-1115035200	12.7	959956
16434	-1112443200	13.8	959956
16434	-1109764800	18.3	959956
16434	-1107172800	20.2	959956
16434	-1104494400	22.4	959956
16434	-1101816000	22	959956
16434	-1099396800	19.9	959956
16434	-1096718400	14.5	959956
16434	-1094126400	9.5	959956
16434	-1091448000	6.2	959956
16434	-1088856000	6.2	959956
16434	-1086177600	9.1	959956
16434	-1083499200	11.3	959956
16434	-1080907200	15.8	959956
16434	-1078228800	19.3	959956
16434	-1075636800	21.4	959956
16434	-1072958400	22.8	959956
16434	-1070280000	21.9	959956
16434	-1067774400	19.5	959956
16434	-1065096000	14.3	959956
16434	-1062504000	11.4	959956
16434	-1059825600	6.1	959956
16434	-1057233600	7.4	959956
16434	-1054555200	9.2	959956
16434	-1051876800	10.3	959956
16434	-1049284800	15.5	959956
16434	-1046606400	19	959956
16434	-1044014400	21.5	959956
16434	-1041336000	21	959956
16434	-1038657600	22.2	959956
16434	-1036238400	20.1	959956
16434	-1033560000	14.1	959956
16434	-1030968000	10.4	959956
16434	-1028289600	7.2	959956
16434	-1025697600	6.4	959956
16434	-1023019200	10	959956
16434	-1020340800	12.5	959956
16434	-1017748800	16.5	959956
16434	-1015070400	19.6	959956
16434	-1012478400	23.7	959956
16434	-1009800000	24.2	959956
16434	-1007121600	22.5	959956
16434	-1004702400	22.7	959956
16434	-1002024000	16.9	959956
16434	-999432000	13.3	959956
16434	-996753600	7.8	959956
16434	-994161600	6.3	959956
16434	-991483200	8.2	959956
16434	-988804800	12.6	959956
16434	-986212800	17.1	959956
16434	-983534400	22.2	959956
16434	-980942400	23	959956
16434	-978264000	28.8	959956
16434	-975585600	27.2	959956
16434	-973166400	20.4	959956
16434	-970488000	15.7	959956
16434	-967896000	12.6	959956
16434	-965217600	8.1	959956
16434	-962625600	5.5	959956
16434	-959947200	7.9	959956
16434	-957268800	11.2	959956
16434	-954676800	14.1	959956
16434	-951998400	17.3	959956
16434	-949406400	20.8	959956
16434	-946728000	24.8	959956
16434	-944049600	23.8	959956
16434	-941544000	24.1	959956
16434	-938865600	15.6	959956
16434	-936273600	10	959956
16434	-933595200	7.2	959956
16434	-931003200	7.1	959956
16434	-928324800	8.5	959956
16434	-925646400	12.6	959956
16434	-923054400	17	959956
16434	-920376000	18.4	959956
16434	-917784000	24	959956
16434	-915105600	21.6	959956
16434	-912427200	21.4	959956
16434	-910008000	18.6	959956
16434	-907329600	17.2	959956
16434	-904737600	10.9	959956
16434	-902059200	7.4	959956
16434	-899467200	6.8	959956
16434	-896788800	8	959956
16434	-894110400	11.6	959956
16434	-891518400	13.8	959956
16434	-888840000	20	959956
16434	-886248000	21.9	959956
16434	-883569600	25.9	959956
16434	-880891200	22.8	959956
16434	-878472000	21.8	959956
16434	-875793600	16.6	959956
16434	-873201600	12.8	959956
16434	-870523200	9	959956
16434	-867931200	7.1	959956
16434	-865252800	8.9	959956
16434	-862574400	11.2	959956
16434	-859982400	14.9	959956
16434	-857304000	18.6	959956
16434	-854712000	22.7	959956
16434	-852033600	22.2	959956
16434	-849355200	23.4	959956
16434	-846936000	23.1	959956
16434	-844257600	13.8	959956
16434	-841665600	10.6	959956
16434	-838987200	6.7	959956
16434	-836395200	6	959956
16434	-833716800	6.6	959956
16434	-831038400	10.4	959956
16434	-828446400	14.8	959956
16434	-825768000	17	959956
16434	-823176000	21.1	959956
16434	-820497600	24.5	959956
16434	-817819200	22.5	959956
16434	-815313600	20	959956
16434	-812635200	13.2	959956
16434	-810043200	10.8	959956
16434	-807364800	7.6	959956
16434	-804772800	7.6	959956
16434	-802094400	9.2	959956
16434	-799416000	13.3	959956
16434	-796824000	17	959956
16434	-794145600	21.8	959956
16434	-791553600	22.4	959956
16434	-788875200	24.6	959956
16434	-786196800	22.2	959956
16434	-783777600	18.9	959956
16434	-781099200	15	959956
16434	-778507200	10	959956
16434	-775828800	9.6	959956
16434	-773236800	6.2	959956
16434	-770558400	8.6	959956
16434	-767880000	10.6	959956
16434	-765288000	14.8	959956
16434	-762609600	19.4	959956
16434	-760017600	23.5	959956
16434	-757339200	26.4	959956
16434	-754660800	23.9	959956
16434	-752241600	17.9	959956
16434	-749563200	13.9	959956
16434	-746971200	10.8	959956
16434	-744292800	6.1	959956
16434	-741700800	7.7	959956
16434	-739022400	8.3	959956
16434	-736344000	11.6	959956
16434	-733752000	14.1	959956
16434	-731073600	21.1	959956
16434	-728481600	22.7	959956
16434	-725803200	25	959956
16434	-723124800	24	959956
16434	-720705600	20.5	959956
16434	-718027200	15.3	959956
16434	-715435200	13	959956
16434	-712756800	8.4	959956
16434	-710164800	6.3	959956
16434	-707486400	7.2	959956
16434	-704808000	10.6	959956
16434	-702216000	13.4	959956
16434	-699537600	16.5	959956
16434	-696945600	20.4	959956
16434	-694267200	20.8	959956
16434	-691588800	23.2	959956
16434	-689083200	18.7	959956
16434	-686404800	14.7	959956
16434	-683812800	8.8	959956
16434	-681134400	7.8	959956
16434	-678542400	5.5	959956
16434	-675864000	8.9	959956
16434	-673185600	11.4	959956
16434	-670593600	14.3	959956
16434	-667915200	17.7	959956
16435	-1690977600	6.7	959957
16435	-1688385600	6.6	959957
16443	70977600	17.7	959965
16443	73569600	15.2	959965
16443	76248000	11.7	959965
16443	78840000	9.9	959965
16443	81518400	12.7	959965
19011	-423403200	9.8	947000
19011	-420724800	12.5	947000
19011	-418132800	14.9	947000
19011	-415454400	17.5	947000
19011	-412862400	21.4	947000
19011	-410184000	23.7	947000
19011	-407505600	24.1	947000
19011	-405086400	20.4	947000
19011	-402408000	16.5	947000
19011	-399816000	11.8	947000
19011	-397137600	12.8	947000
19011	-394545600	7.9	947000
19011	-391867200	10.5	947000
19011	-389188800	13.3	947000
19011	-386596800	17.8	947000
19011	-383918400	20.8	947000
19012	-2984817600	12.6	947030
19012	-2982225600	11.3	947030
19012	-2979547200	13.4	947030
19012	-2976868800	16.6	947030
19012	-2974276800	22.8	947030
19012	-2971598400	24.7	947030
19013	-1427976000	19.5	947070
19013	-1425297600	21	947070
19013	-1422705600	24.5	947070
19013	-1420027200	25.3	947070
19013	-1417348800	27.1	947070
19013	-1414929600	22.7	947070
19014	-136728000	18.6	947080
19014	-134136000	21.5	947080
19014	-131457600	23.2	947080
19014	-128865600	26.5	947080
19014	-126187200	26.9	947080
19014	-123508800	25.6	947080
19014	-121089600	23	947080
19014	-118411200	19.4	947080
19014	-115819200	13.4	947080
19014	-113140800	10.6	947080
19014	-110548800	9.7	947080
19014	-107870400	11.3	947080
19014	-105192000	14.6	947080
19014	-102600000	18.4	947080
19014	-99921600	21.9	947080
19014	-97329600	24.3	947080
19014	-94651200	27.1	947080
19014	-91972800	26.8	947080
19014	-89553600	21.4	947080
19014	-86875200	19.3	947080
19014	-84283200	15.1	947080
19014	-81604800	13.8	947080
19014	-79012800	10	947080
19014	-76334400	11.1	947080
19014	-73656000	15.1	947080
19014	-71064000	21.5	947080
19014	-68385600	23.2	947080
19014	-65793600	24.1	947080
19014	-63115200	26	947080
19014	-60436800	26.8	947080
19014	-57931200	24.4	947080
19014	-55252800	20.6	947080
19014	-52660800	13.2	947080
19014	-49982400	10.2	947080
19014	-47390400	9	947080
19014	-44712000	11.1	947080
19014	-42033600	14.1	947080
19014	-39441600	19.5	947080
19014	-36763200	22.9	947080
19014	-34171200	24.5	947080
19014	-31492800	29.2	947080
19014	-28814400	27.6	947080
19014	-26395200	23.7	947080
19014	-23716800	18.3	947080
19014	-21124800	13.6	947080
19014	-18446400	10.8	947080
19014	-15854400	11.3	947080
19014	-13176000	12.7	947080
19014	-10497600	12.2	947080
19014	-7905600	19.6	947080
19014	-5227200	20.9	947080
19014	-2635200	24.7	947080
19014	43200	25.6	947080
19015	-326116800	12.8	947090
19015	-323524800	15.1	947090
19015	-320846400	23	947090
19016	-1230724800	26.3	947110
19016	-1228046400	27.4	947110
19016	-1225627200	22.4	947110
19016	-1222948800	17.2	947110
19016	-1220356800	13.4	947110
19016	-1217678400	10	947110
19016	-1215086400	9.3	947110
19016	-1212408000	11.1	947110
19016	-1209729600	14.8	947110
19016	-1207137600	17.4	947110
19016	-1204459200	21.5	947110
19016	-1201867200	24.3	947110
19016	-1199188800	29.8	947110
19016	-1196510400	25.4	947110
19016	-1194004800	22.8	947110
19016	-1191326400	18.1	947110
19016	-1188734400	15	947110
19016	-1186056000	10	947110
19016	-1183464000	9.9	947110
19016	-1180785600	13.3	947110
19016	-1178107200	15.2	947110
19016	-1175515200	16.8	947110
19016	-1172836800	22.3	947110
19016	-1170244800	24.9	947110
19016	-1167566400	26.9	947110
19016	-1164888000	25.9	947110
19016	-1162468800	24.6	947110
19016	-1159790400	18	947110
19016	-1157198400	11.8	947110
19016	-1154520000	9.2	947110
19016	-1151928000	9.4	947110
19016	-1149249600	10.3	947110
19016	-1146571200	14.5	947110
19016	-1143979200	19.4	947110
19017	-741700800	6.1	947120
19017	-739022400	6.7	947120
19017	-736344000	10.3	947120
19017	-733752000	12.8	947120
19017	-731073600	18.9	947120
19017	-728481600	21	947120
19017	-725803200	23.4	947120
19017	-723124800	23.1	947120
19017	-720705600	19.2	947120
19017	-718027200	14.4	947120
19017	-715435200	11.6	947120
19017	-712756800	6.6	947120
19017	-710164800	5.7	947120
19017	-707486400	5.8	947120
19017	-704808000	9.4	947120
19017	-702216000	12.6	947120
19017	-699537600	17.5	947120
19017	-696945600	19.9	947120
19017	-694267200	20.8	947120
19017	-691588800	23.5	947120
19017	-689083200	17.9	947120
19017	-686404800	14.9	947120
19017	-683812800	9.5	947120
19017	-681134400	8.6	947120
19017	-678542400	5.9	947120
19017	-675864000	8.9	947120
19017	-673185600	11.8	947120
19017	-670593600	13.8	947120
19017	-667915200	17.8	947120
19017	-665323200	22.5	947120
19017	-662644800	21.5	947120
19017	-659966400	20.9	947120
19017	-657547200	20.5	947120
19017	-654868800	14.3	947120
19017	-652276800	10.8	947120
19017	-649598400	7.1	947120
19017	-647006400	7.2	947120
19017	-644328000	8.6	947120
19017	-641649600	11.9	947120
19017	-639057600	15.4	947120
19017	-636379200	16.8	947120
19017	-633787200	20.4	947120
19017	-631108800	21.9	947120
19017	-628430400	22.4	947120
19017	-626011200	19.8	947120
19017	-623332800	15.5	947120
19017	-620740800	11.6	947120
19017	-618062400	9.5	947120
19017	-615470400	9.5	947120
19017	-612792000	9	947120
19017	-610113600	12.5	947120
19017	-607521600	15	947120
19017	-604843200	17.5	947120
19017	-602251200	23.1	947120
19017	-599572800	23.3	947120
19017	-596894400	23.6	947120
19017	-594475200	21.9	947120
19017	-591796800	13.1	947120
19017	-589204800	10.6	947120
19017	-586526400	10.1	947120
19017	-583934400	6.8	947120
19017	-581256000	7.5	947120
19017	-578577600	13	947120
19017	-575985600	14.1	947120
19017	-573307200	16.9	947120
19017	-570715200	21.4	947120
19017	-568036800	24.6	947120
19017	-565358400	23.1	947120
19017	-562852800	20.6	947120
19017	-560174400	15.3	947120
19017	-557582400	10.6	947120
19017	-554904000	8.1	947120
19017	-552312000	7	947120
19017	-549633600	9.2	947120
19017	-546955200	10.5	947120
19017	-544363200	14.8	947120
19017	-541684800	15.8	947120
19017	-539092800	20.6	947120
19017	-536414400	22.7	947120
19017	-533736000	21.8	947120
19017	-531316800	21.1	947120
19017	-528638400	16	947120
19017	-526046400	11.2	947120
19017	-523368000	6.8	947120
19017	-520776000	7	947120
19017	-518097600	8.1	947120
19017	-515419200	11.3	947120
19017	-512827200	13.9	947120
19017	-510148800	16	947120
19017	-507556800	21.3	947120
19017	-504878400	24.1	947120
19017	-502200000	20.8	947120
19017	-499780800	18.5	947120
19017	-497102400	16.8	947120
19017	-494510400	10	947120
19017	-491832000	8.2	947120
19017	-489240000	7.5	947120
19017	-486561600	9	947120
19017	-483883200	11.6	947120
19017	-481291200	15.1	947120
19017	-478612800	18.5	947120
19017	-476020800	21.4	947120
19017	-473342400	23.6	947120
19017	-470664000	22.3	947120
19017	-468244800	22	947120
19017	-465566400	16.5	947120
19017	-462974400	10.5	947120
19017	-460296000	8.2	947120
19017	-457704000	6.5	947120
19017	-455025600	8.1	947120
19017	-452347200	12.3	947120
19017	-449755200	14.3	947120
19017	-447076800	16.6	947120
19017	-444484800	21.4	947120
19017	-441806400	23.4	947120
19017	-439128000	21.8	947120
19017	-436622400	19.1	947120
19017	-433944000	12.9	947120
19017	-431352000	8.9	947120
19018	-2727086400	8	947130
19018	-2724408000	10.7	947130
19018	-2721816000	15.4	947130
19018	-2719137600	21	947130
19018	-2716545600	23.1	947130
19018	-2713867200	22.1	947130
19018	-2711188800	24	947130
19018	-2708683200	20.7	947130
19018	-2706004800	15.3	947130
19018	-2703412800	9.7	947130
19019	-1451649600	21.7	947140
19019	-1448971200	20.8	947140
19019	-1446465600	20.9	947140
19019	-1443787200	13.5	947140
19019	-1441195200	11.1	947140
19019	-1438516800	8.4	947140
19019	-1435924800	7.6	947140
19019	-1433246400	9.5	947140
19020	-978264000	32.5	947150
19020	-975585600	28.9	947150
19020	-973166400	23.9	947150
19020	-970488000	19.6	947150
19021	-1459598400	18	947170
19021	-1456920000	18.5	947170
19021	-1454328000	26	947170
19021	-1451649600	24.2	947170
19021	-1448971200	23.5	947170
19022	-1548936000	22.4	947180
19022	-1546257600	24.3	947180
19022	-1543579200	26.9	947180
19022	-1541160000	23	947180
19022	-1538481600	19.6	947180
19022	-1535889600	14.2	947180
19022	-1533211200	11.2	947180
19022	-1530619200	10.9	947180
19022	-1527940800	9.1	947180
19022	-1525262400	13.8	947180
19022	-1522670400	19.6	947180
19022	-1519992000	24.7	947180
19022	-1517400000	25.1	947180
19022	-1514721600	25.4	947180
19022	-1512043200	25.1	947180
19022	-1509624000	22.5	947180
19022	-1506945600	21.7	947180
19023	-1136030400	24.7	947190
19023	-1133352000	22.7	947190
19023	-1130932800	22.1	947190
19023	-1128254400	16.3	947190
19023	-1125662400	13	947190
19023	-1122984000	8.8	947190
19023	-1120392000	9.7	947190
19023	-1117713600	9.7	947190
19023	-1115035200	12.6	947190
19023	-1112443200	13.7	947190
19023	-1109764800	18.6	947190
19024	612705600	9	947200
19024	615297600	7.5	947200
19024	617976000	7.7	947200
19024	620654400	10.1	947200
19024	623246400	13.9	947200
19024	625924800	18	947200
19024	628516800	22	947200
19024	631195200	24.5	947200
19024	633873600	22.1	947200
19024	636292800	21.5	947200
19024	638971200	17.1	947200
19024	641563200	12.4	947200
19024	644241600	8.3	947200
19024	646833600	8.5	947200
19024	649512000	8.9	947200
19024	652190400	11.2	947200
19024	654782400	14.4	947200
19024	657460800	18.5	947200
19024	660052800	23.8	947200
19024	662731200	25.2	947200
19024	665409600	26.6	947200
19024	667828800	20.7	947200
19024	670507200	15.3	947200
19024	673099200	13.4	947200
19024	675777600	12.1	947200
19024	678369600	8.1	947200
19024	681048000	8.4	947200
19024	683726400	10.7	947200
19024	686318400	14.8	947200
19024	688996800	18	947200
19024	691588800	20.3	947200
19024	694267200	21.3	947200
19024	696945600	20.6	947200
19024	699451200	19.8	947200
19024	702129600	16.3	947200
19024	704721600	11.6	947200
19024	707400000	8.7	947200
19024	709992000	8.2	947200
19024	712670400	8	947200
19024	715348800	10.1	947200
19024	717940800	14.3	947200
19024	720619200	15.7	947200
19024	723211200	20	947200
19024	725889600	24.2	947200
19024	728568000	23.3	947200
19024	730987200	18.6	947200
19024	733665600	16.2	947200
19024	736257600	11.5	947200
19024	738936000	8.1	947200
19024	741528000	10.2	947200
19024	744206400	9.6	947200
19024	746884800	11.5	947200
19024	749476800	13.5	947200
19024	752155200	17.1	947200
19024	754747200	19.9	947200
19024	757425600	22.6	947200
19024	760104000	23.6	947200
19024	762523200	17.8	947200
19024	765201600	15.6	947200
19024	767793600	11.6	947200
19024	770472000	9.9	947200
19024	773064000	7.4	947200
19024	775742400	8	947200
19024	778420800	11	947200
19024	781012800	15.1	947200
19024	783691200	18.8	947200
19024	786283200	24.1	947200
19024	788961600	22.7	947200
19024	791640000	21.9	947200
19024	794059200	18.9	947200
19024	796737600	13.1	947200
19024	799329600	13	947200
19024	802008000	9.4	947200
19024	804600000	7.2	947200
19024	807278400	10.5	947200
19024	809956800	11.5	947200
19024	812548800	15.2	947200
19024	815227200	18.5	947200
19024	817819200	19.5	947200
19024	820497600	22.7	947200
19024	823176000	20.2	947200
19024	825681600	19.2	947200
19024	828360000	13.9	947200
19024	830952000	13	947200
19024	833630400	9.7	947200
19024	836222400	8.4	947200
19024	838900800	9.2	947200
19024	841579200	11.4	947200
19024	844171200	15.1	947200
19024	846849600	16.3	947200
19024	849441600	21	947200
19025	-157723200	23.6	947230
19025	-155044800	25.3	947230
19025	-152625600	21.3	947230
19025	-149947200	15.9	947230
19025	-147355200	11.7	947230
19026	-291902400	15.7	947280
19026	-289224000	17.1	947280
19026	-286632000	20.7	947280
19026	-283953600	22.5	947280
19026	-281275200	23	947280
19026	-278856000	19.7	947280
19026	-276177600	16.6	947280
19026	-273585600	11.1	947280
19026	-270907200	9.4	947280
19026	-268315200	7.5	947280
19026	-265636800	8.9	947280
19026	-262958400	11.9	947280
19026	-260366400	18.3	947280
19026	-257688000	20.8	947280
19026	-255096000	21.8	947280
19026	-252417600	22.3	947280
19026	-249739200	22.9	947280
19026	-247320000	20.6	947280
19026	-244641600	15.8	947280
19026	-242049600	10.9	947280
19026	-239371200	9.6	947280
19026	-236779200	9.4	947280
19026	-234100800	9	947280
19026	-231422400	11.6	947280
19026	-228830400	14.7	947280
19026	-226152000	19.7	947280
19026	-223560000	20.5	947280
19026	-220881600	22	947280
19026	-218203200	23.2	947280
19026	-215784000	21.8	947280
19026	-213105600	16.3	947280
19026	-210513600	14	947280
19026	-207835200	9.5	947280
19026	-205243200	8	947280
19026	-202564800	9.6	947280
19026	-199886400	11.9	947280
19026	-197294400	15.4	947280
19026	-194616000	17.9	947280
19026	-192024000	22.1	947280
19026	-189345600	23	947280
19026	-186667200	22.1	947280
19026	-184161600	20.9	947280
19026	-181483200	16.3	947280
19026	-178891200	11.3	947280
19026	-176212800	9.3	947280
19026	-173620800	8.9	947280
19026	-170942400	8.9	947280
19026	-168264000	13.1	947280
19026	-165672000	13.7	947280
19026	-162993600	18.8	947280
19026	-160401600	20.6	947280
19026	-157723200	23.3	947280
19026	-155044800	24.5	947280
19026	-152625600	21.1	947280
19026	-149947200	16	947280
19026	-147355200	11.8	947280
19026	-144676800	9.6	947280
19026	-142084800	7.4	947280
19026	-139406400	10.5	947280
19026	-136728000	14.8	947280
19026	-134136000	17.9	947280
19026	-131457600	19.3	947280
19026	-128865600	22.7	947280
19026	-126187200	23.3	947280
19026	-123508800	22.9	947280
19026	-121089600	20.6	947280
19026	-118411200	16.8	947280
19026	-115819200	11.4	947280
19026	-113140800	9.1	947280
19026	-110548800	7.3	947280
19026	-107870400	8.8	947280
19026	-105192000	11.6	947280
19026	-102600000	14.5	947280
19026	-99921600	18.3	947280
19026	-97329600	21.7	947280
19026	-94651200	24.5	947280
19026	-91972800	24.1	947280
19026	-89553600	18.8	947280
19026	-86875200	16.9	947280
19026	-84283200	12.3	947280
19026	-81604800	13	947280
19026	-79012800	7.8	947280
19026	-76334400	8.6	947280
19026	-73656000	12	947280
19026	-71064000	18.4	947280
19026	-68385600	20.2	947280
19026	-65793600	21.4	947280
19026	-63115200	23.8	947280
19026	-60436800	24.5	947280
19026	-57931200	22.1	947280
19026	-55252800	18.8	947280
19026	-52660800	11.6	947280
19026	-49982400	8.7	947280
19026	-47390400	7.9	947280
19026	-44712000	9.5	947280
19026	-42033600	11.5	947280
19026	-39441600	16	947280
19026	-36763200	19.9	947280
19026	-34171200	21.3	947280
19026	-31492800	26.2	947280
19026	-28814400	24.5	947280
19026	-26395200	22	947280
19026	-23716800	16.6	947280
19026	-21124800	12.2	947280
19026	-18446400	9.6	947280
19026	-15854400	9.8	947280
19026	-13176000	11.6	947280
19026	-10497600	10.5	947280
19026	-7905600	17.1	947280
19026	-5227200	18	947280
19026	-2635200	21.6	947280
19026	43200	22.8	947280
19027	-1662120000	7.2	947300
19027	-1659441600	6.7	947300
19027	-1656849600	5.3	947300
19027	-1654171200	6.4	947300
19028	-1601640000	15.4	947310
19028	-1599048000	13.4	947310
19028	-1596369600	10.2	947310
19028	-1593777600	9.1	947310
19028	-1591099200	9.5	947310
19028	-1588420800	11.7	947310
19028	-1585828800	17.6	947310
19028	-1583150400	22.1	947310
19028	-1580558400	23.3	947310
19028	-1577880000	21.4	947310
19028	-1575201600	22.4	947310
19028	-1572696000	19.2	947310
19028	-1570017600	15.9	947310
19028	-1567425600	10.5	947310
19028	-1564747200	8.7	947310
19028	-1562155200	8.6	947310
19028	-1559476800	8	947310
19028	-1556798400	11.7	947310
19028	-1554206400	14.5	947310
19028	-1551528000	19.1	947310
19028	-1548936000	20.4	947310
19028	-1546257600	21.6	947310
19028	-1543579200	22.4	947310
19028	-1541160000	19.3	947310
19028	-1538481600	16.5	947310
19028	-1535889600	12.4	947310
19028	-1533211200	9.8	947310
19028	-1530619200	9	947310
19028	-1527940800	7.7	947310
19028	-1525262400	12.9	947310
19028	-1522670400	13.3	947310
19028	-1519992000	19.7	947310
19028	-1517400000	20.7	947310
19028	-1514721600	20.3	947310
19028	-1512043200	22	947310
19028	-1509624000	19.8	947310
19028	-1506945600	17.4	947310
19028	-1504353600	11.4	947310
19028	-1501675200	8.3	947310
19028	-1499083200	6.4	947310
19028	-1496404800	7.8	947310
19028	-1493726400	11.2	947310
19028	-1491134400	16.1	947310
19028	-1488456000	20.4	947310
19028	-1485864000	21.3	947310
19028	-1483185600	22.3	947310
19028	-1480507200	24.4	947310
19028	-1478088000	22.1	947310
19028	-1475409600	17.6	947310
19028	-1472817600	12.5	947310
19028	-1470139200	8.5	947310
19028	-1467547200	5.7	947310
19028	-1464868800	6.8	947310
19028	-1462190400	8.9	947310
19028	-1459598400	13.4	947310
19028	-1456920000	13.9	947310
19028	-1454328000	21	947310
19028	-1451649600	20.6	947310
19028	-1448971200	20	947310
19028	-1446465600	18.3	947310
19028	-1443787200	12.6	947310
19028	-1441195200	9.2	947310
19028	-1438516800	6.2	947310
19028	-1435924800	6.3	947310
19028	-1433246400	8	947310
19028	-1430568000	10.7	947310
19028	-1427976000	12.1	947310
19028	-1425297600	15.6	947310
19028	-1422705600	18.2	947310
19028	-1420027200	21.2	947310
19028	-1417348800	22.6	947310
19028	-1414929600	19.6	947310
19028	-1412251200	15.9	947310
19028	-1409659200	12.3	947310
19028	-1406980800	8.7	947310
19028	-1404388800	5.8	947310
19029	-81604800	15.8	947340
19029	-79012800	11.2	947340
19030	278769600	13.3	947350
19030	281361600	14.9	947350
19030	284040000	21	947350
19030	286718400	20.5	947350
19030	289137600	16.8	947350
19030	291816000	11.7	947350
19030	294408000	8.4	947350
19101	-1136030400	28.3	955120
19101	-1133352000	26.7	955120
19101	-1130932800	27	955120
19101	-1128254400	19.3	955120
19101	-1125662400	15.7	955120
19101	-1122984000	10.8	955120
19101	-1120392000	11	955120
19101	-1117713600	11.7	955120
19101	-1115035200	14.9	955120
19101	-1112443200	16.3	955120
19101	-1109764800	20	955120
19101	-1107172800	23.8	955120
19101	-1104494400	28.1	955120
19101	-1101816000	27.7	955120
19101	-1099396800	24.8	955120
19101	-1096718400	17.7	955120
19101	-1094126400	13.8	955120
19101	-1091448000	11.8	955120
19101	-1088856000	10.2	955120
19101	-1086177600	13.4	955120
19101	-1083499200	14.8	955120
19101	-1080907200	19.7	955120
19101	-1078228800	24	955120
19101	-1075636800	26.5	955120
19101	-1072958400	27.2	955120
19101	-1070280000	27.5	955120
19101	-1067774400	23.2	955120
19101	-1065096000	18.5	955120
19101	-1062504000	16.4	955120
19101	-1059825600	9.7	955120
19101	-1057233600	12	955120
19101	-1054555200	13.4	955120
19101	-1051876800	14.5	955120
19101	-1049284800	20.5	955120
19101	-1046606400	24.7	955120
19101	-1044014400	26.5	955120
19101	-1041336000	28.2	955120
19101	-1038657600	25.8	955120
19101	-1036238400	22.9	955120
19101	-1033560000	18.7	955120
19101	-1030968000	15.3	955120
19101	-1028289600	11.3	955120
19101	-1025697600	10.6	955120
19101	-1023019200	13.7	955120
19101	-1020340800	17.2	955120
19101	-1017748800	21.8	955120
19101	-1015070400	25	955120
19101	-1012478400	29.3	955120
19101	-1009800000	28.2	955120
19101	-1007121600	27.8	955120
19101	-1004702400	27.5	955120
19101	-1002024000	20.6	955120
19101	-999432000	17.8	955120
19101	-996753600	11.7	955120
19101	-994161600	10.1	955120
19101	-991483200	11.3	955120
19101	-988804800	16.4	955120
19101	-986212800	23	955120
19101	-983534400	26.7	955120
19101	-980942400	29.4	955120
19101	-978264000	32.8	955120
19101	-975585600	28.6	955120
19101	-973166400	24	955120
19101	-970488000	20	955120
19101	-967896000	17.2	955120
19101	-965217600	12.1	955120
19101	-962625600	10.1	955120
19101	-959947200	11.5	955120
19101	-957268800	14.8	955120
19101	-954676800	18.7	955120
19101	-951998400	23.1	955120
19101	-949406400	26.7	955120
19101	-946728000	29.6	955120
19101	-944049600	27.7	955120
19101	-941544000	25.9	955120
19101	-938865600	20.6	955120
19101	-936273600	14.2	955120
19101	-933595200	11.4	955120
19101	-931003200	10.4	955120
19101	-928324800	12.7	955120
19101	-925646400	15.5	955120
19115	-1672488000	26.5	957070
19115	-1669809600	23.2	957070
19115	-1667390400	22.2	957070
19115	-1664712000	17	957070
19115	-1662120000	12.4	957070
19115	-1659441600	10	957070
19115	-1656849600	9.1	957070
19115	-1654171200	10.9	957070
19115	-1651492800	13.9	957070
19115	-1648900800	17.6	957070
19115	-1646222400	18.9	957070
19115	-1643630400	25.3	957070
19115	-1640952000	25.4	957070
19115	-1638273600	24.8	957070
19115	-1635854400	22.7	957070
19115	-1633176000	18.1	957070
19115	-1630584000	14.9	957070
19115	-1627905600	10.7	957070
19115	-1625313600	8.9	957070
19116	-128865600	20.2	957230
19116	-126187200	21.1	957230
19116	-123508800	19.2	957230
19116	-121089600	17.4	957230
19116	-118411200	12.6	957230
19116	-115819200	7.8	957230
19116	-113140800	6.3	957230
19116	-110548800	4.8	957230
19116	-107870400	6.8	957230
19116	-105192000	9.8	957230
19116	-102600000	12.6	957230
19116	-99921600	15.5	957230
19116	-97329600	18.2	957230
19117	41947200	12	957270
19117	44625600	8.7	957270
19117	47217600	7.8	957270
19117	49896000	10.4	957270
19117	52574400	13.3	957270
19117	55166400	16.4	957270
19117	57844800	17.8	957270
19117	60436800	22.3	957270
19117	63115200	22.4	957270
19117	65793600	21.8	957270
19117	68299200	20.9	957270
19117	70977600	16.3	957270
19117	73569600	14	957270
19117	76248000	10.3	957270
19117	78840000	7.9	957270
19117	81518400	11.5	957270
19117	84196800	14.2	957270
19117	86788800	17.6	957270
19117	89467200	20	957270
19117	92059200	25.4	957270
19117	94737600	26.8	957270
19117	97416000	23.7	957270
19117	99835200	22.1	957270
19117	102513600	18.6	957270
19117	105105600	13.2	957270
19117	107784000	10	957270
19117	110376000	11.9	957270
19117	113054400	10.5	957270
19117	115732800	13.7	957270
19117	118324800	17.6	957270
19117	121003200	19.1	957270
19117	123595200	22.5	957270
19117	126273600	23.4	957270
19118	-1420027200	19.2	957357
19118	-1417348800	20.6	957357
19118	-1414929600	17.8	957357
19118	-1412251200	14.1	957357
19118	-1409659200	11.3	957357
19118	-1406980800	8.4	957357
19118	-1404388800	5.9	957357
19118	-1401710400	7.3	957357
19118	-1399032000	8.5	957357
19118	-1396440000	13.6	957357
19118	-1393761600	17.3	957357
19118	-1391169600	21.3	957357
19118	-1388491200	20.2	957357
19118	-1385812800	24.4	957357
19118	-1383393600	18.9	957357
19118	-1380715200	14.4	957357
19118	-1378123200	9.4	957357
19118	-1375444800	8.1	957357
19118	-1372852800	7.6	957357
19118	-1370174400	8.4	957357
19118	-1367496000	10.4	957357
19118	-1364904000	13.1	957357
19118	-1362225600	16.2	957357
19118	-1359633600	18.1	957357
19118	-1356955200	20.8	957357
19118	-1354276800	18.8	957357
19118	-1351857600	18	957357
19118	-1349179200	13.2	957357
19118	-1346587200	8.4	957357
19118	-1343908800	5.6	957357
19118	-1341316800	5.1	957357
19118	-1338638400	6.9	957357
19118	-1335960000	9.9	957357
19118	-1333368000	14.7	957357
19118	-1330689600	16.8	957357
19118	-1328097600	18.7	957357
19118	-1325419200	19.2	957357
19118	-1322740800	21.3	957357
19118	-1320235200	18.8	957357
19118	-1317556800	15.4	957357
19118	-1314964800	8.7	957357
19118	-1312286400	7.3	957357
19118	-1309694400	6.9	957357
19118	-1307016000	9.6	957357
19118	-1304337600	11.9	957357
19118	-1301745600	14.1	957357
19118	-1299067200	17.1	957357
19118	-1296475200	20.1	957357
19118	-1293796800	24.1	957357
19118	-1291118400	21.4	957357
19118	-1288699200	18.9	957357
19118	-1286020800	12.9	957357
19118	-1283428800	9.2	957357
19118	-1280750400	5.9	957357
19118	-1278158400	4.8	957357
19118	-1275480000	7.2	957357
19118	-1272801600	10.5	957357
19118	-1270209600	14	957357
19118	-1267531200	16.2	957357
19118	-1264939200	18.8	957357
19118	-1262260800	20.3	957357
19118	-1259582400	22.2	957357
19118	-1257163200	18.1	957357
19118	-1254484800	13.2	957357
19118	-1251892800	9.9	957357
19118	-1249214400	8.6	957357
19118	-1246622400	7.9	957357
19118	-1243944000	8	957357
19118	-1241265600	9.4	957357
19118	-1238673600	14.8	957357
19118	-1235995200	17	957357
19118	-1233403200	19.4	957357
19118	-1230724800	19.9	957357
19118	-1228046400	20.9	957357
19118	-1225627200	17.9	957357
19118	-1222948800	13.3	957357
19118	-1220356800	10.8	957357
19118	-1217678400	7.8	957357
19118	-1215086400	6.8	957357
19118	-1212408000	7.6	957357
19118	-1209729600	10.3	957357
19118	-1207137600	13	957357
19118	-1204459200	16.1	957357
19118	-1201867200	19	957357
19118	-1199188800	24	957357
19118	-1196510400	20.4	957357
19118	-1194004800	18.3	957357
19118	-1191326400	13.6	957357
19118	-1188734400	10.3	957357
19118	-1186056000	6.2	957357
19118	-1183464000	5.7	957357
19118	-1180785600	8.1	957357
19118	-1178107200	10.4	957357
19118	-1175515200	12.2	957357
19118	-1172836800	17	957357
19118	-1170244800	18.4	957357
19118	-1167566400	20.4	957357
19118	-1164888000	19.7	957357
19118	-1162468800	19.8	957357
19118	-1159790400	14	957357
19118	-1157198400	10.7	957357
19118	-1154520000	7.3	957357
19118	-1151928000	7.7	957357
19118	-1149249600	6.2	957357
19118	-1146571200	10	957357
19118	-1143979200	14.8	957357
19118	-1141300800	15.9	957357
19118	-1138708800	18.6	957357
19118	-1136030400	20.7	957357
19118	-1133352000	19.8	957357
19118	-1130932800	19	957357
19118	-1128254400	13.4	957357
19118	-1125662400	10.6	957357
19118	-1122984000	6.4	957357
19118	-1120392000	7.4	957357
19118	-1117713600	8.1	957357
19118	-1115035200	11.3	957357
19118	-1112443200	12.6	957357
19118	-1109764800	16.1	957357
19118	-1107172800	17.4	957357
19118	-1104494400	19.1	957357
19118	-1101816000	18.9	957357
19118	-1099396800	16.1	957357
19118	-1096718400	12.8	957357
19118	-1094126400	8.7	957357
19118	-1091448000	5.9	957357
19118	-1088856000	6.4	957357
19118	-1086177600	8.2	957357
19118	-1083499200	9.4	957357
19118	-1080907200	13.7	957357
19118	-1078228800	16.3	957357
19118	-1075636800	18.6	957357
19118	-1072958400	19.9	957357
19118	-1070280000	19.7	957357
19118	-1067774400	17.2	957357
19118	-1065096000	12.9	957357
19118	-1062504000	10.4	957357
19118	-1059825600	5.4	957357
19118	-1057233600	7.1	957357
19118	-1054555200	8.9	957357
19118	-1051876800	9.6	957357
19118	-1049284800	13.8	957357
19118	-1046606400	16.4	957357
19118	-1044014400	19.2	957357
19118	-1041336000	20.3	957357
19118	-1038657600	19.2	957357
19118	-1036238400	17.6	957357
19118	-1033560000	12.3	957357
19118	-1030968000	9	957357
19118	-1028289600	6.9	957357
19118	-1025697600	5.6	957357
19118	-1023019200	9	957357
19118	-1020340800	10.9	957357
19118	-1017748800	15.1	957357
19118	-1015070400	17	957357
19118	-1012478400	21.6	957357
19118	-1009800000	21.2	957357
19118	-1007121600	19.3	957357
19118	-1004702400	20	957357
19118	-1002024000	14.9	957357
19118	-999432000	11.6	957357
19118	-996753600	6.8	957357
19118	-994161600	5.9	957357
19118	-991483200	7.2	957357
19118	-988804800	10.6	957357
19118	-986212800	15.9	957357
19118	-983534400	18.5	957357
19118	-980942400	20.9	957357
19118	-978264000	24.3	957357
19118	-975585600	23.9	957357
19118	-973166400	19.5	957357
19118	-970488000	14.7	957357
19118	-967896000	11.2	957357
19118	-965217600	7.8	957357
19118	-962625600	5.8	957357
19118	-959947200	7.8	957357
19118	-957268800	9.8	957357
19118	-954676800	12.8	957357
19118	-951998400	15.9	957357
19118	-949406400	18.8	957357
19118	-946728000	21.3	957357
19118	-944049600	21.6	957357
19118	-941544000	20.5	957357
19118	-938865600	14.5	957357
19118	-936273600	8.8	957357
19118	-933595200	6.6	957357
19118	-931003200	6.1	957357
19118	-928324800	6.8	957357
19118	-925646400	10.7	957357
19118	-923054400	15.1	957357
19118	-920376000	16.2	957357
19118	-917784000	21.2	957357
19118	-915105600	19.6	957357
19118	-912427200	19	957357
19118	-910008000	17.3	957357
19118	-907329600	14.7	957357
19118	-904737600	9.4	957357
19118	-902059200	6.9	957357
19118	-899467200	6.8	957357
19118	-896788800	6.8	957357
19118	-894110400	10.8	957357
19118	-891518400	12.5	957357
19118	-888840000	17.9	957357
19118	-886248000	18.7	957357
19118	-883569600	23.6	957357
19118	-880891200	20.2	957357
19118	-878472000	19.6	957357
19118	-875793600	14.6	957357
19118	-873201600	11.5	957357
19118	-870523200	7.9	957357
19118	-867931200	6.5	957357
19118	-865252800	7.8	957357
19118	-862574400	9.7	957357
19118	-859982400	12.4	957357
19118	-857304000	16.1	957357
19118	-854712000	18.5	957357
19118	-852033600	18.9	957357
19118	-849355200	19.7	957357
19118	-846936000	19.3	957357
19118	-844257600	11.6	957357
19118	-841665600	9.3	957357
19118	-838987200	5.2	957357
19118	-836395200	4.8	957357
19118	-833716800	5.4	957357
19118	-831038400	8.9	957357
19118	-828446400	12.7	957357
19118	-825768000	14.7	957357
19118	-823176000	17.9	957357
19118	-820497600	22.2	957357
19118	-817819200	20.2	957357
19118	-815313600	17.7	957357
19118	-812635200	11.9	957357
19118	-810043200	8.9	957357
19118	-807364800	6.2	957357
19118	-804772800	6.4	957357
19118	-802094400	7.7	957357
19118	-799416000	10.7	957357
19118	-796824000	14.7	957357
19118	-794145600	19.7	957357
19118	-791553600	21	957357
19118	-788875200	22.7	957357
19118	-786196800	20.3	957357
19118	-783777600	16.8	957357
19118	-781099200	13.8	957357
19118	-778507200	8.3	957357
19118	-775828800	8.9	957357
19118	-773236800	6.1	957357
19118	-770558400	7.8	957357
19118	-767880000	10.1	957357
19118	-765288000	13.3	957357
19118	-762609600	17.7	957357
19118	-760017600	21.4	957357
19146	-662644800	22	959956
19146	-659966400	22	959956
19146	-657547200	21.1	959956
19146	-654868800	14.9	959956
19146	-652276800	11.3	959956
19146	-649598400	6.7	959956
19146	-647006400	6.9	959956
19146	-644328000	8.5	959956
19146	-641649600	12	959956
19146	-639057600	15.4	959956
19146	-636379200	16.7	959956
19146	-633787200	20.8	959956
19146	-631108800	22.6	959956
19146	-628430400	23.1	959956
19146	-626011200	20.2	959956
19146	-623332800	15.8	959956
19146	-620740800	11.8	959956
19146	-618062400	9.3	959956
19146	-615470400	9.3	959956
19146	-612792000	8.7	959956
19146	-610113600	12.9	959956
19146	-607521600	14.6	959956
19146	-604843200	17.8	959956
19146	-602251200	23.3	959956
19146	-599572800	23.4	959956
19146	-596894400	24.2	959956
19146	-594475200	22.7	959956
19146	-591796800	13.8	959956
19146	-589204800	11	959956
19146	-586526400	9.4	959956
19146	-583934400	7	959956
19146	-581256000	7.3	959956
19146	-578577600	12.5	959956
19146	-575985600	14.2	959956
19146	-573307200	17.7	959956
19146	-570715200	22	959956
19146	-568036800	25.8	959956
19146	-565358400	23.6	959956
19146	-562852800	21.4	959956
19146	-560174400	15.1	959956
19146	-557582400	10.4	959956
19146	-554904000	8.6	959956
19146	-552312000	6.6	959956
19146	-549633600	8.7	959956
19146	-546955200	11.3	959956
19146	-544363200	15.2	959956
19146	-541684800	16.4	959956
19147	-1680436800	11	959957
19147	-1677758400	12.4	959957
19147	-1675166400	17.3	959957
19147	-1672488000	19.1	959957
19147	-1669809600	15.2	959957
19147	-1667390400	15.5	959957
19147	-1664712000	10.6	959957
19147	-1662120000	7.1	959957
19147	-1659441600	5.8	959957
19147	-1656849600	4.4	959957
19147	-1654171200	6.3	959957
19147	-1651492800	9.2	959957
19147	-1648900800	11.1	959957
19147	-1646222400	13.3	959957
19147	-1643630400	18	959957
19147	-1640952000	17.7	959957
19147	-1638273600	17.4	959957
19147	-1635854400	15.5	959957
19147	-1633176000	12.8	959957
19147	-1630584000	9.3	959957
19147	-1627905600	6.2	959957
19147	-1625313600	4.5	959957
19147	-1622635200	7.1	959957
19147	-1619956800	9.5	959957
19147	-1617364800	11.3	959957
19147	-1614686400	15.8	959957
19147	-1612094400	18.2	959957
19147	-1609416000	21	959957
19147	-1606737600	20	959957
19154	92059200	25.2	959965
19154	94737600	27.4	959965
19154	97416000	23.4	959965
19154	99835200	21.9	959965
19154	102513600	18	959965
19154	105105600	14	959965
19154	107784000	10.4	959965
19154	110376000	11.6	959965
19154	113054400	11	959965
19154	115732800	14.6	959965
19154	118324800	18.2	959965
19154	121003200	20.3	959965
19154	123595200	24	959965
19154	126273600	25	959965
19154	128952000	24.7	959965
19154	131371200	23.9	959965
19154	134049600	19.1	959965
19154	136641600	15.1	959965
19154	139320000	10.3	959965
19154	141912000	9.5	959965
19154	144590400	10.5	959965
19154	147268800	12	959965
19154	149860800	16	959965
19154	152539200	18.5	959965
19154	155131200	23.6	959965
19154	157809600	25	959965
19154	160488000	25.4	959965
19154	162907200	22.1	959965
19154	165585600	18.3	959965
19154	168177600	15.5	959965
19154	170856000	11.6	959965
19154	173448000	11.7	959965
19154	176126400	11.3	959965
19154	178804800	14.5	959965
19154	181396800	16.1	959965
19154	184075200	21.4	959965
19154	186667200	25.3	959965
19154	189345600	23.7	959965
19154	192024000	24	959965
19154	194529600	21.7	959965
19154	197208000	17.5	959965
19154	199800000	13.9	959965
19154	202478400	11	959965
19154	205070400	9.7	959965
19154	207748800	10.4	959965
19154	210427200	12.4	959965
19154	213019200	15.2	959965
19154	215697600	19.1	959965
19154	218289600	23.8	959965
19154	220968000	25.7	959965
19154	223646400	26.7	959965
19154	226065600	22.1	959965
19154	228744000	17.7	959965
19154	231336000	13.9	959965
19154	234014400	9.6	959965
19154	236606400	9	959965
19154	239284800	12.4	959965
21434	-378648000	24.2	947000
21434	-375969600	24	947000
21434	-373550400	21	947000
21434	-370872000	18.9	947000
21434	-368280000	15.6	947000
21434	-365601600	9.4	947000
21434	-363009600	9.3	947000
21434	-360331200	11.3	947000
21434	-357652800	12	947000
21434	-355060800	16.3	947000
21434	-352382400	22.6	947000
21434	-349790400	22	947000
21434	-347112000	27.3	947000
21434	-344433600	25.6	947000
21434	-342014400	22	947000
21434	-339336000	17.9	947000
21434	-336744000	12.1	947000
21434	-334065600	11.2	947000
21434	-331473600	9.3	947000
21434	-328795200	13.2	947000
21434	-326116800	14.4	947000
21434	-323524800	16.9	947000
21434	-320846400	24.8	947000
21434	-318254400	21.5	947000
21435	-2958465600	18.3	947030
21435	-2955873600	16.7	947030
21435	-2953195200	10.9	947030
21435	-2950603200	9	947030
21435	-2947924800	11.5	947030
21435	-2945246400	17	947030
21435	-2942654400	21.8	947030
21435	-2939976000	25.4	947030
21435	-2937384000	28.4	947030
21436	-1409659200	13.4	947070
21436	-1406980800	10.7	947070
21436	-1404388800	8.8	947070
21436	-1401710400	11.3	947070
21436	-1399032000	13.6	947070
21436	-1396440000	20.5	947070
21437	13089600	12.1	947080
21437	15681600	10.1	947080
21437	18360000	11.3	947080
21437	21038400	13.9	947080
21437	23630400	19.2	947080
21437	26308800	21.5	947080
21437	28900800	25.3	947080
21437	31579200	26.2	947080
21437	34257600	24	947080
21437	36676800	24.4	947080
21437	39355200	19.2	947080
21437	41947200	14.4	947080
21437	44625600	10.8	947080
21437	47217600	9.8	947080
21437	49896000	11.7	947080
21437	52574400	15.2	947080
21437	55166400	19.3	947080
21437	57844800	20.6	947080
21437	60436800	25.4	947080
21437	63115200	24.5	947080
21437	65793600	24.3	947080
21437	68299200	23	947080
21437	70977600	18.8	947080
21437	73569600	15.6	947080
21437	76248000	12.4	947080
21437	78840000	10.1	947080
21437	81518400	13.6	947080
21437	84196800	17.5	947080
21437	86788800	19.9	947080
21437	89467200	22.9	947080
21437	92059200	27.5	947080
21437	94737600	29.5	947080
21437	97416000	25	947080
21437	99835200	23.6	947080
21437	102513600	20.2	947080
21437	105105600	15.6	947080
21437	107784000	12.5	947080
21437	110376000	12.6	947080
21437	113054400	12.5	947080
21437	115732800	15.6	947080
21437	118324800	19.6	947080
21437	121003200	21.8	947080
21437	123595200	25.1	947080
21437	126273600	25	947080
21437	128952000	25.2	947080
21437	131371200	24.2	947080
21437	134049600	19.8	947080
21437	136641600	15.8	947080
21437	139320000	11.6	947080
21437	141912000	10.4	947080
21437	144590400	11.6	947080
21437	147268800	13.4	947080
21437	149860800	17.7	947080
21437	152539200	20	947080
21437	155131200	24.7	947080
21437	157809600	25.8	947080
21437	160488000	25.4	947080
21437	162907200	22.6	947080
21437	165585600	18.7	947080
21437	168177600	15.6	947080
21437	170856000	12.1	947080
21437	173448000	12.2	947080
21437	176126400	12.4	947080
21437	178804800	15.9	947080
21437	181396800	17.9	947080
21437	184075200	23.7	947080
21437	186667200	26.8	947080
21437	189345600	25.1	947080
21437	192024000	24.7	947080
21437	194529600	23	947080
21437	197208000	18.5	947080
21437	199800000	14.4	947080
21437	202478400	12	947080
21437	205070400	10.7	947080
21437	207748800	11.5	947080
21437	210427200	13.7	947080
21437	213019200	16.9	947080
21437	215697600	21.2	947080
21437	218289600	25.8	947080
21437	220968000	27.3	947080
21437	223646400	27.7	947080
21437	226065600	22.8	947080
21437	228744000	18.6	947080
21437	231336000	14.9	947080
21437	234014400	10.9	947080
21437	236606400	9.7	947080
21437	239284800	12.5	947080
21437	241963200	15.2	947080
21437	244555200	20.4	947080
21437	247233600	24.2	947080
21437	249825600	27	947080
21437	252504000	26.6	947080
21437	255182400	27.4	947080
21437	257601600	24.1	947080
21437	260280000	18.7	947080
21437	262872000	15.5	947080
21437	265550400	11.7	947080
21437	268142400	9.4	947080
21437	270820800	10.3	947080
21437	273499200	13.9	947080
21437	276091200	17.9	947080
21437	278769600	21.2	947080
21437	281361600	23.9	947080
21437	284040000	29.9	947080
21437	286718400	27.8	947080
21437	289137600	24.2	947080
21437	291816000	18.9	947080
21437	294408000	13.8	947080
21437	297086400	12.7	947080
21437	299678400	10.2	947080
21437	302356800	11.4	947080
21437	305035200	14.9	947080
21437	307627200	19	947080
21437	310305600	24.3	947080
21437	312897600	27.9	947080
21437	315576000	26.6	947080
21437	318254400	27.1	947080
21437	320760000	25.1	947080
21437	323438400	20.2	947080
21437	326030400	15.5	947080
21437	328708800	11.1	947080
21437	331300800	10.1	947080
21437	333979200	12	947080
21437	336657600	16.3	947080
21437	339249600	21.3	947080
21437	341928000	24.6	947080
21437	344520000	26.8	947080
21437	347198400	30.7	947080
21437	349876800	28.5	947080
21437	352296000	23	947080
21437	354974400	20.2	947080
21437	357566400	15.1	947080
21437	360244800	11.2	947080
21437	362836800	10.3	947080
21437	365515200	10.7	947080
21437	368193600	16.7	947080
21437	370785600	20.1	947080
21437	373464000	21.2	947080
21437	376056000	25.8	947080
21437	378734400	28.5	947080
21437	381412800	28	947080
21437	383832000	23.2	947080
21437	386510400	18.8	947080
21437	389102400	14.4	947080
21437	391780800	10.1	947080
21437	394372800	9.9	947080
21437	397051200	14.6	947080
21437	399729600	15.1	947080
21437	402321600	18.9	947080
21437	4.05e+08	25	947080
21437	407592000	27.2	947080
21437	410270400	26.9	947080
21437	412948800	28.8	947080
21437	415368000	25.3	947080
21437	418046400	17.1	947080
21437	420638400	15	947080
21437	423316800	10.6	947080
21437	425908800	9.3	947080
21437	428587200	12.1	947080
21437	431265600	16	947080
21437	433857600	19.4	947080
21438	-315576000	26.3	947090
21438	-312897600	24.3	947090
21438	-310392000	22.1	947090
21439	-1130932800	25.4	947110
21439	-1128254400	17.4	947110
21439	-1125662400	14.9	947110
21439	-1122984000	10.1	947110
21439	-1120392000	10	947110
21439	-1117713600	10.7	947110
21439	-1115035200	15.3	947110
21439	-1112443200	17.3	947110
21439	-1109764800	21.6	947110
21439	-1107172800	24.6	947110
21440	-426081600	7.1	947120
21440	-423403200	6.9	947120
21440	-420724800	10.8	947120
21440	-418132800	12.2	947120
21440	-415454400	14.5	947120
21440	-412862400	18.9	947120
21441	-2698142400	6.4	947130
21441	-2695464000	6	947130
21441	-2692785600	10.2	947130
21441	-2690193600	13.6	947130
21441	-2687515200	19.4	947130
21441	-2684923200	18.8	947130
21441	-2682244800	24.5	947130
21441	-2679566400	22.5	947130
21441	-2677147200	17.2	947130
21441	-2674468800	14.6	947130
21441	-2671876800	8.9	947130
21441	-2669198400	5.6	947130
21441	-2666606400	5.1	947130
21441	-2663928000	7.1	947130
21441	-2661249600	12.5	947130
21441	-2658657600	19.1	947130
21441	-2655979200	21.6	947130
21441	-2653387200	25	947130
21441	-2650708800	26.2	947130
21441	-2648030400	23	947130
21441	-2645611200	20.5	947130
21441	-2642932800	15.7	947130
21441	-2640340800	9.1	947130
21441	-2637662400	8.4	947130
21441	-2635070400	8.2	947130
21441	-2632392000	9.1	947130
21441	-2629713600	9.8	947130
21441	-2627121600	15.1	947130
21441	-2624443200	19.2	947130
21441	-2621851200	22.1	947130
21441	-2619172800	24.3	947130
21442	-1427976000	15	947140
21442	-1425297600	18.2	947140
21442	-1422705600	20	947140
21442	-1420027200	22.3	947140
21442	-1417348800	21.7	947140
21442	-1414929600	19.7	947140
21442	-1412251200	16.6	947140
21442	-1409659200	12.9	947140
21442	-1406980800	9.5	947140
21442	-1404388800	6.7	947140
21442	-1401710400	8.3	947140
21442	-1399032000	10	947140
21442	-1396440000	15.1	947140
21442	-1393761600	19.7	947140
21442	-1391169600	23	947140
21442	-1388491200	23.4	947140
21442	-1385812800	24.7	947140
21442	-1383393600	21.4	947140
21442	-1380715200	16	947140
21442	-1378123200	10.3	947140
21442	-1375444800	8.8	947140
21442	-1372852800	8.4	947140
21442	-1370174400	9.2	947140
21442	-1367496000	12.3	947140
21442	-1364904000	14.9	947140
21442	-1362225600	18.7	947140
21442	-1359633600	21.5	947140
21442	-1356955200	25.3	947140
21442	-1354276800	22.6	947140
21442	-1351857600	20.6	947140
21442	-1349179200	15.5	947140
21442	-1346587200	10.3	947140
21442	-1343908800	7.4	947140
21442	-1341316800	7.3	947140
21442	-1338638400	8.2	947140
21442	-1335960000	11.7	947140
21442	-1333368000	16.1	947140
21442	-1330689600	20.3	947140
21442	-1328097600	22.3	947140
21442	-1325419200	22.6	947140
21442	-1322740800	23.7	947140
21442	-1320235200	21.2	947140
21442	-1317556800	16.9	947140
21442	-1314964800	10	947140
21442	-1312286400	7.9	947140
21442	-1309694400	8.1	947140
21442	-1307016000	10.3	947140
21442	-1304337600	13.3	947140
21442	-1301745600	15.6	947140
21442	-1299067200	20.1	947140
21442	-1296475200	23.9	947140
21442	-1293796800	26	947140
21442	-1291118400	24.3	947140
21442	-1288699200	21	947140
21442	-1286020800	14.6	947140
21442	-1283428800	11	947140
21442	-1280750400	7.2	947140
21442	-1278158400	5.6	947140
21442	-1275480000	8.4	947140
21442	-1272801600	11.9	947140
21442	-1270209600	15.1	947140
21442	-1267531200	18.3	947140
21442	-1264939200	21.2	947140
21442	-1262260800	24	947140
21442	-1259582400	26.7	947140
21442	-1257163200	21.4	947140
21442	-1254484800	15.4	947140
21442	-1251892800	11.9	947140
21442	-1249214400	9.1	947140
21442	-1246622400	9	947140
21442	-1243944000	9.1	947140
21442	-1241265600	10.7	947140
21442	-1238673600	16.2	947140
21442	-1235995200	17.6	947140
21442	-1233403200	22.5	947140
21442	-1230724800	21.3	947140
21442	-1228046400	23.9	947140
21442	-1225627200	20.4	947140
21442	-1222948800	15.2	947140
21442	-1220356800	12.5	947140
21442	-1217678400	9.1	947140
21442	-1215086400	7.4	947140
21442	-1212408000	9.1	947140
21442	-1209729600	11.6	947140
21442	-1207137600	15	947140
21442	-1204459200	18.1	947140
21442	-1201867200	21.3	947140
21442	-1199188800	27.2	947140
21442	-1196510400	22.5	947140
21442	-1194004800	20.7	947140
21442	-1191326400	15.3	947140
21442	-1188734400	11.7	947140
21442	-1186056000	7.8	947140
21442	-1183464000	7	947140
21442	-1180785600	9.9	947140
21442	-1178107200	12.6	947140
21442	-1175515200	13.7	947140
21442	-1172836800	18.9	947140
21442	-1170244800	21.9	947140
21442	-1167566400	23.2	947140
21442	-1164888000	22.5	947140
21442	-1162468800	21.5	947140
21442	-1159790400	16	947140
21442	-1157198400	12	947140
21442	-1154520000	9.4	947140
21442	-1151928000	9.5	947140
21442	-1149249600	7.9	947140
21442	-1146571200	12.1	947140
21442	-1143979200	16.6	947140
21442	-1141300800	19.5	947140
21442	-1138708800	21.1	947140
21442	-1136030400	24.9	947140
21442	-1133352000	23.2	947140
21442	-1130932800	21.9	947140
21442	-1128254400	15.4	947140
21442	-1125662400	12	947140
21442	-1122984000	7.8	947140
21442	-1120392000	9.5	947140
21442	-1117713600	9.9	947140
21442	-1115035200	13.2	947140
21442	-1112443200	14.7	947140
21442	-1109764800	19.1	947140
21442	-1107172800	21	947140
21442	-1104494400	23	947140
21442	-1101816000	21.6	947140
21442	-1099396800	19.6	947140
21442	-1096718400	15.4	947140
21442	-1094126400	10.3	947140
21442	-1091448000	7.8	947140
21442	-1088856000	8.6	947140
21442	-1086177600	10.6	947140
21442	-1083499200	12.1	947140
21442	-1080907200	15.8	947140
21442	-1078228800	19.2	947140
21442	-1075636800	21.8	947140
21442	-1072958400	23.2	947140
21442	-1070280000	22.5	947140
21442	-1067774400	19.7	947140
21442	-1065096000	14.4	947140
21442	-1062504000	11.6	947140
21442	-1059825600	7.7	947140
21442	-1057233600	9.1	947140
21442	-1054555200	10.5	947140
21442	-1051876800	11.6	947140
21442	-1049284800	14.9	947140
21442	-1046606400	18.9	947140
21442	-1044014400	22	947140
21442	-1041336000	21.9	947140
21442	-1038657600	23.6	947140
21442	-1036238400	20	947140
21442	-1033560000	14.6	947140
21442	-1030968000	10.6	947140
21442	-1028289600	8.1	947140
21442	-1025697600	6.8	947140
21442	-1023019200	11.2	947140
21442	-1020340800	13.5	947140
21442	-1017748800	17.8	947140
21442	-1015070400	20.8	947140
21442	-1012478400	24	947140
21442	-1009800000	24.3	947140
21442	-1007121600	22.6	947140
21442	-1004702400	22.8	947140
21442	-1002024000	17.4	947140
21442	-999432000	14.1	947140
21442	-996753600	8.5	947140
21442	-994161600	7.6	947140
21442	-991483200	9.4	947140
21442	-988804800	12.5	947140
21442	-986212800	17.5	947140
21442	-983534400	22.4	947140
21442	-980942400	23.1	947140
21442	-978264000	27.7	947140
21442	-975585600	27.3	947140
21442	-973166400	20	947140
21442	-970488000	16.2	947140
21442	-967896000	13.1	947140
21442	-965217600	9.5	947140
21442	-962625600	6.3	947140
21442	-959947200	9.7	947140
21442	-957268800	11.8	947140
21442	-954676800	14.1	947140
21442	-951998400	17.2	947140
21442	-949406400	20.6	947140
21442	-946728000	24.6	947140
21442	-944049600	23.2	947140
21442	-941544000	23.4	947140
21442	-938865600	16.3	947140
21442	-936273600	10.1	947140
21442	-933595200	8	947140
21442	-931003200	7.3	947140
21442	-928324800	8.5	947140
21442	-925646400	12.3	947140
21442	-923054400	17	947140
21442	-920376000	19.4	947140
21442	-917784000	24.7	947140
21442	-915105600	23	947140
21442	-912427200	21.8	947140
21442	-910008000	18.8	947140
21442	-907329600	17.8	947140
21442	-904737600	10.6	947140
21442	-902059200	8.2	947140
21442	-899467200	8.1	947140
21442	-896788800	8.2	947140
21442	-894110400	12.3	947140
21442	-891518400	14.4	947140
21442	-888840000	20.6	947140
21442	-886248000	23	947140
21442	-883569600	26	947140
21442	-880891200	23	947140
21442	-878472000	22.2	947140
21442	-875793600	18.2	947140
21442	-873201600	13.9	947140
21442	-870523200	9.7	947140
21442	-867931200	7.4	947140
21442	-865252800	9.2	947140
21442	-862574400	11.4	947140
21442	-859982400	14.9	947140
21442	-857304000	18.9	947140
21442	-854712000	23.4	947140
21442	-852033600	23.1	947140
21442	-849355200	23.6	947140
21442	-846936000	23.2	947140
21442	-844257600	14.9	947140
21442	-841665600	11.2	947140
21442	-838987200	7.8	947140
21442	-836395200	7.1	947140
21442	-833716800	7.8	947140
21442	-831038400	12	947140
21442	-828446400	15.3	947140
21442	-825768000	17.6	947140
21442	-823176000	22	947140
21442	-820497600	25	947140
21442	-817819200	22.8	947140
21442	-815313600	20.7	947140
21442	-812635200	13.7	947140
21442	-810043200	11.4	947140
21442	-807364800	7.7	947140
21442	-804772800	7.7	947140
21442	-802094400	9	947140
21442	-799416000	13.4	947140
21442	-796824000	16.9	947140
21442	-794145600	22.1	947140
21442	-791553600	22.7	947140
21442	-788875200	25.2	947140
21442	-786196800	22.4	947140
21442	-783777600	19.5	947140
21442	-781099200	16.4	947140
21442	-778507200	10.9	947140
21442	-775828800	11.1	947140
21442	-773236800	7.8	947140
21442	-770558400	10.3	947140
21442	-767880000	11.9	947140
21442	-765288000	15.4	947140
21442	-762609600	19.6	947140
21442	-760017600	24.6	947140
21442	-757339200	26.4	947140
21442	-754660800	24.4	947140
21442	-752241600	18	947140
21442	-749563200	14.6	947140
21442	-746971200	10.7	947140
21442	-744292800	7.2	947140
21442	-741700800	8.6	947140
21442	-739022400	8.4	947140
21442	-736344000	11.9	947140
21442	-733752000	15.2	947140
21442	-731073600	20.8	947140
21442	-728481600	23.3	947140
21442	-725803200	24.8	947140
21442	-723124800	24.8	947140
21442	-720705600	21.1	947140
21442	-718027200	16.5	947140
21442	-715435200	13.6	947140
21442	-712756800	9.1	947140
21442	-710164800	8.2	947140
21442	-707486400	8.4	947140
21442	-704808000	12	947140
21442	-702216000	13.8	947140
21442	-699537600	16.7	947140
21442	-696945600	20.6	947140
21442	-694267200	20.8	947140
21442	-691588800	23.4	947140
21442	-689083200	18.2	947140
21442	-686404800	15.3	947140
21442	-683812800	10.1	947140
21442	-681134400	9.2	947140
21442	-678542400	6.1	947140
21442	-675864000	9.1	947140
21442	-673185600	12.7	947140
21442	-670593600	14.7	947140
21442	-667915200	18.6	947140
21442	-665323200	22.7	947140
21442	-662644800	22.5	947140
21442	-659966400	21.9	947140
21442	-657547200	20.8	947140
21442	-654868800	14.7	947140
21442	-652276800	11	947140
21442	-649598400	7.7	947140
21442	-647006400	7.4	947140
21442	-644328000	9.1	947140
21442	-641649600	12.5	947140
21442	-639057600	15.9	947140
21442	-636379200	18	947140
21442	-633787200	21.6	947140
21442	-631108800	22.3	947140
21442	-628430400	22.5	947140
21442	-626011200	20.2	947140
21442	-623332800	15.6	947140
21442	-620740800	11.5	947140
21442	-618062400	9.4	947140
21442	-615470400	9.6	947140
21442	-612792000	9.6	947140
21442	-610113600	12.8	947140
21442	-607521600	15.2	947140
21442	-604843200	18.1	947140
21442	-602251200	23.4	947140
21442	-599572800	23.6	947140
21442	-596894400	23.7	947140
21442	-594475200	21.9	947140
21442	-591796800	13.7	947140
21442	-589204800	12	947140
21442	-586526400	10.2	947140
21442	-583934400	7.6	947140
21442	-581256000	8.2	947140
21442	-578577600	12.8	947140
21442	-575985600	14.6	947140
21442	-573307200	17.1	947140
21442	-570715200	20.9	947140
21442	-568036800	25.5	947140
21442	-565358400	23.4	947140
21442	-562852800	21.5	947140
21442	-560174400	15.3	947140
21442	-557582400	10.9	947140
21442	-554904000	9.3	947140
21442	-552312000	7.1	947140
21442	-549633600	9.8	947140
21442	-546955200	11.4	947140
21442	-544363200	15.2	947140
21442	-541684800	16.5	947140
21442	-539092800	20.7	947140
21442	-536414400	23	947140
21442	-533736000	22.2	947140
21442	-531316800	21.6	947140
21442	-528638400	16.5	947140
21442	-526046400	12	947140
21442	-523368000	7.6	947140
21442	-520776000	7.3	947140
21442	-518097600	8.9	947140
21442	-515419200	11.8	947140
21442	-512827200	14.4	947140
21442	-510148800	17.3	947140
21442	-507556800	21.1	947140
21442	-504878400	24.2	947140
21442	-502200000	21	947140
21442	-499780800	18.8	947140
21442	-497102400	17	947140
21442	-494510400	10.5	947140
21442	-491832000	8.3	947140
21442	-489240000	8.4	947140
21442	-486561600	9.1	947140
21442	-483883200	12	947140
21442	-481291200	16.3	947140
21442	-478612800	19	947140
21442	-476020800	21.8	947140
21442	-473342400	24.1	947140
21442	-470664000	22.8	947140
21442	-468244800	21.7	947140
21442	-465566400	17.3	947140
21442	-462974400	11	947140
21442	-460296000	8.9	947140
21442	-457704000	7.2	947140
21442	-455025600	9.4	947140
21442	-452347200	12.8	947140
21442	-449755200	15	947140
21442	-447076800	15.9	947140
21442	-444484800	20	947140
21442	-441806400	22	947140
21442	-439128000	23.3	947140
21442	-436622400	20.6	947140
21442	-433944000	15.3	947140
21442	-431352000	11.6	947140
21442	-428673600	8.4	947140
21442	-426081600	8.2	947140
21442	-423403200	7.7	947140
21442	-420724800	11.1	947140
21442	-418132800	13	947140
21442	-415454400	14.8	947140
21442	-412862400	19	947140
21442	-410184000	22.7	947140
21442	-407505600	23	947140
21442	-405086400	20	947140
21442	-402408000	15.4	947140
21442	-399816000	9.7	947140
21442	-397137600	10.4	947140
21442	-394545600	7.1	947140
21442	-391867200	9.8	947140
21442	-389188800	11.1	947140
21442	-386596800	15.6	947140
21442	-383918400	18.9	947140
21442	-381326400	23.7	947140
21442	-378648000	23.3	947140
21442	-375969600	23.2	947140
21442	-373550400	19.6	947140
21442	-370872000	16.6	947140
21442	-368280000	13	947140
21442	-365601600	7.5	947140
21442	-363009600	7.4	947140
21442	-360331200	9.9	947140
21442	-357652800	10.7	947140
21442	-355060800	14.1	947140
21442	-352382400	19.5	947140
21442	-349790400	20.9	947140
21442	-347112000	25.4	947140
21442	-344433600	23.8	947140
21442	-342014400	20.4	947140
21442	-339336000	15.4	947140
21442	-336744000	10.4	947140
21442	-334065600	9	947140
21442	-331473600	7.8	947140
21442	-328795200	10.1	947140
21442	-326116800	12	947140
21442	-323524800	14.9	947140
21442	-320846400	21.8	947140
21442	-318254400	20.3	947140
21442	-315576000	25.8	947140
21442	-312897600	22.8	947140
21442	-310392000	21.6	947140
21442	-307713600	16.2	947140
21442	-305121600	10.3	947140
21442	-302443200	7.7	947140
21442	-299851200	8.4	947140
21442	-297172800	8.4	947140
21442	-294494400	11.5	947140
21442	-291902400	14.6	947140
21442	-289224000	15.7	947140
21442	-286632000	21.1	947140
21442	-283953600	23.3	947140
21442	-281275200	23.1	947140
21442	-278856000	20.4	947140
21442	-276177600	17	947140
21442	-273585600	10.2	947140
21442	-270907200	8.8	947140
21442	-268315200	7.8	947140
21442	-265636800	9.4	947140
21442	-262958400	11.7	947140
21442	-260366400	17.5	947140
21442	-257688000	19.3	947140
21442	-255096000	21.5	947140
21442	-252417600	21.7	947140
21442	-249739200	21	947140
21442	-247320000	20.5	947140
21442	-244641600	15.6	947140
21442	-242049600	10.4	947140
21442	-239371200	9.5	947140
21442	-236779200	8.9	947140
21442	-234100800	9.9	947140
21442	-231422400	11.9	947140
21442	-228830400	13.5	947140
21442	-226152000	18.9	947140
21442	-223560000	21.1	947140
21442	-220881600	22.5	947140
21442	-218203200	21.9	947140
21442	-215784000	21.6	947140
21442	-213105600	15.6	947140
21442	-210513600	13.4	947140
21442	-207835200	9.5	947140
21442	-205243200	7.8	947140
21442	-202564800	9.3	947140
21442	-199886400	12.2	947140
21442	-197294400	17.1	947140
21442	-194616000	18.2	947140
21442	-192024000	23.1	947140
21442	-189345600	22.4	947140
21442	-186667200	22.7	947140
21442	-184161600	20.6	947140
21442	-181483200	17.1	947140
21442	-178891200	9.6	947140
21442	-176212800	8.5	947140
21442	-173620800	7.7	947140
21442	-170942400	9.6	947140
21442	-168264000	11.6	947140
21442	-165672000	13.1	947140
21442	-162993600	18.8	947140
21442	-160401600	19.1	947140
21442	-157723200	22.1	947140
21442	-155044800	24.3	947140
21442	-152625600	20.4	947140
21442	-149947200	13.6	947140
21442	-147355200	10.8	947140
21442	-144676800	7	947140
21442	-142084800	7.2	947140
21442	-139406400	9.3	947140
21442	-136728000	14	947140
21442	-134136000	17.2	947140
21442	-131457600	18.1	947140
21442	-128865600	23.7	947140
21442	-126187200	24.7	947140
21442	-123508800	22.6	947140
21442	-121089600	20.1	947140
21442	-118411200	14.9	947140
21442	-115819200	9.9	947140
21442	-113140800	7.4	947140
21442	-110548800	6.3	947140
21442	-107870400	8.7	947140
21442	-105192000	11.6	947140
21442	-102600000	14.8	947140
21442	-99921600	18.3	947140
21442	-97329600	21.5	947140
21442	-94651200	23.3	947140
21442	-91972800	23.9	947140
21442	-89553600	19.8	947140
21442	-86875200	16.8	947140
21442	-84283200	11.3	947140
21442	-81604800	11.5	947140
21442	-79012800	8.1	947140
21442	-76334400	9.6	947140
21442	-73656000	12	947140
21442	-71064000	17.9	947140
21442	-68385600	20	947140
21442	-65793600	21.9	947140
21442	-63115200	25.1	947140
21442	-60436800	26.8	947140
21442	-57931200	23	947140
21442	-55252800	17.5	947140
21442	-52660800	10.8	947140
21442	-49982400	8.1	947140
21442	-47390400	7.2	947140
21442	-44712000	9.5	947140
21442	-42033600	10.9	947140
21442	-39441600	14.5	947140
21442	-36763200	18	947140
21442	-34171200	21.4	947140
21442	-31492800	25.5	947140
21442	-28814400	24.1	947140
21442	-26395200	21	947140
21442	-23716800	15.1	947140
21442	-21124800	10.2	947140
21442	-18446400	8.2	947140
21442	-15854400	8.3	947140
21442	-13176000	10.2	947140
21442	-10497600	10.1	947140
21442	-7905600	16.1	947140
21442	-5227200	18.1	947140
21442	-2635200	19.9	947140
21442	43200	21.9	947140
21442	2721600	24.2	947140
21442	5140800	19	947140
21442	7819200	15.9	947140
21442	10411200	10.1	947140
21442	13089600	8.8	947140
21442	15681600	7.4	947140
21442	18360000	8.8	947140
21442	21038400	10.6	947140
21442	23630400	15.6	947140
21442	26308800	17.9	947140
21442	28900800	22.3	947140
21442	31579200	24.2	947140
21442	34257600	23.4	947140
21442	36676800	22.4	947140
21442	39355200	17	947140
21442	41947200	11	947140
21442	44625600	7.6	947140
21442	47217600	6.8	947140
21442	49896000	8.8	947140
21442	52574400	12.1	947140
21443	-965217600	11.6	947150
21443	-962625600	9.2	947150
21443	-959947200	11.4	947150
21443	-957268800	14.2	947150
21443	-954676800	18.2	947150
21443	-951998400	22.6	947150
21443	-949406400	26.6	947150
21443	-946728000	29.9	947150
21443	-944049600	28.4	947150
21443	-941544000	26.1	947150
21443	-938865600	20.8	947150
21443	-936273600	13.6	947150
21443	-933595200	11.1	947150
21443	-931003200	10.4	947150
21443	-928324800	13.1	947150
21443	-925646400	17.3	947150
21443	-923054400	22.1	947150
21443	-920376000	22.8	947150
21443	-917784000	27.9	947150
21443	-915105600	23.8	947150
21443	-912427200	26.2	947150
21443	-910008000	23	947150
21443	-907329600	21.3	947150
21443	-904737600	14.9	947150
21443	-902059200	12.1	947150
21444	-1399032000	12.7	947170
21444	-1396440000	17.8	947170
21445	-1499083200	9.6	947180
21445	-1496404800	10.3	947180
21445	-1493726400	12.4	947180
21445	-1491134400	19	947180
21445	-1488456000	24.6	947180
21445	-1485864000	24	947180
21445	-1483185600	25.2	947180
21445	-1480507200	28.2	947180
21445	-1478088000	24.5	947180
21445	-1475409600	19.3	947180
21446	-1104494400	23.5	947190
21446	-1101816000	23	947190
21446	-1099396800	21.3	947190
21446	-1096718400	15.9	947190
21446	-1094126400	11.1	947190
21446	-1091448000	8.5	947190
21446	-1088856000	8.7	947190
21446	-1086177600	10.4	947190
21446	-1083499200	12.3	947190
21446	-1080907200	16.5	947190
21446	-1078228800	20.4	947190
21446	-1075636800	22.5	947190
21446	-1072958400	24.1	947190
21446	-1070280000	23.5	947190
21446	-1067774400	20.3	947190
21446	-1065096000	15.7	947190
21446	-1062504000	13.1	947190
21446	-1059825600	7.6	947190
21446	-1057233600	9.3	947190
21446	-1054555200	10.2	947190
21446	-1051876800	11.4	947190
21446	-1049284800	16.5	947190
21446	-1046606400	20	947190
21446	-1044014400	22	947190
21446	-1041336000	23.3	947190
21446	-1038657600	23.2	947190
21446	-1036238400	20.5	947190
21446	-1033560000	15.1	947190
21446	-1030968000	11.4	947190
21446	-1028289600	8.9	947190
21446	-1025697600	8	947190
21446	-1023019200	9.9	947190
21446	-1020340800	13.3	947190
21446	-1017748800	17.8	947190
21446	-1015070400	20	947190
21446	-1012478400	25.4	947190
21446	-1009800000	24.5	947190
21446	-1007121600	23	947190
21446	-1004702400	23.6	947190
21446	-1002024000	17.9	947190
21446	-999432000	14.5	947190
21446	-996753600	9.5	947190
21446	-994161600	8.5	947190
21446	-991483200	8.8	947190
21446	-988804800	12.7	947190
21446	-986212800	18.6	947190
21446	-983534400	22.9	947190
21446	-980942400	23.2	947190
21446	-978264000	28.4	947190
21446	-975585600	26.7	947190
21446	-973166400	22.6	947190
21446	-970488000	17	947190
21446	-967896000	14.3	947190
21446	-965217600	9.9	947190
21446	-962625600	7.4	947190
21446	-959947200	8.1	947190
21446	-957268800	11.3	947190
21446	-954676800	14.8	947190
21446	-951998400	19.2	947190
21447	-142084800	7.7	947230
21447	-139406400	10.9	947230
21447	-136728000	15.9	947230
21447	-134136000	19	947230
21447	-131457600	20.1	947230
21447	-128865600	23.4	947230
21447	-126187200	24.7	947230
21447	-123508800	23.5	947230
21447	-121089600	20.7	947230
21447	-118411200	16.9	947230
21447	-115819200	11.5	947230
21447	-113140800	9.3	947230
21447	-110548800	7.2	947230
21447	-107870400	9.7	947230
21447	-105192000	12	947230
21447	-102600000	15.4	947230
21447	-99921600	18.8	947230
21447	-97329600	22.1	947230
21447	-94651200	24.7	947230
21447	-91972800	24.2	947230
21447	-89553600	19.2	947230
21447	-86875200	17.3	947230
21447	-84283200	12.8	947230
21447	-81604800	13.2	947230
21447	-79012800	8.5	947230
21447	-76334400	8.8	947230
21447	-73656000	12.4	947230
21447	-71064000	19	947230
21447	-68385600	20.8	947230
21447	-65793600	22.3	947230
21447	-63115200	24.8	947230
21447	-60436800	25.6	947230
21447	-57931200	22.6	947230
21447	-55252800	18.2	947230
21447	-52660800	11.3	947230
21447	-49982400	9.1	947230
21447	-47390400	7.8	947230
21447	-44712000	9.5	947230
21447	-42033600	11.4	947230
21447	-39441600	15.8	947230
21447	-36763200	20	947230
21447	-34171200	21.7	947230
21447	-31492800	26	947230
21447	-28814400	24.7	947230
21447	-26395200	21.9	947230
21447	-23716800	16.4	947230
21447	-21124800	11.8	947230
21448	18360000	8.8	947280
21448	21038400	11.4	947280
21448	23630400	17	947280
21448	26308800	18.6	947280
21448	28900800	21.9	947280
21448	31579200	22.8	947280
21448	34257600	22.9	947280
21448	36676800	21.7	947280
21448	39355200	16	947280
21448	41947200	11.5	947280
21448	44625600	9	947280
21448	47217600	7.6	947280
21448	49896000	10	947280
21448	52574400	12.7	947280
21448	55166400	15.9	947280
21448	57844800	17.4	947280
21448	60436800	22.6	947280
21448	63115200	21.9	947280
21448	65793600	21.8	947280
21448	68299200	20.6	947280
21448	70977600	15.6	947280
21448	73569600	12.6	947280
21448	76248000	8.6	947280
21448	78840000	6.7	947280
21448	81518400	10.3	947280
21448	84196800	14.1	947280
21448	86788800	17	947280
21448	89467200	19	947280
21448	92059200	23.9	947280
21448	94737600	25.5	947280
21448	97416000	23.7	947280
21448	99835200	21.9	947280
21448	102513600	17.5	947280
21448	105105600	12.9	947280
21448	107784000	10	947280
21448	110376000	10.8	947280
21448	113054400	10	947280
21448	115732800	13.5	947280
21448	118324800	16.9	947280
21448	121003200	19.7	947280
21448	123595200	22.7	947280
21448	126273600	23.4	947280
21448	128952000	23	947280
21448	131371200	21.5	947280
21448	134049600	18.6	947280
21448	136641600	13.1	947280
21448	139320000	9.1	947280
21448	141912000	8	947280
21448	144590400	8.4	947280
21448	147268800	11	947280
21448	149860800	15.1	947280
21448	152539200	17.5	947280
21448	155131200	22.4	947280
21448	157809600	23.7	947280
21448	160488000	22.7	947280
21448	162907200	20.1	947280
21448	165585600	15.9	947280
21448	168177600	12.3	947280
21448	170856000	9.2	947280
21448	173448000	9.2	947280
21448	176126400	9.7	947280
21448	178804800	13.5	947280
21448	181396800	15.8	947280
21448	184075200	20.7	947280
21448	186667200	23.7	947280
21448	189345600	23.1	947280
21448	192024000	22.6	947280
21448	194529600	20.9	947280
21448	197208000	15.9	947280
21448	199800000	12.3	947280
21448	202478400	9.9	947280
21448	205070400	8.3	947280
21448	207748800	8.9	947280
21448	210427200	10.8	947280
21448	213019200	14.1	947280
21448	215697600	18.5	947280
21448	218289600	22.9	947280
21448	220968000	23.9	947280
21448	223646400	24.3	947280
21448	226065600	21.1	947280
21448	228744000	16.8	947280
21448	231336000	12.3	947280
21448	234014400	8.7	947280
21448	236606400	7.3	947280
21448	239284800	9.9	947280
21448	241963200	12.3	947280
21448	244555200	17.1	947280
21448	247233600	21	947280
21448	249825600	24.2	947280
21448	252504000	24.4	947280
21448	255182400	24.4	947280
21448	257601600	21.4	947280
21448	260280000	15.5	947280
21448	262872000	13.1	947280
21448	265550400	9	947280
21448	268142400	7.5	947280
21448	270820800	8.2	947280
21448	273499200	11.9	947280
21448	276091200	15.1	947280
21448	278769600	18.3	947280
21448	281361600	20.4	947280
21448	284040000	26.2	947280
21448	286718400	24.9	947280
21448	289137600	21.2	947280
21448	291816000	17.1	947280
21448	294408000	11.9	947280
21448	297086400	9.8	947280
21448	299678400	7.5	947280
21448	302356800	8.7	947280
21449	-1399032000	8.7	947310
21449	-1396440000	14.9	947310
21449	-1393761600	19.2	947310
21449	-1391169600	22	947310
21449	-1388491200	22.2	947310
21449	-1385812800	26.2	947310
21449	-1383393600	20.5	947310
21449	-1380715200	15.6	947310
21449	-1378123200	10.4	947310
21449	-1375444800	9.3	947310
21449	-1372852800	7.7	947310
21449	-1370174400	8.9	947310
21449	-1367496000	11.1	947310
21449	-1364904000	14.3	947310
21449	-1362225600	17.9	947310
21449	-1359633600	19.2	947310
21449	-1356955200	22	947310
21449	-1354276800	21.1	947310
21449	-1351857600	20.1	947310
21449	-1349179200	15.2	947310
21449	-1346587200	9.6	947310
21449	-1343908800	6.8	947310
21449	-1341316800	4.7	947310
21449	-1338638400	7	947310
21449	-1335960000	11.4	947310
21449	-1333368000	16.5	947310
21449	-1330689600	19.8	947310
21449	-1328097600	19.7	947310
21449	-1325419200	20.2	947310
21449	-1322740800	22.5	947310
21449	-1320235200	20.2	947310
21449	-1317556800	16.9	947310
21449	-1314964800	10	947310
21449	-1312286400	7	947310
21449	-1309694400	7.1	947310
21449	-1307016000	10.1	947310
21449	-1304337600	12.1	947310
21449	-1301745600	14.7	947310
21449	-1299067200	19.1	947310
21449	-1296475200	22.5	947310
21449	-1293796800	25.4	947310
21449	-1291118400	22.5	947310
21449	-1288699200	21	947310
21449	-1286020800	14.2	947310
21449	-1283428800	10.4	947310
21449	-1280750400	6.9	947310
21449	-1278158400	5.1	947310
21449	-1275480000	8.1	947310
21449	-1272801600	11.6	947310
21449	-1270209600	16.1	947310
21449	-1267531200	17.5	947310
21449	-1264939200	21.7	947310
21449	-1262260800	23.5	947310
21449	-1259582400	24.6	947310
21449	-1257163200	20.5	947310
21449	-1254484800	15.8	947310
21449	-1251892800	12.2	947310
21449	-1249214400	10.2	947310
21449	-1246622400	8.9	947310
21449	-1243944000	9.2	947310
21449	-1241265600	10.7	947310
21449	-1238673600	16.4	947310
21449	-1235995200	18.6	947310
21449	-1233403200	20.6	947310
21449	-1230724800	21.7	947310
21449	-1228046400	23	947310
21449	-1225627200	19.9	947310
21449	-1222948800	15.5	947310
21449	-1220356800	11.9	947310
21449	-1217678400	8.6	947310
21449	-1215086400	6.9	947310
21449	-1212408000	8.4	947310
21449	-1209729600	11	947310
21449	-1207137600	14.9	947310
21449	-1204459200	17.8	947310
21449	-1201867200	20	947310
21449	-1199188800	26.6	947310
21449	-1196510400	23.1	947310
21449	-1194004800	20.3	947310
21449	-1191326400	15.4	947310
21449	-1188734400	11.9	947310
21449	-1186056000	6.6	947310
21449	-1183464000	6.4	947310
21449	-1180785600	9.1	947310
21449	-1178107200	11.5	947310
21449	-1175515200	13.4	947310
21449	-1172836800	18.7	947310
21449	-1170244800	21.2	947310
21449	-1167566400	22.5	947310
21449	-1164888000	21.2	947310
21449	-1162468800	21.7	947310
21449	-1159790400	15.5	947310
21449	-1157198400	11.2	947310
21449	-1154520000	8	947310
21449	-1151928000	8.4	947310
21449	-1149249600	8.4	947310
21449	-1146571200	12.5	947310
21449	-1143979200	16.8	947310
21449	-1141300800	17.3	947310
21449	-1138708800	19.7	947310
21449	-1136030400	21.8	947310
21449	-1133352000	20.9	947310
21449	-1130932800	19.2	947310
21449	-1128254400	14.4	947310
21449	-1125662400	12	947310
21449	-1122984000	7.2	947310
21449	-1120392000	8.1	947310
21449	-1117713600	9.4	947310
21449	-1115035200	12.4	947310
21449	-1112443200	13.7	947310
21449	-1109764800	17.7	947310
21449	-1107172800	19.2	947310
21449	-1104494400	21.5	947310
21449	-1101816000	21.5	947310
21449	-1099396800	19.5	947310
21449	-1096718400	15.2	947310
21449	-1094126400	9.9	947310
21449	-1091448000	7.9	947310
21449	-1088856000	7	947310
21449	-1086177600	9.2	947310
21449	-1083499200	10.4	947310
21449	-1080907200	15.5	947310
21449	-1078228800	18.9	947310
21449	-1075636800	20.5	947310
21449	-1072958400	22.1	947310
21449	-1070280000	21.9	947310
21449	-1067774400	19.2	947310
21449	-1065096000	15.2	947310
21449	-1062504000	11.9	947310
21449	-1059825600	6.8	947310
21449	-1057233600	8.1	947310
21449	-1054555200	9.1	947310
21449	-1051876800	10.6	947310
21449	-1049284800	14.8	947310
21449	-1046606400	18.7	947310
21449	-1044014400	21.2	947310
21449	-1041336000	22.2	947310
21449	-1038657600	20.4	947310
21449	-1036238400	19.1	947310
21449	-1033560000	14.3	947310
21449	-1030968000	10.3	947310
21449	-1028289600	8.5	947310
21449	-1025697600	6.5	947310
21449	-1023019200	9.7	947310
21449	-1020340800	11.4	947310
21449	-1017748800	15.8	947310
21449	-1015070400	18.3	947310
21449	-1012478400	23.3	947310
21449	-1009800000	22.9	947310
21449	-1007121600	21.4	947310
21449	-1004702400	21.9	947310
21449	-1002024000	16.4	947310
21449	-999432000	13.6	947310
21449	-996753600	7.9	947310
21449	-994161600	7	947310
21449	-991483200	8.3	947310
21449	-988804800	11.8	947310
21449	-986212800	17.4	947310
21449	-983534400	20.3	947310
21449	-980942400	22.5	947310
21449	-978264000	26.5	947310
21449	-975585600	26.3	947310
21449	-973166400	21.6	947310
21449	-970488000	17.1	947310
21449	-967896000	13.7	947310
21449	-965217600	8.1	947310
21449	-962625600	5.3	947310
21449	-959947200	6.5	947310
21449	-957268800	9.1	947310
21449	-954676800	13.4	947310
21449	-951998400	17	947310
21449	-949406400	21.1	947310
21449	-946728000	25	947310
21449	-944049600	25.2	947310
21449	-941544000	23.3	947310
21449	-938865600	16.4	947310
21449	-936273600	9	947310
21449	-933595200	7.6	947310
21449	-931003200	7.8	947310
21449	-928324800	9.5	947310
21449	-925646400	12.7	947310
21449	-923054400	16.8	947310
21449	-920376000	18.8	947310
21449	-917784000	23.1	947310
21449	-915105600	20.6	947310
21449	-912427200	21.5	947310
21449	-910008000	19.6	947310
21449	-907329600	17	947310
21449	-904737600	11.7	947310
21449	-902059200	8.6	947310
21449	-899467200	7.9	947310
21449	-896788800	8.2	947310
21449	-894110400	11.8	947310
21449	-891518400	14.6	947310
21449	-888840000	20.6	947310
21449	-886248000	21.9	947310
21449	-883569600	25.9	947310
21449	-880891200	22.6	947310
21449	-878472000	21.8	947310
21449	-875793600	17	947310
21449	-873201600	13.3	947310
21449	-870523200	9.8	947310
21449	-867931200	7.6	947310
21449	-865252800	8.8	947310
21449	-862574400	10.6	947310
21449	-859982400	14.4	947310
21449	-857304000	17.9	947310
21449	-854712000	21.1	947310
21449	-852033600	21.8	947310
21449	-849355200	23.6	947310
21449	-846936000	23	947310
21449	-844257600	15.2	947310
21449	-841665600	12.3	947310
21449	-838987200	7.2	947310
21449	-836395200	5.4	947310
21449	-833716800	6.8	947310
21449	-831038400	10.9	947310
21449	-828446400	14.7	947310
21449	-825768000	17	947310
21449	-823176000	20.5	947310
21449	-820497600	24.5	947310
21449	-817819200	22.4	947310
21449	-815313600	20.3	947310
21449	-812635200	13.3	947310
21449	-810043200	10.9	947310
21449	-807364800	8.2	947310
21449	-804772800	7.9	947310
21449	-802094400	8.9	947310
21449	-799416000	12.1	947310
21449	-796824000	16.2	947310
21449	-794145600	21.2	947310
21449	-791553600	23	947310
21449	-788875200	24.2	947310
21449	-786196800	22.1	947310
21449	-783777600	19.7	947310
21449	-781099200	15.9	947310
21449	-778507200	11.3	947310
21449	-775828800	10.6	947310
21449	-773236800	7.2	947310
21449	-770558400	9	947310
21449	-767880000	10.6	947310
21449	-765288000	14.6	947310
21449	-762609600	19	947310
21449	-760017600	22.7	947310
21449	-757339200	26.1	947310
21449	-754660800	24.5	947310
21449	-752241600	19.2	947310
21449	-749563200	15	947310
21449	-746971200	10.9	947310
21449	-744292800	7.1	947310
21449	-741700800	7.7	947310
21449	-739022400	8.5	947310
21449	-736344000	11.6	947310
21449	-733752000	14.7	947310
21449	-731073600	21.5	947310
21449	-728481600	22.5	947310
21449	-725803200	25	947310
21449	-723124800	23.7	947310
21449	-720705600	21.2	947310
21449	-718027200	16.1	947310
21449	-715435200	13.4	947310
21449	-712756800	8.6	947310
21449	-710164800	7.9	947310
21449	-707486400	8.2	947310
21449	-704808000	11.1	947310
21449	-702216000	13.4	947310
21449	-699537600	16.8	947310
21449	-696945600	19.8	947310
21449	-694267200	19.8	947310
21449	-691588800	23.3	947310
21449	-689083200	19	947310
21449	-686404800	14.4	947310
21449	-683812800	10.7	947310
21449	-681134400	8.9	947310
21449	-678542400	6.2	947310
21449	-675864000	8.4	947310
21449	-673185600	11.6	947310
21449	-670593600	14.4	947310
21449	-667915200	17.8	947310
21449	-665323200	23.5	947310
21449	-662644800	21.5	947310
21449	-659966400	22.3	947310
21449	-657547200	21	947310
21449	-654868800	15.1	947310
21449	-652276800	11.8	947310
21449	-649598400	7.4	947310
21449	-647006400	7.4	947310
21449	-644328000	8.4	947310
21449	-641649600	12.1	947310
21449	-639057600	15.5	947310
21449	-636379200	16.4	947310
21449	-633787200	21.4	947310
21449	-631108800	22.2	947310
21449	-628430400	22.3	947310
21449	-626011200	21.4	947310
21449	-623332800	15.8	947310
21449	-620740800	12.4	947310
21449	-618062400	10.2	947310
21449	-615470400	10.1	947310
21449	-612792000	9.2	947310
21449	-610113600	12.5	947310
21449	-607521600	14.8	947310
21449	-604843200	16.8	947310
21449	-602251200	22.5	947310
21449	-599572800	21.6	947310
21449	-596894400	23.2	947310
21449	-594475200	22.2	947310
21449	-591796800	14.3	947310
21449	-589204800	12	947310
21449	-586526400	10.3	947310
21449	-583934400	7.3	947310
21449	-581256000	7.2	947310
21449	-578577600	12.7	947310
21449	-575985600	14.4	947310
21449	-573307200	18.1	947310
21449	-570715200	21.5	947310
21449	-568036800	26	947310
21449	-565358400	23.7	947310
21449	-562852800	21.1	947310
21449	-560174400	14.8	947310
21449	-557582400	11.2	947310
21449	-554904000	9	947310
21449	-552312000	7.6	947310
21449	-549633600	9.8	947310
21449	-546955200	11.2	947310
21449	-544363200	15	947310
21449	-541684800	16.4	947310
21449	-539092800	21.2	947310
21449	-536414400	22.2	947310
21449	-533736000	21	947310
21449	-531316800	20.8	947310
21449	-528638400	16.9	947310
21449	-526046400	12.1	947310
21449	-523368000	7.7	947310
21449	-520776000	7.5	947310
21449	-518097600	8.1	947310
21449	-515419200	13	947310
21449	-512827200	14.8	947310
21449	-510148800	17.1	947310
21449	-507556800	22.5	947310
21449	-504878400	21.6	947310
21449	-502200000	20.8	947310
21449	-499780800	19	947310
21449	-497102400	17.1	947310
21449	-494510400	11	947310
21449	-491832000	8.4	947310
21449	-489240000	7.8	947310
21449	-486561600	9	947310
21449	-483883200	11	947310
21449	-481291200	14.8	947310
21449	-478612800	18	947310
21449	-476020800	21.6	947310
21449	-473342400	23.1	947310
21449	-470664000	22.3	947310
21449	-468244800	22.9	947310
21449	-465566400	17.9	947310
21449	-462974400	12.4	947310
21449	-460296000	9.2	947310
21449	-457704000	7.1	947310
21449	-455025600	9.1	947310
21449	-452347200	12.4	947310
21449	-449755200	15.3	947310
21449	-447076800	16.9	947310
21449	-444484800	19.7	947310
21449	-441806400	21.5	947310
21449	-439128000	22.1	947310
21449	-436622400	21.4	947310
21449	-433944000	15.5	947310
21449	-431352000	11.6	947310
21449	-428673600	8.6	947310
21449	-426081600	7.8	947310
21449	-423403200	8.1	947310
21449	-420724800	10	947310
21449	-418132800	12.7	947310
21449	-415454400	15.9	947310
21449	-412862400	21.1	947310
21450	-73656000	16.6	947340
21450	-71064000	23.8	947340
21450	-68385600	25.1	947340
21450	-65793600	26	947340
21450	-63115200	26.9	947340
21450	-60436800	27.5	947340
21450	-57931200	25.4	947340
21450	-55252800	23	947340
21450	-52660800	14.2	947340
21450	-49982400	11.6	947340
21450	-47390400	10.8	947340
21450	-44712000	12.7	947340
21450	-42033600	15.2	947340
21450	-39441600	19.6	947340
21451	299678400	5.5	947350
21451	302356800	6.4	947350
21451	305035200	9.4	947350
21451	307627200	12.3	947350
21451	310305600	15.8	947350
21451	312897600	19.5	947350
21451	315576000	18.8	947350
21451	318254400	18.5	947350
21451	320760000	17.5	947350
21451	323438400	13.4	947350
21451	326030400	10.5	947350
21451	328708800	6.5	947350
21451	331300800	5.1	947350
21515	-917784000	28	955120
21515	-915105600	23.4	955120
21515	-912427200	25.4	955120
21515	-910008000	22.7	955120
21515	-907329600	21	955120
21515	-904737600	15.6	955120
21515	-902059200	11.4	955120
21515	-899467200	11.4	955120
21515	-896788800	11.9	955120
21515	-894110400	16.9	955120
21515	-891518400	20.2	955120
21515	-888840000	23.6	955120
21515	-886248000	27	955120
21515	-883569600	28.5	955120
21515	-880891200	25.5	955120
21515	-878472000	25.2	955120
21515	-875793600	21	955120
21515	-873201600	17.2	955120
21515	-870523200	14.5	955120
21515	-867931200	11.6	955120
21515	-865252800	13.3	955120
21515	-862574400	16	955120
21515	-859982400	20	955120
21515	-857304000	23.9	955120
21515	-854712000	25.5	955120
21515	-852033600	25.5	955120
21515	-849355200	27.4	955120
21515	-846936000	27.1	955120
21515	-844257600	19.6	955120
21515	-841665600	14.8	955120
21515	-838987200	9.5	955120
21515	-836395200	9.6	955120
21515	-833716800	10.4	955120
21515	-831038400	15.7	955120
21515	-828446400	20.8	955120
21515	-825768000	22.9	955120
21515	-823176000	27.5	955120
21515	-820497600	30	955120
21515	-817819200	27.4	955120
21515	-815313600	25.6	955120
21515	-812635200	17.5	955120
21515	-810043200	13.6	955120
21515	-807364800	12.2	955120
21515	-804772800	11.3	955120
21515	-802094400	12.1	955120
21515	-799416000	17.1	955120
21515	-796824000	20.6	955120
21515	-794145600	26.7	955120
21515	-791553600	27.5	955120
21515	-788875200	29.1	955120
21515	-786196800	27	955120
21515	-783777600	24.1	955120
21515	-781099200	19.8	955120
21515	-778507200	16	955120
21515	-775828800	14	955120
21515	-773236800	10.7	955120
21515	-770558400	13.2	955120
21515	-767880000	15.8	955120
21515	-765288000	19.8	955120
21515	-762609600	24.3	955120
21515	-760017600	28	955120
21515	-757339200	30.4	955120
21515	-754660800	29.4	955120
21515	-752241600	22.7	955120
21515	-749563200	19.2	955120
21515	-746971200	15.7	955120
21515	-744292800	10	955120
21515	-741700800	11.3	955120
21515	-739022400	12.9	955120
21515	-736344000	15.4	955120
21515	-733752000	19.2	955120
21515	-731073600	26.5	955120
21515	-728481600	27.2	955120
21515	-725803200	30.4	955120
21515	-723124800	25.9	955120
21515	-720705600	23.5	955120
21515	-718027200	18.7	955120
21515	-715435200	17.3	955120
21528	-1617364800	17.3	957070
21528	-1614686400	22.9	957070
21528	-1612094400	25.1	957070
21528	-1609416000	27.2	957070
21528	-1606737600	27.1	957070
21528	-1604318400	21.2	957070
21528	-1601640000	20.4	957070
21528	-1599048000	15.4	957070
21528	-1596369600	11.9	957070
21528	-1593777600	9.4	957070
21528	-1591099200	11.3	957070
21528	-1588420800	15.8	957070
21528	-1585828800	19.8	957070
21528	-1583150400	25.1	957070
21528	-1580558400	26.6	957070
21528	-1577880000	25.6	957070
21528	-1575201600	26.9	957070
21528	-1572696000	21.7	957070
21528	-1570017600	18.2	957070
21528	-1567425600	13.1	957070
21528	-1564747200	9.8	957070
21528	-1562155200	9.1	957070
21528	-1559476800	9.3	957070
21528	-1556798400	12.4	957070
21528	-1554206400	17.6	957070
21528	-1551528000	22.9	957070
21528	-1548936000	24.4	957070
21528	-1546257600	25.5	957070
21528	-1543579200	25	957070
21528	-1541160000	20.4	957070
21528	-1538481600	17	957070
21528	-1535889600	14	957070
21528	-1533211200	10.1	957070
21528	-1530619200	9.2	957070
21528	-1527940800	8.4	957070
21528	-1525262400	13.4	957070
21528	-1522670400	16.1	957070
21528	-1519992000	23.3	957070
21528	-1517400000	24.1	957070
21528	-1514721600	23.7	957070
21528	-1512043200	25.6	957070
21528	-1509624000	21.1	957070
21528	-1506945600	19	957070
21528	-1504353600	12.8	957070
21528	-1501675200	9.3	957070
21528	-1499083200	8.6	957070
21528	-1496404800	9	957070
21528	-1493726400	13.8	957070
21528	-1491134400	17.6	957070
21528	-1488456000	22.4	957070
21528	-1485864000	23.5	957070
21528	-1483185600	23.3	957070
21528	-1480507200	26.4	957070
21528	-1478088000	22.4	957070
21528	-1475409600	18.2	957070
21528	-1472817600	15.1	957070
21528	-1470139200	8.9	957070
21528	-1467547200	8.1	957070
21528	-1464868800	9.4	957070
21528	-1462190400	11.6	957070
21528	-1459598400	16.7	957070
21528	-1456920000	17.6	957070
21528	-1454328000	24.7	957070
21528	-1451649600	22.7	957070
21528	-1448971200	20.7	957070
21529	-91972800	20	957230
21529	-89553600	16.8	957230
21529	-86875200	14.2	957230
21529	-84283200	9.2	957230
21529	-81604800	9.1	957230
21529	-79012800	5.9	957230
21529	-76334400	7.1	957230
21529	-73656000	9	957230
21529	-71064000	14.4	957230
21529	-68385600	16.7	957230
21529	-65793600	18.3	957230
21529	-63115200	22.1	957230
21529	-60436800	23.3	957230
21529	-57931200	20.3	957230
21529	-55252800	15	957230
21529	-52660800	8.9	957230
21529	-49982400	6.2	957230
21529	-47390400	4.8	957230
21529	-44712000	7.2	957230
21529	-42033600	8.1	957230
21529	-39441600	11.8	957230
21529	-36763200	15.2	957230
21529	-34171200	17.7	957230
21529	-31492800	22.1	957230
21529	-28814400	20.7	957230
21529	-26395200	18.1	957230
21529	-23716800	12.7	957230
21529	-21124800	8.5	957230
21529	-18446400	5.7	957230
21529	-15854400	6.2	957230
21529	-13176000	8.2	957230
21529	-10497600	7.8	957230
21529	-7905600	13.1	957230
21556	-528638400	15.9	959956
21556	-526046400	10.7	959956
21556	-523368000	6.7	959956
21556	-520776000	7.7	959956
21556	-518097600	7.8	959956
21556	-515419200	10.9	959956
21556	-512827200	14	959956
21556	-510148800	17.4	959956
21556	-507556800	22.3	959956
21556	-504878400	23.6	959956
21556	-502200000	20.5	959956
21556	-499780800	18.8	959956
21556	-497102400	16.6	959956
21556	-494510400	10	959956
21556	-491832000	8.3	959956
21556	-489240000	7.2	959956
21556	-486561600	9.1	959956
21556	-483883200	11.6	959956
21556	-481291200	15.5	959956
21556	-478612800	18.6	959956
21556	-476020800	21.4	959956
21556	-473342400	23.7	959956
21556	-470664000	22.6	959956
21556	-468244800	22.1	959956
21556	-465566400	16.5	959956
21556	-462974400	10.8	959956
21556	-460296000	8.5	959956
21556	-457704000	6.9	959956
21556	-455025600	9.3	959956
21556	-452347200	12.9	959956
21556	-449755200	15.1	959956
21556	-447076800	16.7	959956
21556	-444484800	20.2	959956
21556	-441806400	21.8	959956
21556	-439128000	22.3	959956
21556	-436622400	20.1	959956
21556	-433944000	15.1	959956
21556	-431352000	11	959956
21556	-428673600	7.8	959956
21556	-426081600	7.4	959956
21556	-423403200	7.4	959956
21556	-420724800	11.1	959956
21556	-418132800	12.7	959956
21556	-415454400	15.8	959956
21556	-412862400	20.5	959956
21557	-1601640000	13.5	959957
21557	-1599048000	9.5	959957
21557	-1596369600	4.9	959957
21557	-1593777600	2.7	959957
21565	244555200	18.9	959965
21565	247233600	21.7	959965
21565	249825600	25.3	959965
21565	252504000	25.4	959965
21565	255182400	26	959965
21565	257601600	23.3	959965
23674	-312897600	24.1	947000
23674	-310392000	23.2	947000
23674	-307713600	17.2	947000
23674	-305121600	11.6	947000
23674	-302443200	9.3	947000
23674	-299851200	10.3	947000
23674	-297172800	9.7	947000
23674	-294494400	13.9	947000
23674	-291902400	17.6	947000
23674	-289224000	18.7	947000
23674	-286632000	24.6	947000
23674	-283953600	26.7	947000
23674	-281275200	25.5	947000
23674	-278856000	22.2	947000
23674	-276177600	18.5	947000
23674	-273585600	12.3	947000
23674	-270907200	11.5	947000
23674	-268315200	9.6	947000
23674	-265636800	10.9	947000
23674	-262958400	14.5	947000
23674	-260366400	20	947000
23674	-257688000	21.2	947000
23674	-255096000	23.7	947000
23674	-252417600	25.1	947000
23674	-249739200	23.9	947000
23674	-247320000	22.5	947000
23674	-244641600	17.5	947000
23674	-242049600	11.9	947000
23674	-239371200	11.8	947000
23674	-236779200	10.1	947000
23674	-234100800	11.2	947000
23674	-231422400	14.2	947000
23674	-228830400	16.5	947000
23674	-226152000	21.3	947000
23674	-223560000	22.9	947000
23674	-220881600	24.1	947000
23674	-218203200	24.4	947000
23674	-215784000	23.5	947000
23674	-213105600	16.5	947000
23674	-210513600	14.5	947000
23674	-207835200	10.2	947000
23674	-205243200	8.6	947000
23674	-202564800	10.9	947000
23674	-199886400	14.3	947000
23674	-197294400	19.2	947000
23674	-194616000	20.3	947000
23674	-192024000	24.8	947000
23674	-189345600	23.4	947000
23674	-186667200	23.7	947000
23674	-184161600	22.4	947000
23674	-181483200	18.4	947000
23674	-178891200	12.2	947000
23674	-176212800	10.7	947000
23674	-173620800	9.7	947000
23674	-170942400	11.5	947000
23674	-168264000	14	947000
23674	-165672000	15.3	947000
23674	-162993600	21.3	947000
23674	-160401600	20.1	947000
23674	-157723200	23.6	947000
23674	-155044800	26.6	947000
23674	-152625600	22.2	947000
23674	-149947200	15.6	947000
23674	-147355200	13.9	947000
23674	-144676800	9.4	947000
23674	-142084800	8.9	947000
23674	-139406400	11.6	947000
23674	-136728000	16.2	947000
23674	-134136000	19.6	947000
23674	-131457600	20.3	947000
23674	-128865600	25.8	947000
23674	-126187200	26.3	947000
23674	-123508800	23.8	947000
23674	-121089600	22	947000
23674	-118411200	17.1	947000
23674	-115819200	12.4	947000
23674	-113140800	9.1	947000
23674	-110548800	8.7	947000
23674	-107870400	10.5	947000
23674	-105192000	14	947000
23674	-102600000	17.4	947000
23674	-99921600	21	947000
23674	-97329600	23.9	947000
23674	-94651200	25.5	947000
23674	-91972800	26.6	947000
23674	-89553600	21	947000
23674	-86875200	18.6	947000
23674	-84283200	13.6	947000
23674	-81604800	12.1	947000
23674	-79012800	9.6	947000
23674	-76334400	10	947000
23674	-73656000	14	947000
23674	-71064000	19.5	947000
23674	-68385600	20.7	947000
23674	-65793600	22.6	947000
23674	-63115200	26.5	947000
23674	-60436800	27.5	947000
23674	-57931200	23.4	947000
23674	-55252800	19	947000
23674	-52660800	11.7	947000
23674	-49982400	9.3	947000
23674	-47390400	7.4	947000
23674	-44712000	10	947000
23674	-42033600	13	947000
23674	-39441600	17.2	947000
23674	-36763200	20	947000
23674	-34171200	22.3	947000
23674	-31492800	27.1	947000
23674	-28814400	25.8	947000
23674	-26395200	21.1	947000
23674	-23716800	16.8	947000
23674	-21124800	11.5	947000
23674	-18446400	9.2	947000
23674	-15854400	9.9	947000
23674	-13176000	11	947000
23674	-10497600	10.4	947000
23674	-7905600	17.9	947000
23674	-5227200	19.5	947000
23674	-2635200	21.8	947000
23674	43200	23.6	947000
23674	2721600	26.5	947000
23675	-2932027200	28.6	947030
23675	-2929608000	23.5	947030
23675	-2926929600	20.2	947030
23675	-2924337600	16.7	947030
23675	-2921659200	12.3	947030
23675	-2919067200	12.9	947030
23675	-2916388800	14.3	947030
23675	-2913710400	16.3	947030
23675	-2911118400	21	947030
23675	-2908440000	28.1	947030
23675	-2905848000	28.4	947030
23675	-2903169600	33.1	947030
23675	-2900491200	29.9	947030
23675	-2898072000	28.5	947030
23675	-2895393600	22	947030
23675	-2892801600	16.9	947030
23675	-2890123200	10.7	947030
23675	-2887531200	13.1	947030
23675	-2884852800	14.3	947030
23675	-2882174400	19.1	947030
23675	-2879582400	24	947030
23675	-2876904000	26.7	947030
23675	-2874312000	28.5	947030
23675	-2871633600	31.6	947030
23675	-2868955200	27.5	947030
23675	-2866536000	25.7	947030
23675	-2863857600	20	947030
23675	-2861265600	15.4	947030
23675	-2858587200	12.6	947030
23675	-2855995200	10.8	947030
23675	-2853316800	13.4	947030
23675	-2850638400	17.5	947030
23675	-2848046400	21.5	947030
23675	-2845368000	25.9	947030
23675	-2842776000	27.8	947030
23675	-2840097600	29.9	947030
23675	-2837419200	25	947030
23675	-2834913600	24.6	947030
23675	-2832235200	19.6	947030
23675	-2829643200	16.7	947030
23675	-2826964800	11.5	947030
23675	-2824372800	10.2	947030
23675	-2821694400	14.3	947030
23675	-2819016000	18.2	947030
23675	-2816424000	20.8	947030
23675	-2813745600	26.6	947030
23675	-2811153600	29.2	947030
23675	-2808475200	29.6	947030
23675	-2805796800	29.1	947030
23675	-2803377600	24.7	947030
23675	-2800699200	20.2	947030
23675	-2798107200	17.7	947030
23675	-2795428800	11.3	947030
23675	-2792836800	10.7	947030
23675	-2790158400	13.5	947030
23675	-2787480000	18	947030
23675	-2784888000	21.5	947030
23675	-2782209600	24.3	947030
23675	-2779617600	28.5	947030
23675	-2776939200	32.5	947030
23675	-2774260800	25.5	947030
23675	-2771841600	26.1	947030
23675	-2769163200	19.8	947030
23675	-2766571200	17.6	947030
23675	-2763892800	12.9	947030
23675	-2761300800	11.6	947030
23675	-2758622400	14.2	947030
23675	-2755944000	19.4	947030
23675	-2753352000	23.6	947030
23675	-2750673600	27.6	947030
23675	-2748081600	27.5	947030
23675	-2745403200	30	947030
23675	-2742724800	28.2	947030
23675	-2740305600	25	947030
23675	-2737627200	18.8	947030
23675	-2735035200	17.1	947030
23675	-2732356800	14	947030
23675	-2729764800	11.1	947030
23675	-2727086400	13.4	947030
23675	-2724408000	16.7	947030
23675	-2721816000	21.5	947030
23675	-2719137600	26.2	947030
23675	-2716545600	28.6	947030
23675	-2713867200	31.3	947030
23675	-2711188800	30.1	947030
23675	-2708683200	27.5	947030
23675	-2706004800	21.3	947030
23675	-2703412800	16.4	947030
23675	-2700734400	12.5	947030
23675	-2698142400	11.2	947030
23675	-2695464000	13.6	947030
23675	-2692785600	17.7	947030
23675	-2690193600	23.1	947030
23675	-2687515200	25.1	947030
23675	-2684923200	25.1	947030
23675	-2682244800	30.1	947030
23675	-2679566400	28.3	947030
23675	-2677147200	25.2	947030
23675	-2674468800	19.9	947030
23675	-2671876800	17.4	947030
23675	-2669198400	10.5	947030
23675	-2666606400	9.8	947030
23675	-2663928000	12.9	947030
23675	-2661249600	18.6	947030
23675	-2658657600	24.2	947030
23675	-2655979200	26.6	947030
23675	-2653387200	28.8	947030
23675	-2650708800	28.8	947030
23675	-2648030400	27.5	947030
23675	-2645611200	25.5	947030
23675	-2642932800	21.4	947030
23675	-2640340800	17.3	947030
23675	-2637662400	12.5	947030
23675	-2635070400	12.5	947030
23675	-2632392000	12.7	947030
23675	-2629713600	16.8	947030
23675	-2627121600	18.9	947030
23675	-2624443200	24.7	947030
23675	-2621851200	25.2	947030
23675	-2619172800	30.6	947030
23675	-2616494400	25.6	947030
23675	-2614075200	25.5	947030
23675	-2611396800	20.8	947030
23675	-2608804800	14.9	947030
23675	-2606126400	10.2	947030
23675	-2603534400	9	947030
23675	-2600856000	11.7	947030
23675	-2598177600	14.9	947030
23675	-2595585600	20	947030
23675	-2592907200	24.5	947030
23675	-2590315200	24.7	947030
23675	-2587636800	30	947030
23675	-2584958400	27.4	947030
23675	-2582452800	24.2	947030
23676	-1391169600	27.5	947070
23676	-1388491200	28	947070
23676	-1385812800	29.8	947070
23676	-1383393600	22.6	947070
23676	-1380715200	17.2	947070
23677	441806400	23.5	947080
23677	444484800	25.2	947080
23678	-1099396800	23.9	947110
23678	-1096718400	18.6	947110
23678	-1094126400	13.4	947110
23678	-1091448000	10.2	947110
23678	-1088856000	10.2	947110
23678	-1086177600	12.8	947110
23678	-1083499200	14.8	947110
23678	-1080907200	19.7	947110
23678	-1078228800	22.1	947110
23678	-1075636800	24.8	947110
23678	-1072958400	26.3	947110
23678	-1070280000	25.1	947110
23678	-1067774400	22	947110
23678	-1065096000	17.4	947110
23678	-1062504000	14.8	947110
23678	-1059825600	8	947110
23678	-1057233600	10.2	947110
23678	-1054555200	12.6	947110
23678	-1051876800	13.5	947110
23678	-1049284800	18.2	947110
23678	-1046606400	21.7	947110
23678	-1044014400	23	947110
23678	-1041336000	24.6	947110
23678	-1038657600	24.6	947110
23678	-1036238400	23.2	947110
23678	-1033560000	18.1	947110
23678	-1030968000	14	947110
23678	-1028289600	10.1	947110
23678	-1025697600	9.8	947110
23678	-1023019200	13.3	947110
23678	-1020340800	16.7	947110
23678	-1017748800	21	947110
23678	-1015070400	23.7	947110
23678	-1012478400	27.1	947110
23678	-1009800000	26.3	947110
23678	-1007121600	25.3	947110
23678	-1004702400	25.3	947110
23678	-1002024000	19.5	947110
23678	-999432000	15.6	947110
23678	-996753600	9.5	947110
23678	-994161600	8.6	947110
23678	-991483200	10.8	947110
23678	-988804800	15.6	947110
23678	-986212800	20.2	947110
23678	-983534400	24.9	947110
23678	-980942400	27.8	947110
23678	-978264000	32.1	947110
23678	-975585600	27.6	947110
23678	-973166400	23.5	947110
23678	-970488000	18.7	947110
23678	-967896000	15.8	947110
23678	-965217600	10.2	947110
23678	-962625600	8.5	947110
23678	-959947200	10.9	947110
23678	-957268800	14.4	947110
23678	-954676800	17.3	947110
23678	-951998400	21.2	947110
23678	-949406400	24.7	947110
23678	-946728000	28.3	947110
23678	-944049600	27.1	947110
23678	-941544000	26.3	947110
23678	-938865600	18.9	947110
23678	-936273600	12.9	947110
23678	-933595200	9.7	947110
23678	-931003200	10.5	947110
23678	-928324800	12.5	947110
23678	-925646400	15.9	947110
23678	-923054400	21	947110
23678	-920376000	21.8	947110
23678	-917784000	26.7	947110
23678	-915105600	23.4	947110
23678	-912427200	25.2	947110
23678	-910008000	20.8	947110
23678	-907329600	19.9	947110
23678	-904737600	13.4	947110
23678	-902059200	10.7	947110
23678	-899467200	9.6	947110
23678	-896788800	11.4	947110
23678	-894110400	16.5	947110
23678	-891518400	18.3	947110
23678	-888840000	24.9	947110
23678	-886248000	25.5	947110
23678	-883569600	28.9	947110
23678	-880891200	25.2	947110
23678	-878472000	23.8	947110
23678	-875793600	18.2	947110
23678	-873201600	13.9	947110
23678	-870523200	10.5	947110
23678	-867931200	10	947110
23678	-865252800	12	947110
23679	-157723200	20.9	947120
23679	-155044800	23.5	947120
23679	-152625600	20.3	947120
23679	-149947200	13.4	947120
23679	-147355200	10.2	947120
23679	-144676800	7.3	947120
23679	-142084800	6.7	947120
23679	-139406400	8.6	947120
23679	-136728000	13.5	947120
23679	-134136000	16.2	947120
23679	-131457600	17.1	947120
23679	-128865600	22.8	947120
23679	-126187200	24.3	947120
23679	-123508800	21.8	947120
23679	-121089600	19.4	947120
23679	-118411200	15.1	947120
23679	-115819200	9.7	947120
23679	-113140800	7.5	947120
23679	-110548800	5.6	947120
23679	-107870400	7.7	947120
23679	-105192000	10.7	947120
23679	-102600000	13.2	947120
23679	-99921600	17.1	947120
23679	-97329600	19.7	947120
23679	-94651200	21.9	947120
23679	-91972800	22.7	947120
23679	-89553600	18.9	947120
23679	-86875200	16.2	947120
23679	-84283200	11.4	947120
23680	-2563963200	15.4	947130
23680	-2561284800	19.5	947130
23680	-2558692800	22.8	947130
23680	-2556014400	26.1	947130
23680	-2553336000	23.9	947130
23680	-2550916800	22.7	947130
23680	-2548238400	16.2	947130
23680	-2545646400	12.7	947130
23680	-2542968000	8.1	947130
23680	-2540376000	5.9	947130
23680	-2537697600	9.3	947130
23680	-2535019200	11	947130
23680	-2532427200	16.9	947130
23680	-2529748800	23.1	947130
23680	-2527156800	24.6	947130
23680	-2524478400	25	947130
23680	-2521800000	21.8	947130
23680	-2519380800	18.7	947130
23680	-2516702400	13.7	947130
23680	-2514110400	11.5	947130
23680	-2511432000	10.1	947130
23680	-2508840000	5.6	947130
23680	-2506161600	6.9	947130
23680	-2503483200	10.6	947130
23680	-2500891200	14	947130
23680	-2498212800	17.9	947130
23680	-2495620800	20.2	947130
23680	-2492942400	21.3	947130
23680	-2490264000	20.2	947130
23680	-2487844800	19.8	947130
23680	-2485166400	14.8	947130
23680	-2482574400	10.9	947130
23680	-2479896000	9.3	947130
23680	-2477304000	7.8	947130
23680	-2474625600	8.9	947130
23680	-2471947200	12.5	947130
23680	-2469355200	16.6	947130
23680	-2466676800	21.4	947130
23680	-2464084800	23.4	947130
23680	-2461406400	22.1	947130
23680	-2458728000	24.6	947130
23680	-2456222400	22.2	947130
23680	-2453544000	14.3	947130
23680	-2450952000	10.6	947130
23680	-2448273600	7.1	947130
23680	-2445681600	5.6	947130
23680	-2443003200	7.4	947130
23680	-2440324800	11	947130
23680	-2437732800	12.9	947130
23680	-2435054400	19.7	947130
23680	-2432462400	21.4	947130
23680	-2429784000	22.3	947130
23680	-2427105600	23.5	947130
23680	-2424686400	18.9	947130
23680	-2422008000	13.8	947130
23680	-2419416000	10.7	947130
23680	-2416737600	7.8	947130
23680	-2414145600	5.9	947130
23680	-2411467200	7.9	947130
23680	-2408788800	10.5	947130
23680	-2406196800	16.8	947130
23680	-2403518400	20.5	947130
23680	-2400926400	22.7	947130
23680	-2398248000	22.9	947130
23680	-2395569600	21.4	947130
23680	-2393150400	19.4	947130
23680	-2390472000	15	947130
23680	-2387880000	9.3	947130
23680	-2385201600	7.5	947130
23680	-2382609600	4.8	947130
23680	-2379931200	6.9	947130
23680	-2377252800	10.7	947130
23680	-2374660800	16.6	947130
23680	-2371982400	21.3	947130
23680	-2369390400	23.3	947130
23680	-2366712000	21.5	947130
23680	-2364033600	21.5	947130
23680	-2361614400	20	947130
23680	-2358936000	13.6	947130
23680	-2356344000	10.4	947130
23680	-2353665600	7.4	947130
23680	-2351073600	4.1	947130
23680	-2348395200	8.4	947130
23680	-2345716800	11.3	947130
23680	-2343124800	17.2	947130
23680	-2340446400	21.3	947130
23680	-2337854400	23.6	947130
23680	-2335176000	25.2	947130
23680	-2332497600	22.7	947130
23680	-2329992000	19.7	947130
23680	-2327313600	12.3	947130
23680	-2324721600	9.9	947130
23680	-2322043200	6.7	947130
23680	-2319451200	3.4	947130
23680	-2316772800	6.4	947130
23680	-2314094400	10.6	947130
23680	-2311502400	19.1	947130
23680	-2308824000	21.6	947130
23680	-2306232000	25.5	947130
23680	-2303553600	23.3	947130
23680	-2300875200	22.2	947130
23680	-2298456000	22.2	947130
23680	-2295777600	16.6	947130
23680	-2293185600	10.5	947130
23680	-2290507200	9.6	947130
23680	-2287915200	8.2	947130
23680	-2285236800	8.1	947130
23680	-2282558400	11.7	947130
23680	-2279966400	15.4	947130
23680	-2277288000	21.2	947130
23680	-2274696000	22	947130
23680	-2272017600	27.1	947130
23680	-2269339200	24.4	947130
23680	-2266920000	20.5	947130
23680	-2264241600	14.3	947130
23680	-2261649600	9.7	947130
23680	-2258971200	8	947130
23680	-2256379200	5.8	947130
23680	-2253700800	9	947130
23680	-2251022400	12.5	947130
23680	-2248430400	17.1	947130
23680	-2245752000	21.2	947130
23680	-2243160000	23.1	947130
23680	-2240481600	22.7	947130
23680	-2237803200	24.5	947130
23680	-2235384000	21.3	947130
23680	-2232705600	17.8	947130
23680	-2230113600	11.1	947130
23680	-2227435200	8.6	947130
23680	-2224843200	6	947130
23680	-2222164800	8.8	947130
23680	-2219486400	14.1	947130
23680	-2216894400	15.5	947130
23680	-2214216000	20.1	947130
23680	-2211624000	26.6	947130
23680	-2208945600	25.8	947130
23680	-2206267200	26.9	947130
23680	-2203848000	21.5	947130
23680	-2201169600	14.8	947130
23680	-2198577600	11.3	947130
23680	-2195899200	10.5	947130
23680	-2193307200	6	947130
23680	-2190628800	8.1	947130
23680	-2187950400	10.5	947130
23680	-2185358400	15	947130
23680	-2182680000	22.6	947130
23680	-2180088000	24.6	947130
23680	-2177409600	23.2	947130
23680	-2174731200	25.9	947130
23680	-2172312000	20.7	947130
23680	-2169633600	14.8	947130
23680	-2167041600	11.1	947130
23680	-2164363200	5.1	947130
23680	-2161771200	4.1	947130
23680	-2159092800	6.1	947130
23680	-2156414400	15.3	947130
23680	-2153822400	15.4	947130
23680	-2151144000	23.2	947130
23680	-2148552000	24.7	947130
23680	-2145873600	24.1	947130
23680	-2143195200	23.5	947130
23680	-2140776000	20.8	947130
23680	-2138097600	16	947130
23680	-2135505600	10.6	947130
23680	-2132827200	7.6	947130
23680	-2130235200	6.5	947130
23680	-2127556800	6.7	947130
23681	63115200	22.7	947140
23681	65793600	22.5	947140
23681	68299200	19.9	947140
23681	70977600	15.1	947140
23681	73569600	12.1	947140
23681	76248000	8	947140
23681	78840000	8.3	947140
23681	81518400	10.5	947140
23681	84196800	12.9	947140
23681	86788800	16.7	947140
23681	89467200	19.6	947140
23681	92059200	24.7	947140
23681	94737600	27	947140
23681	97416000	24.5	947140
23681	99835200	20.2	947140
23681	102513600	17	947140
23681	105105600	11.8	947140
23681	107784000	9	947140
23681	110376000	10.1	947140
23681	113054400	9.7	947140
23681	115732800	12.9	947140
23681	118324800	16.7	947140
23681	121003200	18.5	947140
23681	123595200	22.5	947140
23681	126273600	24.4	947140
23681	128952000	22.6	947140
23681	131371200	22.6	947140
23681	134049600	16.9	947140
23681	136641600	12.8	947140
23681	139320000	8.3	947140
23681	141912000	8.1	947140
23681	144590400	9.5	947140
23681	147268800	11	947140
23681	149860800	14.9	947140
23681	152539200	17.2	947140
23681	155131200	21.2	947140
23681	157809600	22.5	947140
23681	160488000	23.9	947140
23681	162907200	19.9	947140
23681	165585600	16.1	947140
23681	168177600	12.7	947140
23681	170856000	9.6	947140
23681	173448000	9.5	947140
23681	176126400	9.5	947140
23681	178804800	13.8	947140
23681	181396800	14.8	947140
23681	184075200	20	947140
23681	186667200	24.9	947140
23681	189345600	23	947140
23681	192024000	23.9	947140
23681	194529600	21.1	947140
23681	197208000	15.6	947140
23681	199800000	11	947140
23681	202478400	8.5	947140
23681	205070400	7.8	947140
23681	207748800	9.2	947140
23681	210427200	11.8	947140
23681	213019200	14.4	947140
23681	215697600	17.8	947140
23681	218289600	21.9	947140
23681	220968000	24.7	947140
23681	223646400	25.8	947140
23681	226065600	20.3	947140
23681	228744000	13.9	947140
23681	231336000	12	947140
23681	234014400	7.9	947140
23681	236606400	6.9	947140
23681	239284800	10.2	947140
23681	241963200	11.8	947140
23681	244555200	17.4	947140
23681	247233600	20.3	947140
23681	249825600	23.7	947140
23681	252504000	23.8	947140
23681	255182400	24.6	947140
23681	257601600	22.5	947140
23681	260280000	16	947140
23681	262872000	13	947140
23681	265550400	9.7	947140
23681	268142400	7.6	947140
23681	270820800	9.1	947140
23681	273499200	12.5	947140
23681	276091200	15.2	947140
23681	278769600	18.3	947140
23681	281361600	20.4	947140
23681	284040000	27.7	947140
23681	286718400	25.4	947140
23681	289137600	21.9	947140
23681	291816000	15.1	947140
23681	294408000	11.2	947140
23681	297086400	8.9	947140
23681	299678400	7.4	947140
23681	302356800	8.8	947140
23681	305035200	11.9	947140
23681	307627200	15.4	947140
23681	310305600	20.8	947140
23681	312897600	23.3	947140
23681	315576000	23.2	947140
23681	318254400	24.5	947140
23681	320760000	21.3	947140
23681	323438400	17	947140
23681	326030400	13.3	947140
23681	328708800	8.5	947140
23681	331300800	8	947140
23681	333979200	9.6	947140
23681	336657600	12.6	947140
23681	339249600	16.8	947140
23681	341928000	20.7	947140
23681	344520000	23.9	947140
23681	347198400	28.4	947140
23681	349876800	25.3	947140
23681	352296000	20	947140
23681	354974400	17	947140
23681	357566400	12.7	947140
23681	360244800	8.7	947140
23681	362836800	8.2	947140
23681	365515200	9.4	947140
23681	368193600	13.2	947140
23681	370785600	16.9	947140
23681	373464000	18.8	947140
23681	376056000	22.7	947140
23681	378734400	26.2	947140
23681	381412800	26	947140
23681	383832000	21.6	947140
23681	386510400	15.9	947140
23681	389102400	11.1	947140
23681	391780800	7.4	947140
23681	394372800	6.2	947140
23681	397051200	11.1	947140
23681	399729600	12.8	947140
23681	402321600	15.9	947140
23681	4.05e+08	22.7	947140
23681	407592000	24	947140
23681	410270400	23.9	947140
23681	412948800	27.5	947140
23681	415368000	22.7	947140
23681	418046400	14.9	947140
23681	420638400	13.1	947140
23681	423316800	9.1	947140
23681	425908800	7.6	947140
23681	428587200	10.2	947140
23681	431265600	12.5	947140
23681	433857600	16.2	947140
23681	436536000	17.9	947140
23681	439128000	22.4	947140
23681	441806400	21.3	947140
23681	444484800	22.7	947140
23681	446990400	18.5	947140
23681	449668800	15.9	947140
23681	452260800	11.4	947140
23681	454939200	8.4	947140
23681	457531200	7.8	947140
23681	460209600	10.3	947140
23681	462888000	11.4	947140
23681	465480000	15.7	947140
23681	468158400	19.9	947140
23681	470750400	20.5	947140
23681	473428800	23.6	947140
23681	476107200	23.9	947140
23681	478526400	22.1	947140
23681	481204800	17	947140
23681	483796800	12.4	947140
23681	486475200	7.7	947140
23681	489067200	7.3	947140
23681	491745600	9.8	947140
23681	494424000	11.9	947140
23681	497016000	16.4	947140
23681	499694400	19.4	947140
23681	502286400	20.3	947140
23681	504964800	21.7	947140
23681	507643200	22.9	947140
23681	510062400	23	947140
23681	512740800	16.3	947140
23681	515332800	12.2	947140
23681	518011200	7.3	947140
23681	520603200	7.5	947140
23681	523281600	8.8	947140
23681	525960000	11.5	947140
23681	528552000	12.9	947140
23681	531230400	17.3	947140
23681	533822400	19.3	947140
23681	536500800	21.9	947140
23681	539179200	23.8	947140
23681	541598400	18.5	947140
23681	544276800	16.1	947140
23681	546868800	12	947140
23681	549547200	9.3	947140
23681	552139200	6.8	947140
23681	554817600	10.1	947140
23681	557496000	11.7	947140
23681	560088000	14	947140
23681	562766400	18.9	947140
23681	565358400	21.6	947140
23681	568036800	26.2	947140
23681	570715200	22.6	947140
23681	573220800	20.9	947140
23681	575899200	17.4	947140
23681	578491200	13.2	947140
23681	581169600	8.9	947140
23681	583761600	9.4	947140
23681	586440000	9.5	947140
23681	589118400	12.5	947140
23681	591710400	15.2	947140
23681	594388800	18.7	947140
23681	596980800	23.2	947140
23681	599659200	22	947140
23681	602337600	23.7	947140
23681	604756800	21.6	947140
23681	607435200	17.5	947140
23681	610027200	13.7	947140
23681	612705600	9	947140
23681	615297600	7.6	947140
23681	617976000	8.1	947140
23681	620654400	10.9	947140
23681	623246400	14.4	947140
23681	625924800	19.3	947140
23681	628516800	22.6	947140
23681	631195200	25	947140
23681	633873600	23.3	947140
23681	636292800	22.2	947140
23681	638971200	17.4	947140
23681	641563200	12.5	947140
23681	644241600	8.3	947140
23681	646833600	8.4	947140
23681	649512000	9	947140
23681	652190400	12	947140
23681	654782400	15.2	947140
23681	657460800	19.5	947140
23681	660052800	23.8	947140
23681	662731200	25.8	947140
23681	665409600	26.6	947140
23681	667828800	20.7	947140
23681	670507200	15.5	947140
23681	673099200	12.6	947140
23681	675777600	11.4	947140
23681	678369600	8.1	947140
23681	681048000	8.4	947140
23681	683726400	11.3	947140
23681	686318400	16.5	947140
23681	688996800	18.6	947140
23681	691588800	21.1	947140
23681	694267200	21.8	947140
23681	696945600	21.5	947140
23681	699451200	21.5	947140
23681	702129600	16.3	947140
23681	704721600	11.8	947140
23681	707400000	8.2	947140
23681	709992000	7.7	947140
23681	712670400	8	947140
23681	715348800	10.3	947140
23682	-896788800	11.9	947150
23682	-894110400	17.8	947150
23682	-891518400	20	947150
23682	-888840000	25.8	947150
23682	-886248000	27.3	947150
23682	-883569600	30.3	947150
23682	-880891200	25.7	947150
23682	-878472000	25.6	947150
23682	-875793600	20.5	947150
23682	-873201600	16.6	947150
23682	-870523200	13.8	947150
23682	-867931200	11.5	947150
23682	-865252800	13.1	947150
23682	-862574400	16.9	947150
23682	-859982400	20.1	947150
23682	-857304000	23.3	947150
23682	-854712000	25.6	947150
23682	-852033600	25	947150
23682	-849355200	27.6	947150
23682	-846936000	27.4	947150
23682	-844257600	18.8	947150
23682	-841665600	14.4	947150
23682	-838987200	8.9	947150
23682	-836395200	9.4	947150
23682	-833716800	10.6	947150
23682	-831038400	16.2	947150
23682	-828446400	20.6	947150
23682	-825768000	22	947150
23682	-823176000	26.7	947150
23682	-820497600	30.1	947150
23682	-817819200	27.5	947150
23682	-815313600	25	947150
23682	-812635200	17.9	947150
23682	-810043200	12.9	947150
23682	-807364800	11.2	947150
23682	-804772800	11.2	947150
23682	-802094400	12.7	947150
23682	-799416000	16.7	947150
23682	-796824000	21.2	947150
23682	-794145600	26.8	947150
23682	-791553600	28.1	947150
23682	-788875200	29.5	947150
23682	-786196800	27.4	947150
23682	-783777600	23.9	947150
23682	-781099200	19.1	947150
23682	-778507200	14.8	947150
23682	-775828800	13.7	947150
23682	-773236800	9.5	947150
23682	-770558400	12.8	947150
23682	-767880000	16.1	947150
23682	-765288000	19.3	947150
23682	-762609600	24.2	947150
23682	-760017600	28.1	947150
23682	-757339200	30.8	947150
23682	-754660800	30.1	947150
23682	-752241600	22.2	947150
23682	-749563200	18.4	947150
23682	-746971200	14.6	947150
23682	-744292800	9.5	947150
23682	-741700800	11	947150
23682	-739022400	12.4	947150
23682	-736344000	15.2	947150
23682	-733752000	19	947150
23682	-731073600	26.3	947150
23682	-728481600	27.4	947150
23682	-725803200	30	947150
23682	-723124800	25.9	947150
23682	-720705600	22.5	947150
23682	-718027200	18.2	947150
23682	-715435200	16.4	947150
23682	-712756800	10.9	947150
23682	-710164800	10.8	947150
23682	-707486400	11.5	947150
23682	-704808000	15.6	947150
23682	-702216000	18.8	947150
23682	-699537600	21.4	947150
23682	-696945600	25.1	947150
23682	-694267200	24.9	947150
23682	-691588800	29	947150
23682	-689083200	22.4	947150
23682	-686404800	18.9	947150
23682	-683812800	12.6	947150
23682	-681134400	11.6	947150
23682	-678542400	9.2	947150
23682	-675864000	12.4	947150
23682	-673185600	15.6	947150
23682	-670593600	19.6	947150
23682	-667915200	23.5	947150
23682	-665323200	28.6	947150
23682	-662644800	26.3	947150
23682	-659966400	26.4	947150
23682	-657547200	24	947150
23682	-654868800	17.9	947150
23682	-652276800	13.5	947150
23682	-649598400	8.8	947150
23682	-647006400	10	947150
23682	-644328000	12.5	947150
23682	-641649600	15.8	947150
23682	-639057600	20.7	947150
23682	-636379200	22.1	947150
23682	-633787200	27.3	947150
23682	-631108800	27.9	947150
23682	-628430400	25	947150
23682	-626011200	24.4	947150
23682	-623332800	19.2	947150
23682	-620740800	15.2	947150
23682	-618062400	12	947150
23682	-615470400	12.6	947150
23682	-612792000	13.7	947150
23682	-610113600	16.9	947150
23682	-607521600	18.9	947150
23682	-604843200	20.7	947150
23682	-602251200	26.5	947150
23682	-599572800	25.3	947150
23682	-596894400	26.2	947150
23682	-594475200	24.9	947150
23682	-591796800	16.8	947150
23682	-589204800	13.6	947150
23682	-586526400	12.1	947150
23682	-583934400	10.4	947150
23682	-581256000	10.4	947150
23682	-578577600	16.5	947150
23682	-575985600	19.6	947150
23682	-573307200	23.5	947150
23682	-570715200	25.8	947150
23682	-568036800	31.8	947150
23682	-565358400	27.4	947150
23682	-562852800	24.1	947150
23682	-560174400	18.8	947150
23682	-557582400	14.3	947150
23682	-554904000	11.2	947150
23682	-552312000	10.2	947150
23682	-549633600	12.5	947150
23682	-546955200	15.9	947150
23682	-544363200	19.8	947150
23682	-541684800	22.1	947150
23682	-539092800	27.2	947150
23682	-536414400	28.2	947150
23682	-533736000	23.9	947150
23682	-531316800	24.7	947150
23682	-528638400	20.7	947150
23682	-526046400	14.1	947150
23682	-523368000	10.6	947150
23682	-520776000	10.9	947150
23682	-518097600	11.2	947150
23682	-515419200	16.6	947150
23682	-512827200	20	947150
23682	-510148800	23	947150
23682	-507556800	29	947150
23682	-504878400	26.4	947150
23682	-502200000	24.7	947150
23682	-499780800	23.3	947150
23682	-497102400	20.9	947150
23682	-494510400	13.6	947150
23682	-491832000	11.2	947150
23682	-489240000	11	947150
23682	-486561600	13.6	947150
23682	-483883200	15.8	947150
23682	-481291200	19.5	947150
23682	-478612800	23.1	947150
23682	-476020800	26.5	947150
23682	-473342400	27.2	947150
23682	-470664000	27	947150
23682	-468244800	25.7	947150
23682	-465566400	20.8	947150
23682	-462974400	13.2	947150
23682	-460296000	12.2	947150
23682	-457704000	8.7	947150
23682	-455025600	12	947150
23682	-452347200	15.8	947150
23682	-449755200	20.1	947150
23682	-447076800	21.5	947150
23682	-444484800	23.7	947150
23682	-441806400	25.8	947150
23682	-439128000	24.7	947150
23682	-436622400	24.2	947150
23682	-433944000	19	947150
23682	-431352000	13.4	947150
23682	-428673600	10.6	947150
23682	-426081600	10.9	947150
23682	-423403200	10.5	947150
23682	-420724800	13.5	947150
23682	-418132800	16.9	947150
23682	-415454400	19.6	947150
23682	-412862400	24.9	947150
23682	-410184000	29.5	947150
23682	-407505600	25.9	947150
23682	-405086400	22.9	947150
23682	-402408000	21.2	947150
23682	-399816000	14	947150
23682	-397137600	13.3	947150
23682	-394545600	8.9	947150
23682	-391867200	12	947150
23682	-389188800	15.3	947150
23682	-386596800	20.2	947150
23682	-383918400	24.2	947150
23682	-381326400	29.3	947150
23682	-378648000	27.8	947150
23682	-375969600	25.2	947150
23682	-373550400	24	947150
23682	-370872000	20.5	947150
23682	-368280000	16.6	947150
23682	-365601600	11.6	947150
23682	-363009600	9.9	947150
23682	-360331200	12.6	947150
23682	-357652800	13.2	947150
23682	-355060800	19.1	947150
23682	-352382400	24.2	947150
23682	-349790400	26.5	947150
23682	-347112000	26	947150
23682	-344433600	25	947150
23682	-342014400	22.6	947150
23682	-339336000	18.6	947150
23682	-336744000	13.2	947150
23682	-334065600	10.8	947150
23682	-331473600	10	947150
23682	-328795200	12.2	947150
23682	-326116800	15.1	947150
23682	-323524800	17.4	947150
23682	-320846400	25	947150
23682	-318254400	25	947150
23682	-315576000	28.8	947150
23682	-312897600	28.1	947150
23682	-310392000	24.1	947150
23682	-307713600	20.8	947150
23682	-305121600	13.1	947150
23683	-1467547200	6.8	947180
23683	-1464868800	9.6	947180
23683	-1462190400	13.8	947180
23683	-1459598400	18.2	947180
23683	-1456920000	19.8	947180
23683	-1454328000	26.9	947180
23683	-1451649600	24.5	947180
23683	-1448971200	22	947180
23683	-1446465600	22.5	947180
23683	-1443787200	16.4	947180
23683	-1441195200	13.8	947180
23683	-1438516800	10.1	947180
23683	-1435924800	10.6	947180
23683	-1433246400	11.8	947180
23683	-1430568000	14.6	947180
23683	-1427976000	17.4	947180
23683	-1425297600	19.3	947180
23683	-1422705600	21.3	947180
23683	-1420027200	23.9	947180
23683	-1417348800	25	947180
23683	-1414929600	22.2	947180
23683	-1412251200	18.8	947180
23683	-1409659200	13.9	947180
23683	-1406980800	11	947180
23683	-1404388800	7.9	947180
23683	-1401710400	8.5	947180
23683	-1399032000	11.2	947180
23683	-1396440000	17.5	947180
23683	-1393761600	21.4	947180
23683	-1391169600	24.6	947180
23683	-1388491200	24.2	947180
23683	-1385812800	29.2	947180
23683	-1383393600	23.5	947180
23683	-1380715200	17.4	947180
23683	-1378123200	13.1	947180
23683	-1375444800	11.7	947180
23683	-1372852800	11.4	947180
23683	-1370174400	12.5	947180
23683	-1367496000	16.2	947180
23683	-1364904000	20.5	947180
23683	-1362225600	23.5	947180
23683	-1359633600	23.7	947180
23683	-1356955200	25.5	947180
23683	-1354276800	25.2	947180
23683	-1351857600	23.1	947180
23683	-1349179200	18.5	947180
23683	-1346587200	13.4	947180
23683	-1343908800	12.5	947180
23683	-1341316800	10.9	947180
23683	-1338638400	9.7	947180
23683	-1335960000	14.3	947180
23683	-1333368000	18.6	947180
23683	-1330689600	22.1	947180
23683	-1328097600	21.2	947180
23683	-1325419200	22	947180
23683	-1322740800	25.7	947180
23683	-1320235200	24	947180
23683	-1317556800	19.7	947180
23683	-1314964800	12.8	947180
23683	-1312286400	9.7	947180
23683	-1309694400	9.6	947180
23683	-1307016000	14.2	947180
23683	-1304337600	15.8	947180
23683	-1301745600	19.9	947180
23683	-1299067200	23.5	947180
23683	-1296475200	25.1	947180
23683	-1293796800	30	947180
23683	-1291118400	26.4	947180
23683	-1288699200	25.1	947180
23683	-1286020800	17.2	947180
23683	-1283428800	13.1	947180
23683	-1280750400	8.9	947180
23683	-1278158400	7.5	947180
23683	-1275480000	10.6	947180
23683	-1272801600	14.3	947180
23683	-1270209600	18.5	947180
23683	-1267531200	21.5	947180
23683	-1264939200	25	947180
23683	-1262260800	26.7	947180
23683	-1259582400	26.9	947180
23683	-1257163200	22.8	947180
23683	-1254484800	17.5	947180
23683	-1251892800	14.2	947180
23683	-1249214400	13	947180
23683	-1246622400	9.7	947180
23683	-1243944000	10.4	947180
23683	-1241265600	11.8	947180
23683	-1238673600	18.2	947180
23683	-1235995200	21.8	947180
23683	-1233403200	23.8	947180
23683	-1230724800	25.4	947180
23683	-1228046400	27.2	947180
23683	-1225627200	21.9	947180
23683	-1222948800	15.7	947180
23683	-1220356800	12.2	947180
23683	-1217678400	9.2	947180
23683	-1215086400	7	947180
23683	-1212408000	9.6	947180
23683	-1209729600	12.7	947180
23683	-1207137600	17.4	947180
23683	-1204459200	20.2	947180
23683	-1201867200	21.5	947180
23683	-1199188800	28.8	947180
23683	-1196510400	25.3	947180
23683	-1194004800	22.7	947180
23683	-1191326400	17.1	947180
23683	-1188734400	13.6	947180
23683	-1186056000	8.4	947180
23683	-1183464000	9.4	947180
23683	-1180785600	11.6	947180
23683	-1178107200	12.8	947180
23683	-1175515200	15.5	947180
23684	-946728000	25.8	947190
23684	-944049600	25.4	947190
23684	-941544000	23.7	947190
23684	-938865600	17.7	947190
23684	-936273600	11.6	947190
23684	-933595200	9.2	947190
23684	-931003200	8.3	947190
23684	-928324800	8.7	947190
23684	-925646400	12.5	947190
23684	-923054400	16.4	947190
23684	-920376000	17.7	947190
23684	-917784000	22.6	947190
23684	-915105600	19.3	947190
23684	-912427200	21.3	947190
23684	-910008000	18.6	947190
23684	-907329600	16.4	947190
23684	-904737600	11.7	947190
23684	-902059200	9.3	947190
23684	-899467200	8.8	947190
23684	-896788800	8.6	947190
23684	-894110400	12.9	947190
23684	-891518400	14.8	947190
23684	-888840000	22.2	947190
23684	-886248000	23.8	947190
23684	-883569600	27.5	947190
23684	-880891200	22.6	947190
23684	-878472000	22.5	947190
23684	-875793600	18.1	947190
23684	-873201600	14.1	947190
23684	-870523200	11.3	947190
23684	-867931200	9.6	947190
23684	-865252800	9.8	947190
23684	-862574400	12.6	947190
23684	-859982400	15.3	947190
23684	-857304000	19	947190
23684	-854712000	22.8	947190
23684	-852033600	22.8	947190
23684	-849355200	24.7	947190
23684	-846936000	24.6	947190
23684	-844257600	15.1	947190
23684	-841665600	12.3	947190
23684	-838987200	7.9	947190
23684	-836395200	7.4	947190
23684	-833716800	6.9	947190
23684	-831038400	12.7	947190
23684	-828446400	16.1	947190
23684	-825768000	17.9	947190
23684	-823176000	22.3	947190
23684	-820497600	26.3	947190
23684	-817819200	24.2	947190
23684	-815313600	21.1	947190
23684	-812635200	14.7	947190
23684	-810043200	11.4	947190
23684	-807364800	9.4	947190
23684	-804772800	9.1	947190
23684	-802094400	9.8	947190
23684	-799416000	13.7	947190
23684	-796824000	18	947190
23684	-794145600	23.6	947190
23684	-791553600	24.1	947190
23684	-788875200	24.9	947190
23684	-786196800	22.8	947190
23684	-783777600	20	947190
23684	-781099200	16.2	947190
23684	-778507200	12	947190
23684	-775828800	11.8	947190
23684	-773236800	8.1	947190
23684	-770558400	9.8	947190
23684	-767880000	11.6	947190
23684	-765288000	15.2	947190
23684	-762609600	20.8	947190
23684	-760017600	24.8	947190
23684	-757339200	27.4	947190
23684	-754660800	25.7	947190
23684	-752241600	19.4	947190
23684	-749563200	15.7	947190
23684	-746971200	12	947190
23684	-744292800	8	947190
23684	-741700800	8.6	947190
23684	-739022400	8.9	947190
23684	-736344000	12.1	947190
23684	-733752000	15.9	947190
23684	-731073600	22.7	947190
23684	-728481600	24.1	947190
23684	-725803200	26.2	947190
23684	-723124800	24.4	947190
23684	-720705600	21.2	947190
23684	-718027200	16.2	947190
23684	-715435200	14.2	947190
23684	-712756800	8.6	947190
23684	-710164800	8.4	947190
23684	-707486400	8.1	947190
23684	-704808000	11.9	947190
23684	-702216000	14.4	947190
23684	-699537600	17.3	947190
23684	-696945600	21.3	947190
23684	-694267200	20.9	947190
23684	-691588800	24.6	947190
23684	-689083200	19.3	947190
23684	-686404800	15.5	947190
23684	-683812800	10.1	947190
23684	-681134400	9.5	947190
23684	-678542400	6.8	947190
23684	-675864000	9.2	947190
23684	-673185600	12.7	947190
23684	-670593600	15.7	947190
23684	-667915200	20.3	947190
23684	-665323200	25.1	947190
23684	-662644800	23.1	947190
23684	-659966400	23	947190
23684	-657547200	21.7	947190
23684	-654868800	15.3	947190
23684	-652276800	12.3	947190
23684	-649598400	8	947190
23684	-647006400	8.3	947190
23684	-644328000	9.1	947190
23684	-641649600	12.9	947190
23684	-639057600	17.1	947190
23684	-636379200	19	947190
23684	-633787200	23	947190
23684	-631108800	24.6	947190
23684	-628430400	23.2	947190
23684	-626011200	21.8	947190
23684	-623332800	16.5	947190
23684	-620740800	13	947190
23684	-618062400	11.3	947190
23684	-615470400	11.3	947190
23684	-612792000	9.9	947190
23684	-610113600	13.7	947190
23684	-607521600	15.3	947190
23684	-604843200	18	947190
23684	-602251200	23.9	947190
23684	-599572800	23.3	947190
23684	-596894400	24.2	947190
23684	-594475200	22.8	947190
23684	-591796800	14.1	947190
23684	-589204800	12.2	947190
23684	-586526400	11.6	947190
23684	-583934400	8.9	947190
23684	-581256000	7.4	947190
23684	-578577600	14.1	947190
23684	-575985600	15.6	947190
23684	-573307200	19.2	947190
23684	-570715200	23.1	947190
23684	-568036800	27.3	947190
23684	-565358400	24.8	947190
23684	-562852800	21.5	947190
23684	-560174400	16.6	947190
23684	-557582400	11.7	947190
23684	-554904000	8.8	947190
23684	-552312000	8.2	947190
23684	-549633600	9.9	947190
23684	-546955200	12	947190
23684	-544363200	15.9	947190
23684	-541684800	17.8	947190
23684	-539092800	23.1	947190
23684	-536414400	23.5	947190
23684	-533736000	21.6	947190
23684	-531316800	22.2	947190
23684	-528638400	17.7	947190
23684	-526046400	12.3	947190
23684	-523368000	8.9	947190
23684	-520776000	9	947190
23684	-518097600	8.2	947190
23684	-515419200	12.9	947190
23684	-512827200	15.7	947190
23684	-510148800	19.9	947190
23684	-507556800	24.9	947190
23684	-504878400	24.2	947190
23684	-502200000	22.7	947190
23684	-499780800	20	947190
23684	-497102400	18.5	947190
23684	-494510400	12	947190
23684	-491832000	10.4	947190
23684	-489240000	9.6	947190
23684	-486561600	10.7	947190
23684	-483883200	13.2	947190
23684	-481291200	16.6	947190
23684	-478612800	20.4	947190
23684	-476020800	23.6	947190
23684	-473342400	24.2	947190
23684	-470664000	24.1	947190
23684	-468244800	23.6	947190
23684	-465566400	18.6	947190
23684	-462974400	12.3	947190
23684	-460296000	10.7	947190
23684	-457704000	7.7	947190
23684	-455025600	9.7	947190
23684	-452347200	13.3	947190
23684	-449755200	16.5	947190
23684	-447076800	18.3	947190
23684	-444484800	21.2	947190
23684	-441806400	23	947190
23684	-439128000	23	947190
23684	-436622400	21.8	947190
23684	-433944000	16.3	947190
23684	-431352000	12	947190
23684	-428673600	9.5	947190
23684	-426081600	9.1	947190
23684	-423403200	7.8	947190
23684	-420724800	11.3	947190
23684	-418132800	13.7	947190
23684	-415454400	17	947190
23684	-412862400	22.5	947190
23684	-410184000	25.3	947190
23684	-407505600	24.2	947190
23684	-405086400	21.1	947190
23684	-402408000	17.7	947190
23684	-399816000	11.3	947190
23684	-397137600	11.7	947190
23684	-394545600	7.6	947190
23684	-391867200	9.9	947190
23684	-389188800	12.4	947190
23684	-386596800	17.1	947190
23684	-383918400	21.5	947190
23684	-381326400	26.3	947190
23684	-378648000	24.9	947190
23684	-375969600	23.6	947190
23684	-373550400	21.5	947190
23684	-370872000	18.7	947190
23684	-368280000	14.4	947190
23684	-365601600	10.5	947190
23684	-363009600	8.3	947190
23684	-360331200	10.3	947190
23684	-357652800	11.3	947190
23684	-355060800	15.2	947190
23684	-352382400	21.4	947190
23684	-349790400	22.8	947190
23684	-347112000	24.8	947190
23684	-344433600	23.7	947190
23684	-342014400	21.5	947190
23684	-339336000	17.4	947190
23684	-336744000	11.9	947190
23684	-334065600	10.6	947190
23684	-331473600	9	947190
23684	-328795200	9.9	947190
23684	-326116800	13.2	947190
23684	-323524800	15.5	947190
23684	-320846400	23.9	947190
23684	-318254400	22.2	947190
23684	-315576000	26.4	947190
23684	-312897600	24.3	947190
23684	-310392000	21.9	947190
23684	-307713600	17.7	947190
23684	-305121600	10.9	947190
23684	-302443200	8.8	947190
23684	-299851200	9.7	947190
23684	-297172800	8.3	947190
23684	-294494400	12.7	947190
23684	-291902400	16.3	947190
23684	-289224000	17.8	947190
23684	-286632000	22.8	947190
23684	-283953600	24	947190
23684	-281275200	24.2	947190
23684	-278856000	21.8	947190
23684	-276177600	17.9	947190
23684	-273585600	11.8	947190
23684	-270907200	10.6	947190
23684	-268315200	8.6	947190
23684	-265636800	9.9	947190
23684	-262958400	12.8	947190
23684	-260366400	19.1	947190
23684	-257688000	21.5	947190
23684	-255096000	22.9	947190
23684	-252417600	23.3	947190
23684	-249739200	24	947190
23684	-247320000	22.1	947190
23684	-244641600	17.2	947190
23684	-242049600	11.2	947190
23684	-239371200	10.3	947190
23684	-236779200	9.8	947190
23684	-234100800	9.3	947190
23684	-231422400	12.7	947190
23684	-228830400	14.7	947190
23684	-226152000	20.9	947190
23684	-223560000	22.1	947190
23684	-220881600	23.1	947190
23684	-218203200	24.1	947190
23684	-215784000	22.8	947190
23684	-213105600	17.6	947190
23684	-210513600	15	947190
23684	-207835200	10.5	947190
23684	-205243200	7.9	947190
23684	-202564800	9.5	947190
23684	-199886400	12.1	947190
23684	-197294400	16.6	947190
23684	-194616000	19.5	947190
23684	-192024000	23.8	947190
23684	-189345600	23.9	947190
23684	-186667200	23.3	947190
23684	-184161600	21.6	947190
23684	-181483200	17.6	947190
23684	-178891200	11.5	947190
23684	-176212800	9.9	947190
23684	-173620800	8.4	947190
23684	-170942400	8.5	947190
23684	-168264000	13.3	947190
23684	-165672000	13.6	947190
23684	-162993600	20	947190
23684	-160401600	21.5	947190
23684	-157723200	24.2	947190
23684	-155044800	25.8	947190
23684	-152625600	22.1	947190
23684	-149947200	15.9	947190
23684	-147355200	12	947190
23684	-144676800	9.6	947190
23684	-142084800	7.8	947190
23684	-139406400	10.5	947190
23684	-136728000	16.3	947190
23684	-134136000	19.1	947190
23684	-131457600	20.7	947190
23684	-128865600	23.8	947190
23684	-126187200	24.9	947190
23684	-123508800	24	947190
23684	-121089600	20.9	947190
23684	-118411200	17.3	947190
23684	-115819200	11.5	947190
23684	-113140800	9.8	947190
23684	-110548800	7.7	947190
23684	-107870400	9.3	947190
23684	-105192000	12.1	947190
23684	-102600000	15.5	947190
23684	-99921600	19.4	947190
23684	-97329600	23.1	947190
23684	-94651200	25.6	947190
23684	-91972800	25	947190
23684	-89553600	19.3	947190
23684	-86875200	17.7	947190
23684	-84283200	13.1	947190
23684	-81604800	13.6	947190
23684	-79012800	8.9	947190
23684	-76334400	8	947190
23684	-73656000	13	947190
23684	-71064000	19.6	947190
23684	-68385600	21.6	947190
23684	-65793600	22.6	947190
23684	-63115200	24.8	947190
23684	-60436800	26.1	947190
23684	-57931200	22.8	947190
23684	-55252800	18.8	947190
23684	-52660800	11.3	947190
23684	-49982400	9.2	947190
23684	-47390400	8.2	947190
23684	-44712000	9	947190
23684	-42033600	11.5	947190
23684	-39441600	16	947190
23684	-36763200	20.7	947190
23684	-34171200	22.1	947190
23684	-31492800	26.5	947190
23684	-28814400	25.4	947190
23684	-26395200	21.9	947190
23684	-23716800	16.3	947190
23684	-21124800	12.2	947190
23684	-18446400	9.7	947190
23684	-15854400	9.8	947190
23684	-13176000	11	947190
23684	-10497600	9.7	947190
23684	-7905600	16.8	947190
23684	-5227200	18.5	947190
23684	-2635200	21.4	947190
23684	43200	23.2	947190
23684	2721600	24.4	947190
23684	5140800	19.2	947190
23684	7819200	16.5	947190
23684	10411200	10.6	947190
23684	13089600	9.6	947190
23684	15681600	7.2	947190
23684	18360000	8.1	947190
23684	21038400	11	947190
23684	23630400	15.9	947190
23684	26308800	18.8	947190
23684	28900800	22.6	947190
23684	31579200	23.3	947190
23684	34257600	22.8	947190
23684	36676800	22.3	947190
23684	39355200	16.6	947190
23684	41947200	11.9	947190
23684	44625600	8.3	947190
23684	47217600	7.8	947190
23684	49896000	9.4	947190
23684	52574400	13.1	947190
23684	55166400	15.6	947190
23684	57844800	17.8	947190
23684	60436800	23.2	947190
23684	63115200	22.2	947190
23684	65793600	22	947190
23684	68299200	20.3	947190
23684	70977600	16	947190
23684	73569600	13.5	947190
23684	76248000	10.2	947190
23684	78840000	8	947190
23684	81518400	10.8	947190
23684	84196800	15.2	947190
23684	86788800	17.5	947190
23684	89467200	20.6	947190
23684	92059200	25.2	947190
23684	94737600	27.3	947190
23684	97416000	23.4	947190
23684	99835200	21.7	947190
23684	102513600	17.7	947190
23684	105105600	13.3	947190
23684	107784000	10.5	947190
23684	110376000	12	947190
23684	113054400	10	947190
23684	115732800	13.7	947190
23684	118324800	17	947190
23684	121003200	19.7	947190
23684	123595200	23.1	947190
23684	126273600	23.9	947190
23684	128952000	23.4	947190
23684	131371200	22.3	947190
23684	134049600	18.3	947190
23684	136641600	14	947190
23684	139320000	9.3	947190
23684	141912000	8.7	947190
23684	144590400	8.5	947190
23684	147268800	11	947190
23684	149860800	15	947190
23684	152539200	17.8	947190
23684	155131200	22.3	947190
23684	157809600	23.7	947190
23684	160488000	23.3	947190
23684	162907200	20.1	947190
23684	165585600	16.1	947190
23684	168177600	12.9	947190
23684	170856000	10.1	947190
23684	173448000	10.5	947190
23684	176126400	10.1	947190
23684	178804800	13.7	947190
23684	181396800	15.1	947190
23684	184075200	20.6	947190
23684	186667200	24.4	947190
23684	189345600	23	947190
23684	192024000	23.1	947190
23684	194529600	20.4	947190
23684	197208000	16	947190
23684	199800000	12.4	947190
23684	202478400	10	947190
23684	205070400	9	947190
23684	207748800	8.4	947190
23684	210427200	11.2	947190
23684	213019200	14.1	947190
23684	215697600	18.5	947190
23684	218289600	23.1	947190
23684	220968000	24.6	947190
23684	223646400	25.2	947190
23684	226065600	21	947190
23684	228744000	16.4	947190
23684	231336000	12.6	947190
23684	234014400	8.9	947190
23684	236606400	8	947190
23684	239284800	9.9	947190
23684	241963200	12	947190
23684	244555200	17.7	947190
23684	247233600	22.1	947190
23684	249825600	24.5	947190
23684	252504000	24.4	947190
23684	255182400	24.9	947190
23684	257601600	22.1	947190
23684	260280000	16	947190
23684	262872000	13.6	947190
23684	265550400	9.9	947190
23684	268142400	7.9	947190
23684	270820800	8.5	947190
23684	273499200	12.4	947190
23684	276091200	15.3	947190
23684	278769600	18.8	947190
23684	281361600	21.1	947190
23684	284040000	26.7	947190
23684	286718400	25.6	947190
23684	289137600	21.5	947190
23684	291816000	16.4	947190
23684	294408000	11.7	947190
23684	297086400	10.7	947190
23684	299678400	8.1	947190
23684	302356800	8.9	947190
23684	305035200	12.7	947190
23684	307627200	16.3	947190
23684	310305600	21.8	947190
23684	312897600	25.7	947190
23684	315576000	23.9	947190
23684	318254400	24.9	947190
23684	320760000	22.8	947190
23684	323438400	18.6	947190
23684	326030400	14.2	947190
23684	328708800	10.6	947190
23684	331300800	8.6	947190
23684	333979200	9.8	947190
23684	336657600	13.3	947190
23684	339249600	19	947190
23684	341928000	23.1	947190
23684	344520000	24.6	947190
23684	347198400	28.5	947190
23684	349876800	26.3	947190
23684	352296000	21.7	947190
23684	354974400	18.5	947190
23684	357566400	13.4	947190
23684	360244800	9.6	947190
23684	362836800	9.3	947190
23684	365515200	8.9	947190
23684	368193600	14.2	947190
23684	370785600	17.3	947190
23685	928238400	9.2	947200
23685	930830400	8.8	947200
23685	933508800	9.5	947200
23685	936187200	13.1	947200
23685	938779200	15.9	947200
23685	941457600	16	947200
23685	944049600	20.3	947200
23685	946728000	20.9	947200
23685	949406400	24.1	947200
23685	951912000	22	947200
23685	954590400	15.9	947200
23685	957182400	11.2	947200
23685	959860800	8.2	947200
23685	962452800	7.4	947200
23685	965131200	9	947200
23685	967809600	12.4	947200
23685	970401600	14	947200
23685	973080000	19.3	947200
23685	975672000	22.2	947200
23685	978350400	26	947200
23685	981028800	25	947200
23685	983448000	19.9	947200
23685	986126400	16.5	947200
23685	988718400	11	947200
23685	991396800	9	947200
23685	993988800	8.5	947200
23685	996667200	8.9	947200
23685	999345600	13	947200
23685	1001937600	13.9	947200
23685	1004616000	18.2	947200
23685	1007208000	21.2	947200
23685	1009886400	23.6	947200
23685	1012564800	21.9	947200
23685	1014984000	20	947200
23685	1017662400	17.5	947200
23685	1020254400	11.6	947200
23685	1022932800	8.7	947200
23685	1025524800	7.3	947200
23685	1028203200	9.8	947200
23685	1030881600	12.9	947200
23685	1033473600	16.3	947200
23685	1036152000	22.7	947200
23685	1038744000	23.5	947200
23685	1041422400	26.2	947200
23685	1044100800	25.3	947200
23685	1046520000	19.2	947200
23685	1049198400	16.1	947200
23685	1051790400	12.9	947200
23685	1054468800	10.5	947200
23685	1057060800	8.7	947200
23685	1059739200	8.9	947200
23685	1062417600	11.3	947200
23685	1065009600	13.2	947200
23685	1067688000	19.2	947200
23685	1070280000	24	947200
23685	1072958400	25	947200
23685	1075636800	26.3	947200
23685	1078142400	20.9	947200
23685	1080820800	17.6	947200
23685	1083412800	10.8	947200
23685	1086091200	9.5	947200
23685	1088683200	8	947200
23685	1091361600	9.8	947200
23685	1094040000	11.8	947200
23685	1096632000	15	947200
23685	1099310400	18.8	947200
23685	1101902400	22.2	947200
23685	1104580800	24.3	947200
23685	1107259200	22.7	947200
23685	1109678400	19.4	947200
23685	1112356800	19	947200
23685	1114948800	12.2	947200
23685	1117627200	10.6	947200
23685	1120219200	9.3	947200
23685	1122897600	9.5	947200
23685	1125576000	12.2	947200
23685	1128168000	15.8	947200
23685	1130846400	19.1	947200
23685	1133438400	22.5	947200
23685	1136116800	27	947200
23685	1138795200	24.9	947200
23685	1141214400	21.9	947200
23685	1143892800	14.2	947200
23685	1146484800	10.2	947200
23685	1149163200	7.5	947200
23685	1151755200	9.1	947200
23685	1154433600	9.2	947200
23685	1157112000	13.4	947200
23685	1159704000	17.4	947200
23685	1162382400	20.9	947200
23685	1164974400	23.3	947200
23685	1167652800	25.5	947200
23685	1170331200	25.7	947200
23685	1172750400	22.3	947200
23685	1175428800	17.4	947200
23685	1178020800	14.2	947200
23685	1180699200	8.2	947200
23685	1183291200	7.6	947200
23685	1185969600	10.7	947200
23685	1188648000	12	947200
23685	1191240000	17.4	947200
23685	1193918400	21.5	947200
23685	1196510400	22.3	947200
23685	1199188800	25.4	947200
23685	1201867200	21.6	947200
23685	1204372800	21.2	947200
23685	1207051200	15.2	947200
23685	1209643200	12.3	947200
23685	1212321600	11.2	947200
23685	1214913600	8.3	947200
23685	1217592000	8.3	947200
23685	1220270400	12.8	947200
23685	1222862400	16.7	947200
23685	1225540800	19.3	947200
23685	1228132800	21.5	947200
23685	1230811200	25.8	947200
23685	1233489600	25.4	947200
23685	1235908800	21.2	947200
23685	1238587200	16.4	947200
23685	1241179200	12.2	947200
23685	1243857600	10.1	947200
23685	1246449600	8.4	947200
23685	1249128000	10	947200
23685	1251806400	12.8	947200
23685	1254398400	15.5	947200
23685	1257076800	24.2	947200
23685	1259668800	23.7	947200
23685	1262347200	26.8	947200
23685	1265025600	24.1	947200
23685	1267444800	20.4	947200
23685	1270123200	16.6	947200
23685	1272715200	12.1	947200
23685	1275393600	9.2	947200
23685	1277985600	8.7	947200
23685	1280664000	8.7	947200
23685	1283342400	11.7	947200
23685	1285934400	15.4	947200
23685	1288612800	18.8	947200
23685	1291204800	21	947200
23685	1293883200	25.1	947200
23685	1296561600	23.5	947200
23685	1298980800	19.6	947200
23685	1301659200	14.8	947200
23685	1304251200	10.4	947200
23685	1306929600	9.2	947200
23686	-15854400	9.3	947230
23686	-13176000	11.1	947230
23686	-10497600	9.8	947230
23686	-7905600	16.8	947230
23686	-5227200	18.2	947230
23686	-2635200	21.2	947230
23687	307627200	16.1	947280
23687	310305600	20.6	947280
23687	312897600	24.8	947280
23687	315576000	23.7	947280
23687	318254400	24.6	947280
23687	320760000	22.4	947280
23687	323438400	17.2	947280
23687	326030400	13.5	947280
23687	328708800	9.7	947280
23687	331300800	8.2	947280
23687	333979200	10	947280
23687	336657600	13.4	947280
23687	339249600	18.4	947280
23687	341928000	21.8	947280
23687	344520000	23.2	947280
23687	347198400	27.5	947280
23687	349876800	25.9	947280
23687	352296000	21.1	947280
23687	354974400	18.1	947280
23687	357566400	12.8	947280
23687	360244800	9.2	947280
23687	362836800	8.5	947280
23687	365515200	8.8	947280
23687	368193600	14	947280
23687	370785600	16.4	947280
23687	373464000	17.9	947280
23687	376056000	23.7	947280
23687	378734400	25.6	947280
23687	381412800	25.5	947280
23687	383832000	21.2	947280
23687	386510400	16.6	947280
23687	389102400	12.1	947280
23687	391780800	7.8	947280
23687	394372800	6.6	947280
23687	397051200	10.5	947280
23687	399729600	12.4	947280
23687	402321600	16.4	947280
23687	4.05e+08	22.1	947280
23687	407592000	24.3	947280
23687	410270400	23.8	947280
23687	412948800	25.7	947280
23687	415368000	23	947280
23687	418046400	15.6	947280
23687	420638400	13.7	947280
23687	423316800	9.2	947280
23687	425908800	8.1	947280
23687	428587200	9.6	947280
23687	431265600	13.8	947280
23687	433857600	16.5	947280
23687	436536000	17.7	947280
23687	439128000	21.9	947280
23687	441806400	21.5	947280
23687	444484800	22.6	947280
23687	446990400	19.5	947280
23687	449668800	15.8	947280
23687	452260800	11.7	947280
23687	454939200	9.5	947280
23687	457531200	7.7	947280
23687	460209600	9.5	947280
23687	462888000	10.7	947280
23687	465480000	16.3	947280
23687	468158400	20.4	947280
23687	470750400	21.8	947280
23687	473428800	24.8	947280
23687	476107200	23.7	947280
23687	478526400	21.6	947280
23687	481204800	16.1	947280
23687	483796800	13	947280
23687	486475200	8	947280
23687	489067200	8.7	947280
23687	491745600	9.4	947280
23687	494424000	12	947280
23687	497016000	16.1	947280
23687	499694400	19.5	947280
23687	502286400	21.6	947280
23687	504964800	22.5	947280
23687	507643200	24.1	947280
23687	510062400	22.6	947280
23687	512740800	17.1	947280
23687	515332800	13.5	947280
23687	518011200	7.9	947280
23687	520603200	8.1	947280
23687	523281600	8.9	947280
23687	525960000	12.7	947280
23687	528552000	14.7	947280
23687	531230400	19	947280
23687	533822400	21.2	947280
23687	536500800	24.7	947280
23687	539179200	25	947280
23687	541598400	19.4	947280
23687	544276800	16.7	947280
23687	546868800	12.1	947280
23687	549547200	9.9	947280
23687	552139200	7.4	947280
23687	554817600	11	947280
23687	557496000	12.6	947280
23687	560088000	15.7	947280
23687	562766400	19.3	947280
23687	565358400	23.1	947280
23687	568036800	24.8	947280
23687	570715200	21.4	947280
23687	573220800	19.8	947280
23687	575899200	17.1	947280
23687	578491200	13	947280
23687	581169600	9.3	947280
23687	583761600	9.4	947280
23687	586440000	10.4	947280
23687	589118400	13.7	947280
23687	591710400	18.2	947280
23687	594388800	19.7	947280
23687	596980800	24.3	947280
23687	599659200	23	947280
23687	602337600	23.2	947280
23687	604756800	21.8	947280
23687	607435200	17.8	947280
23687	610027200	14.2	947280
23687	612705600	9.4	947280
23687	615297600	7.7	947280
23687	617976000	7.9	947280
23687	620654400	12	947280
23687	623246400	16.6	947280
23687	625924800	19.2	947280
23687	628516800	22.4	947280
23687	631195200	25.4	947280
23687	633873600	23.5	947280
23687	636292800	21.4	947280
23687	638971200	17	947280
23687	641563200	12.9	947280
23687	644241600	8.6	947280
23687	646833600	8.8	947280
23687	649512000	9.1	947280
23687	652190400	12.2	947280
23687	654782400	15.9	947280
23687	657460800	20.4	947280
23687	660052800	25.1	947280
23687	662731200	24.7	947280
23687	665409600	25	947280
23687	667828800	20.6	947280
23687	670507200	15.9	947280
23687	673099200	13.1	947280
23687	675777600	11.6	947280
23687	678369600	7.9	947280
23687	681048000	8.9	947280
23687	683726400	12.5	947280
23687	686318400	18	947280
23688	-1627905600	5.8	947300
23688	-1625313600	4.7	947300
23689	-252417600	21	947310
23689	-249739200	22.1	947310
23689	-247320000	20.7	947310
23689	-244641600	15.8	947310
23689	-242049600	10.9	947310
23689	-239371200	9.4	947310
23689	-236779200	8.6	947310
23689	-234100800	8.8	947310
23689	-231422400	11.4	947310
23689	-228830400	13.7	947310
23689	-226152000	18.8	947310
23689	-223560000	19.5	947310
23690	-34171200	25.6	947340
23690	-31492800	28.9	947340
23690	-28814400	27.9	947340
23690	-26395200	25.5	947340
23690	-23716800	19.9	947340
23690	-21124800	15.5	947340
23690	-18446400	12.4	947340
23690	-15854400	12.8	947340
23690	-13176000	14.5	947340
23690	-10497600	13.2	947340
23690	-7905600	20.6	947340
23690	-5227200	21.5	947340
23690	-2635200	25.4	947340
23691	336657600	10.1	947350
23691	339249600	13.5	947350
23691	341928000	16.4	947350
23691	344520000	18.9	947350
23691	347198400	21.3	947350
23691	349876800	19.7	947350
23758	-710164800	10.9	955120
23758	-707486400	11.2	955120
23758	-704808000	14.2	955120
23758	-702216000	18.3	955120
23758	-699537600	21.2	955120
23758	-696945600	25	955120
23758	-694267200	25.9	955120
23758	-691588800	28.9	955120
23758	-689083200	23.9	955120
23758	-686404800	19.6	955120
23758	-683812800	13.5	955120
23758	-681134400	11.1	955120
23758	-678542400	9.1	955120
23758	-675864000	12.2	955120
23758	-673185600	16.1	955120
23758	-670593600	19.8	955120
23758	-667915200	23.7	955120
23758	-665323200	28.6	955120
23758	-662644800	27.1	955120
23758	-659966400	27	955120
23758	-657547200	23.8	955120
23758	-654868800	18.1	955120
23758	-652276800	14.6	955120
23758	-649598400	9.2	955120
23758	-647006400	10.8	955120
23758	-644328000	12.7	955120
23758	-641649600	16.2	955120
23758	-639057600	20.5	955120
23758	-636379200	23	955120
23758	-633787200	28.4	955120
23758	-631108800	28	955120
23758	-628430400	25.6	955120
23758	-626011200	23.6	955120
23758	-623332800	19.3	955120
23758	-620740800	15.2	955120
23758	-618062400	11.6	955120
23758	-615470400	11.7	955120
23758	-612792000	13.1	955120
23758	-610113600	16.8	955120
23758	-607521600	18.2	955120
23758	-604843200	21.5	955120
23758	-602251200	27.5	955120
23758	-599572800	27.2	955120
23758	-596894400	28	955120
23758	-594475200	26.8	955120
23758	-591796800	18.3	955120
23758	-589204800	15.3	955120
23758	-586526400	12.7	955120
23758	-583934400	11.6	955120
23758	-581256000	12.2	955120
23758	-578577600	18.6	955120
23773	-1443787200	12.5	957070
23773	-1441195200	10.7	957070
23773	-1438516800	7.2	957070
23773	-1435924800	7.2	957070
23773	-1433246400	9.7	957070
23773	-1430568000	12.6	957070
23773	-1427976000	14.9	957070
23773	-1425297600	18.9	957070
23773	-1422705600	20	957070
23773	-1420027200	21.6	957070
23773	-1417348800	21.7	957070
23773	-1414929600	18.8	957070
23773	-1412251200	16.2	957070
23773	-1409659200	11.1	957070
23773	-1406980800	8.9	957070
23773	-1404388800	6.3	957070
23773	-1401710400	7.8	957070
23773	-1399032000	10.4	957070
23773	-1396440000	16.1	957070
23773	-1393761600	20.7	957070
23773	-1391169600	22.8	957070
23773	-1388491200	21.4	957070
23773	-1385812800	24	957070
23773	-1383393600	20.2	957070
23773	-1380715200	14.8	957070
23773	-1378123200	8.9	957070
23773	-1375444800	7.3	957070
23773	-1372852800	7.4	957070
23773	-1370174400	8	957070
23773	-1367496000	12.4	957070
23773	-1364904000	16.2	957070
23773	-1362225600	20.4	957070
23773	-1359633600	21.6	957070
23773	-1356955200	26.1	957070
23773	-1354276800	23.8	957070
23773	-1351857600	21.1	957070
23773	-1349179200	16.9	957070
23773	-1346587200	11.4	957070
23773	-1343908800	9.1	957070
23773	-1341316800	7.6	957070
23773	-1338638400	8.7	957070
23773	-1335960000	13.4	957070
23773	-1333368000	18	957070
23773	-1330689600	22.3	957070
23773	-1328097600	23.3	957070
23773	-1325419200	22.9	957070
23773	-1322740800	23.7	957070
23773	-1320235200	21.7	957070
23773	-1317556800	17.1	957070
23773	-1314964800	10.8	957070
23773	-1312286400	8	957070
23773	-1309694400	7.8	957070
23773	-1307016000	10.4	957070
23773	-1304337600	12.5	957070
23773	-1301745600	14.9	957070
23773	-1299067200	21	957070
23773	-1296475200	24.2	957070
23773	-1293796800	24.5	957070
23773	-1291118400	24.5	957070
23773	-1288699200	20.9	957070
23773	-1286020800	15.4	957070
23773	-1283428800	11.9	957070
23773	-1280750400	8.8	957070
23773	-1278158400	6.4	957070
23774	-2635200	16.7	957230
23774	43200	18.8	957230
23774	2721600	20.4	957230
23774	5140800	16.1	957230
23774	7819200	13.4	957230
23775	139320000	10.3	957270
23775	141912000	9.6	957270
23775	144590400	9.2	957270
23775	147268800	11.6	957270
23775	149860800	15.7	957270
23775	152539200	17.8	957270
23801	-157723200	21.7	959956
23801	-155044800	23.6	959956
23801	-152625600	21.2	959956
23801	-149947200	14	959956
23801	-147355200	10.4	959956
23801	-144676800	7.7	959956
23801	-142084800	6.7	959956
23801	-139406400	9.2	959956
23801	-136728000	14.1	959956
23801	-134136000	17.7	959956
23801	-131457600	18.1	959956
23801	-128865600	21.2	959956
23801	-126187200	25.8	959956
23801	-123508800	23	959956
23801	-121089600	19.8	959956
23801	-118411200	16.1	959956
23801	-115819200	10.3	959956
23801	-113140800	7.4	959956
23801	-110548800	6	959956
23801	-107870400	8.5	959956
23801	-105192000	11	959956
23801	-102600000	14	959956
23801	-99921600	18.1	959956
23801	-97329600	20.8	959956
23801	-94651200	23	959956
23801	-91972800	23.2	959956
23801	-89553600	19.3	959956
23801	-86875200	17.1	959956
23801	-84283200	12.2	959956
23801	-81604800	11.3	959956
23801	-79012800	7.4	959956
23801	-76334400	8.4	959956
23801	-73656000	11.8	959956
23801	-71064000	17.8	959956
23801	-68385600	20	959956
23801	-65793600	21.1	959956
23801	-63115200	24.4	959956
23801	-60436800	25.7	959956
23808	262872000	15.4	959965
23808	265550400	10.7	959965
23808	268142400	9	959965
23808	270820800	9.9	959965
23808	273499200	13.6	959965
23808	276091200	17	959965
23808	278769600	19.7	959965
23808	281361600	21.7	959965
23808	284040000	28.9	959965
23808	286718400	27.4	959965
23808	289137600	23.3	959965
23808	291816000	17.4	959965
23808	294408000	13.3	959965
23808	297086400	12.1	959965
23808	299678400	10.2	959965
23808	302356800	11	959965
23808	305035200	13.6	959965
23808	307627200	17.7	959965
23808	310305600	23.1	959965
23808	312897600	26.3	959965
23808	315576000	24.8	959965
23808	318254400	25.9	959965
23808	320760000	23.7	959965
23808	323438400	19.4	959965
23808	326030400	15.4	959965
23808	328708800	10.6	959965
23808	331300800	9.4	959965
23808	333979200	11.8	959965
23808	336657600	15.2	959965
23808	339249600	20	959965
23808	341928000	23.8	959965
23808	344520000	25.9	959965
23808	347198400	29.9	959965
23808	349876800	27.5	959965
23808	352296000	22.7	959965
23808	354974400	19.5	959965
23808	357566400	14.9	959965
23808	360244800	10.5	959965
23808	362836800	9.7	959965
23808	365515200	10.1	959965
23808	368193600	15.5	959965
23808	370785600	20.2	959965
23808	373464000	19.3	959965
23808	376056000	24.6	959965
23808	378734400	27.5	959965
23808	381412800	26.9	959965
23808	383832000	22.5	959965
23808	386510400	18.3	959965
23808	389102400	13.4	959965
23808	391780800	9.2	959965
23808	394372800	9	959965
23808	397051200	14.6	959965
23808	399729600	14.3	959965
23808	402321600	18.1	959965
23808	4.05e+08	24.2	959965
23808	407592000	26.1	959965
23808	410270400	25.7	959965
23808	412948800	28.7	959965
23808	415368000	25.4	959965
23808	418046400	16.8	959965
23808	420638400	15.2	959965
23808	423316800	10.6	959965
23808	425908800	9.4	959965
23808	428587200	11.6	959965
23808	431265600	15.1	959965
23808	433857600	18.5	959965
23808	436536000	19.4	959965
23808	439128000	23.8	959965
23808	441806400	22.8	959965
23808	444484800	24.4	959965
23808	446990400	20.8	959965
23808	449668800	17.7	959965
23808	452260800	14.4	959965
23808	454939200	12.1	959965
23808	457531200	9.4	959965
23808	460209600	11.4	959965
23808	462888000	12.2	959965
23808	465480000	17.7	959965
23808	468158400	21.8	959965
23808	470750400	23.2	959965
23808	473428800	26.3	959965
23808	476107200	25.7	959965
23808	478526400	24.2	959965
23808	481204800	18.7	959965
23808	483796800	15.4	959965
23808	486475200	9.8	959965
23808	489067200	10.2	959965
23808	491745600	11.6	959965
23808	494424000	13.5	959965
23808	497016000	18.2	959965
25703	-2577182400	15.1	947030
25703	-2574504000	12.8	947030
25703	-2571912000	10.5	947030
25703	-2569233600	11.8	947030
25703	-2566555200	17.7	947030
25703	-2563963200	21.6	947030
25703	-2561284800	28.2	947030
25703	-2558692800	29.3	947030
25703	-2556014400	29.4	947030
25703	-2553336000	30.3	947030
25703	-2550916800	27.5	947030
25703	-2548238400	20.6	947030
25703	-2545646400	17.6	947030
25703	-2542968000	11.6	947030
25703	-2540376000	10.4	947030
25703	-2537697600	11.9	947030
25703	-2535019200	16.2	947030
25703	-2532427200	21.4	947030
25703	-2529748800	25	947030
25703	-2527156800	28.9	947030
25703	-2524478400	28.4	947030
25703	-2521800000	26	947030
25703	-2519380800	24.9	947030
25703	-2516702400	19.7	947030
25703	-2514110400	17.9	947030
25703	-2511432000	13.4	947030
25703	-2508840000	10.2	947030
25703	-2506161600	10.8	947030
25703	-2503483200	16.6	947030
25703	-2500891200	20.9	947030
25703	-2498212800	23.4	947030
25703	-2495620800	24.5	947030
25703	-2492942400	26.8	947030
25703	-2490264000	27.1	947030
25703	-2487844800	24.8	947030
25703	-2485166400	19.2	947030
25703	-2482574400	14.8	947030
25703	-2479896000	11.5	947030
25703	-2477304000	10	947030
25703	-2474625600	10.7	947030
25703	-2471947200	14.6	947030
25703	-2469355200	19.4	947030
25703	-2466676800	26.1	947030
25703	-2464084800	27.6	947030
25703	-2461406400	29.2	947030
25704	-1375444800	9.4	947070
25704	-1372852800	10.8	947070
25704	-1370174400	12.4	947070
25704	-1367496000	16.6	947070
25704	-1364904000	17.5	947070
25704	-1362225600	21.5	947070
25704	-1359633600	23.5	947070
25704	-1356955200	27	947070
25704	-1354276800	25.4	947070
25704	-1351857600	21.8	947070
25704	-1349179200	17	947070
25704	-1346587200	12.4	947070
25704	-1343908800	8.5	947070
25704	-1341316800	8	947070
25704	-1338638400	9.9	947070
25704	-1335960000	13.6	947070
25704	-1333368000	18.9	947070
25704	-1330689600	23.2	947070
25704	-1328097600	24.4	947070
25704	-1325419200	25	947070
25704	-1322740800	24.9	947070
25704	-1320235200	23	947070
25704	-1317556800	17.6	947070
25704	-1314964800	12.7	947070
25704	-1312286400	9.7	947070
25704	-1309694400	9.5	947070
25704	-1307016000	11.7	947070
25704	-1304337600	16.1	947070
25704	-1301745600	17.5	947070
25704	-1299067200	23.5	947070
25704	-1296475200	26.6	947070
25704	-1293796800	28.3	947070
25704	-1291118400	26.1	947070
25704	-1288699200	22.3	947070
25704	-1286020800	17.3	947070
25704	-1283428800	12.7	947070
25704	-1280750400	8.3	947070
25704	-1278158400	6.5	947070
25704	-1275480000	10.1	947070
25704	-1272801600	14.3	947070
25704	-1270209600	18.4	947070
25704	-1267531200	21.1	947070
25704	-1264939200	24.2	947070
25704	-1262260800	26.1	947070
25704	-1259582400	28	947070
25704	-1257163200	22	947070
25704	-1254484800	17.2	947070
25704	-1251892800	14	947070
25704	-1249214400	11.2	947070
25704	-1246622400	10.5	947070
25704	-1243944000	12.2	947070
25704	-1241265600	12.2	947070
25704	-1238673600	16.2	947070
25704	-1235995200	22.8	947070
25704	-1233403200	23.5	947070
25704	-1230724800	23.4	947070
25704	-1228046400	25.6	947070
25704	-1225627200	21.6	947070
25704	-1222948800	15.1	947070
25704	-1220356800	13.3	947070
25704	-1217678400	10.1	947070
25704	-1215086400	9.4	947070
25704	-1212408000	11	947070
25704	-1209729600	13.7	947070
25704	-1207137600	18.5	947070
25704	-1204459200	21.7	947070
25704	-1201867200	24.8	947070
25704	-1199188800	30.4	947070
25704	-1196510400	24.6	947070
25704	-1194004800	21.7	947070
25704	-1191326400	17	947070
25704	-1188734400	13.6	947070
25704	-1186056000	9.1	947070
25704	-1183464000	9.4	947070
25704	-1180785600	12.1	947070
25704	-1178107200	14.6	947070
25704	-1175515200	16.2	947070
25704	-1172836800	22.7	947070
25704	-1170244800	24.5	947070
25704	-1167566400	25.7	947070
25704	-1164888000	24.8	947070
25704	-1162468800	23.5	947070
25704	-1159790400	17.9	947070
25704	-1157198400	13.4	947070
25704	-1154520000	11	947070
25704	-1151928000	10.9	947070
25704	-1149249600	9.9	947070
25704	-1146571200	14.6	947070
25704	-1143979200	19.1	947070
25704	-1141300800	22.1	947070
25704	-1138708800	23.3	947070
25704	-1136030400	27.3	947070
25704	-1133352000	25.2	947070
25704	-1130932800	24	947070
25704	-1128254400	17.4	947070
25704	-1125662400	13.9	947070
25704	-1122984000	9.1	947070
25704	-1120392000	10.2	947070
25704	-1117713600	11	947070
25704	-1115035200	15.4	947070
25704	-1112443200	17.6	947070
25704	-1109764800	23.1	947070
25704	-1107172800	24.6	947070
25704	-1104494400	26.5	947070
25704	-1101816000	24.6	947070
25704	-1099396800	22.3	947070
25704	-1096718400	17	947070
25704	-1094126400	12.4	947070
25704	-1091448000	9.8	947070
25704	-1088856000	10	947070
25704	-1086177600	12.6	947070
25704	-1083499200	14.6	947070
25704	-1080907200	19.5	947070
25704	-1078228800	22.5	947070
25704	-1075636800	24.6	947070
25704	-1072958400	25.3	947070
25704	-1070280000	23.7	947070
25704	-1067774400	20.9	947070
25704	-1065096000	16.9	947070
25704	-1062504000	13.5	947070
25704	-1059825600	8.6	947070
25704	-1057233600	10	947070
25704	-1054555200	12.6	947070
25704	-1051876800	13.3	947070
25704	-1049284800	19	947070
25704	-1046606400	22.6	947070
25704	-1044014400	24.3	947070
25704	-1041336000	24.9	947070
25704	-1038657600	25.3	947070
25704	-1036238400	22.1	947070
25704	-1033560000	16.2	947070
25704	-1030968000	13.2	947070
25704	-1028289600	9.8	947070
25704	-1025697600	9.1	947070
25704	-1023019200	13.7	947070
25704	-1020340800	16.3	947070
25704	-1017748800	20.9	947070
25704	-1015070400	23.8	947070
25704	-1012478400	27.1	947070
25704	-1009800000	26.8	947070
25704	-1007121600	25	947070
25704	-1004702400	25	947070
25704	-1002024000	18.9	947070
25704	-999432000	15.5	947070
25704	-996753600	10.6	947070
25704	-994161600	9	947070
25704	-991483200	11.2	947070
25704	-988804800	15.4	947070
25704	-986212800	20.1	947070
25704	-983534400	25.3	947070
25704	-980942400	26.6	947070
25704	-978264000	31.3	947070
25704	-975585600	28.5	947070
25704	-973166400	21.9	947070
25704	-970488000	17	947070
25704	-967896000	14.9	947070
25704	-965217600	10.5	947070
25704	-962625600	7.2	947070
25704	-959947200	10.4	947070
25704	-957268800	14.1	947070
25704	-954676800	17.4	947070
25704	-951998400	21.2	947070
25704	-949406400	24.2	947070
25704	-946728000	28	947070
25704	-944049600	26.4	947070
25704	-941544000	26.3	947070
25704	-938865600	18.3	947070
25704	-936273600	13.1	947070
25704	-933595200	10.2	947070
25704	-931003200	10.4	947070
25704	-928324800	11.8	947070
25704	-925646400	15.5	947070
25704	-923054400	20.7	947070
25704	-920376000	22.3	947070
25704	-917784000	27	947070
25704	-915105600	23.8	947070
25704	-912427200	24.3	947070
25704	-910008000	21	947070
25704	-907329600	20.1	947070
25704	-904737600	13.6	947070
25704	-902059200	10.8	947070
25704	-899467200	10.4	947070
25704	-896788800	11.2	947070
25704	-894110400	15.5	947070
25704	-891518400	18.2	947070
25704	-888840000	24.1	947070
25704	-886248000	25.5	947070
25704	-883569600	28.4	947070
25704	-880891200	24.9	947070
25704	-878472000	23.4	947070
25704	-875793600	19.2	947070
25704	-873201600	15.9	947070
25704	-870523200	11.9	947070
25704	-867931200	9.7	947070
25704	-865252800	11.9	947070
25704	-862574400	14.8	947070
25704	-859982400	18.5	947070
25704	-857304000	22.9	947070
25704	-854712000	25.8	947070
25704	-852033600	25.6	947070
25704	-849355200	26.7	947070
25704	-846936000	25.6	947070
25704	-844257600	17.3	947070
25704	-841665600	13.2	947070
25704	-838987200	10.2	947070
25704	-836395200	9.8	947070
25704	-833716800	9.7	947070
25704	-831038400	13.8	947070
25704	-828446400	19.2	947070
25704	-825768000	21.2	947070
25704	-823176000	25.5	947070
25704	-820497600	27.4	947070
25704	-817819200	25	947070
25704	-815313600	22.5	947070
25704	-812635200	16	947070
25704	-810043200	12.9	947070
25704	-807364800	10	947070
25704	-804772800	10.2	947070
25704	-802094400	11.6	947070
25704	-799416000	16.7	947070
25704	-796824000	20.1	947070
25704	-794145600	25.7	947070
25704	-791553600	26.1	947070
25704	-788875200	27.4	947070
25704	-786196800	25.7	947070
25704	-783777600	21.6	947070
25705	449668800	18.9	947080
25705	452260800	14.6	947080
25705	454939200	12.4	947080
25705	457531200	9.7	947080
25705	460209600	12	947080
25705	462888000	13.1	947080
25705	465480000	18.6	947080
25705	468158400	22.8	947080
25705	470750400	24.7	947080
25705	473428800	27	947080
25705	476107200	26.1	947080
25705	478526400	24.6	947080
25705	481204800	18.8	947080
25705	483796800	15.2	947080
25705	486475200	10.1	947080
25705	489067200	10.6	947080
25705	491745600	11.7	947080
25705	494424000	14.6	947080
25705	497016000	18.9	947080
25705	499694400	21.9	947080
25705	502286400	24.5	947080
25705	504964800	25.7	947080
25705	507643200	26.6	947080
25705	510062400	26	947080
25705	512740800	20.2	947080
25705	515332800	15.7	947080
25705	518011200	11.2	947080
25705	520603200	10.3	947080
25705	523281600	11.6	947080
25705	525960000	15.3	947080
25705	528552000	16.8	947080
25705	531230400	21.8	947080
25705	533822400	24	947080
25705	536500800	27.4	947080
25705	539179200	27.5	947080
25705	541598400	21.5	947080
25705	544276800	20.3	947080
25705	546868800	15	947080
25705	549547200	12.9	947080
25705	552139200	10.6	947080
25705	554817600	13	947080
25705	557496000	15.5	947080
25705	560088000	18.7	947080
25705	562766400	23.1	947080
25705	565358400	25.4	947080
25705	568036800	28.9	947080
25705	570715200	25.3	947080
25705	573220800	23.6	947080
25705	575899200	19	947080
25705	578491200	15.8	947080
25705	581169600	11.7	947080
25705	583761600	11.7	947080
25705	586440000	12.6	947080
25705	589118400	16.1	947080
25705	591710400	21	947080
25705	594388800	22.4	947080
25705	596980800	26.6	947080
25705	599659200	25	947080
25705	602337600	26.8	947080
25705	604756800	24.4	947080
25705	607435200	20	947080
25705	610027200	16.5	947080
25705	612705600	11.1	947080
25705	615297600	10.1	947080
25705	617976000	10.4	947080
25705	620654400	14.8	947080
25705	623246400	19.3	947080
25705	625924800	22.6	947080
25705	628516800	25.9	947080
25705	631195200	28.1	947080
25705	633873600	26	947080
25705	636292800	24.7	947080
25706	-297172800	9.1	947090
25706	-294494400	12.6	947090
25707	-854712000	24.9	947110
25707	-852033600	25.8	947110
25707	-849355200	26.7	947110
25707	-846936000	25.8	947110
25707	-844257600	16.3	947110
25707	-841665600	13.2	947110
25707	-838987200	9.4	947110
25707	-836395200	9.1	947110
25707	-833716800	9.9	947110
25707	-831038400	14.7	947110
25707	-828446400	19.9	947110
25707	-825768000	21.1	947110
25707	-823176000	25.7	947110
25707	-820497600	28.3	947110
25707	-817819200	26	947110
25707	-815313600	23.4	947110
25707	-812635200	16.7	947110
25707	-810043200	12.3	947110
25707	-807364800	10.3	947110
25707	-804772800	10.1	947110
25707	-802094400	11.7	947110
25707	-799416000	16.8	947110
25707	-796824000	20	947110
25707	-794145600	25.5	947110
25707	-791553600	25.9	947110
25707	-788875200	27.7	947110
25707	-786196800	25.6	947110
25707	-783777600	21.9	947110
25707	-781099200	18.4	947110
25707	-778507200	14.3	947110
25707	-775828800	12.6	947110
25707	-773236800	8.9	947110
25707	-770558400	11.6	947110
25707	-767880000	14.8	947110
25707	-765288000	17.9	947110
25707	-762609600	22	947110
25707	-760017600	26.8	947110
25707	-757339200	28.7	947110
25707	-754660800	27.2	947110
25707	-752241600	21	947110
25707	-749563200	16.9	947110
25707	-746971200	14.9	947110
25707	-744292800	9.1	947110
25707	-741700800	11.3	947110
25707	-739022400	12.1	947110
25707	-736344000	14.5	947110
25707	-733752000	17.6	947110
25707	-731073600	24.7	947110
25707	-728481600	25.7	947110
25707	-725803200	28.3	947110
25707	-723124800	26	947110
25707	-720705600	22.5	947110
25707	-718027200	17.8	947110
25707	-715435200	15.6	947110
25707	-712756800	11	947110
25707	-710164800	9.7	947110
25707	-707486400	11.1	947110
25707	-704808000	15.2	947110
25707	-702216000	17.8	947110
25707	-699537600	20.4	947110
25707	-696945600	24.1	947110
25707	-694267200	24.7	947110
25707	-691588800	27.6	947110
25707	-689083200	22.2	947110
25707	-686404800	18.8	947110
25707	-683812800	12.6	947110
25707	-681134400	10.1	947110
25707	-678542400	9.1	947110
25707	-675864000	12.2	947110
25707	-673185600	15.5	947110
25707	-670593600	18	947110
25707	-667915200	22.2	947110
25707	-665323200	25.9	947110
25707	-662644800	25.5	947110
25707	-659966400	25.1	947110
25707	-657547200	23.3	947110
25707	-654868800	17.7	947110
25707	-652276800	13	947110
25707	-649598400	8.6	947110
25707	-647006400	10.3	947110
25707	-644328000	12	947110
25707	-641649600	14.4	947110
25707	-639057600	18.4	947110
25707	-636379200	21	947110
25707	-633787200	25.5	947110
25707	-631108800	26.8	947110
25707	-628430400	25.4	947110
25707	-626011200	21.6	947110
25707	-623332800	18.1	947110
25707	-620740800	13.9	947110
25707	-618062400	10.4	947110
25707	-615470400	10.7	947110
25707	-612792000	11.3	947110
25707	-610113600	15.6	947110
25707	-607521600	16.4	947110
25707	-604843200	19.7	947110
25707	-602251200	24.9	947110
25707	-599572800	26.1	947110
25707	-596894400	26.6	947110
25707	-594475200	24.9	947110
25707	-591796800	16.3	947110
25707	-589204800	13.5	947110
25707	-586526400	11.6	947110
25707	-583934400	10.5	947110
25707	-581256000	9.8	947110
25707	-578577600	16.1	947110
25707	-575985600	17.9	947110
25707	-573307200	21.4	947110
25707	-570715200	24.8	947110
25707	-568036800	28.8	947110
25707	-565358400	25.7	947110
25707	-562852800	23.1	947110
25707	-560174400	16.8	947110
25707	-557582400	13.5	947110
25707	-554904000	10.4	947110
25707	-552312000	9	947110
25707	-549633600	11.6	947110
25707	-546955200	14.1	947110
25707	-544363200	17.4	947110
25707	-541684800	19.6	947110
25707	-539092800	25.2	947110
25707	-536414400	26.1	947110
25707	-533736000	24.1	947110
25707	-531316800	24.5	947110
25707	-528638400	19.2	947110
25707	-526046400	13.5	947110
25707	-523368000	11	947110
25707	-520776000	10.4	947110
25707	-518097600	10.3	947110
25707	-515419200	15.1	947110
25707	-512827200	17.5	947110
25707	-510148800	21.5	947110
25707	-507556800	26.5	947110
25707	-504878400	25.7	947110
25707	-502200000	23.5	947110
25707	-499780800	22.3	947110
25707	-497102400	20.1	947110
25707	-494510400	13.7	947110
25707	-491832000	10.7	947110
25707	-489240000	10.8	947110
25707	-486561600	12.9	947110
25707	-483883200	15.1	947110
25707	-481291200	18.6	947110
25707	-478612800	21.4	947110
25707	-476020800	24.7	947110
25707	-473342400	25.8	947110
25707	-470664000	25.4	947110
25707	-468244800	25	947110
25707	-465566400	19.4	947110
25707	-462974400	12.6	947110
25707	-460296000	11.4	947110
25707	-457704000	9.1	947110
25707	-455025600	11.9	947110
25707	-452347200	16.1	947110
25707	-449755200	18.1	947110
25707	-447076800	20.3	947110
25707	-444484800	23.1	947110
25707	-441806400	25.1	947110
25707	-439128000	25.1	947110
25707	-436622400	22	947110
25707	-433944000	17.2	947110
25707	-431352000	12.5	947110
25707	-428673600	9.5	947110
25707	-426081600	9.9	947110
25707	-423403200	10.2	947110
25707	-420724800	13	947110
25707	-418132800	16	947110
25707	-415454400	19.5	947110
25707	-412862400	24.4	947110
25707	-410184000	27.9	947110
25707	-407505600	25.8	947110
25707	-405086400	23.2	947110
25707	-402408000	19.4	947110
25707	-399816000	13.9	947110
25707	-397137600	13.2	947110
25707	-394545600	8.2	947110
25707	-391867200	11.6	947110
25707	-389188800	14.9	947110
25707	-386596800	18.9	947110
25707	-383918400	23	947110
25707	-381326400	28	947110
25707	-378648000	27	947110
25707	-375969600	25.8	947110
25707	-373550400	23.5	947110
25707	-370872000	20.4	947110
25707	-368280000	15.8	947110
25707	-365601600	10.2	947110
25707	-363009600	9.9	947110
25707	-360331200	12.4	947110
25707	-357652800	13.3	947110
25707	-355060800	18	947110
25707	-352382400	23.7	947110
25707	-349790400	25.2	947110
25707	-347112000	26.9	947110
25707	-344433600	26.3	947110
25707	-342014400	23.3	947110
25707	-339336000	18.8	947110
25707	-336744000	13.3	947110
25707	-334065600	11.5	947110
25707	-331473600	9.9	947110
25707	-328795200	13.1	947110
25707	-326116800	15.5	947110
25707	-323524800	17.4	947110
25707	-320846400	25.4	947110
25707	-318254400	24.1	947110
25707	-315576000	28.6	947110
25707	-312897600	26.7	947110
25707	-310392000	23.7	947110
25707	-307713600	19.2	947110
25707	-305121600	12	947110
25707	-302443200	9.2	947110
25707	-299851200	10.6	947110
25707	-297172800	10.2	947110
25707	-294494400	14.7	947110
25707	-291902400	19.1	947110
25707	-289224000	19.6	947110
25707	-286632000	24.6	947110
25707	-283953600	26.5	947110
25707	-281275200	26	947110
25707	-278856000	23.1	947110
25707	-276177600	19.1	947110
25707	-273585600	13.3	947110
25707	-270907200	11.6	947110
25707	-268315200	9.9	947110
25707	-265636800	11.4	947110
25707	-262958400	16.4	947110
25707	-260366400	21	947110
25707	-257688000	22	947110
25707	-255096000	25	947110
25707	-252417600	25.3	947110
25707	-249739200	25.6	947110
25707	-247320000	22.9	947110
25707	-244641600	18.7	947110
25707	-242049600	12.4	947110
25707	-239371200	12.3	947110
25707	-236779200	11.4	947110
25707	-234100800	11.4	947110
25707	-231422400	14.8	947110
25707	-228830400	17.5	947110
25707	-226152000	22.9	947110
25707	-223560000	23	947110
25707	-220881600	23.8	947110
25707	-218203200	26.1	947110
25707	-215784000	23.9	947110
25707	-213105600	18.4	947110
25707	-210513600	14.8	947110
25707	-207835200	10.4	947110
25707	-205243200	9.2	947110
25707	-202564800	11.7	947110
25707	-199886400	14.9	947110
25707	-197294400	18.7	947110
25707	-194616000	21.2	947110
25707	-192024000	25.3	947110
25707	-189345600	26.3	947110
25707	-186667200	25	947110
25707	-184161600	23.8	947110
25707	-181483200	19	947110
25707	-178891200	13.3	947110
25707	-176212800	11.2	947110
25707	-173620800	10.5	947110
25707	-170942400	12.5	947110
25707	-168264000	15.7	947110
25707	-165672000	16	947110
25707	-162993600	22.5	947110
25707	-160401600	23	947110
25707	-157723200	26.1	947110
25707	-155044800	27.9	947110
25707	-152625600	24.1	947110
25707	-149947200	17.6	947110
25707	-147355200	14.2	947110
25707	-144676800	10.9	947110
25707	-142084800	9.8	947110
25707	-139406400	12.7	947110
25707	-136728000	18.6	947110
25707	-134136000	20.9	947110
25707	-131457600	22.3	947110
25707	-128865600	26.7	947110
25707	-126187200	26.9	947110
25707	-123508800	25.9	947110
25707	-121089600	23	947110
25707	-118411200	19.2	947110
25707	-115819200	12.8	947110
25707	-113140800	11.1	947110
25707	-110548800	9.6	947110
25707	-107870400	11.3	947110
25707	-105192000	14.4	947110
25707	-102600000	18	947110
25707	-99921600	21.5	947110
25707	-97329600	24.6	947110
25707	-94651200	27.8	947110
25707	-91972800	27.5	947110
25707	-89553600	21.8	947110
25707	-86875200	20	947110
25707	-84283200	14.5	947110
25707	-81604800	12.9	947110
25707	-79012800	10.6	947110
25707	-76334400	11.2	947110
25707	-73656000	15.5	947110
25707	-71064000	21.2	947110
25707	-68385600	22.7	947110
25707	-65793600	24	947110
25707	-63115200	26.7	947110
25707	-60436800	28.1	947110
25707	-57931200	24.6	947110
25707	-55252800	20.8	947110
25707	-52660800	12.2	947110
25707	-49982400	10.3	947110
25707	-47390400	8.9	947110
25707	-44712000	11.3	947110
25707	-42033600	14.5	947110
25707	-39441600	19.1	947110
25707	-36763200	21.6	947110
25707	-34171200	24.4	947110
25707	-31492800	29	947110
25707	-28814400	27.8	947110
25707	-26395200	22.7	947110
25707	-23716800	18.5	947110
25707	-21124800	13.2	947110
25707	-18446400	10.4	947110
25707	-15854400	11.7	947110
25707	-13176000	13	947110
25707	-10497600	12	947110
25707	-7905600	19.6	947110
25707	-5227200	20.9	947110
25707	-2635200	24.2	947110
25707	43200	25.1	947110
25707	2721600	27.3	947110
25707	5140800	21.4	947110
25707	7819200	19.1	947110
25707	10411200	12.6	947110
25707	13089600	11.9	947110
25707	15681600	10.2	947110
25707	18360000	11	947110
25707	21038400	13	947110
25707	23630400	18.8	947110
25707	26308800	21.1	947110
25707	28900800	25	947110
25707	31579200	26.5	947110
25707	34257600	24.8	947110
25707	36676800	23.9	947110
25707	39355200	19.1	947110
25707	41947200	14	947110
25707	44625600	10.2	947110
25707	47217600	9	947110
25707	49896000	11.3	947110
25707	52574400	15	947110
25707	55166400	18.8	947110
25707	57844800	20	947110
25707	60436800	24.8	947110
25707	63115200	24.5	947110
25707	65793600	24.7	947110
25707	68299200	23.3	947110
25707	70977600	18.7	947110
25707	73569600	14.5	947110
25707	76248000	12	947110
25707	78840000	10.2	947110
25707	81518400	13.3	947110
25707	84196800	17.1	947110
25707	86788800	19.4	947110
25707	89467200	22.9	947110
25707	92059200	27.5	947110
25707	94737600	28.9	947110
25707	97416000	24.8	947110
25707	99835200	23.5	947110
25707	102513600	19.9	947110
25707	105105600	15.2	947110
25707	107784000	11.5	947110
25707	110376000	12.2	947110
25707	113054400	12.2	947110
25707	115732800	15.7	947110
25707	118324800	19.2	947110
25707	121003200	21	947110
25707	123595200	24.8	947110
25707	126273600	24.3	947110
25707	128952000	24.7	947110
25707	131371200	23.6	947110
25707	134049600	18.3	947110
25707	136641600	14.2	947110
25707	139320000	10.8	947110
25707	141912000	10.4	947110
25707	144590400	11.2	947110
25707	147268800	12.7	947110
25707	149860800	17.2	947110
25707	152539200	19.9	947110
25707	155131200	24.9	947110
25707	157809600	26.1	947110
25707	160488000	26.4	947110
25707	162907200	22.6	947110
25707	165585600	18.7	947110
25707	168177600	15.6	947110
25707	170856000	11.4	947110
25707	173448000	12.4	947110
25707	176126400	12.1	947110
25707	178804800	15.9	947110
25707	181396800	16.9	947110
25707	184075200	22.9	947110
25707	186667200	26.1	947110
25707	189345600	24.5	947110
25707	192024000	24.2	947110
25707	194529600	22.7	947110
25707	197208000	17.7	947110
25707	199800000	14.1	947110
25707	202478400	11.3	947110
25707	205070400	10.6	947110
25707	207748800	11	947110
25707	210427200	13.7	947110
25707	213019200	15.7	947110
25707	215697600	20.8	947110
25707	218289600	25.1	947110
25707	220968000	26.8	947110
25707	223646400	27.3	947110
25707	226065600	22.7	947110
25707	228744000	18.6	947110
25707	231336000	13.9	947110
25707	234014400	10	947110
25707	236606400	9.6	947110
25707	239284800	14.1	947110
25707	241963200	14.8	947110
25707	244555200	20.2	947110
25707	247233600	23.5	947110
25707	249825600	26.6	947110
25707	252504000	26.2	947110
25707	255182400	27.7	947110
25707	257601600	23.6	947110
25707	260280000	19	947110
25707	262872000	15.3	947110
25707	265550400	10.9	947110
25707	268142400	9.6	947110
25707	270820800	10.5	947110
25707	273499200	14	947110
25707	276091200	17.9	947110
25707	278769600	20.6	947110
25707	281361600	23.3	947110
25707	284040000	29.9	947110
25707	286718400	27.9	947110
25707	289137600	24.3	947110
25707	291816000	18.2	947110
25707	294408000	13.1	947110
25707	297086400	12.7	947110
25707	299678400	10.3	947110
25707	302356800	12	947110
25707	305035200	14.7	947110
25707	307627200	18.5	947110
25707	310305600	24.1	947110
25707	312897600	27.2	947110
25707	315576000	26.3	947110
25707	318254400	27.1	947110
25707	320760000	24.8	947110
25707	323438400	19.8	947110
25707	326030400	15	947110
25707	328708800	10.5	947110
25707	331300800	10.3	947110
25707	333979200	13.2	947110
25707	336657600	17.4	947110
25707	339249600	21.1	947110
25707	341928000	24.4	947110
25707	344520000	27	947110
25707	347198400	30.5	947110
25707	349876800	28.7	947110
25707	352296000	22.1	947110
25707	354974400	19.9	947110
25707	357566400	14.6	947110
25707	360244800	10.7	947110
25707	362836800	10.4	947110
25707	365515200	10.6	947110
25707	368193600	17.1	947110
25707	370785600	19.6	947110
25707	373464000	20.6	947110
25707	376056000	25.5	947110
25707	378734400	28.2	947110
25707	381412800	28.1	947110
25707	383832000	23.2	947110
25707	386510400	19.1	947110
25707	389102400	14.5	947110
25707	391780800	9.9	947110
25707	394372800	9.5	947110
25707	397051200	15.6	947110
25707	399729600	14.9	947110
25707	402321600	19.1	947110
25707	4.05e+08	25.4	947110
25707	407592000	27.2	947110
25707	410270400	27	947110
25707	412948800	29.5	947110
25707	415368000	25.2	947110
25707	418046400	16.2	947110
25707	420638400	14.7	947110
25707	423316800	10.1	947110
25707	425908800	8.5	947110
25707	428587200	11.5	947110
25707	431265600	16	947110
25707	433857600	19.2	947110
25707	436536000	20.1	947110
25707	439128000	25	947110
25707	441806400	22.9	947110
25707	444484800	24.1	947110
25707	446990400	21	947110
25707	449668800	17.5	947110
25707	452260800	13.8	947110
25707	454939200	11.8	947110
25707	457531200	9.3	947110
25707	460209600	11.8	947110
25707	462888000	12.7	947110
25707	465480000	18.2	947110
25707	468158400	22.4	947110
25707	470750400	24.6	947110
25707	473428800	27.1	947110
25707	476107200	26.1	947110
25707	478526400	24.5	947110
25707	481204800	18.6	947110
25707	483796800	15.3	947110
25707	486475200	10.5	947110
25707	489067200	11.1	947110
25707	491745600	12	947110
25707	494424000	14.1	947110
25707	497016000	18.5	947110
25707	499694400	21.3	947110
25707	502286400	23.5	947110
25707	504964800	26	947110
25707	507643200	26.6	947110
25707	510062400	26.3	947110
25707	512740800	19.9	947110
25707	515332800	15.2	947110
25707	518011200	10.7	947110
25707	520603200	10.1	947110
25707	523281600	11.5	947110
25707	525960000	15	947110
25707	528552000	16.7	947110
25707	531230400	21.8	947110
25707	533822400	23.9	947110
25707	536500800	27	947110
25707	539179200	27.4	947110
25707	541598400	20.7	947110
25707	544276800	19.8	947110
25707	546868800	14.2	947110
25707	549547200	12.2	947110
25707	552139200	10.1	947110
25707	554817600	12.5	947110
25707	557496000	15.7	947110
25707	560088000	18.7	947110
25707	562766400	22.8	947110
25707	565358400	25.9	947110
25707	568036800	28.7	947110
25707	570715200	25.3	947110
25707	573220800	23.2	947110
25707	575899200	18.5	947110
25707	578491200	14.9	947110
25707	581169600	11.2	947110
25707	583761600	11.2	947110
25707	586440000	12.1	947110
25707	589118400	15.7	947110
25707	591710400	21.1	947110
25707	594388800	22	947110
25707	596980800	26.2	947110
25707	599659200	24.8	947110
25707	602337600	26.5	947110
25707	604756800	24	947110
25707	607435200	19.4	947110
25707	610027200	15.4	947110
25707	612705600	10	947110
25707	615297600	9.6	947110
25707	617976000	9.9	947110
25707	620654400	15.3	947110
25707	623246400	18.9	947110
25707	625924800	22.6	947110
25707	628516800	26.2	947110
25707	631195200	28.9	947110
25707	633873600	25.5	947110
25707	636292800	24.6	947110
25707	638971200	18.5	947110
25707	641563200	14.2	947110
25707	644241600	10.4	947110
25707	646833600	10.1	947110
25707	649512000	10.6	947110
25707	652190400	14.6	947110
25707	654782400	18.7	947110
25707	657460800	23.5	947110
25707	660052800	28	947110
25707	662731200	27.9	947110
25707	665409600	29.1	947110
25707	667828800	23.5	947110
25707	670507200	18.4	947110
25707	673099200	14.8	947110
25707	675777600	14.2	947110
25707	678369600	10.5	947110
25707	681048000	12.2	947110
25707	683726400	16.1	947110
25707	686318400	21.3	947110
25707	688996800	22.8	947110
25707	691588800	24.4	947110
25707	694267200	25.5	947110
25707	696945600	24.5	947110
25707	699451200	24.2	947110
25707	702129600	19.5	947110
25707	704721600	14.6	947110
25707	707400000	11	947110
25707	709992000	11.1	947110
25707	712670400	11.3	947110
25707	715348800	13.2	947110
25707	717940800	18.4	947110
25707	720619200	19.6	947110
25707	723211200	22.6	947110
25707	725889600	27.5	947110
25707	728568000	26.5	947110
25707	730987200	22.5	947110
25707	733665600	20.8	947110
25707	736257600	15.1	947110
25707	738936000	10.9	947110
25707	741528000	12.1	947110
25707	744206400	13	947110
25707	746884800	15.1	947110
25707	749476800	17.6	947110
25707	752155200	22.8	947110
25707	754747200	24.3	947110
25707	757425600	27.6	947110
25707	760104000	26.2	947110
25707	762523200	20.9	947110
25707	765201600	18.9	947110
25707	767793600	15	947110
25707	770472000	12.4	947110
25707	773064000	10.9	947110
25707	775742400	11.5	947110
25707	778420800	14.6	947110
25707	781012800	19.2	947110
25707	783691200	22.4	947110
25707	786283200	27.6	947110
25707	788961600	25	947110
25707	791640000	25.2	947110
25707	794059200	22	947110
25707	796737600	16.1	947110
25707	799329600	14.5	947110
25707	802008000	11.9	947110
25707	804600000	9.8	947110
25707	807278400	15.3	947110
25707	809956800	15.9	947110
25707	812548800	19.6	947110
25707	815227200	22.4	947110
25707	817819200	24.6	947110
25707	820497600	27.1	947110
25707	823176000	24.5	947110
25707	825681600	23.4	947110
25707	828360000	17.4	947110
25707	830952000	14.7	947110
25707	833630400	12.9	947110
25707	836222400	10.1	947110
25707	838900800	11.8	947110
25707	841579200	15.2	947110
25707	844171200	19.4	947110
25707	846849600	21.4	947110
25707	849441600	25.7	947110
25707	852120000	25.9	947110
25707	854798400	28.6	947110
25707	857217600	22.7	947110
25707	859896000	19.1	947110
25707	862488000	15	947110
25707	865166400	11.3	947110
25707	867758400	9.5	947110
25707	870436800	11.7	947110
25707	873115200	15.2	947110
25707	875707200	20.1	947110
25707	878385600	25.3	947110
25707	880977600	27.6	947110
25707	883656000	27.3	947110
25707	886334400	26.9	947110
25707	888753600	25.3	947110
25707	891432000	18.5	947110
25707	894024000	14.2	947110
25707	896702400	11.5	947110
25707	899294400	9.3	947110
25707	901972800	12.7	947110
25707	904651200	15.8	947110
25707	907243200	17.4	947110
25707	909921600	20.6	947110
25707	912513600	26.1	947110
25707	915192000	29.3	947110
25707	917870400	25.2	947110
25707	920289600	23.4	947110
25707	922968000	17.3	947110
25707	925560000	16	947110
25707	928238400	11.8	947110
25707	930830400	11.8	947110
25707	933508800	12.9	947110
25707	936187200	17.8	947110
25707	938779200	19.8	947110
25707	941457600	19.4	947110
25707	944049600	22.8	947110
25707	946728000	24.5	947110
25707	949406400	26.4	947110
25707	951912000	23.2	947110
25707	954590400	18.3	947110
25707	957182400	12.9	947110
25707	959860800	10.5	947110
25707	962452800	10.4	947110
25707	965131200	11.1	947110
25707	967809600	17.7	947110
25707	970401600	18.2	947110
25707	973080000	22.3	947110
25707	975672000	26	947110
25707	978350400	30.2	947110
25707	981028800	28.2	947110
25707	983448000	22.3	947110
25707	986126400	19.5	947110
25707	988718400	13.6	947110
25707	991396800	11.9	947110
25707	993988800	10.2	947110
25707	996667200	12	947110
25707	999345600	17.3	947110
25707	1001937600	17.5	947110
25707	1004616000	21.7	947110
25707	1007208000	25.2	947110
25707	1009886400	27.2	947110
25707	1012564800	24.1	947110
25707	1014984000	23.6	947110
25707	1017662400	21.2	947110
25707	1020254400	14.4	947110
25707	1022932800	12	947110
25707	1025524800	11.7	947110
25707	1028203200	13.2	947110
25707	1030881600	16.8	947110
25707	1033473600	20.1	947110
25707	1036152000	26	947110
25707	1038744000	26.5	947110
25707	1041422400	29.5	947110
25707	1044100800	27.5	947110
25707	1046520000	22.5	947110
25707	1049198400	19.3	947110
25707	1051790400	14.9	947110
25707	1054468800	12.4	947110
25707	1057060800	11.2	947110
25707	1059739200	11.7	947110
25707	1062417600	16	947110
25707	1065009600	17.2	947110
25707	1067688000	23.2	947110
25707	1070280000	27.7	947110
25707	1072958400	27.8	947110
25707	1075636800	29.6	947110
25707	1078142400	24.6	947110
25707	1080820800	21	947110
25707	1083412800	13.8	947110
25707	1086091200	12.1	947110
25707	1088683200	10.3	947110
25707	1091361600	12.9	947110
25707	1094040000	15.7	947110
25707	1096632000	20.3	947110
25707	1099310400	22.7	947110
25707	1101902400	25.5	947110
25707	1104580800	28.6	947110
25707	1107259200	26.3	947110
25707	1109678400	23.3	947110
25707	1112356800	23.2	947110
25707	1114948800	15.7	947110
25707	1117627200	13.1	947110
25707	1120219200	11.6	947110
25707	1122897600	12.3	947110
25707	1125576000	15	947110
25707	1128168000	20.4	947110
25707	1130846400	24.3	947110
25707	1133438400	27.8	947110
25707	1136116800	30.8	947110
25707	1138795200	29.3	947110
25707	1141214400	25	947110
25707	1143892800	17.2	947110
25707	1146484800	12.5	947110
25707	1149163200	10.1	947110
25707	1151755200	10.5	947110
25707	1154433600	12.5	947110
25707	1157112000	16.9	947110
25707	1159704000	21.5	947110
25707	1162382400	24.7	947110
25707	1164974400	26.3	947110
25707	1167652800	27.6	947110
25707	1170331200	29	947110
25707	1172750400	25.8	947110
25707	1175428800	20.6	947110
25707	1178020800	17.2	947110
25707	1180699200	8.9	947110
25707	1183291200	10.6	947110
25707	1185969600	14.6	947110
25707	1188648000	17	947110
25707	1191240000	21.6	947110
25707	1193918400	23.3	947110
25707	1196510400	25.2	947110
25707	1199188800	27.8	947110
25707	1201867200	23.3	947110
25707	1204372800	23.6	947110
25707	1207051200	17.3	947110
25707	1209643200	15.1	947110
25707	1212321600	12.7	947110
25707	1214913600	10.6	947110
25707	1217592000	10.5	947110
25707	1220270400	16.9	947110
25707	1222862400	22.2	947110
25707	1225540800	22.5	947110
25707	1228132800	25.9	947110
25707	1230811200	29.3	947110
25707	1233489600	26.9	947110
25707	1235908800	24.7	947110
25707	1238587200	18.9	947110
25707	1241179200	14.8	947110
25707	1243857600	12.1	947110
25707	1246449600	10.9	947110
25707	1249128000	14.1	947110
25707	1251806400	16.6	947110
25707	1254398400	19.2	947110
25707	1257076800	27.5	947110
25707	1259668800	26.4	947110
25707	1262347200	29	947110
25707	1265025600	25.8	947110
25707	1267444800	23.5	947110
25707	1270123200	19.6	947110
25707	1272715200	14.7	947110
25707	1275393600	11.3	947110
25707	1277985600	10.7	947110
25707	1280664000	10.2	947110
25707	1283342400	14.3	947110
25707	1285934400	18	947110
25707	1288612800	21.3	947110
25707	1291204800	23.3	947110
25707	1293883200	28.5	947110
25707	1296561600	27.3	947110
25707	1298980800	23.4	947110
25707	1301659200	18.3	947110
25707	1304251200	12.7	947110
25707	1306929600	11.3	947110
25707	1309521600	10.3	947110
25707	1312200000	14.6	947110
25707	1314878400	17	947110
25707	1317470400	19.6	947110
25707	1320148800	23.7	947110
25707	1322740800	23.5	947110
25707	1325419200	26.2	947110
25707	1328097600	24.4	947110
25707	1330603200	21.9	947110
25707	1333281600	19	947110
25707	1335873600	13.8	947110
25707	1338552000	10.9	947110
25707	1341144000	10.2	947110
25707	1343822400	12.1	947110
25707	1346500800	16.5	947110
25707	1349092800	20.2	947110
25707	1351771200	24.9	947110
25707	1354363200	27	947110
25707	1357041600	30.5	947110
25707	1359720000	27.4	947110
25707	1362139200	23.7	947110
25707	1364817600	19.5	947110
25707	1367409600	15.2	947110
25707	1370088000	11.7	947110
25707	1372680000	12.4	947110
25707	1375358400	13.5	947110
25707	1378036800	19.1	947110
25707	1380628800	20.4	947110
25707	1383307200	22.8	947110
25707	1385899200	26.2	947110
25707	1388577600	29	947110
25707	1391256000	28.4	947110
25707	1393675200	23.4	947110
25707	1396353600	20.1	947110
25707	1398945600	16.5	947110
25707	1401624000	11.9	947110
25707	1404216000	11.1	947110
25707	1406894400	12.4	947110
25707	1409572800	16.2	947110
25707	1412164800	22.4	947110
25707	1414843200	26.1	947110
25707	1417435200	27	947110
25707	1420113600	26.1	947110
25707	1422792000	28.4	947110
25707	1425211200	24.4	947110
25707	1427889600	18.4	947110
25707	1430481600	14.6	947110
25708	-79012800	7.2	947120
25708	-76334400	7.9	947120
25708	-73656000	10.9	947120
25708	-71064000	16.9	947120
25708	-68385600	18.9	947120
25708	-65793600	19.8	947120
25708	-63115200	24.3	947120
25708	-60436800	25	947120
25708	-57931200	21.5	947120
25708	-55252800	16.6	947120
25708	-52660800	10.1	947120
25708	-49982400	7.5	947120
25708	-47390400	6.2	947120
25708	-44712000	8.1	947120
25708	-42033600	9.3	947120
25708	-39441600	13.1	947120
25708	-36763200	16	947120
25708	-34171200	19.3	947120
25709	-2122286400	17.4	947130
25709	-2119608000	23.2	947130
25709	-2117016000	23.6	947130
25709	-2114337600	25.5	947130
25709	-2111659200	24.6	947130
25709	-2109240000	23.4	947130
25709	-2106561600	16.4	947130
25709	-2103969600	11.5	947130
25709	-2101291200	7.6	947130
25709	-2098699200	6.2	947130
25709	-2096020800	6.9	947130
25709	-2093342400	10.4	947130
25709	-2090750400	15.2	947130
25709	-2088072000	20.2	947130
25709	-2085480000	21.7	947130
25709	-2082801600	22.9	947130
25709	-2080123200	21.6	947130
25709	-2077617600	19.3	947130
25709	-2074939200	17.8	947130
25709	-2072347200	13.1	947130
25709	-2069668800	6.7	947130
25709	-2067076800	7.3	947130
25709	-2064398400	7.8	947130
25709	-2061720000	10.1	947130
25709	-2059128000	17	947130
25709	-2056449600	21.2	947130
25709	-2053857600	25	947130
25709	-2051179200	26.6	947130
25709	-2048500800	22.6	947130
25709	-2046081600	21.7	947130
25709	-2043403200	16.6	947130
25709	-2040811200	11.8	947130
25709	-2038132800	8.7	947130
25709	-2035540800	6	947130
25709	-2032862400	7.6	947130
25709	-2030184000	8.4	947130
25709	-2027592000	13	947130
25709	-2024913600	19.7	947130
25709	-2022321600	23.8	947130
25709	-2019643200	26.3	947130
25709	-2016964800	26.5	947130
25709	-2014545600	18.6	947130
25709	-2011867200	16.6	947130
25709	-2009275200	12.2	947130
25709	-2006596800	9.2	947130
25709	-2004004800	6.8	947130
25709	-2001326400	7.9	947130
25709	-1998648000	11.4	947130
25709	-1996056000	15.5	947130
25709	-1993377600	17.3	947130
25709	-1990785600	23.2	947130
25709	-1988107200	23.8	947130
25709	-1985428800	22.8	947130
25709	-1983009600	19.2	947130
25709	-1980331200	14.9	947130
25709	-1977739200	11	947130
25709	-1975060800	9.1	947130
25709	-1972468800	6.5	947130
25709	-1969790400	8.3	947130
25709	-1967112000	12.2	947130
25709	-1964520000	16.1	947130
25709	-1961841600	19.2	947130
25709	-1959249600	23.9	947130
25709	-1956571200	26.1	947130
25709	-1953892800	23	947130
25709	-1951387200	19.9	947130
25709	-1948708800	16.5	947130
25709	-1946116800	11.3	947130
25709	-1943438400	6	947130
25709	-1940846400	6.4	947130
25709	-1938168000	8	947130
25709	-1935489600	10.3	947130
25709	-1932897600	15.7	947130
25709	-1930219200	23.1	947130
25709	-1927627200	24.8	947130
25709	-1924948800	23.9	947130
25709	-1922270400	22.6	947130
25709	-1919851200	21.1	947130
25709	-1917172800	15	947130
25709	-1914580800	11.3	947130
25709	-1911902400	9.2	947130
25709	-1909310400	6.1	947130
25709	-1906632000	8.8	947130
25709	-1903953600	10.9	947130
25709	-1901361600	16.7	947130
25709	-1898683200	21.2	947130
25709	-1896091200	21.3	947130
25709	-1893412800	23.5	947130
25709	-1890734400	24.2	947130
25709	-1888315200	20.4	947130
25709	-1885636800	17.2	947130
25709	-1883044800	11.8	947130
25709	-1880366400	9.3	947130
25709	-1877774400	7.4	947130
25709	-1875096000	9.2	947130
25709	-1872417600	12.8	947130
25709	-1869825600	14.6	947130
25709	-1867147200	19.8	947130
25709	-1864555200	21.9	947130
25709	-1861876800	23.3	947130
25709	-1859198400	22.5	947130
25709	-1856779200	20	947130
25709	-1854100800	15.3	947130
25709	-1851508800	13.3	947130
25709	-1848830400	7.2	947130
25709	-1846238400	7.6	947130
25709	-1843560000	9.6	947130
25709	-1840881600	13.1	947130
25709	-1838289600	16.5	947130
25709	-1835611200	21.8	947130
25709	-1833019200	22.9	947130
25709	-1830340800	24.8	947130
25709	-1827662400	27.2	947130
25709	-1825156800	22.2	947130
25709	-1822478400	15.9	947130
25709	-1819886400	10.7	947130
25709	-1817208000	9	947130
25709	-1814616000	7.7	947130
25709	-1811937600	8.7	947130
25709	-1809259200	10.7	947130
25709	-1806667200	15	947130
25709	-1803988800	20.5	947130
25709	-1801396800	24.6	947130
25709	-1798718400	25.9	947130
25709	-1796040000	24.5	947130
25709	-1793620800	19.2	947130
25709	-1790942400	17.6	947130
25709	-1788350400	10.6	947130
25709	-1785672000	7.7	947130
25709	-1783080000	7.3	947130
25709	-1780401600	7.9	947130
25709	-1777723200	11.2	947130
25709	-1775131200	16.6	947130
25709	-1772452800	18.9	947130
25709	-1769860800	25.5	947130
25709	-1767182400	26.2	947130
25709	-1764504000	26.7	947130
25709	-1762084800	22.4	947130
25709	-1759406400	16.4	947130
25709	-1756814400	12.4	947130
25709	-1754136000	8.7	947130
25709	-1751544000	6.7	947130
25709	-1748865600	9.4	947130
25709	-1746187200	12.6	947130
25709	-1743595200	19	947130
25709	-1740916800	24.3	947130
25709	-1738324800	24.7	947130
25709	-1735646400	25.2	947130
25709	-1732968000	26.9	947130
25709	-1730548800	22.5	947130
25709	-1727870400	16.9	947130
25709	-1725278400	10.8	947130
25709	-1722600000	8.3	947130
25709	-1720008000	7.8	947130
25709	-1717329600	8.5	947130
25709	-1714651200	12	947130
25709	-1712059200	14.6	947130
25709	-1709380800	19.9	947130
25709	-1706788800	24	947130
25709	-1704110400	27.1	947130
25709	-1701432000	24.6	947130
25709	-1698926400	21.3	947130
25709	-1696248000	14.9	947130
25709	-1693656000	11.5	947130
25709	-1690977600	9	947130
25709	-1688385600	7	947130
25709	-1685707200	8	947130
25709	-1683028800	12	947130
25709	-1680436800	13.3	947130
25709	-1677758400	15.8	947130
25709	-1675166400	22.2	947130
25709	-1672488000	24.6	947130
25709	-1669809600	20.8	947130
25709	-1667390400	20.3	947130
25709	-1664712000	14.2	947130
25709	-1662120000	10.6	947130
25709	-1659441600	8.2	947130
25709	-1656849600	6.8	947130
25709	-1654171200	8.1	947130
25709	-1651492800	11.5	947130
25709	-1648900800	14.6	947130
25709	-1646222400	17.5	947130
25709	-1643630400	22.8	947130
25709	-1640952000	23.4	947130
25709	-1638273600	22.4	947130
25709	-1635854400	19.3	947130
25709	-1633176000	15.9	947130
25709	-1630584000	12.2	947130
25709	-1627905600	7.6	947130
25709	-1625313600	5.9	947130
25709	-1622635200	9.3	947130
25709	-1619956800	11.2	947130
25709	-1617364800	15	947130
25709	-1614686400	21	947130
25709	-1612094400	23.8	947130
25709	-1609416000	26.1	947130
25709	-1606737600	25.8	947130
25709	-1604318400	19.6	947130
25709	-1601640000	17.8	947130
25709	-1599048000	13.9	947130
25709	-1596369600	9	947130
25709	-1593777600	6.9	947130
25709	-1591099200	8.5	947130
25709	-1588420800	12.6	947130
25709	-1585828800	17.6	947130
25709	-1583150400	23.5	947130
25709	-1580558400	25.2	947130
25709	-1577880000	23.8	947130
25709	-1575201600	24.5	947130
25709	-1572696000	19	947130
25709	-1570017600	15.2	947130
25709	-1567425600	10.1	947130
25709	-1564747200	9.1	947130
25709	-1562155200	8	947130
25709	-1559476800	8	947130
25709	-1556798400	11	947130
25709	-1554206400	15.4	947130
25709	-1551528000	21.1	947130
25709	-1548936000	22.4	947130
25709	-1546257600	24	947130
25709	-1543579200	23.9	947130
25709	-1541160000	19.7	947130
25709	-1538481600	16.2	947130
25709	-1535889600	12.9	947130
25709	-1533211200	8.8	947130
25709	-1530619200	8.4	947130
25709	-1527940800	6.9	947130
25709	-1525262400	12.7	947130
25709	-1522670400	14.4	947130
25709	-1519992000	21.1	947130
25709	-1517400000	23.1	947130
25709	-1514721600	23.1	947130
25709	-1512043200	24.8	947130
25709	-1509624000	20.8	947130
25709	-1506945600	18.5	947130
25709	-1504353600	11.8	947130
25709	-1501675200	8.4	947130
25709	-1499083200	7	947130
25709	-1496404800	7.4	947130
25709	-1493726400	11.6	947130
25709	-1491134400	16.5	947130
25709	-1488456000	21.7	947130
25709	-1485864000	23.8	947130
25709	-1483185600	24	947130
25709	-1480507200	26.7	947130
25709	-1478088000	22.5	947130
25709	-1475409600	17.8	947130
25709	-1472817600	13.4	947130
25709	-1470139200	9.6	947130
25709	-1467547200	7.5	947130
25709	-1464868800	8.3	947130
25709	-1462190400	10.7	947130
25709	-1459598400	14.7	947130
25709	-1456920000	17.4	947130
25709	-1454328000	24.9	947130
25709	-1451649600	23.5	947130
25709	-1448971200	22.6	947130
25709	-1446465600	20.5	947130
25709	-1443787200	13.5	947130
25709	-1441195200	10.9	947130
25709	-1438516800	7.6	947130
25709	-1435924800	7.4	947130
25709	-1433246400	8.8	947130
25709	-1430568000	11.6	947130
25709	-1427976000	14.7	947130
25709	-1425297600	18.4	947130
25709	-1422705600	20.8	947130
25709	-1420027200	22.7	947130
25709	-1417348800	21.9	947130
25709	-1414929600	19.6	947130
25709	-1412251200	16.3	947130
25709	-1409659200	11.9	947130
25710	-299851200	11.5	947150
25710	-297172800	11	947150
25711	-1170244800	27.5	947180
25711	-1167566400	26.9	947180
25711	-1164888000	26.1	947180
25711	-1162468800	26.2	947180
25711	-1159790400	19.1	947180
25711	-1157198400	13.4	947180
25711	-1154520000	10.7	947180
25711	-1151928000	10.5	947180
25711	-1149249600	9.4	947180
25711	-1146571200	14.2	947180
25711	-1143979200	18.8	947180
25711	-1141300800	20.6	947180
25711	-1138708800	23.6	947180
25711	-1136030400	26.1	947180
25711	-1133352000	23.9	947180
25711	-1130932800	23.7	947180
25711	-1128254400	17.8	947180
25711	-1125662400	14.3	947180
25711	-1122984000	9.3	947180
25711	-1120392000	9.5	947180
25711	-1117713600	10.9	947180
25711	-1115035200	14.3	947180
25711	-1112443200	16.2	947180
25711	-1109764800	20.6	947180
25711	-1107172800	23.6	947180
25711	-1104494400	25.8	947180
25711	-1101816000	25.7	947180
25711	-1099396800	22.9	947180
25711	-1096718400	17.1	947180
25711	-1094126400	11.3	947180
25711	-1091448000	8.6	947180
25711	-1088856000	8.1	947180
25711	-1086177600	11.2	947180
25711	-1083499200	14.5	947180
25711	-1080907200	19.2	947180
25711	-1078228800	23.2	947180
25711	-1075636800	25.3	947180
25711	-1072958400	24.8	947180
25711	-1070280000	25.2	947180
25711	-1067774400	22.4	947180
25711	-1065096000	18.2	947180
25711	-1062504000	15	947180
25711	-1059825600	8.7	947180
25711	-1057233600	10.5	947180
25711	-1054555200	11.9	947180
25711	-1051876800	13.7	947180
25711	-1049284800	19.8	947180
25711	-1046606400	23.3	947180
25711	-1044014400	25.2	947180
25711	-1041336000	27.4	947180
25711	-1038657600	25.3	947180
25711	-1036238400	22.5	947180
25711	-1033560000	17.6	947180
25711	-1030968000	13.5	947180
25711	-1028289600	10.6	947180
25711	-1025697600	10.3	947180
25711	-1023019200	12.9	947180
25711	-1020340800	16.6	947180
25711	-1017748800	21.6	947180
25711	-1015070400	23.1	947180
25711	-1012478400	25.9	947180
25711	-1009800000	24.5	947180
25711	-1007121600	26.2	947180
25711	-1004702400	26.4	947180
25711	-1002024000	20.3	947180
25711	-999432000	16.8	947180
25711	-996753600	11.3	947180
25711	-994161600	9.8	947180
25711	-991483200	10.6	947180
25711	-988804800	15	947180
25711	-986212800	21.9	947180
25711	-983534400	22.6	947180
25711	-980942400	26.8	947180
25711	-978264000	30.9	947180
25711	-975585600	28.4	947180
25711	-973166400	23.4	947180
25711	-970488000	18	947180
25711	-967896000	16.2	947180
25711	-965217600	10.7	947180
25711	-962625600	8.5	947180
25711	-959947200	9.9	947180
25711	-957268800	13.5	947180
25711	-954676800	17.4	947180
25711	-951998400	21.8	947180
25711	-949406400	25.4	947180
25711	-946728000	29	947180
25711	-944049600	27.9	947180
25711	-941544000	26.3	947180
25711	-938865600	20.1	947180
25711	-936273600	13.2	947180
25711	-933595200	11.1	947180
25711	-931003200	10	947180
25711	-928324800	12.6	947180
25711	-925646400	16.7	947180
25711	-923054400	20.9	947180
25711	-920376000	23.2	947180
25711	-917784000	26.1	947180
25711	-915105600	22.3	947180
25711	-912427200	23.4	947180
25712	376056000	24.1	947190
25712	378734400	25.8	947190
25712	381412800	25	947190
25712	383832000	20.9	947190
25712	386510400	16.9	947190
25712	389102400	12.2	947190
25712	391780800	8.6	947190
25712	394372800	8	947190
25712	397051200	12.4	947190
25712	399729600	13.4	947190
25712	402321600	17	947190
25712	4.05e+08	23.3	947190
25712	407592000	25.4	947190
25712	410270400	24.9	947190
25712	412948800	27.2	947190
25712	415368000	23.9	947190
25712	418046400	16.1	947190
25712	420638400	13.9	947190
25712	423316800	9.7	947190
25712	425908800	8.7	947190
25712	428587200	10.1	947190
25712	431265600	13.2	947190
25712	433857600	17.1	947190
25712	436536000	19.1	947190
25712	439128000	22.7	947190
25712	441806400	21.6	947190
25712	444484800	23.5	947190
25712	446990400	19.7	947190
25712	449668800	16.4	947190
25712	452260800	12.4	947190
25712	454939200	10.7	947190
25712	457531200	8.3	947190
25712	460209600	9.9	947190
25712	462888000	10.8	947190
25712	465480000	16.5	947190
25712	468158400	20.9	947190
25712	470750400	22.2	947190
25712	473428800	24.6	947190
25713	10411200	10.9	947230
25713	13089600	9.2	947230
25713	15681600	7.2	947230
25713	18360000	8.6	947230
25713	21038400	11.2	947230
25713	23630400	16.3	947230
25713	26308800	18.5	947230
25713	28900800	21.9	947230
25713	31579200	23.6	947230
25713	34257600	22.9	947230
25713	36676800	22.4	947230
25713	39355200	17	947230
25713	41947200	11.9	947230
25713	44625600	8.4	947230
25713	47217600	7.5	947230
25713	49896000	10	947230
25713	52574400	12.8	947230
25714	691588800	21.3	947280
25714	694267200	23.2	947280
25714	696945600	22.8	947280
25714	699451200	20.8	947280
25714	702129600	17	947280
25714	704721600	12.4	947280
25714	707400000	8	947280
25714	709992000	8.3	947280
25714	712670400	8.9	947280
25714	715348800	11.5	947280
25714	717940800	16.1	947280
25714	720619200	18.3	947280
25714	723211200	21.5	947280
25714	725889600	26.5	947280
25714	728568000	24.1	947280
25714	730987200	20.3	947280
25714	733665600	17.2	947280
25714	736257600	13	947280
25714	738936000	8.6	947280
25714	741528000	10.4	947280
25714	744206400	10.5	947280
25714	746884800	12.4	947280
25714	749476800	16.1	947280
25714	752155200	20.3	947280
25714	754747200	21.5	947280
25714	757425600	24.5	947280
25714	760104000	23.7	947280
25714	762523200	18.7	947280
25714	765201600	15.7	947280
25714	767793600	11.3	947280
25714	770472000	8.2	947280
25714	773064000	6.9	947280
25714	775742400	7.6	947280
25715	-1612094400	20.1	947300
25715	-1609416000	22.3	947300
25715	-1606737600	21.7	947300
25715	-1604318400	17.9	947300
25715	-1601640000	14.3	947300
25715	-1599048000	11.7	947300
25715	-1596369600	6.8	947300
25715	-1593777600	5.9	947300
25715	-1591099200	6.1	947300
25715	-1588420800	10	947300
25715	-1585828800	14	947300
25715	-1583150400	19	947300
25715	-1580558400	20.6	947300
25715	-1577880000	18.9	947300
25715	-1575201600	19.9	947300
25715	-1572696000	16.6	947300
25716	-218203200	22.2	947310
25716	-215784000	21.4	947310
25716	-213105600	16.4	947310
25716	-210513600	14.1	947310
25716	-207835200	9.4	947310
25716	-205243200	7.2	947310
25716	-202564800	8.8	947310
25716	-199886400	11.3	947310
25716	-197294400	15.6	947310
25716	-194616000	17	947310
25716	-192024000	21.1	947310
25716	-189345600	22	947310
25716	-186667200	21.8	947310
25716	-184161600	21	947310
25716	-181483200	17.1	947310
25716	-178891200	11	947310
25716	-176212800	8.8	947310
25716	-173620800	7.7	947310
25716	-170942400	8.6	947310
25716	-168264000	12	947310
25716	-165672000	12.7	947310
25716	-162993600	17.5	947310
25716	-160401600	19	947310
25716	-157723200	22	947310
25716	-155044800	23.9	947310
25716	-152625600	21.1	947310
25716	-149947200	15.4	947310
25716	-147355200	11	947310
25716	-144676800	8.3	947310
25716	-142084800	6.5	947310
25716	-139406400	9.3	947310
25716	-136728000	14	947310
25716	-134136000	16.1	947310
25716	-131457600	18.1	947310
25716	-128865600	21.4	947310
25716	-126187200	23.4	947310
25716	-123508800	22.4	947310
25716	-121089600	20.1	947310
25716	-118411200	16	947310
25716	-115819200	10.8	947310
25716	-113140800	8.2	947310
25716	-110548800	6.1	947310
25716	-107870400	8.5	947310
25716	-105192000	11.1	947310
25716	-102600000	14.5	947310
25716	-99921600	17.8	947310
25716	-97329600	21	947310
25716	-94651200	23.1	947310
25716	-91972800	22.4	947310
25716	-89553600	18.6	947310
25716	-86875200	16.4	947310
25716	-84283200	11.8	947310
25716	-81604800	12.1	947310
25716	-79012800	7.4	947310
25716	-76334400	8.2	947310
25716	-73656000	11.4	947310
25716	-71064000	17.2	947310
25716	-68385600	19.5	947310
25716	-65793600	21.4	947310
25716	-63115200	23.1	947310
25716	-60436800	24.7	947310
25716	-57931200	22.1	947310
25716	-55252800	17.5	947310
25716	-52660800	11.4	947310
25716	-49982400	8.5	947310
25716	-47390400	7.2	947310
25716	-44712000	8.7	947310
25716	-42033600	10.9	947310
25716	-39441600	15.2	947310
25716	-36763200	18.6	947310
25716	-34171200	20.6	947310
25716	-31492800	24.9	947310
25716	-28814400	23.6	947310
25716	-26395200	21.1	947310
25716	-23716800	16.1	947310
25716	-21124800	11.8	947310
25716	-18446400	9.2	947310
25716	-15854400	8.4	947310
25716	-13176000	10.8	947310
25716	-10497600	9.7	947310
25716	-7905600	15.3	947310
25716	-5227200	17.5	947310
25716	-2635200	19.8	947310
25716	43200	21	947310
25716	2721600	22.1	947310
25716	5140800	18.6	947310
25716	7819200	15.7	947310
25717	21038400	15.8	947340
25717	23630400	21.1	947340
25717	26308800	22.6	947340
25717	28900800	24.7	947340
25717	31579200	25	947340
25717	34257600	25.6	947340
25717	36676800	24.7	947340
25717	39355200	19.4	947340
25717	41947200	15	947340
25717	44625600	12.2	947340
25717	47217600	11	947340
25717	49896000	13.7	947340
25717	52574400	16.3	947340
25717	55166400	20.1	947340
25717	57844800	21.2	947340
25717	60436800	26	947340
25717	63115200	25.2	947340
25717	65793600	24.9	947340
25717	68299200	24.2	947340
25717	70977600	19.2	947340
25717	73569600	17	947340
25717	76248000	13.5	947340
25717	78840000	10.8	947340
25717	81518400	14.4	947340
25717	84196800	18.6	947340
25717	86788800	21.1	947340
25717	89467200	23.4	947340
25717	92059200	27.8	947340
25717	94737600	28.1	947340
25717	97416000	26.8	947340
25717	99835200	25.4	947340
25717	102513600	21.5	947340
25717	105105600	16.8	947340
25717	107784000	13.3	947340
25717	110376000	14.2	947340
25717	113054400	13.5	947340
25717	115732800	16.6	947340
25717	118324800	20.6	947340
25717	121003200	23.4	947340
25717	123595200	25.5	947340
25717	126273600	25.7	947340
25717	128952000	26.1	947340
25717	131371200	24.8	947340
25717	134049600	21.5	947340
25717	136641600	16.4	947340
25717	139320000	12.1	947340
25718	354974400	13	947350
25718	357566400	8.9	947350
25718	360244800	5.7	947350
25718	362836800	5.5	947350
25718	365515200	5.9	947350
25718	368193600	10.3	947350
25718	370785600	13.3	947350
25718	373464000	13.3	947350
25718	376056000	17.1	947350
25718	378734400	20	947350
25777	-573307200	22.9	955120
25777	-570715200	25.5	955120
25777	-568036800	30.1	955120
25777	-565358400	26.9	955120
25789	-1272801600	12.7	957070
25789	-1270209600	16.9	957070
25789	-1267531200	19.5	957070
25789	-1264939200	21.9	957070
25790	13089600	7.3	957230
25790	15681600	5.9	957230
25790	18360000	6.8	957230
25790	21038400	8.5	957230
25790	23630400	13.3	957230
25790	26308800	14.8	957230
25790	28900800	19.2	957230
25790	31579200	20.7	957230
25790	34257600	20.5	957230
25790	36676800	19.1	957230
25790	39355200	14.1	957230
25790	41947200	9	957230
25790	44625600	6.3	957230
25790	47217600	4.8	957230
25790	49896000	6.9	957230
25790	52574400	10	957230
25790	55166400	12.3	957230
25790	57844800	14.5	957230
25790	60436800	19.1	957230
25790	63115200	19	957230
25790	65793600	19.3	957230
25790	68299200	16.9	957230
25790	70977600	13.1	957230
25790	73569600	10.3	957230
25790	76248000	6.3	957230
25790	78840000	6.7	957230
25790	81518400	8.7	957230
25790	84196800	10.8	957230
25790	86788800	13.8	957230
25790	89467200	16.5	957230
25790	92059200	21.5	957230
25790	94737600	24.1	957230
25790	97416000	21.7	957230
25790	99835200	18	957230
25790	102513600	15	957230
25790	105105600	10.4	957230
25790	107784000	7.6	957230
25790	110376000	7.8	957230
25790	113054400	8.2	957230
25790	115732800	11.4	957230
25790	118324800	14.3	957230
25790	121003200	15.9	957230
25790	123595200	19.5	957230
25790	126273600	21.1	957230
25790	128952000	20.2	957230
25790	131371200	19	957230
25790	134049600	14.9	957230
25790	136641600	10.5	957230
25790	139320000	7	957230
25790	141912000	6.5	957230
25790	144590400	7.4	957230
25790	147268800	8.9	957230
25790	149860800	12.8	957230
25790	152539200	14.6	957230
25790	155131200	18.4	957230
25790	157809600	20	957230
25790	160488000	20.3	957230
25790	162907200	16.4	957230
25790	165585600	12.9	957230
25791	157809600	24.3	957270
25791	160488000	23.2	957270
25791	162907200	20.3	957270
25791	165585600	16.6	957270
25791	168177600	13.1	957270
25791	170856000	9.9	957270
25791	173448000	10.1	957270
25791	176126400	10.7	957270
25791	178804800	14	957270
25791	181396800	15.7	957270
25791	184075200	19.7	957270
25791	186667200	23.8	957270
25791	189345600	22.8	957270
25791	192024000	22.7	957270
25791	194529600	20	957270
25791	197208000	15.6	957270
25791	199800000	12.8	957270
25791	202478400	9.8	957270
25791	205070400	8.8	957270
25791	207748800	9.2	957270
25791	210427200	11.7	957270
25791	213019200	14.4	957270
25791	215697600	18.4	957270
25791	218289600	22.7	957270
25791	220968000	24.1	957270
25791	223646400	24.5	957270
25791	226065600	21.2	957270
25791	228744000	17.3	957270
25791	231336000	12.9	957270
25791	234014400	9.1	957270
25791	236606400	8.5	957270
25791	239284800	10.7	957270
25791	241963200	12.5	957270
25791	244555200	18.1	957270
25791	247233600	21.6	957270
25791	249825600	24.7	957270
25791	252504000	24.7	957270
25791	255182400	24.5	957270
25791	257601600	22.3	957270
25791	260280000	16.1	957270
25791	262872000	13.7	957270
25791	265550400	9.4	957270
25791	268142400	8.1	957270
25791	270820800	8.9	957270
25791	273499200	12.9	957270
25791	276091200	15.7	957270
25791	278769600	18.9	957270
25791	281361600	21.3	957270
25791	284040000	26.6	957270
25791	286718400	25.4	957270
25791	289137600	21.6	957270
25791	291816000	16.7	957270
25791	294408000	11.8	957270
25791	297086400	10.5	957270
25791	299678400	8	957270
25791	302356800	9.7	957270
25791	305035200	13	957270
25791	307627200	16.7	957270
25791	310305600	21.5	957270
25791	312897600	25.6	957270
25791	315576000	24.1	957270
25791	318254400	24.6	957270
25791	320760000	22.3	957270
25791	323438400	18.4	957270
25791	326030400	14.1	957270
25791	328708800	10.3	957270
25791	331300800	8.5	957270
25791	333979200	10.6	957270
25791	336657600	13.8	957270
25791	339249600	19.2	957270
25791	341928000	22.7	957270
25791	344520000	23.6	957270
25791	347198400	27.7	957270
25791	349876800	25.6	957270
25791	352296000	21.8	957270
25791	354974400	18.4	957270
25791	357566400	13.4	957270
25791	360244800	9.5	957270
25791	362836800	9	957270
25791	365515200	9.5	957270
25791	368193600	14.3	957270
25791	370785600	17.2	957270
25791	373464000	18.2	957270
25791	376056000	24.1	957270
25791	378734400	25.3	957270
25791	381412800	24.7	957270
25791	383832000	20.4	957270
25791	386510400	17	957270
25791	389102400	11.7	957270
25791	391780800	8.1	957270
25791	394372800	7.1	957270
25791	397051200	11.8	957270
25791	399729600	13.3	957270
25791	402321600	16.8	957270
25791	4.05e+08	22.7	957270
25791	407592000	24.3	957270
25791	410270400	25	957270
25791	412948800	26.6	957270
25791	415368000	23.4	957270
25791	418046400	16.1	957270
25791	420638400	13.8	957270
25791	423316800	9.2	957270
25791	425908800	8.5	957270
25791	428587200	10.1	957270
25791	431265600	13.9	957270
25791	433857600	17.5	957270
25791	436536000	18.7	957270
25791	439128000	21.6	957270
25791	441806400	22.2	957270
25791	444484800	23.3	957270
25791	446990400	20	957270
25791	449668800	16.9	957270
25791	452260800	12.5	957270
25791	454939200	10.4	957270
25791	457531200	8.1	957270
25791	460209600	10.3	957270
25791	462888000	11.5	957270
25791	465480000	15.5	957270
25791	468158400	21.5	957270
25791	470750400	22.3	957270
25791	473428800	25	957270
25791	476107200	23.4	957270
25791	478526400	22.7	957270
25791	481204800	17.4	957270
25791	483796800	13.7	957270
25791	486475200	8.4	957270
25791	489067200	9	957270
25791	491745600	10.1	957270
25815	-55252800	17.7	959956
25815	-52660800	10	959956
25815	-49982400	8.1	959956
25815	-47390400	6.7	959956
25815	-44712000	8.8	959956
25815	-42033600	10.8	959956
25815	-39441600	15.3	959956
25815	-36763200	18.3	959956
25816	-1580558400	18.5	959957
25816	-1577880000	17.8	959957
25816	-1575201600	19.6	959957
25816	-1572696000	15.6	959957
25816	-1570017600	12	959957
25816	-1567425600	7.3	959957
25816	-1564747200	5.4	959957
25816	-1562155200	6.5	959957
25816	-1559476800	6.2	959957
25816	-1556798400	8.9	959957
25816	-1554206400	13.2	959957
25816	-1551528000	16.4	959957
25816	-1548936000	17.7	959957
25816	-1546257600	20.1	959957
25816	-1543579200	18.8	959957
25816	-1541160000	16.6	959957
25816	-1538481600	14.1	959957
25816	-1535889600	10	959957
25816	-1533211200	7.2	959957
25816	-1530619200	7.3	959957
25816	-1527940800	4.5	959957
25816	-1525262400	8.5	959957
25816	-1522670400	11	959957
25816	-1519992000	15.1	959957
25816	-1517400000	17.3	959957
25816	-1514721600	16.9	959957
25816	-1512043200	18.3	959957
25816	-1509624000	17.4	959957
25816	-1506945600	15.9	959957
25816	-1504353600	9	959957
25816	-1501675200	6.7	959957
25816	-1499083200	4.4	959957
25816	-1496404800	5.6	959957
25816	-1493726400	10.3	959957
25816	-1491134400	11.8	959957
25816	-1488456000	17.6	959957
25816	-1485864000	18.6	959957
25816	-1483185600	19.6	959957
25816	-1480507200	19.6	959957
25816	-1478088000	15.8	959957
25816	-1475409600	11.9	959957
25816	-1472817600	5.7	959957
25816	-1470139200	3.8	959957
25816	-1467547200	3	959957
25816	-1464868800	4.3	959957
25816	-1462190400	7.1	959957
25816	-1459598400	12.3	959957
25816	-1456920000	15.5	959957
25816	-1454328000	20.5	959957
25816	-1451649600	18.5	959957
25816	-1448971200	16.9	959957
25816	-1446465600	15.6	959957
25816	-1443787200	11.8	959957
25816	-1441195200	8	959957
25823	502286400	22.6	959965
25823	504964800	24.6	959965
25823	507643200	25.7	959965
25823	510062400	25.4	959965
25823	512740800	19.6	959965
25823	515332800	15.2	959965
25823	518011200	10.3	959965
25823	520603200	9.7	959965
25823	523281600	11.2	959965
25823	525960000	13.9	959965
25823	528552000	15.7	959965
25823	531230400	20.4	959965
25823	533822400	22.6	959965
25823	536500800	25.7	959965
25823	539179200	26.4	959965
25823	541598400	19.9	959965
25823	544276800	18.8	959965
25823	546868800	13.9	959965
25823	549547200	12.3	959965
25823	552139200	9.5	959965
25823	554817600	11.7	959965
25823	557496000	14	959965
25823	560088000	16.8	959965
25823	562766400	21.7	959965
25823	565358400	24.6	959965
25823	568036800	27.7	959965
25823	570715200	24.3	959965
25823	573220800	23	959965
25823	575899200	19.1	959965
25823	578491200	15	959965
25823	581169600	11	959965
25823	583761600	11.3	959965
25823	586440000	12	959965
25823	589118400	14.6	959965
25823	591710400	19.1	959965
25823	594388800	21.1	959965
25823	596980800	24.8	959965
25823	599659200	23.5	959965
25823	602337600	25.8	959965
25823	604756800	24	959965
25823	607435200	19.3	959965
25823	610027200	16	959965
25823	612705600	10.6	959965
25823	615297600	9.2	959965
25823	617976000	9.6	959965
25823	620654400	13.4	959965
25823	623246400	16.8	959965
25823	625924800	21.6	959965
25823	628516800	24.8	959965
27571	21038400	11.9	947000
27571	23630400	17.8	947000
27571	26308800	20.2	947000
27571	28900800	23.6	947000
27571	31579200	25.6	947000
27571	34257600	24	947000
27571	36676800	24.3	947000
27571	39355200	18.9	947000
27571	41947200	13.2	947000
27571	44625600	9.1	947000
27571	47217600	8.3	947000
27571	49896000	10.1	947000
27571	52574400	14.1	947000
27571	55166400	17	947000
27571	57844800	19	947000
27571	60436800	22.9	947000
27571	63115200	23.1	947000
27571	65793600	23.1	947000
27571	68299200	20.8	947000
27571	70977600	16.5	947000
27571	73569600	13.3	947000
27572	-2456222400	28.1	947030
27572	-2453544000	18.9	947030
27572	-2450952000	15.9	947030
27572	-2448273600	10.8	947030
27572	-2445681600	9.5	947030
27572	-2443003200	10.5	947030
27572	-2440324800	15.4	947030
27572	-2437732800	20.8	947030
27572	-2435054400	24.6	947030
27572	-2432462400	26.1	947030
27572	-2429784000	27.8	947030
27572	-2427105600	29.1	947030
27572	-2424686400	25.4	947030
27572	-2422008000	19	947030
27572	-2419416000	16.4	947030
27572	-2416737600	10.5	947030
27572	-2414145600	10.4	947030
27572	-2411467200	12.2	947030
27572	-2408788800	15.4	947030
27572	-2406196800	21.7	947030
27572	-2403518400	24.8	947030
27572	-2400926400	26.3	947030
27572	-2398248000	29	947030
27572	-2395569600	27.1	947030
27572	-2393150400	25.9	947030
27572	-2390472000	18.8	947030
27572	-2387880000	14.1	947030
27572	-2385201600	11.3	947030
27572	-2382609600	9.1	947030
27572	-2379931200	10.7	947030
27572	-2377252800	14.4	947030
27572	-2374660800	20.1	947030
27572	-2371982400	26.4	947030
27572	-2369390400	25.9	947030
27572	-2366712000	27.8	947030
27572	-2364033600	26.8	947030
27572	-2361614400	26.2	947030
27572	-2358936000	19.9	947030
27572	-2356344000	15.6	947030
27572	-2353665600	11.7	947030
27572	-2351073600	8.6	947030
27572	-2348395200	12.1	947030
27572	-2345716800	16.2	947030
27572	-2343124800	22.3	947030
27572	-2340446400	25	947030
27572	-2337854400	25.8	947030
27572	-2335176000	34.8	947030
27572	-2332497600	27.6	947030
27572	-2329992000	24.8	947030
27572	-2327313600	19.2	947030
27572	-2324721600	16	947030
27572	-2322043200	9.8	947030
27572	-2319451200	8	947030
27572	-2316772800	10.6	947030
27572	-2314094400	15.1	947030
27572	-2311502400	24.2	947030
27572	-2308824000	24.7	947030
27572	-2306232000	27.6	947030
27572	-2303553600	28.3	947030
27572	-2300875200	26.9	947030
27572	-2298456000	22.1	947030
27572	-2295777600	20.7	947030
27572	-2293185600	16.3	947030
27572	-2290507200	13.4	947030
27572	-2287915200	11.1	947030
27572	-2285236800	10.4	947030
27572	-2282558400	16.2	947030
27572	-2279966400	19.8	947030
27572	-2277288000	27.7	947030
27572	-2274696000	27.4	947030
27572	-2272017600	29.7	947030
27572	-2269339200	28.5	947030
27572	-2266920000	25	947030
27572	-2264241600	19.5	947030
27572	-2261649600	14.1	947030
27572	-2258971200	12.4	947030
27572	-2256379200	10	947030
27572	-2253700800	14.7	947030
27572	-2251022400	17.1	947030
27572	-2248430400	22.3	947030
27572	-2245752000	26.2	947030
27572	-2243160000	25.6	947030
27572	-2240481600	27.2	947030
27572	-2237803200	28.5	947030
27572	-2235384000	24.8	947030
27572	-2232705600	20.6	947030
27572	-2230113600	15.2	947030
27572	-2227435200	11.1	947030
27572	-2224843200	9.3	947030
27572	-2222164800	11.2	947030
27572	-2219486400	18.4	947030
27572	-2216894400	19.4	947030
27572	-2214216000	24.7	947030
27572	-2211624000	29.6	947030
27572	-2208945600	29	947030
27572	-2206267200	31.3	947030
27572	-2203848000	25.5	947030
27572	-2201169600	18.7	947030
27572	-2198577600	14.6	947030
27572	-2195899200	12	947030
27572	-2193307200	8.9	947030
27572	-2190628800	10.8	947030
27572	-2187950400	14.8	947030
27572	-2185358400	20.3	947030
27572	-2182680000	28.6	947030
27572	-2180088000	28.3	947030
27572	-2177409600	28.5	947030
27572	-2174731200	31.3	947030
27572	-2172312000	26.6	947030
27572	-2169633600	19.6	947030
27572	-2167041600	16.8	947030
27572	-2164363200	9.4	947030
27572	-2161771200	8.9	947030
27572	-2159092800	11.4	947030
27572	-2156414400	18	947030
27572	-2153822400	20.9	947030
27572	-2151144000	29	947030
27572	-2148552000	29.2	947030
27572	-2145873600	30.4	947030
27572	-2143195200	29.6	947030
27572	-2140776000	26.6	947030
27572	-2138097600	19.7	947030
27572	-2135505600	16	947030
27572	-2132827200	11.2	947030
27572	-2130235200	10.6	947030
27572	-2127556800	10.2	947030
27572	-2124878400	16	947030
27572	-2122286400	21.5	947030
27572	-2119608000	28	947030
27572	-2117016000	25.3	947030
27572	-2114337600	29.4	947030
27572	-2111659200	28	947030
27572	-2109240000	28.6	947030
27572	-2106561600	20.6	947030
27572	-2103969600	15.3	947030
27572	-2101291200	10.1	947030
27572	-2098699200	10	947030
27572	-2096020800	11	947030
27572	-2093342400	16	947030
27572	-2090750400	20.2	947030
27572	-2088072000	24.6	947030
27572	-2085480000	25.1	947030
27572	-2082801600	27.8	947030
27572	-2080123200	27	947030
27572	-2077617600	24.6	947030
27572	-2074939200	19.7	947030
27572	-2072347200	17	947030
27572	-2069668800	10.1	947030
27572	-2067076800	10	947030
27572	-2064398400	11.7	947030
27572	-2061720000	14.6	947030
27572	-2059128000	22	947030
27572	-2056449600	26.7	947030
27572	-2053857600	27.9	947030
27572	-2051179200	30.3	947030
27572	-2048500800	28	947030
27572	-2046081600	26.1	947030
27572	-2043403200	19.6	947030
27572	-2040811200	16.5	947030
27572	-2038132800	11.4	947030
27572	-2035540800	9.5	947030
27572	-2032862400	10.5	947030
27572	-2030184000	14.1	947030
27572	-2027592000	17.8	947030
27572	-2024913600	25	947030
27572	-2022321600	26.9	947030
27572	-2019643200	32.5	947030
27572	-2016964800	28.6	947030
27572	-2014545600	23.1	947030
27572	-2011867200	21.2	947030
27572	-2009275200	17	947030
27572	-2006596800	13.5	947030
27572	-2004004800	11	947030
27572	-2001326400	11.9	947030
27572	-1998648000	16.1	947030
27572	-1996056000	19.7	947030
27572	-1993377600	22.2	947030
27572	-1990785600	26.4	947030
27572	-1988107200	26.9	947030
27572	-1985428800	26.8	947030
27572	-1983009600	23.7	947030
27572	-1980331200	18.1	947030
27572	-1977739200	16	947030
27572	-1975060800	12.3	947030
27572	-1972468800	11	947030
27572	-1969790400	12.1	947030
27572	-1967112000	17.7	947030
27572	-1964520000	20.7	947030
27572	-1961841600	24.1	947030
27572	-1959249600	27.4	947030
27572	-1956571200	31	947030
27572	-1953892800	26	947030
27572	-1951387200	25.2	947030
27572	-1948708800	20	947030
27572	-1946116800	16.3	947030
27572	-1943438400	9.3	947030
27572	-1940846400	9.6	947030
27572	-1938168000	10.9	947030
27572	-1935489600	14.8	947030
27572	-1932897600	20.3	947030
27572	-1930219200	28.7	947030
27572	-1927627200	27.6	947030
27572	-1924948800	28.5	947030
27572	-1922270400	26.2	947030
27572	-1919851200	25.4	947030
27572	-1917172800	17.8	947030
27572	-1914580800	15.3	947030
27572	-1911902400	11.9	947030
27572	-1909310400	9.1	947030
27572	-1906632000	11.2	947030
27572	-1903953600	14.6	947030
27572	-1901361600	21.5	947030
27572	-1898683200	25.2	947030
27572	-1896091200	23.7	947030
27572	-1893412800	28.5	947030
27573	-778507200	14.1	947070
27573	-775828800	13	947070
27573	-773236800	9.5	947070
27574	654782400	20.1	947080
27574	657460800	23.9	947080
27574	660052800	27.8	947080
27574	662731200	28.4	947080
27574	665409600	29.5	947080
27574	667828800	24.2	947080
27574	670507200	19.2	947080
27574	673099200	16.2	947080
27574	675777600	14.2	947080
27574	678369600	10.6	947080
27574	681048000	12.1	947080
27574	683726400	16.3	947080
27574	686318400	21.5	947080
27574	688996800	23.5	947080
27574	691588800	24.4	947080
27574	694267200	25.7	947080
27574	696945600	24.7	947080
27574	699451200	24.3	947080
27574	702129600	20.2	947080
27574	704721600	15.5	947080
27574	707400000	11.8	947080
27574	709992000	11.5	947080
27574	712670400	12.2	947080
27574	715348800	14.2	947080
27574	717940800	19.2	947080
27574	720619200	20.7	947080
27574	723211200	23.7	947080
27574	725889600	28.6	947080
27574	728568000	27.2	947080
27574	730987200	23.2	947080
27574	733665600	21	947080
27574	736257600	15.8	947080
27574	738936000	11.6	947080
27574	741528000	12.7	947080
27574	744206400	12.9	947080
27574	746884800	15.2	947080
27574	749476800	18	947080
27574	752155200	23.2	947080
27574	754747200	24.5	947080
27574	757425600	27.8	947080
27574	760104000	26.8	947080
27574	762523200	22.1	947080
27574	765201600	19.7	947080
27574	767793600	15.4	947080
27574	770472000	12.8	947080
27574	773064000	11.5	947080
27574	775742400	12.2	947080
27574	778420800	15.2	947080
27574	781012800	19.9	947080
27574	783691200	23.2	947080
27574	786283200	28.4	947080
27574	788961600	25.5	947080
27574	791640000	25.4	947080
27574	794059200	23.2	947080
27574	796737600	17.5	947080
27574	799329600	15.9	947080
27574	802008000	12.4	947080
27574	804600000	10.2	947080
27574	807278400	15	947080
27574	809956800	16	947080
27574	812548800	20.7	947080
27574	815227200	22.6	947080
27574	817819200	24.9	947080
27574	820497600	27.4	947080
27574	823176000	25.1	947080
27574	825681600	23.7	947080
27574	828360000	17.9	947080
27574	830952000	15.4	947080
27574	833630400	12.5	947080
27574	836222400	10.3	947080
27574	838900800	11.3	947080
27574	841579200	14.4	947080
27574	844171200	19.3	947080
27574	846849600	21.7	947080
27574	849441600	25.5	947080
27574	852120000	26	947080
27574	854798400	28.2	947080
27574	857217600	23.8	947080
27574	859896000	19.5	947080
27574	862488000	15.6	947080
27574	865166400	11.1	947080
27574	867758400	10.2	947080
27574	870436800	11.8	947080
27574	873115200	15.5	947080
27574	875707200	19.8	947080
27574	878385600	25.9	947080
27574	880977600	27.8	947080
27574	883656000	27.6	947080
27574	886334400	26.7	947080
27574	888753600	25.3	947080
27574	891432000	19	947080
27574	894024000	13.8	947080
27574	896702400	10.9	947080
27574	899294400	9.2	947080
27574	901972800	12.7	947080
27574	904651200	15.6	947080
27574	907243200	17.1	947080
27574	909921600	21.1	947080
27574	912513600	26.2	947080
27574	915192000	29.1	947080
27574	917870400	24.9	947080
27574	920289600	23.3	947080
27574	922968000	16.8	947080
27574	925560000	15.3	947080
27574	928238400	12.1	947080
27574	930830400	11.5	947080
27574	933508800	12	947080
27574	936187200	16.9	947080
27574	938779200	20.1	947080
27574	941457600	19.3	947080
27574	944049600	23.2	947080
27574	946728000	24.3	947080
27574	949406400	25.9	947080
27574	951912000	23.5	947080
27574	954590400	18.4	947080
27574	957182400	13.8	947080
27574	959860800	10.1	947080
27574	962452800	10	947080
27574	965131200	11.3	947080
27574	967809600	17.1	947080
27574	970401600	18.4	947080
27574	973080000	22.4	947080
27574	975672000	25.7	947080
27574	978350400	29.4	947080
27574	981028800	28.6	947080
27574	983448000	22.7	947080
27574	986126400	19.3	947080
27574	988718400	13.8	947080
27574	991396800	11.7	947080
27574	993988800	10.3	947080
27574	996667200	11.4	947080
27574	999345600	16.8	947080
27574	1001937600	18.2	947080
27574	1004616000	22.4	947080
27574	1007208000	25.4	947080
27574	1009886400	27.6	947080
27574	1012564800	25.4	947080
27574	1014984000	23.9	947080
27574	1017662400	20.7	947080
27574	1020254400	14.7	947080
27574	1022932800	11.4	947080
27574	1025524800	10.3	947080
27574	1028203200	13	947080
27574	1030881600	16.9	947080
27574	1033473600	20.1	947080
27574	1036152000	26.2	947080
27574	1038744000	26.9	947080
27574	1041422400	29.2	947080
27574	1044100800	27.7	947080
27574	1046520000	22.8	947080
27574	1049198400	18.9	947080
27574	1051790400	15.2	947080
27574	1054468800	12.1	947080
27574	1057060800	11	947080
27574	1059739200	11.8	947080
27574	1062417600	15.4	947080
27574	1065009600	17.6	947080
27574	1067688000	23.1	947080
27574	1070280000	27.5	947080
27574	1072958400	28.2	947080
27574	1075636800	29.7	947080
27574	1078142400	24.4	947080
27574	1080820800	20.7	947080
27574	1083412800	13.7	947080
27574	1086091200	11.4	947080
27574	1088683200	9.7	947080
27574	1091361600	12.1	947080
27574	1094040000	15.5	947080
27574	1096632000	20.3	947080
27574	1099310400	22.9	947080
27574	1101902400	25.6	947080
27574	1104580800	28.5	947080
27574	1107259200	27.3	947080
27574	1109678400	23.7	947080
27574	1112356800	23	947080
27574	1114948800	15.9	947080
27574	1117627200	12.8	947080
27574	1120219200	11.7	947080
27574	1122897600	11.7	947080
27574	1125576000	15	947080
27574	1128168000	20	947080
27574	1130846400	23.8	947080
27574	1133438400	27.8	947080
27574	1136116800	30.8	947080
27574	1138795200	29.5	947080
27574	1141214400	25.4	947080
27574	1143892800	17.8	947080
27574	1146484800	13.2	947080
27574	1149163200	10.5	947080
27574	1151755200	11	947080
27574	1154433600	12.4	947080
27574	1157112000	16.8	947080
27574	1159704000	21.7	947080
27574	1162382400	24.8	947080
27574	1164974400	26.3	947080
27574	1167652800	27.6	947080
27574	1170331200	28.7	947080
27574	1172750400	25.8	947080
27574	1175428800	20.4	947080
27574	1178020800	16.8	947080
27574	1180699200	10	947080
27574	1183291200	10.2	947080
27574	1185969600	13.9	947080
27574	1188648000	16.6	947080
27574	1191240000	21.3	947080
27574	1193918400	23.9	947080
27574	1196510400	25.1	947080
27574	1199188800	27.2	947080
27574	1201867200	23.5	947080
27574	1204372800	22.8	947080
27574	1207051200	17.7	947080
27574	1209643200	14.8	947080
27574	1212321600	13.1	947080
27574	1214913600	10.5	947080
27574	1217592000	10.6	947080
27574	1220270400	16.4	947080
27574	1222862400	21.4	947080
27574	1225540800	22.5	947080
27574	1228132800	26.1	947080
27574	1230811200	29.1	947080
27574	1233489600	26.9	947080
27574	1235908800	24.2	947080
27574	1238587200	19.1	947080
27574	1241179200	15.1	947080
27574	1243857600	12.1	947080
27574	1246449600	10.6	947080
27574	1249128000	13.4	947080
27574	1251806400	16.1	947080
27574	1254398400	19.1	947080
27574	1257076800	27.6	947080
27574	1259668800	26.4	947080
27574	1262347200	27.9	947080
27574	1265025600	25.9	947080
27574	1267444800	23.3	947080
27574	1270123200	19.4	947080
27574	1272715200	14.7	947080
27574	1275393600	11.5	947080
27574	1277985600	10.9	947080
27574	1280664000	10.4	947080
27574	1283342400	14.9	947080
27574	1285934400	18.6	947080
27574	1288612800	21.7	947080
27574	1291204800	23.5	947080
27574	1293883200	28.7	947080
27574	1296561600	27.2	947080
27574	1298980800	23.5	947080
27574	1301659200	18.3	947080
27574	1304251200	13.4	947080
27574	1306929600	11.5	947080
27575	-289224000	18	947090
27575	-286632000	22.1	947090
27576	-28814400	22.5	947120
27576	-26395200	19.6	947120
27576	-23716800	14	947120
27576	-21124800	9.9	947120
27576	-18446400	7.6	947120
27576	-15854400	7.5	947120
27576	-13176000	9.2	947120
27576	-10497600	8.5	947120
27576	-7905600	14.2	947120
27576	-5227200	16.3	947120
27576	-2635200	17.9	947120
27576	43200	20.5	947120
27576	2721600	22.7	947120
27576	5140800	17.7	947120
27576	7819200	14.8	947120
27576	10411200	9.3	947120
27576	13089600	7.9	947120
27576	15681600	6.3	947120
27576	18360000	7.3	947120
27576	21038400	9.1	947120
27576	23630400	13.9	947120
27576	26308800	15.8	947120
27576	28900800	20.2	947120
27576	31579200	22.6	947120
27576	34257600	21.9	947120
27576	36676800	20.9	947120
27576	39355200	15.7	947120
27576	41947200	10.1	947120
27576	44625600	6.8	947120
27576	47217600	6	947120
27576	49896000	7	947120
27576	52574400	10.8	947120
27576	55166400	12.9	947120
27576	57844800	15.4	947120
27576	60436800	20.1	947120
27576	63115200	20.3	947120
27576	65793600	20.1	947120
27576	68299200	18	947120
27576	70977600	13.8	947120
27576	73569600	11.3	947120
27576	76248000	8.1	947120
27576	78840000	6.6	947120
27576	81518400	9.2	947120
27577	-291902400	20.3	947150
27577	-289224000	21.4	947150
27577	-286632000	25.1	947150
27577	-283953600	26.8	947150
27577	-281275200	27.3	947150
27577	-278856000	23.5	947150
27577	-276177600	19.9	947150
27577	-273585600	13.8	947150
27577	-270907200	11.3	947150
27577	-268315200	9.3	947150
27577	-265636800	12	947150
27577	-262958400	16.9	947150
27577	-260366400	22.8	947150
27577	-257688000	25.2	947150
27577	-255096000	25.9	947150
27577	-252417600	25.5	947150
27577	-249739200	27	947150
27577	-247320000	22.6	947150
27577	-244641600	18.6	947150
27577	-242049600	13	947150
27577	-239371200	12.2	947150
27577	-236779200	11.7	947150
27577	-234100800	11.7	947150
27577	-231422400	15.9	947150
27577	-228830400	19.2	947150
27577	-226152000	23.8	947150
27577	-223560000	23.5	947150
27577	-220881600	23.8	947150
27577	-218203200	26.1	947150
27577	-215784000	23.6	947150
27577	-213105600	19.2	947150
27577	-210513600	16.3	947150
27577	-207835200	11.3	947150
27577	-205243200	9.9	947150
27577	-202564800	12.7	947150
27577	-199886400	15.5	947150
27577	-197294400	19.2	947150
27577	-194616000	21.4	947150
27577	-192024000	25.9	947150
27577	-189345600	26.6	947150
27577	-186667200	24.7	947150
27577	-184161600	23.9	947150
27577	-181483200	19.2	947150
27577	-178891200	13.4	947150
27577	-176212800	11	947150
27577	-173620800	10.8	947150
27577	-170942400	11.6	947150
27577	-168264000	17	947150
27577	-165672000	17.1	947150
27577	-162993600	22.2	947150
27577	-160401600	24.5	947150
27577	-157723200	27.5	947150
27577	-155044800	28	947150
27577	-152625600	24.6	947150
27577	-149947200	19	947150
27577	-147355200	14.6	947150
27577	-144676800	11	947150
27577	-142084800	9.2	947150
27577	-139406400	13.3	947150
27577	-136728000	19.2	947150
27577	-134136000	21.7	947150
27577	-131457600	23.7	947150
27577	-128865600	26.8	947150
27577	-126187200	27.6	947150
27577	-123508800	27.2	947150
27577	-121089600	23.7	947150
27577	-118411200	20.3	947150
27577	-115819200	13.3	947150
27577	-113140800	11	947150
27577	-110548800	9.5	947150
27577	-107870400	11.5	947150
27577	-105192000	14.9	947150
27577	-102600000	18.3	947150
27577	-99921600	22.1	947150
27577	-97329600	25.4	947150
27577	-94651200	28.5	947150
27577	-91972800	28.1	947150
27577	-89553600	20.9	947150
27577	-86875200	19.8	947150
27577	-84283200	14.9	947150
27577	-81604800	14.1	947150
27577	-79012800	9.5	947150
27577	-76334400	10.7	947150
27577	-73656000	15.4	947150
27577	-71064000	22.4	947150
27577	-68385600	23.6	947150
27577	-65793600	24.4	947150
27577	-63115200	26.8	947150
27577	-60436800	26.7	947150
27577	-57931200	24.9	947150
27577	-55252800	21.7	947150
27577	-52660800	12.9	947150
27577	-49982400	10.1	947150
27577	-47390400	8.8	947150
27577	-44712000	11.4	947150
27577	-42033600	14.2	947150
27577	-39441600	19.6	947150
27577	-36763200	24	947150
27577	-34171200	25.4	947150
27577	-31492800	30.9	947150
27577	-28814400	29.2	947150
27577	-26395200	24.9	947150
27577	-23716800	18.9	947150
27577	-21124800	14.5	947150
27577	-18446400	11.1	947150
27577	-15854400	11.8	947150
27577	-13176000	13.4	947150
27577	-10497600	12.2	947150
27577	-7905600	20.5	947150
27577	-5227200	21.6	947150
27577	-2635200	25.3	947150
27577	43200	26.1	947150
27577	2721600	26.6	947150
27577	5140800	22.3	947150
27577	7819200	18.9	947150
27577	10411200	12.4	947150
27577	13089600	11.6	947150
27577	15681600	9.2	947150
27577	18360000	11	947150
27577	21038400	13.9	947150
27577	23630400	19.5	947150
27577	26308800	22.2	947150
27577	28900800	24.8	947150
27577	31579200	26.7	947150
27577	34257600	26	947150
27577	36676800	24.9	947150
27577	39355200	18.9	947150
27577	41947200	14.2	947150
27577	44625600	10.6	947150
27577	47217600	9.4	947150
27577	49896000	11.9	947150
27577	52574400	14.9	947150
27577	55166400	19.4	947150
27577	57844800	20.6	947150
27578	-1378123200	13.1	947170
27578	-1375444800	10.8	947170
27578	-1372852800	10.4	947170
27579	-907329600	18.5	947180
27579	-904737600	14.4	947180
27579	-902059200	11	947180
27579	-899467200	10.1	947180
27579	-896788800	10.4	947180
27579	-894110400	16.2	947180
27579	-891518400	19.1	947180
27579	-888840000	24.4	947180
27579	-886248000	26.1	947180
27579	-883569600	28.8	947180
27579	-880891200	24.8	947180
27579	-878472000	24.4	947180
27579	-875793600	20.1	947180
27579	-873201600	15.3	947180
27579	-870523200	12.7	947180
27579	-867931200	9.8	947180
27579	-865252800	11.9	947180
27579	-862574400	14.3	947180
27579	-859982400	18.5	947180
27579	-857304000	22.7	947180
27579	-854712000	25.1	947180
27579	-852033600	24.9	947180
27579	-849355200	27.1	947180
27579	-846936000	26.5	947180
27579	-844257600	17.6	947180
27579	-841665600	13.9	947180
27579	-838987200	8.5	947180
27579	-836395200	8	947180
27579	-833716800	9.6	947180
27579	-831038400	14.9	947180
27579	-828446400	19.9	947180
27579	-825768000	21.6	947180
27579	-823176000	25.5	947180
27579	-820497600	27.5	947180
27579	-817819200	24.2	947180
27579	-815313600	23.7	947180
27579	-812635200	16.7	947180
27579	-810043200	11.9	947180
27579	-807364800	10.7	947180
27579	-804772800	10	947180
27579	-802094400	11.2	947180
27579	-799416000	16.1	947180
27579	-796824000	20.4	947180
27579	-794145600	25.3	947180
27579	-791553600	27.2	947180
27579	-788875200	28.1	947180
27579	-786196800	26.3	947180
27579	-783777600	21.3	947180
27579	-781099200	18.1	947180
27579	-778507200	14.2	947180
27579	-775828800	12.4	947180
27579	-773236800	9.1	947180
27579	-770558400	11.6	947180
27579	-767880000	14.7	947180
27579	-765288000	19.3	947180
27579	-762609600	23.6	947180
27579	-760017600	26.5	947180
27579	-757339200	29.8	947180
27579	-754660800	28.8	947180
27579	-752241600	22.2	947180
27579	-749563200	17.9	947180
27579	-746971200	14.7	947180
27579	-744292800	9.5	947180
27579	-741700800	9.9	947180
27579	-739022400	12.4	947180
27579	-736344000	15.2	947180
27579	-733752000	18.8	947180
27579	-731073600	26.3	947180
27579	-728481600	26.8	947180
27579	-725803200	29.9	947180
27579	-723124800	25.9	947180
27579	-720705600	23.5	947180
27579	-718027200	18.5	947180
27579	-715435200	16.7	947180
27579	-712756800	10.6	947180
27579	-710164800	9.6	947180
27579	-707486400	10.9	947180
27579	-704808000	14.4	947180
27579	-702216000	16.8	947180
27579	-699537600	20	947180
27579	-696945600	22.3	947180
27579	-694267200	23.4	947180
27579	-691588800	27.2	947180
27579	-689083200	22.4	947180
27579	-686404800	17.8	947180
27579	-683812800	12.6	947180
27579	-681134400	11.6	947180
27579	-678542400	9	947180
27579	-675864000	11.5	947180
27579	-673185600	14.7	947180
27579	-670593600	19.2	947180
27579	-667915200	22.9	947180
27579	-665323200	27.7	947180
27579	-662644800	25.3	947180
27579	-659966400	25.6	947180
27579	-657547200	23.9	947180
27579	-654868800	17.9	947180
27579	-652276800	13.8	947180
27579	-649598400	9	947180
27579	-647006400	10	947180
27579	-644328000	12.2	947180
27579	-641649600	14.6	947180
27579	-639057600	19.8	947180
27579	-636379200	21.4	947180
27579	-633787200	26.5	947180
27579	-631108800	26.9	947180
27579	-628430400	24.7	947180
27579	-626011200	24.5	947180
27579	-623332800	19	947180
27579	-620740800	15.5	947180
27579	-618062400	12.4	947180
27579	-615470400	12.5	947180
27579	-612792000	12	947180
27579	-610113600	15.2	947180
27579	-607521600	17.9	947180
27579	-604843200	20	947180
27579	-602251200	25.4	947180
27579	-599572800	25	947180
27579	-596894400	25.8	947180
27579	-594475200	24.4	947180
27579	-591796800	16.5	947180
27579	-589204800	13.8	947180
27579	-586526400	12.8	947180
27579	-583934400	10.2	947180
27579	-581256000	9.6	947180
27579	-578577600	15.6	947180
27579	-575985600	18.2	947180
27579	-573307200	22.6	947180
27579	-570715200	25	947180
27579	-568036800	30.3	947180
27579	-565358400	26.9	947180
27579	-562852800	22.6	947180
27579	-560174400	18.4	947180
27579	-557582400	14.1	947180
27579	-554904000	10.9	947180
27579	-552312000	10.4	947180
27579	-549633600	12	947180
27579	-546955200	14.1	947180
27579	-544363200	18.9	947180
27579	-541684800	21.1	947180
27579	-539092800	26.2	947180
27579	-536414400	27.1	947180
27579	-533736000	23.9	947180
27579	-531316800	24	947180
27579	-528638400	20.3	947180
27579	-526046400	14.2	947180
27579	-523368000	10.8	947180
27579	-520776000	10.1	947180
27579	-518097600	10.8	947180
27579	-515419200	15.9	947180
27579	-512827200	19.2	947180
27579	-510148800	22.9	947180
27579	-507556800	27.9	947180
27579	-504878400	26.3	947180
27579	-502200000	24.6	947180
27579	-499780800	22.5	947180
27579	-497102400	20.7	947180
27579	-494510400	14.4	947180
27579	-491832000	12	947180
27579	-489240000	11.7	947180
27579	-486561600	13.6	947180
27579	-483883200	16	947180
27579	-481291200	19.5	947180
27579	-478612800	22.4	947180
27579	-476020800	25.8	947180
27579	-473342400	26.3	947180
27579	-470664000	25.4	947180
27579	-468244800	25.1	947180
27579	-465566400	20.3	947180
27579	-462974400	13.4	947180
27579	-460296000	11.6	947180
27579	-457704000	8.6	947180
27579	-455025600	11.4	947180
27579	-452347200	14.8	947180
27579	-449755200	18.5	947180
27579	-447076800	20.1	947180
27579	-444484800	22.8	947180
27579	-441806400	25.3	947180
27579	-439128000	23.9	947180
27579	-436622400	23.6	947180
27579	-433944000	17.9	947180
27579	-431352000	13.3	947180
27579	-428673600	10.4	947180
27579	-426081600	10.1	947180
27579	-423403200	9.5	947180
27579	-420724800	12.9	947180
27579	-418132800	16.4	947180
27579	-415454400	19.3	947180
27579	-412862400	24.2	947180
27580	478526400	22.8	947190
27580	481204800	17.4	947190
27580	483796800	13.9	947190
27580	486475200	8.7	947190
27580	489067200	9.2	947190
27580	491745600	10.1	947190
27580	494424000	12.2	947190
27580	497016000	16.4	947190
27580	499694400	19.5	947190
27580	502286400	21.7	947190
27580	504964800	23.1	947190
27580	507643200	24.7	947190
27580	510062400	23.7	947190
27580	512740800	18	947190
27580	515332800	14	947190
27580	518011200	9.6	947190
27580	520603200	9	947190
27580	523281600	9.3	947190
27580	525960000	12.9	947190
27580	528552000	14.3	947190
27580	531230400	19.6	947190
27580	533822400	21.5	947190
27580	536500800	24.6	947190
27580	539179200	25.4	947190
27580	541598400	19.4	947190
27580	544276800	17.6	947190
27580	546868800	13	947190
27580	549547200	11.4	947190
27580	552139200	7.9	947190
27580	554817600	10.7	947190
27580	557496000	12.9	947190
27580	560088000	15.7	947190
27580	562766400	20.6	947190
27580	565358400	23.6	947190
27580	568036800	25.8	947190
27580	570715200	22.5	947190
27580	573220800	21.4	947190
27580	575899200	17.7	947190
27580	578491200	13.6	947190
27580	581169600	9.9	947190
27580	583761600	10.3	947190
27580	586440000	10.2	947190
27580	589118400	13.5	947190
27580	591710400	17.4	947190
27580	594388800	20.4	947190
27580	596980800	24.4	947190
27580	599659200	22.8	947190
27580	602337600	24.8	947190
27580	604756800	22.9	947190
27580	607435200	17.9	947190
27580	610027200	14.8	947190
27580	612705600	10	947190
27580	615297600	8.2	947190
27580	617976000	8.2	947190
27580	620654400	11.9	947190
27580	623246400	15.9	947190
27580	625924800	19.9	947190
27580	628516800	23.8	947190
27580	631195200	26	947190
27580	633873600	24	947190
27580	636292800	22.4	947190
27580	638971200	17.4	947190
27580	641563200	13.2	947190
27580	644241600	9.6	947190
27580	646833600	10	947190
27580	649512000	8.8	947190
27580	652190400	12.5	947190
27580	654782400	15.8	947190
27580	657460800	21	947190
27580	660052800	26.1	947190
27580	662731200	25.8	947190
27580	665409600	26.9	947190
27580	667828800	21.7	947190
27580	670507200	16.8	947190
27580	673099200	14.4	947190
27580	675777600	12	947190
27580	678369600	9	947190
27580	681048000	8.6	947190
27580	683726400	12.3	947190
27580	686318400	18.3	947190
27580	688996800	20.6	947190
27580	691588800	21.8	947190
27580	694267200	23.6	947190
27580	696945600	22.6	947190
27580	699451200	21.4	947190
27580	702129600	18.1	947190
27580	704721600	13.5	947190
27580	707400000	9.6	947190
27580	709992000	9.1	947190
27580	712670400	8.9	947190
27580	715348800	11.2	947190
27580	717940800	16.3	947190
27580	720619200	18.3	947190
27580	723211200	21.2	947190
27580	725889600	25.5	947190
27580	728568000	24	947190
27580	730987200	20.5	947190
27580	733665600	18.5	947190
27580	736257600	13.5	947190
27580	738936000	9.1	947190
27580	741528000	11.4	947190
27580	744206400	10.2	947190
27580	746884800	12.3	947190
27580	749476800	14.7	947190
27580	752155200	19.4	947190
27580	754747200	21.2	947190
27580	757425600	24.7	947190
27580	760104000	24.3	947190
27580	762523200	19.4	947190
27580	765201600	17	947190
27580	767793600	12.5	947190
27580	770472000	10.2	947190
27580	773064000	8.8	947190
27580	775742400	9.2	947190
27580	778420800	11.9	947190
27580	781012800	16.7	947190
27580	783691200	20.9	947190
27580	786283200	26	947190
27580	788961600	23.8	947190
27580	791640000	23.5	947190
27580	794059200	21.3	947190
27580	796737600	15.8	947190
27580	799329600	14.6	947190
27580	802008000	11.1	947190
27580	804600000	8.1	947190
27580	807278400	12.4	947190
27580	809956800	13.7	947190
27580	812548800	17.9	947190
27580	815227200	21	947190
27580	817819200	22.5	947190
27580	820497600	24.6	947190
27580	823176000	22.6	947190
27580	825681600	21.5	947190
27580	828360000	16	947190
27580	830952000	14.5	947190
27580	833630400	11.4	947190
27580	836222400	9.5	947190
27580	838900800	10.1	947190
27580	841579200	12.5	947190
27580	844171200	16.7	947190
27580	846849600	18.8	947190
27580	849441600	22.8	947190
27580	852120000	23.3	947190
27580	854798400	25.9	947190
27580	857217600	22.2	947190
27580	859896000	17.8	947190
27580	862488000	14.2	947190
27580	865166400	10.2	947190
27580	867758400	8.9	947190
27580	870436800	9.9	947190
27580	873115200	13.6	947190
27580	875707200	17.8	947190
27580	878385600	24.2	947190
27580	880977600	25.9	947190
27580	883656000	26.3	947190
27580	886334400	26	947190
27580	888753600	24.6	947190
27580	891432000	18.8	947190
27580	894024000	13.2	947190
27580	896702400	10.3	947190
27580	899294400	8.9	947190
27580	901972800	11.5	947190
27580	904651200	14.3	947190
27580	907243200	15.2	947190
27580	909921600	18.6	947190
27580	912513600	23.9	947190
27580	915192000	27	947190
27580	917870400	23.1	947190
27580	920289600	20.5	947190
27580	922968000	14.4	947190
27580	925560000	14.2	947190
27580	928238400	10.7	947190
27580	930830400	10.3	947190
27580	933508800	10.7	947190
27580	936187200	14.6	947190
27580	938779200	17.8	947190
27580	941457600	17.4	947190
27580	944049600	21.4	947190
27580	946728000	21.5	947190
27580	949406400	24.5	947190
27580	951912000	22.1	947190
27581	57844800	17.3	947230
27581	60436800	22.2	947230
27581	63115200	22.2	947230
27581	65793600	21.8	947230
27581	68299200	20.6	947230
27581	70977600	15.9	947230
27581	73569600	13.5	947230
27581	76248000	9.9	947230
27581	78840000	8.1	947230
27581	81518400	11.1	947230
27581	84196800	14.6	947230
27581	86788800	17.8	947230
27581	89467200	20.3	947230
27581	92059200	25.4	947230
27581	94737600	27.3	947230
27581	97416000	23.7	947230
27581	99835200	21.6	947230
27581	102513600	17.9	947230
27581	105105600	13.1	947230
27581	107784000	10.5	947230
27581	110376000	11.5	947230
27581	113054400	10.2	947230
27581	115732800	13.4	947230
27581	118324800	17.1	947230
27581	121003200	19.2	947230
27581	123595200	22.7	947230
27581	126273600	24.3	947230
27581	128952000	23	947230
27581	131371200	21.8	947230
27581	134049600	18.7	947230
27581	136641600	14.1	947230
27581	139320000	10	947230
27581	141912000	8.6	947230
27581	144590400	8.9	947230
27581	147268800	11.4	947230
27581	149860800	15.5	947230
27581	152539200	17.7	947230
27581	155131200	21.9	947230
27581	157809600	24.8	947230
27581	160488000	23.8	947230
27581	162907200	20.2	947230
27581	165585600	16.4	947230
27581	168177600	12.8	947230
27581	170856000	10.4	947230
27581	173448000	10.3	947230
27581	176126400	10.3	947230
27581	178804800	14.1	947230
27581	181396800	15.4	947230
27581	184075200	20.4	947230
27581	186667200	24.5	947230
27581	189345600	23.8	947230
27581	192024000	23.8	947230
27581	194529600	20.8	947230
27581	197208000	16	947230
27581	199800000	12.5	947230
27581	202478400	9.8	947230
27581	205070400	8.8	947230
27581	207748800	9.3	947230
27581	210427200	11.5	947230
27581	213019200	14.6	947230
27581	215697600	17.8	947230
27581	218289600	22.2	947230
27581	220968000	23.9	947230
27581	223646400	24.7	947230
27581	226065600	20.4	947230
27581	228744000	16.2	947230
27581	231336000	13.2	947230
27581	234014400	8.8	947230
27581	236606400	8.1	947230
27581	239284800	10.8	947230
27581	241963200	12.7	947230
27581	244555200	17.4	947230
27581	247233600	21.5	947230
27581	249825600	24.3	947230
27581	252504000	24.7	947230
27581	255182400	24.5	947230
27581	257601600	22	947230
27581	260280000	16	947230
27581	262872000	13.8	947230
27581	265550400	10	947230
27581	268142400	8	947230
27581	270820800	9.2	947230
27581	273499200	12.4	947230
27581	276091200	15.2	947230
27581	278769600	18.6	947230
27581	281361600	20.8	947230
27581	284040000	26.5	947230
27581	286718400	25.5	947230
27581	289137600	21.2	947230
27581	291816000	15.9	947230
27581	294408000	12	947230
27581	297086400	11	947230
27581	299678400	7.9	947230
27581	302356800	9.3	947230
27581	305035200	12.8	947230
27581	307627200	16.6	947230
27581	310305600	21.3	947230
27581	312897600	24.6	947230
27581	315576000	24.1	947230
27581	318254400	24.8	947230
27581	320760000	22.4	947230
27581	323438400	17.9	947230
27581	326030400	14.6	947230
27581	328708800	10.4	947230
27581	331300800	8.6	947230
27581	333979200	10.1	947230
27581	336657600	13	947230
27581	339249600	18.8	947230
27581	341928000	22.2	947230
27581	344520000	24	947230
27581	347198400	27.3	947230
27581	349876800	26	947230
27581	352296000	21.5	947230
27581	354974400	18.4	947230
27581	357566400	13.8	947230
27581	360244800	9.6	947230
27581	362836800	9	947230
27581	365515200	9.4	947230
27581	368193600	13.8	947230
27581	370785600	17.4	947230
27581	373464000	18.6	947230
27581	376056000	23.4	947230
27581	378734400	25.4	947230
27581	381412800	25.1	947230
27581	383832000	20.8	947230
27581	386510400	16.8	947230
27582	781012800	15.4	947280
27582	783691200	19.4	947280
27582	786283200	22.8	947280
27582	788961600	21.3	947280
27582	791640000	21.1	947280
27582	794059200	19.1	947280
27582	796737600	13.4	947280
27582	799329600	12.7	947280
27582	802008000	9.1	947280
27582	804600000	6.7	947280
27582	807278400	10.4	947280
27582	809956800	12.4	947280
27582	812548800	15.7	947280
27582	815227200	19.6	947280
27582	817819200	20.2	947280
27582	820497600	22.5	947280
27582	823176000	19.4	947280
27582	825681600	18.7	947280
27582	828360000	13.8	947280
27582	830952000	12.7	947280
27582	833630400	9.8	947280
27582	836222400	7.9	947280
27582	838900800	8.8	947280
27582	841579200	11.5	947280
27582	844171200	14.9	947280
27582	846849600	17.5	947280
27582	849441600	20.3	947280
27582	852120000	20.6	947280
27582	854798400	23.3	947280
27582	857217600	19.1	947280
27582	859896000	14.8	947280
27582	862488000	12.4	947280
27582	865166400	8.3	947280
27582	867758400	6.9	947280
27582	870436800	7.8	947280
27582	873115200	12.1	947280
27582	875707200	15.3	947280
27582	878385600	21.3	947280
27582	880977600	22.9	947280
27582	883656000	23.8	947280
27582	886334400	23.2	947280
27582	888753600	21.6	947280
27582	891432000	16.7	947280
27582	894024000	12	947280
27582	896702400	8.6	947280
27582	899294400	8.2	947280
27582	901972800	10.4	947280
27582	904651200	13.6	947280
27582	907243200	14.2	947280
27582	909921600	16.7	947280
27582	912513600	21.4	947280
27582	915192000	24	947280
27582	917870400	21	947280
27582	920289600	19.9	947280
27582	922968000	13.6	947280
27582	925560000	11.9	947280
27582	928238400	9	947280
27582	930830400	8.7	947280
27582	933508800	8.8	947280
27582	936187200	12.6	947280
27582	938779200	16.4	947280
27582	941457600	15.4	947280
27582	944049600	19.3	947280
27582	946728000	20.7	947280
27582	949406400	21.7	947280
27582	951912000	20.3	947280
27582	954590400	15.2	947280
27582	957182400	10.7	947280
27582	959860800	7.3	947280
27582	962452800	6.9	947280
27582	965131200	7.9	947280
27582	967809600	12.9	947280
27582	970401600	14.4	947280
27582	973080000	18.4	947280
27582	975672000	21.2	947280
27582	978350400	23.7	947280
27582	981028800	23.4	947280
27582	983448000	18.8	947280
27582	986126400	15.3	947280
27582	988718400	10.2	947280
27582	991396800	8.4	947280
27582	993988800	7.7	947280
27582	996667200	7.4	947280
27582	999345600	12	947280
27582	1001937600	13.9	947280
27582	1004616000	17.1	947280
27582	1007208000	20.7	947280
27582	1009886400	22.5	947280
27582	1012564800	22.2	947280
27582	1014984000	19.7	947280
27582	1017662400	16.4	947280
27582	1020254400	10.2	947280
27582	1022932800	7.8	947280
27582	1025524800	6.6	947280
27582	1028203200	9	947280
27582	1030881600	12.4	947280
27582	1033473600	16.4	947280
27582	1036152000	22.1	947280
27582	1038744000	21.6	947280
27582	1041422400	23.9	947280
27582	1044100800	23.4	947280
27582	1046520000	18.1	947280
27582	1049198400	14.9	947280
27582	1051790400	11.3	947280
27582	1054468800	9.5	947280
27582	1057060800	7	947280
27582	1059739200	8.7	947280
27582	1062417600	11.4	947280
27582	1065009600	13.1	947280
27582	1067688000	17.6	947280
27582	1070280000	22.7	947280
27582	1072958400	23.9	947280
27582	1075636800	24.4	947280
27582	1078142400	19.5	947280
27582	1080820800	15.5	947280
27582	1083412800	10.1	947280
27582	1086091200	8	947280
27582	1088683200	7	947280
27582	1091361600	8.1	947280
27582	1094040000	11.4	947280
27582	1096632000	15.8	947280
27582	1099310400	18.4	947280
27582	1101902400	21.2	947280
27582	1104580800	23.1	947280
27582	1107259200	22.3	947280
27582	1109678400	18.6	947280
27582	1112356800	17.5	947280
27582	1114948800	11.4	947280
27582	1117627200	9.4	947280
27582	1120219200	8.4	947280
27582	1122897600	8.4	947280
27582	1125576000	12.3	947280
27582	1128168000	16	947280
27582	1130846400	19.1	947280
27582	1133438400	22.1	947280
27582	1136116800	25.8	947280
27582	1138795200	25	947280
27582	1141214400	20.6	947280
27582	1143892800	14	947280
27582	1146484800	9.1	947280
27582	1149163200	7	947280
27582	1151755200	7.4	947280
27582	1154433600	8.8	947280
27582	1157112000	12.7	947280
27582	1159704000	16.7	947280
27582	1162382400	19.7	947280
27582	1164974400	21.5	947280
27582	1167652800	24	947280
27582	1170331200	23.7	947280
27582	1172750400	21	947280
27582	1175428800	15.8	947280
27582	1178020800	12.9	947280
27582	1180699200	7.5	947280
27582	1183291200	7	947280
27582	1185969600	10.2	947280
27582	1188648000	11.8	947280
27582	1191240000	17.3	947280
27582	1193918400	19.1	947280
27582	1196510400	20.9	947280
27582	1199188800	22.3	947280
27582	1201867200	19.8	947280
27582	1204372800	18.1	947280
27582	1207051200	13.1	947280
27582	1209643200	11.1	947280
27582	1212321600	9.9	947280
27582	1214913600	7.3	947280
27582	1217592000	7.6	947280
27582	1220270400	12.6	947280
27582	1222862400	16.6	947280
27582	1225540800	18.3	947280
27582	1228132800	20.9	947280
27582	1230811200	23.5	947280
27583	-1567425600	7.8	947300
27583	-1564747200	6.9	947300
27583	-1562155200	6.7	947300
27583	-1559476800	6.6	947300
27583	-1556798400	9.8	947300
27583	-1554206400	13.3	947300
27583	-1551528000	17.3	947300
27583	-1548936000	18.3	947300
27583	-1546257600	19.5	947300
27583	-1543579200	20.2	947300
27584	13089600	8.2	947310
27584	15681600	5.5	947310
27584	18360000	7.2	947310
27584	21038400	9.7	947310
27584	23630400	14.8	947310
27584	26308800	16.8	947310
27584	28900800	20.1	947310
27584	31579200	20.9	947310
27584	34257600	21.5	947310
27584	36676800	20.6	947310
27584	39355200	15.2	947310
27584	41947200	10.7	947310
27584	44625600	7.2	947310
27584	47217600	6.2	947310
27584	49896000	8.3	947310
27584	52574400	10.9	947310
27584	55166400	13.2	947310
27584	57844800	15.6	947310
27584	60436800	20.3	947310
27584	63115200	20.5	947310
27584	65793600	20.4	947310
27584	68299200	19	947310
27584	70977600	14.6	947310
27584	73569600	12.4	947310
27584	76248000	8.4	947310
27584	78840000	6.8	947310
27584	81518400	9.4	947310
27584	84196800	12.7	947310
27584	86788800	15.8	947310
27584	89467200	18.1	947310
27584	92059200	22.6	947310
27584	94737600	24.8	947310
27584	97416000	22.1	947310
27584	99835200	20.6	947310
27584	102513600	16.6	947310
27584	105105600	12	947310
27584	107784000	9.5	947310
27584	110376000	10.3	947310
27584	113054400	9.1	947310
27584	115732800	12.1	947310
27584	118324800	15.4	947310
27584	121003200	17.4	947310
27584	123595200	21.3	947310
27584	126273600	22.2	947310
27584	128952000	22	947310
27584	131371200	20.8	947310
27584	134049600	17.7	947310
27584	136641600	12.6	947310
27584	139320000	8.3	947310
27584	141912000	7.5	947310
27584	144590400	8.1	947310
27584	147268800	9.7	947310
27584	149860800	14.3	947310
27584	152539200	16	947310
27584	155131200	20.2	947310
27584	157809600	22.2	947310
27584	160488000	22.1	947310
27584	162907200	18.9	947310
27584	165585600	14.9	947310
27584	168177600	11.4	947310
27584	170856000	9.1	947310
27584	173448000	8.6	947310
27584	176126400	9.1	947310
27584	178804800	12.4	947310
27584	181396800	14.1	947310
27584	184075200	18.9	947310
27584	186667200	22.6	947310
27584	189345600	22.1	947310
27584	192024000	22.4	947310
27584	194529600	20.3	947310
27584	197208000	15.3	947310
27584	199800000	11.4	947310
27584	202478400	9.1	947310
27584	205070400	7.9	947310
27584	207748800	7.9	947310
27584	210427200	9.7	947310
27584	213019200	13.3	947310
27584	215697600	16.2	947310
27584	218289600	21.3	947310
27584	220968000	23	947310
27584	223646400	23.9	947310
27584	226065600	20.3	947310
27584	228744000	15.4	947310
27584	231336000	11.5	947310
27584	234014400	8.1	947310
27584	236606400	6.8	947310
27584	239284800	8.8	947310
27584	241963200	10.9	947310
27584	244555200	15.6	947310
27584	247233600	19.5	947310
27584	249825600	22.9	947310
27584	252504000	23.1	947310
27584	255182400	23.1	947310
27584	257601600	21.9	947310
27584	260280000	15	947310
27584	262872000	12.7	947310
27584	265550400	8.8	947310
27584	268142400	7	947310
27584	270820800	7.9	947310
27584	273499200	10.8	947310
27584	276091200	13.7	947310
27584	278769600	17.2	947310
27584	281361600	19.2	947310
27584	284040000	25.2	947310
27584	286718400	24.2	947310
27584	289137600	20.2	947310
27584	291816000	15.4	947310
27584	294408000	11.1	947310
27584	297086400	9.5	947310
27584	299678400	7.1	947310
27584	302356800	8.4	947310
27584	305035200	11.9	947310
27584	307627200	15.4	947310
27584	310305600	20	947310
27584	312897600	24	947310
27584	315576000	23.3	947310
27585	144590400	11.3	947340
27585	147268800	14.2	947340
27585	149860800	18.8	947340
27585	152539200	21.2	947340
27585	155131200	26	947340
27585	157809600	27.1	947340
27585	160488000	25.4	947340
27586	383832000	15.9	947350
27586	386510400	12	947350
27586	389102400	8.8	947350
27637	-560174400	17.3	955120
27637	-557582400	14.1	955120
27637	-554904000	10.8	955120
27637	-552312000	9.8	955120
27637	-549633600	12.4	955120
27637	-546955200	15.5	955120
27637	-544363200	19.8	955120
27637	-541684800	21.8	955120
27637	-539092800	27.1	955120
27637	-536414400	27	955120
27637	-533736000	24.4	955120
27637	-531316800	25.6	955120
27637	-528638400	21	955120
27637	-526046400	14.5	955120
27637	-523368000	11.9	955120
27637	-520776000	11	955120
27637	-518097600	10.9	955120
27637	-515419200	16.5	955120
27637	-512827200	19.8	955120
27637	-510148800	23.3	955120
27637	-507556800	28.8	955120
27637	-504878400	26.6	955120
27637	-502200000	24.9	955120
27637	-499780800	24.1	955120
27637	-497102400	22.2	955120
27637	-494510400	14.9	955120
27637	-491832000	12.3	955120
27637	-489240000	11.2	955120
27637	-486561600	13.1	955120
27637	-483883200	16	955120
27637	-481291200	19.5	955120
27637	-478612800	23.5	955120
27637	-476020800	26.8	955120
27637	-473342400	27.1	955120
27637	-470664000	27	955120
27637	-468244800	26	955120
27637	-465566400	20.9	955120
27637	-462974400	13.9	955120
27637	-460296000	12.9	955120
27637	-457704000	9	955120
27637	-455025600	12.2	955120
27637	-452347200	16.2	955120
27637	-449755200	19.7	955120
27637	-447076800	21.5	955120
27637	-444484800	23.5	955120
27637	-441806400	26.7	955120
27637	-439128000	24.8	955120
27637	-436622400	23.6	955120
27637	-433944000	18.9	955120
27637	-431352000	14.3	955120
27637	-428673600	10.9	955120
27637	-426081600	11.5	955120
27637	-423403200	11.5	955120
27637	-420724800	14.1	955120
27637	-418132800	17.6	955120
27637	-415454400	21.2	955120
27637	-412862400	25.6	955120
27650	-1251892800	13	957070
27650	-1249214400	10	957070
27650	-1246622400	9.4	957070
27650	-1243944000	9.2	957070
27650	-1241265600	12.3	957070
27650	-1238673600	17.2	957070
27650	-1235995200	20.5	957070
27650	-1233403200	23.1	957070
27650	-1230724800	22.8	957070
27650	-1228046400	24.6	957070
27650	-1225627200	21.3	957070
27650	-1222948800	15.4	957070
27650	-1220356800	12.7	957070
27650	-1217678400	9.4	957070
27650	-1215086400	8.1	957070
27650	-1212408000	9.3	957070
27650	-1209729600	12.1	957070
27650	-1207137600	15.6	957070
27650	-1204459200	20.7	957070
27650	-1201867200	24.1	957070
27650	-1199188800	28.6	957070
27650	-1196510400	22.7	957070
27650	-1194004800	21.2	957070
27650	-1191326400	16.4	957070
27650	-1188734400	13.6	957070
27650	-1186056000	8.7	957070
27650	-1183464000	8.2	957070
27650	-1180785600	11.2	957070
27650	-1178107200	13.7	957070
27650	-1175515200	15.3	957070
27650	-1172836800	21.5	957070
27650	-1170244800	23.3	957070
27650	-1167566400	24.6	957070
27650	-1164888000	23.7	957070
27650	-1162468800	22.5	957070
27650	-1159790400	17.1	957070
27650	-1157198400	12.9	957070
27650	-1154520000	10.5	957070
27650	-1151928000	10.1	957070
27650	-1149249600	9.3	957070
27650	-1146571200	13.6	957070
27650	-1143979200	18.5	957070
27650	-1141300800	22	957070
27650	-1138708800	22.3	957070
27650	-1136030400	26	957070
27650	-1133352000	24.4	957070
27650	-1130932800	24.2	957070
27650	-1128254400	16.5	957070
27650	-1125662400	13.4	957070
27650	-1122984000	9	957070
27650	-1120392000	9.6	957070
27650	-1117713600	10.4	957070
27650	-1115035200	14.6	957070
27650	-1112443200	16.1	957070
27650	-1109764800	21.1	957070
27650	-1107172800	23.3	957070
27650	-1104494400	24.9	957070
27650	-1101816000	23.5	957070
27650	-1099396800	21.4	957070
27650	-1096718400	16	957070
27650	-1094126400	11.7	957070
27650	-1091448000	8.6	957070
27650	-1088856000	8.6	957070
27650	-1086177600	11.9	957070
27650	-1083499200	13.5	957070
27650	-1080907200	17.6	957070
27650	-1078228800	21.2	957070
27650	-1075636800	23.6	957070
27650	-1072958400	24	957070
27650	-1070280000	23.3	957070
27650	-1067774400	20.8	957070
27650	-1065096000	15.5	957070
27650	-1062504000	12.8	957070
27650	-1059825600	7.9	957070
27650	-1057233600	8.9	957070
27650	-1054555200	11.3	957070
27650	-1051876800	11.9	957070
27650	-1049284800	16.7	957070
27650	-1046606400	21.3	957070
27650	-1044014400	22.9	957070
27650	-1041336000	23.4	957070
27650	-1038657600	24.1	957070
27650	-1036238400	21.6	957070
27650	-1033560000	15.3	957070
27650	-1030968000	11.9	957070
27650	-1028289600	9	957070
27650	-1025697600	8.1	957070
27650	-1023019200	11.5	957070
27650	-1020340800	14.2	957070
27650	-1017748800	19.7	957070
27650	-1015070400	22.4	957070
27650	-1012478400	24.5	957070
27650	-1009800000	25.2	957070
27650	-1007121600	23.7	957070
27650	-1004702400	23.7	957070
27650	-1002024000	18	957070
27650	-999432000	14.5	957070
27650	-996753600	8.9	957070
27650	-994161600	7.8	957070
27650	-991483200	9.8	957070
27650	-988804800	14	957070
27650	-986212800	18.6	957070
27650	-983534400	23.8	957070
27650	-980942400	25.3	957070
27650	-978264000	30.6	957070
27650	-975585600	27	957070
27650	-973166400	21.1	957070
27650	-970488000	16.7	957070
27650	-967896000	14.1	957070
27650	-965217600	9	957070
27650	-962625600	7.2	957070
27650	-959947200	9.4	957070
27650	-957268800	12.5	957070
27650	-954676800	15.3	957070
27650	-951998400	19.4	957070
27650	-949406400	22.5	957070
27650	-946728000	25.8	957070
27650	-944049600	23.5	957070
27650	-941544000	24.6	957070
27650	-938865600	16	957070
27650	-936273600	11	957070
27650	-933595200	8	957070
27650	-931003200	9.1	957070
27650	-928324800	10.4	957070
27650	-925646400	14	957070
27650	-923054400	19.1	957070
27650	-920376000	20.3	957070
27650	-917784000	25.9	957070
27650	-915105600	24	957070
27650	-912427200	23.9	957070
27650	-910008000	19.4	957070
27650	-907329600	19.1	957070
27650	-904737600	11.7	957070
27650	-902059200	9.6	957070
27650	-899467200	8.8	957070
27650	-896788800	9.5	957070
27650	-894110400	13.5	957070
27650	-891518400	16.3	957070
27650	-888840000	23.3	957070
27650	-886248000	24.3	957070
27650	-883569600	26.4	957070
27650	-880891200	24.1	957070
27650	-878472000	21.6	957070
27650	-875793600	17.8	957070
27650	-873201600	13.3	957070
27650	-870523200	9.9	957070
27650	-867931200	8.6	957070
27650	-865252800	10.1	957070
27650	-862574400	13	957070
27650	-859982400	17.4	957070
27650	-857304000	21.3	957070
27650	-854712000	24.9	957070
27650	-852033600	24.6	957070
27650	-849355200	24.7	957070
27650	-846936000	23.2	957070
27650	-844257600	15.4	957070
27650	-841665600	11.4	957070
27650	-838987200	8	957070
27650	-836395200	7.6	957070
27650	-833716800	7.8	957070
27650	-831038400	11.6	957070
27650	-828446400	16.5	957070
27650	-825768000	18.4	957070
27650	-823176000	23.5	957070
27650	-820497600	25.7	957070
27650	-817819200	23	957070
27650	-815313600	21.1	957070
27650	-812635200	14.9	957070
27650	-810043200	11.4	957070
27650	-807364800	9	957070
27650	-804772800	8.4	957070
27651	173448000	7.5	957230
27651	176126400	7.4	957230
27652	497016000	16.4	957270
27652	499694400	19.7	957270
27671	-31492800	24.7	959956
27671	-28814400	24.2	959956
27671	-26395200	20.6	959956
27671	-23716800	15.4	959956
27671	-21124800	10.8	959956
27671	-18446400	8.9	959956
27671	-15854400	8.7	959956
27671	-13176000	10.5	959956
27671	-10497600	9.6	959956
27671	-7905600	16.1	959956
27671	-5227200	17.8	959956
27671	-2635200	20.5	959956
27672	-1435924800	5.2	959957
27672	-1433246400	5.8	959957
27672	-1430568000	7.6	959957
27672	-1427976000	11.7	959957
27672	-1425297600	12.8	959957
27672	-1422705600	15.1	959957
27672	-1420027200	16.7	959957
27672	-1417348800	16.9	959957
27672	-1414929600	16	959957
27672	-1412251200	12.5	959957
27672	-1409659200	9	959957
27672	-1406980800	6.2	959957
27672	-1404388800	3.7	959957
27672	-1401710400	5.3	959957
27672	-1399032000	6.5	959957
27672	-1396440000	12.6	959957
27672	-1393761600	14	959957
27672	-1391169600	15.8	959957
27672	-1388491200	17	959957
27672	-1385812800	20.8	959957
27672	-1383393600	16.4	959957
27672	-1380715200	12.8	959957
27672	-1378123200	7.3	959957
27672	-1375444800	6.9	959957
27672	-1372852800	6	959957
27672	-1370174400	6.4	959957
27672	-1367496000	9.8	959957
27672	-1364904000	11.7	959957
27672	-1362225600	15.3	959957
27672	-1359633600	16.4	959957
27672	-1356955200	19.8	959957
27672	-1354276800	18.5	959957
27672	-1351857600	16.6	959957
27672	-1349179200	12.7	959957
27672	-1346587200	7.2	959957
27672	-1343908800	5.7	959957
27672	-1341316800	4.4	959957
27672	-1338638400	5.4	959957
27672	-1335960000	8.5	959957
27672	-1333368000	13.3	959957
27672	-1330689600	16.6	959957
27672	-1328097600	16.6	959957
27672	-1325419200	17.5	959957
27672	-1322740800	19.5	959957
27672	-1320235200	17.2	959957
27672	-1317556800	13.7	959957
27672	-1314964800	7.4	959957
27672	-1312286400	6.1	959957
27672	-1309694400	5.3	959957
27672	-1307016000	8.6	959957
27672	-1304337600	10.7	959957
27672	-1301745600	11.2	959957
27672	-1299067200	16.6	959957
27672	-1296475200	19.8	959957
27672	-1293796800	21.7	959957
27672	-1291118400	19.4	959957
27672	-1288699200	16.4	959957
27672	-1286020800	11	959957
27672	-1283428800	8	959957
27672	-1280750400	4.6	959957
27672	-1278158400	3.4	959957
27672	-1275480000	5.8	959957
27672	-1272801600	7.9	959957
27672	-1270209600	11.7	959957
27672	-1267531200	14.4	959957
27672	-1264939200	16.9	959957
27672	-1262260800	18.4	959957
27672	-1259582400	21.1	959957
27672	-1257163200	16.9	959957
27672	-1254484800	12.3	959957
27672	-1251892800	9.1	959957
27672	-1249214400	6.6	959957
27672	-1246622400	5.8	959957
27672	-1243944000	6	959957
27672	-1241265600	7.9	959957
27672	-1238673600	13.2	959957
27672	-1235995200	15.3	959957
27672	-1233403200	17.4	959957
27672	-1230724800	18	959957
27672	-1228046400	19.9	959957
27672	-1225627200	16.2	959957
27672	-1222948800	11.4	959957
27672	-1220356800	8.7	959957
27672	-1217678400	5.9	959957
27672	-1215086400	4.5	959957
27672	-1212408000	5.9	959957
27672	-1209729600	8.8	959957
27672	-1207137600	11.8	959957
27672	-1204459200	14.1	959957
27672	-1201867200	17	959957
27672	-1199188800	22.9	959957
27672	-1196510400	19.3	959957
27672	-1194004800	15.6	959957
27672	-1191326400	13.4	959957
27672	-1188734400	7.4	959957
27672	-1186056000	5.9	959957
27672	-1183464000	3.4	959957
27672	-1180785600	6.3	959957
27672	-1178107200	7.9	959957
27672	-1175515200	12.2	959957
27672	-1172836800	16.7	959957
27672	-1170244800	15.4	959957
27672	-1167566400	18.6	959957
27672	-1164888000	18.5	959957
27672	-1162468800	19.5	959957
27677	654782400	17.6	959965
27677	657460800	22.1	959965
27677	660052800	26.9	959965
27677	662731200	27	959965
27677	665409600	28.9	959965
27677	667828800	23.2	959965
27677	670507200	18	959965
27677	673099200	15.7	959965
27677	675777600	13.4	959965
27677	678369600	9.5	959965
27677	681048000	10.3	959965
27677	683726400	13.4	959965
27677	686318400	19.6	959965
27677	688996800	21.6	959965
27677	691588800	23	959965
27677	694267200	24	959965
27677	696945600	23.1	959965
27677	699451200	22.3	959965
27677	702129600	18.6	959965
27677	704721600	13.7	959965
27677	707400000	10.4	959965
27677	709992000	10.4	959965
27677	712670400	10.2	959965
27677	715348800	12.1	959965
27677	717940800	17.3	959965
29262	78840000	9.7	947000
29262	81518400	12.3	947000
29262	84196800	15.1	947000
29262	86788800	18.2	947000
29262	89467200	21.7	947000
29262	92059200	25.4	947000
29262	94737600	27.7	947000
29262	97416000	25.1	947000
29262	99835200	21.3	947000
29262	102513600	18.2	947000
29262	105105600	13.7	947000
29262	107784000	10.3	947000
29262	110376000	10.2	947000
29262	113054400	10.7	947000
29262	115732800	14.1	947000
29262	118324800	17.5	947000
29262	121003200	20.3	947000
29262	123595200	23.6	947000
29262	126273600	24.7	947000
29262	128952000	23.4	947000
29262	131371200	23.4	947000
29262	134049600	17.1	947000
29262	136641600	13.9	947000
29262	139320000	9.7	947000
29262	141912000	9.5	947000
29262	144590400	10.9	947000
29262	147268800	11.7	947000
29262	149860800	16	947000
29262	152539200	18.6	947000
29262	155131200	22.1	947000
29262	157809600	22.7	947000
29262	160488000	25.2	947000
29262	162907200	20.9	947000
29262	165585600	17.1	947000
29262	168177600	14.8	947000
29262	170856000	9.9	947000
29262	173448000	12	947000
29262	176126400	10.2	947000
29262	178804800	14.7	947000
29262	181396800	15.4	947000
29262	184075200	21.2	947000
29262	186667200	25.5	947000
29262	189345600	23	947000
29262	192024000	25.3	947000
29262	194529600	22	947000
29262	197208000	17.2	947000
29262	199800000	12.8	947000
29262	202478400	10.2	947000
29262	205070400	9	947000
29262	207748800	10.3	947000
29262	210427200	13	947000
29262	213019200	15.1	947000
29262	215697600	19.2	947000
29262	218289600	23.1	947000
29262	220968000	25	947000
29262	223646400	26.3	947000
29262	226065600	21.2	947000
29262	228744000	15.4	947000
29262	231336000	13.5	947000
29262	234014400	9.3	947000
29262	236606400	7.9	947000
29262	239284800	12.8	947000
29262	241963200	12.9	947000
29262	244555200	19.5	947000
29262	247233600	21.4	947000
29263	-1888315200	24.2	947030
29263	-1885636800	20.8	947030
29263	-1883044800	16.9	947030
29263	-1880366400	13.5	947030
29263	-1877774400	10.4	947030
29263	-1875096000	12.8	947030
29263	-1872417600	18.4	947030
29263	-1869825600	19.3	947030
29263	-1867147200	23.3	947030
29263	-1864555200	25.1	947030
29263	-1861876800	26.9	947030
29263	-1859198400	24.1	947030
29263	-1856779200	23.5	947030
29263	-1854100800	18.2	947030
29263	-1851508800	16.3	947030
29263	-1848830400	10.2	947030
29263	-1846238400	10.8	947030
29263	-1843560000	12.3	947030
29263	-1840881600	17.2	947030
29263	-1838289600	20.5	947030
29263	-1835611200	25.9	947030
29263	-1833019200	26	947030
29263	-1830340800	29.5	947030
29263	-1827662400	30.3	947030
29263	-1825156800	26.3	947030
29263	-1822478400	18.7	947030
29263	-1819886400	14.8	947030
29263	-1817208000	11.1	947030
29263	-1814616000	9.5	947030
29263	-1811937600	12.6	947030
29263	-1809259200	16	947030
29263	-1806667200	20.5	947030
29263	-1803988800	25.5	947030
29263	-1801396800	27	947030
29263	-1798718400	29.8	947030
29263	-1796040000	28.1	947030
29263	-1793620800	23	947030
29263	-1790942400	20.3	947030
29263	-1788350400	13.5	947030
29263	-1785672000	9.5	947030
29263	-1783080000	10.1	947030
29263	-1780401600	11	947030
29263	-1777723200	15.2	947030
29263	-1775131200	22.7	947030
29263	-1772452800	23.7	947030
29263	-1769860800	28.1	947030
29263	-1767182400	30	947030
29263	-1764504000	29.5	947030
29263	-1762084800	25.2	947030
29264	-767880000	15.4	947070
29264	-765288000	18.7	947070
29264	-762609600	23.7	947070
29264	-760017600	27.5	947070
29264	-757339200	29.7	947070
29264	-754660800	26.9	947070
29264	-752241600	21	947070
29264	-749563200	17.3	947070
29264	-746971200	14.1	947070
29264	-744292800	9.1	947070
29265	1312200000	13.9	947080
29265	1314878400	16.2	947080
29265	1317470400	18.9	947080
29265	1320148800	23	947080
29265	1322740800	22.3	947080
29266	86788800	15.5	947120
29266	89467200	18.2	947120
29266	92059200	22.6	947120
29266	94737600	25.3	947120
29266	97416000	23	947120
29266	99835200	19.4	947120
29266	102513600	16.1	947120
29266	105105600	11.3	947120
29266	107784000	8.6	947120
29266	110376000	9.1	947120
29266	113054400	8.7	947120
29266	115732800	11.3	947120
29266	118324800	15	947120
29266	121003200	17.3	947120
29266	123595200	20.8	947120
29266	126273600	22.4	947120
29266	128952000	21.3	947120
29266	131371200	20.3	947120
29266	134049600	16	947120
29266	136641600	12.3	947120
29266	139320000	7.7	947120
29266	141912000	7.4	947120
29266	144590400	7.9	947120
29266	147268800	9.5	947120
29266	149860800	13.5	947120
29266	152539200	16.2	947120
29266	155131200	19.7	947120
29266	157809600	20.9	947120
29266	160488000	22.5	947120
29266	162907200	18.7	947120
29266	165585600	14.8	947120
29266	168177600	11.9	947120
29266	170856000	8.9	947120
29266	173448000	8.5	947120
29266	176126400	8.6	947120
29266	178804800	12.7	947120
29266	181396800	13.7	947120
29266	184075200	18	947120
29266	186667200	23	947120
29266	189345600	21.5	947120
29266	192024000	22.4	947120
29266	194529600	19.4	947120
29266	197208000	14.9	947120
29266	199800000	10.1	947120
29266	202478400	8.4	947120
29266	205070400	7.6	947120
29266	207748800	8.2	947120
29266	210427200	10.3	947120
29266	213019200	12.6	947120
29266	215697600	16	947120
29267	63115200	25.2	947150
29267	65793600	23.9	947150
29267	68299200	23.5	947150
29267	70977600	18.6	947150
29267	73569600	15.4	947150
29267	76248000	11.5	947150
29267	78840000	9.3	947150
29267	81518400	13.6	947150
29268	-157723200	27.8	947180
29268	-155044800	28.6	947180
29268	-152625600	25.1	947180
29268	-149947200	19.7	947180
29268	-147355200	14.8	947180
29268	-144676800	11.6	947180
29268	-142084800	9.5	947180
29268	-139406400	13.7	947180
29268	-136728000	19	947180
29268	-134136000	21.6	947180
29268	-131457600	23.6	947180
29268	-128865600	26.1	947180
29268	-126187200	27.3	947180
29268	-123508800	26.7	947180
29268	-121089600	23.9	947180
29268	-118411200	20.3	947180
29268	-115819200	13.8	947180
29268	-113140800	11.5	947180
29268	-110548800	9.7	947180
29268	-107870400	11.8	947180
29268	-105192000	14.9	947180
29268	-102600000	18.3	947180
29268	-99921600	22.3	947180
29268	-97329600	26	947180
29268	-94651200	28.4	947180
29268	-91972800	28.4	947180
29268	-89553600	22.3	947180
29268	-86875200	20.5	947180
29268	-84283200	15.8	947180
29268	-81604800	14.4	947180
29268	-79012800	9.9	947180
29268	-76334400	10.6	947180
29268	-73656000	15.2	947180
29268	-71064000	22.3	947180
29268	-68385600	24.2	947180
29268	-65793600	25	947180
29268	-63115200	27.3	947180
29268	-60436800	27.8	947180
29268	-57931200	25.8	947180
29268	-55252800	22	947180
29268	-52660800	13.3	947180
29268	-49982400	10.5	947180
29268	-47390400	9.8	947180
29268	-44712000	11.6	947180
29268	-42033600	14.7	947180
29268	-39441600	19.7	947180
29268	-36763200	23.6	947180
29268	-34171200	25.4	947180
29268	-31492800	30.1	947180
29268	-28814400	28.3	947180
29268	-26395200	25.2	947180
29268	-23716800	18.8	947180
29268	-21124800	14.4	947180
29268	-18446400	11.3	947180
29268	-15854400	11.7	947180
29268	-13176000	13.1	947180
29268	-10497600	12.4	947180
29268	-7905600	20.2	947180
29268	-5227200	21.1	947180
29268	-2635200	24.5	947180
29268	43200	25.7	947180
29268	2721600	26.8	947180
29268	5140800	22.6	947180
29268	7819200	19.3	947180
29268	10411200	13.1	947180
29268	13089600	11.7	947180
29268	15681600	9.6	947180
29268	18360000	11.2	947180
29268	21038400	13.9	947180
29268	23630400	19.2	947180
29268	26308800	21.7	947180
29268	28900800	25.1	947180
29268	31579200	25.8	947180
29268	34257600	25.1	947180
29269	957182400	13.1	947190
29269	959860800	9.2	947190
29269	962452800	8.6	947190
29269	965131200	10	947190
29269	967809600	14.6	947190
29269	970401600	16.3	947190
29269	973080000	20.4	947190
29269	975672000	23.3	947190
29270	391780800	8.1	947230
29270	394372800	7.1	947230
29270	397051200	11.6	947230
29270	399729600	12.8	947230
29270	402321600	16.5	947230
29270	4.05e+08	21.8	947230
29270	407592000	24.3	947230
29270	410270400	24.8	947230
29270	412948800	24.4	947230
29271	1235908800	19.4	947280
29271	1238587200	15.7	947280
29271	1241179200	10.9	947280
29271	1243857600	9.2	947280
29271	1246449600	7.7	947280
29271	1249128000	10.4	947280
29271	1251806400	12.4	947280
29271	1254398400	15	947280
29271	1257076800	22.9	947280
29271	1259668800	22.5	947280
29271	1262347200	23.6	947280
29271	1265025600	22.6	947280
29271	1267444800	19.4	947280
29271	1270123200	15.7	947280
29271	1272715200	11	947280
29271	1275393600	8.2	947280
29271	1277985600	8.4	947280
29271	1280664000	8.2	947280
29271	1283342400	12.3	947280
29271	1285934400	15.5	947280
29271	1288612800	17.9	947280
29271	1291204800	20.3	947280
29271	1293883200	23.7	947280
29271	1296561600	23.9	947280
29271	1298980800	20.1	947280
29271	1301659200	14.8	947280
29271	1304251200	9.7	947280
29271	1306929600	8.5	947280
29271	1309521600	7.1	947280
29271	1312200000	10.1	947280
29271	1314878400	12.1	947280
29271	1317470400	15	947280
29271	1320148800	20.1	947280
29271	1322740800	18.4	947280
29272	320760000	21.6	947310
29272	323438400	17.4	947310
29272	326030400	13.7	947310
29272	328708800	9.4	947310
29272	331300800	8.2	947310
29272	333979200	9.4	947310
29272	336657600	12.2	947310
29272	339249600	17.8	947310
29272	341928000	21.7	947310
29272	344520000	23.1	947310
29272	347198400	26.9	947310
29273	165585600	19.2	947340
29273	168177600	15.9	947340
29273	170856000	12.1	947340
29273	173448000	12.4	947340
29273	176126400	13.1	947340
29273	178804800	16.8	947340
29273	181396800	18.9	947340
29273	184075200	23.2	947340
29273	186667200	25.9	947340
29273	189345600	25.7	947340
29273	192024000	24.3	947340
29273	194529600	23.8	947340
29273	197208000	19.6	947340
29273	199800000	16.1	947340
29273	202478400	12.8	947340
29273	205070400	11.7	947340
29273	207748800	11.6	947340
29273	210427200	13.9	947340
29273	213019200	17.2	947340
29273	215697600	21.9	947340
29273	218289600	26.1	947340
29273	220968000	26.3	947340
29273	223646400	26.6	947340
29273	226065600	23.8	947340
29273	228744000	20	947340
29273	231336000	15.4	947340
29273	234014400	11.6	947340
29273	236606400	10.5	947340
29273	239284800	13.2	947340
29273	241963200	15.2	947340
29273	244555200	20.8	947340
29273	247233600	24.7	947340
29273	249825600	26.9	947340
29273	252504000	26.9	947340
29273	255182400	27	947340
29273	257601600	24.4	947340
29273	260280000	19	947340
29273	262872000	16.1	947340
29273	265550400	11.9	947340
29273	268142400	10.4	947340
29273	270820800	11.3	947340
29273	273499200	14.5	947340
29273	276091200	18.6	947340
29273	278769600	21.7	947340
29273	281361600	23.8	947340
29273	284040000	28.3	947340
29273	286718400	27.6	947340
29273	289137600	24.4	947340
29273	291816000	22.1	947340
29273	294408000	15.1	947340
29273	297086400	13.5	947340
29273	299678400	11	947340
29273	302356800	12.4	947340
29273	305035200	16	947340
29273	307627200	19.4	947340
29273	310305600	24	947340
29273	312897600	28.6	947340
29273	315576000	27.2	947340
29273	318254400	27.9	947340
29273	320760000	25.4	947340
29273	323438400	20.9	947340
29273	326030400	16.9	947340
29273	328708800	13	947340
29273	331300800	10.7	947340
29273	333979200	13.6	947340
29273	336657600	17	947340
29273	339249600	22.5	947340
29273	341928000	26	947340
29273	344520000	26.2	947340
29273	347198400	29.8	947340
29273	349876800	28.7	947340
29273	352296000	24.8	947340
29273	354974400	21.2	947340
29273	357566400	16.4	947340
29273	360244800	12.1	947340
29273	362836800	11.3	947340
29273	365515200	11.2	947340
29273	368193600	17.4	947340
29273	370785600	19.7	947340
29273	373464000	21.2	947340
29273	376056000	27.4	947340
29273	378734400	28.4	947340
29273	381412800	28.1	947340
29273	383832000	23.9	947340
29273	386510400	20.6	947340
29273	389102400	15.6	947340
29273	391780800	11	947340
29273	394372800	10.1	947340
29273	397051200	14.8	947340
29273	399729600	16.3	947340
29273	402321600	19.9	947340
29273	4.05e+08	26.2	947340
29273	407592000	27.7	947340
29273	410270400	26.6	947340
29273	412948800	28.3	947340
29273	415368000	25.5	947340
29273	418046400	18.7	947340
29273	420638400	16.4	947340
29273	423316800	12	947340
29273	425908800	11.2	947340
29273	428587200	12.4	947340
29273	431265600	16.7	947340
29273	433857600	19.6	947340
29273	436536000	21	947340
29273	439128000	24.3	947340
29273	441806400	23.9	947340
29273	444484800	24.7	947340
29273	446990400	22.3	947340
29274	394372800	3.5	947350
29274	397051200	7.9	947350
29274	399729600	8.5	947350
29274	402321600	11.4	947350
29274	4.05e+08	16.5	947350
29274	407592000	20.3	947350
29274	410270400	18.5	947350
29274	412948800	22.5	947350
29274	415368000	18.4	947350
29274	418046400	11.3	947350
29274	420638400	9.6	947350
29274	423316800	6.3	947350
29274	425908800	4.9	947350
29321	-157723200	26.2	955120
29321	-155044800	29	955120
29321	-152625600	26.1	955120
29321	-149947200	19.1	955120
29321	-147355200	15.6	955120
29321	-144676800	11.5	955120
29321	-142084800	10.6	955120
29321	-139406400	13.6	955120
29321	-136728000	20.2	955120
29321	-134136000	24	955120
29321	-131457600	23.7	955120
29321	-128865600	26.5	955120
29321	-126187200	28.9	955120
29321	-123508800	29.3	955120
29321	-121089600	24.7	955120
29321	-118411200	21.4	955120
29321	-115819200	14.5	955120
29321	-113140800	12.3	955120
29321	-110548800	10.8	955120
29321	-107870400	12.9	955120
29321	-105192000	17	955120
29321	-102600000	20.8	955120
29321	-99921600	24.5	955120
29321	-97329600	25.8	955120
29321	-94651200	30.4	955120
29321	-91972800	29	955120
29321	-89553600	23.2	955120
29321	-86875200	21.1	955120
29321	-84283200	16.8	955120
29321	-81604800	14.8	955120
29332	-799416000	15.5	957070
29332	-796824000	18	957070
29332	-794145600	23.5	957070
29332	-791553600	23.7	957070
29332	-788875200	25.4	957070
29332	-786196800	22.8	957070
29332	-783777600	19.7	957070
29332	-781099200	16.6	957070
29332	-778507200	12.5	957070
29332	-775828800	11.7	957070
29332	-773236800	7.8	957070
29332	-770558400	10.2	957070
29332	-767880000	13.1	957070
29332	-765288000	17.2	957070
29332	-762609600	21.3	957070
29332	-760017600	25.7	957070
29332	-757339200	27.2	957070
29332	-754660800	24.4	957070
29332	-752241600	19	957070
29332	-749563200	15.2	957070
29332	-746971200	12.3	957070
29332	-744292800	7.6	957070
29332	-741700800	9.1	957070
29332	-739022400	10.2	957070
29332	-736344000	13.5	957070
29332	-733752000	16.2	957070
29332	-731073600	22.5	957070
29332	-728481600	23.8	957070
29332	-725803200	26.1	957070
29332	-723124800	25	957070
29332	-720705600	21	957070
29332	-718027200	16.6	957070
29332	-715435200	14.5	957070
29332	-712756800	9.6	957070
29332	-710164800	8.1	957070
29332	-707486400	8.9	957070
29332	-704808000	12.8	957070
29332	-702216000	16.4	957070
29332	-699537600	19.3	957070
29332	-696945600	22.3	957070
29332	-694267200	24.5	957070
29332	-691588800	27.1	957070
29332	-689083200	21.2	957070
29332	-686404800	17.4	957070
29332	-683812800	12.1	957070
29332	-681134400	9.6	957070
29332	-678542400	8	957070
29332	-675864000	13.1	957070
29333	184075200	17	957230
29333	186667200	21.2	957230
29333	189345600	20.4	957230
29333	192024000	20.7	957230
29333	194529600	18.2	957230
29333	197208000	13.4	957230
29333	199800000	9	957230
29333	202478400	7.6	957230
29333	205070400	5.7	957230
29333	207748800	7.1	957230
29333	210427200	9.6	957230
29333	213019200	12	957230
29333	215697600	15.3	957230
29333	218289600	19.1	957230
29333	220968000	22	957230
29333	223646400	22.9	957230
29333	226065600	18.1	957230
29333	228744000	12	957230
29352	13089600	9.5	959956
29352	15681600	8.3	959956
29352	18360000	8.8	959956
29352	21038400	10.4	959956
29352	23630400	15.8	959956
29352	26308800	17.4	959956
29352	28900800	21.7	959956
29352	31579200	23.5	959956
29352	34257600	22.7	959956
29352	36676800	22.5	959956
29352	39355200	17	959956
29352	41947200	11.6	959956
29352	44625600	8.2	959956
29352	47217600	7.3	959956
29352	49896000	9	959956
29352	52574400	12.3	959956
29352	55166400	15.4	959956
29352	57844800	16.8	959956
29352	60436800	21.2	959956
29352	63115200	21	959956
29352	65793600	21.4	959956
29352	68299200	19.4	959956
29352	70977600	15.6	959956
29352	73569600	12.3	959956
29352	76248000	9.7	959956
29352	78840000	8.3	959956
29352	81518400	10.8	959956
29352	84196800	13.5	959956
29352	86788800	16.4	959956
29353	-1157198400	9.8	959957
29353	-1154520000	6	959957
29353	-1151928000	4.4	959957
29353	-1149249600	4.2	959957
29353	-1146571200	8.1	959957
29353	-1143979200	12.7	959957
29353	-1141300800	11.5	959957
29353	-1138708800	15.5	959957
29353	-1136030400	19.5	959957
29353	-1133352000	20	959957
29353	-1130932800	18.6	959957
30821	252504000	24.7	947000
30821	255182400	25.8	947000
30821	257601600	22.5	947000
30821	260280000	17	947000
30821	262872000	14.7	947000
30821	265550400	9.8	947000
30821	268142400	9.1	947000
30821	270820800	9.4	947000
30821	273499200	12.9	947000
30821	276091200	16.5	947000
30821	278769600	19.7	947000
30821	281361600	21.5	947000
30821	284040000	28.8	947000
30821	286718400	26.4	947000
30821	289137600	23	947000
30821	291816000	16.4	947000
30821	294408000	12.5	947000
30821	297086400	11.6	947000
30821	299678400	9.3	947000
30821	302356800	10.8	947000
30821	305035200	13.3	947000
30821	307627200	16.9	947000
30821	310305600	22.3	947000
30821	312897600	24.5	947000
30821	315576000	24.2	947000
30821	318254400	25.2	947000
30821	320760000	22.8	947000
30821	323438400	18.6	947000
30821	326030400	13.5	947000
30821	328708800	9.3	947000
30821	331300800	9.6	947000
30821	333979200	11.7	947000
30821	336657600	15.3	947000
30821	339249600	18.8	947000
30821	341928000	22.7	947000
30821	344520000	25.7	947000
30821	347198400	30.2	947000
30821	349876800	27.4	947000
30821	352296000	20.5	947000
30821	354974400	18.4	947000
30822	-1756814400	15.6	947030
30822	-1754136000	12	947030
30822	-1751544000	9.5	947030
30822	-1748865600	13	947030
30822	-1746187200	16.7	947030
30822	-1743595200	21.9	947030
30822	-1740916800	29	947030
30822	-1738324800	27.8	947030
30822	-1735646400	28.2	947030
30822	-1732968000	30.7	947030
30822	-1730548800	26.5	947030
30822	-1727870400	19.7	947030
30822	-1725278400	14.8	947030
30822	-1722600000	12.4	947030
30822	-1720008000	11.4	947030
30822	-1717329600	12.2	947030
30822	-1714651200	18.2	947030
30822	-1712059200	20.6	947030
30822	-1709380800	26	947030
30822	-1706788800	26.1	947030
30822	-1704110400	30.6	947030
30822	-1701432000	29.1	947030
30822	-1698926400	26.2	947030
30822	-1696248000	18.5	947030
30822	-1693656000	17.7	947030
30822	-1690977600	12.7	947030
30822	-1688385600	10.7	947030
30822	-1685707200	11.4	947030
30822	-1683028800	16.6	947030
30822	-1680436800	18.4	947030
30822	-1677758400	21.1	947030
30822	-1675166400	25.5	947030
30822	-1672488000	29.1	947030
30822	-1669809600	24.9	947030
30822	-1667390400	25.6	947030
30822	-1664712000	17.9	947030
30822	-1662120000	15.6	947030
30822	-1659441600	11.4	947030
30822	-1656849600	10.7	947030
30822	-1654171200	11.6	947030
30823	-733752000	18.5	947070
30823	-731073600	25.3	947070
30823	-728481600	26	947070
30823	-725803200	27.9	947070
30823	-723124800	26.5	947070
30823	-720705600	22.5	947070
30823	-718027200	17.7	947070
30823	-715435200	15.1	947070
30823	-712756800	11.2	947070
30823	-710164800	9.9	947070
30823	-707486400	11.2	947070
30823	-704808000	14.5	947070
30823	-702216000	18.1	947070
30823	-699537600	20.7	947070
30823	-696945600	24.8	947070
30823	-694267200	24.7	947070
30823	-691588800	25	947070
30823	-689083200	20.5	947070
30823	-686404800	17	947070
30823	-683812800	12.8	947070
30823	-681134400	10.1	947070
30823	-678542400	8.8	947070
30823	-675864000	11.7	947070
30823	-673185600	15.3	947070
30823	-670593600	18	947070
30823	-667915200	21.1	947070
30823	-665323200	26	947070
30823	-662644800	24.5	947070
30823	-659966400	24.2	947070
30823	-657547200	22.8	947070
30823	-654868800	16.7	947070
30823	-652276800	13.4	947070
30823	-649598400	8.6	947070
30823	-647006400	10.2	947070
30823	-644328000	12.3	947070
30823	-641649600	14.6	947070
30823	-639057600	19.3	947070
30823	-636379200	20.6	947070
30823	-633787200	24.5	947070
30823	-631108800	25.6	947070
30823	-628430400	24.7	947070
30823	-626011200	21.2	947070
30823	-623332800	17.8	947070
30823	-620740800	14.1	947070
30823	-618062400	11.3	947070
30823	-615470400	11.6	947070
30823	-612792000	11.8	947070
30823	-610113600	15.7	947070
30823	-607521600	17.1	947070
30823	-604843200	20.1	947070
30823	-602251200	25.6	947070
30823	-599572800	25.7	947070
30823	-596894400	25.7	947070
30823	-594475200	24.3	947070
30823	-591796800	15.7	947070
30823	-589204800	13.7	947070
30823	-586526400	11.7	947070
30823	-583934400	10.4	947070
30823	-581256000	10.7	947070
30823	-578577600	16.2	947070
30823	-575985600	17.6	947070
30823	-573307200	21.2	947070
30823	-570715200	25.1	947070
30823	-568036800	28.1	947070
30823	-565358400	25.2	947070
30823	-562852800	22.8	947070
30823	-560174400	16.9	947070
30823	-557582400	12.6	947070
30823	-554904000	11	947070
30823	-552312000	9.1	947070
30823	-549633600	11.6	947070
30823	-546955200	13.5	947070
30823	-544363200	18	947070
30823	-541684800	19.4	947070
30823	-539092800	23.8	947070
30823	-536414400	24.9	947070
30823	-533736000	24.5	947070
30823	-531316800	22.2	947070
30823	-528638400	17.5	947070
30823	-526046400	13.3	947070
30823	-523368000	10.5	947070
30823	-520776000	9.2	947070
30823	-518097600	10.7	947070
30824	-273585600	11.6	947090
30824	-270907200	10.8	947090
30824	-268315200	8.6	947090
30824	-265636800	9.9	947090
30824	-262958400	12.6	947090
30825	220968000	22.7	947120
30825	223646400	25	947120
30825	226065600	19.1	947120
30825	228744000	14.6	947120
30825	231336000	11.7	947120
30825	234014400	7.7	947120
30825	236606400	6.7	947120
30825	239284800	9.2	947120
30825	241963200	11.1	947120
30825	244555200	16	947120
30825	247233600	18.7	947120
30826	-1388491200	23	947130
30826	-1385812800	26.6	947130
30826	-1383393600	20.8	947130
30826	-1380715200	14.5	947130
30826	-1378123200	9.6	947130
30826	-1375444800	7.4	947130
30826	-1372852800	7.5	947130
30826	-1370174400	8.4	947130
30826	-1367496000	11.6	947130
30826	-1364904000	15.8	947130
30826	-1362225600	20.3	947130
30826	-1359633600	22.2	947130
30826	-1356955200	24.4	947130
30826	-1354276800	22.7	947130
30826	-1351857600	19.9	947130
30826	-1349179200	14.9	947130
30826	-1346587200	9.7	947130
30826	-1343908800	6.6	947130
30826	-1341316800	6.1	947130
30826	-1338638400	8.2	947130
30826	-1335960000	11.5	947130
30826	-1333368000	16.6	947130
30826	-1330689600	20.5	947130
30826	-1328097600	22.2	947130
30826	-1325419200	22.8	947130
30826	-1322740800	23.7	947130
30826	-1320235200	21.4	947130
30826	-1317556800	16.5	947130
30826	-1314964800	9.9	947130
30826	-1312286400	8.1	947130
30826	-1309694400	7.1	947130
30826	-1307016000	9.8	947130
30826	-1304337600	13.2	947130
30826	-1301745600	14.8	947130
30826	-1299067200	20.6	947130
30826	-1296475200	24.2	947130
30826	-1293796800	26.4	947130
30826	-1291118400	23.9	947130
30826	-1288699200	20.1	947130
30826	-1286020800	14.1	947130
30826	-1283428800	10.7	947130
30826	-1280750400	7.4	947130
30826	-1278158400	5.5	947130
30826	-1275480000	7.8	947130
30826	-1272801600	10.6	947130
30826	-1270209600	15.4	947130
30826	-1267531200	18.3	947130
30826	-1264939200	21.4	947130
30826	-1262260800	23.8	947130
30826	-1259582400	26.2	947130
30826	-1257163200	21.2	947130
30826	-1254484800	15.3	947130
30826	-1251892800	11.3	947130
30826	-1249214400	9.1	947130
30826	-1246622400	8.2	947130
30826	-1243944000	8.5	947130
30826	-1241265600	10.4	947130
30826	-1238673600	16.2	947130
30826	-1235995200	19	947130
30826	-1233403200	21.7	947130
30826	-1230724800	22.2	947130
30826	-1228046400	23.8	947130
30826	-1225627200	19.9	947130
30826	-1222948800	14.4	947130
30826	-1220356800	11.1	947130
30826	-1217678400	8.1	947130
30826	-1215086400	7	947130
30826	-1212408000	8	947130
30826	-1209729600	10.8	947130
30826	-1207137600	13.9	947130
30826	-1204459200	18.4	947130
30826	-1201867200	21.9	947130
30826	-1199188800	27.2	947130
30826	-1196510400	22.6	947130
30826	-1194004800	20	947130
30826	-1191326400	15.2	947130
30826	-1188734400	12.2	947130
30826	-1186056000	7	947130
30826	-1183464000	6.8	947130
30826	-1180785600	9.2	947130
30826	-1178107200	11.4	947130
30826	-1175515200	13.3	947130
30826	-1172836800	19.5	947130
30826	-1170244800	21.8	947130
30826	-1167566400	23.5	947130
30826	-1164888000	22.8	947130
30826	-1162468800	21.8	947130
30826	-1159790400	15.5	947130
30826	-1157198400	11.3	947130
30826	-1154520000	8.3	947130
30826	-1151928000	8.3	947130
30826	-1149249600	7.1	947130
30826	-1146571200	11.4	947130
30826	-1143979200	16	947130
30826	-1141300800	18.9	947130
30826	-1138708800	21.3	947130
30826	-1136030400	24.8	947130
30826	-1133352000	22.9	947130
30826	-1130932800	22.1	947130
30826	-1128254400	15	947130
30826	-1125662400	12.4	947130
30826	-1122984000	8.1	947130
30826	-1120392000	8.3	947130
30826	-1117713600	8.7	947130
30826	-1115035200	12.3	947130
30826	-1112443200	13.6	947130
30826	-1109764800	18.5	947130
30826	-1107172800	21.5	947130
30826	-1104494400	23.5	947130
30826	-1101816000	23.1	947130
30826	-1099396800	20.9	947130
30826	-1096718400	14.5	947130
30826	-1094126400	10.6	947130
30826	-1091448000	7	947130
30826	-1088856000	7	947130
30826	-1086177600	9.4	947130
30826	-1083499200	11.1	947130
30826	-1080907200	15.9	947130
30826	-1078228800	19.6	947130
30826	-1075636800	22.5	947130
30826	-1072958400	23.8	947130
30826	-1070280000	23	947130
30826	-1067774400	20.9	947130
30826	-1065096000	15.1	947130
30826	-1062504000	12.1	947130
30826	-1059825600	6	947130
30826	-1057233600	7.7	947130
30826	-1054555200	9.9	947130
30826	-1051876800	10.2	947130
30826	-1049284800	15.2	947130
30826	-1046606400	19.4	947130
30826	-1044014400	22.2	947130
30826	-1041336000	23.1	947130
30826	-1038657600	24.2	947130
30826	-1036238400	20.9	947130
30826	-1033560000	15.1	947130
30826	-1030968000	10.6	947130
30826	-1028289600	8.4	947130
30826	-1025697600	6.6	947130
30826	-1023019200	10.2	947130
30826	-1020340800	12	947130
30826	-1017748800	17.2	947130
30826	-1015070400	21.1	947130
30826	-1012478400	24.6	947130
30826	-1009800000	24.9	947130
30826	-1007121600	22.8	947130
30826	-1004702400	23.5	947130
30826	-1002024000	17.8	947130
30826	-999432000	13.9	947130
30826	-996753600	7.9	947130
30826	-994161600	6.5	947130
30826	-991483200	8.5	947130
30826	-988804800	11.8	947130
30826	-986212800	17	947130
30826	-983534400	22.4	947130
30826	-980942400	23.8	947130
30826	-978264000	29	947130
30826	-975585600	26.9	947130
30826	-973166400	21.5	947130
30826	-970488000	16.1	947130
30826	-967896000	13.2	947130
30826	-965217600	8.5	947130
30826	-962625600	5.8	947130
30826	-959947200	8	947130
30826	-957268800	10.6	947130
30826	-954676800	14.1	947130
30826	-951998400	17.8	947130
30826	-949406400	21.4	947130
30826	-946728000	25.4	947130
30826	-944049600	24.1	947130
30826	-941544000	23.6	947130
30826	-938865600	15.9	947130
30826	-936273600	10	947130
30826	-933595200	6.6	947130
30826	-931003200	6.9	947130
30826	-928324800	9	947130
30826	-925646400	11.6	947130
30826	-923054400	16.5	947130
30826	-920376000	18.4	947130
30826	-917784000	23.8	947130
30826	-915105600	21.5	947130
30826	-912427200	22.3	947130
30826	-910008000	18.6	947130
30826	-907329600	17	947130
30826	-904737600	10.5	947130
30826	-902059200	7.5	947130
30826	-899467200	7	947130
30826	-896788800	7.4	947130
30826	-894110400	11.6	947130
30826	-891518400	14.1	947130
30826	-888840000	21.1	947130
30826	-886248000	22.8	947130
30826	-883569600	26.1	947130
30826	-880891200	23	947130
30826	-878472000	21.5	947130
30826	-875793600	16.7	947130
30826	-873201600	12.9	947130
30826	-870523200	9.3	947130
30826	-867931200	7.3	947130
30826	-865252800	8.6	947130
30826	-862574400	10.5	947130
30826	-859982400	14.7	947130
30826	-857304000	18.5	947130
30826	-854712000	23.3	947130
30826	-852033600	22.2	947130
30826	-849355200	23.7	947130
30826	-846936000	23.4	947130
30826	-844257600	14.2	947130
30826	-841665600	10.8	947130
30826	-838987200	7	947130
30826	-836395200	6	947130
30826	-833716800	6.8	947130
30826	-831038400	9.9	947130
30826	-828446400	15.6	947130
30826	-825768000	17.8	947130
30826	-823176000	22.1	947130
30826	-820497600	25.5	947130
30826	-817819200	22.9	947130
30826	-815313600	20.2	947130
30826	-812635200	13.5	947130
30826	-810043200	10.3	947130
30826	-807364800	7.5	947130
30826	-804772800	7.5	947130
30826	-802094400	9	947130
30826	-799416000	12.5	947130
30826	-796824000	16.9	947130
30826	-794145600	22.3	947130
30826	-791553600	22.8	947130
30826	-788875200	24.5	947130
30826	-786196800	23.1	947130
30826	-783777600	18.1	947130
30826	-781099200	15.4	947130
30826	-778507200	11.5	947130
30826	-775828800	10.4	947130
30826	-773236800	6.8	947130
30826	-770558400	9.1	947130
30826	-767880000	10.8	947130
30826	-765288000	14.8	947130
30826	-762609600	19.3	947130
30826	-760017600	24.3	947130
30826	-757339200	26.4	947130
30826	-754660800	24.5	947130
30826	-752241600	17	947130
30826	-749563200	14.8	947130
30826	-746971200	10.8	947130
30826	-744292800	7.1	947130
30826	-741700800	8.2	947130
30826	-739022400	8.4	947130
30826	-736344000	11.3	947130
30826	-733752000	14.7	947130
30826	-731073600	21.3	947130
30826	-728481600	22.6	947130
30826	-725803200	24.4	947130
30826	-723124800	24.8	947130
30826	-720705600	20.4	947130
30826	-718027200	16.3	947130
30826	-715435200	13.4	947130
30826	-712756800	8.6	947130
30826	-710164800	7.6	947130
30826	-707486400	8.2	947130
30826	-704808000	11.3	947130
30826	-702216000	14	947130
30826	-699537600	17.2	947130
30826	-696945600	20.7	947130
30826	-694267200	21.5	947130
30826	-691588800	24.1	947130
30826	-689083200	18.9	947130
30826	-686404800	15.7	947130
30826	-683812800	10.2	947130
30826	-681134400	8.7	947130
30826	-678542400	6.3	947130
30826	-675864000	9	947130
30826	-673185600	11.7	947130
30826	-670593600	14.6	947130
30826	-667915200	19.2	947130
30826	-665323200	23.7	947130
30826	-662644800	22.4	947130
30826	-659966400	22.7	947130
30826	-657547200	22	947130
30826	-654868800	14.8	947130
30826	-652276800	11.2	947130
30826	-649598400	6.6	947130
30826	-647006400	7.4	947130
30826	-644328000	8.5	947130
30826	-641649600	11.1	947130
30826	-639057600	15.9	947130
30826	-636379200	17.4	947130
30826	-633787200	21.7	947130
30826	-631108800	23	947130
30826	-628430400	22.8	947130
30826	-626011200	20.2	947130
30826	-623332800	16.2	947130
30826	-620740800	11.9	947130
30826	-618062400	9.4	947130
30826	-615470400	9.2	947130
30826	-612792000	8.6	947130
30826	-610113600	12.6	947130
30826	-607521600	14.5	947130
30826	-604843200	17.3	947130
30826	-602251200	22.9	947130
30826	-599572800	23.6	947130
30826	-596894400	23.9	947130
30826	-594475200	22.3	947130
30826	-591796800	13.7	947130
30826	-589204800	11.6	947130
30826	-586526400	10.1	947130
30826	-583934400	7.4	947130
30826	-581256000	7.5	947130
30826	-578577600	13.4	947130
30826	-575985600	15.3	947130
30826	-573307200	18.2	947130
30826	-570715200	22.3	947130
30826	-568036800	26.6	947130
30826	-565358400	24.1	947130
30826	-562852800	21.1	947130
30826	-560174400	15.1	947130
30826	-557582400	10.6	947130
30826	-554904000	8.7	947130
30826	-552312000	7	947130
30826	-549633600	9	947130
30826	-546955200	10.2	947130
30826	-544363200	14.1	947130
30826	-541684800	16.3	947130
30826	-539092800	21.6	947130
30826	-536414400	22.6	947130
30826	-533736000	20.7	947130
30826	-531316800	20.6	947130
30826	-528638400	16.2	947130
30826	-526046400	11.2	947130
30826	-523368000	8.6	947130
30826	-520776000	7.8	947130
30826	-518097600	8.9	947130
30826	-515419200	12.3	947130
30826	-512827200	15	947130
30826	-510148800	18.8	947130
30826	-507556800	22.4	947130
30826	-504878400	24.2	947130
30826	-502200000	20.8	947130
30826	-499780800	18.8	947130
30826	-497102400	17.7	947130
30826	-494510400	11.1	947130
30826	-491832000	9.2	947130
30826	-489240000	8.1	947130
30826	-486561600	9.8	947130
30826	-483883200	11.8	947130
30826	-481291200	15.9	947130
30826	-478612800	18.8	947130
30826	-476020800	21.5	947130
30826	-473342400	23	947130
30826	-470664000	22.8	947130
30826	-468244800	22.4	947130
30826	-465566400	17.2	947130
30826	-462974400	11.3	947130
30826	-460296000	9.9	947130
30826	-457704000	7	947130
30826	-455025600	9.6	947130
30826	-452347200	12.8	947130
30826	-449755200	15.6	947130
30826	-447076800	17.1	947130
30826	-444484800	20	947130
30826	-441806400	22	947130
30826	-439128000	22.3	947130
30826	-436622400	20.7	947130
30826	-433944000	15.4	947130
30826	-431352000	11.6	947130
30826	-428673600	8.7	947130
30826	-426081600	8.8	947130
30826	-423403200	8.2	947130
30826	-420724800	10.7	947130
30826	-418132800	13.3	947130
30826	-415454400	16	947130
30826	-412862400	20.9	947130
30826	-410184000	23.9	947130
30826	-407505600	23.6	947130
30826	-405086400	20.4	947130
30826	-402408000	16.5	947130
30826	-399816000	11	947130
30826	-397137600	11.1	947130
30826	-394545600	6.8	947130
30826	-391867200	9.7	947130
30826	-389188800	11.3	947130
30826	-386596800	16.4	947130
30826	-383918400	19.6	947130
30826	-381326400	24.8	947130
30826	-378648000	24	947130
30826	-375969600	23.6	947130
30826	-373550400	20.6	947130
30826	-370872000	17	947130
30826	-368280000	14.1	947130
30826	-365601600	8.7	947130
30826	-363009600	7.4	947130
30826	-360331200	9.9	947130
30826	-357652800	10.2	947130
30826	-355060800	14.2	947130
30826	-352382400	21	947130
30826	-349790400	21.7	947130
30826	-347112000	25.1	947130
30826	-344433600	23.9	947130
30826	-342014400	20.8	947130
30826	-339336000	16.5	947130
30826	-336744000	10.7	947130
30826	-334065600	9.6	947130
30826	-331473600	7.8	947130
30826	-328795200	10.2	947130
30826	-326116800	11.7	947130
30826	-323524800	14.7	947130
30826	-320846400	22.6	947130
30826	-318254400	20.2	947130
30826	-315576000	26.2	947130
30826	-312897600	22.9	947130
30826	-310392000	21.2	947130
30826	-307713600	16.4	947130
30826	-305121600	10.6	947130
30826	-302443200	7.6	947130
30826	-299851200	9.1	947130
30826	-297172800	8.3	947130
30826	-294494400	11.7	947130
30826	-291902400	15.2	947130
30826	-289224000	16.6	947130
30826	-286632000	21.4	947130
30826	-283953600	23.6	947130
30826	-281275200	23.1	947130
30826	-278856000	20.7	947130
30826	-276177600	17.2	947130
30826	-273585600	10.6	947130
30826	-270907200	9.2	947130
30826	-268315200	7.3	947130
30826	-265636800	8.2	947130
30826	-262958400	11.1	947130
30826	-260366400	17.6	947130
30826	-257688000	19.6	947130
30826	-255096000	20.8	947130
30826	-252417600	22.8	947130
30826	-249739200	22.5	947130
30826	-247320000	21.1	947130
30826	-244641600	16.1	947130
30826	-242049600	10.7	947130
30826	-239371200	9.9	947130
30826	-236779200	8.8	947130
30826	-234100800	9.6	947130
30826	-231422400	12.3	947130
30826	-228830400	14.6	947130
30826	-226152000	20.4	947130
30826	-223560000	22	947130
30826	-220881600	22.9	947130
30826	-218203200	22.6	947130
30826	-215784000	22	947130
30826	-213105600	15.7	947130
30826	-210513600	13.9	947130
30826	-207835200	9.7	947130
30826	-205243200	7.7	947130
30826	-202564800	9.6	947130
30826	-199886400	12.6	947130
30826	-197294400	16.7	947130
30826	-194616000	18.9	947130
30826	-192024000	23.2	947130
30826	-189345600	22.9	947130
30826	-186667200	23	947130
30826	-184161600	21.5	947130
30826	-181483200	17.3	947130
30826	-178891200	10.5	947130
30826	-176212800	10.3	947130
30826	-173620800	8.2	947130
30826	-170942400	9.8	947130
30826	-168264000	12.5	947130
30826	-165672000	13.9	947130
30826	-162993600	20.2	947130
30826	-160401600	20.5	947130
30826	-157723200	23.2	947130
30826	-155044800	25.3	947130
30826	-152625600	21.6	947130
30826	-149947200	15.2	947130
30826	-147355200	12.1	947130
30826	-144676800	8.8	947130
30826	-142084800	8.2	947130
30826	-139406400	10.9	947130
30826	-136728000	15.3	947130
30826	-134136000	18.4	947130
30826	-131457600	19.5	947130
30826	-128865600	23.9	947130
30826	-126187200	25.2	947130
30826	-123508800	22.9	947130
30826	-121089600	21.2	947130
30826	-118411200	16.4	947130
30826	-115819200	11.4	947130
30826	-113140800	9	947130
30826	-110548800	8	947130
30826	-107870400	9.3	947130
30826	-105192000	11.9	947130
30826	-102600000	15.5	947130
30826	-99921600	19.2	947130
30826	-97329600	22.7	947130
30826	-94651200	24.5	947130
30826	-91972800	24.2	947130
30826	-89553600	19.9	947130
30826	-86875200	17.7	947130
30826	-84283200	13	947130
30826	-81604800	12.6	947130
30826	-79012800	8.9	947130
30826	-76334400	9.5	947130
30826	-73656000	12.4	947130
30827	86788800	20.1	947150
30827	89467200	23.1	947150
30827	92059200	28.1	947150
30827	94737600	29.4	947150
30827	97416000	27	947150
30827	99835200	25.4	947150
30827	102513600	21.5	947150
30827	105105600	15.3	947150
30827	107784000	12.4	947150
30827	110376000	13.3	947150
30827	113054400	12.9	947150
30827	115732800	16.3	947150
30827	118324800	21.2	947150
30827	121003200	22.6	947150
30827	123595200	25.8	947150
30827	126273600	25.2	947150
30827	128952000	25.5	947150
30827	131371200	24.5	947150
30827	134049600	20.5	947150
30827	136641600	15.1	947150
30827	139320000	11.1	947150
30827	141912000	10.8	947150
30828	-1354276800	23.3	947170
30828	-1351857600	20	947170
30828	-1349179200	13.8	947170
30828	-1346587200	9.1	947170
30828	-1343908800	7.8	947170
30828	-1341316800	8.1	947170
30828	-1338638400	9.5	947170
30828	-1335960000	12.1	947170
30828	-1333368000	18.5	947170
30828	-1330689600	22	947170
30828	-1328097600	22.6	947170
30828	-1325419200	23.5	947170
30828	-1322740800	24.1	947170
30828	-1320235200	22.7	947170
30828	-1317556800	19.4	947170
30828	-1314964800	13.4	947170
30828	-1312286400	12	947170
30829	39355200	18.6	947180
30829	41947200	14.1	947180
30829	44625600	10.9	947180
30829	47217600	9.8	947180
30829	49896000	11.9	947180
30829	52574400	14.5	947180
30829	55166400	18.6	947180
30829	57844800	20.4	947180
30829	60436800	25.5	947180
30829	63115200	25	947180
30829	65793600	24.6	947180
30829	68299200	23.8	947180
30829	70977600	19	947180
30829	73569600	15.9	947180
30829	76248000	12.4	947180
30829	78840000	10	947180
30829	81518400	13.2	947180
30830	981028800	25.8	947190
30830	983448000	20.9	947190
30830	986126400	17.8	947190
30830	988718400	12.2	947190
30830	991396800	10.3	947190
30830	993988800	9.4	947190
30830	996667200	9.5	947190
30830	999345600	14.5	947190
30830	1001937600	15.5	947190
30830	1004616000	19.8	947190
30830	1007208000	22.8	947190
30830	1009886400	24.3	947190
30830	1012564800	23.3	947190
30830	1014984000	21.3	947190
30830	1017662400	19	947190
30830	1020254400	12.9	947190
30830	1022932800	9.4	947190
30830	1025524800	8.7	947190
30831	420638400	14	947230
30831	423316800	9.7	947230
30831	425908800	8.4	947230
30831	428587200	10.3	947230
30831	431265600	13.9	947230
30831	433857600	17.8	947230
30831	436536000	19.2	947230
30831	439128000	23.3	947230
30831	441806400	22.4	947230
30831	444484800	24.2	947230
30831	446990400	20.3	947230
30831	449668800	17.3	947230
30832	352296000	20.4	947310
30832	354974400	17.6	947310
30832	357566400	12.6	947310
30832	360244800	8.8	947310
30832	362836800	8.2	947310
30832	365515200	8.7	947310
30832	368193600	13	947310
30832	370785600	16.4	947310
30832	373464000	17.4	947310
30832	376056000	22.3	947310
30832	378734400	24.5	947310
30832	381412800	23.6	947310
30832	383832000	19.8	947310
30832	386510400	15.7	947310
30832	389102400	10.6	947310
30832	391780800	7.9	947310
30832	394372800	6.4	947310
30832	397051200	10.4	947310
30832	399729600	12.2	947310
30832	402321600	15.9	947310
30832	4.05e+08	21	947310
30832	407592000	23.3	947310
30832	410270400	23.6	947310
30832	412948800	25.6	947310
30832	415368000	22.5	947310
30832	418046400	15.2	947310
30832	420638400	12.8	947310
30832	423316800	8.8	947310
30832	425908800	7.6	947310
30832	428587200	9.3	947310
30832	431265600	12.1	947310
30832	433857600	15	947310
30832	436536000	17.5	947310
30832	439128000	21.1	947310
30832	441806400	20.6	947310
30832	444484800	21.3	947310
30832	446990400	17.6	947310
30832	449668800	15.7	947310
30832	452260800	11.1	947310
30832	454939200	9.3	947310
30832	457531200	7.6	947310
30832	460209600	9.2	947310
30832	462888000	10.4	947310
30832	465480000	15.3	947310
30832	468158400	19.4	947310
30832	470750400	20.5	947310
30832	473428800	23.5	947310
30832	476107200	22.4	947310
30832	478526400	21.4	947310
30832	481204800	17.1	947310
30832	483796800	13	947310
30832	486475200	7.8	947310
30832	489067200	7.9	947310
30832	491745600	9.7	947310
30832	494424000	11.9	947310
30832	497016000	15.4	947310
30832	499694400	18.4	947310
30832	502286400	19.6	947310
30832	504964800	20.6	947310
30832	507643200	22.6	947310
30832	510062400	22.3	947310
30832	512740800	16.9	947310
30832	515332800	12.8	947310
30832	518011200	8.1	947310
30832	520603200	8.1	947310
30832	523281600	9	947310
30832	525960000	11.9	947310
30832	528552000	13.3	947310
30832	531230400	17.6	947310
30832	533822400	20	947310
30832	536500800	23.9	947310
30832	539179200	23.9	947310
30832	541598400	18.6	947310
30832	544276800	16.1	947310
30832	546868800	12.3	947310
30832	549547200	10.2	947310
30832	552139200	7	947310
30832	554817600	10.8	947310
30832	557496000	12.1	947310
30832	560088000	14.6	947310
30832	562766400	18.3	947310
30832	565358400	21.4	947310
30832	568036800	24.3	947310
30832	570715200	20.7	947310
30832	573220800	19.8	947310
30832	575899200	16.9	947310
30832	578491200	12.4	947310
30832	581169600	9	947310
30832	583761600	9.6	947310
30832	586440000	9.6	947310
30832	589118400	12.6	947310
30832	591710400	16.3	947310
30832	594388800	18.8	947310
30832	596980800	22.9	947310
30832	599659200	21.6	947310
30832	602337600	22.6	947310
30832	604756800	21	947310
30832	607435200	17.9	947310
30832	610027200	14.4	947310
30832	612705600	9.8	947310
30832	615297600	7.4	947310
30832	617976000	7.7	947310
30832	620654400	10.9	947310
30832	623246400	15.1	947310
30832	625924800	18.3	947310
30832	628516800	21.6	947310
30832	631195200	23.8	947310
30832	633873600	22	947310
30832	636292800	20.3	947310
30832	638971200	16.6	947310
30832	641563200	13	947310
30832	644241600	8.8	947310
30832	646833600	8.6	947310
30832	649512000	8.7	947310
30832	652190400	12.1	947310
30832	654782400	14.8	947310
30832	657460800	19.1	947310
30832	660052800	24.3	947310
30832	662731200	24	947310
30832	665409600	25.2	947310
30832	667828800	20.5	947310
30832	670507200	16	947310
30832	673099200	13.4	947310
30832	675777600	11.5	947310
30832	678369600	8.2	947310
30832	681048000	8.4	947310
30832	683726400	11.2	947310
30832	686318400	16.7	947310
30832	688996800	18.9	947310
30832	691588800	20.4	947310
30832	694267200	22.5	947310
30832	696945600	21.4	947310
30832	699451200	20.1	947310
30832	702129600	16.4	947310
30832	704721600	11.8	947310
30832	707400000	8.3	947310
30832	709992000	8.2	947310
30832	712670400	8.8	947310
30832	715348800	10.6	947310
30832	717940800	15.4	947310
30833	452260800	14.5	947340
30833	454939200	13	947340
30833	457531200	10.3	947340
30833	460209600	12.2	947340
30833	462888000	13.4	947340
30833	465480000	19.3	947340
30833	468158400	22.9	947340
30833	470750400	25.1	947340
30833	473428800	27.5	947340
30833	476107200	26.2	947340
30833	478526400	24.5	947340
30833	481204800	19.4	947340
30833	483796800	16.5	947340
30833	486475200	11.1	947340
30833	489067200	11.4	947340
30833	491745600	12.5	947340
30833	494424000	14.6	947340
30833	497016000	19	947340
30833	499694400	22.8	947340
30833	502286400	24.6	947340
30833	504964800	25.2	947340
30833	507643200	27.2	947340
30833	510062400	26	947340
30833	512740800	20.9	947340
30833	515332800	17	947340
30833	518011200	11.6	947340
30833	520603200	11	947340
30833	523281600	11.7	947340
30833	525960000	15.7	947340
30833	528552000	17.7	947340
30833	531230400	21.9	947340
30833	533822400	24.6	947340
30833	536500800	27.3	947340
30833	539179200	27.3	947340
30833	541598400	22.9	947340
30833	544276800	20.2	947340
30833	546868800	15.4	947340
30833	549547200	13.5	947340
30833	552139200	10.2	947340
30833	554817600	13.1	947340
30833	557496000	15.3	947340
30833	560088000	18.7	947340
30833	562766400	22.3	947340
30833	565358400	25.3	947340
30833	568036800	26.9	947340
30877	-76334400	12.2	955120
30877	-73656000	16.7	955120
30877	-71064000	24.4	955120
30877	-68385600	25.6	955120
30877	-65793600	25.5	955120
30877	-63115200	28.2	955120
30877	-60436800	28.3	955120
30877	-57931200	26.6	955120
30888	-670593600	17.2	957070
30888	-667915200	20.7	957070
30888	-665323200	23.7	957070
30888	-662644800	23.5	957070
30888	-659966400	22.7	957070
30888	-657547200	21.6	957070
30888	-654868800	15.6	957070
30888	-652276800	11.4	957070
30888	-649598400	6.8	957070
30888	-647006400	8.1	957070
30888	-644328000	9.9	957070
30888	-641649600	13.6	957070
30888	-639057600	16.8	957070
30888	-636379200	19.3	957070
30888	-633787200	23.3	957070
30888	-631108800	24.7	957070
30888	-628430400	23.6	957070
30889	234014400	6.7	957230
30889	236606400	4.9	957230
30889	239284800	7.9	957230
30889	241963200	9.5	957230
30889	244555200	14.5	957230
30889	247233600	17.6	957230
30889	249825600	21	957230
30889	252504000	21.5	957230
30889	255182400	21.7	957230
30889	257601600	19.9	957230
30889	260280000	13.5	957230
30889	262872000	11	957230
30889	265550400	7.8	957230
30889	268142400	6	957230
30889	270820800	7.1	957230
30889	273499200	10.4	957230
30889	276091200	12.4	957230
30889	278769600	15.8	957230
30889	281361600	18	957230
30889	284040000	24.8	957230
30889	286718400	22.9	957230
30889	289137600	19.3	957230
30889	291816000	13.3	957230
30889	294408000	9.4	957230
30889	297086400	7.6	957230
30889	299678400	6	957230
30889	302356800	7.3	957230
30889	305035200	10.1	957230
30889	307627200	13.7	957230
30889	310305600	18.2	957230
30889	312897600	21.3	957230
30889	315576000	21	957230
30889	318254400	21.8	957230
30889	320760000	19.6	957230
30889	323438400	15	957230
30889	326030400	11.8	957230
30889	328708800	7.4	957230
30889	331300800	6.6	957230
30889	333979200	8	957230
30889	336657600	10.8	957230
30907	92059200	24.3	959956
30907	94737600	26.3	959956
30907	97416000	23.3	959956
30907	99835200	21	959956
30907	102513600	17.7	959956
30907	105105600	12.9	959956
30907	107784000	9.2	959956
30907	110376000	9.9	959956
30907	113054400	9.8	959956
30907	115732800	13	959956
30907	118324800	16.3	959956
30908	-1112443200	8.3	959957
30908	-1109764800	11.9	959957
30908	-1107172800	17.1	959957
32228	360244800	10.3	947000
32228	362836800	9.4	947000
32228	365515200	10.4	947000
32228	368193600	15.6	947000
32228	370785600	18.3	947000
32228	373464000	20.8	947000
32228	376056000	23.9	947000
32228	378734400	27.4	947000
32228	381412800	27.1	947000
32228	383832000	22.2	947000
32228	386510400	17.4	947000
32228	389102400	14	947000
32228	391780800	8.6	947000
32228	394372800	8.2	947000
32228	397051200	14.7	947000
32228	399729600	14	947000
32228	402321600	17.3	947000
32228	4.05e+08	24.1	947000
32228	407592000	25.5	947000
32228	410270400	25.1	947000
32228	412948800	28.8	947000
32228	415368000	24.5	947000
32228	418046400	15.4	947000
32228	420638400	14.1	947000
32228	423316800	9.7	947000
32228	425908800	8.2	947000
32228	428587200	11.5	947000
32228	431265600	14.5	947000
32228	433857600	17.5	947000
32228	436536000	20.2	947000
32228	439128000	24.4	947000
32228	441806400	22.9	947000
32228	444484800	24.2	947000
32228	446990400	19.8	947000
32228	449668800	17.1	947000
32228	452260800	13.2	947000
32228	454939200	10.9	947000
32228	457531200	8.9	947000
32228	460209600	11.5	947000
32228	462888000	11.7	947000
32228	465480000	16.8	947000
32228	468158400	21.5	947000
32228	470750400	22.8	947000
32228	473428800	24.7	947000
32228	476107200	25.4	947000
32228	478526400	23.8	947000
32228	481204800	17.7	947000
32228	483796800	14.2	947000
32228	486475200	9.6	947000
32228	489067200	9.4	947000
32228	491745600	11	947000
32228	494424000	12.5	947000
32228	497016000	17.7	947000
32228	499694400	20.6	947000
32228	502286400	21.9	947000
32228	504964800	24.1	947000
32228	507643200	24.1	947000
32228	510062400	24.7	947000
32228	512740800	18.2	947000
32228	515332800	13.8	947000
32228	518011200	9.8	947000
32228	520603200	9.3	947000
32228	523281600	10.8	947000
32228	525960000	13.7	947000
32228	528552000	15.5	947000
32228	531230400	20.2	947000
32228	533822400	21.9	947000
32228	536500800	23.6	947000
32228	539179200	25.5	947000
32228	541598400	19.5	947000
32228	544276800	18.3	947000
32228	546868800	13.5	947000
32228	549547200	11.3	947000
32228	552139200	9.7	947000
32228	554817600	12	947000
32228	557496000	13.9	947000
32228	560088000	16.8	947000
32229	-1648900800	20.8	947030
32229	-1646222400	21.5	947030
32229	-1643630400	25.5	947030
32229	-1640952000	27	947030
32229	-1638273600	26.7	947030
32229	-1635854400	23.8	947030
32229	-1633176000	19.1	947030
32229	-1630584000	16.2	947030
32230	-512827200	17.5	947070
32230	-510148800	20.7	947070
32230	-507556800	24.9	947070
32230	-504878400	26.3	947070
32230	-502200000	22.1	947070
32230	-499780800	20.9	947070
32230	-497102400	19.5	947070
32230	-494510400	12.7	947070
32230	-491832000	11.2	947070
32230	-489240000	10.4	947070
32230	-486561600	12.7	947070
32230	-483883200	14.6	947070
32230	-481291200	18.3	947070
32230	-478612800	21.4	947070
32230	-476020800	24.1	947070
32230	-473342400	25.6	947070
32230	-470664000	24.6	947070
32230	-468244800	23.5	947070
32230	-465566400	17.6	947070
32230	-462974400	12.8	947070
32230	-460296000	11.4	947070
32230	-457704000	8.7	947070
32230	-455025600	11.6	947070
32230	-452347200	15.5	947070
32230	-449755200	18.2	947070
32230	-447076800	20.1	947070
32230	-444484800	22.8	947070
32230	-441806400	24.1	947070
32230	-439128000	24	947070
32230	-436622400	21.9	947070
32230	-433944000	17.2	947070
32230	-431352000	12.8	947070
32230	-428673600	10.2	947070
32230	-426081600	10.5	947070
32230	-423403200	10	947070
32230	-420724800	13.5	947070
32230	-418132800	15.5	947070
32230	-415454400	19.1	947070
32230	-412862400	22.9	947070
32231	252504000	22.9	947120
32231	255182400	22.7	947120
32231	257601600	21.2	947120
32231	260280000	14.4	947120
32231	262872000	12.6	947120
32231	265550400	8.6	947120
32231	268142400	7.2	947120
32231	270820800	7.7	947120
32231	273499200	11	947120
32231	276091200	14.1	947120
32231	278769600	16.3	947120
32232	-68385600	20.8	947130
32232	-65793600	21.6	947130
32232	-63115200	25.1	947130
32232	-60436800	26.4	947130
32232	-57931200	22.9	947130
32232	-55252800	18.4	947130
32232	-52660800	11.8	947130
32232	-49982400	9.1	947130
32232	-47390400	7.6	947130
32232	-44712000	9.7	947130
32232	-42033600	11.6	947130
32232	-39441600	16.4	947130
32232	-36763200	19.6	947130
32232	-34171200	21.6	947130
32232	-31492800	25.6	947130
32232	-28814400	24.7	947130
32232	-26395200	22	947130
32232	-23716800	16.5	947130
32232	-21124800	11.9	947130
32232	-18446400	9.4	947130
32232	-15854400	9.6	947130
32232	-13176000	10.8	947130
32232	-10497600	10.2	947130
32232	-7905600	16.9	947130
32232	-5227200	18.7	947130
32232	-2635200	21.3	947130
32232	43200	23	947130
32232	2721600	25.3	947130
32232	5140800	19.9	947130
32232	7819200	16.8	947130
32233	149860800	18.3	947150
32233	152539200	20.2	947150
32233	155131200	26.1	947150
32233	157809600	26.7	947150
32233	160488000	24.9	947150
32233	162907200	22.1	947150
32233	165585600	18.1	947150
32233	168177600	15.8	947150
32233	170856000	11.6	947150
32233	173448000	12.3	947150
32233	176126400	12.6	947150
32233	178804800	17.1	947150
32233	181396800	18.8	947150
32233	184075200	23.7	947150
32233	186667200	26.3	947150
32233	189345600	25.3	947150
32233	192024000	23.6	947150
32233	194529600	22.8	947150
32233	197208000	18.1	947150
32233	199800000	14.6	947150
32233	202478400	11.6	947150
32233	205070400	10.7	947150
32233	207748800	11.8	947150
32233	210427200	13.9	947150
32233	213019200	17.2	947150
32233	215697600	21.7	947150
32233	218289600	25.8	947150
32233	220968000	27	947150
32233	223646400	26.9	947150
32233	226065600	23.1	947150
32233	228744000	19	947150
32233	231336000	14.5	947150
32233	234014400	11.3	947150
32234	-1304337600	17.4	947170
32234	-1301745600	18	947170
32234	-1299067200	24	947170
32234	-1296475200	26.5	947170
32234	-1293796800	26.6	947170
32234	-1291118400	25.4	947170
32234	-1288699200	21.6	947170
32234	-1286020800	15.4	947170
32234	-1283428800	12.8	947170
32234	-1280750400	9.3	947170
32234	-1278158400	7.1	947170
32234	-1275480000	9.8	947170
32234	-1272801600	13.1	947170
32234	-1270209600	17.5	947170
32234	-1267531200	20	947170
32234	-1264939200	22.8	947170
32234	-1262260800	25	947170
32234	-1259582400	27.4	947170
32234	-1257163200	22.9	947170
32234	-1254484800	17	947170
32234	-1251892800	13.2	947170
32234	-1249214400	11.2	947170
32234	-1246622400	9.8	947170
32234	-1243944000	9.9	947170
32234	-1241265600	12.5	947170
32234	-1238673600	18	947170
32234	-1235995200	21.4	947170
32234	-1233403200	22.6	947170
32234	-1230724800	22.6	947170
32234	-1228046400	24.9	947170
32234	-1225627200	21.1	947170
32234	-1222948800	15.4	947170
32234	-1220356800	12.2	947170
32234	-1217678400	9.4	947170
32234	-1215086400	8.2	947170
32234	-1212408000	9.4	947170
32234	-1209729600	12.6	947170
32234	-1207137600	16.1	947170
32234	-1204459200	20.1	947170
32234	-1201867200	22.8	947170
32234	-1199188800	28.1	947170
32234	-1196510400	24.3	947170
32234	-1194004800	20.9	947170
32234	-1191326400	15.9	947170
32234	-1188734400	13.9	947170
32234	-1186056000	8.4	947170
32234	-1183464000	8.6	947170
32234	-1180785600	11.6	947170
32234	-1178107200	13.2	947170
32234	-1175515200	14.9	947170
32234	-1172836800	21.5	947170
32234	-1170244800	23.2	947170
32234	-1167566400	24.2	947170
32234	-1164888000	24.7	947170
32234	-1162468800	23.1	947170
32234	-1159790400	16.7	947170
32234	-1157198400	12.6	947170
32234	-1154520000	10.3	947170
32234	-1151928000	9.9	947170
32234	-1149249600	8.9	947170
32234	-1146571200	13.2	947170
32234	-1143979200	17.8	947170
32234	-1141300800	20.5	947170
32234	-1138708800	23	947170
32234	-1136030400	25.9	947170
32234	-1133352000	23.9	947170
32234	-1130932800	23.7	947170
32234	-1128254400	16.5	947170
32234	-1125662400	13.6	947170
32234	-1122984000	9.5	947170
32234	-1120392000	9.4	947170
32234	-1117713600	10.2	947170
32234	-1115035200	13.6	947170
32234	-1112443200	16	947170
32234	-1109764800	20	947170
32234	-1107172800	22.6	947170
32234	-1104494400	24.1	947170
32234	-1101816000	23.7	947170
32234	-1099396800	21.7	947170
32234	-1096718400	16.5	947170
32234	-1094126400	11.2	947170
32234	-1091448000	8.6	947170
32234	-1088856000	8.4	947170
32234	-1086177600	10.8	947170
32234	-1083499200	12.8	947170
32234	-1080907200	17.8	947170
32234	-1078228800	21.4	947170
32234	-1075636800	23.5	947170
32234	-1072958400	24.5	947170
32234	-1070280000	23.8	947170
32234	-1067774400	21.2	947170
32234	-1065096000	15.9	947170
32234	-1062504000	13.4	947170
32234	-1059825600	7.5	947170
32234	-1057233600	9.6	947170
32234	-1054555200	11.2	947170
32234	-1051876800	12.2	947170
32234	-1049284800	17.3	947170
32234	-1046606400	21.5	947170
32234	-1044014400	23	947170
32234	-1041336000	24.1	947170
32234	-1038657600	24.8	947170
32234	-1036238400	21	947170
32234	-1033560000	15.9	947170
32234	-1030968000	12.4	947170
32234	-1028289600	8.8	947170
32234	-1025697600	7.9	947170
32234	-1023019200	11.9	947170
32234	-1020340800	13.9	947170
32234	-1017748800	18.7	947170
32234	-1015070400	22.1	947170
32234	-1012478400	25.2	947170
32234	-1009800000	25.2	947170
32234	-1007121600	23.9	947170
32234	-1004702400	24.5	947170
32234	-1002024000	18.4	947170
32234	-999432000	15.1	947170
32234	-996753600	9	947170
32234	-994161600	7.2	947170
32234	-991483200	9.5	947170
32234	-988804800	13.1	947170
32234	-986212800	18.9	947170
32234	-983534400	23.6	947170
32234	-980942400	25.4	947170
32234	-978264000	29.6	947170
32234	-975585600	28.3	947170
32234	-973166400	22.3	947170
32234	-970488000	17.3	947170
32234	-967896000	15.1	947170
32234	-965217600	10.8	947170
32234	-962625600	9.4	947170
32234	-959947200	9.7	947170
32234	-957268800	13	947170
32234	-954676800	17	947170
32234	-951998400	20.6	947170
32234	-949406400	23.9	947170
32234	-946728000	26.9	947170
32234	-944049600	25.6	947170
32234	-941544000	25.3	947170
32234	-938865600	17.9	947170
32234	-936273600	11.6	947170
32234	-933595200	10.4	947170
32234	-931003200	8.6	947170
32234	-928324800	9.7	947170
32234	-925646400	14	947170
32234	-923054400	18.8	947170
32234	-920376000	19.9	947170
32234	-917784000	25.5	947170
32234	-915105600	22.8	947170
32234	-912427200	24.1	947170
32234	-910008000	20.3	947170
32234	-907329600	18.2	947170
32234	-904737600	12.1	947170
32234	-902059200	8.9	947170
32234	-899467200	7.9	947170
32234	-896788800	9.1	947170
32234	-894110400	13.2	947170
32234	-891518400	15.9	947170
32234	-888840000	22.8	947170
32234	-886248000	24.3	947170
32234	-883569600	27.5	947170
32234	-880891200	24.3	947170
32234	-878472000	22.6	947170
32234	-875793600	18.1	947170
32234	-873201600	13.8	947170
32234	-870523200	10.5	947170
32234	-867931200	8.4	947170
32234	-865252800	9.8	947170
32234	-862574400	12.4	947170
32234	-859982400	16.7	947170
32234	-857304000	20.8	947170
32234	-854712000	25	947170
32234	-852033600	23.2	947170
32234	-849355200	24.8	947170
32234	-846936000	24.6	947170
32234	-844257600	15.5	947170
32234	-841665600	11.7	947170
32234	-838987200	8.2	947170
32234	-836395200	8	947170
32234	-833716800	8.1	947170
32234	-831038400	12.4	947170
32234	-828446400	16.5	947170
32234	-825768000	19	947170
32234	-823176000	22.4	947170
32234	-820497600	26.8	947170
32234	-817819200	24.5	947170
32234	-815313600	20.9	947170
32234	-812635200	14.7	947170
32234	-810043200	11.6	947170
32234	-807364800	8.8	947170
32234	-804772800	8.7	947170
32234	-802094400	10.5	947170
32234	-799416000	14.4	947170
32234	-796824000	18.9	947170
32234	-794145600	23.4	947170
32234	-791553600	24.5	947170
32234	-788875200	26.1	947170
32234	-786196800	24.7	947170
32234	-783777600	20.2	947170
32234	-781099200	16.9	947170
32234	-778507200	14.1	947170
32234	-775828800	12.2	947170
32234	-773236800	8	947170
32234	-770558400	10.5	947170
32234	-767880000	11.4	947170
32234	-765288000	16.2	947170
32234	-762609600	21.4	947170
32234	-760017600	25.5	947170
32234	-757339200	27.2	947170
32234	-754660800	25.7	947170
32234	-752241600	19.5	947170
32234	-749563200	15.1	947170
32234	-746971200	11.9	947170
32234	-744292800	7.9	947170
32234	-741700800	8.8	947170
32234	-739022400	9.3	947170
32234	-736344000	12.5	947170
32234	-733752000	15.9	947170
32234	-731073600	22.4	947170
32234	-728481600	24.7	947170
32234	-725803200	26.8	947170
32234	-723124800	25.3	947170
32234	-720705600	21.5	947170
32234	-718027200	16.7	947170
32234	-715435200	14.2	947170
32234	-712756800	9	947170
32234	-710164800	8.5	947170
32234	-707486400	9.4	947170
32234	-704808000	12.1	947170
32234	-702216000	15	947170
32234	-699537600	18.5	947170
32234	-696945600	22	947170
32234	-694267200	22.5	947170
32234	-691588800	25.1	947170
32234	-689083200	19.6	947170
32234	-686404800	17.2	947170
32234	-683812800	10.8	947170
32234	-681134400	9.4	947170
32234	-678542400	7.4	947170
32234	-675864000	10.2	947170
32234	-673185600	13.1	947170
32234	-670593600	16.3	947170
32234	-667915200	20.6	947170
32234	-665323200	24.9	947170
32234	-662644800	23.8	947170
32234	-659966400	23.7	947170
32234	-657547200	22.9	947170
32234	-654868800	16.3	947170
32234	-652276800	12.8	947170
32234	-649598400	7.5	947170
32234	-647006400	8.7	947170
32234	-644328000	9.3	947170
32234	-641649600	12.5	947170
32234	-639057600	17.7	947170
32234	-636379200	19	947170
32234	-633787200	23.2	947170
32234	-631108800	24.8	947170
32234	-628430400	24.2	947170
32234	-626011200	21.5	947170
32234	-623332800	16.9	947170
32234	-620740800	12.5	947170
32234	-618062400	11.3	947170
32234	-615470400	10.5	947170
32234	-612792000	10.1	947170
32234	-610113600	14.7	947170
32234	-607521600	16.5	947170
32234	-604843200	19.9	947170
32234	-602251200	25	947170
32234	-599572800	24.3	947170
32234	-596894400	24.7	947170
32234	-594475200	22.7	947170
32234	-591796800	14.5	947170
32234	-589204800	11.5	947170
32234	-586526400	10.9	947170
32234	-583934400	8.6	947170
32234	-581256000	8.4	947170
32234	-578577600	14.5	947170
32234	-575985600	15.7	947170
32234	-573307200	19.7	947170
32234	-570715200	23.4	947170
32234	-568036800	26.8	947170
32234	-565358400	25	947170
32234	-562852800	21.6	947170
32234	-560174400	16.2	947170
32234	-557582400	12.2	947170
32234	-554904000	9.4	947170
32234	-552312000	7.5	947170
32234	-549633600	10.9	947170
32234	-546955200	12.6	947170
32234	-544363200	15.7	947170
32234	-541684800	17.7	947170
32234	-539092800	22.9	947170
32234	-536414400	24.6	947170
32234	-533736000	22.6	947170
32234	-531316800	22.8	947170
32234	-528638400	17.3	947170
32234	-526046400	11.9	947170
32234	-523368000	8.1	947170
32234	-520776000	8.5	947170
32234	-518097600	9.2	947170
32234	-515419200	13.7	947170
32234	-512827200	16.6	947170
32234	-510148800	19.4	947170
32234	-507556800	23.2	947170
32234	-504878400	24.3	947170
32234	-502200000	22.2	947170
32234	-499780800	18.8	947170
32234	-497102400	17.6	947170
32234	-494510400	11.4	947170
32234	-491832000	9.4	947170
32234	-489240000	8	947170
32234	-486561600	10.4	947170
32234	-483883200	12.3	947170
32234	-481291200	16.7	947170
32234	-478612800	20.5	947170
32234	-476020800	23	947170
32234	-473342400	24.8	947170
32234	-470664000	24.1	947170
32234	-468244800	22.7	947170
32234	-465566400	17.6	947170
32234	-462974400	11.9	947170
32234	-460296000	10.4	947170
32234	-457704000	7.6	947170
32234	-455025600	10.1	947170
32234	-452347200	13.9	947170
32234	-449755200	16.5	947170
32234	-447076800	18.4	947170
32234	-444484800	21.1	947170
32234	-441806400	23.1	947170
32234	-439128000	22.7	947170
32234	-436622400	20.7	947170
32234	-433944000	15.9	947170
32234	-431352000	11.6	947170
32234	-428673600	8.7	947170
32234	-426081600	8.5	947170
32234	-423403200	8.4	947170
32234	-420724800	11.6	947170
32234	-418132800	13.9	947170
32234	-415454400	16.7	947170
32234	-412862400	22.2	947170
32234	-410184000	25.2	947170
32234	-407505600	24.2	947170
32234	-405086400	21	947170
32234	-402408000	17.7	947170
32234	-399816000	12.4	947170
32234	-397137600	12.6	947170
32234	-394545600	7.3	947170
32234	-391867200	10.6	947170
32234	-389188800	12.7	947170
32234	-386596800	17.2	947170
32234	-383918400	21.8	947170
32234	-381326400	25.5	947170
32234	-378648000	24.4	947170
32234	-375969600	23.5	947170
32234	-373550400	20.8	947170
32234	-370872000	18	947170
32234	-368280000	14.3	947170
32234	-365601600	9.2	947170
32234	-363009600	7.5	947170
32234	-360331200	10.1	947170
32234	-357652800	11	947170
32234	-355060800	15.1	947170
32234	-352382400	21.9	947170
32234	-349790400	22.4	947170
32234	-347112000	25.5	947170
32234	-344433600	23.8	947170
32234	-342014400	20.9	947170
32234	-339336000	16.6	947170
32234	-336744000	11.7	947170
32234	-334065600	10.3	947170
32234	-331473600	8.6	947170
32234	-328795200	10.9	947170
32234	-326116800	12.7	947170
32234	-323524800	15.8	947170
32234	-320846400	23.2	947170
32234	-318254400	21.7	947170
32234	-315576000	26.7	947170
32234	-312897600	23.6	947170
32234	-310392000	21.9	947170
32234	-307713600	17.2	947170
32234	-305121600	10.6	947170
32234	-302443200	8.2	947170
32234	-299851200	9.1	947170
32234	-297172800	8.4	947170
32234	-294494400	12.1	947170
32234	-291902400	15.8	947170
32234	-289224000	17.3	947170
32234	-286632000	22.4	947170
32234	-283953600	24	947170
32234	-281275200	23.8	947170
32234	-278856000	21.4	947170
32234	-276177600	17.4	947170
32234	-273585600	11.2	947170
32234	-270907200	9.5	947170
32234	-268315200	7.8	947170
32234	-265636800	9.2	947170
32234	-262958400	12.7	947170
32234	-260366400	18.9	947170
32234	-257688000	20.6	947170
32234	-255096000	22.1	947170
32234	-252417600	22.8	947170
32234	-249739200	22.5	947170
32234	-247320000	21.5	947170
32234	-244641600	17	947170
32234	-242049600	10.7	947170
32234	-239371200	10.4	947170
32234	-236779200	9.3	947170
32234	-234100800	9.6	947170
32234	-231422400	12.7	947170
32234	-228830400	15.4	947170
32234	-226152000	21	947170
32234	-223560000	21.6	947170
32234	-220881600	23.2	947170
32234	-218203200	23.5	947170
32234	-215784000	22.1	947170
32234	-213105600	16.9	947170
32234	-210513600	13.9	947170
32234	-207835200	9.8	947170
32234	-205243200	7.4	947170
32234	-202564800	10.1	947170
32234	-199886400	12.8	947170
32234	-197294400	17.5	947170
32234	-194616000	19.3	947170
32234	-192024000	23.8	947170
32234	-189345600	23.9	947170
32234	-186667200	23.3	947170
32234	-184161600	21.8	947170
32234	-181483200	17.5	947170
32234	-178891200	11.3	947170
32234	-176212800	9.8	947170
32234	-173620800	7.9	947170
32234	-170942400	9.6	947170
32234	-168264000	12.8	947170
32234	-165672000	13.7	947170
32234	-162993600	20.4	947170
32234	-160401600	20.9	947170
32234	-157723200	23.7	947170
32234	-155044800	25.7	947170
32234	-152625600	22.3	947170
32234	-149947200	15.5	947170
32234	-147355200	12.7	947170
32234	-144676800	9.7	947170
32234	-142084800	7.8	947170
32234	-139406400	10.6	947170
32234	-136728000	15.4	947170
32234	-134136000	18.8	947170
32234	-131457600	19.6	947170
32234	-128865600	23.7	947170
32234	-126187200	25.3	947170
32234	-123508800	23.3	947170
32234	-121089600	21.1	947170
32234	-118411200	17.3	947170
32234	-115819200	11.4	947170
32234	-113140800	9	947170
32234	-110548800	7.6	947170
32234	-107870400	9.6	947170
32234	-105192000	11.8	947170
32234	-102600000	15.5	947170
32234	-99921600	19.5	947170
32234	-97329600	22.7	947170
32234	-94651200	24.9	947170
32234	-91972800	24.5	947170
32234	-89553600	20.1	947170
32234	-86875200	18.7	947170
32234	-84283200	13.7	947170
32234	-81604800	12.2	947170
32234	-79012800	9	947170
32234	-76334400	9.1	947170
32234	-73656000	12.6	947170
32234	-71064000	19	947170
32234	-68385600	21.3	947170
32234	-65793600	22.3	947170
32234	-63115200	24.6	947170
32234	-60436800	26.5	947170
32234	-57931200	23	947170
32234	-55252800	18.7	947170
32234	-52660800	10.7	947170
32234	-49982400	8.5	947170
32234	-47390400	7.6	947170
32234	-44712000	9.6	947170
32234	-42033600	11.8	947170
32234	-39441600	16.5	947170
32234	-36763200	19.8	947170
32234	-34171200	22	947170
32234	-31492800	26	947170
32234	-28814400	24.4	947170
32234	-26395200	21.5	947170
32234	-23716800	16.4	947170
32234	-21124800	11.4	947170
32234	-18446400	9.1	947170
32234	-15854400	9.4	947170
32235	92059200	27.6	947180
32235	94737600	28.9	947180
32235	97416000	26.1	947180
32236	1030881600	14.5	947190
32236	1033473600	17.8	947190
32236	1036152000	24.1	947190
32236	1038744000	24.3	947190
32236	1041422400	26.9	947190
32236	1044100800	25.8	947190
32236	1046520000	20.4	947190
32236	1049198400	17.2	947190
32236	1051790400	13.8	947190
32236	1054468800	11.3	947190
32236	1057060800	9.6	947190
32236	1059739200	10	947190
32236	1062417600	12.5	947190
32236	1065009600	15.1	947190
32236	1067688000	20.1	947190
32236	1070280000	25.1	947190
32236	1072958400	26.7	947190
32236	1075636800	27.6	947190
32236	1078142400	22.5	947190
32236	1080820800	19	947190
32236	1083412800	11.9	947190
32236	1086091200	10.1	947190
32236	1088683200	8.6	947190
32236	1091361600	10.2	947190
32236	1094040000	12.9	947190
32236	1096632000	17.4	947190
32236	1099310400	20.7	947190
32236	1101902400	23.4	947190
32236	1104580800	26	947190
32236	1107259200	24.8	947190
32236	1109678400	21.5	947190
32236	1112356800	21	947190
32236	1114948800	13.7	947190
32236	1117627200	12	947190
32236	1120219200	10.2	947190
32236	1122897600	10.7	947190
32236	1125576000	13.3	947190
32236	1128168000	17.3	947190
32236	1130846400	20.8	947190
32236	1133438400	25.2	947190
32236	1136116800	28.6	947190
32236	1138795200	26.9	947190
32236	1141214400	23.2	947190
32236	1143892800	15.9	947190
32236	1146484800	11.3	947190
32236	1149163200	9.5	947190
32236	1151755200	9.6	947190
32236	1154433600	10.2	947190
32236	1157112000	15.1	947190
32236	1159704000	19.7	947190
32236	1162382400	22.7	947190
32236	1164974400	24.7	947190
32236	1167652800	26.7	947190
32236	1170331200	26.9	947190
32236	1172750400	23.8	947190
32236	1175428800	19.1	947190
32236	1178020800	15.5	947190
32236	1180699200	9.1	947190
32236	1183291200	8.1	947190
32236	1185969600	11.6	947190
32236	1188648000	13.4	947190
32236	1191240000	18.5	947190
32236	1193918400	22.2	947190
32236	1196510400	22.9	947190
32236	1199188800	24.8	947190
32237	-1519992000	17.2	947300
32237	-1517400000	18.6	947300
32237	-1514721600	18.6	947300
32237	-1512043200	20.3	947300
32238	573220800	22.9	947340
32238	575899200	19.2	947340
32238	578491200	16	947340
32238	581169600	11.9	947340
32238	583761600	12.3	947340
32238	586440000	13	947340
32238	589118400	16.7	947340
32238	591710400	22	947340
32238	594388800	22.8	947340
32238	596980800	26.2	947340
32238	599659200	24.8	947340
32238	602337600	25.5	947340
32238	604756800	24.7	947340
32238	607435200	20.4	947340
32238	610027200	17.4	947340
32238	612705600	12.1	947340
32238	615297600	10.4	947340
32238	617976000	10.8	947340
32238	620654400	15	947340
32238	623246400	19.7	947340
32238	625924800	21.9	947340
32238	628516800	25.4	947340
32238	631195200	28.3	947340
32238	633873600	26	947340
32238	636292800	24.8	947340
32238	638971200	19.8	947340
32238	641563200	15.7	947340
32238	644241600	11.5	947340
32238	646833600	10.9	947340
32238	649512000	10.5	947340
32238	652190400	15.1	947340
32238	654782400	19	947340
32238	657460800	24.1	947340
32238	660052800	28.4	947340
32238	662731200	27.1	947340
32238	665409600	27.8	947340
32238	667828800	24	947340
32238	670507200	18.9	947340
32238	673099200	16.9	947340
32238	675777600	14.2	947340
32238	678369600	10.2	947340
32238	681048000	12.1	947340
32238	683726400	15.7	947340
32238	686318400	21.7	947340
32238	688996800	23.5	947340
32238	691588800	24.4	947340
32238	694267200	26.5	947340
32238	696945600	25.5	947340
32238	699451200	23.9	947340
32238	702129600	20.3	947340
32238	704721600	15.9	947340
32238	707400000	11	947340
32238	709992000	11.3	947340
32238	712670400	12.1	947340
32238	715348800	14.4	947340
32238	717940800	19.1	947340
32238	720619200	20.7	947340
32238	723211200	24.5	947340
32238	725889600	29.2	947340
32238	728568000	27	947340
32238	730987200	23.6	947340
32238	733665600	21	947340
32238	736257600	16.9	947340
32238	738936000	11.7	947340
32238	741528000	13.8	947340
32238	744206400	13.2	947340
32238	746884800	15	947340
32238	749476800	18.8	947340
32238	752155200	23.4	947340
32238	754747200	24.4	947340
32238	757425600	27.9	947340
32238	760104000	25.8	947340
32238	762523200	21.9	947340
32238	765201600	19.4	947340
32238	767793600	14.6	947340
32238	770472000	11.9	947340
32238	773064000	11.2	947340
32238	775742400	12.1	947340
32238	778420800	14.9	947340
32238	781012800	20.2	947340
32238	783691200	23.8	947340
32238	786283200	27.9	947340
32238	788961600	25.7	947340
32238	791640000	25.4	947340
32238	794059200	24	947340
32238	796737600	18.1	947340
32238	799329600	16.6	947340
32238	802008000	12.1	947340
32238	804600000	10.3	947340
32238	807278400	14.7	947340
32238	809956800	16.8	947340
32238	812548800	20.6	947340
32238	815227200	23.6	947340
32238	817819200	24.4	947340
32238	820497600	26.3	947340
32238	823176000	24.2	947340
32238	825681600	24	947340
32238	828360000	18.5	947340
32238	830952000	16.7	947340
32238	833630400	13.7	947340
32238	836222400	11	947340
32238	838900800	12.6	947340
32238	841579200	15.7	947340
32238	844171200	19.9	947340
32238	846849600	22.3	947340
32238	849441600	25	947340
32238	852120000	25.2	947340
32238	854798400	27.1	947340
32238	857217600	23.7	947340
32238	859896000	19.6	947340
32238	862488000	16.2	947340
32238	865166400	12.6	947340
32238	867758400	11.7	947340
32238	870436800	12.5	947340
32238	873115200	16.8	947340
32238	875707200	20.2	947340
32238	878385600	25.9	947340
32238	880977600	27.4	947340
32238	883656000	28.2	947340
32238	886334400	27.6	947340
32238	888753600	26.1	947340
32238	891432000	20.7	947340
32238	894024000	15.4	947340
32238	896702400	12.5	947340
32238	899294400	11.4	947340
32238	901972800	14.3	947340
32238	904651200	17.6	947340
32238	907243200	19	947340
32238	909921600	21.2	947340
32238	912513600	26.2	947340
32238	915192000	28	947340
32238	917870400	25.8	947340
32238	920289600	24.6	947340
32238	922968000	18.1	947340
32238	925560000	17.1	947340
32238	928238400	12.8	947340
32238	930830400	12.9	947340
32238	933508800	13.9	947340
32238	936187200	17.3	947340
32238	938779200	21	947340
32238	941457600	20.1	947340
32238	944049600	23.6	947340
32238	946728000	25.5	947340
32238	949406400	26.7	947340
32238	951912000	24.8	947340
32238	954590400	20.8	947340
32238	957182400	15.5	947340
32238	959860800	11.6	947340
32238	962452800	11.7	947340
32238	965131200	13	947340
32238	967809600	18.8	947340
32238	970401600	19.8	947340
32238	973080000	22.5	947340
32238	975672000	26.4	947340
32238	978350400	29.1	947340
32238	981028800	27.5	947340
32238	983448000	23.6	947340
32238	986126400	20.3	947340
32238	988718400	14.7	947340
32238	991396800	13	947340
32238	993988800	12	947340
32238	996667200	12.4	947340
32238	999345600	17.2	947340
32238	1001937600	18.8	947340
32238	1004616000	21.7	947340
32238	1007208000	25.9	947340
32238	1009886400	27.5	947340
32238	1012564800	26.7	947340
32238	1014984000	25	947340
32238	1017662400	21.7	947340
32238	1020254400	15.4	947340
32238	1022932800	12.5	947340
32238	1025524800	11	947340
32239	441806400	16.7	947350
32239	444484800	18.3	947350
32239	446990400	13.8	947350
32239	449668800	13	947350
32288	-623332800	17.5	957070
32288	-620740800	13.7	957070
32288	-618062400	10.3	957070
32288	-615470400	10.2	957070
32288	-612792000	11.2	957070
32288	-610113600	15.6	957070
32288	-607521600	17.4	957070
32288	-604843200	20.5	957070
32288	-602251200	25.7	957070
32288	-599572800	26.6	957070
32288	-596894400	26.2	957070
32288	-594475200	24.7	957070
32288	-591796800	15.8	957070
32288	-589204800	13.1	957070
32288	-586526400	11.3	957070
32288	-583934400	8.9	957070
32288	-581256000	9.8	957070
32288	-578577600	15.3	957070
32288	-575985600	17.3	957070
32288	-573307200	20.8	957070
32288	-570715200	24.6	957070
32288	-568036800	27.8	957070
32288	-565358400	25.6	957070
32288	-562852800	23.1	957070
32288	-560174400	16.4	957070
32288	-557582400	12	957070
32288	-554904000	9.8	957070
32288	-552312000	8.2	957070
32288	-549633600	10.7	957070
32288	-546955200	13.1	957070
32288	-544363200	17.4	957070
32288	-541684800	18.9	957070
32288	-539092800	24.3	957070
32288	-536414400	25.5	957070
32288	-533736000	24.2	957070
32288	-531316800	24.2	957070
32288	-528638400	18.7	957070
32288	-526046400	13.6	957070
32288	-523368000	9.3	957070
32288	-520776000	8.9	957070
32288	-518097600	10.5	957070
32289	347198400	26	957230
32289	349876800	22.4	957230
32289	352296000	18.3	957230
32289	354974400	15	957230
32289	357566400	10.4	957230
32289	360244800	7.7	957230
32289	362836800	6.6	957230
32289	365515200	8	957230
32289	368193600	11.4	957230
32289	370785600	15	957230
32289	373464000	16.2	957230
32289	376056000	20.3	957230
32289	378734400	23.8	957230
32289	381412800	23.1	957230
32289	383832000	19.2	957230
32289	386510400	13.7	957230
32289	389102400	9.3	957230
32289	391780800	6.2	957230
32289	394372800	4.7	957230
32289	397051200	8.9	957230
32289	399729600	10.6	957230
32289	402321600	13.5	957230
32289	4.05e+08	20.1	957230
32289	407592000	21.2	957230
32289	410270400	22.3	957230
32289	412948800	25.3	957230
32289	415368000	21.4	957230
32289	418046400	13.1	957230
32289	420638400	11.4	957230
32289	423316800	7.9	957230
32289	425908800	5.9	957230
32289	428587200	8.1	957230
32289	431265600	10.8	957230
32289	433857600	13.9	957230
32289	436536000	15.2	957230
32289	439128000	19.5	957230
32289	441806400	19.3	957230
32289	444484800	20.2	957230
32289	446990400	16.5	957230
32289	449668800	14.1	957230
32289	452260800	9.5	957230
32289	454939200	6.6	957230
32289	457531200	6.2	957230
32289	460209600	8.3	957230
32289	462888000	9.7	957230
32289	465480000	13.3	957230
32289	468158400	17.5	957230
32289	470750400	17.9	957230
32289	473428800	21.3	957230
32289	476107200	21.3	957230
32289	478526400	19.9	957230
32289	481204800	14.7	957230
32289	483796800	10.6	957230
32289	486475200	7	957230
32289	489067200	5.7	957230
32289	491745600	7.9	957230
32289	494424000	9.9	957230
32289	497016000	13.8	957230
32289	499694400	16.9	957230
32289	502286400	18.4	957230
32290	654782400	15.9	957270
32290	657460800	20.8	957270
32290	660052800	25.8	957270
32290	662731200	24.9	957270
32290	665409600	26.1	957270
32290	667828800	21.8	957270
32290	670507200	16.8	957270
32290	673099200	14.5	957270
32290	675777600	12.3	957270
32307	123595200	21.5	959956
32307	126273600	23.4	959956
32307	128952000	22.3	959956
32307	131371200	21.1	959956
32307	134049600	15.9	959956
32307	136641600	12.9	959956
32307	139320000	9.3	959956
32307	141912000	8.1	959956
32307	144590400	9	959956
32307	147268800	10.6	959956
32307	149860800	14.4	959956
32307	152539200	16.7	959956
32307	155131200	21.2	959956
32307	157809600	22.5	959956
32307	160488000	23.5	959956
32307	162907200	19.8	959956
32307	165585600	16	959956
32307	168177600	13.2	959956
32307	170856000	9.8	959956
32307	173448000	10.1	959956
32307	176126400	9.5	959956
32307	178804800	13.3	959956
32307	181396800	14.2	959956
32307	184075200	19.6	959956
32307	186667200	24.1	959956
32307	189345600	22.4	959956
32307	192024000	22.8	959956
32307	194529600	20	959956
32307	197208000	15.8	959956
32307	199800000	12.2	959956
32307	202478400	9.6	959956
32307	205070400	8.9	959956
32307	207748800	9.2	959956
32307	210427200	11.2	959956
32307	213019200	13.6	959956
32307	215697600	16.8	959956
32307	218289600	22.3	959956
32308	-1101816000	15.4	959957
32308	-1099396800	14	959957
32308	-1096718400	11.8	959957
32308	-1094126400	6.6	959957
32308	-1091448000	2.9	959957
33491	565358400	23.2	947000
33491	568036800	27.4	947000
33491	570715200	24.5	947000
33491	573220800	22.6	947000
33491	575899200	19.2	947000
33492	-1617364800	20.4	947030
33492	-1614686400	25.2	947030
33492	-1612094400	26.8	947030
33492	-1609416000	30	947030
33492	-1606737600	28.2	947030
33492	-1604318400	23.6	947030
33492	-1601640000	21.4	947030
33492	-1599048000	16.9	947030
33492	-1596369600	12.1	947030
33492	-1593777600	9.8	947030
33492	-1591099200	11.6	947030
33492	-1588420800	18	947030
33492	-1585828800	21.7	947030
33493	-152625600	24	947070
33493	-149947200	15.5	947070
33493	-147355200	13.9	947070
33493	-144676800	10.1	947070
33493	-142084800	9.6	947070
33493	-139406400	11.9	947070
33493	-136728000	16.5	947070
33493	-134136000	20.9	947070
33493	-131457600	21	947070
33493	-128865600	25.3	947070
33493	-126187200	26.5	947070
33493	-123508800	25.6	947070
33493	-121089600	22.4	947070
33493	-118411200	18.1	947070
33493	-115819200	13.1	947070
33493	-113140800	9.8	947070
33493	-110548800	9.1	947070
33493	-107870400	11.1	947070
33493	-105192000	13.9	947070
33493	-102600000	16.8	947070
33494	-252417600	24.4	947090
33494	-249739200	23.1	947090
33494	-247320000	21.3	947090
33495	284040000	26	947120
33495	286718400	24.6	947120
33495	289137600	20.9	947120
33495	291816000	13.8	947120
33495	294408000	10.8	947120
33495	297086400	9.7	947120
33495	299678400	7	947120
33495	302356800	7.4	947120
33495	305035200	10.7	947120
33495	307627200	14.9	947120
33495	310305600	20.7	947120
33495	312897600	21.6	947120
33496	13089600	10.2	947130
33496	15681600	8.6	947130
33496	18360000	9.8	947130
33496	21038400	11.1	947130
33496	23630400	16.9	947130
33496	26308800	18.8	947130
33496	28900800	22.7	947130
33496	31579200	24.6	947130
33496	34257600	23.3	947130
33496	36676800	23.2	947130
33496	39355200	17.4	947130
33496	41947200	12.5	947130
33496	44625600	8.6	947130
33496	47217600	7.6	947130
33496	49896000	10.1	947130
33496	52574400	13.3	947130
33496	55166400	15.8	947130
33496	57844800	18	947130
33496	60436800	22.5	947130
33496	63115200	22.6	947130
33496	65793600	22.3	947130
33496	68299200	20.3	947130
33496	70977600	16.2	947130
33496	73569600	13	947130
33496	76248000	9.6	947130
33496	78840000	8.6	947130
33496	81518400	11.4	947130
33496	84196800	14.4	947130
33496	86788800	17	947130
33496	89467200	20	947130
33496	92059200	24.8	947130
33496	94737600	26.9	947130
33496	97416000	23.8	947130
33496	99835200	21	947130
33496	102513600	18.1	947130
33496	105105600	13.4	947130
33496	107784000	10.2	947130
33496	110376000	10.5	947130
33496	113054400	10.4	947130
33496	115732800	13.3	947130
33496	118324800	17.6	947130
33496	121003200	19.1	947130
33496	123595200	23	947130
33496	126273600	24.8	947130
33496	128952000	23.2	947130
33496	131371200	22.2	947130
33496	134049600	17.9	947130
33496	136641600	13.8	947130
33496	139320000	9.3	947130
33496	141912000	9	947130
33496	144590400	9.5	947130
33496	147268800	11.1	947130
33496	149860800	15.4	947130
33496	152539200	17.5	947130
33496	155131200	22.2	947130
33496	157809600	23.4	947130
33496	160488000	23.9	947130
33496	162907200	20.6	947130
33496	165585600	16.5	947130
33496	168177600	13.5	947130
33496	170856000	10	947130
33496	173448000	10.6	947130
33496	176126400	10.2	947130
33496	178804800	14.1	947130
33496	181396800	15.1	947130
33496	184075200	20.2	947130
33496	186667200	25.4	947130
33496	189345600	23.2	947130
33496	192024000	24.2	947130
33496	194529600	20.9	947130
33496	197208000	16.1	947130
33496	199800000	11.9	947130
33496	202478400	9.8	947130
33496	205070400	8.7	947130
33496	207748800	9.7	947130
33496	210427200	11.8	947130
33496	213019200	14.8	947130
33496	215697600	18.4	947130
33496	218289600	22.8	947130
33496	220968000	24.8	947130
33496	223646400	26.4	947130
33496	226065600	21.4	947130
33496	228744000	15.7	947130
33496	231336000	13	947130
33496	234014400	9	947130
33496	236606400	7.3	947130
33496	239284800	11.1	947130
33496	241963200	12.1	947130
33496	244555200	18.3	947130
33496	247233600	20.8	947130
33496	249825600	23.9	947130
33496	252504000	24.2	947130
33496	255182400	25.2	947130
33496	257601600	22.2	947130
33496	260280000	16.3	947130
33496	262872000	13.7	947130
33496	265550400	10.2	947130
33496	268142400	8.3	947130
33496	270820800	9.2	947130
33496	273499200	12.7	947130
33496	276091200	15.8	947130
33496	278769600	19.1	947130
33496	281361600	21.1	947130
33496	284040000	27.8	947130
33496	286718400	25.9	947130
33496	289137600	22.4	947130
33496	291816000	16.2	947130
33496	294408000	12.2	947130
33496	297086400	10.5	947130
33496	299678400	9	947130
33496	302356800	9.7	947130
33496	305035200	12.9	947130
33496	307627200	17	947130
33496	310305600	21.7	947130
33496	312897600	24.5	947130
33496	315576000	23.9	947130
33496	318254400	25	947130
33496	320760000	22.2	947130
33496	323438400	17.6	947130
33496	326030400	13.7	947130
33496	328708800	9.6	947130
33496	331300800	8.6	947130
33496	333979200	10.4	947130
33496	336657600	13.7	947130
33496	339249600	18.5	947130
33496	341928000	21.8	947130
33496	344520000	24.5	947130
33496	347198400	29	947130
33496	349876800	26.2	947130
33496	352296000	21	947130
33496	354974400	17.6	947130
33496	357566400	13.5	947130
33496	360244800	9.5	947130
33496	362836800	8.6	947130
33496	365515200	9.7	947130
33496	368193600	14.3	947130
33496	370785600	18	947130
33496	373464000	19.4	947130
33496	376056000	23.2	947130
33496	378734400	26.3	947130
33496	381412800	25.7	947130
33496	383832000	21.8	947130
33496	386510400	16.6	947130
33496	389102400	12.3	947130
33496	391780800	8.1	947130
33496	394372800	7.4	947130
33496	397051200	12.1	947130
33497	239284800	12.7	947150
33497	241963200	15.4	947150
33497	244555200	20.7	947150
33497	247233600	24.6	947150
33497	249825600	27.6	947150
33497	252504000	27.5	947150
33497	255182400	27	947150
33497	257601600	24.2	947150
33497	260280000	18.2	947150
33497	262872000	15.4	947150
33498	-5227200	18.4	947170
33498	-2635200	21.3	947170
33498	43200	22.7	947170
33498	2721600	24.8	947170
33498	5140800	19.6	947170
33498	7819200	17.1	947170
33498	10411200	10.7	947170
33498	13089600	10	947170
33499	107784000	12	947180
33499	110376000	13.2	947180
33499	113054400	12.1	947180
33500	1204372800	21.2	947190
33500	1207051200	16	947190
33500	1209643200	13.2	947190
33500	1212321600	12.1	947190
33500	1214913600	9.4	947190
33500	1217592000	8.8	947190
33500	1220270400	13.9	947190
33500	1222862400	17.8	947190
33501	462888000	11.9	947230
33501	465480000	16.5	947230
33501	468158400	20.9	947230
33501	470750400	21.9	947230
33502	-1501675200	6.4	947300
33502	-1499083200	5.3	947300
33502	-1496404800	6	947300
33502	-1493726400	9.1	947300
33502	-1491134400	12.8	947300
33502	-1488456000	17.1	947300
33502	-1485864000	19.1	947300
33502	-1483185600	20.2	947300
33502	-1480507200	22.3	947300
33503	454939200	6.3	947350
33503	457531200	4.8	947350
33503	460209600	6.5	947350
33503	462888000	7.8	947350
33503	465480000	10.8	947350
33503	468158400	14.8	947350
33503	470750400	15	947350
33503	473428800	19.4	947350
33503	476107200	17.7	947350
33503	478526400	17	947350
33503	481204800	12.4	947350
33503	483796800	9.4	947350
33503	486475200	5.4	947350
33503	489067200	4.7	947350
33503	491745600	6.3	947350
33542	-34171200	26.3	955120
33542	-31492800	31.1	955120
33542	-28814400	29.5	955120
33542	-26395200	25.6	955120
33542	-23716800	19.2	955120
33542	-21124800	15.6	955120
33542	-18446400	12.3	955120
33542	-15854400	12.7	955120
33551	-507556800	25.2	957070
33551	-504878400	26.3	957070
33551	-502200000	22.3	957070
33551	-499780800	21.1	957070
33551	-497102400	20.2	957070
33565	223646400	25.3	959956
33565	226065600	20.5	959956
33565	228744000	15.5	959956
33565	231336000	12.3	959956
33565	234014400	8.5	959956
33565	236606400	7.2	959956
33565	239284800	11.1	959956
33565	241963200	11.5	959956
33565	244555200	17.8	959956
33565	247233600	20.3	959956
33565	249825600	23.3	959956
33565	252504000	23.7	959956
33565	255182400	24.7	959956
33565	257601600	21.4	959956
33565	260280000	16.1	959956
33565	262872000	13.1	959956
33565	265550400	9.3	959956
33565	268142400	7.6	959956
33565	270820800	8.5	959956
33565	273499200	11.9	959956
33565	276091200	14.9	959956
33565	278769600	18.2	959956
33565	281361600	19.6	959956
33565	284040000	27.2	959956
33565	286718400	25.1	959956
33565	289137600	21.4	959956
33565	291816000	15.7	959956
33565	294408000	11.4	959956
33565	297086400	10.2	959956
33565	299678400	8.5	959956
33565	302356800	9.5	959956
33565	305035200	12.1	959956
33565	307627200	15.6	959956
33565	310305600	20.7	959956
33565	312897600	24	959956
33565	315576000	23.2	959956
33565	318254400	24.3	959956
33565	320760000	21.8	959956
33565	323438400	17.4	959956
33565	326030400	13.3	959956
33565	328708800	8.8	959956
33565	331300800	8	959956
33565	333979200	10	959956
33565	336657600	13.2	959956
33565	339249600	17.9	959956
33565	341928000	21.3	959956
33566	-1086177600	6	959957
33566	-1083499200	9.9	959957
34675	583761600	10.2	947000
34675	586440000	11.2	947000
34675	589118400	14.6	947000
34675	591710400	18.9	947000
34675	594388800	20.4	947000
34675	596980800	25	947000
34675	599659200	23.9	947000
34675	602337600	25	947000
34675	604756800	22.5	947000
34675	607435200	18.2	947000
34675	610027200	14.7	947000
34675	612705600	8.9	947000
34675	615297600	8.3	947000
34675	617976000	8.4	947000
34675	620654400	13.1	947000
34675	623246400	16.7	947000
34675	625924800	21.9	947000
34675	628516800	24.3	947000
34675	631195200	26.9	947000
34676	-1577880000	28.8	947030
34676	-1575201600	28.2	947030
34676	-1572696000	24.2	947030
34676	-1570017600	19.4	947030
34676	-1567425600	15	947030
34676	-1564747200	12.3	947030
34676	-1562155200	10.5	947030
34676	-1559476800	10.7	947030
34676	-1556798400	15.4	947030
34676	-1554206400	20.4	947030
34676	-1551528000	26.1	947030
34677	-94651200	24.7	947070
34677	-91972800	25.4	947070
34677	-89553600	20.5	947070
34677	-86875200	18.5	947070
34677	-84283200	13.5	947070
34677	-81604800	12.5	947070
34677	-79012800	10.5	947070
34677	-76334400	11.2	947070
34677	-73656000	14.9	947070
34677	-71064000	20.3	947070
34677	-68385600	22.4	947070
34677	-65793600	23.1	947070
34677	-63115200	26.5	947070
34677	-60436800	27.8	947070
34677	-57931200	24.1	947070
34677	-55252800	19.7	947070
34677	-52660800	12.5	947070
34677	-49982400	9.7	947070
34677	-47390400	8.5	947070
34677	-44712000	11.2	947070
34677	-42033600	13.5	947070
34677	-39441600	18.2	947070
34677	-36763200	21.7	947070
34677	-34171200	24.2	947070
34677	-31492800	27.8	947070
34677	-28814400	26.1	947070
34677	-26395200	22.3	947070
34677	-23716800	17.3	947070
34677	-21124800	12.4	947070
34677	-18446400	9.9	947070
34677	-15854400	10.4	947070
34677	-13176000	11.7	947070
34677	-10497600	11.3	947070
34677	-7905600	18.7	947070
34677	-5227200	20.4	947070
34677	-2635200	23.3	947070
34677	43200	24.1	947070
34677	2721600	26.3	947070
34678	-242049600	10.5	947090
34678	-239371200	10.4	947090
34678	-236779200	8.3	947090
34678	-234100800	10	947090
34678	-231422400	12.9	947090
34678	-228830400	14.7	947090
34678	-226152000	21.5	947090
34679	320760000	20.6	947120
34679	323438400	16.1	947120
34679	326030400	12.4	947120
34679	328708800	8.1	947120
34679	331300800	7.7	947120
34679	333979200	10.4	947120
34679	336657600	12.5	947120
34679	339249600	15.2	947120
34679	341928000	17.9	947120
34680	4.05e+08	22.5	947130
34680	407592000	24.5	947130
34680	410270400	24.5	947130
34680	412948800	27.6	947130
34680	415368000	24	947130
34680	418046400	15.5	947130
34680	420638400	13.9	947130
34680	423316800	8.8	947130
34680	425908800	7.5	947130
34680	428587200	10.4	947130
34680	431265600	13	947130
34680	433857600	16.8	947130
34680	436536000	18.6	947130
34680	439128000	22.8	947130
34680	441806400	21.7	947130
34680	444484800	23.3	947130
34680	446990400	19.3	947130
34680	449668800	15.9	947130
34680	452260800	12.2	947130
34680	454939200	9.8	947130
34680	457531200	8.2	947130
34680	460209600	10.6	947130
34680	462888000	11.6	947130
34680	465480000	16.6	947130
34680	468158400	20.5	947130
34680	470750400	21.4	947130
34680	473428800	23.7	947130
34680	476107200	24.1	947130
34680	478526400	22.2	947130
34680	481204800	17.5	947130
34680	483796800	13.4	947130
34680	486475200	8.5	947130
34680	489067200	8.5	947130
34680	491745600	10.1	947130
34680	494424000	12.5	947130
34680	497016000	17.2	947130
34680	499694400	19.9	947130
34680	502286400	21.2	947130
34681	268142400	9.3	947150
34681	270820800	10	947150
34681	273499200	14	947150
34681	276091200	18	947150
34682	18360000	9.1	947170
34682	21038400	10.9	947170
34682	23630400	16.7	947170
34682	26308800	18.8	947170
34682	28900800	22.9	947170
34682	31579200	23.9	947170
34682	34257600	22.6	947170
34682	36676800	22.4	947170
34682	39355200	17.2	947170
34682	41947200	12.1	947170
34682	44625600	7.9	947170
34682	47217600	7.2	947170
34682	49896000	9.8	947170
34682	52574400	13	947170
34682	55166400	16.3	947170
34682	57844800	17.7	947170
34682	60436800	22.3	947170
34682	63115200	21.9	947170
34682	65793600	21.9	947170
34682	68299200	20.2	947170
34682	70977600	16.2	947170
34682	73569600	13.2	947170
34682	76248000	10.1	947170
34682	78840000	8.5	947170
34682	81518400	11.4	947170
34682	84196800	14.9	947170
34682	86788800	17.4	947170
34682	89467200	20.4	947170
34682	92059200	25	947170
34682	94737600	26.8	947170
34682	97416000	23	947170
34682	99835200	21.2	947170
34682	102513600	18	947170
34682	105105600	12.9	947170
34682	107784000	9.7	947170
34682	110376000	10.3	947170
34682	113054400	9.9	947170
34682	115732800	13.3	947170
34682	118324800	17.1	947170
34683	128952000	25.3	947180
34683	131371200	24.7	947180
34683	134049600	20.4	947180
34683	136641600	15.4	947180
34683	139320000	11.6	947180
34683	141912000	10	947180
34683	144590400	11	947180
34683	147268800	13.4	947180
34683	149860800	17.9	947180
34683	152539200	20.3	947180
34683	155131200	25.2	947180
34683	157809600	26.2	947180
34683	160488000	25.5	947180
34683	162907200	22.7	947180
34683	165585600	18.6	947180
34683	168177600	15.2	947180
34683	170856000	11.8	947180
34683	173448000	11.7	947180
34683	176126400	12.3	947180
34683	178804800	16.2	947180
34683	181396800	18.5	947180
34683	184075200	23.7	947180
34683	186667200	26.8	947180
34683	189345600	25.9	947180
34683	192024000	24.4	947180
34683	194529600	23.5	947180
34683	197208000	19.1	947180
34683	199800000	14.9	947180
34683	202478400	11.8	947180
34683	205070400	11.1	947180
34683	207748800	11.2	947180
34684	1228132800	22.5	947190
34684	1230811200	26.6	947190
34684	1233489600	25.9	947190
34684	1235908800	22.3	947190
34684	1238587200	17.7	947190
34684	1241179200	14	947190
34684	1243857600	11.1	947190
34684	1246449600	9.4	947190
34684	1249128000	11.4	947190
34684	1251806400	14.2	947190
34684	1254398400	17.1	947190
34684	1257076800	26	947190
34684	1259668800	24.3	947190
34684	1262347200	26	947190
34684	1265025600	24.2	947190
34684	1267444800	21.5	947190
34684	1270123200	17.6	947190
34684	1272715200	13.2	947190
34684	1275393600	10	947190
34684	1277985600	10	947190
34684	1280664000	9.1	947190
34684	1283342400	12.9	947190
34684	1285934400	16.9	947190
34684	1288612800	19.8	947190
34684	1291204800	21.9	947190
34684	1293883200	26.1	947190
34684	1296561600	25.5	947190
34684	1298980800	22.1	947190
34684	1301659200	16.8	947190
34684	1304251200	11.8	947190
34684	1306929600	9.9	947190
34684	1309521600	8.9	947190
34684	1312200000	12.2	947190
34684	1314878400	13.9	947190
34684	1317470400	16.7	947190
34684	1320148800	21.5	947190
34684	1322740800	20.4	947190
34684	1325419200	23.4	947190
34684	1328097600	22.5	947190
34684	1330603200	20.6	947190
34684	1333281600	17.8	947190
34684	1335873600	11.7	947190
34684	1338552000	10.3	947190
34684	1341144000	9.4	947190
34684	1343822400	9.5	947190
34684	1346500800	13.5	947190
34684	1349092800	16.5	947190
34684	1351771200	22.4	947190
34684	1354363200	25.4	947190
34684	1357041600	28.3	947190
34684	1359720000	24.6	947190
34684	1362139200	21.9	947190
34684	1364817600	17.5	947190
34684	1367409600	13.9	947190
34684	1370088000	11.1	947190
34684	1372680000	10.6	947190
34684	1375358400	10.8	947190
34684	1378036800	15.5	947190
34684	1380628800	17.3	947190
34684	1383307200	21.1	947190
34684	1385899200	24.5	947190
34685	476107200	24.1	947230
34685	478526400	22.9	947230
34685	481204800	17.3	947230
34685	483796800	14.2	947230
34685	486475200	8.9	947230
34685	489067200	9.1	947230
34685	491745600	10.7	947230
34686	-1472817600	10.4	947300
34686	-1470139200	7.7	947300
34686	-1467547200	6.3	947300
34686	-1464868800	6.8	947300
34686	-1462190400	9	947300
34686	-1459598400	11.7	947300
34720	-10497600	14	955120
34720	-7905600	22.4	955120
34720	-5227200	22.9	955120
34720	-2635200	26.7	955120
34720	43200	27.3	955120
34720	2721600	27.6	955120
34720	5140800	23.7	955120
34720	7819200	19.9	955120
34720	10411200	13.8	955120
34720	13089600	13.1	955120
34720	15681600	10.8	955120
34720	18360000	12.4	955120
34720	21038400	15.2	955120
34720	23630400	21.1	955120
34720	26308800	23.6	955120
34720	28900800	26.4	955120
34720	31579200	27.8	955120
34720	34257600	26.4	955120
34720	36676800	25.2	955120
34720	39355200	20.2	955120
34720	41947200	15.7	955120
34720	44625600	11.9	955120
34720	47217600	10.6	955120
34720	49896000	14.3	955120
34720	52574400	16.4	955120
34720	55166400	21.4	955120
34720	57844800	22.4	955120
34720	60436800	27.1	955120
34720	63115200	25.5	955120
34720	65793600	26	955120
34720	68299200	25	955120
34720	70977600	19.8	955120
34720	73569600	16.2	955120
34720	76248000	13	955120
34720	78840000	11	955120
34720	81518400	14.6	955120
34720	84196800	19	955120
34728	-491832000	10.4	957070
34728	-489240000	9.9	957070
34728	-486561600	12	957070
34728	-483883200	14	957070
34728	-481291200	18.3	957070
34728	-478612800	20.2	957070
34728	-476020800	23.7	957070
34728	-473342400	25.8	957070
34728	-470664000	24.8	957070
34728	-468244800	23.4	957070
34728	-465566400	17.9	957070
34728	-462974400	12	957070
34728	-460296000	10.3	957070
34728	-457704000	8.3	957070
34728	-455025600	10.8	957070
34728	-452347200	14.6	957070
34728	-449755200	17.5	957070
34728	-447076800	19.5	957070
34728	-444484800	22.4	957070
34728	-441806400	24.6	957070
34728	-439128000	25	957070
34728	-436622400	22.2	957070
34728	-433944000	16.5	957070
34740	347198400	28.3	959956
34740	349876800	25.3	959956
34740	352296000	20.5	959956
34740	354974400	17.5	959956
34740	357566400	12.8	959956
34740	360244800	8.5	959956
34740	362836800	7.9	959956
34740	365515200	8.8	959956
34740	368193600	13.5	959956
34740	370785600	17	959956
34740	373464000	18	959956
34740	376056000	22.8	959956
34740	378734400	25.9	959956
34740	381412800	25.6	959956
34740	383832000	20.9	959956
34740	386510400	16.1	959956
34740	389102400	12.1	959956
34740	391780800	8.1	959956
34740	394372800	7.5	959956
34740	397051200	12.2	959956
34740	399729600	12.4	959956
34740	402321600	16.1	959956
34740	4.05e+08	22.5	959956
34740	407592000	23.7	959956
34740	410270400	23.6	959956
34740	412948800	26.8	959956
34740	415368000	22.8	959956
34740	418046400	14.6	959956
34740	420638400	12.8	959956
34740	423316800	8.6	959956
34740	425908800	7.2	959956
34740	428587200	9.7	959956
34740	431265600	12	959956
34740	433857600	15.7	959956
34741	-1078228800	15.4	959957
34741	-1075636800	16.3	959957
34741	-1072958400	17.3	959957
34741	-1070280000	15.1	959957
34741	-1067774400	14.3	959957
34741	-1065096000	14.2	959957
35745	638971200	18.7	947000
35745	641563200	14	947000
35745	644241600	9.7	947000
35745	646833600	10.3	947000
35745	649512000	10.4	947000
35745	652190400	14	947000
35745	654782400	18	947000
35745	657460800	22.2	947000
35745	660052800	25.8	947000
35745	662731200	26.8	947000
35745	665409600	27.5	947000
35745	667828800	22.5	947000
35745	670507200	16.8	947000
35745	673099200	13.8	947000
35745	675777600	13.2	947000
35745	678369600	9.7	947000
35745	681048000	10.9	947000
35745	683726400	14.2	947000
35745	686318400	20.2	947000
35745	688996800	20.8	947000
35745	691588800	23.1	947000
35745	694267200	23.7	947000
35745	696945600	24.3	947000
35745	699451200	24.4	947000
35745	702129600	18.9	947000
35745	704721600	13.8	947000
35745	707400000	10.5	947000
35745	709992000	10.6	947000
35745	712670400	9.9	947000
35745	715348800	12.4	947000
35745	717940800	17.6	947000
35745	720619200	18	947000
35745	723211200	22.6	947000
35745	725889600	26.1	947000
35745	728568000	25.3	947000
35745	730987200	21.9	947000
35745	733665600	19.8	947000
35745	736257600	14.3	947000
35745	738936000	10.1	947000
35745	741528000	11.1	947000
35745	744206400	12.3	947000
35745	746884800	14.3	947000
35745	749476800	16.1	947000
35745	752155200	21.1	947000
35745	754747200	22.2	947000
35745	757425600	25.3	947000
35745	760104000	26.1	947000
35745	762523200	20.4	947000
35745	765201600	18	947000
35745	767793600	14.2	947000
35745	770472000	12.4	947000
35745	773064000	10.4	947000
35745	775742400	10.3	947000
35745	778420800	13.5	947000
35745	781012800	18.2	947000
35745	783691200	21.5	947000
35745	786283200	26.3	947000
35745	788961600	25.4	947000
35745	791640000	25.6	947000
35745	794059200	21.1	947000
35745	796737600	15.4	947000
35745	799329600	13.7	947000
35745	802008000	11	947000
35745	804600000	8.4	947000
35745	807278400	12.3	947000
35745	809956800	13.7	947000
35745	812548800	17.5	947000
35745	815227200	21.1	947000
35745	817819200	22.5	947000
35745	820497600	25.2	947000
35745	823176000	22.8	947000
35745	825681600	22.1	947000
35745	828360000	15.6	947000
35745	830952000	13.5	947000
35745	833630400	11	947000
35745	836222400	9.6	947000
35745	838900800	11	947000
35745	841579200	13.9	947000
35745	844171200	17.8	947000
35745	846849600	19.4	947000
35745	849441600	23.5	947000
35745	852120000	26.3	947000
35745	854798400	29.5	947000
35745	857217600	20.7	947000
35745	859896000	17.2	947000
35745	862488000	14.5	947000
35745	865166400	10.5	947000
35745	867758400	8.2	947000
35745	870436800	10.4	947000
35745	873115200	13.9	947000
35745	875707200	18	947000
35745	878385600	23.5	947000
35745	880977600	25.6	947000
35745	883656000	25.9	947000
35745	886334400	24.7	947000
35745	888753600	23.4	947000
35745	891432000	16.8	947000
35745	894024000	13.5	947000
35745	896702400	10.1	947000
35745	899294400	8.2	947000
35745	901972800	11.5	947000
35745	904651200	14.7	947000
35745	907243200	16	947000
35745	909921600	19.9	947000
35745	912513600	24.9	947000
35745	915192000	28.7	947000
35745	917870400	25.2	947000
35745	920289600	22.2	947000
35745	922968000	15.7	947000
35745	925560000	14.2	947000
35745	928238400	10.6	947000
35745	930830400	10.5	947000
35745	933508800	10.8	947000
35745	936187200	15.4	947000
35745	938779200	18.1	947000
35745	941457600	18.5	947000
35745	944049600	22	947000
35745	946728000	23.7	947000
35745	949406400	26.9	947000
35745	951912000	22.5	947000
35745	954590400	17.7	947000
35745	957182400	12.1	947000
35745	959860800	9.5	947000
35745	962452800	9.4	947000
35745	965131200	9.8	947000
35745	967809600	15.2	947000
35745	970401600	16.8	947000
35745	973080000	22.2	947000
35745	975672000	25.1	947000
35745	978350400	28.7	947000
35745	981028800	27.6	947000
35745	983448000	21.4	947000
35745	986126400	17.7	947000
35745	988718400	12.5	947000
35745	991396800	10.8	947000
35745	993988800	9.5	947000
35745	996667200	11.2	947000
35745	999345600	15.6	947000
35745	1001937600	15.7	947000
35745	1004616000	19.9	947000
35745	1007208000	22.2	947000
35745	1009886400	24.7	947000
35745	1012564800	23.8	947000
35745	1014984000	22.6	947000
35745	1017662400	20	947000
35745	1020254400	13.6	947000
35745	1022932800	10.9	947000
35745	1025524800	10.6	947000
35745	1028203200	11.5	947000
35745	1030881600	15.5	947000
35745	1033473600	18.2	947000
35745	1036152000	23.7	947000
35745	1038744000	25.3	947000
35745	1041422400	27.4	947000
35745	1044100800	26.9	947000
35745	1046520000	21.1	947000
35745	1049198400	18.7	947000
35745	1051790400	13.9	947000
35745	1054468800	11.2	947000
35745	1057060800	10.1	947000
35745	1059739200	10.3	947000
35745	1062417600	13.7	947000
35745	1065009600	15.5	947000
35745	1067688000	22.1	947000
35745	1070280000	26	947000
35745	1072958400	25.5	947000
35745	1075636800	27.8	947000
35745	1078142400	22.1	947000
35745	1080820800	18.5	947000
35745	1083412800	12	947000
35745	1086091200	10.5	947000
35745	1088683200	9	947000
35745	1091361600	11.7	947000
35745	1094040000	14.1	947000
35745	1096632000	19	947000
35745	1099310400	21.4	947000
35745	1101902400	23.8	947000
35745	1104580800	27.4	947000
35745	1107259200	23.5	947000
35745	1109678400	21.5	947000
35745	1112356800	21.3	947000
35745	1114948800	13.9	947000
35745	1117627200	12.4	947000
35745	1120219200	10.4	947000
35745	1122897600	10.9	947000
35745	1125576000	13.4	947000
35745	1128168000	17.6	947000
35745	1130846400	22	947000
35745	1133438400	24.4	947000
35745	1136116800	29.6	947000
35745	1138795200	26.4	947000
35745	1141214400	23.7	947000
35745	1143892800	15.1	947000
35745	1146484800	11.4	947000
35745	1149163200	8.7	947000
35745	1151755200	9.3	947000
35745	1154433600	10.9	947000
35745	1157112000	14.6	947000
35745	1159704000	18.7	947000
35745	1162382400	22.2	947000
35745	1164974400	24.1	947000
35745	1167652800	26.3	947000
35745	1170331200	27.3	947000
35745	1172750400	23.6	947000
35745	1175428800	18.3	947000
35745	1178020800	15.2	947000
35745	1180699200	8.4	947000
35745	1183291200	9	947000
35745	1185969600	12.5	947000
35745	1188648000	14.3	947000
35745	1191240000	19.1	947000
35745	1193918400	23.3	947000
35745	1196510400	24.8	947000
35745	1199188800	27.4	947000
35745	1201867200	23.4	947000
35745	1204372800	23.4	947000
35745	1207051200	16.2	947000
35745	1209643200	13.3	947000
35745	1212321600	12	947000
35745	1214913600	9.5	947000
35745	1217592000	9.7	947000
35745	1220270400	15.2	947000
35745	1222862400	19.8	947000
35745	1225540800	21	947000
35745	1228132800	22.9	947000
35745	1230811200	27.8	947000
35745	1233489600	26.9	947000
35745	1235908800	22.9	947000
35745	1238587200	18	947000
35745	1241179200	14	947000
35745	1243857600	11.3	947000
35745	1246449600	10.4	947000
35745	1249128000	12.9	947000
35745	1251806400	15.2	947000
35745	1254398400	18.2	947000
35745	1257076800	26.2	947000
35745	1259668800	24.5	947000
35745	1262347200	27.4	947000
35745	1265025600	26.1	947000
35745	1267444800	22.1	947000
35745	1270123200	18.6	947000
35745	1272715200	13.3	947000
35746	-1546257600	28.5	947030
35746	-1543579200	27.6	947030
35746	-1541160000	24.2	947030
35746	-1538481600	18.9	947030
35746	-1535889600	17	947030
35746	-1533211200	12.8	947030
35746	-1530619200	12.3	947030
35746	-1527940800	10.8	947030
35746	-1525262400	17.5	947030
35746	-1522670400	19.6	947030
35746	-1519992000	26.7	947030
35746	-1517400000	25.4	947030
35746	-1514721600	27.3	947030
35746	-1512043200	28.4	947030
35746	-1509624000	25.2	947030
35746	-1506945600	22.4	947030
35746	-1504353600	16.4	947030
35746	-1501675200	11.9	947030
35746	-1499083200	10.3	947030
35746	-1496404800	11.3	947030
35746	-1493726400	17.3	947030
35746	-1491134400	21.7	947030
35746	-1488456000	26.7	947030
35746	-1485864000	26.8	947030
35746	-1483185600	28.9	947030
35746	-1480507200	31	947030
35746	-1478088000	27.6	947030
35746	-1475409600	21.2	947030
35746	-1472817600	18.5	947030
35746	-1470139200	12.7	947030
35746	-1467547200	10.7	947030
35746	-1464868800	11.4	947030
35746	-1462190400	16.9	947030
35746	-1459598400	20.5	947030
35746	-1456920000	22.6	947030
35746	-1454328000	28.3	947030
35746	-1451649600	27	947030
35746	-1448971200	25.8	947030
35746	-1446465600	24.8	947030
35746	-1443787200	16.7	947030
35746	-1441195200	15.9	947030
35746	-1438516800	10.8	947030
35746	-1435924800	11.1	947030
35746	-1433246400	12.1	947030
35746	-1430568000	16.6	947030
35746	-1427976000	19.6	947030
35746	-1425297600	23.6	947030
35746	-1422705600	22.8	947030
35746	-1420027200	26.4	947030
35746	-1417348800	27.1	947030
35746	-1414929600	23.7	947030
35746	-1412251200	19.3	947030
35746	-1409659200	15.6	947030
35746	-1406980800	12.2	947030
35746	-1404388800	9.3	947030
35746	-1401710400	10.5	947030
35746	-1399032000	14.5	947030
35746	-1396440000	20	947030
35746	-1393761600	24.5	947030
35746	-1391169600	26	947030
35746	-1388491200	27.1	947030
35746	-1385812800	32.1	947030
35746	-1383393600	25.8	947030
35746	-1380715200	18.9	947030
35746	-1378123200	13.6	947030
35746	-1375444800	10.6	947030
35746	-1372852800	11.7	947030
35746	-1370174400	12	947030
35746	-1367496000	16.4	947030
35746	-1364904000	21.2	947030
35746	-1362225600	25	947030
35746	-1359633600	25.2	947030
35746	-1356955200	29.7	947030
35746	-1354276800	27.8	947030
35746	-1351857600	25.3	947030
35746	-1349179200	18.2	947030
35746	-1346587200	14.2	947030
35746	-1343908800	11.3	947030
35746	-1341316800	9.6	947030
35746	-1338638400	11.4	947030
35746	-1335960000	16.8	947030
35746	-1333368000	21.3	947030
35746	-1330689600	25.5	947030
35746	-1328097600	23.8	947030
35746	-1325419200	28.1	947030
35746	-1322740800	27.6	947030
35746	-1320235200	26.5	947030
35746	-1317556800	20.5	947030
35746	-1314964800	15.1	947030
35746	-1312286400	10.9	947030
35746	-1309694400	10.9	947030
35746	-1307016000	14.9	947030
35746	-1304337600	19.2	947030
35746	-1301745600	20.8	947030
35746	-1299067200	25.7	947030
35746	-1296475200	27.5	947030
35746	-1293796800	30.8	947030
35746	-1291118400	28.2	947030
35746	-1288699200	25.6	947030
35746	-1286020800	17.7	947030
35746	-1283428800	15.3	947030
35746	-1280750400	10.6	947030
35746	-1278158400	8.9	947030
35746	-1275480000	11.8	947030
35746	-1272801600	16	947030
35746	-1270209600	20.9	947030
35746	-1267531200	24.5	947030
35746	-1264939200	25.2	947030
35746	-1262260800	28.5	947030
35746	-1259582400	28.6	947030
35746	-1257163200	25.6	947030
35746	-1254484800	18.9	947030
35746	-1251892800	15.7	947030
35746	-1249214400	11.3	947030
35746	-1246622400	10.4	947030
35746	-1243944000	11.5	947030
35746	-1241265600	15.6	947030
35746	-1238673600	21.7	947030
35746	-1235995200	25.7	947030
35746	-1233403200	25	947030
35747	21038400	12.6	947070
35747	23630400	18.6	947070
35747	26308800	20.6	947070
35747	28900800	24.6	947070
35747	31579200	25.8	947070
35747	34257600	23.9	947070
35747	36676800	24	947070
35747	39355200	18.3	947070
35747	41947200	13.4	947070
35747	44625600	9.1	947070
35747	47217600	8.5	947070
35747	49896000	11.2	947070
35747	52574400	15	947070
35747	55166400	18	947070
35747	57844800	19.6	947070
35747	60436800	24	947070
35748	-220881600	23.5	947090
35748	-218203200	22.6	947090
35749	347198400	26.3	947120
35749	349876800	24.3	947120
35749	352296000	18.7	947120
35749	354974400	15.9	947120
35749	357566400	11.1	947120
35749	360244800	7.8	947120
35749	362836800	6.5	947120
35750	281361600	24	947150
35750	284040000	29.5	947150
35750	286718400	27.9	947150
35750	289137600	24.7	947150
35750	291816000	20.8	947150
35750	294408000	14.5	947150
35750	297086400	12.6	947150
35750	299678400	10.7	947150
35750	302356800	12.4	947150
35750	305035200	15.7	947150
35750	307627200	18.7	947150
35750	310305600	24.5	947150
35750	312897600	29	947150
35750	315576000	27.4	947150
35750	318254400	27.8	947150
35750	320760000	25.2	947150
35750	323438400	20.2	947150
35750	326030400	15.6	947150
35750	328708800	11.9	947150
35750	331300800	10.6	947150
35750	333979200	13.2	947150
35750	336657600	17.3	947150
35750	339249600	22.3	947150
35750	341928000	25.3	947150
35750	344520000	26	947150
35750	347198400	30.4	947150
35750	349876800	28.5	947150
35750	352296000	23.6	947150
35750	354974400	20.3	947150
35750	357566400	15.6	947150
35750	360244800	11.2	947150
35750	362836800	10.9	947150
35750	365515200	10.9	947150
35750	368193600	17.2	947150
35750	370785600	19.8	947150
35750	373464000	20.8	947150
35750	376056000	27.3	947150
35750	378734400	28.6	947150
35750	381412800	28.4	947150
35750	383832000	23	947150
35750	386510400	20.2	947150
35750	389102400	14.9	947150
35750	391780800	9.7	947150
35750	394372800	9.6	947150
35750	397051200	14.9	947150
35750	399729600	15.9	947150
35750	402321600	19.3	947150
35750	4.05e+08	25.4	947150
35750	407592000	27.5	947150
35750	410270400	27.3	947150
35750	412948800	29.3	947150
35750	415368000	25.4	947150
35750	418046400	17.4	947150
35750	420638400	15.7	947150
35750	423316800	11.1	947150
35750	425908800	10	947150
35750	428587200	11.7	947150
35751	213019200	16.8	947180
35751	215697600	21.8	947180
35752	-1454328000	20.3	947300
35752	-1451649600	19.3	947300
35752	-1448971200	19	947300
35782	92059200	29.5	955120
35782	94737600	30.4	955120
35782	97416000	26.9	955120
35782	99835200	25.4	955120
35782	102513600	22.4	955120
35782	105105600	16.7	955120
35782	107784000	13.4	955120
35782	110376000	14	955120
35782	113054400	13.9	955120
35782	115732800	17.2	955120
35782	118324800	21.6	955120
35782	121003200	23.7	955120
35782	123595200	26.8	955120
35782	126273600	25.9	955120
35782	128952000	26.5	955120
35782	131371200	25	955120
35782	134049600	20.9	955120
35782	136641600	15.9	955120
35782	139320000	11.8	955120
35782	141912000	11.5	955120
35782	144590400	12.2	955120
35782	147268800	14.2	955120
35782	149860800	19.4	955120
35782	152539200	21.5	955120
35782	155131200	26.8	955120
35782	157809600	27	955120
35782	160488000	26.1	955120
35782	162907200	23.7	955120
35782	165585600	19.5	955120
35782	168177600	16.3	955120
35782	170856000	12.4	955120
35782	173448000	13.2	955120
35782	176126400	13.4	955120
35782	178804800	17.9	955120
35782	181396800	19.9	955120
35782	184075200	25.4	955120
35782	186667200	27.6	955120
35782	189345600	26	955120
35782	192024000	24.2	955120
35782	194529600	23.7	955120
35782	197208000	18.9	955120
35782	199800000	15.3	955120
35782	202478400	12.1	955120
35782	205070400	11.4	955120
35782	207748800	12.6	955120
35782	210427200	15.7	955120
35782	213019200	17.8	955120
35782	215697600	23.2	955120
35782	218289600	27.4	955120
35782	220968000	27.9	955120
35782	223646400	28.1	955120
35782	226065600	23.9	955120
35782	228744000	20	955120
35782	231336000	15.4	955120
35788	694267200	24.7	957270
35788	696945600	22.7	957270
35788	699451200	21	957270
35788	702129600	18.3	957270
35788	704721600	13.1	957270
35788	707400000	9.3	957270
35788	709992000	8.9	957270
35788	712670400	9.6	957270
35788	715348800	12.2	957270
35788	717940800	15.8	957270
35788	720619200	18.4	957270
35788	723211200	21.3	957270
35788	725889600	26.2	957270
35788	728568000	24.7	957270
35788	730987200	20.5	957270
35788	733665600	18.8	957270
35788	736257600	14.1	957270
35788	738936000	9	957270
35788	741528000	11.8	957270
35788	744206400	11.2	957270
35788	746884800	12.6	957270
35788	749476800	15.8	957270
35788	752155200	19.9	957270
35788	754747200	21.8	957270
35788	757425600	24.7	957270
35788	760104000	24.6	957270
35788	762523200	19.4	957270
35788	765201600	17.4	957270
35788	767793600	12.9	957270
35788	770472000	10.1	957270
35788	773064000	8.5	957270
35788	775742400	9.9	957270
35788	778420800	12.9	957270
35788	781012800	17.3	957270
35788	783691200	21.2	957270
35788	786283200	24.6	957270
35788	788961600	23.3	957270
35788	791640000	23.4	957270
35788	794059200	21.1	957270
35788	796737600	16.2	957270
35788	799329600	14.5	957270
35788	802008000	11.1	957270
35788	804600000	8.3	957270
35788	807278400	12	957270
35788	809956800	13.8	957270
35788	812548800	17.7	957270
35788	815227200	21	957270
35788	817819200	21.9	957270
35788	820497600	23.8	957270
35788	823176000	21.5	957270
35788	825681600	21.1	957270
35788	828360000	15.6	957270
35788	830952000	14.3	957270
35788	833630400	11.2	957270
35788	836222400	9	957270
35788	838900800	9.9	957270
35788	841579200	13.7	957270
35788	844171200	16.5	957270
35788	846849600	18.8	957270
35788	849441600	22.2	957270
35788	852120000	22.6	957270
35788	854798400	24.9	957270
35788	857217600	21.5	957270
35788	859896000	17.7	957270
35788	862488000	14.4	957270
35788	865166400	10.3	957270
35788	867758400	8.4	957270
35788	870436800	9.5	957270
35788	873115200	13.4	957270
35788	875707200	17.3	957270
35788	878385600	23.7	957270
35788	880977600	25.1	957270
35788	883656000	25.5	957270
35788	886334400	25.8	957270
35788	888753600	23.7	957270
35788	891432000	18.8	957270
35788	894024000	13	957270
35788	896702400	9.8	957270
35788	899294400	8.7	957270
35788	901972800	11.9	957270
35788	904651200	14.5	957270
35788	907243200	15	957270
35788	909921600	18.1	957270
35788	912513600	23.7	957270
35788	915192000	26.4	957270
35788	917870400	22.5	957270
35788	920289600	21.2	957270
35788	922968000	14.9	957270
35788	925560000	14.6	957270
35788	928238400	10.6	957270
35788	930830400	10.5	957270
35788	933508800	10.7	957270
35788	936187200	14.6	957270
35788	938779200	18.2	957270
35788	941457600	17.5	957270
35788	944049600	21.5	957270
35788	946728000	22	957270
35788	949406400	24.2	957270
35788	951912000	21.9	957270
35788	954590400	17.1	957270
35788	957182400	12.4	957270
35788	959860800	8.7	957270
35788	962452800	8.6	957270
35788	965131200	10.1	957270
35788	967809600	14.4	957270
35788	970401600	16	957270
35788	973080000	20.2	957270
35788	975672000	23.4	957270
35788	978350400	26.6	957270
35788	981028800	25.6	957270
35788	983448000	20.9	957270
35788	986126400	17.8	957270
35788	988718400	12.3	957270
35788	991396800	9.9	957270
35788	993988800	9.6	957270
35788	996667200	9.3	957270
35788	999345600	14.7	957270
35788	1001937600	16	957270
35788	1004616000	19.9	957270
35788	1007208000	23.2	957270
35788	1009886400	24.5	957270
35788	1012564800	23.3	957270
35788	1014984000	21.2	957270
35788	1017662400	18.7	957270
35788	1020254400	12.8	957270
35788	1022932800	9.5	957270
35788	1025524800	8.2	957270
35788	1028203200	11.7	957270
35788	1030881600	14.5	957270
35788	1033473600	18.5	957270
35788	1036152000	24.2	957270
35788	1038744000	23.5	957270
35788	1041422400	26.4	957270
35788	1044100800	24.9	957270
35788	1046520000	20.7	957270
35788	1049198400	16.8	957270
35788	1051790400	13.8	957270
35788	1054468800	11	957270
35788	1057060800	9.4	957270
35788	1059739200	10.2	957270
35788	1062417600	12.9	957270
35788	1065009600	14.8	957270
35788	1067688000	19.5	957270
35788	1070280000	23.9	957270
35788	1072958400	25.6	957270
35788	1075636800	26.6	957270
35788	1078142400	21.8	957270
35788	1080820800	18.9	957270
35788	1083412800	11.9	957270
35788	1086091200	10	957270
35788	1088683200	8.6	957270
35788	1091361600	10.4	957270
35788	1094040000	13	957270
35788	1096632000	17.8	957270
35788	1099310400	20.5	957270
35788	1101902400	23.1	957270
35788	1104580800	24.9	957270
35788	1107259200	24.8	957270
35788	1109678400	21	957270
35788	1112356800	20.3	957270
35788	1114948800	13.1	957270
35788	1117627200	11.7	957270
35788	1120219200	10.2	957270
35788	1122897600	10.3	957270
35788	1125576000	13.7	957270
35788	1128168000	17.8	957270
35788	1130846400	20.9	957270
35788	1133438400	24.9	957270
35788	1136116800	27.1	957270
35788	1138795200	26.1	957270
35800	439128000	21.9	959956
35800	441806400	20.8	959956
35800	444484800	22.4	959956
35800	446990400	18.6	959956
35800	449668800	15.6	959956
35800	452260800	12.1	959956
35800	454939200	9.9	959956
35800	457531200	7.8	959956
35800	460209600	9.9	959956
35800	462888000	10.8	959956
35800	465480000	15.5	959956
35800	468158400	19.3	959956
35800	470750400	20.3	959956
35800	473428800	23.9	959956
35800	476107200	23.4	959956
35800	478526400	21.7	959956
35800	481204800	16.6	959956
35800	483796800	13.1	959956
35800	486475200	8.5	959956
35800	489067200	8.4	959956
35800	491745600	9.3	959956
35801	-1049284800	14.4	959957
35801	-1046606400	17.1	959957
36739	1277985600	8.8	947000
36739	1280664000	9.6	947000
36739	1283342400	12.4	947000
36739	1285934400	16.8	947000
36739	1288612800	20.5	947000
36739	1291204800	22.7	947000
36739	1293883200	27.2	947000
36739	1296561600	25.5	947000
36739	1298980800	21.2	947000
36739	1301659200	16.2	947000
36739	1304251200	11.4	947000
36739	1306929600	10.2	947000
36739	1309521600	9.7	947000
36739	1312200000	12.9	947000
36739	1314878400	15.4	947000
36739	1317470400	18.7	947000
36739	1320148800	23	947000
36739	1322740800	23.7	947000
36740	-1228046400	29.3	947030
36740	-1225627200	24.1	947030
36740	-1222948800	17.6	947030
36740	-1220356800	15.2	947030
36740	-1217678400	11.2	947030
36740	-1215086400	10.3	947030
36740	-1212408000	11.6	947030
36740	-1209729600	16.8	947030
36740	-1207137600	19.6	947030
36740	-1204459200	23.7	947030
36740	-1201867200	24.5	947030
36740	-1199188800	31.8	947030
36740	-1196510400	26.6	947030
36740	-1194004800	25.4	947030
36740	-1191326400	18.8	947030
36740	-1188734400	16	947030
36740	-1186056000	10.4	947030
36740	-1183464000	9.9	947030
36740	-1180785600	12.9	947030
36740	-1178107200	16.1	947030
36740	-1175515200	19	947030
36740	-1172836800	24.5	947030
36740	-1170244800	26.2	947030
36740	-1167566400	28.9	947030
36740	-1164888000	27	947030
36740	-1162468800	27.8	947030
36740	-1159790400	19.6	947030
36740	-1157198400	15.1	947030
36740	-1154520000	11.8	947030
36740	-1151928000	11.5	947030
36740	-1149249600	10.6	947030
36740	-1146571200	15.7	947030
36740	-1143979200	21.5	947030
36740	-1141300800	23.1	947030
36740	-1138708800	23.7	947030
36740	-1136030400	28.2	947030
36740	-1133352000	27.2	947030
36740	-1130932800	27	947030
36740	-1128254400	18.3	947030
36740	-1125662400	16.4	947030
36740	-1122984000	11.1	947030
36740	-1120392000	11.2	947030
36740	-1117713600	12.4	947030
36740	-1115035200	17.3	947030
36740	-1112443200	18.8	947030
36740	-1109764800	23.4	947030
36740	-1107172800	25.6	947030
36740	-1104494400	28.9	947030
36740	-1101816000	27.5	947030
36740	-1099396800	25.1	947030
36740	-1096718400	18.5	947030
36740	-1094126400	14.2	947030
36740	-1091448000	10.5	947030
36740	-1088856000	10.3	947030
36740	-1086177600	12.9	947030
36740	-1083499200	16.4	947030
36740	-1080907200	21.6	947030
36740	-1078228800	25.1	947030
36740	-1075636800	25.5	947030
36740	-1072958400	28	947030
36740	-1070280000	27.3	947030
36740	-1067774400	23.5	947030
36740	-1065096000	17.2	947030
36740	-1062504000	16.5	947030
36740	-1059825600	9.1	947030
36740	-1057233600	11.2	947030
36740	-1054555200	13.2	947030
36740	-1051876800	15.6	947030
36740	-1049284800	20.9	947030
36740	-1046606400	25.4	947030
36740	-1044014400	24.8	947030
36740	-1041336000	28.3	947030
36740	-1038657600	26	947030
36740	-1036238400	24.5	947030
36740	-1033560000	18	947030
36740	-1030968000	15.6	947030
36740	-1028289600	10.7	947030
36740	-1025697600	10.4	947030
36740	-1023019200	13.2	947030
36740	-1020340800	17.9	947030
36740	-1017748800	22.9	947030
36740	-1015070400	25.6	947030
36740	-1012478400	28.3	947030
36740	-1009800000	27.9	947030
36740	-1007121600	27.7	947030
36740	-1004702400	27.4	947030
36740	-1002024000	20.7	947030
36740	-999432000	18.4	947030
36740	-996753600	11.5	947030
36740	-994161600	9.7	947030
36740	-991483200	11.4	947030
36740	-988804800	17.1	947030
36740	-986212800	22.7	947030
36740	-983534400	26.9	947030
36740	-980942400	28.1	947030
36740	-978264000	33.1	947030
36740	-975585600	28.9	947030
36740	-973166400	25.1	947030
36740	-970488000	19	947030
36740	-967896000	17.3	947030
36740	-965217600	11.5	947030
36740	-962625600	9.5	947030
36740	-959947200	11	947030
36740	-957268800	15.2	947030
36740	-954676800	19.2	947030
36740	-951998400	23.5	947030
36740	-949406400	25	947030
36740	-946728000	29.7	947030
36740	-944049600	28.2	947030
36740	-941544000	27.4	947030
36740	-938865600	20.1	947030
36740	-936273600	14.8	947030
36740	-933595200	11.1	947030
36740	-931003200	10.5	947030
36740	-928324800	12.7	947030
36740	-925646400	17.2	947030
36740	-923054400	22.2	947030
36740	-920376000	23.8	947030
36740	-917784000	27.6	947030
36740	-915105600	24.3	947030
36740	-912427200	26.7	947030
36740	-910008000	22.9	947030
36740	-907329600	20	947030
36740	-904737600	15.5	947030
36740	-902059200	11.7	947030
36740	-899467200	10.8	947030
36740	-896788800	11.4	947030
36740	-894110400	17.8	947030
36740	-891518400	20.4	947030
36740	-888840000	27.1	947030
36740	-886248000	26.4	947030
36740	-883569600	30.7	947030
36740	-880891200	25.8	947030
36740	-878472000	25.8	947030
36740	-875793600	20.4	947030
36740	-873201600	17.6	947030
36740	-870523200	13	947030
36740	-867931200	11	947030
36740	-865252800	13	947030
36740	-862574400	16.9	947030
36740	-859982400	20	947030
36740	-857304000	24.1	947030
36740	-854712000	25.7	947030
36740	-852033600	26.5	947030
36740	-849355200	28.1	947030
36740	-846936000	27.6	947030
36740	-844257600	18.3	947030
36740	-841665600	14.7	947030
36740	-838987200	9.1	947030
36740	-836395200	9.4	947030
36740	-833716800	9.6	947030
36740	-831038400	16.1	947030
36740	-828446400	21.3	947030
36740	-825768000	23.3	947030
36740	-823176000	26.9	947030
36740	-820497600	30.4	947030
36740	-817819200	27.3	947030
36740	-815313600	25.7	947030
36740	-812635200	17.1	947030
36740	-810043200	13.7	947030
36740	-807364800	11.4	947030
36740	-804772800	10.9	947030
36740	-802094400	11.7	947030
36740	-799416000	17.5	947030
36740	-796824000	21.6	947030
36740	-794145600	27.9	947030
36740	-791553600	27	947030
36740	-788875200	29.9	947030
36740	-786196800	27.4	947030
36740	-783777600	24.4	947030
36740	-781099200	18.9	947030
36740	-778507200	15.5	947030
36740	-775828800	13.5	947030
36740	-773236800	9.4	947030
36740	-770558400	12.8	947030
36740	-767880000	16.1	947030
36740	-765288000	19.7	947030
36740	-762609600	25.3	947030
36740	-760017600	27.8	947030
36740	-757339200	31	947030
36740	-754660800	30.1	947030
36740	-752241600	22.9	947030
36740	-749563200	17.9	947030
36740	-746971200	16	947030
36740	-744292800	9.6	947030
36740	-741700800	11.1	947030
36740	-739022400	12	947030
36740	-736344000	15.9	947030
36740	-733752000	19.9	947030
36740	-731073600	27	947030
36740	-728481600	26	947030
36740	-725803200	30.3	947030
36740	-723124800	26.1	947030
36740	-720705600	23.4	947030
36740	-718027200	17.5	947030
36740	-715435200	17.2	947030
36740	-712756800	11.5	947030
36740	-710164800	10	947030
36740	-707486400	11	947030
36740	-704808000	16.4	947030
36740	-702216000	19.4	947030
36740	-699537600	22.7	947030
36740	-696945600	24.9	947030
36740	-694267200	26.3	947030
36740	-691588800	29	947030
36740	-689083200	23.5	947030
36740	-686404800	18.9	947030
36740	-683812800	13.8	947030
36740	-681134400	10.9	947030
36740	-678542400	9.1	947030
36740	-675864000	11.8	947030
36740	-673185600	16.7	947030
36740	-670593600	20.3	947030
36740	-667915200	24.4	947030
36740	-665323200	27	947030
36740	-662644800	27.3	947030
36740	-659966400	26.5	947030
36740	-657547200	24.1	947030
36740	-654868800	17.2	947030
36740	-652276800	13.9	947030
36740	-649598400	8.9	947030
36740	-647006400	10.5	947030
36740	-644328000	11.7	947030
36740	-641649600	15.8	947030
36740	-639057600	20.7	947030
36740	-636379200	23.4	947030
36740	-633787200	27.1	947030
36740	-631108800	29	947030
36740	-628430400	25.9	947030
36740	-626011200	23.9	947030
36740	-623332800	18.2	947030
36740	-620740800	16	947030
36740	-618062400	11.1	947030
36740	-615470400	11.6	947030
36740	-612792000	12.3	947030
36740	-610113600	17.5	947030
36740	-607521600	18.8	947030
36740	-604843200	22.1	947030
36740	-602251200	25.7	947030
36740	-599572800	27.6	947030
36740	-596894400	27.8	947030
36740	-594475200	26.9	947030
36740	-591796800	16.8	947030
36740	-589204800	15	947030
36740	-586526400	12.7	947030
36740	-583934400	11.2	947030
36740	-581256000	10.2	947030
36740	-578577600	17.6	947030
36740	-575985600	19.9	947030
36740	-573307200	24	947030
36740	-570715200	25.3	947030
36740	-568036800	31.3	947030
36740	-565358400	28.1	947030
36740	-562852800	24.3	947030
36740	-560174400	17.5	947030
36740	-557582400	15.1	947030
36740	-554904000	11.4	947030
36740	-552312000	9.6	947030
36740	-549633600	12.2	947030
36740	-546955200	16.2	947030
36740	-544363200	19.8	947030
36740	-541684800	22.5	947030
36740	-539092800	26.3	947030
36740	-536414400	28.4	947030
36740	-533736000	25.1	947030
36740	-531316800	26.5	947030
36740	-528638400	20.6	947030
36740	-526046400	14.8	947030
36740	-523368000	11.5	947030
36740	-520776000	10.9	947030
36740	-518097600	10.8	947030
36740	-515419200	17.1	947030
36740	-512827200	20.1	947030
36740	-510148800	24.5	947030
36740	-507556800	28.2	947030
36740	-504878400	26.9	947030
36740	-502200000	25.1	947030
36740	-499780800	24.1	947030
36740	-497102400	21.1	947030
36740	-494510400	15.3	947030
36740	-491832000	11.8	947030
36740	-489240000	11	947030
36740	-486561600	13.1	947030
36740	-483883200	16.4	947030
36740	-481291200	20.1	947030
36740	-478612800	24.6	947030
36740	-476020800	26.2	947030
36740	-473342400	27.7	947030
36740	-470664000	27.4	947030
36740	-468244800	26.6	947030
36740	-465566400	20.3	947030
36740	-462974400	14.2	947030
36740	-460296000	12.6	947030
36740	-457704000	9	947030
36740	-455025600	12.4	947030
36740	-452347200	17.2	947030
36740	-449755200	20.4	947030
36740	-447076800	22.2	947030
36740	-444484800	23	947030
36740	-441806400	26.5	947030
36740	-439128000	26.3	947030
36740	-436622400	24.1	947030
36740	-433944000	18.5	947030
36740	-431352000	14.5	947030
36740	-428673600	10.8	947030
36740	-426081600	11.2	947030
36740	-423403200	10.6	947030
36740	-420724800	14.5	947030
36740	-418132800	17.4	947030
36740	-415454400	21.5	947030
36740	-412862400	25.2	947030
36740	-410184000	29.7	947030
36740	-407505600	26.9	947030
36740	-405086400	25	947030
36740	-402408000	20.2	947030
36740	-399816000	15.2	947030
36740	-397137600	14.4	947030
36740	-394545600	9.1	947030
36740	-391867200	11.9	947030
36740	-389188800	15.9	947030
36740	-386596800	21.4	947030
36740	-383918400	25	947030
36740	-381326400	28.8	947030
36740	-378648000	28.9	947030
36740	-375969600	28	947030
36740	-373550400	25.4	947030
36740	-370872000	21.5	947030
36740	-368280000	18.7	947030
36740	-365601600	12.1	947030
36740	-363009600	11	947030
36740	-360331200	13.2	947030
36740	-357652800	14.8	947030
36740	-355060800	20	947030
36740	-352382400	25.5	947030
36740	-349790400	26.1	947030
36740	-347112000	27.9	947030
36740	-344433600	27.5	947030
36740	-342014400	24.7	947030
36741	65793600	23.5	947070
36741	68299200	21.2	947070
36741	70977600	16.9	947070
36741	73569600	13.7	947070
36741	76248000	10.6	947070
36741	78840000	9.8	947070
36741	81518400	12.6	947070
36741	84196800	16.1	947070
36741	86788800	19.2	947070
36741	89467200	22.3	947070
36741	92059200	26.6	947070
36741	94737600	28.6	947070
36741	97416000	24.7	947070
36741	99835200	22.2	947070
36741	102513600	19.1	947070
36741	105105600	14.4	947070
36741	107784000	10.8	947070
36741	110376000	11.2	947070
36741	113054400	11.6	947070
36741	115732800	15	947070
36741	118324800	18.8	947070
36741	121003200	21	947070
36741	123595200	24.4	947070
36741	126273600	25.6	947070
36741	128952000	24.7	947070
36741	131371200	23.7	947070
36741	134049600	18.4	947070
36741	136641600	14.2	947070
36741	139320000	10.2	947070
36741	141912000	10	947070
36741	144590400	11.1	947070
36741	147268800	12.2	947070
36741	149860800	16.5	947070
36741	152539200	19.3	947070
36741	155131200	23.5	947070
36741	157809600	24.6	947070
36741	160488000	25.4	947070
36741	162907200	21.7	947070
36741	165585600	17.5	947070
36741	168177600	14.7	947070
36741	170856000	10.9	947070
36741	173448000	12	947070
36741	176126400	11.6	947070
36741	178804800	15.2	947070
36741	181396800	16.4	947070
36741	184075200	22.6	947070
36741	186667200	26.4	947070
36741	189345600	24.1	947070
36741	192024000	24.5	947070
36741	194529600	21.6	947070
36741	197208000	16.6	947070
36741	199800000	13.1	947070
36741	202478400	10.9	947070
36741	205070400	9.5	947070
36741	207748800	11	947070
36741	210427200	13.3	947070
36741	213019200	15.5	947070
36741	215697600	19.7	947070
36741	218289600	24	947070
36741	220968000	25.9	947070
36741	223646400	27.1	947070
36741	226065600	21.9	947070
36741	228744000	16.7	947070
36741	231336000	13.5	947070
36741	234014400	9.9	947070
36741	236606400	8.5	947070
36741	239284800	12.5	947070
36741	241963200	13.5	947070
36741	244555200	20.1	947070
36741	247233600	22.5	947070
36741	249825600	25.8	947070
36741	252504000	24.7	947070
36741	255182400	26	947070
36741	257601600	22.8	947070
36741	260280000	17.4	947070
36741	262872000	14.6	947070
36741	265550400	10.2	947070
36741	268142400	8.9	947070
36741	270820800	9.7	947070
36741	273499200	12.4	947070
36741	276091200	16.8	947070
36741	278769600	19.4	947070
36741	281361600	22.6	947070
36741	284040000	29.3	947070
36741	286718400	27.3	947070
36742	368193600	12.2	947120
36742	370785600	16.6	947120
36742	373464000	16.4	947120
36742	376056000	20.5	947120
36743	128952000	22.9	947170
36743	131371200	22	947170
36743	134049600	17.7	947170
36743	136641600	13.4	947170
36743	139320000	8.6	947170
36743	141912000	8.2	947170
36743	144590400	9.1	947170
36743	147268800	10.9	947170
36743	149860800	15	947170
36743	152539200	17.6	947170
36743	155131200	22.6	947170
36743	157809600	23.6	947170
36743	160488000	23.7	947170
36743	162907200	20.7	947170
36743	165585600	16.6	947170
36743	168177600	13.7	947170
36743	170856000	10.1	947170
36743	173448000	10.8	947170
36743	176126400	10.2	947170
36743	178804800	13.9	947170
36743	181396800	15	947170
36743	184075200	20.9	947170
36743	186667200	24.8	947170
36743	189345600	23.3	947170
36743	192024000	23.6	947170
36743	194529600	21	947170
36743	197208000	16.8	947170
36743	199800000	13.3	947170
36743	202478400	10.5	947170
36743	205070400	9.4	947170
36743	207748800	10.1	947170
36743	210427200	12	947170
36743	213019200	14.5	947170
36743	215697600	18.5	947170
36743	218289600	23.4	947170
36743	220968000	25	947170
36743	223646400	26.1	947170
36743	226065600	21.7	947170
36743	228744000	16.6	947170
36743	231336000	13.4	947170
36743	234014400	9.1	947170
36743	236606400	8.1	947170
36743	239284800	12.2	947170
36743	241963200	12.9	947170
36743	244555200	18.8	947170
36743	247233600	21.8	947170
36743	249825600	24.5	947170
36743	252504000	24.1	947170
36743	255182400	25.1	947170
36743	257601600	22.2	947170
36743	260280000	16.6	947170
36743	262872000	14.7	947170
36743	265550400	9.9	947170
36743	268142400	8.5	947170
36743	270820800	9.4	947170
36743	273499200	12.6	947170
36743	276091200	16.3	947170
36743	278769600	19	947170
36743	281361600	21.2	947170
36743	284040000	28.1	947170
36743	286718400	25.5	947170
36743	289137600	22.4	947170
36743	291816000	16.7	947170
36743	294408000	12.4	947170
36743	297086400	11.6	947170
36743	299678400	9.7	947170
36743	302356800	10.5	947170
36743	305035200	13.1	947170
36743	307627200	17.1	947170
36743	310305600	22.3	947170
36743	312897600	25.6	947170
36743	315576000	24.3	947170
36743	318254400	25	947170
36743	320760000	23.2	947170
36743	323438400	18.8	947170
36743	326030400	14.4	947170
36743	328708800	10	947170
36743	331300800	9	947170
36743	333979200	11.5	947170
36743	336657600	14.9	947170
36743	339249600	19.4	947170
36743	341928000	22.8	947170
36743	344520000	25.4	947170
36743	347198400	29.3	947170
36743	349876800	26.3	947170
36743	352296000	21.9	947170
36743	354974400	18.5	947170
36743	357566400	14	947170
36743	360244800	9.5	947170
36743	362836800	9.1	947170
36743	365515200	9.7	947170
36743	368193600	15.1	947170
36743	370785600	18.6	947170
36743	373464000	19.2	947170
36743	376056000	24.1	947170
36743	378734400	26.6	947170
36743	381412800	26.4	947170
36743	383832000	21.9	947170
36743	386510400	17.9	947170
36743	389102400	13.5	947170
36743	391780800	8.9	947170
36743	394372800	8.5	947170
36743	397051200	14.1	947170
36743	399729600	13.9	947170
36743	402321600	17.5	947170
36743	4.05e+08	24.1	947170
36743	407592000	25.2	947170
36743	410270400	25.1	947170
36743	412948800	27.1	947170
36743	415368000	24.1	947170
36743	418046400	15.9	947170
36743	420638400	14.6	947170
36743	423316800	9.7	947170
36743	425908800	8.5	947170
36743	428587200	11	947170
36743	431265600	13.7	947170
36743	433857600	16.9	947170
36743	436536000	19	947170
36743	439128000	23.5	947170
36743	441806400	22.1	947170
36743	444484800	23.6	947170
36743	446990400	20	947170
36743	449668800	17.1	947170
36743	452260800	13.6	947170
36743	454939200	11.3	947170
36743	457531200	8.4	947170
36743	460209600	10.9	947170
36743	462888000	11.7	947170
36743	465480000	17.2	947170
36743	468158400	21	947170
36743	470750400	22.2	947170
36743	473428800	25.3	947170
36743	476107200	24.5	947170
36743	478526400	22.9	947170
36743	481204800	17.8	947170
36743	483796800	14.1	947170
36743	486475200	9.1	947170
36743	489067200	9.4	947170
36743	491745600	10.7	947170
36743	494424000	13	947170
36743	497016000	17.3	947170
36743	499694400	19.9	947170
36743	502286400	21.9	947170
36743	504964800	23.6	947170
36743	507643200	24.7	947170
36743	510062400	24.3	947170
36743	512740800	18.9	947170
36743	515332800	13.8	947170
36743	518011200	9.4	947170
36743	520603200	8.8	947170
36743	523281600	10.7	947170
36743	525960000	13.6	947170
36743	528552000	15	947170
36743	531230400	19.4	947170
36743	533822400	21.8	947170
36743	536500800	24.8	947170
36743	539179200	25.3	947170
36743	541598400	19.2	947170
36743	544276800	18.4	947170
36743	546868800	13.2	947170
36743	549547200	11.1	947170
36743	552139200	8.9	947170
36743	554817600	11.3	947170
36743	557496000	13.8	947170
36743	560088000	16.3	947170
36743	562766400	20.8	947170
36743	565358400	23.1	947170
36743	568036800	27.1	947170
36743	570715200	23.6	947170
36743	573220800	21.6	947170
36743	575899200	18.6	947170
36743	578491200	14.5	947170
36743	581169600	10.4	947170
36743	583761600	11.1	947170
36743	586440000	11.4	947170
36743	589118400	14.2	947170
36743	591710400	18.8	947170
36743	594388800	20.4	947170
36743	596980800	24.2	947170
36743	599659200	22.9	947170
36743	602337600	24.4	947170
36743	604756800	22.9	947170
36743	607435200	18.3	947170
36743	610027200	15.1	947170
36743	612705600	9.8	947170
36743	615297600	8.8	947170
36743	617976000	9.1	947170
36743	620654400	12.9	947170
36743	623246400	16.9	947170
36743	625924800	20.7	947170
36743	628516800	23.9	947170
36743	631195200	26.3	947170
36743	633873600	23.8	947170
36743	636292800	23.1	947170
36743	638971200	17.7	947170
36743	641563200	13.3	947170
36743	644241600	9	947170
36743	646833600	9.6	947170
36743	649512000	9.4	947170
36743	652190400	12.7	947170
36743	654782400	16.5	947170
36743	657460800	20.8	947170
36743	660052800	25.5	947170
36743	662731200	26.1	947170
36743	665409600	28.1	947170
36743	667828800	21.9	947170
36743	670507200	16.4	947170
36743	673099200	14.2	947170
36743	675777600	12.4	947170
36743	678369600	8.6	947170
36743	681048000	9.4	947170
36743	683726400	12.4	947170
36743	686318400	18.2	947170
36743	688996800	20	947170
36743	691588800	22	947170
36743	694267200	22.9	947170
36743	696945600	22.3	947170
36743	699451200	22	947170
36743	702129600	18.1	947170
36743	704721600	12.9	947170
36743	707400000	9.4	947170
36743	709992000	9.3	947170
36743	712670400	9.1	947170
36743	715348800	11.2	947170
36743	717940800	15.9	947170
36743	720619200	17.7	947170
36743	723211200	21.4	947170
36743	725889600	26.1	947170
36743	728568000	24.6	947170
36743	730987200	20.3	947170
36743	733665600	18.4	947170
36743	736257600	13.3	947170
36743	738936000	8.8	947170
36743	741528000	11.2	947170
36743	744206400	10.8	947170
36743	746884800	12.7	947170
36743	749476800	15.3	947170
36743	752155200	19.7	947170
36743	754747200	22	947170
36743	757425600	25	947170
36743	760104000	25.2	947170
36743	762523200	19.4	947170
36743	765201600	17	947170
36743	767793600	13.3	947170
36743	770472000	11	947170
36743	773064000	9.1	947170
36743	775742400	9.3	947170
36743	778420800	12.9	947170
36743	781012800	17.3	947170
36743	783691200	20.3	947170
36743	786283200	25.7	947170
36743	788961600	23.7	947170
36743	791640000	23.4	947170
36743	794059200	20.5	947170
36743	796737600	14.7	947170
36743	799329600	13.9	947170
36743	802008000	10.5	947170
36743	804600000	7.8	947170
36743	807278400	12.5	947170
36743	809956800	13.4	947170
36743	812548800	18.2	947170
36743	815227200	20.6	947170
36743	817819200	22.3	947170
36743	820497600	25.1	947170
36743	823176000	22.6	947170
36743	825681600	21.3	947170
36743	828360000	15.6	947170
36743	830952000	13.9	947170
36743	833630400	11.3	947170
36743	836222400	9.4	947170
36743	838900800	10	947170
36743	841579200	12.6	947170
36743	844171200	17	947170
36743	846849600	18.6	947170
36743	849441600	23.1	947170
36743	852120000	24.2	947170
36743	854798400	26.9	947170
36743	857217600	21.4	947170
36743	859896000	17.6	947170
36743	862488000	14.1	947170
36743	865166400	9.5	947170
36743	867758400	8.2	947170
36743	870436800	9.8	947170
36743	873115200	13.3	947170
36743	875707200	17.6	947170
36743	878385600	23.5	947170
36743	880977600	25.3	947170
36743	883656000	26.1	947170
36743	886334400	25.7	947170
36743	888753600	23.3	947170
36743	891432000	17.7	947170
36743	894024000	12.5	947170
36743	896702400	9.8	947170
36743	899294400	8.6	947170
36743	901972800	11.5	947170
36743	904651200	14.4	947170
36743	907243200	15.5	947170
36743	909921600	18.8	947170
36743	912513600	24	947170
36743	915192000	27.4	947170
36743	917870400	24.3	947170
36743	920289600	21.5	947170
36743	922968000	15.3	947170
36743	925560000	14.5	947170
36743	928238400	10.9	947170
36743	930830400	10.1	947170
36743	933508800	11.1	947170
36743	936187200	15.1	947170
36743	938779200	18	947170
36743	941457600	18.1	947170
36743	944049600	21.7	947170
36743	946728000	22.8	947170
36743	949406400	25.9	947170
36743	951912000	22.7	947170
36743	954590400	17.4	947170
36743	957182400	12.1	947170
36743	959860800	9.1	947170
36743	962452800	8.5	947170
36743	965131200	10.4	947170
36743	967809600	14.8	947170
36743	970401600	16.1	947170
36743	973080000	21.2	947170
36743	975672000	24.4	947170
36743	978350400	28	947170
36743	981028800	26	947170
36743	983448000	20.8	947170
36743	986126400	18	947170
36743	988718400	12.1	947170
36743	991396800	10.4	947170
36743	993988800	9.4	947170
36743	996667200	10.1	947170
36743	999345600	15.2	947170
36743	1001937600	15.8	947170
36743	1004616000	20	947170
36743	1007208000	23.1	947170
36743	1009886400	25	947170
36743	1012564800	23.1	947170
36743	1014984000	22	947170
36743	1017662400	19.6	947170
36743	1020254400	12.8	947170
36743	1022932800	10.1	947170
36743	1025524800	9.3	947170
36743	1028203200	11.7	947170
36743	1030881600	14.7	947170
36743	1033473600	18	947170
36743	1036152000	23.9	947170
36743	1038744000	24.9	947170
36743	1041422400	27.3	947170
36743	1044100800	26.2	947170
36743	1046520000	20.8	947170
36743	1049198400	17.8	947170
36743	1051790400	14.1	947170
36743	1054468800	11.4	947170
36743	1057060800	10	947170
36743	1059739200	10.1	947170
36743	1062417600	13.3	947170
36743	1065009600	15.5	947170
36743	1067688000	21.5	947170
36743	1070280000	25.8	947170
36743	1072958400	26.6	947170
36743	1075636800	27.7	947170
36743	1078142400	22.1	947170
36743	1080820800	18.8	947170
36743	1083412800	11.8	947170
36743	1086091200	10.4	947170
36743	1088683200	8.6	947170
36743	1091361600	10.9	947170
36743	1094040000	13.4	947170
36743	1096632000	17.1	947170
36743	1099310400	21.1	947170
36743	1101902400	23.5	947170
36743	1104580800	26.2	947170
36743	1107259200	24.1	947170
36743	1109678400	21.4	947170
36743	1112356800	21.6	947170
36743	1114948800	13.6	947170
36743	1117627200	12.1	947170
36743	1120219200	10.2	947170
36743	1122897600	10.4	947170
36743	1125576000	13.5	947170
36743	1128168000	17.5	947170
36743	1130846400	21.2	947170
36743	1133438400	24.4	947170
36743	1136116800	29	947170
36743	1138795200	27.1	947170
36743	1141214400	23.4	947170
36743	1143892800	15.5	947170
36743	1146484800	11.3	947170
36743	1149163200	9	947170
36743	1151755200	9.9	947170
36743	1154433600	10.7	947170
36743	1157112000	15.4	947170
36743	1159704000	19.6	947170
36743	1162382400	23.2	947170
36743	1164974400	25.1	947170
36743	1167652800	26.7	947170
36743	1170331200	27.2	947170
36743	1172750400	23.9	947170
36743	1175428800	18.9	947170
36743	1178020800	15.6	947170
36743	1180699200	8.6	947170
36743	1183291200	8.5	947170
36743	1185969600	12.6	947170
36743	1188648000	14.1	947170
36743	1191240000	19.8	947170
36743	1193918400	22.4	947170
36743	1196510400	23.4	947170
36743	1199188800	26.7	947170
36743	1201867200	22.2	947170
36743	1204372800	22.5	947170
36743	1207051200	16.1	947170
36743	1209643200	13.2	947170
36743	1212321600	11.8	947170
36743	1214913600	9.3	947170
36743	1217592000	8.9	947170
36743	1220270400	14.3	947170
36743	1222862400	19.2	947170
36743	1225540800	20.8	947170
36743	1228132800	23.2	947170
36743	1230811200	27.4	947170
36743	1233489600	26.1	947170
36743	1235908800	22.5	947170
36743	1238587200	17.4	947170
36743	1241179200	13.8	947170
36743	1243857600	11.1	947170
36743	1246449600	9.7	947170
36743	1249128000	12.2	947170
36743	1251806400	14.7	947170
36743	1254398400	17.4	947170
36743	1257076800	26.4	947170
36743	1259668800	24.9	947170
36743	1262347200	27.8	947170
36743	1265025600	25.2	947170
36743	1267444800	22.2	947170
36743	1270123200	18.4	947170
36743	1272715200	13.2	947170
36743	1275393600	10	947170
36743	1277985600	9.4	947170
36743	1280664000	9.1	947170
36743	1283342400	13	947170
36743	1285934400	17	947170
36743	1288612800	20.5	947170
36743	1291204800	22	947170
36743	1293883200	26.8	947170
36743	1296561600	25.2	947170
36743	1298980800	21.5	947170
36743	1301659200	16.3	947170
36743	1304251200	11.4	947170
36743	1306929600	9.9	947170
36743	1309521600	9.5	947170
36743	1312200000	12.5	947170
36743	1314878400	14.5	947170
36743	1317470400	17.2	947170
36743	1320148800	21.6	947170
36743	1322740800	20.9	947170
36744	570715200	21.6	947230
36744	573220800	21.5	947230
36744	575899200	18.3	947230
36744	578491200	13.6	947230
36744	581169600	9.7	947230
36744	583761600	10.7	947230
36744	586440000	11	947230
36744	589118400	13.8	947230
36744	591710400	17.4	947230
36744	594388800	19.8	947230
36744	596980800	24.4	947230
36744	599659200	23	947230
36744	602337600	23.9	947230
36744	604756800	22.6	947230
36744	607435200	18.6	947230
36744	610027200	15	947230
36744	612705600	10.5	947230
36744	615297600	8.1	947230
36744	617976000	9	947230
36744	620654400	11.9	947230
36744	623246400	15.6	947230
36744	625924800	19.7	947230
36744	628516800	23.5	947230
36744	631195200	26	947230
36744	633873600	24.2	947230
36744	636292800	22.4	947230
36744	638971200	17.9	947230
36744	641563200	13.8	947230
36744	644241600	9.4	947230
36744	646833600	9.3	947230
36744	649512000	10.1	947230
36744	652190400	13.4	947230
36744	654782400	16.5	947230
36744	657460800	20.1	947230
36744	660052800	25.2	947230
36744	662731200	25.7	947230
36744	665409600	27.2	947230
36744	667828800	22	947230
36744	670507200	17.1	947230
36744	673099200	14.4	947230
36744	675777600	12.1	947230
36744	678369600	8.9	947230
36744	681048000	9.2	947230
36744	683726400	12.3	947230
36744	686318400	17.9	947230
36744	688996800	20.4	947230
36744	691588800	22.1	947230
36744	694267200	23.4	947230
36744	696945600	22.7	947230
36744	699451200	21.8	947230
36744	702129600	18.3	947230
36744	704721600	13.5	947230
36744	707400000	9.3	947230
36744	709992000	8.9	947230
36744	712670400	9.5	947230
36744	715348800	11.5	947230
36744	717940800	16.5	947230
36744	720619200	18	947230
36744	723211200	21.6	947230
36744	725889600	26	947230
36744	728568000	24.9	947230
36744	730987200	20.8	947230
36744	733665600	18.8	947230
36744	736257600	13.6	947230
36744	738936000	9.5	947230
36744	741528000	11.6	947230
36744	744206400	11.3	947230
36744	746884800	13	947230
36744	749476800	15.5	947230
36744	752155200	19.7	947230
36744	754747200	21.7	947230
36744	757425600	25	947230
36744	760104000	24.7	947230
36744	762523200	19.7	947230
36744	765201600	17.4	947230
36744	767793600	12.9	947230
36744	770472000	10.3	947230
36744	773064000	9	947230
36744	775742400	9.7	947230
36744	778420800	12.2	947230
36744	781012800	16.8	947230
36744	783691200	20.3	947230
36744	786283200	25.1	947230
36744	788961600	23.7	947230
36744	791640000	23.4	947230
36744	794059200	21.1	947230
36744	796737600	15.6	947230
36744	799329600	14.5	947230
36744	802008000	11.1	947230
36744	804600000	8.2	947230
36744	807278400	12.3	947230
36744	809956800	13.4	947230
36744	812548800	17.3	947230
36744	815227200	20.6	947230
36744	817819200	22.4	947230
36744	820497600	24.7	947230
36744	823176000	21.9	947230
36744	825681600	21.3	947230
36744	828360000	15.7	947230
36744	830952000	14.9	947230
36744	833630400	10.9	947230
36744	836222400	9.3	947230
36744	838900800	10.1	947230
36744	841579200	12.8	947230
36745	-1441195200	8.5	947300
36745	-1438516800	6.1	947300
36745	-1435924800	5.6	947300
36745	-1433246400	7.3	947300
36776	236606400	10.5	955120
36776	239284800	14.1	955120
36776	241963200	16.6	955120
36776	244555200	20.5	955120
36784	-157723200	23.8	957070
36784	-155044800	26.7	957070
36784	-152625600	22.8	957070
36784	-149947200	15.6	957070
36784	-147355200	12.6	957070
36784	-144676800	8.5	957070
36784	-142084800	8.6	957070
36784	-139406400	11.3	957070
36784	-136728000	16.3	957070
36784	-134136000	19.8	957070
36784	-131457600	21	957070
36784	-128865600	25.1	957070
36784	-126187200	26.7	957070
36784	-123508800	25	957070
36784	-121089600	22.5	957070
36784	-118411200	18	957070
36784	-115819200	12.9	957070
36784	-113140800	9.6	957070
36784	-110548800	8.7	957070
36784	-107870400	10.7	957070
36784	-105192000	14	957070
36784	-102600000	17.1	957070
36785	654782400	13.2	957230
36785	657460800	17.5	957230
36785	660052800	22.1	957230
36785	662731200	23.6	957230
36785	665409600	24.3	957230
36785	667828800	19.1	957230
36785	670507200	13.5	957230
36785	673099200	11.4	957230
36785	675777600	10.5	957230
36785	678369600	6.9	957230
36785	681048000	7.3	957230
36785	683726400	9.7	957230
36785	686318400	14.3	957230
36785	688996800	16	957230
36785	691588800	18.4	957230
36785	694267200	20.2	957230
36785	696945600	19.3	957230
36786	1143892800	15.8	957270
36786	1146484800	11	957270
36796	-1020340800	8.4	959957
36796	-1017748800	13.4	959957
37676	-336744000	15.5	947030
37676	-334065600	12.3	947030
37676	-331473600	10.9	947030
37676	-328795200	13.1	947030
37676	-326116800	17.2	947030
37676	-323524800	19.2	947030
37676	-320846400	27.8	947030
37676	-318254400	25.1	947030
37676	-315576000	30.5	947030
37676	-312897600	28.8	947030
37676	-310392000	25.2	947030
37676	-307713600	20.3	947030
37676	-305121600	14	947030
37676	-302443200	10	947030
37676	-299851200	11.1	947030
37676	-297172800	10.4	947030
37676	-294494400	16.3	947030
37676	-291902400	20.8	947030
37676	-289224000	21.8	947030
37676	-286632000	25.8	947030
37676	-283953600	27.8	947030
37676	-281275200	27.7	947030
37676	-278856000	24.5	947030
37676	-276177600	20.2	947030
37676	-273585600	14.6	947030
37676	-270907200	12	947030
37676	-268315200	10.3	947030
37676	-265636800	11.7	947030
37676	-262958400	17.4	947030
37676	-260366400	22.7	947030
37676	-257688000	25.1	947030
37676	-255096000	26.3	947030
37676	-252417600	27.1	947030
37676	-249739200	27.7	947030
37676	-247320000	23.9	947030
37676	-244641600	18.9	947030
37676	-242049600	14.1	947030
37676	-239371200	13	947030
37676	-236779200	12.2	947030
37676	-234100800	11.5	947030
37676	-231422400	16.6	947030
37676	-228830400	19.4	947030
37676	-226152000	25.3	947030
37676	-223560000	24	947030
37676	-220881600	25.4	947030
37676	-218203200	27.1	947030
37676	-215784000	25.8	947030
37676	-213105600	19.4	947030
37676	-210513600	17.5	947030
37676	-207835200	11.4	947030
37676	-205243200	10.3	947030
37676	-202564800	12.3	947030
37676	-199886400	16.8	947030
37676	-197294400	20.2	947030
37676	-194616000	23.5	947030
37676	-192024000	26.9	947030
37676	-189345600	28.1	947030
37676	-186667200	25.9	947030
37676	-184161600	25.4	947030
37676	-181483200	19.5	947030
37676	-178891200	15.3	947030
37676	-176212800	11.9	947030
37676	-173620800	11.5	947030
37676	-170942400	12.4	947030
37676	-168264000	17.9	947030
37676	-165672000	18	947030
37676	-162993600	24.4	947030
37676	-160401600	24.2	947030
37676	-157723200	28.5	947030
37676	-155044800	29.5	947030
37676	-152625600	25.4	947030
37676	-149947200	18.6	947030
37676	-147355200	15.7	947030
37676	-144676800	11.3	947030
37676	-142084800	10.3	947030
37676	-139406400	13.3	947030
37676	-136728000	20.3	947030
37676	-134136000	22.6	947030
37676	-131457600	24.9	947030
37676	-128865600	27.1	947030
37676	-126187200	28.4	947030
37676	-123508800	27.3	947030
37676	-121089600	24.7	947030
37676	-118411200	19.9	947030
37676	-115819200	14.5	947030
37676	-113140800	11.7	947030
37676	-110548800	10.2	947030
37676	-107870400	11.6	947030
37676	-105192000	16.3	947030
37676	-102600000	19.6	947030
37676	-99921600	23.7	947030
37676	-97329600	25.6	947030
37676	-94651200	30.3	947030
37676	-91972800	28.7	947030
37676	-89553600	22.8	947030
37676	-86875200	20	947030
37676	-84283200	16.7	947030
37676	-81604800	14.1	947030
37676	-79012800	10.7	947030
37676	-76334400	11.6	947030
37676	-73656000	16.6	947030
37676	-71064000	23.3	947030
37676	-68385600	24.8	947030
37676	-65793600	24.9	947030
37676	-63115200	28.5	947030
37676	-60436800	28.3	947030
37676	-57931200	25.8	947030
37676	-55252800	21.3	947030
37676	-52660800	14.4	947030
37676	-49982400	11.2	947030
37676	-47390400	9.4	947030
37676	-44712000	11.8	947030
37676	-42033600	15.7	947030
37676	-39441600	20.6	947030
37676	-36763200	24.3	947030
37676	-34171200	25.1	947030
37676	-31492800	31.2	947030
37676	-28814400	29.9	947030
37677	291816000	17.1	947070
37677	294408000	12.6	947070
37677	297086400	11.2	947070
37677	299678400	9.6	947070
37677	302356800	11	947070
37677	305035200	13.8	947070
37677	307627200	18	947070
37677	310305600	23.2	947070
37677	312897600	25.7	947070
37677	315576000	25.1	947070
37677	318254400	26.1	947070
37677	320760000	23.8	947070
37677	323438400	19.2	947070
37677	326030400	14.5	947070
37677	328708800	9.6	947070
37678	-205243200	7.4	947090
37678	-202564800	10.2	947090
37678	-199886400	12.6	947090
37678	-197294400	17.1	947090
37678	-194616000	18.7	947090
37679	381412800	24.5	947120
37679	383832000	19.5	947120
37679	386510400	13.6	947120
37679	389102400	10	947120
37679	391780800	6.6	947120
37679	394372800	5.3	947120
37679	397051200	9.9	947120
37679	399729600	10.9	947120
37679	402321600	14.8	947120
37679	4.05e+08	20.4	947120
37679	407592000	22.5	947120
37679	410270400	21.8	947120
37679	412948800	26.5	947120
37679	415368000	21.7	947120
37679	418046400	12.6	947120
37679	420638400	11.4	947120
37679	423316800	8	947120
37679	425908800	6.2	947120
37679	428587200	8.6	947120
37679	431265600	11	947120
37679	433857600	14.4	947120
37679	436536000	15.9	947120
37679	439128000	20.5	947120
37679	441806400	20.1	947120
37679	444484800	21.3	947120
37679	446990400	16.8	947120
37679	449668800	15	947120
37679	452260800	10.3	947120
37679	454939200	7.6	947120
37679	457531200	6.6	947120
37679	460209600	8.2	947120
37679	462888000	9.3	947120
37679	465480000	13.8	947120
37679	468158400	18	947120
37679	470750400	18.1	947120
37679	473428800	22.2	947120
37679	476107200	22.6	947120
37679	478526400	20.2	947120
37679	481204800	15.4	947120
37680	441806400	24.7	947150
37680	444484800	25.5	947150
37681	231336000	14.6	947180
37681	234014400	10.8	947180
37682	-1427976000	12.3	947300
37682	-1425297600	14.5	947300
37682	-1422705600	16.3	947300
37682	-1420027200	18.8	947300
37712	-97329600	24	957070
37712	-94651200	24.5	957070
37712	-91972800	26.6	957070
37712	-89553600	22	957070
37712	-86875200	19.6	957070
37713	1151755200	9	957270
37713	1154433600	10.2	957270
37713	1157112000	14.9	957270
37713	1159704000	19.4	957270
37713	1162382400	22.5	957270
37713	1164974400	23.9	957270
37713	1167652800	25.9	957270
37722	652190400	12.4	959956
37722	654782400	15.8	959956
37722	657460800	20.9	959956
37722	660052800	24.2	959956
37722	662731200	25.8	959956
37722	665409600	27.5	959956
37722	667828800	22.1	959956
37722	670507200	16.1	959956
37722	673099200	14	959956
37722	675777600	12.3	959956
37722	678369600	8.4	959956
37722	681048000	9.3	959956
37722	683726400	11.3	959956
37722	686318400	16.9	959956
37722	688996800	19.3	959956
37723	-1004702400	16.4	959957
37723	-1002024000	13	959957
37723	-999432000	11.4	959957
37723	-996753600	5.8	959957
38530	-23716800	18.9	947030
38530	-21124800	15.3	947030
38530	-18446400	11.9	947030
38530	-15854400	12.4	947030
38530	-13176000	13.1	947030
38530	-10497600	14	947030
38530	-7905600	22.3	947030
38530	-5227200	23.1	947030
38530	-2635200	25.8	947030
38530	43200	28	947030
38530	2721600	28.3	947030
38530	5140800	23.4	947030
38530	7819200	19.6	947030
38530	10411200	14.2	947030
38530	13089600	12.6	947030
38530	15681600	10.4	947030
38530	18360000	11.4	947030
38530	21038400	15	947030
38530	23630400	20.8	947030
38530	26308800	23.8	947030
38530	28900800	26	947030
38530	31579200	28.7	947030
38530	34257600	27.1	947030
38530	36676800	25.7	947030
38530	39355200	19.8	947030
38530	41947200	15.6	947030
38530	44625600	11.2	947030
38530	47217600	9.7	947030
38530	49896000	11.9	947030
38530	52574400	16.5	947030
38530	55166400	20.7	947030
38530	57844800	22.3	947030
38530	60436800	26.3	947030
38530	63115200	26.3	947030
38530	65793600	26.1	947030
38530	68299200	25.3	947030
38530	70977600	19.2	947030
38530	73569600	16.8	947030
38530	76248000	12.6	947030
38530	78840000	10.9	947030
38530	81518400	13.8	947030
38530	84196800	18.4	947030
38530	86788800	20.9	947030
38530	89467200	25.4	947030
38530	92059200	28.9	947030
38530	94737600	30.7	947030
38530	97416000	27.1	947030
38530	99835200	25.9	947030
38530	102513600	21.5	947030
38530	105105600	17	947030
38530	107784000	13.4	947030
38530	110376000	13.6	947030
38530	113054400	12.6	947030
38530	115732800	17.4	947030
38530	118324800	21.5	947030
38530	121003200	24	947030
38530	123595200	25.9	947030
38530	126273600	26.4	947030
38530	128952000	26.6	947030
38530	131371200	25.8	947030
38530	134049600	20.5	947030
38530	136641600	16.3	947030
38530	139320000	11.4	947030
38530	141912000	11.2	947030
38530	144590400	11.4	947030
38530	147268800	14.3	947030
38530	149860800	19.4	947030
38530	152539200	21.9	947030
38530	155131200	25.9	947030
38530	157809600	27.8	947030
38530	160488000	26.8	947030
38530	162907200	24.2	947030
38530	165585600	19.2	947030
38530	168177600	17.1	947030
38530	170856000	12	947030
38530	173448000	13.2	947030
38530	176126400	12.5	947030
38530	178804800	17.8	947030
38530	181396800	19.4	947030
38530	184075200	25.5	947030
38530	186667200	27.4	947030
38530	189345600	27.2	947030
38530	192024000	25	947030
38530	194529600	24.7	947030
38530	197208000	18.7	947030
38530	199800000	15.9	947030
38530	202478400	11.6	947030
38530	205070400	10.9	947030
38530	207748800	11.4	947030
38530	210427200	15.2	947030
38530	213019200	17.3	947030
38530	215697600	23.2	947030
38530	218289600	26	947030
38530	220968000	28.8	947030
38530	223646400	28.5	947030
38530	226065600	24.1	947030
38530	228744000	19.5	947030
38530	231336000	15.9	947030
38530	234014400	11.3	947030
38530	236606400	10.1	947030
38530	239284800	13.8	947030
38530	241963200	16.5	947030
38530	244555200	22	947030
38530	247233600	26.1	947030
38530	249825600	27.8	947030
38530	252504000	28.8	947030
38530	255182400	28.9	947030
38530	257601600	25.1	947030
38530	260280000	18.5	947030
38530	262872000	16.6	947030
38530	265550400	11.7	947030
38530	268142400	10.1	947030
38530	270820800	10.8	947030
38530	273499200	15.3	947030
38530	276091200	18.9	947030
38530	278769600	23.1	947030
38530	281361600	24.8	947030
38530	284040000	31.9	947030
38530	286718400	29.1	947030
38530	289137600	26.2	947030
38530	291816000	20	947030
38530	294408000	15.5	947030
38530	297086400	13.9	947030
38530	299678400	11.4	947030
38530	302356800	12.6	947030
38530	305035200	17.2	947030
38530	307627200	20.7	947030
38530	310305600	26.8	947030
38530	312897600	28.8	947030
38530	315576000	28.8	947030
38530	318254400	29	947030
38530	320760000	26.4	947030
38530	323438400	20.7	947030
38530	326030400	16.9	947030
38530	328708800	12.2	947030
38530	331300800	11.1	947030
38530	333979200	13.2	947030
38530	336657600	18	947030
38530	339249600	23	947030
38530	341928000	26.8	947030
38530	344520000	27.7	947030
38530	347198400	32.1	947030
38530	349876800	30.2	947030
38530	352296000	23.8	947030
38530	354974400	20.6	947030
38530	357566400	16.6	947030
38530	360244800	11.5	947030
38530	362836800	10.9	947030
38530	365515200	10.9	947030
38530	368193600	18.2	947030
38530	370785600	20.7	947030
38530	373464000	22.7	947030
38530	376056000	27	947030
38530	378734400	30	947030
38530	381412800	30	947030
38530	383832000	25.5	947030
38530	386510400	20.1	947030
38530	389102400	16.1	947030
38530	391780800	10.4	947030
38530	394372800	10.3	947030
38530	397051200	15.1	947030
38530	399729600	16.6	947030
38530	402321600	20	947030
38530	4.05e+08	27.1	947030
38530	407592000	28.4	947030
38530	410270400	29.4	947030
38530	412948800	30.9	947030
38530	415368000	26.7	947030
38530	418046400	17.2	947030
38530	420638400	16	947030
38530	423316800	10.8	947030
38530	425908800	9.6	947030
38530	428587200	12.1	947030
38530	431265600	18.4	947030
38530	433857600	21.2	947030
38530	436536000	22.5	947030
38530	439128000	26.7	947030
38530	441806400	26.2	947030
38530	444484800	26.4	947030
38530	446990400	24	947030
38530	449668800	19.1	947030
38530	452260800	16.5	947030
38530	454939200	12.8	947030
38530	457531200	10.4	947030
38530	460209600	12.7	947030
38530	462888000	13.2	947030
38530	465480000	19	947030
38530	468158400	24.2	947030
38530	470750400	26.7	947030
38530	473428800	29.9	947030
38530	476107200	28.5	947030
38530	478526400	26.7	947030
38530	481204800	19.7	947030
38530	483796800	17.7	947030
38530	486475200	11	947030
38530	489067200	11.9	947030
38530	491745600	12.5	947030
38530	494424000	15.9	947030
38530	497016000	20.4	947030
38530	499694400	24.3	947030
38530	502286400	25.5	947030
38530	504964800	28.6	947030
38530	507643200	29.3	947030
38530	510062400	28.4	947030
38530	512740800	21	947030
38530	515332800	16.4	947030
38530	518011200	10.8	947030
38530	520603200	10.2	947030
38530	523281600	11.5	947030
38530	525960000	16.8	947030
38530	528552000	17.8	947030
38530	531230400	24.7	947030
38530	533822400	25.3	947030
38530	536500800	29.8	947030
38530	539179200	29.3	947030
38530	541598400	23.6	947030
38530	544276800	21.6	947030
38530	546868800	16.1	947030
38530	549547200	13.7	947030
38530	552139200	10.8	947030
38530	554817600	12.8	947030
38530	557496000	17.3	947030
38530	560088000	20.5	947030
38530	562766400	24.6	947030
38530	565358400	27.1	947030
38530	568036800	30.3	947030
38530	570715200	26.2	947030
38530	573220800	24	947030
38530	575899200	18.9	947030
38530	578491200	17.4	947030
38530	581169600	12.5	947030
38530	583761600	12.2	947030
38530	586440000	13	947030
38530	589118400	17.5	947030
38530	591710400	22.7	947030
38530	594388800	24.2	947030
38530	596980800	27.5	947030
38530	599659200	27.8	947030
38530	602337600	28.2	947030
38530	604756800	26.3	947030
38530	607435200	20.4	947030
38530	610027200	17.9	947030
38530	612705600	11.4	947030
38530	615297600	10.8	947030
38530	617976000	10	947030
38530	620654400	15.7	947030
38530	623246400	20.1	947030
38530	625924800	24.1	947030
38530	628516800	27.4	947030
38530	631195200	31.5	947030
38530	633873600	27.7	947030
38530	636292800	26.2	947030
38530	638971200	19.7	947030
38530	641563200	16.6	947030
38530	644241600	11.6	947030
38530	646833600	11.7	947030
38530	649512000	11.5	947030
38530	652190400	16.9	947030
38530	654782400	20.7	947030
38530	657460800	26.3	947030
38530	660052800	29.6	947030
38530	662731200	30	947030
38530	665409600	30.3	947030
38530	667828800	24.9	947030
38530	670507200	19.6	947030
38530	673099200	16.8	947030
38530	675777600	15.1	947030
38530	678369600	11.1	947030
38530	681048000	12.8	947030
38530	683726400	17.8	947030
38530	686318400	23.1	947030
38530	688996800	25.9	947030
38530	691588800	25.8	947030
38530	694267200	28.1	947030
38530	696945600	26.5	947030
38530	699451200	26.6	947030
38530	702129600	20.6	947030
38530	704721600	16.6	947030
38530	707400000	11.9	947030
38530	709992000	11.6	947030
38530	712670400	11.9	947030
38530	715348800	15.5	947030
38530	717940800	20.3	947030
38530	720619200	22.7	947030
38530	723211200	25	947030
38530	725889600	30.5	947030
38530	728568000	28.8	947030
38530	730987200	24.9	947030
38530	733665600	21.9	947030
38530	736257600	17.5	947030
38530	738936000	11.5	947030
38530	741528000	12.6	947030
38530	744206400	13.1	947030
38530	746884800	16.4	947030
38530	749476800	19.7	947030
38530	752155200	26	947030
38530	754747200	25.6	947030
38530	757425600	30.2	947030
38530	760104000	27.2	947030
38530	762523200	23	947030
38530	765201600	19.8	947030
38530	767793600	16.4	947030
38530	770472000	12.9	947030
38530	773064000	11.3	947030
38530	775742400	11.4	947030
38530	778420800	16.1	947030
38530	781012800	20.9	947030
38530	783691200	24.4	947030
38530	786283200	29.6	947030
38530	788961600	27.1	947030
38530	791640000	26.7	947030
38530	794059200	24.6	947030
38530	796737600	18	947030
38530	799329600	16.1	947030
38530	802008000	12.9	947030
38530	804600000	10.8	947030
38530	807278400	15.8	947030
38530	809956800	16.8	947030
38530	812548800	21.3	947030
38530	815227200	25.1	947030
38530	817819200	26.2	947030
38530	820497600	29	947030
38530	823176000	26.8	947030
38530	825681600	25.6	947030
38530	828360000	18.8	947030
38530	830952000	16.3	947030
38530	833630400	13.8	947030
38530	836222400	11	947030
38530	838900800	13	947030
38530	841579200	16.8	947030
38530	844171200	21.4	947030
38530	846849600	23.8	947030
38530	849441600	27.8	947030
38530	852120000	27.4	947030
38530	854798400	30	947030
38530	857217600	24.7	947030
38530	859896000	20.5	947030
38530	862488000	16.2	947030
38530	865166400	12.8	947030
38530	867758400	10.5	947030
38530	870436800	12.9	947030
38530	873115200	18	947030
38530	875707200	21.8	947030
38530	878385600	27	947030
38530	880977600	29.4	947030
38530	883656000	29	947030
38530	886334400	28.8	947030
38530	888753600	27.8	947030
38530	891432000	20.2	947030
38530	894024000	15	947030
38530	896702400	11.8	947030
38530	899294400	10.7	947030
38530	901972800	14.2	947030
38530	904651200	17.6	947030
38531	333979200	11.3	947070
38531	336657600	16.1	947070
38531	339249600	20.4	947070
38531	341928000	23.9	947070
38531	344520000	26.9	947070
38531	347198400	30.9	947070
38531	349876800	27.5	947070
38531	352296000	22	947070
38531	354974400	19	947070
38531	357566400	14	947070
38531	360244800	10.5	947070
38531	362836800	9.7	947070
38531	365515200	10.4	947070
38531	368193600	15.6	947070
38531	370785600	19.2	947070
38531	373464000	20.5	947070
38531	376056000	25	947070
38531	378734400	27.6	947070
38531	381412800	27.3	947070
38531	383832000	22.9	947070
38531	386510400	17.8	947070
38531	389102400	13.3	947070
38531	391780800	8.3	947070
38531	394372800	8.2	947070
38531	397051200	13.6	947070
38531	399729600	14	947070
38531	402321600	18	947070
38531	4.05e+08	24.8	947070
38531	407592000	25.7	947070
38531	410270400	25.7	947070
38531	412948800	28.7	947070
38531	415368000	25.1	947070
38531	418046400	16.3	947070
38531	420638400	14.3	947070
38531	423316800	9.5	947070
38531	425908800	7.9	947070
38531	428587200	11	947070
38531	431265600	14.3	947070
38531	433857600	17.8	947070
38531	436536000	19.8	947070
38531	439128000	23.9	947070
38531	441806400	22.4	947070
38531	444484800	24.3	947070
38531	446990400	20.3	947070
38531	449668800	17	947070
38531	452260800	12.9	947070
38531	454939200	10.6	947070
38531	457531200	8.8	947070
38531	460209600	11.3	947070
38531	462888000	12.2	947070
38531	465480000	17.8	947070
38531	468158400	21.1	947070
38531	470750400	23	947070
38531	473428800	25.4	947070
38531	476107200	25.3	947070
38531	478526400	23.5	947070
38531	481204800	18	947070
38531	483796800	14.2	947070
38531	486475200	9.3	947070
38531	489067200	9.4	947070
38531	491745600	10.9	947070
38531	494424000	12.9	947070
38531	497016000	17.9	947070
38531	499694400	20.9	947070
38532	486475200	6.5	947120
38532	489067200	6.3	947120
38532	491745600	8.6	947120
38532	494424000	10.8	947120
38532	497016000	14.7	947120
38532	499694400	17.9	947120
38533	452260800	15	947150
38533	454939200	12.1	947150
38534	239284800	12.6	947180
38534	241963200	15.7	947180
38535	928238400	10.3	947230
38535	930830400	9.9	947230
38535	933508800	10.7	947230
38535	936187200	13.8	947230
38535	938779200	17.7	947230
38535	941457600	17	947230
38535	944049600	21.3	947230
38535	946728000	22	947230
38535	949406400	24	947230
38535	951912000	21.9	947230
38535	954590400	16.5	947230
38535	957182400	12.2	947230
38535	959860800	9	947230
38535	962452800	8.4	947230
38535	965131200	9.8	947230
38535	967809600	14.3	947230
38535	970401600	15.6	947230
38535	973080000	20.6	947230
38535	975672000	23.2	947230
38535	978350400	26.6	947230
38535	981028800	25.4	947230
38535	983448000	20.5	947230
38535	986126400	17.4	947230
38535	988718400	12	947230
38535	991396800	10.1	947230
38535	993988800	9.4	947230
38535	996667200	9.5	947230
38535	999345600	14.4	947230
38535	1001937600	15.4	947230
38535	1004616000	19.2	947230
38535	1007208000	22.2	947230
38535	1009886400	24.3	947230
38535	1012564800	23	947230
38535	1014984000	21	947230
38535	1017662400	18.5	947230
38535	1020254400	12.6	947230
38535	1022932800	9.3	947230
38535	1025524800	8.3	947230
38535	1028203200	11.1	947230
38535	1030881600	13.8	947230
38535	1033473600	17.5	947230
38535	1036152000	23.6	947230
38535	1038744000	23.9	947230
38535	1041422400	26.3	947230
38535	1044100800	25.7	947230
38535	1046520000	20.2	947230
38535	1049198400	16.5	947230
38535	1051790400	13.4	947230
38535	1054468800	11.1	947230
38535	1057060800	9	947230
38535	1059739200	9.6	947230
38535	1062417600	12.5	947230
38535	1065009600	14.3	947230
38535	1067688000	19.5	947230
38535	1070280000	24.3	947230
38535	1072958400	26.1	947230
38535	1075636800	27.2	947230
38535	1078142400	22.1	947230
38535	1080820800	18.8	947230
38535	1083412800	11.5	947230
38535	1086091200	9.7	947230
38535	1088683200	8.4	947230
38535	1091361600	10.1	947230
38535	1094040000	12.5	947230
38535	1096632000	16.4	947230
38535	1099310400	19.7	947230
38535	1101902400	23.1	947230
38535	1104580800	25.3	947230
38535	1107259200	23.8	947230
38535	1109678400	20.8	947230
38535	1112356800	20.2	947230
38535	1114948800	13.3	947230
38535	1117627200	11.6	947230
38535	1120219200	9.8	947230
38535	1122897600	9.8	947230
38535	1125576000	13.1	947230
38535	1128168000	16.9	947230
38535	1130846400	20.3	947230
38535	1133438400	23.5	947230
38535	1136116800	27.9	947230
38535	1138795200	26.3	947230
38535	1141214400	22.6	947230
38535	1143892800	15.1	947230
38535	1146484800	10.8	947230
38535	1149163200	9.1	947230
38535	1151755200	9.5	947230
38535	1154433600	10.1	947230
38535	1157112000	14.8	947230
38535	1159704000	18.8	947230
38535	1162382400	22	947230
38535	1164974400	24.4	947230
38535	1167652800	26.4	947230
38535	1170331200	26.4	947230
38535	1172750400	23.1	947230
38535	1175428800	18.5	947230
38535	1178020800	14.7	947230
38535	1180699200	8.7	947230
38535	1183291200	7.5	947230
38535	1185969600	11	947230
38535	1188648000	12.6	947230
38535	1191240000	17.7	947230
38535	1193918400	21.7	947230
38535	1196510400	22.9	947230
38535	1199188800	24.6	947230
38535	1201867200	21.5	947230
38535	1204372800	20.6	947230
38535	1207051200	15.2	947230
38535	1209643200	12.7	947230
38535	1212321600	11.9	947230
38535	1214913600	8.8	947230
38535	1217592000	8.5	947230
38535	1220270400	13.3	947230
38535	1222862400	17.5	947230
38535	1225540800	19.8	947230
38535	1228132800	22.1	947230
38535	1230811200	26	947230
38535	1233489600	25.5	947230
38535	1235908800	21.9	947230
38535	1238587200	17.4	947230
38535	1241179200	14	947230
38535	1243857600	10.8	947230
38535	1246449600	9.1	947230
38535	1249128000	10.9	947230
38535	1251806400	13.5	947230
38535	1254398400	16.3	947230
38535	1257076800	25.6	947230
38535	1259668800	24.1	947230
38535	1262347200	26.1	947230
38535	1265025600	24.5	947230
38535	1267444800	21.3	947230
38535	1270123200	17.4	947230
38535	1272715200	12.8	947230
38535	1275393600	9.6	947230
38535	1277985600	9.9	947230
38535	1280664000	9.2	947230
38535	1283342400	12.8	947230
38535	1285934400	16.7	947230
38535	1288612800	19.3	947230
38535	1291204800	21.6	947230
38535	1293883200	25.8	947230
38535	1296561600	25.2	947230
38535	1298980800	21.8	947230
38535	1301659200	16.4	947230
38535	1304251200	11.4	947230
38535	1306929600	9.6	947230
38535	1309521600	8.7	947230
38535	1312200000	11.6	947230
38535	1314878400	13.3	947230
38535	1317470400	16.3	947230
38535	1320148800	21.1	947230
38535	1322740800	20.1	947230
38536	660052800	19.9	947350
38536	662731200	21	947350
38536	665409600	20.8	947350
38536	667828800	16.7	947350
38536	670507200	12.2	947350
38536	673099200	9.4	947350
38536	675777600	9.3	947350
38536	678369600	5.9	947350
38536	681048000	5.7	947350
38536	683726400	8.5	947350
38536	686318400	13.3	947350
38536	688996800	13.9	947350
38536	691588800	15.6	947350
38536	694267200	17.7	947350
38536	696945600	16.4	947350
38536	699451200	16.4	947350
38536	702129600	12.1	947350
38536	704721600	8.9	947350
38536	707400000	6	947350
38536	709992000	5.8	947350
38536	712670400	5.6	947350
38536	715348800	7.7	947350
38536	717940800	11.5	947350
38536	720619200	12.1	947350
38536	723211200	15.6	947350
38536	725889600	19.9	947350
38536	728568000	18.3	947350
38536	730987200	14.9	947350
38536	733665600	13.3	947350
38536	736257600	9.2	947350
38536	738936000	5.9	947350
38536	741528000	7.4	947350
38536	744206400	7.3	947350
38536	746884800	9.2	947350
38536	749476800	11.5	947350
38536	752155200	14.3	947350
38536	754747200	16.4	947350
38536	757425600	19.2	947350
38536	760104000	19.5	947350
38536	762523200	14.3	947350
38536	765201600	12.5	947350
38536	767793600	8.7	947350
38536	770472000	7.1	947350
38536	773064000	5.3	947350
38536	775742400	5.7	947350
38536	778420800	8	947350
38536	781012800	11.6	947350
38536	783691200	15.1	947350
38536	786283200	18.7	947350
38536	788961600	17.7	947350
38536	791640000	17.6	947350
38536	794059200	14.8	947350
38536	796737600	10.6	947350
38536	799329600	10	947350
38536	802008000	7.2	947350
38536	804600000	5.1	947350
38536	807278400	8.4	947350
38536	809956800	9.1	947350
38536	812548800	12.7	947350
38536	815227200	14.5	947350
38536	817819200	15.6	947350
38536	820497600	17.8	947350
38536	823176000	15.6	947350
38536	825681600	15.2	947350
38536	828360000	11.1	947350
38536	830952000	10.1	947350
38536	833630400	6.9	947350
38536	836222400	5.2	947350
38536	838900800	6.7	947350
38536	841579200	9.5	947350
38536	844171200	12.3	947350
38536	846849600	12.4	947350
38536	849441600	16.5	947350
38536	852120000	17	947350
38536	854798400	20.2	947350
38536	857217600	16	947350
38536	859896000	13.1	947350
38536	862488000	9.7	947350
38536	865166400	5.9	947350
38536	867758400	4.8	947350
38536	870436800	5.8	947350
38536	873115200	9.1	947350
38536	875707200	12	947350
38536	878385600	16.9	947350
38536	880977600	19.3	947350
38536	883656000	20	947350
38536	886334400	20.1	947350
38536	888753600	18.3	947350
38536	891432000	13.5	947350
38536	894024000	9.8	947350
38536	896702400	6.8	947350
38536	899294400	5.4	947350
38536	901972800	7.8	947350
38536	904651200	11.1	947350
38536	907243200	10.9	947350
38536	909921600	13	947350
38536	912513600	18.2	947350
38536	915192000	20.7	947350
38536	917870400	17.8	947350
38536	920289600	16.5	947350
38536	922968000	10.9	947350
38536	925560000	9.9	947350
38536	928238400	6.5	947350
38536	930830400	6.4	947350
38536	933508800	7.1	947350
38536	936187200	10	947350
38536	938779200	12.6	947350
38536	941457600	11.5	947350
38536	944049600	15.5	947350
38536	946728000	16.1	947350
38536	949406400	19.1	947350
38536	951912000	17.4	947350
38536	954590400	12.1	947350
38536	957182400	8.3	947350
38536	959860800	5.5	947350
38536	962452800	5.1	947350
38536	965131200	5.8	947350
38536	967809600	10	947350
38536	970401600	11.2	947350
38536	973080000	15.6	947350
38536	975672000	18.1	947350
38536	978350400	21.1	947350
38536	981028800	19.6	947350
38536	983448000	15.1	947350
38536	986126400	12.9	947350
38536	988718400	8.2	947350
38536	991396800	7.6	947350
38536	993988800	6.6	947350
38536	996667200	6.2	947350
38536	999345600	10.5	947350
38536	1001937600	10.6	947350
38536	1004616000	13.6	947350
38536	1007208000	17.3	947350
38536	1009886400	18.9	947350
38536	1012564800	17.2	947350
38536	1014984000	16	947350
38536	1017662400	14	947350
38536	1020254400	8.4	947350
38536	1022932800	6.9	947350
38536	1025524800	5.6	947350
38536	1028203200	6.7	947350
38536	1030881600	9.4	947350
38536	1033473600	12.6	947350
38536	1036152000	17.9	947350
38536	1038744000	17.7	947350
38536	1041422400	20.4	947350
38536	1044100800	19.8	947350
38536	1046520000	15.2	947350
38536	1049198400	12.1	947350
38536	1051790400	9.9	947350
38536	1054468800	7.2	947350
38536	1057060800	5.8	947350
38536	1059739200	6.1	947350
38536	1062417600	8.6	947350
38536	1065009600	9.8	947350
38536	1067688000	14	947350
38536	1070280000	18.5	947350
38536	1072958400	20.1	947350
38536	1075636800	21.4	947350
38536	1078142400	16.9	947350
38536	1080820800	13.9	947350
38536	1083412800	8.8	947350
38536	1086091200	6.7	947350
38536	1088683200	5.7	947350
38536	1091361600	6.9	947350
38536	1094040000	9.7	947350
38536	1096632000	12.3	947350
38536	1099310400	14.7	947350
38536	1101902400	18	947350
38536	1104580800	19.3	947350
38536	1107259200	18.6	947350
38536	1109678400	15.2	947350
38536	1112356800	15.3	947350
38536	1114948800	9.6	947350
38536	1117627200	7.8	947350
38536	1120219200	6.4	947350
38536	1122897600	7.2	947350
38536	1125576000	9.3	947350
38536	1128168000	12.9	947350
38536	1130846400	15.2	947350
38536	1133438400	18.6	947350
38536	1136116800	20.7	947350
38536	1138795200	20	947350
38536	1141214400	17.8	947350
38536	1143892800	11.4	947350
38536	1146484800	8.1	947350
38536	1149163200	5.6	947350
38536	1151755200	6.3	947350
38536	1154433600	6.9	947350
38536	1157112000	10.7	947350
38536	1159704000	13.5	947350
38536	1162382400	16.3	947350
38536	1164974400	18.2	947350
38536	1167652800	21	947350
38536	1170331200	20	947350
38536	1172750400	17.5	947350
38536	1175428800	13.5	947350
38536	1178020800	10.7	947350
38536	1180699200	5.6	947350
38536	1183291200	5.3	947350
38536	1185969600	8.5	947350
38536	1188648000	9	947350
38536	1191240000	13.8	947350
38536	1193918400	16.2	947350
38536	1196510400	16.8	947350
38536	1199188800	19.1	947350
38536	1201867200	16.3	947350
38536	1204372800	15.7	947350
38536	1207051200	11.2	947350
38536	1209643200	8.8	947350
38536	1212321600	8	947350
38536	1214913600	5.1	947350
38536	1217592000	5.3	947350
38536	1220270400	9.5	947350
38536	1222862400	13.6	947350
38536	1225540800	14.6	947350
38536	1228132800	16.6	947350
38536	1230811200	20.5	947350
38536	1233489600	19.5	947350
38536	1235908800	17.3	947350
38536	1238587200	12.3	947350
38536	1241179200	9.1	947350
38536	1243857600	7.4	947350
38536	1246449600	6.1	947350
38536	1249128000	8	947350
38536	1251806400	9.7	947350
38536	1254398400	11	947350
38536	1257076800	18.9	947350
38536	1259668800	18.7	947350
38536	1262347200	21.2	947350
38536	1265025600	19.2	947350
38536	1267444800	16.2	947350
38536	1270123200	13	947350
38536	1272715200	8.8	947350
38536	1275393600	6.3	947350
38536	1277985600	5.8	947350
38536	1280664000	5.7	947350
38536	1283342400	9.3	947350
38536	1285934400	12.3	947350
38536	1288612800	14.7	947350
38536	1291204800	16.7	947350
38536	1293883200	20.8	947350
38536	1296561600	19.6	947350
38536	1298980800	16	947350
38536	1301659200	11.4	947350
38536	1304251200	7.3	947350
38536	1306929600	6.3	947350
38536	1309521600	5.2	947350
38536	1312200000	8.1	947350
38536	1314878400	9.6	947350
38536	1317470400	11.9	947350
38536	1320148800	16.4	947350
38536	1322740800	14.7	947350
38569	-79012800	6.7	957070
38569	-76334400	8.4	957070
38569	-73656000	14.5	957070
38569	-71064000	19.7	957070
38569	-68385600	21.3	957070
38569	-65793600	22.7	957070
38569	-63115200	26.2	957070
38569	-60436800	27.8	957070
38569	-57931200	23.9	957070
38569	-55252800	19.5	957070
38569	-52660800	12.1	957070
38569	-49982400	9.5	957070
38570	707400000	7.1	957230
38570	709992000	6.8	957230
38570	712670400	7	957230
38570	715348800	9	957230
38570	717940800	13.7	957230
38570	720619200	12.6	957230
38570	723211200	18.1	957230
38570	725889600	22.6	957230
38571	1172750400	22.9	957270
38571	1175428800	18.8	957270
38571	1178020800	15	957270
38571	1180699200	8.8	957270
38571	1183291200	8.4	957270
38571	1185969600	12.1	957270
38571	1188648000	13.6	957270
38571	1191240000	18.7	957270
38571	1193918400	21.4	957270
38571	1196510400	22.5	957270
38571	1199188800	24	957270
38571	1201867200	21.8	957270
38571	1204372800	21.3	957270
38571	1207051200	15.5	957270
38571	1209643200	13	957270
38571	1212321600	11.9	957270
38571	1214913600	9	957270
38571	1217592000	8.1	957270
38571	1220270400	13.8	957270
38571	1222862400	18.2	957270
38571	1225540800	19.7	957270
38571	1228132800	22.7	957270
38571	1230811200	25.8	957270
38571	1233489600	25	957270
38571	1235908800	21.8	957270
38571	1238587200	17.4	957270
38571	1241179200	13.3	957270
38571	1243857600	10.9	957270
38571	1246449600	9.3	957270
38571	1249128000	11.7	957270
38571	1251806400	14.3	957270
38571	1254398400	16.9	957270
38571	1257076800	25.5	957270
38571	1259668800	24.4	957270
38571	1262347200	25.9	957270
38571	1265025600	24.3	957270
38571	1267444800	21.6	957270
38571	1270123200	17.6	957270
38571	1272715200	12.9	957270
38571	1275393600	9.6	957270
38571	1277985600	9.8	957270
38571	1280664000	9.7	957270
38571	1283342400	13.7	957270
38571	1285934400	17	957270
38571	1288612800	19.5	957270
38571	1291204800	21.6	957270
38571	1293883200	25.9	957270
38571	1296561600	24.9	957270
38571	1298980800	22.1	957270
38571	1301659200	17.1	957270
38571	1304251200	11.9	957270
38571	1306929600	8.9	957270
38571	1309521600	8.7	957270
38571	1312200000	12.4	957270
38571	1314878400	14.2	957270
38571	1317470400	16.2	957270
38571	1320148800	21.8	957270
38571	1322740800	20	957270
38579	694267200	23.1	959956
38579	696945600	21.3	959956
38579	699451200	20.9	959956
38579	702129600	16.9	959956
38579	704721600	12.5	959956
38579	707400000	9.5	959956
38579	709992000	8.8	959956
38579	712670400	8.7	959956
38579	715348800	11.3	959956
38580	-986212800	14.4	959957
38580	-983534400	16.5	959957
38580	-980942400	19.8	959957
38580	-978264000	21.9	959957
38580	-975585600	20.3	959957
38580	-973166400	16.3	959957
38580	-970488000	13.7	959957
38580	-967896000	10	959957
38580	-965217600	5.8	959957
38580	-962625600	3.8	959957
38580	-959947200	5	959957
38580	-957268800	8.5	959957
38580	-954676800	10.8	959957
38580	-951998400	13.7	959957
38580	-949406400	17.2	959957
38580	-946728000	20.6	959957
38580	-944049600	20.3	959957
38580	-941544000	20.6	959957
38580	-938865600	13.2	959957
38580	-936273600	7.4	959957
38580	-933595200	6	959957
38580	-931003200	5.2	959957
38580	-928324800	6.5	959957
38580	-925646400	10.5	959957
38580	-923054400	14.3	959957
38580	-920376000	15.1	959957
38580	-917784000	20	959957
38580	-915105600	17.3	959957
38580	-912427200	17.4	959957
38580	-910008000	14.9	959957
38580	-907329600	13.6	959957
38580	-904737600	8.5	959957
38580	-902059200	5.2	959957
38580	-899467200	5.2	959957
38580	-896788800	5.4	959957
38580	-894110400	9	959957
38580	-891518400	11.2	959957
38580	-888840000	17.2	959957
38580	-886248000	17.9	959957
38580	-883569600	22.3	959957
38580	-880891200	18.2	959957
38580	-878472000	17.5	959957
38580	-875793600	13.1	959957
38580	-873201600	8.6	959957
38580	-870523200	6.5	959957
38580	-867931200	5.2	959957
39306	909921600	23	947030
39306	912513600	27.9	947030
39306	915192000	30.7	947030
39306	917870400	27	947030
39306	920289600	25.4	947030
39306	922968000	17.6	947030
39306	925560000	16.6	947030
39306	928238400	12.7	947030
39306	930830400	12.2	947030
39306	933508800	14	947030
39306	936187200	18.5	947030
39306	938779200	22.5	947030
39306	941457600	21.5	947030
39306	944049600	24.6	947030
39306	946728000	26.2	947030
39306	949406400	27.4	947030
39306	951912000	25.4	947030
39306	954590400	20	947030
39306	957182400	14.5	947030
39306	959860800	11.2	947030
39306	962452800	11.5	947030
39306	965131200	12.8	947030
39306	967809600	19	947030
39306	970401600	20.1	947030
39306	973080000	24.3	947030
39306	975672000	27.8	947030
39306	978350400	31.5	947030
39306	981028800	30.2	947030
39306	983448000	25	947030
39306	986126400	21.3	947030
39306	988718400	14.8	947030
39306	991396800	13	947030
39306	993988800	10.8	947030
39306	996667200	12.5	947030
39306	999345600	17.8	947030
39306	1001937600	19.3	947030
39306	1004616000	23.5	947030
39307	-181483200	17.9	947090
39307	-178891200	10.8	947090
39307	-176212800	9.9	947090
39307	-173620800	8.3	947090
39307	-170942400	9.6	947090
39307	-168264000	12	947090
39307	-165672000	14.9	947090
39308	504964800	21	947120
39308	507643200	21.6	947120
39308	510062400	22.2	947120
39308	512740800	16.3	947120
39308	515332800	11.8	947120
39308	518011200	7.4	947120
39308	520603200	8.1	947120
39308	523281600	9.7	947120
39308	525960000	10.6	947120
39308	528552000	12.6	947120
39308	531230400	16.6	947120
39309	654782400	17.1	947130
39309	657460800	21.1	947130
39309	660052800	25.4	947130
39309	662731200	26.4	947130
39309	665409600	28	947130
39309	667828800	22.3	947130
39309	670507200	17.5	947130
39310	460209600	12.7	947150
39310	462888000	13.4	947150
39310	465480000	18.9	947150
39310	468158400	23.3	947150
39311	-1406980800	7.6	947300
39311	-1404388800	4.7	947300
39311	-1401710400	6.3	947300
39311	-1399032000	7.6	947300
39311	-1396440000	12.2	947300
39311	-1393761600	16.2	947300
39311	-1391169600	19.7	947300
39311	-1388491200	20	947300
39311	-1385812800	23.9	947300
39311	-1383393600	19.2	947300
39311	-1380715200	12.9	947300
39311	-1378123200	8.6	947300
39311	-1375444800	7.3	947300
39311	-1372852800	6.8	947300
39311	-1370174400	7.8	947300
39311	-1367496000	9.3	947300
39311	-1364904000	12.1	947300
39311	-1362225600	15.4	947300
39311	-1359633600	17.4	947300
39311	-1356955200	19.7	947300
39311	-1354276800	19	947300
39311	-1351857600	17.3	947300
39311	-1349179200	12.8	947300
39311	-1346587200	7.5	947300
39311	-1343908800	4.6	947300
39311	-1341316800	4.4	947300
39311	-1338638400	6.2	947300
39311	-1335960000	8.7	947300
39311	-1333368000	13.7	947300
39311	-1330689600	16.8	947300
39311	-1328097600	17.9	947300
39311	-1325419200	18.4	947300
39311	-1322740800	21	947300
39311	-1320235200	18.3	947300
39311	-1317556800	14.4	947300
39311	-1314964800	7.6	947300
39311	-1312286400	6.4	947300
39311	-1309694400	5.9	947300
39335	260280000	19.3	955120
39335	262872000	16.3	955120
39341	-44712000	10.1	957070
39341	-42033600	13.2	957070
39349	-854712000	18	959957
39349	-852033600	18.5	959957
39349	-849355200	19.5	959957
39349	-846936000	19.6	959957
39349	-844257600	11.3	959957
39349	-841665600	8.5	959957
39349	-838987200	4.9	959957
39349	-836395200	4	959957
39349	-833716800	4.2	959957
39349	-831038400	7.8	959957
39349	-828446400	11.7	959957
39349	-825768000	13.4	959957
39349	-823176000	16.6	959957
39349	-820497600	20.6	959957
39349	-817819200	18.5	959957
39349	-815313600	16.5	959957
39349	-812635200	10.4	959957
39349	-810043200	7.5	959957
39349	-807364800	6	959957
39349	-804772800	5.3	959957
39349	-802094400	6.6	959957
39349	-799416000	10.7	959957
39349	-796824000	13.7	959957
39349	-794145600	18.4	959957
39349	-791553600	18.5	959957
39349	-788875200	20.6	959957
39349	-786196800	17.9	959957
39349	-783777600	15.5	959957
39349	-781099200	12.8	959957
39349	-778507200	8.8	959957
39349	-775828800	7.9	959957
39349	-773236800	5.3	959957
39349	-770558400	6.5	959957
39349	-767880000	8.4	959957
39349	-765288000	11.7	959957
39349	-762609600	15.9	959957
39349	-760017600	19.6	959957
39349	-757339200	22.9	959957
39349	-754660800	20.6	959957
39349	-752241600	14.7	959957
39349	-749563200	11.6	959957
39349	-746971200	9	959957
39349	-744292800	4.2	959957
39349	-741700800	5.3	959957
39349	-739022400	6.1	959957
39349	-736344000	8.9	959957
39349	-733752000	11.5	959957
39349	-731073600	17.5	959957
39349	-728481600	19.2	959957
39349	-725803200	20.9	959957
39349	-723124800	20	959957
39349	-720705600	17.3	959957
39349	-718027200	12.4	959957
39349	-715435200	11	959957
40040	1012564800	27.3	947030
40040	1014984000	26.6	947030
40040	1017662400	22.7	947030
40040	1020254400	15.2	947030
40040	1022932800	12.7	947030
40040	1025524800	11	947030
40040	1028203200	13.8	947030
40040	1030881600	18.1	947030
40040	1033473600	21.7	947030
40040	1036152000	28.3	947030
40040	1038744000	28	947030
40040	1041422400	31.5	947030
40040	1044100800	29	947030
40040	1046520000	24.4	947030
40040	1049198400	20.6	947030
40040	1051790400	16.3	947030
40041	512740800	18.8	947070
40041	515332800	14	947070
40041	518011200	9.5	947070
40041	520603200	9.3	947070
40041	523281600	10.7	947070
40042	-144676800	8	947090
40042	-142084800	8	947090
40042	-139406400	10.2	947090
40043	654782400	14.3	947120
40043	657460800	19.6	947120
40043	660052800	22.8	947120
40043	662731200	24.8	947120
40043	665409600	25.9	947120
40043	667828800	20.5	947120
40043	670507200	14.7	947120
40043	673099200	12.5	947120
40043	675777600	10.9	947120
40043	678369600	7.3	947120
40043	681048000	8.1	947120
40043	683726400	9.6	947120
40044	681048000	9.6	947130
40044	683726400	12.4	947130
40044	686318400	18.1	947130
40045	473428800	28.7	947150
40045	476107200	27.2	947150
40045	478526400	24.9	947150
40045	481204800	18.6	947150
40045	483796800	16	947150
40045	486475200	10.5	947150
40045	489067200	10.9	947150
40045	491745600	12.1	947150
40045	494424000	14.6	947150
40045	497016000	18.8	947150
40045	499694400	22.3	947150
40045	502286400	25.7	947150
40045	504964800	26.5	947150
40045	507643200	28.1	947150
40045	510062400	27.5	947150
40045	512740800	20.9	947150
40045	515332800	16.5	947150
40045	518011200	10.9	947150
40045	520603200	10.7	947150
40045	523281600	11.8	947150
40045	525960000	16.2	947150
40045	528552000	17.3	947150
40045	531230400	22.5	947150
40045	533822400	24.2	947150
40045	536500800	28.4	947150
40045	539179200	28	947150
40045	541598400	22.9	947150
40045	544276800	20.8	947150
40045	546868800	14.8	947150
40045	549547200	13.3	947150
40045	552139200	10.2	947150
40045	554817600	12.9	947150
40045	557496000	15.6	947150
40045	560088000	19	947150
40045	562766400	23	947150
40045	565358400	26.8	947150
40045	568036800	28.9	947150
40045	570715200	24.3	947150
40045	573220800	23	947150
40045	575899200	19	947150
40045	578491200	16	947150
40045	581169600	11.4	947150
40045	583761600	11.9	947150
40045	586440000	12.3	947150
40045	589118400	16.5	947150
40045	591710400	22.4	947150
40045	594388800	23.1	947150
40045	596980800	27.1	947150
40045	599659200	25.4	947150
40046	-1304337600	11.1	947300
40046	-1301745600	12.7	947300
40046	-1299067200	17.1	947300
40074	-34171200	22.7	957070
40074	-31492800	26.5	957070
40074	-28814400	25.6	957070
40074	-26395200	21.4	957070
40074	-23716800	16.8	957070
40074	-21124800	10.8	957070
40075	744206400	8.5	957230
40075	746884800	10.8	957230
40075	749476800	12.4	957230
40075	752155200	15.8	957230
40075	754747200	18.4	957230
40075	757425600	20.5	957230
40075	760104000	21.8	957230
40075	762523200	16.3	957230
40075	765201600	13.7	957230
40075	767793600	10	957230
40075	770472000	7.8	957230
40075	773064000	5.8	957230
40075	775742400	6.3	957230
40075	778420800	9.2	957230
40075	781012800	13.2	957230
40075	783691200	16.5	957230
40075	786283200	21.3	957230
40075	788961600	20.6	957230
40075	791640000	20.2	957230
40075	794059200	17.1	957230
40075	796737600	11.5	957230
40075	799329600	11.5	957230
40075	802008000	7.4	957230
40075	804600000	6.1	957230
40075	807278400	9.1	957230
40075	809956800	10.1	957230
40075	812548800	13.8	957230
40075	815227200	15.9	957230
40075	817819200	17.6	957230
40075	820497600	20.6	957230
40075	823176000	17.9	957230
40075	825681600	17.4	957230
40075	828360000	12.2	957230
40075	830952000	11	957230
40075	833630400	7.8	957230
40075	836222400	6.3	957230
40075	838900800	8	957230
40075	841579200	10.5	957230
40075	844171200	14.1	957230
40075	846849600	14.4	957230
40075	849441600	18.3	957230
40075	852120000	20.3	957230
40075	854798400	23.5	957230
40075	857217600	18.1	957230
40083	-710164800	3.9	959957
40083	-707486400	5	959957
40083	-704808000	7.4	959957
40083	-702216000	10.3	959957
40083	-699537600	12.1	959957
40083	-696945600	15.5	959957
40083	-694267200	15.6	959957
40083	-691588800	18.8	959957
40083	-689083200	14.4	959957
40083	-686404800	10.6	959957
40083	-683812800	6.5	959957
40083	-681134400	5.3	959957
40083	-678542400	3.6	959957
40083	-675864000	6.4	959957
40083	-673185600	8.6	959957
40083	-670593600	10.2	959957
40083	-667915200	13.9	959957
40083	-665323200	18.7	959957
40083	-662644800	16.8	959957
40083	-659966400	17.4	959957
40083	-657547200	16.3	959957
40083	-654868800	11.1	959957
40083	-652276800	8	959957
40083	-649598400	3.9	959957
40083	-647006400	4.7	959957
40083	-644328000	6.4	959957
40083	-641649600	8.7	959957
40083	-639057600	12.1	959957
40083	-636379200	13	959957
40083	-633787200	16.7	959957
40083	-631108800	18.6	959957
40083	-628430400	18.1	959957
40083	-626011200	16.3	959957
40083	-623332800	11.9	959957
40083	-620740800	8.3	959957
40083	-618062400	6.3	959957
40083	-615470400	6.1	959957
40083	-612792000	5.4	959957
40083	-610113600	9.5	959957
40083	-607521600	10.8	959957
40083	-604843200	13.3	959957
40083	-602251200	18.1	959957
40083	-599572800	17.6	959957
40083	-596894400	19.5	959957
40083	-594475200	17.5	959957
40083	-591796800	9.6	959957
40083	-589204800	7.5	959957
40083	-586526400	7	959957
40083	-583934400	4.2	959957
40083	-581256000	3.7	959957
40083	-578577600	10.4	959957
40083	-575985600	10.2	959957
40083	-573307200	13.5	959957
40083	-570715200	16.9	959957
40083	-568036800	21.4	959957
40083	-565358400	18.7	959957
40083	-562852800	16.8	959957
40083	-560174400	11.2	959957
40083	-557582400	7.2	959957
40083	-554904000	5.2	959957
40083	-552312000	4.3	959957
40083	-549633600	5.9	959957
40083	-546955200	7.6	959957
40083	-544363200	11.2	959957
40083	-541684800	11.6	959957
40083	-539092800	16.1	959957
40083	-536414400	17.4	959957
40083	-533736000	16.7	959957
40083	-531316800	17	959957
40083	-528638400	13.1	959957
40083	-526046400	7.8	959957
40083	-523368000	4.1	959957
40083	-520776000	4.3	959957
40083	-518097600	5.3	959957
40083	-515419200	9.3	959957
40083	-512827200	11	959957
40083	-510148800	13.8	959957
40083	-507556800	18.8	959957
40083	-504878400	18.7	959957
40083	-502200000	17.3	959957
40083	-499780800	15.8	959957
40083	-497102400	15.1	959957
40083	-494510400	8	959957
40083	-491832000	6.1	959957
40083	-489240000	5.5	959957
40083	-486561600	7.2	959957
40083	-483883200	8.8	959957
40083	-481291200	11.3	959957
40083	-478612800	15.3	959957
40083	-476020800	17.1	959957
40083	-473342400	19.6	959957
40083	-470664000	18	959957
40083	-468244800	18	959957
40083	-465566400	13	959957
40083	-462974400	7.3	959957
40083	-460296000	5.3	959957
40083	-457704000	3.9	959957
40083	-455025600	6	959957
40083	-452347200	9.3	959957
40083	-449755200	11.4	959957
40083	-447076800	13.2	959957
40083	-444484800	15.2	959957
40083	-441806400	17.1	959957
40083	-439128000	17.3	959957
40083	-436622400	16.6	959957
40083	-433944000	11.4	959957
40083	-431352000	7.8	959957
40083	-428673600	4.6	959957
40083	-426081600	3.9	959957
40083	-423403200	4.3	959957
40083	-420724800	8	959957
40083	-418132800	9.3	959957
40083	-415454400	12.1	959957
40083	-412862400	16.8	959957
40727	1057060800	12.4	947030
40727	1059739200	13.5	947030
40727	1062417600	18.3	947030
40727	1065009600	19.7	947030
40727	1067688000	25.1	947030
40728	-134136000	18.6	947090
40728	-131457600	19.1	947090
40729	691588800	22	947130
40729	694267200	23	947130
40729	696945600	22.4	947130
40729	699451200	22.3	947130
40729	702129600	17.8	947130
40729	704721600	13.3	947130
40729	707400000	9.6	947130
40729	709992000	9.3	947130
40729	712670400	9.2	947130
40729	715348800	11.6	947130
40729	717940800	16	947130
40730	607435200	20.6	947150
40730	610027200	17.3	947150
40730	612705600	11.1	947150
40730	615297600	10.2	947150
40730	617976000	10.1	947150
40730	620654400	15.2	947150
40730	623246400	20.3	947150
40730	625924800	23	947150
40730	628516800	26.7	947150
40730	631195200	28.9	947150
40730	633873600	27.6	947150
40730	636292800	25.1	947150
40730	638971200	19.6	947150
40730	641563200	14.9	947150
40730	644241600	10.5	947150
40730	646833600	10.6	947150
40730	649512000	10.8	947150
40730	652190400	15	947150
40730	654782400	19.6	947150
40730	657460800	24.4	947150
40730	660052800	29.2	947150
40731	257601600	24.7	947180
40731	260280000	18.2	947180
40731	262872000	14.9	947180
40732	-1291118400	21.3	947300
40732	-1288699200	18.6	947300
40732	-1286020800	12.6	947300
40732	-1283428800	8.4	947300
40732	-1280750400	5.5	947300
40732	-1278158400	4	947300
40732	-1275480000	6.3	947300
40732	-1272801600	9.1	947300
40732	-1270209600	12.6	947300
40732	-1267531200	15.1	947300
40732	-1264939200	18	947300
40732	-1262260800	19.6	947300
40732	-1259582400	21.6	947300
40732	-1257163200	18	947300
40732	-1254484800	12.3	947300
40732	-1251892800	9.6	947300
40732	-1249214400	8.6	947300
40752	273499200	15.3	955120
40752	276091200	20.9	955120
40758	-15854400	9	957070
40758	-13176000	10.5	957070
40758	-10497600	10	957070
40758	-7905600	17.4	957070
40758	-5227200	19.4	957070
40765	-157723200	17.3	959957
40765	-155044800	20.5	959957
40765	-152625600	18	959957
40765	-149947200	11.7	959957
40765	-147355200	8.8	959957
40765	-144676800	6.5	959957
40765	-142084800	4.7	959957
40765	-139406400	7.5	959957
40765	-136728000	11.8	959957
40765	-134136000	14.1	959957
40765	-131457600	14.1	959957
40765	-128865600	18.2	959957
40765	-126187200	19.8	959957
40765	-123508800	18.5	959957
40765	-121089600	16	959957
40765	-118411200	13.4	959957
40765	-115819200	8.3	959957
40765	-113140800	6.6	959957
40765	-110548800	3.7	959957
40765	-107870400	5.8	959957
40765	-105192000	8.2	959957
40765	-102600000	11.5	959957
40765	-99921600	14.2	959957
40765	-97329600	16.3	959957
40765	-94651200	18.4	959957
40765	-91972800	18.6	959957
40765	-89553600	15	959957
40765	-86875200	13.9	959957
40765	-84283200	10.2	959957
41353	662731200	27.3	947070
41353	665409600	28.4	947070
41353	667828800	22.9	947070
41353	670507200	17.3	947070
41353	673099200	14.1	947070
41353	675777600	12.8	947070
41353	678369600	9.2	947070
41353	681048000	10.4	947070
41353	683726400	13.5	947070
41353	686318400	19.6	947070
41353	688996800	21.2	947070
41353	691588800	23	947070
41353	694267200	24	947070
41353	696945600	23.1	947070
41353	699451200	23.3	947070
41353	702129600	18.7	947070
41353	704721600	13.8	947070
41353	707400000	10.1	947070
41353	709992000	10	947070
41353	712670400	10.1	947070
41353	715348800	12.2	947070
41353	717940800	16.4	947070
41353	720619200	18.1	947070
41353	723211200	21.6	947070
41353	725889600	26.2	947070
41353	728568000	25.5	947070
41353	730987200	21	947070
41353	733665600	18.5	947070
41353	736257600	13.1	947070
41353	738936000	9.2	947070
41353	741528000	11	947070
41353	744206400	10.7	947070
41353	746884800	12.9	947070
41353	749476800	15.3	947070
41353	752155200	20.3	947070
41353	754747200	22.5	947070
41353	757425600	24.9	947070
41353	760104000	26	947070
41353	762523200	19.7	947070
41353	765201600	17.3	947070
41353	767793600	13.1	947070
41353	770472000	11.3	947070
41353	773064000	8.7	947070
41353	775742400	9.2	947070
41353	778420800	12.8	947070
41353	781012800	17.5	947070
41353	783691200	21.5	947070
41353	786283200	26.5	947070
41353	788961600	24.4	947070
41353	791640000	24.2	947070
41353	794059200	21	947070
41353	796737600	14.8	947070
41353	799329600	13.3	947070
41353	802008000	10.2	947070
41353	804600000	7.9	947070
41353	807278400	11.6	947070
41353	809956800	13.1	947070
41353	812548800	18	947070
41353	815227200	21.2	947070
41353	817819200	22.5	947070
41353	820497600	25.7	947070
41353	823176000	23	947070
41353	825681600	22	947070
41353	828360000	15.8	947070
41353	830952000	13.6	947070
41353	833630400	10.7	947070
41353	836222400	9.3	947070
41353	838900800	10.1	947070
41353	841579200	12.8	947070
41353	844171200	17.6	947070
41353	846849600	19.2	947070
41354	667828800	24.6	947150
41354	670507200	19.3	947150
41354	673099200	16.1	947150
41354	675777600	14.1	947150
41354	678369600	10.1	947150
41354	681048000	12.6	947150
41354	683726400	16.1	947150
41355	-1243944000	7.6	947300
41355	-1241265600	8.7	947300
41355	-1238673600	14	947300
41355	-1235995200	15.9	947300
41355	-1233403200	18.2	947300
41355	-1230724800	19.2	947300
41355	-1228046400	20.5	947300
41355	-1225627200	17.8	947300
41355	-1222948800	13.2	947300
41355	-1220356800	10.1	947300
41355	-1217678400	7.2	947300
41355	-1215086400	6	947300
41355	-1212408000	6.9	947300
41355	-1209729600	9.5	947300
41355	-1207137600	12	947300
41355	-1204459200	15.3	947300
41355	-1201867200	18.1	947300
41355	-1199188800	23.5	947300
41355	-1196510400	20.2	947300
41355	-1194004800	18.1	947300
41355	-1191326400	12.9	947300
41355	-1188734400	9.7	947300
41355	-1186056000	5.4	947300
41355	-1183464000	4.8	947300
41377	21038400	11.1	957070
41377	23630400	17.4	957070
41377	26308800	20.2	957070
41377	28900800	24.2	957070
41377	31579200	26	957070
41377	34257600	24.5	957070
41377	36676800	24.4	957070
41377	39355200	18.7	957070
41377	41947200	13	957070
41377	44625600	9.4	957070
41377	47217600	8.4	957070
41377	49896000	10.5	957070
41377	52574400	14.3	957070
41378	928238400	7.6	957230
41378	930830400	7.1	957230
41378	933508800	8.1	957230
41378	936187200	11.8	957230
41378	938779200	14.4	957230
41378	941457600	14.3	957230
41378	944049600	18	957230
41378	946728000	18.6	957230
41378	949406400	22.3	957230
41378	951912000	20.1	957230
41378	954590400	13.7	957230
41378	957182400	9.2	957230
41378	959860800	6.6	957230
41378	962452800	6.5	957230
41378	965131200	7.1	957230
41378	967809600	10.5	957230
41378	970401600	12.1	957230
41378	973080000	17	957230
41378	975672000	20.4	957230
41378	978350400	24.4	957230
41378	981028800	22.7	957230
41378	983448000	17.4	957230
41378	986126400	14.1	957230
41378	988718400	9.3	957230
41378	991396800	7.4	957230
41378	993988800	7.3	957230
41378	996667200	7.2	957230
41378	999345600	12	957230
41378	1001937600	11.9	957230
41378	1004616000	15.5	957230
41378	1007208000	18.5	957230
41378	1009886400	22.4	957230
41378	1012564800	19.6	957230
41378	1014984000	18.5	957230
41378	1017662400	16.1	957230
41378	1020254400	9.9	957230
41378	1022932800	7.5	957230
41378	1025524800	6.3	957230
41378	1028203200	7.5	957230
41378	1030881600	10.6	957230
41378	1033473600	13.9	957230
41378	1036152000	20.1	957230
41378	1038744000	20.5	957230
41378	1041422400	23.2	957230
41378	1044100800	23	957230
41378	1046520000	17.1	957230
41378	1049198400	14.5	957230
41378	1051790400	11.6	957230
41378	1054468800	8.7	957230
41378	1057060800	7.2	957230
41378	1059739200	7.6	957230
41378	1062417600	10.2	957230
41378	1065009600	11.6	957230
41378	1067688000	16.6	957230
41378	1070280000	20.9	957230
41378	1072958400	21.9	957230
41378	1075636800	23	957230
41378	1078142400	19.3	957230
41378	1080820800	15.4	957230
41378	1083412800	9.6	957230
41378	1086091200	7.4	957230
41378	1088683200	6.4	957230
41378	1091361600	8.3	957230
41378	1094040000	10.4	957230
41378	1096632000	13.3	957230
41378	1099310400	16.3	957230
41378	1101902400	19.5	957230
41378	1104580800	21.7	957230
41378	1107259200	20.3	957230
41378	1109678400	17.7	957230
41378	1112356800	17.2	957230
41378	1114948800	10.5	957230
41378	1117627200	9.2	957230
41378	1120219200	7.6	957230
41378	1122897600	7.9	957230
41378	1125576000	10.5	957230
41378	1128168000	14.2	957230
41378	1130846400	17.1	957230
41378	1133438400	20.4	957230
41378	1136116800	24.3	957230
41378	1138795200	23.3	957230
41378	1141214400	20.3	957230
41378	1143892800	12.3	957230
41378	1146484800	9.2	957230
41378	1149163200	6.4	957230
41378	1151755200	7.5	957230
41378	1154433600	8	957230
41378	1157112000	11.5	957230
41378	1159704000	15.5	957230
41378	1162382400	18.5	957230
41378	1164974400	20.6	957230
41378	1167652800	23.5	957230
41378	1170331200	23.2	957230
41378	1172750400	20.2	957230
41378	1175428800	15.8	957230
41378	1178020800	12.3	957230
41378	1180699200	7	957230
41378	1183291200	6.3	957230
41378	1185969600	9.4	957230
41378	1188648000	10.1	957230
41378	1191240000	15.5	957230
41378	1193918400	19.2	957230
41378	1196510400	19.9	957230
41378	1199188800	22.7	957230
41378	1201867200	19.6	957230
41378	1204372800	18.9	957230
41378	1207051200	13.1	957230
41378	1209643200	10.2	957230
41378	1212321600	9.8	957230
41378	1214913600	6.3	957230
41378	1217592000	6.7	957230
41378	1220270400	11.2	957230
41378	1222862400	15.1	957230
41378	1225540800	16.9	957230
41378	1228132800	19.1	957230
41378	1230811200	23.4	957230
41378	1233489600	22.7	957230
41378	1235908800	19.4	957230
41378	1238587200	14.7	957230
41378	1241179200	11.5	957230
41378	1243857600	8.7	957230
41378	1246449600	7	957230
41378	1249128000	8.5	957230
41378	1251806400	10.8	957230
41378	1254398400	13.2	957230
41378	1257076800	21.1	957230
41378	1259668800	21.1	957230
41378	1262347200	24.2	957230
41378	1265025600	21.7	957230
41378	1267444800	18.6	957230
41378	1270123200	14.6	957230
41378	1272715200	10.3	957230
41378	1275393600	7.7	957230
41378	1277985600	6.9	957230
41378	1280664000	7.4	957230
41378	1283342400	10.9	957230
41378	1285934400	14.6	957230
41378	1288612800	17.6	957230
41386	-79012800	5.3	959957
41386	-76334400	5.3	959957
41386	-73656000	8.6	959957
41386	-71064000	13.8	959957
41386	-68385600	15.2	959957
41386	-65793600	16.3	959957
41386	-63115200	19.6	959957
41930	1078142400	26.3	947030
41930	1080820800	22.2	947030
41930	1083412800	14.2	947030
41930	1086091200	12.1	947030
41930	1088683200	10.5	947030
41930	1091361600	12.9	947030
41930	1094040000	16.7	947030
41930	1096632000	22.2	947030
41931	852120000	25.2	947070
41931	854798400	28	947070
41931	857217600	21.6	947070
41931	859896000	17.2	947070
41931	862488000	14.3	947070
41931	865166400	9.3	947070
41931	867758400	7.9	947070
41931	870436800	9.6	947070
41931	873115200	12.9	947070
41931	875707200	17.3	947070
41931	878385600	23.1	947070
41931	880977600	25.4	947070
41931	883656000	26.6	947070
41931	886334400	25.8	947070
41931	888753600	23.8	947070
41931	891432000	17.3	947070
41931	894024000	12.6	947070
41931	896702400	9.4	947070
41931	899294400	8.7	947070
41931	901972800	10.8	947070
41931	904651200	13.9	947070
41931	907243200	15.7	947070
41931	909921600	19.5	947070
41931	912513600	24.4	947070
41931	915192000	28.2	947070
41931	917870400	24.7	947070
41931	920289600	21.3	947070
41931	922968000	15.1	947070
41931	925560000	13.8	947070
41931	928238400	10.2	947070
41931	930830400	9.7	947070
41931	933508800	10.2	947070
41931	936187200	15.3	947070
41931	938779200	17.5	947070
41931	941457600	17.8	947070
41931	944049600	22	947070
41931	946728000	23.2	947070
41931	949406400	26.6	947070
41931	951912000	22.6	947070
41931	954590400	17	947070
41931	957182400	12.1	947070
41931	959860800	9	947070
41931	962452800	8.5	947070
41931	965131200	9.6	947070
41931	967809600	14.7	947070
41931	970401600	16.4	947070
41931	973080000	21.3	947070
41931	975672000	25.3	947070
41932	-97329600	22.3	947090
41932	-94651200	24.6	947090
41933	284040000	29.8	947180
41933	286718400	27.6	947180
41933	289137600	25	947180
41933	291816000	19.4	947180
41933	294408000	14.2	947180
41933	297086400	12.9	947180
41933	299678400	10.5	947180
41933	302356800	11.7	947180
41933	305035200	15.1	947180
41933	307627200	19.3	947180
41933	310305600	24.9	947180
41933	312897600	28	947180
41933	315576000	27.4	947180
41933	318254400	27.9	947180
41933	320760000	25.9	947180
41933	323438400	20.7	947180
41933	326030400	15.6	947180
41933	328708800	12	947180
41933	331300800	9.6	947180
41933	333979200	12.2	947180
41933	336657600	16.1	947180
41933	339249600	21.4	947180
41933	341928000	25.6	947180
41934	-1178107200	9.8	947300
41934	-1175515200	11.4	947300
41934	-1172836800	16.1	947300
41934	-1170244800	17.8	947300
41934	-1167566400	20.2	947300
41934	-1164888000	19.2	947300
41934	-1162468800	19.8	947300
41934	-1159790400	13.4	947300
41934	-1157198400	9.6	947300
41934	-1154520000	6.9	947300
41934	-1151928000	7.5	947300
41934	-1149249600	5.6	947300
41934	-1146571200	9.8	947300
41934	-1143979200	13.9	947300
41934	-1141300800	15.5	947300
41934	-1138708800	18.2	947300
41934	-1136030400	20.5	947300
41934	-1133352000	19.5	947300
41934	-1130932800	19	947300
41934	-1128254400	13.5	947300
41934	-1125662400	10.4	947300
41934	-1122984000	6	947300
41934	-1120392000	7.2	947300
41934	-1117713600	8	947300
41934	-1115035200	10.6	947300
41934	-1112443200	12.1	947300
41934	-1109764800	15.5	947300
41934	-1107172800	17	947300
41934	-1104494400	19	947300
41934	-1101816000	18.6	947300
41934	-1099396800	15.9	947300
41934	-1096718400	12.4	947300
41934	-1094126400	8.1	947300
41934	-1091448000	5.2	947300
41934	-1088856000	5.8	947300
41934	-1086177600	7.7	947300
41934	-1083499200	9	947300
41934	-1080907200	13.2	947300
41934	-1078228800	16.4	947300
41934	-1075636800	17.7	947300
41934	-1072958400	19.5	947300
41934	-1070280000	19.4	947300
41934	-1067774400	17.1	947300
41934	-1065096000	12.4	947300
41934	-1062504000	9.3	947300
41934	-1059825600	5.2	947300
41934	-1057233600	7.2	947300
41934	-1054555200	8.3	947300
41934	-1051876800	8.5	947300
41934	-1049284800	13	947300
41934	-1046606400	16	947300
41934	-1044014400	19.2	947300
41934	-1041336000	19.9	947300
41934	-1038657600	20	947300
41934	-1036238400	16.2	947300
41934	-1033560000	12.6	947300
41934	-1030968000	8.5	947300
41934	-1028289600	7.1	947300
41934	-1025697600	5	947300
41934	-1023019200	8.3	947300
41934	-1020340800	10	947300
41934	-1017748800	13.8	947300
41934	-1015070400	16.4	947300
41934	-1012478400	20.9	947300
41934	-1009800000	20.5	947300
41934	-1007121600	19.2	947300
41934	-1004702400	20	947300
41934	-1002024000	14.7	947300
41934	-999432000	11.1	947300
41934	-996753600	6.7	947300
41934	-994161600	5.9	947300
41934	-991483200	7.3	947300
41934	-988804800	10.3	947300
41934	-986212800	15.5	947300
41934	-983534400	18.3	947300
41934	-980942400	20.8	947300
41934	-978264000	24.1	947300
41934	-975585600	23.5	947300
41934	-973166400	19.6	947300
41934	-970488000	15	947300
41956	63115200	23.8	957070
41956	65793600	23.4	957070
41956	68299200	21.4	957070
41956	70977600	17	957070
41956	73569600	13.4	957070
41956	76248000	10.4	957070
41956	78840000	9.3	957070
41956	81518400	12.3	957070
41956	84196800	15.2	957070
41956	86788800	17.8	957070
41956	89467200	20.9	957070
41956	92059200	26.9	957070
41956	94737600	28.5	957070
41956	97416000	25.4	957070
41956	99835200	21.1	957070
41956	102513600	19	957070
41956	105105600	14.1	957070
41956	107784000	10.6	957070
41956	110376000	10.5	957070
41956	113054400	11	957070
41956	115732800	14.3	957070
41956	118324800	17.5	957070
41956	121003200	20.2	957070
41956	123595200	24.1	957070
41956	126273600	25.5	957070
41956	128952000	24.6	957070
41957	1293883200	23.3	957230
41957	1296561600	21.7	957230
41957	1298980800	18.2	957230
41964	-57931200	18.6	959957
41964	-55252800	14.1	959957
42482	1101902400	27.6	947030
42482	1104580800	30	947030
42482	1107259200	28.3	947030
42482	1109678400	25.2	947030
42482	1112356800	24.3	947030
42482	1114948800	15.9	947030
42483	1136116800	29.6	947070
42483	1138795200	27.4	947070
42483	1141214400	23.5	947070
42483	1143892800	15.2	947070
42483	1146484800	11.1	947070
42483	1149163200	8.4	947070
42483	1151755200	9.6	947070
42483	1154433600	9.9	947070
42483	1157112000	14.4	947070
42483	1159704000	19.2	947070
42483	1162382400	23.4	947070
42484	694267200	27	947150
42484	696945600	25.3	947150
42484	699451200	24.6	947150
42484	702129600	20.4	947150
42485	347198400	31	947180
42485	349876800	29.5	947180
42485	352296000	24.6	947180
42485	354974400	20.8	947180
42485	357566400	15.7	947180
42485	360244800	11.2	947180
42485	362836800	10.7	947180
42485	365515200	10.9	947180
42485	368193600	16.6	947180
42485	370785600	20.2	947180
42485	373464000	20.8	947180
42485	376056000	26.5	947180
42485	378734400	28.4	947180
42485	381412800	29	947180
42485	383832000	23.3	947180
42485	386510400	19.8	947180
42485	389102400	15.2	947180
42485	391780800	10.2	947180
42485	394372800	10.2	947180
42485	397051200	14.8	947180
42485	399729600	15.5	947180
42485	402321600	19.9	947180
42485	4.05e+08	25.1	947180
42485	407592000	26.9	947180
42485	410270400	26.8	947180
42485	412948800	29.1	947180
42485	415368000	26.1	947180
42485	418046400	17.8	947180
42485	420638400	15.7	947180
42485	423316800	11.5	947180
42485	425908800	10.5	947180
42485	428587200	12.1	947180
42485	431265600	15.8	947180
42486	-954676800	11.9	947300
42486	-951998400	14.8	947300
42486	-949406400	18.4	947300
42486	-946728000	22	947300
42486	-944049600	21.6	947300
42486	-941544000	20.6	947300
42486	-938865600	14.2	947300
42486	-936273600	8	947300
42486	-933595200	6.4	947300
42486	-931003200	5.4	947300
42486	-928324800	6.5	947300
42486	-925646400	10.2	947300
42486	-923054400	14.4	947300
42486	-920376000	15.6	947300
42486	-917784000	20.5	947300
42486	-915105600	18.6	947300
42486	-912427200	18.4	947300
42486	-910008000	16.7	947300
42486	-907329600	14.1	947300
42486	-904737600	8.8	947300
42486	-902059200	6.2	947300
42486	-899467200	6.2	947300
42486	-896788800	5.9	947300
42486	-894110400	9.7	947300
42486	-891518400	12.1	947300
42486	-888840000	17.5	947300
42486	-886248000	18.9	947300
42507	134049600	17.8	957070
42507	136641600	14.4	957070
42507	139320000	10.1	957070
42507	141912000	9.9	957070
42507	144590400	11	957070
42507	147268800	11.8	957070
42507	149860800	16.5	957070
42507	152539200	18.9	957070
42507	155131200	22.5	957070
42507	157809600	24.4	957070
42507	160488000	25.4	957070
42507	162907200	21.7	957070
42507	165585600	17.6	957070
42507	168177600	14.6	957070
42507	170856000	10.6	957070
42507	173448000	12	957070
42507	176126400	11.2	957070
42507	178804800	15	957070
42507	181396800	16	957070
42507	184075200	21.7	957070
42507	186667200	26	957070
42507	189345600	24	957070
42507	192024000	25.5	957070
42507	194529600	22.3	957070
42507	197208000	17.3	957070
42507	199800000	13.1	957070
42507	202478400	10.9	957070
42507	205070400	9.1	957070
42507	207748800	11	957070
42507	210427200	13.4	957070
42507	213019200	14.8	957070
42507	215697600	19.2	957070
42512	-49982400	5	959957
42512	-47390400	4.6	959957
42512	-44712000	5.5	959957
42512	-42033600	7.9	959957
42512	-39441600	11.1	959957
42512	-36763200	14.4	959957
42512	-34171200	16	959957
42512	-31492800	20.5	959957
42512	-28814400	19.5	959957
42512	-26395200	16.9	959957
42512	-23716800	12.5	959957
42512	-21124800	8.5	959957
42512	-18446400	6	959957
42512	-15854400	6.5	959957
42512	-13176000	8	959957
42512	-10497600	6.1	959957
42512	-7905600	12.4	959957
42512	-5227200	13.6	959957
42512	-2635200	16.2	959957
42512	43200	17.6	959957
43007	1122897600	12.5	947030
43007	1125576000	17	947030
43007	1128168000	23	947030
43008	1167652800	27	947070
43008	1170331200	27.6	947070
43008	1172750400	24.4	947070
43008	1175428800	18.6	947070
43008	1178020800	15.8	947070
43008	1180699200	8.8	947070
43008	1183291200	8.4	947070
43008	1185969600	12.4	947070
43009	-76334400	9.3	947090
43009	-73656000	12.5	947090
43010	707400000	11.3	947150
43010	709992000	11.1	947150
43011	439128000	24.4	947180
43011	441806400	23.9	947180
43011	444484800	25.6	947180
43011	446990400	22.7	947180
43011	449668800	18.9	947180
43011	452260800	14.5	947180
43011	454939200	12.6	947180
43011	457531200	9.9	947180
43011	460209600	11.9	947180
43011	462888000	13.1	947180
43011	465480000	18.6	947180
43011	468158400	22.8	947180
43011	470750400	25	947180
43011	473428800	27.5	947180
43011	476107200	26.3	947180
43011	478526400	24.6	947180
43011	481204800	18.9	947180
43011	483796800	15.7	947180
43011	486475200	10.1	947180
43011	489067200	10.9	947180
43011	491745600	11.8	947180
43011	494424000	14.6	947180
43011	497016000	18.6	947180
43011	499694400	22.1	947180
43011	502286400	24.5	947180
43011	504964800	25.5	947180
43011	507643200	27.1	947180
43011	510062400	25.9	947180
43011	512740800	20.4	947180
43011	515332800	16.2	947180
43011	518011200	11	947180
43011	520603200	10.4	947180
43011	523281600	11.6	947180
43011	525960000	15.5	947180
43011	528552000	17.3	947180
43011	531230400	22.2	947180
43011	533822400	23.2	947180
43011	536500800	27.8	947180
43011	539179200	27	947180
43011	541598400	22.3	947180
43011	544276800	20.2	947180
43011	546868800	15.1	947180
43011	549547200	13.1	947180
43011	552139200	10.1	947180
43011	554817600	12.7	947180
43011	557496000	14.8	947180
43011	560088000	18.5	947180
43011	562766400	22.8	947180
43011	565358400	25.6	947180
43011	568036800	28.4	947180
43011	570715200	24.3	947180
43011	573220800	23.3	947180
43011	575899200	18.9	947180
43011	578491200	15.2	947180
43011	581169600	11.6	947180
43011	583761600	11.4	947180
43011	586440000	12.4	947180
43011	589118400	16.1	947180
43011	591710400	21.5	947180
43011	594388800	22.7	947180
43011	596980800	26.5	947180
43011	599659200	25	947180
43011	602337600	26.3	947180
43011	604756800	24.6	947180
43011	607435200	19.9	947180
43011	610027200	16.9	947180
43011	612705600	11	947180
43011	615297600	9.9	947180
43011	617976000	10	947180
43011	620654400	14.5	947180
43011	623246400	19.5	947180
43011	625924800	22.2	947180
43011	628516800	25.7	947180
43011	631195200	28.2	947180
43011	633873600	26.9	947180
43011	636292800	24.4	947180
43011	638971200	19	947180
43011	641563200	15.2	947180
43011	644241600	10.7	947180
43011	646833600	10.6	947180
43011	649512000	10.6	947180
43011	652190400	14.3	947180
43011	654782400	18.9	947180
43011	657460800	23.6	947180
43011	660052800	28.1	947180
43011	662731200	27.5	947180
43011	665409600	28.2	947180
43011	667828800	23.8	947180
43011	670507200	18.7	947180
43011	673099200	16.1	947180
43011	675777600	13.7	947180
43011	678369600	9.1	947180
43011	681048000	11.6	947180
43011	683726400	15.3	947180
43011	686318400	21.3	947180
43011	688996800	23.4	947180
43011	691588800	23.9	947180
43011	694267200	25.8	947180
43011	696945600	25.4	947180
43011	699451200	24.6	947180
43011	702129600	20.3	947180
43011	704721600	15.6	947180
43011	707400000	11.6	947180
43011	709992000	11.4	947180
43011	712670400	11.9	947180
43011	715348800	14.1	947180
43011	717940800	19.1	947180
43011	720619200	20.9	947180
43011	723211200	23.8	947180
43011	725889600	28.8	947180
43011	728568000	27.4	947180
43011	730987200	23.1	947180
43011	733665600	21	947180
43011	736257600	16.1	947180
43011	738936000	11.3	947180
43011	741528000	13.2	947180
43011	744206400	12.5	947180
43011	746884800	14.6	947180
43011	749476800	18.2	947180
43011	752155200	23.2	947180
43011	754747200	24.9	947180
43011	757425600	28	947180
43011	760104000	26.3	947180
43011	762523200	21.6	947180
43011	765201600	19.3	947180
43011	767793600	14.8	947180
43011	770472000	12.2	947180
43011	773064000	11.3	947180
43011	775742400	12.1	947180
43011	778420800	15	947180
43011	781012800	19.8	947180
43011	783691200	23.3	947180
43011	786283200	27.1	947180
43011	788961600	24.9	947180
43011	791640000	25	947180
43011	794059200	23.3	947180
43011	796737600	17.4	947180
43011	799329600	15.9	947180
43011	802008000	12.4	947180
43011	804600000	9.8	947180
43011	807278400	14.4	947180
43011	809956800	16.3	947180
43011	812548800	20.5	947180
43011	815227200	23.7	947180
43011	817819200	24.2	947180
43011	820497600	26.3	947180
43011	823176000	23.8	947180
43011	825681600	23	947180
43011	828360000	17.4	947180
43011	830952000	15.5	947180
43011	833630400	12.8	947180
43011	836222400	10.2	947180
43011	838900800	11.5	947180
43011	841579200	14.5	947180
43011	844171200	19.2	947180
43011	846849600	21.5	947180
43011	849441600	24.4	947180
43011	852120000	25.1	947180
43011	854798400	27.1	947180
43011	857217600	23.4	947180
43011	859896000	19.5	947180
43011	862488000	15.5	947180
43011	865166400	11.5	947180
43011	867758400	10.3	947180
43011	870436800	11.7	947180
43011	873115200	15.6	947180
43011	875707200	19.1	947180
43011	878385600	26.2	947180
43011	880977600	27.4	947180
43011	883656000	27.6	947180
43011	886334400	26.8	947180
43011	888753600	26.2	947180
43011	891432000	19.8	947180
43011	894024000	14.2	947180
43011	896702400	11.3	947180
43011	899294400	9.8	947180
43011	901972800	12.8	947180
43011	904651200	16	947180
43011	907243200	17.5	947180
43011	909921600	20.6	947180
43011	912513600	25.8	947180
43011	915192000	28.5	947180
43011	917870400	25.2	947180
43011	920289600	23.6	947180
43011	922968000	16.6	947180
43011	925560000	15.7	947180
43011	928238400	11.8	947180
43011	930830400	11.3	947180
43011	933508800	12.3	947180
43011	936187200	16.3	947180
43011	938779200	20.7	947180
43011	941457600	19.4	947180
43011	944049600	23.3	947180
43011	946728000	24.9	947180
43011	949406400	26.3	947180
43011	951912000	24.1	947180
43011	954590400	19.1	947180
43011	957182400	13.8	947180
43011	959860800	10.5	947180
43011	962452800	10.4	947180
43011	965131200	11.6	947180
43011	967809600	17.7	947180
43011	970401600	18.6	947180
43011	973080000	22.1	947180
43011	975672000	25.8	947180
43011	978350400	29	947180
43011	981028800	28	947180
43011	983448000	23	947180
43011	986126400	20.1	947180
43011	988718400	14.1	947180
43011	991396800	12	947180
43011	993988800	10.5	947180
43011	996667200	11.2	947180
43011	999345600	16.6	947180
43011	1001937600	18.1	947180
43011	1004616000	22	947180
43011	1007208000	25.5	947180
43011	1009886400	27.6	947180
43011	1012564800	26	947180
43011	1014984000	24.5	947180
43011	1017662400	21.1	947180
43011	1020254400	14.6	947180
43011	1022932800	11.6	947180
43011	1025524800	10.4	947180
43011	1028203200	13.3	947180
43011	1030881600	16.3	947180
43011	1033473600	20.9	947180
43011	1036152000	27.2	947180
43011	1038744000	26.6	947180
43011	1041422400	29.2	947180
43011	1044100800	27.7	947180
43011	1046520000	23.3	947180
43011	1049198400	19	947180
43011	1051790400	15	947180
43011	1054468800	12.2	947180
43011	1057060800	10.5	947180
43011	1059739200	11.6	947180
43011	1062417600	15.6	947180
43011	1065009600	17.5	947180
43011	1067688000	22.7	947180
43011	1070280000	27.7	947180
43011	1072958400	27.6	947180
43011	1075636800	28.6	947180
43011	1078142400	24.1	947180
43011	1080820800	20.4	947180
43011	1083412800	13.4	947180
43011	1086091200	11.5	947180
43011	1088683200	10	947180
43011	1091361600	11.7	947180
43011	1094040000	15.3	947180
43011	1096632000	20.4	947180
43011	1099310400	22.8	947180
43011	1101902400	25.1	947180
43011	1104580800	27.8	947180
43011	1107259200	27.2	947180
43011	1109678400	23.3	947180
43011	1112356800	22.7	947180
43011	1114948800	15.4	947180
43011	1117627200	13.1	947180
43011	1120219200	11.6	947180
43011	1122897600	11.8	947180
43011	1125576000	14.9	947180
43011	1128168000	19.8	947180
43011	1130846400	23.2	947180
43011	1133438400	27.2	947180
43011	1136116800	30.3	947180
43011	1138795200	28.9	947180
43011	1141214400	24.6	947180
43011	1143892800	17.4	947180
43011	1146484800	12.7	947180
43011	1149163200	10.8	947180
43011	1151755200	10.8	947180
43011	1154433600	11.8	947180
43011	1157112000	16.5	947180
43011	1159704000	21.5	947180
43011	1162382400	24.7	947180
43011	1164974400	26.3	947180
43011	1167652800	28.1	947180
43011	1170331200	28.3	947180
43011	1172750400	25.3	947180
43011	1175428800	20.1	947180
43011	1178020800	16.9	947180
43011	1180699200	10	947180
43011	1183291200	9.4	947180
43011	1185969600	13.5	947180
43011	1188648000	16.4	947180
43011	1191240000	21.4	947180
43011	1193918400	23.4	947180
43011	1196510400	24.6	947180
43011	1199188800	26	947180
43011	1201867200	23.1	947180
43011	1204372800	22.5	947180
43011	1207051200	17.4	947180
43011	1209643200	14.8	947180
43011	1212321600	13.5	947180
43011	1214913600	10.6	947180
43011	1217592000	10.4	947180
43011	1220270400	15.8	947180
43011	1222862400	21	947180
43011	1225540800	22.5	947180
43011	1228132800	24.6	947180
43011	1230811200	28.3	947180
43011	1233489600	26.7	947180
43011	1235908800	23.4	947180
43011	1238587200	19.1	947180
43011	1241179200	14.7	947180
43011	1243857600	12.3	947180
43011	1246449600	10.6	947180
43011	1249128000	13.4	947180
43012	-870523200	7.7	947300
43012	-867931200	6.4	947300
43012	-865252800	7.3	947300
43012	-862574400	8.9	947300
43012	-859982400	12.4	947300
43012	-857304000	15.3	947300
43012	-854712000	18.9	947300
43012	-852033600	19.2	947300
43012	-849355200	20.3	947300
43012	-846936000	19.9	947300
43012	-844257600	12.3	947300
43012	-841665600	9.2	947300
43012	-838987200	5.7	947300
43012	-836395200	4.8	947300
43012	-833716800	5.6	947300
43012	-831038400	8.7	947300
43012	-828446400	12.2	947300
43012	-825768000	14.3	947300
43012	-823176000	17.4	947300
43012	-820497600	21.9	947300
43012	-817819200	19.9	947300
43012	-815313600	17.3	947300
43028	302356800	12.8	955120
43028	305035200	17.1	955120
43028	307627200	21.5	955120
43033	220968000	26	957070
43033	223646400	27	957070
43033	226065600	22	957070
43033	228744000	16.9	957070
43033	231336000	13.7	957070
43033	234014400	9.5	957070
43033	236606400	8.1	957070
43033	239284800	12.1	957070
43033	241963200	13.2	957070
43033	244555200	19.5	957070
43033	247233600	22.1	957070
43033	249825600	24.6	957070
43033	252504000	25.1	957070
43033	255182400	26.4	957070
43033	257601600	23.5	957070
43033	260280000	17.5	957070
43033	262872000	14.4	957070
43033	265550400	10.1	957070
43033	268142400	9	957070
43033	270820800	9.7	957070
43033	273499200	12.9	957070
43033	276091200	16.6	957070
43033	278769600	20.2	957070
43033	281361600	21.8	957070
43033	284040000	29.3	957070
43033	286718400	27	957070
43033	289137600	23.7	957070
43033	291816000	16.8	957070
43033	294408000	12.6	957070
43033	297086400	11.5	957070
43033	299678400	9.5	957070
43033	302356800	10.8	957070
43033	305035200	13.5	957070
43033	307627200	17.3	957070
43033	310305600	22.7	957070
43033	312897600	25.5	957070
43033	315576000	25.3	957070
43038	5140800	15.3	959957
43038	7819200	12.8	959957
43038	10411200	7.4	959957
43038	13089600	6.5	959957
43038	15681600	4.8	959957
43038	18360000	5	959957
43038	21038400	6.6	959957
43038	23630400	12.2	959957
43038	26308800	13.4	959957
43038	28900800	17.3	959957
43038	31579200	18.6	959957
43038	34257600	17.9	959957
43038	36676800	17.4	959957
43038	39355200	13.1	959957
43038	41947200	7.9	959957
43038	44625600	5.4	959957
43038	47217600	4.5	959957
43038	49896000	5.8	959957
43038	52574400	8.8	959957
43038	55166400	11.3	959957
43038	57844800	12.4	959957
43038	60436800	16.9	959957
43038	63115200	16.9	959957
43038	65793600	16.3	959957
43038	68299200	15.6	959957
43038	70977600	12.3	959957
43038	73569600	9.8	959957
43038	76248000	7.5	959957
43038	78840000	4.8	959957
43038	81518400	7.4	959957
43038	84196800	12	959957
43038	86788800	12.6	959957
43038	89467200	14.9	959957
43038	92059200	19.3	959957
43038	94737600	21.4	959957
43038	97416000	18.6	959957
43038	99835200	16.7	959957
43038	102513600	13.9	959957
43038	105105600	10.2	959957
43038	107784000	6.8	959957
43038	110376000	7.3	959957
43038	113054400	6.8	959957
43038	115732800	9.8	959957
43038	118324800	13	959957
43038	121003200	14.8	959957
43038	123595200	17.7	959957
43038	126273600	18.7	959957
43038	128952000	18.1	959957
43038	131371200	17.6	959957
43038	134049600	14.2	959957
43038	136641600	10.1	959957
43038	139320000	6.1	959957
43038	141912000	4.9	959957
43038	144590400	5.2	959957
43038	147268800	6.5	959957
43038	149860800	10.6	959957
43038	152539200	11.9	959957
43038	155131200	16.5	959957
43038	157809600	18	959957
43038	160488000	18.5	959957
43038	162907200	15.6	959957
43038	165585600	12	959957
43038	168177600	9.4	959957
43038	170856000	6.3	959957
43038	173448000	6.3	959957
43038	176126400	6.1	959957
43038	178804800	9.7	959957
43038	181396800	10.5	959957
43038	184075200	15	959957
43038	186667200	18.6	959957
43038	189345600	18.1	959957
43038	192024000	18.5	959957
43038	194529600	16.1	959957
43038	197208000	11.9	959957
43038	199800000	9.7	959957
43038	202478400	6.8	959957
43038	205070400	5.9	959957
43038	207748800	6.2	959957
43038	210427200	7.9	959957
43038	213019200	9.6	959957
43038	215697600	13.1	959957
43038	218289600	18.2	959957
43479	1133438400	29.7	947030
43479	1136116800	32.3	947030
43480	1191240000	19.6	947070
43480	1193918400	23.1	947070
43480	1196510400	23.8	947070
43480	1199188800	27	947070
43480	1201867200	22.9	947070
43480	1204372800	22.7	947070
43480	1207051200	16	947070
43480	1209643200	13	947070
43480	1212321600	11.8	947070
43480	1214913600	9.5	947070
43480	1217592000	9.1	947070
43480	1220270400	15.2	947070
43480	1222862400	20.4	947070
43480	1225540800	21.4	947070
43481	-68385600	20.5	947090
43481	-65793600	22.6	947090
43481	-63115200	25.7	947090
43481	-60436800	27.4	947090
43481	-57931200	23.3	947090
43481	-55252800	18.7	947090
43481	-52660800	11.4	947090
43481	-49982400	8.7	947090
43481	-47390400	7	947090
43481	-44712000	9.3	947090
43481	-42033600	11.3	947090
43481	-39441600	15.7	947090
43481	-36763200	19.2	947090
43481	-34171200	21.7	947090
43481	-31492800	26.2	947090
43481	-28814400	24.7	947090
43481	-26395200	21.3	947090
43481	-23716800	16.3	947090
43481	-21124800	11.4	947090
43481	-18446400	8.7	947090
43481	-15854400	8.8	947090
43481	-13176000	10.3	947090
43481	-10497600	9.8	947090
43482	723211200	24.8	947150
43482	725889600	29.9	947150
43483	1254398400	19	947180
43483	1257076800	27.2	947180
43483	1259668800	26.3	947180
43483	1262347200	27.1	947180
43483	1265025600	26.2	947180
43483	1267444800	23.2	947180
43483	1270123200	19.3	947180
43483	1272715200	14.1	947180
43483	1275393600	11.3	947180
43484	-807364800	5.3	947300
43484	-804772800	5.6	947300
43484	-802094400	7.2	947300
43484	-799416000	10.2	947300
43484	-796824000	14.1	947300
43484	-794145600	19.1	947300
43484	-791553600	20.1	947300
43484	-788875200	21.8	947300
43484	-786196800	19.3	947300
43484	-783777600	16.3	947300
43484	-781099200	12.9	947300
43484	-778507200	8.5	947300
43484	-775828800	8.8	947300
43484	-773236800	5.2	947300
43500	320760000	26.5	955120
43500	323438400	22.2	955120
43503	326030400	14	957070
43503	328708800	9.9	957070
43506	223646400	20.4	959957
43506	226065600	16.7	959957
43506	228744000	13.8	959957
43506	231336000	9.4	959957
43506	234014400	5.7	959957
43506	236606400	5	959957
43506	239284800	8.3	959957
43506	241963200	9.3	959957
43506	244555200	14	959957
43506	247233600	16.5	959957
43506	249825600	18.7	959957
43506	252504000	19.1	959957
43506	255182400	19.3	959957
43506	257601600	17.7	959957
43506	260280000	12.6	959957
43506	262872000	10.2	959957
43506	265550400	6.1	959957
43506	268142400	4.9	959957
43506	270820800	5.6	959957
43506	273499200	8.5	959957
43506	276091200	12	959957
43506	278769600	13.9	959957
43506	281361600	14.7	959957
43506	284040000	22.2	959957
43506	286718400	20.6	959957
43506	289137600	17.5	959957
43506	291816000	11.9	959957
43506	294408000	8.5	959957
43506	297086400	8.5	959957
43506	299678400	5.4	959957
43506	302356800	6.2	959957
43506	305035200	8.8	959957
43506	307627200	12.7	959957
43506	310305600	16.4	959957
43506	312897600	19	959957
43506	315576000	19.2	959957
43506	318254400	20	959957
43506	320760000	18.8	959957
43506	323438400	14.7	959957
43506	326030400	10.4	959957
43506	328708800	6.5	959957
43506	331300800	5	959957
43506	333979200	7.4	959957
43506	336657600	10.1	959957
43506	339249600	13.5	959957
43506	341928000	17.4	959957
43924	-2635200	20.6	947090
43924	43200	22.7	947090
43924	2721600	26	947090
43924	5140800	19.6	947090
43924	7819200	16.9	947090
43925	-767880000	9.2	947300
43925	-765288000	12.7	947300
43925	-762609600	17.3	947300
43925	-760017600	20.2	947300
43925	-757339200	23.5	947300
43944	344520000	26.4	957070
43944	347198400	30.1	957070
43944	349876800	26.9	957070
43944	352296000	21.1	957070
43944	354974400	18.8	957070
43944	357566400	13.5	957070
43944	360244800	10.6	957070
43944	362836800	9.4	957070
43944	365515200	10.6	957070
43944	368193600	15.3	957070
43944	370785600	19.2	957070
43944	373464000	20.6	957070
43944	376056000	24	957070
43944	378734400	27.2	957070
43944	381412800	27.8	957070
43944	383832000	22	957070
43944	386510400	17.5	957070
43944	389102400	13.9	957070
43944	391780800	9.4	957070
43948	347198400	22.8	959957
43948	349876800	20.8	959957
43948	352296000	16.4	959957
43948	354974400	14.5	959957
43948	357566400	9.3	959957
43948	360244800	5.3	959957
43948	362836800	4.8	959957
43948	365515200	5.8	959957
43948	368193600	11	959957
43948	370785600	14.3	959957
43948	373464000	13.3	959957
43948	376056000	17.5	959957
43948	378734400	20.6	959957
44349	1146484800	13.1	947030
44349	1149163200	11.6	947030
44349	1151755200	11.6	947030
44349	1154433600	13.6	947030
44349	1157112000	18.5	947030
44349	1159704000	24.1	947030
44350	1235908800	22.8	947070
44350	1238587200	17.4	947070
44350	1241179200	13.7	947070
44350	1243857600	11.1	947070
44350	1246449600	10.1	947070
44350	1249128000	12.7	947070
44350	1251806400	14.9	947070
44350	1254398400	16.9	947070
44350	1257076800	26.8	947070
44351	13089600	9.5	947090
44351	15681600	8.3	947090
44351	18360000	9.6	947090
44351	21038400	10.7	947090
44351	23630400	16.2	947090
44351	26308800	18.3	947090
44351	28900800	22.5	947090
44352	738936000	11.3	947150
44352	741528000	13	947150
44352	744206400	12	947150
44352	746884800	14.2	947150
44352	749476800	18.5	947150
44352	752155200	23.8	947150
44352	754747200	24.8	947150
44352	757425600	28.5	947150
44352	760104000	26.1	947150
44352	762523200	21.1	947150
44352	765201600	19.2	947150
44352	767793600	14.6	947150
44352	770472000	11.7	947150
44352	773064000	10.8	947150
44352	775742400	11.4	947150
44352	778420800	15.1	947150
44352	781012800	20.2	947150
44352	783691200	23.8	947150
44352	786283200	27.8	947150
44352	788961600	25	947150
44352	791640000	24.8	947150
44352	794059200	23.4	947150
44353	-749563200	12.6	947300
44353	-746971200	8.4	947300
44353	-744292800	5.7	947300
44353	-741700800	7.1	947300
44353	-739022400	6.8	947300
44353	-736344000	9	947300
44353	-733752000	12.3	947300
44353	-731073600	18	947300
44353	-728481600	19.8	947300
44353	-725803200	22	947300
44353	-723124800	21	947300
44353	-720705600	18.2	947300
44353	-718027200	13.1	947300
44353	-715435200	10.6	947300
44353	-712756800	6.9	947300
44353	-710164800	5.7	947300
44353	-707486400	6.4	947300
44374	397051200	13.5	957070
44374	399729600	14.1	957070
44374	402321600	17.8	957070
44374	4.05e+08	24.2	957070
44374	407592000	25.3	957070
44374	410270400	24.2	957070
44374	412948800	28.9	957070
44374	415368000	25.5	957070
44374	418046400	17	957070
44374	420638400	14.3	957070
44374	423316800	10.1	957070
44374	425908800	8.5	957070
44374	428587200	11.6	957070
44374	431265600	14.7	957070
44374	433857600	18	957070
44374	436536000	20.2	957070
44374	439128000	24.6	957070
44374	441806400	22.9	957070
44374	444484800	24.4	957070
44374	446990400	19.8	957070
44374	449668800	18.3	957070
44374	452260800	13.6	957070
44374	454939200	11.7	957070
44374	457531200	9.2	957070
44374	460209600	11.4	957070
44374	462888000	12.4	957070
44374	465480000	17.2	957070
44374	468158400	21.4	957070
44374	470750400	23.1	957070
44374	473428800	25.5	957070
44374	476107200	25.8	957070
44374	478526400	23.9	957070
44374	481204800	18	957070
44374	483796800	14.9	957070
44374	486475200	10.2	957070
44374	489067200	10.1	957070
44374	491745600	11.1	957070
44374	494424000	13.8	957070
44374	497016000	17.8	957070
44378	383832000	16.1	959957
44378	386510400	12.8	959957
44378	389102400	9.5	959957
44378	391780800	5.1	959957
44378	394372800	4.4	959957
44378	397051200	9.1	959957
44378	399729600	8.7	959957
44378	402321600	13	959957
44378	4.05e+08	18	959957
44378	407592000	19.4	959957
44378	410270400	18.7	959957
44378	412948800	22.5	959957
44378	415368000	18.9	959957
44378	418046400	10.8	959957
44735	1164974400	27.9	947030
44735	1167652800	29.6	947030
44735	1170331200	30.7	947030
44735	1172750400	27	947030
44735	1175428800	21.8	947030
44735	1178020800	17.9	947030
44735	1180699200	9.7	947030
44735	1183291200	10.6	947030
44735	1185969600	14.9	947030
44736	1262347200	27.8	947070
44736	1265025600	25.5	947070
44737	36676800	23.3	947090
44737	39355200	17.5	947090
44737	41947200	12.1	947090
44737	44625600	8.5	947090
44737	47217600	7.3	947090
44737	49896000	9.4	947090
44737	52574400	12.9	947090
44737	55166400	15.9	947090
44737	57844800	18	947090
44737	60436800	21.9	947090
44737	63115200	22	947090
44737	65793600	22.1	947090
44737	68299200	20	947090
44737	70977600	15.9	947090
44737	73569600	12.7	947090
44737	76248000	9.2	947090
44737	78840000	8.5	947090
44737	81518400	10.6	947090
44737	84196800	13.9	947090
44737	86788800	17.1	947090
44737	89467200	19.9	947090
44737	92059200	25	947090
44737	94737600	27.4	947090
44737	97416000	24.6	947090
44737	99835200	20.9	947090
44737	102513600	17.8	947090
44737	105105600	12.9	947090
44737	107784000	9.4	947090
44737	110376000	9.7	947090
44737	113054400	9.9	947090
44737	115732800	13.1	947090
44737	118324800	16.7	947090
44737	121003200	19	947090
44737	123595200	22.6	947090
44737	126273600	24.5	947090
44737	128952000	23.1	947090
44737	131371200	22.8	947090
44737	134049600	17.2	947090
44737	136641600	13.7	947090
44737	139320000	9.3	947090
44737	141912000	8.6	947090
44737	144590400	9.7	947090
44737	147268800	11	947090
44737	149860800	14.8	947090
44737	152539200	17.3	947090
44737	155131200	21.7	947090
44737	157809600	23	947090
44737	160488000	24.5	947090
44737	162907200	20.7	947090
44737	165585600	16.9	947090
44737	168177600	13.9	947090
44737	170856000	9.9	947090
44737	173448000	10.4	947090
44737	176126400	10	947090
44737	178804800	13.7	947090
44737	181396800	14.4	947090
44737	184075200	20	947090
44737	186667200	24.9	947090
44737	189345600	23	947090
44737	192024000	24.2	947090
44737	194529600	21	947090
44737	197208000	16.2	947090
44737	199800000	12	947090
44737	202478400	9.4	947090
44737	205070400	8.4	947090
44737	207748800	9.8	947090
44737	210427200	12	947090
44737	213019200	14.4	947090
44737	215697600	18	947090
44737	218289600	22.2	947090
44737	220968000	25.2	947090
44737	223646400	26.1	947090
44737	226065600	20.8	947090
44737	228744000	15.4	947090
44737	231336000	12.5	947090
44737	234014400	8.4	947090
44737	236606400	7.3	947090
44737	239284800	10.6	947090
44737	241963200	12.1	947090
44737	244555200	18.4	947090
44737	247233600	20.8	947090
44737	249825600	24.2	947090
44737	252504000	24.4	947090
44737	255182400	25.3	947090
44737	257601600	22.2	947090
44737	260280000	16.6	947090
44737	262872000	13.7	947090
44737	265550400	9.8	947090
44737	268142400	8.1	947090
44737	270820800	9	947090
44737	273499200	12.2	947090
44737	276091200	15.7	947090
44737	278769600	18.8	947090
44737	281361600	20.9	947090
44737	284040000	28.3	947090
44737	286718400	26.3	947090
44737	289137600	23	947090
44737	291816000	16.1	947090
44737	294408000	12	947090
44737	297086400	10.1	947090
44737	299678400	8.5	947090
44737	302356800	9.2	947090
44737	305035200	12.5	947090
44738	799329600	16	947150
44738	802008000	12.2	947150
44738	804600000	9.9	947150
44738	807278400	14.2	947150
44738	809956800	16.4	947150
44738	812548800	20.7	947150
44738	815227200	24.1	947150
44738	817819200	25.1	947150
44738	820497600	27	947150
44738	823176000	24.8	947150
44738	825681600	23.9	947150
44738	828360000	18	947150
44738	830952000	15.5	947150
44738	833630400	13.2	947150
44738	836222400	10.6	947150
44738	838900800	12.4	947150
44738	841579200	16	947150
44738	844171200	20	947150
44738	846849600	22.5	947150
44738	849441600	25.8	947150
44738	852120000	25.4	947150
44738	854798400	28.9	947150
44738	857217600	23.7	947150
44738	859896000	19.9	947150
44738	862488000	15.7	947150
44738	865166400	11.7	947150
44738	867758400	10.2	947150
44738	870436800	12.4	947150
44738	873115200	16.8	947150
44738	875707200	20.7	947150
44738	878385600	26.2	947150
44738	880977600	28.5	947150
44738	883656000	28.7	947150
44738	886334400	27	947150
44738	888753600	26.7	947150
44738	891432000	19.6	947150
44738	894024000	14.3	947150
44738	896702400	11.6	947150
44738	899294400	10.6	947150
44738	901972800	13.7	947150
44738	904651200	16.8	947150
44738	907243200	18	947150
44738	909921600	21.6	947150
44738	912513600	26.2	947150
44739	-612792000	7.3	947300
44739	-610113600	10.9	947300
44739	-607521600	13.3	947300
44739	-604843200	15.3	947300
44739	-602251200	18.9	947300
44739	-599572800	19.3	947300
44739	-596894400	20.8	947300
44757	425908800	4.8	959957
44757	428587200	6.6	959957
44757	431265600	9.7	959957
44757	433857600	12.1	959957
44757	436536000	13	959957
44757	439128000	17.3	959957
44757	441806400	17	959957
44757	444484800	18.5	959957
44757	446990400	14.4	959957
44757	449668800	13.4	959957
44757	452260800	9.2	959957
44757	454939200	7.8	959957
44757	457531200	4.4	959957
44757	460209600	5.8	959957
44757	462888000	7.1	959957
44757	465480000	11.4	959957
44757	468158400	15	959957
44757	470750400	15.4	959957
44757	473428800	19.3	959957
44757	476107200	18.5	959957
44757	478526400	17	959957
44757	481204800	12.7	959957
44757	483796800	9.8	959957
44757	486475200	5.1	959957
44757	489067200	5.2	959957
44757	491745600	6.2	959957
45097	1270123200	18.7	947070
45097	1272715200	13.4	947070
45097	1275393600	10.4	947070
45097	1277985600	8.8	947070
45097	1280664000	9	947070
45097	1283342400	12.3	947070
45097	1285934400	16.3	947070
45097	1288612800	20.8	947070
45097	1291204800	22.8	947070
45098	310305600	21.4	947090
45098	312897600	24.3	947090
45098	315576000	24.1	947090
45098	318254400	25.1	947090
45098	320760000	22.2	947090
45098	323438400	17.7	947090
45098	326030400	13.6	947090
45098	328708800	9	947090
45098	331300800	8.2	947090
45098	333979200	10	947090
45098	336657600	13.8	947090
45098	339249600	18.1	947090
45098	341928000	22	947090
45098	344520000	25	947090
45098	347198400	29.5	947090
45098	349876800	26.3	947090
45098	352296000	20.8	947090
45098	354974400	18	947090
45098	357566400	13.3	947090
45098	360244800	9.4	947090
45098	362836800	8.2	947090
45098	365515200	9.4	947090
45098	368193600	14	947090
45098	370785600	17.8	947090
45098	373464000	19.3	947090
45098	376056000	23	947090
45098	378734400	26.8	947090
45098	381412800	26.9	947090
45098	383832000	21.8	947090
45098	386510400	16.7	947090
45098	389102400	12.3	947090
45098	391780800	7.4	947090
45098	394372800	8	947090
45098	397051200	12.2	947090
45098	399729600	12.9	947090
45098	402321600	16.5	947090
45098	4.05e+08	23.3	947090
45098	407592000	25	947090
45098	410270400	24.8	947090
45098	412948800	28	947090
45098	415368000	24	947090
45098	418046400	15.5	947090
45098	420638400	13.8	947090
45098	423316800	9.3	947090
45098	425908800	7.6	947090
45098	428587200	9.8	947090
45098	431265600	12.7	947090
45098	433857600	16.4	947090
45098	436536000	18.3	947090
45098	439128000	23.3	947090
45098	441806400	21.8	947090
45098	444484800	23.7	947090
45098	446990400	19.5	947090
45098	449668800	17.1	947090
45098	452260800	12.7	947090
45098	454939200	10.1	947090
45098	457531200	8.5	947090
45098	460209600	10.7	947090
45098	462888000	11.8	947090
45098	465480000	16.5	947090
45098	468158400	20.6	947090
45098	470750400	21.4	947090
45098	473428800	24.6	947090
45098	476107200	24.7	947090
45098	478526400	22.6	947090
45098	481204800	17.6	947090
45098	483796800	13.4	947090
45098	486475200	8.9	947090
45098	489067200	8.4	947090
45098	491745600	9.9	947090
45098	494424000	12.2	947090
45098	497016000	16.7	947090
45098	499694400	19.9	947090
45098	502286400	21.3	947090
45098	504964800	23.2	947090
45098	507643200	24.2	947090
45098	510062400	24.1	947090
45098	512740800	18	947090
45098	515332800	13.2	947090
45098	518011200	9.1	947090
45098	520603200	8.2	947090
45098	523281600	10.1	947090
45098	525960000	12.7	947090
45098	528552000	14.6	947090
45098	531230400	19.2	947090
45098	533822400	21.1	947090
45098	536500800	23.6	947090
45098	539179200	25.1	947090
45098	541598400	19.4	947090
45098	544276800	17.9	947090
45098	546868800	13.2	947090
45098	549547200	10.4	947090
45098	552139200	8.4	947090
45098	554817600	10.9	947090
45098	557496000	13.2	947090
45098	560088000	15.8	947090
45098	562766400	20.8	947090
45098	565358400	23.3	947090
45098	568036800	27.6	947090
45098	570715200	24.1	947090
45098	573220800	21.8	947090
45098	575899200	18.8	947090
45098	578491200	14.2	947090
45098	581169600	9.8	947090
45098	583761600	10.2	947090
45098	586440000	10.5	947090
45098	589118400	13.3	947090
45098	591710400	17.3	947090
45098	594388800	19.5	947090
45098	596980800	24.1	947090
45098	599659200	22.6	947090
45098	602337600	24.6	947090
45098	604756800	22.1	947090
45098	607435200	18.1	947090
45098	610027200	14.3	947090
45098	612705600	9.5	947090
45098	615297600	8.3	947090
45098	617976000	8.7	947090
45098	620654400	11.9	947090
45098	623246400	15.7	947090
45098	625924800	20.4	947090
45098	628516800	23.7	947090
45098	631195200	26.3	947090
45098	633873600	23.7	947090
45098	636292800	23.2	947090
45098	638971200	18.1	947090
45098	641563200	13.2	947090
45098	644241600	9.2	947090
45098	646833600	9.3	947090
45098	649512000	9.6	947090
45098	652190400	12.6	947090
45098	654782400	16.3	947090
45098	657460800	20.9	947090
45098	660052800	25.2	947090
45098	662731200	26.8	947090
45098	665409600	27.5	947090
45098	667828800	21.9	947090
45098	670507200	16.6	947090
45098	673099200	13.9	947090
45098	675777600	12.2	947090
45098	678369600	8.6	947090
45098	681048000	9.4	947090
45098	683726400	12.2	947090
45098	686318400	18.1	947090
45098	688996800	19.8	947090
45098	691588800	22	947090
45098	694267200	23.1	947090
45098	696945600	22.9	947090
45098	699451200	22.7	947090
45098	702129600	17.7	947090
45098	704721600	12.9	947090
45098	707400000	9.7	947090
45098	709992000	9	947090
45098	712670400	8.9	947090
45098	715348800	11.2	947090
45098	717940800	16	947090
45098	720619200	17.4	947090
45098	723211200	21.6	947090
45098	725889600	25.8	947090
45098	728568000	24.8	947090
45098	730987200	20.5	947090
45098	733665600	18.4	947090
45098	736257600	13.1	947090
45098	738936000	9.2	947090
45098	741528000	10.4	947090
45098	744206400	11.2	947090
45098	746884800	13	947090
45098	749476800	15	947090
45098	752155200	19.6	947090
45098	754747200	21.7	947090
45098	757425600	24.7	947090
45098	760104000	25.1	947090
45098	762523200	19.2	947090
45098	765201600	16.7	947090
45098	767793600	13.1	947090
45098	770472000	11.1	947090
45098	773064000	8.8	947090
45098	775742400	9	947090
45098	778420800	12.1	947090
45098	781012800	16.8	947090
45098	783691200	20.7	947090
45098	786283200	25.6	947090
45098	788961600	24.5	947090
45098	791640000	24.3	947090
45098	794059200	20.5	947090
45098	796737600	14.2	947090
45098	799329600	13.2	947090
45098	802008000	9.7	947090
45098	804600000	7.8	947090
45098	807278400	11.5	947090
45098	809956800	13	947090
45098	812548800	17.4	947090
45098	815227200	20.1	947090
45098	817819200	21.6	947090
45098	820497600	25.1	947090
45098	823176000	21.9	947090
45098	825681600	21.3	947090
45098	828360000	15.4	947090
45098	830952000	13.7	947090
45098	833630400	10.7	947090
45098	836222400	9	947090
45098	838900800	10.1	947090
45098	841579200	12.6	947090
45098	844171200	17.3	947090
45098	846849600	18.5	947090
45098	849441600	23.1	947090
45098	852120000	24.9	947090
45098	854798400	28.1	947090
45098	857217600	21.6	947090
45098	859896000	17.4	947090
45098	862488000	13.7	947090
45098	865166400	9.1	947090
45098	867758400	8.1	947090
45098	870436800	9.3	947090
45098	873115200	13.2	947090
45098	875707200	17.2	947090
45098	878385600	22.9	947090
45098	880977600	25.4	947090
45098	883656000	26.4	947090
45098	886334400	25.4	947090
45098	888753600	23.4	947090
45098	891432000	17.1	947090
45098	894024000	13.1	947090
45098	896702400	9.6	947090
45098	899294400	7.8	947090
45098	901972800	11.4	947090
45098	904651200	14.1	947090
45098	907243200	15.6	947090
45098	909921600	19.1	947090
45098	912513600	24.7	947090
45098	915192000	28.2	947090
45098	917870400	24.5	947090
45098	920289600	21.8	947090
45098	922968000	15.8	947090
45098	925560000	13.8	947090
45098	928238400	9.9	947090
45098	930830400	9.8	947090
45098	933508800	10.5	947090
45098	936187200	15.2	947090
45098	938779200	17.5	947090
45098	941457600	17.9	947090
45098	944049600	21.8	947090
45098	946728000	22.5	947090
45098	949406400	26.2	947090
45098	951912000	23.4	947090
45098	954590400	17.4	947090
45098	957182400	12.2	947090
45098	959860800	9.2	947090
45098	962452800	8.6	947090
45098	965131200	9.9	947090
45098	967809600	14.2	947090
45098	970401600	15.9	947090
45098	973080000	21.1	947090
45098	975672000	24.6	947090
45098	978350400	28.5	947090
45098	981028800	26.4	947090
45098	983448000	21.2	947090
45098	986126400	17.8	947090
45098	988718400	12.8	947090
45098	991396800	10.1	947090
45098	993988800	9.3	947090
45098	996667200	10.2	947090
45098	999345600	14.6	947090
45098	1001937600	15.3	947090
45098	1004616000	19.9	947090
45098	1007208000	22.6	947090
45098	1009886400	25.2	947090
45098	1012564800	23.1	947090
45098	1014984000	22.2	947090
45098	1017662400	19.6	947090
45098	1020254400	13.1	947090
45098	1022932800	10.2	947090
45098	1025524800	9.3	947090
45098	1028203200	11.2	947090
45098	1030881600	14.6	947090
45098	1033473600	18	947090
45098	1036152000	23.6	947090
45098	1038744000	24.8	947090
45098	1041422400	27.6	947090
45098	1044100800	26.9	947090
45098	1046520000	21.2	947090
45098	1049198400	17.8	947090
45098	1051790400	14.3	947090
45098	1054468800	11.2	947090
45098	1057060800	9.9	947090
45098	1059739200	10.1	947090
45098	1062417600	13	947090
45098	1065009600	14.8	947090
45098	1067688000	21.4	947090
45098	1070280000	25.3	947090
45098	1072958400	25.9	947090
45098	1075636800	27.7	947090
45098	1078142400	22.4	947090
45098	1080820800	18.4	947090
45098	1083412800	12.1	947090
45098	1086091200	9.8	947090
45098	1088683200	8.4	947090
45098	1091361600	10.6	947090
45098	1094040000	13.3	947090
45098	1096632000	17.6	947090
45098	1099310400	21	947090
45098	1101902400	23.4	947090
45098	1104580800	26.6	947090
45098	1107259200	23.6	947090
45098	1109678400	21.7	947090
45098	1112356800	21	947090
45098	1114948800	14.1	947090
45098	1117627200	11.6	947090
45098	1120219200	10.2	947090
45098	1122897600	10.3	947090
45098	1125576000	12.9	947090
45098	1128168000	17.1	947090
45098	1130846400	21.4	947090
45098	1133438400	24.6	947090
45098	1136116800	29.3	947090
45098	1138795200	26.5	947090
45098	1141214400	23.7	947090
45098	1143892800	15.5	947090
45098	1146484800	11.9	947090
45098	1149163200	8.7	947090
45098	1151755200	9.6	947090
45098	1154433600	10.7	947090
45098	1157112000	14.8	947090
45098	1159704000	18.8	947090
45098	1162382400	22.6	947090
45098	1164974400	24.3	947090
45098	1167652800	26.8	947090
45098	1170331200	27.4	947090
45098	1172750400	23.7	947090
45098	1175428800	18.7	947090
45098	1178020800	15.1	947090
45098	1180699200	9.1	947090
45098	1183291200	8.7	947090
45098	1185969600	12.4	947090
45098	1188648000	14.1	947090
45098	1191240000	19.2	947090
45098	1193918400	22.9	947090
45098	1196510400	24.1	947090
45098	1199188800	27.6	947090
45098	1201867200	23.1	947090
45098	1204372800	23.2	947090
45098	1207051200	16.5	947090
45098	1209643200	13.4	947090
45098	1212321600	11.7	947090
45098	1214913600	9	947090
45098	1217592000	9	947090
45098	1220270400	14.4	947090
45098	1222862400	19.2	947090
45098	1225540800	20.8	947090
45098	1228132800	22.8	947090
45098	1230811200	27.7	947090
45098	1233489600	26.5	947090
45098	1235908800	22.6	947090
45098	1238587200	17.3	947090
45098	1241179200	14.1	947090
45098	1243857600	10.7	947090
45098	1246449600	9.5	947090
45098	1249128000	11.7	947090
45098	1251806400	14.4	947090
45098	1254398400	17.6	947090
45098	1257076800	26	947090
45098	1259668800	24.5	947090
45098	1262347200	27.6	947090
45098	1265025600	25.6	947090
45098	1267444800	22.2	947090
45098	1270123200	18.3	947090
45098	1272715200	13.4	947090
45098	1275393600	10.1	947090
45098	1277985600	8.5	947090
45098	1280664000	9	947090
45098	1283342400	12.6	947090
45098	1285934400	16.6	947090
45098	1288612800	20.4	947090
45098	1291204800	22.7	947090
45098	1293883200	27.4	947090
45098	1296561600	25.1	947090
45098	1298980800	20.4	947090
45098	1301659200	16	947090
45098	1304251200	11.2	947090
45098	1306929600	9.8	947090
45098	1309521600	9	947090
45098	1312200000	11.5	947090
45098	1314878400	13.8	947090
45098	1317470400	17.1	947090
45098	1320148800	21.6	947090
45098	1322740800	21.5	947090
45098	1325419200	24.4	947090
45098	1328097600	23	947090
45098	1330603200	19.9	947090
45098	1333281600	17.1	947090
45098	1335873600	11.7	947090
45098	1338552000	9.7	947090
45098	1341144000	8.7	947090
45098	1343822400	9.5	947090
45098	1346500800	13.2	947090
45098	1349092800	17	947090
45098	1351771200	22.2	947090
45098	1354363200	24	947090
45098	1357041600	27.6	947090
45098	1359720000	25.6	947090
45098	1362139200	22	947090
45098	1364817600	17.9	947090
45098	1367409600	12.9	947090
45098	1370088000	10.3	947090
45098	1372680000	10	947090
45098	1375358400	10.9	947090
45098	1378036800	15.3	947090
45098	1380628800	16.9	947090
45098	1383307200	20	947090
45098	1385899200	24.2	947090
45098	1388577600	26.4	947090
45098	1391256000	26.3	947090
45098	1393675200	22.2	947090
45098	1396353600	17.8	947090
45098	1398945600	14.2	947090
45098	1401624000	10.4	947090
45098	1404216000	8.8	947090
45098	1406894400	10.1	947090
45098	1409572800	13.8	947090
45098	1412164800	19.2	947090
45098	1414843200	22.9	947090
45098	1417435200	24.3	947090
45099	917870400	25.5	947150
45099	920289600	24.1	947150
45099	922968000	17	947150
45099	925560000	16.1	947150
45099	928238400	12.2	947150
45099	930830400	11.8	947150
45099	933508800	12.7	947150
45099	936187200	17.1	947150
45100	-591796800	11.2	947300
45100	-589204800	8.7	947300
45100	-586526400	7.7	947300
45100	-583934400	5.5	947300
45100	-581256000	5.8	947300
45100	-578577600	11.3	947300
45100	-575985600	11.7	947300
45100	-573307200	14.4	947300
45100	-570715200	18.1	947300
45100	-568036800	23.1	947300
45100	-565358400	20.2	947300
45100	-562852800	17.8	947300
45100	-560174400	13.2	947300
45100	-557582400	8.7	947300
45100	-554904000	7.5	947300
45100	-552312000	5.9	947300
45100	-549633600	7.7	947300
45100	-546955200	9.5	947300
45100	-544363200	12.5	947300
45100	-541684800	14.1	947300
45100	-539092800	18.3	947300
45100	-536414400	19	947300
45100	-533736000	18.1	947300
45100	-531316800	18.5	947300
45100	-528638400	14.7	947300
45100	-526046400	9.4	947300
45115	673099200	14.5	957070
45115	675777600	13.2	957070
45115	678369600	9.3	957070
45115	681048000	10.9	957070
45115	683726400	13.5	957070
45115	686318400	19.6	957070
45115	688996800	20.9	957070
45115	691588800	23	957070
45115	694267200	23.8	957070
45115	696945600	23.9	957070
45115	699451200	24	957070
45115	702129600	19	957070
45115	704721600	14	957070
45115	707400000	10.5	957070
45115	709992000	9.9	957070
45115	712670400	9.8	957070
45115	715348800	11.8	957070
45115	717940800	17.5	957070
45115	720619200	18.4	957070
45115	723211200	22.5	957070
45115	725889600	26.8	957070
45115	728568000	26.2	957070
45115	730987200	21.8	957070
45115	733665600	19.5	957070
45115	736257600	14	957070
45115	738936000	10.2	957070
45115	741528000	11.1	957070
45115	744206400	12	957070
45115	746884800	14	957070
45115	749476800	15.9	957070
45115	752155200	21.3	957070
45115	754747200	22.6	957070
45115	757425600	25.9	957070
45115	760104000	25.8	957070
45115	762523200	20.3	957070
45115	765201600	17.8	957070
45115	767793600	14	957070
45115	770472000	11.8	957070
45115	773064000	9.8	957070
45115	775742400	10	957070
45115	778420800	13.5	957070
45115	781012800	18.1	957070
45115	783691200	21.8	957070
45115	786283200	26.8	957070
45115	788961600	25.3	957070
45115	791640000	25.7	957070
45115	794059200	21.5	957070
45115	796737600	15.4	957070
45115	799329600	13.6	957070
45115	802008000	10.4	957070
45115	804600000	8.6	957070
45115	807278400	12.4	957070
45115	809956800	14.1	957070
45115	812548800	18.1	957070
45115	815227200	21.6	957070
45115	817819200	23.1	957070
45115	820497600	26.1	957070
45115	823176000	23.4	957070
45115	825681600	22.6	957070
45115	828360000	16.4	957070
45115	830952000	14.2	957070
45115	833630400	11.5	957070
45115	836222400	9.5	957070
45115	838900800	10.4	957070
45115	841579200	13.6	957070
45115	844171200	18	957070
45115	846849600	19.6	957070
45115	849441600	23.9	957070
45115	852120000	25.6	957070
45115	854798400	28.7	957070
45115	857217600	22	957070
45115	859896000	17.9	957070
45115	862488000	14.6	957070
45115	865166400	10.3	957070
45115	867758400	8.7	957070
45115	870436800	10	957070
45115	873115200	13.4	957070
45115	875707200	17.9	957070
45115	878385600	23.8	957070
45115	880977600	26.1	957070
45115	883656000	26.3	957070
45115	886334400	25.6	957070
45115	888753600	24.1	957070
45115	891432000	17.5	957070
45115	894024000	13.3	957070
45115	896702400	10.4	957070
45115	899294400	8.3	957070
45115	901972800	11.8	957070
45115	904651200	14.6	957070
45115	907243200	16.1	957070
45115	909921600	20.2	957070
45115	912513600	25.4	957070
45115	915192000	28.9	957070
45115	917870400	24.9	957070
45115	920289600	22.6	957070
45115	922968000	16.2	957070
45115	925560000	14.4	957070
45115	928238400	10.6	957070
45115	930830400	10.4	957070
45115	933508800	11	957070
45115	936187200	16	957070
45115	938779200	17.8	957070
45115	941457600	18.6	957070
45115	944049600	22.2	957070
45115	946728000	23.4	957070
45115	949406400	26.6	957070
45115	951912000	23.2	957070
45115	954590400	17.7	957070
45115	957182400	12.5	957070
45115	959860800	9.6	957070
45115	962452800	9.3	957070
45115	965131200	10	957070
45115	967809600	15.6	957070
45115	970401600	17.1	957070
45115	973080000	22.5	957070
45115	975672000	25.5	957070
45115	978350400	29.5	957070
45115	981028800	27.4	957070
45115	983448000	21.7	957070
45115	986126400	18.2	957070
45115	988718400	13.1	957070
45115	991396800	11	957070
45115	993988800	9.8	957070
45115	996667200	10.9	957070
45115	999345600	15.6	957070
45115	1001937600	16.2	957070
45115	1004616000	20.7	957070
45115	1007208000	23.2	957070
45115	1009886400	25.8	957070
45115	1012564800	24.1	957070
45115	1014984000	23	957070
45115	1017662400	20.3	957070
45115	1020254400	13.8	957070
45115	1022932800	11.1	957070
45115	1025524800	10.6	957070
45115	1028203200	12	957070
45115	1030881600	15.6	957070
45115	1033473600	18.7	957070
45115	1036152000	24.6	957070
45115	1038744000	25.6	957070
45115	1041422400	28.1	957070
45115	1044100800	27.5	957070
45115	1046520000	21.6	957070
45115	1049198400	18.8	957070
45115	1051790400	14.4	957070
45115	1054468800	11.6	957070
45115	1057060800	10.4	957070
45115	1059739200	10.4	957070
45115	1062417600	13.9	957070
45115	1065009600	15.8	957070
45115	1067688000	22.4	957070
45115	1070280000	26.5	957070
45115	1072958400	26.2	957070
45115	1075636800	28.5	957070
45115	1078142400	23.2	957070
45115	1080820800	19.1	957070
45115	1083412800	12.3	957070
45115	1086091200	10.5	957070
45115	1088683200	9.1	957070
45115	1091361600	11	957070
45115	1094040000	13.7	957070
45115	1096632000	19	957070
45115	1099310400	21.7	957070
45115	1101902400	24.1	957070
45115	1104580800	27.2	957070
45115	1107259200	24.5	957070
45115	1109678400	22.4	957070
45115	1112356800	21.7	957070
45115	1114948800	14.6	957070
45115	1117627200	12.2	957070
45115	1120219200	10.4	957070
45115	1122897600	10.5	957070
45115	1125576000	13.3	957070
45115	1128168000	17.8	957070
45115	1130846400	22.3	957070
45115	1133438400	25.5	957070
45115	1136116800	30.1	957070
45115	1138795200	27.1	957070
45115	1141214400	24	957070
45115	1143892800	15.8	957070
45115	1146484800	11.7	957070
45115	1149163200	9.1	957070
45115	1151755200	9.6	957070
45115	1154433600	10.9	957070
45115	1157112000	15.3	957070
45115	1159704000	19.5	957070
45115	1162382400	23	957070
45115	1164974400	25	957070
45115	1167652800	26.8	957070
45115	1170331200	27.4	957070
45115	1172750400	24.3	957070
45115	1175428800	18.9	957070
45117	515332800	9.8	959957
45117	518011200	5.8	959957
45117	520603200	5.2	959957
45117	523281600	6.7	959957
45448	1207051200	18.9	947030
45448	1209643200	16	947030
45448	1212321600	13.8	947030
45448	1214913600	11	947030
45449	1301659200	15.8	947070
45449	1304251200	11.8	947070
45449	1306929600	10	947070
45449	1309521600	8.8	947070
45449	1312200000	12.1	947070
45449	1314878400	14.4	947070
45449	1317470400	17.5	947070
45449	1320148800	21.9	947070
45449	1322740800	21.8	947070
45449	1325419200	24.4	947070
45449	1328097600	23.1	947070
45449	1330603200	20.7	947070
45449	1333281600	17	947070
45449	1335873600	11.7	947070
45449	1338552000	9.7	947070
45450	941457600	20.1	947150
45450	944049600	23.6	947150
45450	946728000	25.9	947150
45450	949406400	26.4	947150
45450	951912000	24.6	947150
45450	954590400	19.9	947150
45450	957182400	14.2	947150
45450	959860800	10.7	947150
45450	962452800	10.8	947150
45450	965131200	12.2	947150
45450	967809600	18.5	947150
45450	970401600	19.6	947150
45450	973080000	22.4	947150
45450	975672000	25.7	947150
45450	978350400	29.3	947150
45450	981028800	28.6	947150
45450	983448000	23.7	947150
45450	986126400	19.9	947150
45450	988718400	14	947150
45450	991396800	12.2	947150
45450	993988800	10.9	947150
45450	996667200	12	947150
45450	999345600	16.9	947150
45450	1001937600	19.2	947150
45450	1004616000	22.3	947150
45450	1007208000	26.4	947150
45450	1009886400	28.1	947150
45450	1012564800	27.1	947150
45450	1014984000	24.9	947150
45450	1017662400	21.4	947150
45450	1020254400	14.4	947150
45450	1022932800	12	947150
45450	1025524800	10.2	947150
45450	1028203200	13.6	947150
45450	1030881600	17.2	947150
45450	1033473600	21.4	947150
45450	1036152000	27.8	947150
45450	1038744000	26.5	947150
45450	1041422400	29.5	947150
45450	1044100800	27.9	947150
45450	1046520000	23.2	947150
45450	1049198400	19.2	947150
45450	1051790400	15.9	947150
45450	1054468800	12.5	947150
45450	1057060800	11	947150
45450	1059739200	12.8	947150
45450	1062417600	17.1	947150
45450	1065009600	18.7	947150
45450	1067688000	23.8	947150
45450	1070280000	28.4	947150
45450	1072958400	28.3	947150
45450	1075636800	28.4	947150
45450	1078142400	24.4	947150
45450	1080820800	20.8	947150
45450	1083412800	13.6	947150
45450	1086091200	12	947150
45450	1088683200	9.9	947150
45450	1091361600	12.9	947150
45450	1094040000	15.8	947150
45450	1096632000	21.2	947150
45450	1099310400	23.4	947150
45450	1101902400	25.5	947150
45450	1104580800	28.4	947150
45450	1107259200	27.4	947150
45450	1109678400	23.6	947150
45450	1112356800	22.9	947150
45450	1114948800	15.3	947150
45450	1117627200	13.4	947150
45450	1120219200	11.9	947150
45450	1122897600	12	947150
45450	1125576000	16.4	947150
45450	1128168000	21	947150
45450	1130846400	24.4	947150
45450	1133438400	28.4	947150
45450	1136116800	31.1	947150
45450	1138795200	30.1	947150
45450	1141214400	25.4	947150
45450	1143892800	18.4	947150
45450	1146484800	12.7	947150
45450	1149163200	10.9	947150
45450	1151755200	11	947150
45450	1154433600	12.6	947150
45450	1157112000	17.5	947150
45450	1159704000	23.4	947150
45450	1162382400	25.3	947150
45450	1164974400	26.7	947150
45450	1167652800	28.6	947150
45451	-520776000	5.5	947300
45451	-518097600	6.3	947300
45451	-515419200	9.8	947300
45466	1183291200	9.1	957070
45466	1185969600	12.9	957070
45466	1188648000	15	957070
45466	1191240000	19.8	957070
45466	1193918400	23	957070
45466	1196510400	24.6	957070
45466	1199188800	28	957070
45466	1201867200	23	957070
45466	1204372800	23.7	957070
45466	1207051200	16.8	957070
45466	1209643200	14.2	957070
45466	1212321600	12.3	957070
45466	1214913600	9.7	957070
45466	1217592000	9.7	957070
45466	1220270400	15.3	957070
45466	1222862400	20	957070
45466	1225540800	21.4	957070
45466	1228132800	23.7	957070
45466	1230811200	28.2	957070
45466	1233489600	26.7	957070
45466	1235908800	23.1	957070
45466	1238587200	17.9	957070
45466	1241179200	14.5	957070
45466	1243857600	11	957070
45466	1246449600	10	957070
45466	1249128000	12.8	957070
45466	1251806400	15.1	957070
45466	1254398400	18.2	957070
45466	1257076800	26.4	957070
45469	654782400	12.5	959957
45469	657460800	16.4	959957
45782	1220270400	18.4	947030
45782	1222862400	23.4	947030
45783	1343822400	9.5	947070
45783	1346500800	12.8	947070
45783	1349092800	17.1	947070
45783	1351771200	22.7	947070
45784	1172750400	25.7	947150
45784	1175428800	20.5	947150
45784	1178020800	17.1	947150
45784	1180699200	10.1	947150
45784	1183291200	10	947150
45784	1185969600	14.4	947150
45784	1188648000	17.2	947150
45784	1191240000	22.1	947150
45784	1193918400	23.9	947150
45784	1196510400	25	947150
45784	1199188800	26.6	947150
45784	1201867200	23.9	947150
45784	1204372800	23	947150
45784	1207051200	17.5	947150
45784	1209643200	14.9	947150
45784	1212321600	13.5	947150
45784	1214913600	10.9	947150
45784	1217592000	10.9	947150
45784	1220270400	16.8	947150
45784	1222862400	21.2	947150
45784	1225540800	23.2	947150
45784	1228132800	26.2	947150
45784	1230811200	28.8	947150
45784	1233489600	27.2	947150
45784	1235908800	23.7	947150
45784	1238587200	19.5	947150
45784	1241179200	14.8	947150
45784	1243857600	13.2	947150
45784	1246449600	11.7	947150
45784	1249128000	14.5	947150
45784	1251806400	16.6	947150
45784	1254398400	20.2	947150
45784	1257076800	28.2	947150
45784	1259668800	26.9	947150
45784	1262347200	27.1	947150
45784	1265025600	26.7	947150
45784	1267444800	23.3	947150
45784	1270123200	19.8	947150
45784	1272715200	14.5	947150
45784	1275393600	11.5	947150
45784	1277985600	11.7	947150
45784	1280664000	11.5	947150
45784	1283342400	15.8	947150
45784	1285934400	18.5	947150
45784	1288612800	21.9	947150
45784	1291204800	24.1	947150
45784	1293883200	28.2	947150
45784	1296561600	28.6	947150
45784	1298980800	25	947150
45784	1301659200	19.2	947150
45784	1304251200	13.5	947150
45784	1306929600	11.8	947150
45784	1309521600	10.3	947150
45784	1312200000	14.1	947150
45784	1314878400	16.5	947150
45784	1317470400	19.7	947150
45784	1320148800	25	947150
45784	1322740800	23.1	947150
45784	1325419200	25.4	947150
45784	1328097600	24.6	947150
45784	1330603200	22.9	947150
45784	1333281600	18.9	947150
45784	1335873600	13.3	947150
45784	1338552000	11.6	947150
45784	1341144000	11.2	947150
45784	1343822400	11.7	947150
45784	1346500800	15.8	947150
45784	1349092800	19.6	947150
45784	1351771200	25.2	947150
45784	1354363200	28.5	947150
45784	1357041600	30.8	947150
45784	1359720000	26.7	947150
45784	1362139200	24.3	947150
45784	1364817600	18.9	947150
45784	1367409600	15.2	947150
45784	1370088000	12.6	947150
45784	1372680000	12.7	947150
45784	1375358400	13.8	947150
45784	1378036800	19.2	947150
45784	1380628800	21.1	947150
45784	1383307200	23.8	947150
45784	1385899200	26.8	947150
45785	-510148800	14.9	947300
45785	-507556800	20	947300
45795	378734400	29.5	955120
45795	381412800	30	955120
45795	383832000	24.6	955120
45795	386510400	20.7	955120
45795	389102400	15.9	955120
45795	391780800	10.8	955120
45795	394372800	11	955120
45798	1265025600	25.4	957070
45798	1267444800	22.3	957070
45798	1270123200	19	957070
45798	1272715200	14	957070
45801	681048000	5.9	959957
45801	683726400	8	959957
46071	1230811200	30.4	947030
46071	1233489600	28.1	947030
46071	1235908800	25.3	947030
46071	1238587200	20.3	947030
46071	1241179200	15.5	947030
46071	1243857600	13	947030
46071	1246449600	11.6	947030
46071	1249128000	14.9	947030
46071	1251806400	17.3	947030
46071	1254398400	20.6	947030
46071	1257076800	28.9	947030
46071	1259668800	28	947030
46071	1262347200	29.2	947030
46071	1265025600	26.6	947030
46071	1267444800	24.1	947030
46071	1270123200	20.7	947030
46071	1272715200	15.2	947030
46072	1357041600	29	947070
46072	1359720000	26	947070
46072	1362139200	22.6	947070
46072	1364817600	17.7	947070
46072	1367409600	13.3	947070
46072	1370088000	10.7	947070
46072	1372680000	10.2	947070
46082	399729600	17.2	955120
46082	402321600	20.4	955120
46082	4.05e+08	27	955120
46082	407592000	29	955120
46082	410270400	29.2	955120
46082	412948800	30.4	955120
46082	415368000	26	955120
46082	418046400	18.1	955120
46082	420638400	16	955120
46082	423316800	11.4	955120
46082	425908800	10.6	955120
46082	428587200	12.8	955120
46082	431265600	19.1	955120
46082	433857600	21.6	955120
46082	436536000	22.7	955120
46082	439128000	26.1	955120
46082	441806400	26.2	955120
46082	444484800	26.1	955120
46082	446990400	23.3	955120
46085	1277985600	9.3	957070
46085	1280664000	9.4	957070
46085	1283342400	12.6	957070
46085	1285934400	16.8	957070
46085	1288612800	20.3	957070
46085	1291204800	22.6	957070
46085	1293883200	26.7	957070
46085	1296561600	25.3	957070
46085	1298980800	21.5	957070
46085	1301659200	16.3	957070
46085	1304251200	11.9	957070
46085	1306929600	10.4	957070
46085	1309521600	9.9	957070
46085	1312200000	12.5	957070
46085	1314878400	14.5	957070
46085	1317470400	17.9	957070
46345	1280664000	11.8	947030
46345	1283342400	16.6	947030
46345	1285934400	19.7	947030
46345	1288612800	22.5	947030
46345	1291204800	24.2	947030
46345	1293883200	29	947030
46345	1296561600	28.5	947030
46346	1378036800	15.4	947070
46346	1380628800	17.3	947070
46346	1383307200	20.7	947070
46347	-494510400	8.3	947300
46347	-491832000	6.8	947300
46347	-489240000	6.2	947300
46347	-486561600	7.8	947300
46347	-483883200	9.2	947300
46347	-481291200	13	947300
46347	-478612800	16.1	947300
46347	-476020800	18.7	947300
46347	-473342400	20.8	947300
46347	-470664000	19.6	947300
46347	-468244800	19.2	947300
46347	-465566400	14	947300
46347	-462974400	9.1	947300
46347	-460296000	6.7	947300
46347	-457704000	5.3	947300
46347	-455025600	6.8	947300
46347	-452347200	9.7	947300
46347	-449755200	12.5	947300
46347	-447076800	13.9	947300
46347	-444484800	16.6	947300
46347	-441806400	18.9	947300
46347	-439128000	19.8	947300
46347	-436622400	18.7	947300
46347	-433944000	13	947300
46347	-431352000	9.4	947300
46347	-428673600	6.5	947300
46347	-426081600	5.6	947300
46347	-423403200	6	947300
46347	-420724800	8	947300
46347	-418132800	11	947300
46347	-415454400	13	947300
46347	-412862400	17.8	947300
46347	-410184000	21	947300
46347	-407505600	20.3	947300
46347	-405086400	17.8	947300
46347	-402408000	13.6	947300
46347	-399816000	8	947300
46347	-397137600	7.8	947300
46347	-394545600	5	947300
46347	-391867200	8.2	947300
46347	-389188800	9.2	947300
46347	-386596800	13.5	947300
46356	452260800	15.5	955120
46356	454939200	13	955120
46356	457531200	10.7	955120
46356	460209600	13.4	955120
46356	462888000	14.6	955120
46356	465480000	20.2	955120
46356	468158400	24.7	955120
46360	694267200	19	959957
46360	696945600	17.6	959957
46360	699451200	16.9	959957
46360	702129600	13.2	959957
46360	704721600	9.4	959957
46360	707400000	6.3	959957
46360	709992000	5.9	959957
46360	712670400	5.6	959957
46360	715348800	8	959957
46360	717940800	11.4	959957
46602	1306929600	11.8	947030
46602	1309521600	11	947030
46602	1312200000	15	947030
46602	1314878400	17.3	947030
46602	1317470400	21.6	947030
46602	1320148800	25.2	947030
46602	1322740800	24.4	947030
46602	1325419200	27.2	947030
46603	1388577600	26.8	947070
46603	1391256000	27.2	947070
46603	1393675200	22.4	947070
46603	1396353600	17.9	947070
46603	1398945600	14.5	947070
46603	1401624000	10.6	947070
46604	-381326400	21.2	947300
46604	-378648000	20.8	947300
46604	-375969600	20.1	947300
46604	-373550400	18.1	947300
46611	473428800	29.1	955120
46611	476107200	28	955120
46611	478526400	26.1	955120
46836	1330603200	23.6	947030
46836	1333281600	19.7	947030
46836	1335873600	13.9	947030
46836	1338552000	11.6	947030
46836	1341144000	11	947030
46836	1343822400	11.9	947030
46836	1346500800	16.7	947030
46836	1349092800	20.8	947030
46836	1351771200	26.2	947030
46836	1354363200	29.2	947030
46836	1357041600	31.8	947030
46836	1359720000	28.1	947030
46836	1362139200	25.5	947030
46836	1364817600	19.9	947030
46836	1367409600	15.9	947030
46836	1370088000	12.8	947030
46836	1372680000	13.1	947030
46836	1375358400	14.1	947030
46836	1378036800	20	947030
46836	1380628800	22.3	947030
46836	1383307200	24.8	947030
46836	1385899200	28	947030
46837	1406894400	9.7	947070
46837	1409572800	13.2	947070
46844	483796800	17.3	955120
46844	486475200	11.4	955120
46844	489067200	12.3	955120
46844	491745600	13.4	955120
47058	-360331200	8.6	947300
47058	-357652800	8.3	947300
47058	-355060800	12.3	947300
47058	-352382400	17	947300
47066	497016000	20.4	955120
47066	499694400	23.4	955120
47279	504964800	27.8	955120
47279	507643200	28.7	955120
47468	1425211200	22.5	947070
47468	1427889600	17	947070
47468	1430481600	13.4	947070
47469	-342014400	18.2	947300
47469	-339336000	13.3	947300
47469	-336744000	7.8	947300
47469	-334065600	7.1	947300
47469	-331473600	6.1	947300
47469	-328795200	7.6	947300
47469	-326116800	9.3	947300
47475	512740800	21.5	955120
47475	515332800	17.5	955120
47475	518011200	11.9	955120
47475	520603200	12.1	955120
47475	523281600	12.8	955120
47638	-318254400	17.1	947300
47638	-315576000	22	947300
47638	-312897600	19.3	947300
47638	-310392000	17.4	947300
47644	654782400	20.8	955120
47644	657460800	26.1	955120
47644	660052800	29.6	955120
47644	662731200	28.7	955120
47644	665409600	29.7	955120
47644	667828800	25.5	955120
47644	670507200	21.7	955120
47644	673099200	17.1	955120
47644	675777600	15.4	955120
47644	678369600	11.5	955120
47644	681048000	13.8	955120
47644	683726400	17.8	955120
47817	688996800	25.7	955120
47817	691588800	26.1	955120
47817	694267200	28.1	955120
47817	696945600	26.9	955120
47817	699451200	26	955120
47817	702129600	21.8	955120
47817	704721600	16	955120
47817	707400000	12.1	955120
47817	709992000	11.8	955120
47817	712670400	12.8	955120
47817	715348800	15.7	955120
47817	717940800	21.1	955120
47817	720619200	22.4	955120
47817	723211200	25.5	955120
47817	725889600	30.1	955120
47817	728568000	28.8	955120
47817	730987200	24.7	955120
47817	733665600	21.9	955120
47817	736257600	16.9	955120
47817	738936000	11.8	955120
47817	741528000	12.9	955120
47817	744206400	13.8	955120
47817	746884800	16	955120
47817	749476800	19.5	955120
47817	752155200	24.8	955120
47817	754747200	25.8	955120
47817	757425600	28.9	955120
47817	760104000	27	955120
47817	762523200	22.5	955120
47817	765201600	20.2	955120
47817	767793600	15.5	955120
47817	770472000	12.8	955120
47817	773064000	11.5	955120
47817	775742400	12	955120
47817	778420800	15.6	955120
47817	781012800	20.8	955120
47817	783691200	24.1	955120
47817	786283200	28.6	955120
47817	788961600	26.3	955120
47817	791640000	25.9	955120
47817	794059200	23.7	955120
47817	796737600	17.7	955120
47817	799329600	15.8	955120
47817	802008000	12.6	955120
47817	804600000	10.6	955120
47817	807278400	15.5	955120
47817	809956800	16.9	955120
47817	812548800	21	955120
47817	815227200	24.8	955120
47817	817819200	26.2	955120
47817	820497600	28	955120
47817	823176000	26.1	955120
47817	825681600	24.5	955120
47817	828360000	18.6	955120
47817	830952000	16.2	955120
47817	833630400	13.6	955120
47817	836222400	11	955120
47817	838900800	12.8	955120
47817	841579200	16.2	955120
47817	844171200	20.9	955120
47817	846849600	23.2	955120
47817	849441600	26.9	955120
47817	852120000	26.6	955120
47817	854798400	29.1	955120
47817	857217600	23.9	955120
47817	859896000	20.4	955120
47817	862488000	16.2	955120
47817	865166400	12.3	955120
47817	867758400	10.9	955120
47817	870436800	12.6	955120
47817	873115200	17.5	955120
47817	875707200	21.2	955120
47817	878385600	26.2	955120
47817	880977600	28.6	955120
47817	883656000	28.9	955120
47817	886334400	28.1	955120
47817	888753600	26.9	955120
47817	891432000	19.7	955120
47817	894024000	14.8	955120
47817	896702400	12	955120
47817	899294400	10.5	955120
47817	901972800	13.9	955120
47817	904651200	17.4	955120
47817	907243200	19.8	955120
47817	909921600	22.8	955120
47817	912513600	26.6	955120
47817	915192000	29.6	955120
47817	917870400	26	955120
47817	920289600	24.1	955120
47817	922968000	17.8	955120
47817	925560000	16.5	955120
47817	928238400	12.8	955120
47817	930830400	12.4	955120
47817	933508800	13.5	955120
47817	936187200	18	955120
47817	938779200	22.1	955120
47817	941457600	21	955120
47817	944049600	23.7	955120
47817	946728000	25.8	955120
47817	949406400	26.7	955120
47817	951912000	25.1	955120
47817	954590400	20.1	955120
47817	957182400	14.9	955120
47817	959860800	11.5	955120
47817	962452800	11.6	955120
47817	965131200	12.9	955120
47817	967809600	19.3	955120
47817	970401600	20.1	955120
47817	973080000	23.6	955120
47817	975672000	27.5	955120
47817	978350400	30.1	955120
47817	981028800	29	955120
47817	983448000	24.2	955120
47817	986126400	21	955120
47817	988718400	14.7	955120
47817	991396800	13.3	955120
47817	993988800	11.5	955120
47817	996667200	12.7	955120
47817	999345600	18.3	955120
47817	1001937600	19.4	955120
47817	1004616000	23	955120
47817	1007208000	27	955120
47817	1009886400	28.7	955120
47817	1012564800	27.2	955120
47817	1014984000	26	955120
47817	1017662400	22.5	955120
47817	1020254400	15.5	955120
47817	1022932800	12.6	955120
47817	1025524800	11.3	955120
47817	1028203200	13.9	955120
47817	1030881600	18.1	955120
47817	1033473600	21.9	955120
47817	1036152000	28.8	955120
47817	1038744000	27.7	955120
47817	1041422400	30.6	955120
47817	1044100800	28.7	955120
47817	1046520000	24.3	955120
47817	1049198400	20.6	955120
47817	1051790400	16.4	955120
47817	1054468800	13	955120
47817	1057060800	11.9	955120
47817	1059739200	13.4	955120
47817	1062417600	17.7	955120
47817	1065009600	19.5	955120
47817	1067688000	25.3	955120
47817	1070280000	29.4	955120
47817	1072958400	29.5	955120
47817	1075636800	29.9	955120
47817	1078142400	25.6	955120
47817	1080820800	21.9	955120
47817	1083412800	14.3	955120
47817	1086091200	12.4	955120
47817	1088683200	10.9	955120
47817	1091361600	13.5	955120
47817	1094040000	16.9	955120
47817	1096632000	21.9	955120
47817	1099310400	23.6	955120
47817	1101902400	27	955120
47817	1104580800	29.4	955120
47817	1107259200	28.2	955120
47817	1109678400	24.6	955120
47817	1112356800	24	955120
47817	1114948800	16.3	955120
47817	1117627200	13.9	955120
47817	1120219200	12.6	955120
47817	1122897600	13.3	955120
47817	1125576000	17.4	955120
47817	1128168000	22.3	955120
47817	1130846400	25.5	955120
47817	1133438400	29.2	955120
47817	1136116800	31.4	955120
47817	1138795200	30.7	955120
47817	1141214400	26.4	955120
47817	1143892800	19	955120
47817	1146484800	13.6	955120
47817	1149163200	11.1	955120
47817	1151755200	11.6	955120
47817	1154433600	13.4	955120
47817	1157112000	18.1	955120
47817	1159704000	23.2	955120
47817	1162382400	25.8	955120
47817	1164974400	26.9	955120
47817	1167652800	28	955120
47817	1170331200	29.3	955120
47817	1172750400	26.7	955120
47817	1175428800	21	955120
47817	1178020800	17.7	955120
47817	1180699200	10.1	955120
47817	1183291200	10.6	955120
47817	1185969600	14.7	955120
47817	1188648000	17.8	955120
47817	1191240000	21.9	955120
47817	1193918400	24.1	955120
47817	1196510400	25.4	955120
47817	1199188800	26.6	955120
47817	1201867200	23.8	955120
47817	1204372800	23.1	955120
47817	1207051200	17.5	955120
47817	1209643200	15.5	955120
47817	1212321600	13.9	955120
47817	1214913600	10.9	955120
47817	1217592000	11.4	955120
47817	1220270400	17.7	955120
47817	1222862400	22.5	955120
47817	1225540800	23.9	955120
47817	1228132800	27	955120
47817	1230811200	29.4	955120
47817	1233489600	27.5	955120
47817	1235908800	25.1	955120
47817	1238587200	20.4	955120
47817	1241179200	15.5	955120
47817	1243857600	13	955120
47817	1246449600	11.7	955120
47817	1249128000	15.1	955120
47817	1251806400	17.4	955120
47817	1254398400	20.2	955120
47817	1257076800	28.3	955120
47817	1259668800	27.1	955120
47817	1262347200	28	955120
47817	1265025600	26.5	955120
47817	1267444800	23.9	955120
47817	1270123200	19.9	955120
47817	1272715200	15.3	955120
47817	1275393600	11.6	955120
47817	1277985600	11.7	955120
47817	1280664000	11.8	955120
47817	1283342400	16.9	955120
47817	1285934400	19.5	955120
47817	1288612800	22.7	955120
47817	1291204800	24.2	955120
47817	1293883200	29.1	955120
47817	1296561600	28.7	955120
47817	1298980800	25	955120
47817	1301659200	19.3	955120
47817	1304251200	14.3	955120
47817	1306929600	12.3	955120
47817	1309521600	11.4	955120
47966	-299851200	6.4	947300
47966	-297172800	5.9	947300
47970	1317470400	20.9	955120
47970	1320148800	24.8	955120
47970	1322740800	23.2	955120
48380	-270907200	7.1	947300
48380	-268315200	5.7	947300
48826	-242049600	8.4	947300
48826	-239371200	6.9	947300
48826	-236779200	6.4	947300
48917	-231422400	9.6	947300
48917	-228830400	11.4	947300
48917	-226152000	15.9	947300
49132	-210513600	11.3	947300
49132	-207835200	7.2	947300
49206	-199886400	9.4	947300
49206	-197294400	13.6	947300
49206	-194616000	14.8	947300
49206	-192024000	17.5	947300
49267	-186667200	18.6	947300
49267	-184161600	17.7	947300
49321	-176212800	7.3	947300
49321	-173620800	5.6	947300
49321	-170942400	6.8	947300
49321	-168264000	9.9	947300
49321	-165672000	10.5	947300
49321	-162993600	15.5	947300
49321	-160401600	15.8	947300
49321	-157723200	18.9	947300
49321	-155044800	21.1	947300
49321	-152625600	18.2	947300
49373	-144676800	5.6	947300
49373	-142084800	5	947300
49373	-139406400	7.6	947300
49373	-136728000	12.1	947300
49373	-134136000	14.3	947300
49460	-115819200	7.9	947300
49460	-113140800	6	947300
49460	-110548800	4.3	947300
49460	-107870400	6.4	947300
49460	-105192000	8.8	947300
49460	-102600000	12	947300
49460	-99921600	15	947300
49460	-97329600	17.3	947300
49460	-94651200	20.2	947300
49460	-91972800	19.2	947300
49460	-89553600	15.6	947300
49460	-86875200	13.5	947300
49460	-84283200	9	947300
49510	-79012800	5.4	947300
49510	-76334400	6.7	947300
49510	-73656000	9.2	947300
49510	-71064000	14.6	947300
49510	-68385600	16.6	947300
49510	-65793600	17.4	947300
49510	-63115200	21	947300
49510	-60436800	21.5	947300
49510	-57931200	19.2	947300
49510	-55252800	14.5	947300
49510	-52660800	8.6	947300
49510	-49982400	5.9	947300
49510	-47390400	4.8	947300
49510	-44712000	6.5	947300
49510	-42033600	8.1	947300
49510	-39441600	11.9	947300
49510	-36763200	15.7	947300
49510	-34171200	17.4	947300
49510	-31492800	22.1	947300
49510	-28814400	20.8	947300
49510	-26395200	18.2	947300
49510	-23716800	12.4	947300
49510	-21124800	9.1	947300
49545	-15854400	5.8	947300
49545	-13176000	8.3	947300
49545	-10497600	7.6	947300
49545	-7905600	13.1	947300
49545	-5227200	14.5	947300
49545	-2635200	17.2	947300
49545	43200	19.3	947300
49545	2721600	20	947300
49545	5140800	15.7	947300
49545	7819200	13.1	947300
49545	10411200	7.6	947300
49545	13089600	6.4	947300
49545	15681600	4.7	947300
49545	18360000	6.1	947300
49545	21038400	7.7	947300
49545	23630400	13	947300
49545	26308800	14.9	947300
49545	28900800	18.2	947300
49545	31579200	19.5	947300
49545	34257600	19.2	947300
49545	36676800	18.7	947300
49545	39355200	13.3	947300
49545	41947200	8.9	947300
49545	44625600	5.8	947300
49545	47217600	4.6	947300
49545	49896000	6.6	947300
49545	52574400	9.7	947300
49545	55166400	11.6	947300
49545	57844800	13.8	947300
49545	60436800	18.1	947300
49545	63115200	18.1	947300
49545	65793600	17.8	947300
49545	68299200	15.7	947300
49545	70977600	12	947300
49545	73569600	9.9	947300
49545	76248000	6.3	947300
49545	78840000	5.5	947300
49545	81518400	8	947300
49545	84196800	10.9	947300
49545	86788800	13.5	947300
49578	97416000	19.8	947300
49578	99835200	17.3	947300
49578	102513600	13.7	947300
49578	105105600	9.5	947300
49578	107784000	7.4	947300
49578	110376000	7.7	947300
49578	113054400	7	947300
49578	115732800	10.7	947300
49578	118324800	13.7	947300
49578	121003200	15.4	947300
49578	123595200	18.6	947300
49578	126273600	20.2	947300
49578	128952000	19	947300
49578	131371200	18	947300
49578	134049600	14.9	947300
49578	136641600	10.4	947300
49578	139320000	6.3	947300
49578	141912000	5.7	947300
49578	144590400	6.6	947300
49578	147268800	8.2	947300
49578	149860800	12.1	947300
49578	152539200	13.7	947300
49578	155131200	17.7	947300
49578	157809600	19.6	947300
49578	160488000	19	947300
49578	162907200	16.2	947300
49578	165585600	12.2	947300
49578	168177600	9.8	947300
49578	170856000	7.1	947300
49578	173448000	6.5	947300
49578	176126400	7	947300
49609	181396800	12	947300
49609	184075200	15.6	947300
49609	186667200	20.3	947300
49609	189345600	19.6	947300
49643	194529600	16.9	947300
49643	197208000	12	947300
49643	199800000	8.3	947300
49643	202478400	7	947300
49643	205070400	5.8	947300
49643	207748800	6.3	947300
49643	210427200	8.3	947300
49643	213019200	11.1	947300
49643	215697600	14.5	947300
49643	218289600	18.4	947300
49643	220968000	20.8	947300
49643	223646400	21.6	947300
49643	226065600	17.5	947300
49643	228744000	12.4	947300
49643	231336000	9.4	947300
49643	234014400	6.1	947300
49643	236606400	4.6	947300
49643	239284800	6.8	947300
49643	241963200	9	947300
49643	244555200	14	947300
49643	247233600	17.5	947300
49643	249825600	20.6	947300
49643	252504000	21	947300
49643	255182400	20.3	947300
49643	257601600	18.4	947300
49643	260280000	11.8	947300
49643	262872000	10	947300
49643	265550400	7.2	947300
49643	268142400	5.1	947300
49643	270820800	6	947300
49643	273499200	9.3	947300
49643	276091200	12.1	947300
49643	278769600	14.7	947300
49643	281361600	16.6	947300
49643	284040000	22.7	947300
49643	286718400	21.3	947300
49643	289137600	17.5	947300
49643	291816000	12.9	947300
49643	294408000	8.8	947300
49643	297086400	7.1	947300
49643	299678400	5	947300
49643	302356800	6.6	947300
49643	305035200	9.4	947300
49643	307627200	12.9	947300
49643	310305600	17.1	947300
49643	312897600	21	947300
49643	315576000	20	947300
49643	318254400	20.7	947300
49643	320760000	18.4	947300
49643	323438400	14.1	947300
49643	326030400	11.2	947300
49643	328708800	7.2	947300
49643	331300800	5.8	947300
49643	333979200	6.9	947300
49643	336657600	10.3	947300
49643	339249600	15	947300
49643	341928000	18	947300
49643	344520000	20.5	947300
49643	347198400	24.3	947300
49676	352296000	17.9	947300
49676	354974400	14.9	947300
49676	357566400	10.4	947300
49676	360244800	6.6	947300
49676	362836800	5.9	947300
49676	365515200	6.7	947300
49676	368193600	10.7	947300
49676	370785600	13.8	947300
49676	373464000	14.5	947300
49676	376056000	19.1	947300
49676	378734400	21.8	947300
49676	381412800	21.2	947300
49676	383832000	18	947300
49676	386510400	13.6	947300
49676	389102400	9	947300
49676	391780800	5.9	947300
49676	394372800	4.6	947300
49676	397051200	8.5	947300
49703	402321600	13.1	947300
49703	4.05e+08	19	947300
49703	407592000	21	947300
49703	410270400	21.7	947300
49703	412948800	23.1	947300
49703	415368000	20.2	947300
49703	418046400	13.1	947300
49703	420638400	11	947300
49703	423316800	7	947300
49703	425908800	5.3	947300
49703	428587200	7.4	947300
49703	431265600	9.9	947300
49703	433857600	13.2	947300
49703	436536000	14.3	947300
49703	439128000	18.1	947300
49703	441806400	17.9	947300
49703	444484800	19.2	947300
49703	446990400	15.4	947300
49703	449668800	12.8	947300
49703	452260800	8.7	947300
49703	454939200	6.4	947300
49703	457531200	5.3	947300
49703	460209600	7.2	947300
49703	462888000	8.3	947300
49703	465480000	12.5	947300
49703	468158400	16.2	947300
49703	470750400	17.1	947300
49703	473428800	20.6	947300
49703	476107200	19.7	947300
49703	478526400	18.5	947300
49703	481204800	13.7	947300
49703	483796800	9.9	947300
49703	486475200	5.5	947300
49703	489067200	5.4	947300
49703	491745600	7	947300
49703	494424000	9.1	947300
49703	497016000	12.6	947300
49703	499694400	15.3	947300
49703	502286400	17.4	947300
49703	504964800	18.5	947300
49703	507643200	19.8	947300
49703	510062400	19.3	947300
49703	512740800	14.1	947300
49703	515332800	10	947300
49703	518011200	5.8	947300
49703	520603200	5.6	947300
49703	523281600	6.9	947300
49703	525960000	9.8	947300
49703	528552000	10.5	947300
49703	531230400	15	947300
49703	533822400	16.7	947300
49703	536500800	20.8	947300
49703	539179200	20.7	947300
49703	541598400	15.3	947300
49703	544276800	13.1	947300
49703	546868800	9.6	947300
49703	549547200	7.7	947300
49703	552139200	4.8	947300
49703	554817600	8.7	947300
49703	557496000	9.5	947300
49703	560088000	11.9	947300
49703	562766400	15.3	947300
49703	565358400	18.3	947300
49703	568036800	21.4	947300
49703	570715200	18.4	947300
49703	573220800	16.8	947300
49703	575899200	14.3	947300
49703	578491200	10.1	947300
49703	581169600	7	947300
49703	583761600	7.2	947300
49703	586440000	7.3	947300
49703	589118400	10.3	947300
49703	591710400	13.2	947300
49703	594388800	15.7	947300
49703	596980800	20.1	947300
49703	599659200	18.4	947300
49703	602337600	19.2	947300
49703	604756800	18.5	947300
49703	607435200	15	947300
49703	610027200	11.8	947300
49703	612705600	7.5	947300
49703	615297600	5.4	947300
49703	617976000	5.8	947300
49703	620654400	8.5	947300
49703	623246400	12	947300
49703	625924800	15.8	947300
49703	628516800	18.8	947300
49703	631195200	21.5	947300
49703	633873600	19.1	947300
49703	636292800	18	947300
49703	638971200	14.5	947300
49703	641563200	10.4	947300
49703	644241600	6.2	947300
49703	646833600	6.3	947300
49703	649512000	6.8	947300
49703	652190400	9.5	947300
49703	654782400	12.8	947300
49703	657460800	16.1	947300
49703	660052800	21.6	947300
49703	662731200	22.2	947300
49703	665409600	23.2	947300
49703	667828800	18.1	947300
49703	670507200	13.3	947300
49703	673099200	10.6	947300
49703	675777600	9.7	947300
49703	678369600	6.4	947300
49703	681048000	6.3	947300
49703	683726400	9	947300
49703	686318400	13.5	947300
49703	688996800	15.8	947300
49703	691588800	17.7	947300
49703	694267200	19.4	947300
49703	696945600	18.4	947300
49703	699451200	17.6	947300
49703	702129600	13.4	947300
49703	704721600	9.4	947300
49703	707400000	6.2	947300
49703	709992000	6.3	947300
49703	712670400	6.2	947300
49703	715348800	8.2	947300
49703	717940800	12.4	947300
49703	720619200	13.6	947300
49703	723211200	17.1	947300
49703	725889600	21.6	947300
49703	728568000	20.1	947300
49703	730987200	16.2	947300
49703	733665600	13.8	947300
49703	736257600	9.4	947300
49703	738936000	6.3	947300
49703	741528000	8	947300
49703	744206400	7.8	947300
49703	746884800	9.7	947300
49703	749476800	12.2	947300
49703	752155200	15.2	947300
49703	754747200	17.7	947300
49703	757425600	20.8	947300
49703	760104000	20.6	947300
49703	762523200	15.4	947300
49703	765201600	12.9	947300
49703	767793600	9	947300
49703	770472000	7.4	947300
49703	773064000	5.6	947300
49703	775742400	6	947300
49703	778420800	8.6	947300
49703	781012800	12.7	947300
49703	783691200	16.7	947300
49703	786283200	20.9	947300
49703	788961600	19.5	947300
49703	791640000	19.3	947300
49703	794059200	16.8	947300
49703	796737600	11.4	947300
49703	799329600	11.3	947300
49703	802008000	7.5	947300
49703	804600000	5.4	947300
49703	807278400	8.7	947300
49703	809956800	10	947300
49703	812548800	13.6	947300
49703	815227200	16.9	947300
49703	817819200	17.6	947300
49703	820497600	20.4	947300
49703	823176000	17.9	947300
49703	825681600	16.9	947300
49703	828360000	12	947300
49703	830952000	11.4	947300
49703	833630400	7.8	947300
49703	836222400	6.7	947300
49703	838900800	7.4	947300
49703	841579200	9.8	947300
49703	844171200	13.2	947300
49703	846849600	14	947300
49703	849441600	18	947300
49703	852120000	19.3	947300
49703	854798400	22.2	947300
49703	857217600	17.5	947300
49703	859896000	13.6	947300
49703	862488000	11	947300
49703	865166400	6.6	947300
49703	867758400	5.5	947300
49703	870436800	6.3	947300
49703	873115200	10.5	947300
49703	875707200	13.3	947300
49703	878385600	19	947300
49703	880977600	21.1	947300
49703	883656000	21.7	947300
49703	886334400	20.9	947300
49703	888753600	19.4	947300
49703	891432000	14.9	947300
49703	894024000	10.5	947300
49703	896702400	7.2	947300
49703	899294400	6.2	947300
49703	901972800	9	947300
49703	904651200	11.2	947300
49703	907243200	11.7	947300
49703	909921600	14.1	947300
49703	912513600	19.1	947300
49703	915192000	22.6	947300
49703	917870400	19.6	947300
49703	920289600	18	947300
49703	922968000	12.1	947300
49703	925560000	10.2	947300
49703	928238400	7.8	947300
49703	930830400	7.2	947300
49703	933508800	7.7	947300
49703	936187200	11.3	947300
49703	938779200	13.8	947300
49703	941457600	13.4	947300
49703	944049600	17.6	947300
49703	946728000	17.9	947300
49703	949406400	21.1	947300
49703	951912000	19.2	947300
49703	954590400	13.3	947300
49703	957182400	8.9	947300
49703	959860800	6.2	947300
49703	962452800	6.1	947300
49703	965131200	7	947300
49703	967809600	10.9	947300
49703	970401600	12.1	947300
49703	973080000	16.5	947300
49703	975672000	19.7	947300
49703	978350400	23.1	947300
49703	981028800	22.3	947300
49703	983448000	17.2	947300
49703	986126400	14	947300
49703	988718400	9.1	947300
49703	991396800	7.3	947300
49703	993988800	6.9	947300
49703	996667200	6.8	947300
49703	999345600	11.1	947300
49703	1001937600	11.6	947300
49703	1004616000	15.3	947300
49703	1007208000	18.7	947300
49703	1009886400	20.5	947300
49703	1012564800	19.2	947300
49703	1014984000	17.4	947300
49703	1017662400	15	947300
49703	1020254400	9.4	947300
49703	1022932800	6.7	947300
49703	1025524800	5.3	947300
49703	1028203200	7.7	947300
49703	1030881600	10.3	947300
49703	1033473600	14.3	947300
49703	1036152000	19.5	947300
49703	1038744000	20	947300
49703	1041422400	22.9	947300
49703	1044100800	21.3	947300
49703	1046520000	16.5	947300
49703	1049198400	13.3	947300
49703	1051790400	10.8	947300
49703	1054468800	7.9	947300
49703	1057060800	6.2	947300
49703	1059739200	7.3	947300
49703	1062417600	9.8	947300
49703	1065009600	11.1	947300
49703	1067688000	15.5	947300
49703	1070280000	20.1	947300
49703	1072958400	22	947300
49703	1075636800	23.3	947300
49703	1078142400	18.3	947300
49703	1080820800	15.4	947300
49703	1083412800	9	947300
49703	1086091200	7.2	947300
49703	1088683200	6.4	947300
49703	1091361600	7.5	947300
49703	1094040000	9.9	947300
49703	1096632000	13.2	947300
49703	1099310400	16	947300
49703	1101902400	19.2	947300
49703	1104580800	21	947300
49703	1107259200	19.5	947300
49703	1109678400	16.8	947300
49703	1112356800	16.1	947300
49703	1114948800	10.1	947300
49703	1117627200	8.5	947300
49703	1120219200	7	947300
49703	1122897600	7.6	947300
49703	1125576000	10.2	947300
49703	1128168000	13.9	947300
49703	1130846400	16.5	947300
49703	1133438400	19.4	947300
49703	1136116800	23.1	947300
49703	1138795200	21.4	947300
49703	1141214400	19	947300
49703	1143892800	11.7	947300
49703	1146484800	8	947300
49703	1149163200	5.7	947300
49703	1151755200	7	947300
49703	1154433600	7.7	947300
49703	1157112000	11.5	947300
49703	1159704000	15.3	947300
49703	1162382400	17.9	947300
49703	1164974400	20.4	947300
49703	1167652800	22.5	947300
49703	1170331200	21.4	947300
49703	1172750400	18.9	947300
49703	1175428800	14.7	947300
49703	1178020800	11.5	947300
49703	1180699200	6.6	947300
49703	1183291200	5.9	947300
49703	1185969600	9.3	947300
49703	1188648000	10	947300
49703	1191240000	15.1	947300
49703	1193918400	17.9	947300
49703	1196510400	18.4	947300
49703	1199188800	20.9	947300
49703	1201867200	18.1	947300
49703	1204372800	17.1	947300
49703	1207051200	12.1	947300
49703	1209643200	9.4	947300
49703	1212321600	9.4	947300
49703	1214913600	6.1	947300
49703	1217592000	6	947300
49703	1220270400	10.6	947300
49703	1222862400	14.3	947300
49703	1225540800	16.1	947300
49703	1228132800	18.3	947300
49703	1230811200	21.6	947300
49703	1233489600	21.3	947300
49703	1235908800	18.2	947300
49703	1238587200	14.1	947300
49703	1241179200	10.3	947300
49703	1243857600	8.4	947300
49703	1246449600	6.8	947300
49703	1249128000	8.1	947300
49703	1251806400	10.6	947300
49703	1254398400	12.6	947300
49703	1257076800	21.4	947300
49703	1259668800	20.6	947300
49703	1262347200	22.5	947300
49703	1265025600	20.6	947300
49703	1267444800	17.8	947300
49703	1270123200	14.1	947300
49703	1272715200	9.8	947300
49703	1275393600	7.2	947300
49703	1277985600	6.8	947300
49703	1280664000	7	947300
49703	1283342400	10.2	947300
49703	1285934400	13.6	947300
49703	1288612800	16	947300
49703	1291204800	18.1	947300
49703	1293883200	21.9	947300
49703	1296561600	21.1	947300
49703	1298980800	17.6	947300
49703	1301659200	12.7	947300
49703	1304251200	8.2	947300
49703	1306929600	7.4	947300
49703	1309521600	6.4	947300
49703	1312200000	8.5	947300
49703	1314878400	10.1	947300
49703	1317470400	12.6	947300
49703	1320148800	17.7	947300
49703	1322740800	16.5	947300
49703	1325419200	19.5	947300
49703	1328097600	18.7	947300
49703	1330603200	16.5	947300
49703	1333281600	13.9	947300
49703	1335873600	7.7	947300
49703	1338552000	7.6	947300
49724	1343822400	6.3	947300
49724	1346500800	9.9	947300
49724	1349092800	12.7	947300
49724	1351771200	17.8	947300
49724	1354363200	20.3	947300
49724	1357041600	23.1	947300
49724	1359720000	20	947300
49724	1362139200	17.7	947300
49724	1364817600	13.6	947300
49724	1367409600	9.6	947300
49724	1370088000	8.1	947300
49724	1372680000	7.3	947300
49724	1375358400	8.1	947300
49724	1378036800	11.8	947300
49724	1380628800	13.1	947300
49724	1383307200	16.4	947300
49724	1385899200	20.7	947300
49743	1396353600	14.2	947300
49743	1398945600	10	947300
49743	1401624000	8.3	947300
49743	1404216000	6.4	947300
49743	1406894400	7.7	947300
49743	1409572800	10.2	947300
49743	1412164800	14.4	947300
49743	1414843200	19.4	947300
49759	1420113600	20.6	947300
49759	1422792000	21.5	947300
49779	1427889600	13.7	947300
49779	1430481600	10	947300
